{"type":"FeatureCollection","features":[{"type":"Feature","id":"ne:ocean:black-sea-azov","properties":{"source":"ne_10m_ocean"},"geometry":{"type":"Polygon","coordinates":[[[28.019054,42.00845],[28.011567,42.021389],[28.000173,42.030463],[28.003429,42.03148],[28.006114,42.031562],[28.007579,42.032904],[28.007009,42.037909],[28.0,42.04214871221881],[28.0,43.22317793577336],[28.000173,43.223212],[28.017589,43.232733],[28.031098,43.248969],[28.087006,43.355251],[28.091563,43.363959],[28.118826,43.391547],[28.157237,43.407782],[28.177989,43.40998],[28.243175,43.407782],[28.261567,43.410956],[28.299164,43.425035],[28.321625,43.42829],[28.368663,43.42178],[28.393809,43.414293],[28.404959,43.40469],[28.414561,43.398871],[28.459483,43.380683],[28.473155,43.366848],[28.473888,43.384263],[28.479259,43.396796],[28.488617,43.40644],[28.535004,43.438625],[28.545177,43.442532],[28.560313,43.453843],[28.578461,43.48078],[28.594574,43.512519],[28.603526,43.538153],[28.602712,43.55272],[28.595876,43.563707],[28.585704,43.575832],[28.575531,43.593329],[28.57309,43.606147],[28.576182,43.727525],[28.57838,43.741278],[28.583018,43.751044],[28.581879,43.761705],[28.58253,43.772366],[28.584809,43.782416],[28.589203,43.791327],[28.584483,43.800849],[28.587657,43.810248],[28.593516,43.819525],[28.609386,43.874498],[28.61378,43.884182],[28.637706,43.918647],[28.64088,43.932196],[28.654959,43.961371],[28.660004,43.979804],[28.669119,43.989163],[28.671723,43.997382],[28.671235,44.003323],[28.654145,44.054918],[28.637462,44.135891],[28.63087,44.154486],[28.636241,44.164293],[28.645844,44.172024],[28.658376,44.174465],[28.671723,44.168687],[28.664887,44.175605],[28.668142,44.184312],[28.665212,44.199286],[28.651215,44.23078],[28.635265,44.252021],[28.631033,44.26435],[28.632335,44.302436],[28.635102,44.316392],[28.64088,44.328559],[28.651215,44.340033],[28.664399,44.348375],[28.680186,44.353339],[28.693126,44.346137],[28.6963,44.358344],[28.706554,44.381049],[28.796723,44.467922],[28.844005,44.49372],[28.909679,44.584215],[28.918468,44.60102],[28.924978,44.620551],[28.914887,44.601386],[28.906261,44.587714],[28.892426,44.577053],[28.873546,44.573432],[28.855642,44.567694],[28.838145,44.554023],[28.80836,44.525051],[28.788097,44.515367],[28.778331,44.507392],[28.771983,44.48371],[28.766368,44.472602],[28.758474,44.465277],[28.750255,44.466702],[28.745616,44.486151],[28.753429,44.513495],[28.765636,44.538886],[28.774181,44.552314],[28.761078,44.560207],[28.746918,44.565985],[28.743907,44.561998],[28.737153,44.557074],[28.732677,44.552314],[28.732677,44.567857],[28.748057,44.577786],[28.787852,44.586493],[28.774425,44.590155],[28.764415,44.595893],[28.76059,44.603705],[28.766775,44.613756],[28.753673,44.613756],[28.757823,44.626776],[28.766938,44.633734],[28.779796,44.63581],[28.794688,44.634263],[28.791515,44.623847],[28.774181,44.600775],[28.787852,44.609605],[28.836274,44.627427],[28.854177,44.634345],[28.885427,44.658108],[28.904552,44.668402],[28.909434,44.675198],[28.913829,44.679918],[28.918224,44.682685],[28.924164,44.682074],[28.938731,44.675238],[28.957774,44.678778],[28.959972,44.681952],[28.952403,44.68891],[28.952403,44.696357],[28.975352,44.686835],[28.972667,44.670233],[28.956391,44.651109],[28.938731,44.634263],[28.962087,44.63939],[28.97934,44.655341],[28.987559,44.675279],[28.983409,44.692613],[28.967459,44.700995],[28.897716,44.716783],[28.911957,44.696357],[28.891368,44.677191],[28.869477,44.661811],[28.845551,44.651557],[28.792491,44.644721],[28.784028,44.649237],[28.781016,44.665269],[28.785411,44.679674],[28.80421,44.684231],[28.80836,44.696357],[28.793712,44.687893],[28.78712,44.693305],[28.788829,44.706244],[28.79835,44.720201],[28.808442,44.726874],[28.868826,44.753567],[28.879405,44.756578],[28.923839,44.757799],[28.936371,44.759955],[28.946137,44.765204],[28.932953,44.773505],[28.925466,44.783677],[28.92628,44.792955],[28.938731,44.798774],[28.938731,44.80622],[28.934418,44.807522],[28.924978,44.813056],[28.934093,44.814195],[28.939708,44.816881],[28.952403,44.826646],[28.904063,44.862738],[28.881521,44.869696],[28.873546,44.874986],[28.866466,44.882636],[28.863536,44.891547],[28.865489,44.89468],[28.870128,44.89643],[28.874685,44.899115],[28.876638,44.904853],[28.87436,44.911566],[28.865082,44.916571],[28.863536,44.922309],[28.869395,44.943345],[28.880056,44.954779],[28.91684,44.979682],[28.927013,44.982611],[28.949229,44.98371],[28.960216,44.987698],[28.966075,44.996568],[28.969249,45.005845],[28.97283,45.010972],[28.983246,45.012274],[29.014415,45.004828],[29.045177,45.004828],[29.058279,45.000963],[29.101736,44.980292],[29.110606,44.970038],[29.098806,44.956977],[29.052094,44.944648],[29.041759,44.925686],[29.044119,44.865546],[29.048595,44.847154],[29.060313,44.832343],[29.073497,44.835435],[29.087901,44.842719],[29.10377,44.840277],[29.103363,44.851304],[29.101817,44.859117],[29.096365,44.875067],[29.125987,44.852484],[29.138845,44.839179],[29.144705,44.826646],[29.138682,44.804023],[29.120616,44.786566],[29.098155,44.775377],[29.058279,44.768297],[29.021495,44.754706],[28.997325,44.751614],[28.974946,44.74494],[28.981293,44.729438],[28.994884,44.711127],[28.993907,44.696357],[29.000743,44.68891],[29.026378,44.714667],[29.055837,44.735175],[29.156098,44.78441],[29.192068,44.792873],[29.315929,44.798774],[29.510997,44.820502],[29.520518,44.822496],[29.531098,44.826239],[29.542003,44.827826],[29.561778,44.820258],[29.569347,44.824897],[29.583507,44.840277],[29.593761,44.844306],[29.603201,44.845404],[29.611176,44.849311],[29.617849,44.861477],[29.605154,44.880032],[29.630382,44.90766],[29.623871,44.929104],[29.63087,44.938666],[29.633637,44.953355],[29.634939,44.96955],[29.637543,44.98371],[29.650727,45.012112],[29.656261,45.028957],[29.664399,45.116929],[29.676524,45.144599],[29.699555,45.161811],[29.667003,45.164211],[29.64975,45.177802],[29.638845,45.195624],[29.623871,45.210273],[29.623871,45.216498],[29.650157,45.217231],[29.659028,45.215888],[29.67449,45.213568],[29.692393,45.216742],[29.708751,45.223334],[29.728038,45.236884],[29.729747,45.237738],[29.728689,45.239325],[29.727712,45.247748],[29.729747,45.258124],[29.741222,45.282213],[29.742931,45.290473],[29.751475,45.304145],[29.754893,45.31269],[29.756196,45.321234],[29.753917,45.364081],[29.750173,45.38581],[29.741873,45.404527],[29.727712,45.415676],[29.747813,45.414293],[29.75587,45.427883],[29.754649,45.447252],[29.747406,45.463446],[29.73227,45.475735],[29.724457,45.468166],[29.719737,45.451361],[29.713227,45.436225],[29.708669,45.452786],[29.702159,45.45661],[29.694347,45.455512],[29.685883,45.457261],[29.686534,45.453559],[29.681488,45.450181],[29.675304,45.449612],[29.672374,45.453843],[29.672374,45.477118],[29.656016,45.474189],[29.653819,45.464016],[29.65561,45.45185],[29.651866,45.44302],[29.640798,45.441799],[29.629649,45.446926],[29.621104,45.454413],[29.605724,45.478176],[29.605154,45.487006],[29.62086,45.49079],[29.62672,45.495063],[29.631684,45.504462],[29.638031,45.513861],[29.648448,45.518134],[29.661632,45.525865],[29.694509,45.562201],[29.707042,45.57331],[29.681163,45.555121],[29.66684,45.548163],[29.648448,45.545396],[29.62908,45.546698],[29.615001,45.550116],[29.589692,45.559068],[29.599376,45.604438],[29.597179,45.652289],[29.603201,45.691311],[29.637543,45.709906],[29.630707,45.721503],[29.625336,45.728258],[29.622732,45.736233],[29.623871,45.751532],[29.629568,45.763495],[29.64796,45.781195],[29.651866,45.789008],[29.648692,45.793606],[29.634613,45.806627],[29.631358,45.813544],[29.633556,45.821357],[29.638194,45.826321],[29.642833,45.827216],[29.647472,45.818549],[29.653331,45.81387],[29.674001,45.801581],[29.677582,45.800198],[29.680431,45.798285],[29.685883,45.792426],[29.693858,45.781317],[29.692231,45.775336],[29.685802,45.767727],[29.67921,45.751532],[29.685313,45.70425],[29.682628,45.696845],[29.705251,45.688422],[29.723969,45.667426],[29.735037,45.64057],[29.733735,45.614325],[29.745942,45.622626],[29.774099,45.629584],[29.789073,45.635443],[29.784353,45.643622],[29.783865,45.646633],[29.786143,45.648912],[29.789073,45.65526],[29.809581,45.648586],[29.826671,45.654242],[29.84254,45.663886],[29.860118,45.668931],[29.865001,45.672349],[29.858246,45.679877],[29.843028,45.69066],[29.816417,45.697699],[29.803233,45.704169],[29.795746,45.717353],[29.802419,45.737494],[29.823741,45.747626],[29.850841,45.751125],[29.874034,45.751532],[29.876801,45.753607],[29.878754,45.758287],[29.881684,45.763007],[29.887706,45.765123],[29.896169,45.763617],[29.896821,45.759914],[29.895763,45.755357],[29.898204,45.751532],[29.919688,45.740546],[29.927419,45.73371],[29.932384,45.724189],[29.939301,45.751532],[29.930186,45.759101],[29.922374,45.769436],[29.917735,45.782904],[29.918712,45.799872],[29.92628,45.813788],[29.935069,45.816148],[29.939138,45.810452],[29.932384,45.799872],[29.932384,45.792426],[29.943044,45.783515],[29.952891,45.771959],[29.958263,45.794623],[29.96046,45.819159],[29.968516,45.838935],[29.990733,45.847073],[30.014659,45.839667],[30.061209,45.813463],[30.069591,45.816718],[30.072439,45.82099],[30.07838,45.819403],[30.084321,45.815619],[30.086681,45.813544],[30.094574,45.814846],[30.096446,45.818427],[30.096853,45.823717],[30.100597,45.830308],[30.102306,45.836859],[30.105805,45.863471],[30.110606,45.875067],[30.118337,45.884508],[30.127452,45.891343],[30.135265,45.889146],[30.140961,45.832953],[30.138438,45.81977],[30.204926,45.855862],[30.261404,45.895494],[30.371267,45.997952],[30.494151,46.080471],[30.503429,46.094387],[30.523285,46.133775],[30.531993,46.141913],[30.547699,46.147773],[30.56186,46.161689],[30.583507,46.190334],[30.653494,46.259589],[30.682384,46.299547],[30.686778,46.309027],[30.686534,46.320014],[30.679373,46.328315],[30.656505,46.339016],[30.651866,46.34455],[30.660655,46.350898],[30.714529,46.347968],[30.731293,46.358588],[30.772472,46.39643],[30.77475,46.400621],[30.783539,46.430854],[30.786794,46.43651],[30.790375,46.441474],[30.792979,46.443549],[30.798188,46.446438],[30.793468,46.452338],[30.785899,46.457261],[30.782074,46.457221],[30.775238,46.477688],[30.758311,46.50259],[30.754893,46.515855],[30.760916,46.524359],[30.790701,46.552924],[30.802582,46.560248],[30.812511,46.560045],[30.854503,46.553412],[30.866954,46.555813],[30.926036,46.584296],[30.939138,46.587714],[30.95045,46.584133],[30.959239,46.583401],[30.982432,46.597398],[30.991384,46.601264],[31.013031,46.603339],[31.054535,46.612738],[31.108165,46.617743],[31.159516,46.628974],[31.18686,46.629136],[31.256684,46.6164],[31.275564,46.607408],[31.28297,46.614895],[31.295746,46.608873],[31.323904,46.606147],[31.337657,46.601264],[31.352224,46.60932],[31.396658,46.626044],[31.416189,46.629136],[31.428559,46.637641],[31.462657,46.675238],[31.478201,46.683783],[31.479666,46.687201],[31.498302,46.707668],[31.50587,46.720404],[31.502126,46.727729],[31.470714,46.745347],[31.461925,46.748684],[31.455821,46.754584],[31.453787,46.76911],[31.451915,46.775458],[31.440684,46.800482],[31.456065,46.796047],[31.466807,46.783596],[31.481619,46.758857],[31.495616,46.750718],[31.508311,46.745185],[31.519542,46.747463],[31.52296,46.750312],[31.524181,46.754055],[31.543468,46.774848],[31.549327,46.779975],[31.557384,46.783637],[31.576671,46.789374],[31.583995,46.793647],[31.591319,46.805976],[31.59783,46.820461],[31.60613,46.826402],[31.618175,46.813463],[31.572113,46.766303],[31.559825,46.758857],[31.560232,46.749091],[31.546153,46.727607],[31.490896,46.663398],[31.480968,46.64643],[31.485037,46.63227],[31.493012,46.62873],[31.504161,46.627997],[31.525401,46.629136],[31.534516,46.627183],[31.548513,46.618069],[31.556814,46.614895],[31.578868,46.617336],[31.588715,46.629584],[31.597179,46.643215],[31.614431,46.649604],[31.674083,46.653225],[31.771495,46.627509],[31.814708,46.623033],[31.858409,46.629136],[31.870128,46.633124],[31.8921,46.643622],[31.899425,46.649604],[31.908539,46.662746],[31.907481,46.669176],[31.902354,46.676988],[31.899425,46.693996],[31.906749,46.738227],[31.902843,46.745185],[31.865245,46.779975],[31.864757,46.806586],[31.877452,46.828274],[31.898611,46.842922],[31.923188,46.848293],[31.945079,46.859524],[31.96339,46.885688],[31.97283,46.915351],[31.968272,46.936998],[31.947602,46.928168],[31.925629,46.922919],[31.907725,46.926459],[31.899425,46.943834],[31.904307,46.960517],[31.917735,46.976264],[31.947113,46.999091],[31.914073,47.003079],[31.868988,46.998847],[31.837413,47.00845],[31.844737,47.053697],[31.852306,47.060533],[31.866466,47.077053],[31.874278,47.093817],[31.861827,47.101508],[31.856619,47.103664],[31.851573,47.108344],[31.844737,47.112982],[31.819998,47.117092],[31.815603,47.122626],[31.816254,47.180854],[31.806163,47.192694],[31.761729,47.200507],[31.742442,47.209174],[31.726817,47.220526],[31.720551,47.231879],[31.723806,47.237494],[31.737804,47.255357],[31.74171,47.259101],[31.752126,47.255845],[31.753266,47.248521],[31.748546,47.228461],[31.75766,47.216213],[31.816742,47.197089],[31.830577,47.186754],[31.834483,47.178941],[31.834727,47.168199],[31.837901,47.149237],[31.845551,47.134019],[31.855724,47.129625],[31.868175,47.127346],[31.882335,47.118598],[31.896821,47.092719],[31.89324,47.068427],[31.865245,47.026353],[31.881114,47.015041],[31.900157,47.013617],[31.943696,47.018948],[31.970958,47.016343],[31.976899,47.009345],[31.968923,46.998684],[31.93922,46.967963],[31.935883,46.95482],[31.946056,46.946682],[31.995942,46.940375],[32.006684,46.930487],[32.007498,46.915229],[32.002452,46.895453],[31.9817,46.860338],[31.954763,46.831448],[31.936209,46.80036],[31.940278,46.758857],[31.950206,46.741767],[31.961436,46.727607],[31.970714,46.712877],[31.974457,46.693996],[31.979828,46.677069],[31.992931,46.657416],[32.008962,46.639797],[32.022797,46.629136],[32.039561,46.623481],[32.101085,46.614895],[32.117931,46.606879],[32.132091,46.570299],[32.146332,46.560248],[32.169932,46.580756],[32.180186,46.581773],[32.199718,46.586493],[32.210948,46.587592],[32.220063,46.590725],[32.236827,46.604438],[32.24822,46.607408],[32.253754,46.604722],[32.269298,46.587592],[32.335785,46.562161],[32.409028,46.568915],[32.543712,46.621731],[32.567393,46.618476],[32.594574,46.628323],[32.621837,46.641791],[32.645518,46.649604],[32.6338,46.633124],[32.619395,46.623521],[32.60377,46.615709],[32.58839,46.604315],[32.570974,46.596422],[32.52475,46.592719],[32.505707,46.584133],[32.43572,46.543158],[32.408376,46.517279],[32.427013,46.498847],[32.399669,46.478339],[32.361013,46.466864],[32.317556,46.464342],[32.276134,46.470893],[32.221528,46.495429],[32.111664,46.512437],[32.091156,46.512844],[32.033458,46.506293],[31.947113,46.519273],[31.861827,46.519273],[31.851736,46.521959],[31.847911,46.523017],[31.790212,46.547268],[31.756358,46.554267],[31.581554,46.545233],[31.566661,46.55036],[31.540294,46.570054],[31.508311,46.587592],[31.524425,46.564195],[31.641449,46.482082],[31.655772,46.478339],[31.663585,46.472113],[31.686534,46.429877],[31.685069,46.461371],[31.686534,46.470893],[31.690278,46.478583],[31.695974,46.484117],[31.710704,46.495429],[31.72641,46.500881],[31.748546,46.499945],[31.771658,46.495836],[31.910655,46.455878],[31.9546,46.450995],[31.99171,46.453559],[32.007823,46.448961],[32.053559,46.405992],[32.06186,46.393785],[32.055186,46.39057],[32.041677,46.390855],[32.029633,46.388983],[31.977306,46.355292],[31.968272,46.35106],[31.892589,46.341132],[31.837413,46.349555],[31.816742,46.347968],[31.799815,46.342231],[31.779959,46.331773],[31.767345,46.318183],[31.772472,46.30268],[31.785899,46.292385],[31.801117,46.285061],[31.819184,46.280585],[31.882335,46.27912],[31.889903,46.28384],[31.88795,46.295152],[31.884044,46.308661],[31.885753,46.320014],[31.968435,46.275702],[32.018077,46.257514],[32.050141,46.266059],[32.077891,46.249498],[32.115408,46.214545],[32.128673,46.209703],[32.142589,46.207994],[32.187348,46.196723],[32.213145,46.193061],[32.239268,46.195258],[32.269298,46.204576],[32.266775,46.19481],[32.260916,46.188625],[32.241954,46.176663],[32.247406,46.170722],[32.25172,46.156887],[32.255626,46.149359],[32.257335,46.144965],[32.260509,46.132148],[32.262462,46.128241],[32.267751,46.126614],[32.280528,46.12759],[32.302501,46.116685],[32.503429,46.076117],[32.543712,46.080471],[32.551036,46.084296],[32.567556,46.096584],[32.57781,46.101549],[32.588227,46.104397],[32.714041,46.120063],[32.751313,46.133043],[32.766287,46.135688],[32.789806,46.134345],[32.844574,46.121405],[32.853201,46.120347],[32.87615,46.121405],[32.88266,46.120673],[32.891612,46.116685],[32.899262,46.11522],[32.913097,46.11518],[33.01824,46.127672],[33.032481,46.141018],[33.023448,46.169867],[33.081798,46.149359],[33.103282,46.138373],[33.112804,46.135688],[33.122895,46.135891],[33.135509,46.140692],[33.14324,46.141913],[33.175059,46.153144],[33.194998,46.178697],[33.211925,46.206285],[33.235118,46.223822],[33.225352,46.15412],[33.221853,46.141506],[33.21461,46.128241],[33.293468,46.135688],[33.315684,46.131008],[33.317719,46.119696],[33.306895,46.106147],[33.290294,46.094713],[33.296397,46.093573],[33.301443,46.093655],[33.305837,46.092353],[33.310802,46.087307],[33.331065,46.107489],[33.357758,46.103827],[33.384288,46.087592],[33.415294,46.058092],[33.423839,46.05329],[33.485525,46.053168],[33.506358,46.04682],[33.516287,46.046332],[33.495779,46.067857],[33.505626,46.080268],[33.531261,46.085924],[33.557872,46.087307],[33.557872,46.094713],[33.531261,46.106879],[33.532481,46.121527],[33.549815,46.13642],[33.571544,46.149359],[33.596528,46.155748],[33.613455,46.145209],[33.643565,46.104682],[33.648448,46.090033],[33.638845,46.078315],[33.62794,46.067816],[33.629568,46.056586],[33.642263,46.022162],[33.643565,46.01496],[33.636485,46.006415],[33.631114,45.996527],[33.632009,45.988267],[33.643565,45.984931],[33.646821,45.979722],[33.638438,45.968248],[33.619884,45.950751],[33.632009,45.944403],[33.639008,45.947333],[33.645844,45.953559],[33.657237,45.956936],[33.682465,45.958441],[33.739594,45.947821],[33.758637,45.940863],[33.777029,45.929633],[33.759451,45.922268],[33.725271,45.916083],[33.708669,45.909735],[33.693533,45.914496],[33.691091,45.896226],[33.693126,45.872545],[33.691661,45.860745],[33.670177,45.858547],[33.658946,45.85932],[33.654063,45.864447],[33.650564,45.870673],[33.641612,45.876044],[33.630382,45.880032],[33.619884,45.881822],[33.610199,45.880764],[33.598643,45.877387],[33.57838,45.86815],[33.55421,45.847073],[33.530121,45.841864],[33.519867,45.840888],[33.50766,45.842963],[33.489513,45.852362],[33.482188,45.854478],[33.46697,45.850084],[33.424978,45.830959],[33.410004,45.826606],[33.379649,45.803046],[33.374278,45.796536],[33.338145,45.785631],[33.265391,45.753811],[33.230154,45.750922],[33.194835,45.765123],[33.178559,45.78026],[33.1692,45.78441],[33.160655,45.778795],[33.15919,45.7685],[33.166759,45.7626],[33.176443,45.758938],[33.181,45.755194],[33.176117,45.743109],[33.163422,45.736274],[32.936778,45.662502],[32.868175,45.630072],[32.837738,45.6081],[32.83074,45.60102],[32.826996,45.595526],[32.82488,45.586982],[32.826427,45.579413],[32.829763,45.570217],[32.827891,45.562405],[32.813975,45.559068],[32.802419,45.560248],[32.783051,45.565375],[32.77296,45.566555],[32.757823,45.564643],[32.749766,45.559638],[32.743826,45.552883],[32.734711,45.545396],[32.72047,45.53734],[32.704845,45.531073],[32.686209,45.527004],[32.663097,45.52558],[32.643565,45.521674],[32.525157,45.458157],[32.495128,45.435533],[32.481619,45.408881],[32.48585,45.394924],[32.512869,45.340562],[32.535411,45.338039],[32.57016,45.325181],[32.591482,45.320136],[32.663097,45.320136],[32.677419,45.325995],[32.712738,45.353176],[32.728526,45.36107],[32.750173,45.363349],[32.899262,45.354234],[32.940603,45.342515],[32.976573,45.32567],[33.043224,45.285346],[33.051768,45.281643],[33.069347,45.276557],[33.078624,45.271674],[33.090017,45.256659],[33.098481,45.248114],[33.123302,45.23786],[33.158376,45.206773],[33.173595,45.196601],[33.218516,45.187445],[33.240082,45.179633],[33.24936,45.165595],[33.259613,45.156073],[33.282563,45.160549],[33.317638,45.175482],[33.355154,45.185736],[33.396495,45.189765],[33.413422,45.184516],[33.469086,45.14883],[33.537446,45.117377],[33.562511,45.09394],[33.57838,45.053209],[33.581798,45.027493],[33.585216,45.018459],[33.602794,44.993394],[33.605642,44.987454],[33.608572,44.970608],[33.61964,44.931464],[33.619884,44.908637],[33.616059,44.889106],[33.609223,44.871731],[33.598318,44.85932],[33.559581,44.849758],[33.546072,44.8369],[33.537364,44.818996],[33.530528,44.798774],[33.52768,44.793199],[33.524181,44.7897],[33.516287,44.785102],[33.525157,44.772406],[33.530447,44.75731],[33.536794,44.729804],[33.546723,44.70954],[33.54835,44.698676],[33.5442,44.682685],[33.535655,44.672187],[33.523611,44.661444],[33.514822,44.649115],[33.516287,44.634263],[33.525157,44.628852],[33.557791,44.624335],[33.571544,44.620551],[33.551117,44.614651],[33.500011,44.613918],[33.485525,44.610338],[33.477387,44.606635],[33.466482,44.60578],[33.444998,44.60692],[33.435883,44.605292],[33.413829,44.593329],[33.405447,44.590237],[33.375011,44.585395],[33.371104,44.588446],[33.371349,44.587958],[33.372325,44.576483],[33.379649,44.564521],[33.487153,44.510321],[33.499522,44.5008],[33.517589,44.490546],[33.539073,44.491604],[33.560395,44.496283],[33.57838,44.497056],[33.590017,44.490058],[33.620128,44.462226],[33.62615,44.45303],[33.631684,44.434312],[33.645356,44.425116],[33.720958,44.399644],[33.741222,44.395901],[33.807628,44.39468],[33.818614,44.395982],[33.83961,44.40119],[33.852061,44.401516],[33.914887,44.383775],[33.937755,44.381049],[33.957856,44.383002],[34.065766,44.419623],[34.088715,44.422024],[34.10255,44.425116],[34.136485,44.441962],[34.147472,44.449897],[34.160818,44.466457],[34.170095,44.481635],[34.182465,44.492825],[34.229828,44.499905],[34.242931,44.507473],[34.26352,44.531887],[34.266124,44.535834],[34.265798,44.538967],[34.266124,44.541938],[34.271007,44.545478],[34.275401,44.546373],[34.286143,44.545396],[34.300304,44.5456],[34.322765,44.543524],[34.331309,44.545478],[34.341156,44.558498],[34.380219,44.631334],[34.414317,44.673774],[34.424001,44.682685],[34.429373,44.689643],[34.469005,44.729804],[34.473318,44.730292],[34.474376,44.728909],[34.474376,44.726386],[34.475271,44.723619],[34.500011,44.742621],[34.533214,44.752916],[34.613048,44.765204],[34.650645,44.777289],[34.720958,44.810981],[34.757009,44.820502],[34.826508,44.811835],[34.842621,44.816718],[34.857188,44.823717],[34.889903,44.818101],[34.907888,44.820502],[34.916026,44.825344],[34.922618,44.830878],[34.930186,44.836127],[34.942068,44.840277],[34.952485,44.841539],[34.986013,44.840277],[35.005707,44.835191],[35.017833,44.823188],[35.027029,44.809394],[35.037608,44.798774],[35.080821,44.793769],[35.108409,44.824937],[35.129731,44.868598],[35.154307,44.901109],[35.171886,44.907172],[35.215099,44.914374],[35.233165,44.925686],[35.256033,44.958686],[35.273204,44.966986],[35.298188,44.956366],[35.304942,44.960924],[35.315278,44.966051],[35.319347,44.970038],[35.367198,44.943345],[35.360606,44.973578],[35.362153,44.986558],[35.374034,44.997992],[35.389415,45.001939],[35.42213,45.000434],[35.435395,45.004828],[35.435395,45.010972],[35.406505,45.020087],[35.400645,45.024644],[35.397309,45.035061],[35.400401,45.042873],[35.405528,45.050971],[35.408051,45.062486],[35.416759,45.070868],[35.469574,45.10102],[35.506196,45.113511],[35.547374,45.119696],[35.590587,45.119859],[35.634044,45.114691],[35.706391,45.094672],[35.771169,45.065619],[35.783214,45.057522],[35.812999,45.031643],[35.819021,45.021552],[35.82781,44.999213],[35.847992,44.992418],[35.91684,45.00141],[35.993419,44.997992],[36.008474,45.009752],[36.025401,45.032904],[36.047862,45.048774],[36.079112,45.038967],[36.079112,45.046373],[36.135997,45.02143],[36.22462,45.007514],[36.244314,45.010972],[36.24822,45.016099],[36.253917,45.033189],[36.257823,45.038967],[36.267751,45.043687],[36.278494,45.045844],[36.367849,45.048774],[36.440115,45.06745],[36.45338,45.076483],[36.455333,45.09162],[36.442231,45.106513],[36.414806,45.128363],[36.408865,45.149482],[36.409434,45.171129],[36.417979,45.229926],[36.426036,45.251532],[36.437266,45.27204],[36.450369,45.285346],[36.459321,45.287746],[36.482107,45.288804],[36.490571,45.292182],[36.497244,45.300727],[36.494395,45.305243],[36.487966,45.309312],[36.484386,45.316392],[36.489268,45.33633],[36.502452,45.346869],[36.521821,45.349921],[36.545177,45.347398],[36.57488,45.336086],[36.586192,45.333808],[36.598318,45.334296],[36.63087,45.340562],[36.638357,45.351264],[36.631114,45.374742],[36.613536,45.408881],[36.598806,45.42121],[36.583263,45.427395],[36.566661,45.425198],[36.548595,45.412299],[36.53297,45.408922],[36.51588,45.419745],[36.490571,45.44302],[36.470551,45.445787],[36.411794,45.436225],[36.391368,45.439643],[36.35963,45.454495],[36.340505,45.457261],[36.329763,45.45425],[36.321056,45.448391],[36.311697,45.443508],[36.298839,45.44302],[36.307384,45.460924],[36.299978,45.473334],[36.284028,45.47663],[36.267833,45.467231],[36.252452,45.461493],[36.137462,45.462063],[36.117931,45.457099],[36.096365,45.441962],[36.068858,45.429999],[36.065278,45.425482],[36.051768,45.395209],[36.022309,45.368109],[35.986013,45.362738],[35.946625,45.372138],[35.871104,45.40412],[35.854015,45.414008],[35.846934,45.426256],[35.852224,45.444159],[35.860037,45.45954],[35.857677,45.469428],[35.833263,45.470893],[35.817149,45.464057],[35.803966,45.449164],[35.794932,45.430569],[35.791759,45.412299],[35.788422,45.407457],[35.772716,45.392279],[35.767426,45.388983],[35.75294,45.38642],[35.748546,45.379706],[35.747406,45.370754],[35.743337,45.36107],[35.715994,45.340562],[35.694998,45.33039],[35.517833,45.295478],[35.480724,45.297797],[35.332205,45.371243],[35.044444,45.670071],[34.958181,45.789537],[34.90504,45.888617],[34.895193,45.901028],[34.883474,45.912828],[34.87436,45.926093],[34.838552,46.047553],[34.828949,46.063422],[34.824229,46.077948],[34.819102,46.141913],[34.813243,46.158271],[34.81129,46.166246],[34.812266,46.176663],[34.817638,46.186225],[34.835134,46.203192],[34.838878,46.207668],[34.882172,46.221747],[34.885427,46.231391],[34.886567,46.242743],[34.893565,46.251776],[34.904796,46.255683],[34.907237,46.251654],[34.908051,46.244289],[34.914073,46.238105],[34.926524,46.235053],[34.936046,46.235419],[35.030772,46.251776],[35.075043,46.271064],[35.105072,46.295071],[35.108409,46.297756],[35.167817,46.361029],[35.201508,46.385321],[35.209483,46.39643],[35.213715,46.411811],[35.210704,46.420152],[35.205089,46.427558],[35.201996,46.440497],[35.192068,46.455064],[35.174001,46.473334],[35.166677,46.49315],[35.188324,46.512437],[35.191417,46.494289],[35.201671,46.476304],[35.21461,46.462633],[35.230317,46.455512],[35.243175,46.446967],[35.250499,46.443549],[35.260916,46.441596],[35.27711,46.440741],[35.284516,46.437405],[35.264496,46.399807],[35.258556,46.373358],[35.267589,46.35106],[35.291759,46.336412],[35.311534,46.337633],[35.328868,46.348049],[35.346039,46.361029],[35.342133,46.335761],[35.32781,46.319241],[35.291352,46.293362],[35.262218,46.25731],[35.251801,46.24022],[35.227875,46.221747],[35.20045,46.18301],[35.148936,46.16413],[35.044444,46.141913],[35.049083,46.132066],[35.051931,46.128241],[35.0171,46.112779],[34.985362,46.08747],[34.982107,46.077826],[35.000011,46.073635],[35.038585,46.086086],[35.062266,46.098619],[35.096528,46.104193],[35.121104,46.118476],[35.161794,46.128241],[35.184744,46.145494],[35.209483,46.169867],[35.26352,46.242255],[35.279552,46.255154],[35.284516,46.259223],[35.380138,46.368476],[35.39503,46.378607],[35.430024,46.395575],[35.445486,46.405992],[35.475759,46.435696],[35.491466,46.447984],[35.510509,46.457221],[35.628673,46.498481],[35.661306,46.519273],[35.741954,46.584418],[35.771169,46.601264],[35.827159,46.623358],[35.901622,46.652737],[35.925548,46.652289],[36.062022,46.670111],[36.134451,46.662665],[36.171723,46.668606],[36.189464,46.669013],[36.209972,46.662665],[36.216645,46.658677],[36.221853,46.654039],[36.230642,46.642157],[36.232921,46.640692],[36.244314,46.635321],[36.244477,46.63052],[36.243337,46.624091],[36.240733,46.61994],[36.245779,46.610826],[36.246755,46.612738],[36.247895,46.619045],[36.257823,46.621731],[36.267589,46.625556],[36.271169,46.622219],[36.270844,46.607408],[36.278331,46.607408],[36.284353,46.63642],[36.303477,46.659247],[36.371104,46.708441],[36.400157,46.723944],[36.432465,46.734849],[36.482677,46.741685],[36.524099,46.758857],[36.590017,46.758857],[36.59783,46.762152],[36.605968,46.769436],[36.617035,46.776679],[36.633962,46.779975],[36.661632,46.773749],[36.67921,46.773017],[36.696056,46.779975],[36.710134,46.772773],[36.742849,46.764716],[36.758067,46.758857],[36.794281,46.729193],[36.802501,46.724758],[36.802257,46.707017],[36.790294,46.671291],[36.771658,46.643459],[36.751231,46.649604],[36.743826,46.649604],[36.743826,46.642157],[36.769298,46.637397],[36.793712,46.653632],[36.812266,46.680569],[36.819591,46.707668],[36.8296,46.731879],[36.849132,46.754462],[36.862478,46.776923],[36.853689,46.800482],[36.886241,46.804023],[36.938813,46.839504],[36.973806,46.848293],[36.984874,46.852484],[37.017751,46.871283],[37.028819,46.875556],[37.04656,46.877753],[37.162283,46.909084],[37.208181,46.93358],[37.227061,46.936998],[37.260753,46.932685],[37.295421,46.920233],[37.317393,46.900824],[37.312999,46.875556],[37.335216,46.882473],[37.351736,46.898749],[37.37794,46.933905],[37.482921,47.035956],[37.546397,47.08161],[37.58074,47.090399],[37.710297,47.074164],[37.753266,47.075263],[37.861095,47.101508],[37.95045,47.091254],[37.962087,47.095933],[37.987641,47.091946],[38.026215,47.08161],[38.035167,47.084296],[38.061046,47.094957],[38.06658,47.09809],[38.071544,47.099799],[38.10434,47.08161],[38.130056,47.074652],[38.130382,47.058417],[38.108084,47.026353],[38.142263,47.037665],[38.1963,47.089504],[38.216482,47.103095],[38.216645,47.103258],[38.224132,47.108344],[38.265391,47.118801],[38.427908,47.133531],[38.448985,47.140286],[38.458181,47.152655],[38.462657,47.161811],[38.473318,47.16942],[38.485525,47.174628],[38.494884,47.176581],[38.500499,47.181586],[38.519054,47.210761],[38.553396,47.229804],[38.594574,47.241278],[38.755138,47.259101],[38.773448,47.258246],[38.782888,47.259101],[38.789561,47.2626],[38.802013,47.280911],[38.810395,47.287828],[38.820649,47.286444],[38.821137,47.276313],[38.807791,47.262641],[38.789561,47.250637],[38.775645,47.24551],[38.592621,47.229682],[38.559906,47.218207],[38.550792,47.209296],[38.531016,47.182318],[38.522472,47.176581],[38.509613,47.171617],[38.494395,47.148993],[38.478038,47.142483],[38.492931,47.128079],[38.517426,47.119045],[38.54477,47.114814],[38.568044,47.11518],[38.568044,47.122016],[38.561697,47.125067],[38.558767,47.127916],[38.556814,47.131171],[38.553071,47.135647],[38.625499,47.135647],[38.645274,47.137763],[38.682872,47.147162],[38.719249,47.15119],[38.772227,47.16356],[38.828868,47.162014],[38.847423,47.16356],[38.861664,47.168606],[38.873302,47.175442],[38.886567,47.181464],[38.931651,47.185004],[38.937755,47.189765],[38.93393,47.201077],[38.930512,47.221625],[38.944591,47.252753],[38.976817,47.256903],[39.013438,47.254462],[39.040375,47.266018],[39.048106,47.26675],[39.073253,47.281684],[39.088145,47.286444],[39.102306,47.283515],[39.119884,47.277045],[39.138845,47.273424],[39.156505,47.27969],[39.186046,47.268744],[39.227387,47.267239],[39.264008,47.26081],[39.28004,47.235256],[39.281586,47.205268],[39.28004,47.197089],[39.27296,47.191799],[39.263927,47.191474],[39.256033,47.189765],[39.252615,47.180325],[39.249197,47.148139],[39.254568,47.140123],[39.273204,47.135647],[39.261974,47.107611],[39.264903,47.096625],[39.28004,47.087836],[39.306651,47.11225],[39.329356,47.128363],[39.354666,47.131049],[39.388682,47.11518],[39.367849,47.106147],[39.325043,47.098782],[39.303559,47.084703],[39.296153,47.068996],[39.289399,47.027289],[39.28004,47.012763],[39.261892,47.008612],[39.153087,47.026353],[39.146739,47.023871],[39.137706,47.018622],[39.12672,47.013821],[39.114919,47.012763],[39.104991,47.016791],[39.097423,47.029039],[39.088145,47.033189],[39.075206,47.03266],[39.067149,47.027574],[39.060232,47.021715],[39.036306,47.013658],[38.991384,46.977973],[38.957286,46.956488],[38.937348,46.947455],[38.919607,46.943834],[38.881114,46.946275],[38.865733,46.942939],[38.847423,46.930813],[38.820323,46.904242],[38.803722,46.893541],[38.766287,46.886786],[38.711436,46.868109],[38.690929,46.863837],[38.60906,46.859687],[38.57309,46.850287],[38.553071,46.848293],[38.47462,46.861884],[38.457693,46.857489],[38.435313,46.846747],[38.414724,46.833319],[38.403005,46.82095],[38.401541,46.811347],[38.404552,46.789455],[38.403005,46.779975],[38.396169,46.774726],[38.37322,46.762397],[38.368175,46.755439],[38.369395,46.744086],[38.37436,46.729315],[38.378184,46.708157],[38.383556,46.713813],[38.388438,46.725775],[38.389334,46.731594],[38.427989,46.744859],[38.470551,46.743476],[38.513438,46.732489],[38.553071,46.717271],[38.566742,46.709947],[38.585785,46.695868],[38.598155,46.677924],[38.591645,46.659247],[38.57545,46.653795],[38.46225,46.646959],[38.31365,46.676337],[38.306895,46.683173],[38.29005,46.706122],[38.289317,46.711086],[38.279959,46.725775],[38.271739,46.732367],[38.261485,46.728176],[38.230968,46.704291],[38.213878,46.696194],[38.194347,46.692125],[38.145763,46.690619],[38.123302,46.686469],[38.103689,46.675971],[38.070323,46.645941],[38.036794,46.629462],[37.98227,46.617499],[37.924653,46.615546],[37.881602,46.629136],[37.852224,46.622504],[37.810395,46.639594],[37.76824,46.663275],[37.737559,46.676337],[37.736501,46.673774],[37.736583,46.67121],[37.735362,46.669623],[37.730724,46.670111],[37.730724,46.662665],[37.755138,46.645941],[37.767751,46.617621],[37.776541,46.5869],[37.802094,46.538804],[37.812999,46.505683],[37.827322,46.476508],[37.850597,46.464057],[37.862966,46.454779],[37.90504,46.411038],[37.970958,46.361802],[37.995372,46.354438],[38.018728,46.368476],[38.010102,46.372545],[37.977794,46.382148],[37.974946,46.394273],[37.980642,46.400336],[37.990733,46.402411],[38.067882,46.401435],[38.087657,46.39643],[38.122895,46.377509],[38.217296,46.305732],[38.252452,46.288275],[38.271251,46.274156],[38.27947,46.25552],[38.28533,46.232123],[38.300059,46.218655],[38.556814,46.11518],[38.570811,46.104682],[38.57602,46.087348],[38.573497,46.064195],[38.566742,46.04328],[38.559906,46.03266],[38.549978,46.031195],[38.539073,46.033596],[38.52589,46.038804],[38.513845,46.037909],[38.492442,46.033637],[38.481781,46.03266],[38.445811,46.034247],[38.427419,46.038275],[38.40919,46.046332],[38.354503,46.082465],[38.319591,46.093451],[38.271983,46.135688],[38.24879,46.141547],[38.22755,46.13817],[38.207286,46.131781],[38.186697,46.128241],[38.167491,46.12051],[38.16212,46.101955],[38.162771,46.060004],[38.156261,46.047756],[38.147146,46.040473],[38.138927,46.030097],[38.131196,45.990058],[38.121104,45.97134],[38.108653,45.95661],[38.097504,45.950751],[38.096528,45.940253],[38.073985,45.881822],[38.049815,45.854885],[38.046886,45.840888],[38.060313,45.826606],[38.039561,45.816067],[38.014496,45.818427],[38.001231,45.832587],[38.01531,45.857611],[38.054698,45.889228],[38.073009,45.908759],[38.080821,45.929633],[38.080333,45.946357],[38.077973,45.952094],[38.063487,45.950751],[38.046153,45.953599],[38.04184,45.961086],[38.046072,45.981431],[38.051443,45.992621],[38.072276,46.013739],[38.073985,46.025214],[38.066254,46.032538],[38.054861,46.03266],[38.032481,46.025214],[38.039806,46.033881],[38.047048,46.03856],[38.087901,46.052965],[38.097504,46.057807],[38.091075,46.060004],[38.037852,46.056545],[37.971853,46.040025],[37.940115,46.020331],[37.918712,45.9914],[37.902029,45.950751],[37.874848,45.84101],[37.861095,45.806098],[37.84311,45.77261],[37.829438,45.75316],[37.816417,45.744615],[37.800629,45.741441],[37.763682,45.724758],[37.674001,45.671942],[37.66684,45.669013],[37.66684,45.663764],[37.676036,45.649115],[37.684825,45.641913],[37.693858,45.639146],[37.700694,45.63467],[37.702891,45.621772],[37.698253,45.623765],[37.682302,45.627997],[37.678884,45.610785],[37.670909,45.609687],[37.652517,45.623969],[37.641938,45.635443],[37.614594,45.642279],[37.631114,45.648993],[37.634776,45.660712],[37.626475,45.66828],[37.607921,45.662746],[37.60141,45.652899],[37.595063,45.635321],[37.587413,45.600653],[37.586192,45.567816],[37.593923,45.508857],[37.594249,45.477118],[37.586436,45.443508],[37.586274,45.43244],[37.594249,45.422553],[37.608246,45.415839],[37.619151,45.418402],[37.627778,45.428168],[37.640798,45.455959],[37.641938,45.504462],[37.644216,45.505072],[37.648692,45.504218],[37.653087,45.504381],[37.65504,45.508205],[37.653982,45.512763],[37.651541,45.516343],[37.649181,45.518297],[37.648204,45.518134],[37.646658,45.527086],[37.643403,45.534654],[37.639171,45.540758],[37.635102,45.545396],[37.635102,45.552883],[37.642833,45.553778],[37.662446,45.559068],[37.662446,45.566555],[37.636404,45.57099],[37.623302,45.585883],[37.623057,45.601386],[37.635102,45.6081],[37.642751,45.603502],[37.649425,45.584947],[37.658702,45.580797],[37.66863,45.578803],[37.681,45.574042],[37.692638,45.568183],[37.699718,45.562812],[37.702647,45.543158],[37.687022,45.493842],[37.686046,45.484036],[37.699718,45.479315],[37.728363,45.457465],[37.744395,45.450426],[37.744395,45.44302],[37.733897,45.446194],[37.715099,45.454495],[37.702891,45.457261],[37.707693,45.436916],[37.71754,45.426663],[37.723481,45.414618],[37.717052,45.388983],[37.729828,45.390815],[37.747406,45.399075],[37.758067,45.402045],[37.758067,45.395209],[37.747732,45.393988],[37.743988,45.389553],[37.742198,45.382758],[37.737559,45.374742],[37.72047,45.357001],[37.717052,45.357652],[37.715343,45.354722],[37.706391,45.351264],[37.702891,45.347398],[37.69988,45.339179],[37.701834,45.33747],[37.706228,45.337307],[37.710297,45.333808],[37.714366,45.328518],[37.729259,45.315334],[37.738292,45.310696],[37.736013,45.306138],[37.729259,45.301663],[37.72047,45.299628],[37.710216,45.300279],[37.671072,45.309272],[37.666189,45.311225],[37.661794,45.312323],[37.651622,45.31269],[37.647472,45.315334],[37.642345,45.321479],[37.637869,45.328518],[37.635102,45.333808],[37.62379,45.314276],[37.609548,45.29682],[37.591075,45.289374],[37.566742,45.299628],[37.589122,45.303127],[37.600841,45.306871],[37.607921,45.31269],[37.607677,45.322414],[37.600841,45.331366],[37.591645,45.338039],[37.583995,45.340562],[37.573741,45.341702],[37.553966,45.34634],[37.542654,45.347398],[37.536388,45.345445],[37.515798,45.336371],[37.504731,45.333808],[37.518809,45.360419],[37.519298,45.369289],[37.504731,45.36107],[37.460134,45.340562],[37.446788,45.330024],[37.431407,45.322333],[37.393809,45.317328],[37.381358,45.306464],[37.370453,45.322211],[37.347667,45.327704],[37.158946,45.326077],[37.153005,45.320461],[37.162283,45.306464],[37.173676,45.300116],[37.187755,45.298774],[37.216807,45.299628],[37.274262,45.294135],[37.302745,45.286322],[37.319184,45.271674],[37.254405,45.276923],[37.245372,45.268297],[37.236501,45.255316],[37.214854,45.25141],[37.169119,45.251166],[37.112478,45.239325],[37.089854,45.237535],[37.07838,45.238959],[37.071056,45.243313],[37.067149,45.250718],[37.065929,45.261461],[37.071462,45.265815],[37.097667,45.268459],[37.106944,45.271674],[37.106944,45.276557],[37.111013,45.303046],[37.11378,45.31269],[37.119151,45.314887],[37.131521,45.324774],[37.139415,45.335517],[37.131521,45.340562],[37.108735,45.342475],[37.066661,45.353827],[36.895274,45.429999],[36.878103,45.431871],[36.862478,45.43183],[36.847667,45.434068],[36.833263,45.44302],[36.705089,45.391018],[36.681895,45.366197],[36.666515,45.340399],[36.668142,45.326361],[36.687999,45.331488],[36.727794,45.371772],[36.747569,45.381537],[36.759288,45.383979],[36.77003,45.387885],[36.781586,45.387641],[36.805919,45.370754],[36.817393,45.367621],[36.847504,45.367336],[36.847504,45.36107],[36.828624,45.356757],[36.819021,45.352607],[36.812185,45.347398],[36.809825,45.336982],[36.812266,45.325629],[36.812185,45.316392],[36.802501,45.31269],[36.79477,45.324856],[36.786957,45.348578],[36.775727,45.364814],[36.758067,45.354234],[36.758474,45.340766],[36.766449,45.31981],[36.778005,45.300605],[36.788829,45.292182],[36.943126,45.316392],[36.947276,45.320217],[36.956798,45.31802],[36.966156,45.311591],[36.970388,45.303046],[36.968028,45.290961],[36.961681,45.282945],[36.952973,45.277167],[36.935232,45.268012],[36.875173,45.245795],[36.854503,45.242255],[36.840831,45.232856],[36.829845,45.230699],[36.796153,45.231879],[36.785411,45.230699],[36.764822,45.223822],[36.729666,45.206285],[36.706716,45.202826],[36.594737,45.20482],[36.586192,45.202826],[36.577322,45.194159],[36.578136,45.187079],[36.583181,45.180243],[36.586192,45.172349],[36.59311,45.164781],[36.641368,45.128363],[36.701671,45.103827],[36.719981,45.10102],[36.741547,45.103217],[36.778494,45.112616],[36.799083,45.114691],[36.840099,45.109361],[36.949962,45.065619],[37.034679,45.047756],[37.06837,45.030341],[37.105724,45.020209],[37.120128,45.009467],[37.13502,45.004055],[37.152192,44.999701],[37.165701,44.997992],[37.191905,44.991034],[37.28712,44.928168],[37.306,44.909654],[37.31129,44.890855],[37.292491,44.875067],[37.292491,44.867621],[37.317882,44.846177],[37.351248,44.778632],[37.371104,44.74787],[37.385997,44.736762],[37.436534,44.716783],[37.451427,44.704006],[37.463878,44.689927],[37.478282,44.677191],[37.498709,44.668402],[37.508962,44.675279],[37.521739,44.672268],[37.535818,44.665717],[37.569347,44.65644],[37.577159,44.655341],[37.583669,44.657375],[37.601085,44.668402],[37.631847,44.669013],[37.659679,44.661811],[37.710297,44.64175],[37.736501,44.635688],[37.769298,44.632392],[37.800059,44.63524],[37.82016,44.647895],[37.822439,44.668158],[37.808849,44.686428],[37.790538,44.705878],[37.778494,44.729804],[37.799978,44.722602],[37.844086,44.700873],[37.864513,44.696357],[37.874848,44.689399],[37.933116,44.638739],[37.936209,44.634263],[37.935557,44.627753],[37.930349,44.621894],[37.924653,44.617133],[37.922618,44.613756],[37.928071,44.605943],[37.944509,44.597113],[37.984548,44.564276],[38.000255,44.555487],[38.011892,44.552314],[38.044932,44.561184],[38.056163,44.558987],[38.062836,44.524237],[38.0713,44.516018],[38.108084,44.497056],[38.132579,44.470038],[38.152599,44.436672],[38.177745,44.405992],[38.217296,44.387193],[38.288422,44.385159],[38.299327,44.377631],[38.309825,44.366156],[38.595063,44.331936],[38.697113,44.292222],[38.739757,44.28148],[38.758311,44.273627],[38.775645,44.261217],[38.855642,44.184516],[38.873709,44.173407],[38.892345,44.168687],[38.937348,44.16352],[38.960134,44.157131],[38.978282,44.148261],[38.989024,44.135565],[39.011567,44.100287],[39.022716,44.093004],[39.04477,44.088121],[39.061209,44.076117],[39.088145,44.045233],[39.116384,44.023505],[39.329356,43.896226],[39.391368,43.845364],[39.45753,43.770901],[39.574067,43.688951],[39.618907,43.644599],[39.634044,43.635199],[39.674978,43.622789],[39.690766,43.613837],[39.697927,43.604234],[39.706309,43.582506],[39.712087,43.572903],[39.718272,43.567776],[39.734386,43.560614],[39.756521,43.545315],[39.846934,43.509996],[39.867931,43.495673],[39.882498,43.476752],[39.895681,43.448717],[39.91033,43.426418],[39.93336,43.406684],[39.962576,43.392646],[39.985525,43.389065],[39.986013,43.388983],[40.009776,43.385159],[40.040782,43.3758],[40.086925,43.370307],[40.101329,43.36518],[40.133474,43.34162],[40.188243,43.329576],[40.219086,43.319037],[40.235199,43.304429],[40.257172,43.277411],[40.272797,43.247992],[40.268403,43.216376],[40.278331,43.205512],[40.301036,43.188666],[40.310313,43.175727],[40.325043,43.14883],[40.335134,43.140855],[40.361176,43.165473],[40.398285,43.16234],[40.478526,43.134019],[40.510265,43.12995],[40.520193,43.127265],[40.528982,43.12226],[40.546072,43.108832],[40.550548,43.106106],[40.56072,43.102973],[40.579926,43.088813],[40.591807,43.085639],[40.604015,43.086493],[40.636241,43.092475],[40.682872,43.094306],[40.783051,43.084174],[40.855968,43.063056],[40.862804,43.058987],[40.886241,43.029283],[40.886567,43.024156],[40.903982,43.016343],[40.933767,42.982733],[40.958995,42.976386],[40.998383,42.989447],[41.023123,42.989976],[41.040294,42.96133],[41.081798,42.908149],[41.104747,42.846584],[41.150238,42.79564],[41.160899,42.790839],[41.173595,42.792792],[41.193696,42.801907],[41.205333,42.804429],[41.225352,42.802314],[41.250743,42.795233],[41.274913,42.785305],[41.291026,42.774359],[41.307302,42.767646],[41.383474,42.75727],[41.424327,42.739895],[41.457367,42.71369],[41.482758,42.680243],[41.500173,42.64057],[41.551199,42.40644],[41.554861,42.389838],[41.55836,42.382799],[41.585216,42.36286],[41.592296,42.355414],[41.596202,42.349433],[41.649181,42.212226],[41.657237,42.16706],[41.65919,42.133002],[41.664073,42.113959],[41.674327,42.105536],[41.684906,42.098944],[41.715261,42.059353],[41.755707,42.006415],[41.75782044922298,42.0],[35.1125014289657,42.0],[35.11671,42.006903],[35.137543,42.019517],[35.162608,42.021715],[35.216319,42.016791],[35.216319,42.023627],[35.195811,42.038072],[35.186209,42.042467],[35.171235,42.044135],[35.160411,42.04149],[35.144216,42.02851],[35.1338,42.023627],[35.104503,42.021877],[35.081554,42.029202],[35.044444,42.051581],[35.044444,42.057807],[35.048839,42.065131],[35.04184,42.072089],[35.031098,42.080634],[35.023936,42.092515],[35.016124,42.09219],[35.010102,42.09276],[35.00587,42.091376],[35.003429,42.08511],[34.990733,42.091132],[34.962087,42.095038],[34.94809,42.098782],[34.941905,42.069281],[34.918793,42.035549],[34.889008,42.007799],[34.8716940858319,42.0],[33.5909265038937,42.0],[33.563243,42.007717],[33.540538,42.010647],[33.434337,42.010647],[33.36085,42.020657],[33.324474,42.019029],[33.27573434384065,42.0],[28.01984687258576,42.0],[28.019054,42.00845]],[[29.901622,45.680487],[29.872732,45.658271],[29.8567,45.649115],[29.84311,45.646186],[29.827647,45.644721],[29.814789,45.641059],[29.809418,45.631659],[29.801443,45.621894],[29.781261,45.610663],[29.730968,45.591376],[29.807465,45.614325],[29.908051,45.666449],[30.125987,45.811469],[30.075694,45.792426],[29.918712,45.69066],[29.901622,45.680487]],[[32.978689,46.05329],[32.954845,46.051744],[32.913585,46.038804],[32.881684,46.055406],[32.852061,46.056301],[32.783214,46.046332],[32.639334,46.060004],[32.631358,46.06623],[32.62672,46.065904],[32.619395,46.060004],[33.04005,46.012152],[33.057465,46.025214],[33.045095,46.037909],[32.99936,46.035305],[32.989268,46.042629],[32.978689,46.05329]],[[31.618175,46.259223],[31.577973,46.27558],[31.554373,46.296332],[31.538422,46.325832],[31.521983,46.368476],[31.504405,46.373358],[31.505056,46.354926],[31.514008,46.329413],[31.521983,46.313218],[31.549001,46.282416],[31.580333,46.262763],[31.737153,46.220771],[32.101817,46.166693],[32.143891,46.152655],[32.16627,46.149359],[32.153087,46.155992],[32.070811,46.18244],[31.940278,46.204576],[31.618175,46.259223]]]}},{"type":"Feature","id":"ne:ocean:gulf-of-guinea","properties":{"source":"ne_10m_ocean"},"geometry":{"type":"Polygon","coordinates":[[[0.034516,5.628363],[0.050629,5.644761],[0.061697,5.662828],[0.075694,5.677558],[0.114594,5.688666],[0.1421,5.71426],[0.1574,5.724555],[0.224376,5.742621],[0.243337,5.756171],[0.25172,5.759101],[0.27589,5.760159],[0.280935,5.763007],[0.285981,5.768866],[0.298106,5.773668],[0.321951,5.779202],[0.364919,5.78148],[0.723481,5.755439],[0.914399,5.777086],[0.954845,5.791083],[0.986583,5.820746],[0.995291,5.839342],[1.005626,5.886054],[1.007091,5.906684],[1.011729,5.926256],[1.036388,5.975165],[1.048025,5.992662],[1.098806,6.047024],[1.133067,6.073635],[1.178396,6.097968],[1.184825,6.100328],[1.185395,6.100491],[1.19158,6.101874],[1.199555,6.102525],[1.271007,6.133734],[1.429535,6.181952],[1.619314,6.213813],[1.61964,6.213894],[1.884532,6.274807],[2.226817,6.313666],[2.306977,6.331488],[2.703298,6.368313],[2.703868,6.368354],[2.927745,6.389106],[3.082367,6.381496],[3.214203,6.396715],[3.326182,6.391425],[3.384532,6.397691],[3.389496,6.419989],[3.384125,6.424791],[3.382579,6.430732],[3.379893,6.435858],[3.375011,6.441107],[3.369802,6.450019],[3.373871,6.456122],[3.381114,6.461615],[3.384939,6.468695],[3.38795,6.480699],[3.402029,6.502183],[3.406016,6.512844],[3.40561,6.522121],[3.400076,6.536811],[3.398611,6.54385],[3.402354,6.552151],[3.411306,6.554348],[3.421886,6.554755],[3.429942,6.557807],[3.451915,6.581773],[3.464041,6.592231],[3.481212,6.6022],[3.480235,6.58808],[3.473318,6.566636],[3.474376,6.554389],[3.478526,6.541449],[3.481619,6.538316],[3.488048,6.533271],[3.500255,6.533922],[3.51295,6.529446],[3.51531,6.527086],[3.528331,6.527777],[3.54005,6.530097],[3.551524,6.534166],[3.586681,6.552883],[3.597016,6.554267],[3.615245,6.554389],[3.663829,6.570217],[3.717459,6.601142],[3.773692,6.622382],[3.830577,6.609036],[3.837901,6.610989],[3.844005,6.610826],[3.850271,6.6081],[3.857921,6.6022],[3.774669,6.590074],[3.762218,6.58515],[3.756847,6.563788],[3.742686,6.547797],[3.722667,6.535956],[3.700206,6.527086],[3.686778,6.531073],[3.642751,6.517076],[3.621349,6.512844],[3.580821,6.512844],[3.570811,6.509345],[3.57016,6.500678],[3.572439,6.489569],[3.570567,6.478705],[3.556814,6.462958],[3.541352,6.45482],[3.524425,6.451809],[3.505382,6.451361],[3.492442,6.446479],[3.48463,6.446845],[3.481212,6.454779],[3.475352,6.455552],[3.440196,6.423407],[3.43629,6.4383],[3.434255,6.453355],[3.428477,6.458726],[3.412852,6.444525],[3.406912,6.449449],[3.401052,6.450995],[3.394298,6.449368],[3.384939,6.444525],[3.399099,6.434027],[3.408865,6.422919],[3.421153,6.414008],[3.443614,6.410346],[3.870291,6.431627],[4.125824,6.410346],[4.34197,6.370592],[4.405528,6.358873],[4.493012,6.320543],[4.509044,6.313544],[4.547374,6.289049],[4.608735,6.231757],[4.641856,6.210883],[4.717052,6.163642],[4.747813,6.138861],[4.782725,6.102525],[4.807953,6.063056],[4.826182,6.042548],[4.865489,6.025621],[4.885916,6.006537],[5.007335,5.849189],[5.044688,5.767483],[5.055024,5.766588],[5.105479,5.813666],[5.119965,5.824164],[5.195811,5.864],[5.235362,5.875922],[5.269542,5.906399],[5.290375,5.910102],[5.267426,5.871894],[5.185395,5.842027],[5.153982,5.814521],[5.153087,5.804633],[5.156993,5.794501],[5.15919,5.78559],[5.153982,5.779202],[5.146495,5.781073],[5.126475,5.797024],[5.115001,5.80093],[5.102712,5.793199],[5.093435,5.774726],[5.087413,5.752102],[5.084972,5.732001],[5.088634,5.708726],[5.09783,5.690863],[5.10727,5.676988],[5.11671,5.64883],[5.129161,5.628119],[5.144867,5.608629],[5.160167,5.594794],[5.173595,5.585395],[5.179698,5.582587],[5.204926,5.591986],[5.228282,5.605618],[5.239106,5.608466],[5.263031,5.610541],[5.280284,5.617499],[5.293224,5.630316],[5.304047,5.650051],[5.331391,5.724555],[5.337576,5.724555],[5.339203,5.705878],[5.336925,5.691148],[5.318207,5.636664],[5.317882,5.619574],[5.32602,5.605414],[5.344981,5.594794],[5.361501,5.593655],[5.379649,5.597968],[5.396007,5.605902],[5.406505,5.615302],[5.418956,5.645901],[5.428477,5.655829],[5.447439,5.656236],[5.464854,5.648627],[5.485118,5.634345],[5.502126,5.617255],[5.509532,5.60163],[5.509613,5.590644],[5.508067,5.58454],[5.50294,5.581773],[5.492524,5.581204],[5.490001,5.585842],[5.484386,5.607978],[5.4817,5.615302],[5.471039,5.622789],[5.455821,5.627387],[5.439952,5.627672],[5.427013,5.622138],[5.4192,5.610541],[5.402599,5.574774],[5.392833,5.560614],[5.385997,5.560614],[5.365245,5.572333],[5.328136,5.578437],[5.230235,5.582506],[5.22283,5.581204],[5.214203,5.575141],[5.197927,5.557563],[5.191173,5.55386],[5.188487,5.544135],[5.190603,5.522854],[5.198009,5.501451],[5.218598,5.487128],[5.250173,5.458197],[5.253917,5.452786],[5.258474,5.44184],[5.263194,5.43651],[5.375987,5.39883],[5.433849,5.395575],[5.427501,5.403957],[5.421072,5.417792],[5.418305,5.430813],[5.423595,5.43651],[5.436046,5.434638],[5.439952,5.429877],[5.44158,5.423489],[5.447439,5.416693],[5.468598,5.407782],[5.484874,5.411526],[5.498057,5.426418],[5.509532,5.450751],[5.503184,5.476467],[5.5171,5.498603],[5.541026,5.510484],[5.564138,5.505439],[5.568858,5.510443],[5.575206,5.514838],[5.577891,5.519721],[5.596202,5.514228],[5.610525,5.521918],[5.623871,5.533596],[5.639903,5.540188],[5.625743,5.51789],[5.614024,5.50495],[5.602061,5.499254],[5.568696,5.499905],[5.553559,5.496894],[5.540294,5.488349],[5.533946,5.476386],[5.531912,5.460639],[5.533214,5.444241],[5.536876,5.430325],[5.546397,5.415513],[5.570323,5.39468],[5.577891,5.381985],[5.571544,5.381985],[5.56129,5.388861],[5.546072,5.389472],[5.529633,5.386379],[5.494884,5.37287],[5.489106,5.368842],[5.483653,5.362291],[5.476085,5.347317],[5.468028,5.340888],[5.459483,5.352973],[5.456798,5.359565],[5.454275,5.368842],[5.435313,5.363349],[5.368988,5.362047],[5.345714,5.357164],[5.34018,5.34394],[5.361095,5.253974],[5.365571,5.20775],[5.363617,5.171576],[5.365571,5.163479],[5.37615,5.158189],[5.400157,5.16234],[5.413341,5.156643],[5.427908,5.162055],[5.434906,5.163153],[5.444347,5.163479],[5.448009,5.167629],[5.447113,5.18594],[5.450857,5.190131],[5.461192,5.184149],[5.488536,5.154202],[5.49586,5.14232],[5.475597,5.14704],[5.454275,5.149115],[5.460216,5.133775],[5.475434,5.09455],[5.462738,5.102281],[5.444672,5.127102],[5.433849,5.136135],[5.418468,5.141262],[5.402843,5.142401],[5.39088,5.137681],[5.385997,5.125556],[5.389334,5.109768],[5.396251,5.099514],[5.403331,5.091864],[5.406505,5.084296],[5.408865,5.067572],[5.414236,5.052436],[5.427013,5.026272],[5.432384,5.010891],[5.441254,4.964179],[5.469005,4.886786],[5.500987,4.850898],[5.509532,4.827053],[5.475434,4.84748],[5.486339,4.835028],[5.511485,4.791815],[5.516368,4.775784],[5.52768,4.756496],[5.571462,4.72956],[5.571544,4.711005],[5.564626,4.715033],[5.561534,4.716376],[5.557302,4.71776],[5.566905,4.675238],[5.5949,4.636461],[5.687673,4.549872],[5.694021,4.5456],[5.720714,4.518256],[5.728363,4.507636],[5.749766,4.484442],[5.763682,4.478949],[5.77768,4.475531],[5.789806,4.469713],[5.797537,4.457099],[5.790375,4.461168],[5.777192,4.466986],[5.770274,4.471381],[5.7824,4.455959],[5.822765,4.432847],[5.839122,4.416083],[5.845388,4.416083],[5.844493,4.427191],[5.847504,4.434394],[5.854666,4.437486],[5.865896,4.436591],[5.855642,4.411607],[5.867524,4.387274],[5.889903,4.368842],[5.910167,4.361518],[5.918142,4.356187],[5.930919,4.34512],[5.9463,4.335191],[5.961436,4.333564],[5.97283,4.344794],[5.969737,4.361518],[5.9546,4.395657],[5.969981,4.38642],[5.975108,4.382025],[5.982595,4.416083],[5.988617,4.416083],[5.987478,4.398912],[5.988617,4.382025],[5.990245,4.378567],[6.003266,4.359198],[6.001475,4.356269],[5.995453,4.354682],[5.996918,4.319403],[6.004893,4.314114],[6.027029,4.313056],[6.042166,4.306627],[6.053966,4.296291],[6.061778,4.295233],[6.064464,4.316799],[6.060069,4.332424],[6.051931,4.344224],[6.04656,4.355211],[6.050792,4.368354],[6.04656,4.377021],[6.042166,4.391181],[6.040294,4.405911],[6.043305,4.416083],[6.055431,4.419867],[6.067393,4.414984],[6.07781,4.412299],[6.088715,4.411119],[6.085134,4.384101],[6.084972,4.368354],[6.089692,4.370022],[6.100759,4.372626],[6.105317,4.374579],[6.10255,4.360907],[6.089122,4.337144],[6.084972,4.320502],[6.084321,4.302314],[6.087738,4.288235],[6.09669,4.278144],[6.112804,4.272162],[6.116547,4.276353],[6.123057,4.280951],[6.126475,4.285793],[6.151622,4.278998],[6.188731,4.280992],[6.217052,4.290595],[6.222667,4.300035],[6.209158,4.3039],[6.20281,4.3039],[6.194835,4.300035],[6.194672,4.314195],[6.200694,4.320054],[6.208995,4.32274],[6.21518,4.327338],[6.222341,4.341946],[6.228852,4.361518],[6.230154,4.388007],[6.223318,4.404608],[6.212413,4.420111],[6.201671,4.443427],[6.2199,4.439399],[6.231212,4.430487],[6.239594,4.419623],[6.24936,4.409898],[6.24171,4.427924],[6.23699,4.452786],[6.235199,4.478176],[6.236339,4.498033],[6.242524,4.498033],[6.258474,4.44953],[6.263031,4.395657],[6.297211,4.436591],[6.305186,4.439927],[6.311371,4.439602],[6.319509,4.43769],[6.33253,4.436591],[6.2671,4.362982],[6.246837,4.320502],[6.270518,4.292629],[6.290294,4.299954],[6.336274,4.301215],[6.355479,4.309638],[6.373871,4.314399],[6.398936,4.315985],[6.415294,4.322252],[6.407725,4.34101],[6.420909,4.344875],[6.434337,4.347235],[6.461762,4.328681],[6.519867,4.323147],[6.569591,4.334906],[6.571544,4.368354],[6.584727,4.406928],[6.58839,4.447659],[6.57838,4.482856],[6.550466,4.504869],[6.580821,4.50788],[6.595876,4.482082],[6.600108,4.445502],[6.598806,4.39997],[6.601736,4.369045],[6.612641,4.336737],[6.6185,4.330756],[6.646658,4.333564],[6.677501,4.333075],[6.687673,4.336575],[6.695079,4.347235],[6.694509,4.359076],[6.684418,4.393704],[6.676443,4.412909],[6.664317,4.434638],[6.66033,4.450873],[6.659434,4.497545],[6.654063,4.511705],[6.660818,4.51557],[6.666189,4.52025],[6.670746,4.526028],[6.674571,4.532782],[6.679861,4.520575],[6.682628,4.459215],[6.68572,4.445461],[6.695079,4.422919],[6.697032,4.435981],[6.69752,4.455634],[6.701915,4.463935],[6.695079,4.497219],[6.701834,4.542548],[6.717133,4.584621],[6.736095,4.607896],[6.737071,4.578559],[6.734874,4.567816],[6.712413,4.508002],[6.708751,4.491889],[6.708751,4.457099],[6.710948,4.45307],[6.720225,4.445258],[6.722423,4.440009],[6.721202,4.43537],[6.716319,4.428127],[6.712576,4.369086],[6.715587,4.354682],[6.737559,4.342231],[6.774587,4.338935],[6.814626,4.34162],[6.845958,4.347235],[6.870779,4.360785],[6.857921,4.375312],[6.837576,4.39289],[6.839692,4.416083],[6.82602,4.431952],[6.816091,4.461371],[6.796153,4.559719],[6.798106,4.573798],[6.802989,4.581977],[6.82545,4.601142],[6.806814,4.633246],[6.793712,4.648993],[6.781016,4.655707],[6.772227,4.663031],[6.767833,4.680365],[6.763927,4.71776],[6.755626,4.753852],[6.748383,4.771674],[6.739513,4.779202],[6.726817,4.785102],[6.721934,4.799465],[6.719981,4.817532],[6.715587,4.834459],[6.724294,4.830146],[6.732758,4.828681],[6.741059,4.830146],[6.749685,4.834459],[6.751231,4.8251],[6.754405,4.817939],[6.763927,4.806545],[6.776215,4.817816],[6.78533,4.817043],[6.787852,4.808417],[6.781016,4.796291],[6.770681,4.782416],[6.767263,4.76968],[6.770193,4.745063],[6.785492,4.683295],[6.803233,4.649807],[6.828868,4.635199],[6.84547,4.628607],[6.848399,4.613593],[6.844249,4.59748],[6.839692,4.587388],[6.832286,4.577786],[6.82545,4.570746],[6.820486,4.560858],[6.818614,4.542711],[6.822927,4.517524],[6.833832,4.485907],[6.849294,4.459703],[6.866384,4.450873],[6.859223,4.433539],[6.86085,4.415717],[6.868663,4.399848],[6.880056,4.38817],[6.903087,4.396552],[6.925466,4.391547],[6.947439,4.381496],[6.969493,4.374579],[6.966075,4.380439],[6.964692,4.384996],[6.964122,4.389553],[6.982758,4.381049],[6.9935,4.376288],[7.006602,4.374579],[7.016287,4.378892],[7.022146,4.388495],[7.023692,4.398139],[7.010997,4.41413],[6.975597,4.484442],[6.973481,4.508002],[6.983084,4.57685],[6.974946,4.589667],[6.957042,4.594062],[6.938487,4.58926],[6.928477,4.573798],[6.921235,4.585191],[6.924571,4.591051],[6.931488,4.595933],[6.935313,4.60456],[6.933604,4.612494],[6.929861,4.618638],[6.92156,4.629055],[6.907481,4.653632],[6.902599,4.666938],[6.900564,4.683661],[6.929535,4.651068],[6.940196,4.634101],[6.948985,4.614732],[6.958669,4.618801],[6.962657,4.621568],[6.966645,4.612982],[6.971853,4.609076],[6.978852,4.607896],[6.989268,4.607896],[6.96697,4.667467],[6.955821,4.683661],[6.960216,4.691718],[6.957774,4.715522],[6.962657,4.730862],[6.974457,4.708645],[6.978526,4.692369],[6.984874,4.692084],[7.003591,4.71776],[7.008067,4.708808],[7.013031,4.687201],[7.017263,4.676215],[7.037364,4.653754],[7.043956,4.642646],[7.037771,4.644721],[7.028494,4.64643],[7.023285,4.648871],[7.025727,4.634914],[7.02296,4.614244],[7.017833,4.595608],[7.013438,4.587388],[7.002208,4.579901],[7.007009,4.563137],[7.023285,4.535875],[7.02589,4.484931],[7.031912,4.459906],[7.043956,4.436591],[7.051443,4.436591],[7.078624,4.443427],[7.068126,4.458482],[7.062673,4.476264],[7.065278,4.492987],[7.078624,4.504869],[7.074555,4.485256],[7.080577,4.470445],[7.094249,4.459377],[7.112804,4.450873],[7.112315,4.455878],[7.112804,4.471381],[7.133556,4.463039],[7.150645,4.470608],[7.178233,4.501451],[7.184581,4.519029],[7.175548,4.536444],[7.16033,4.55093],[7.147472,4.560045],[7.17335,4.572903],[7.169688,4.605943],[7.147227,4.640041],[7.116222,4.655707],[7.097911,4.661811],[7.088634,4.676459],[7.078624,4.711005],[7.072276,4.718085],[7.065684,4.71894],[7.060395,4.720689],[7.057628,4.730862],[7.060232,4.73192],[7.06544,4.738674],[7.070486,4.748358],[7.071788,4.758124],[7.082693,4.742743],[7.099132,4.697252],[7.106781,4.687079],[7.124848,4.672349],[7.133149,4.663153],[7.136404,4.661811],[7.158214,4.662014],[7.172374,4.668891],[7.178884,4.66885],[7.181651,4.65941],[7.181651,4.632148],[7.19044,4.61164],[7.253673,4.542711],[7.276134,4.510159],[7.281016,4.504869],[7.325694,4.511705],[7.331798,4.520494],[7.333263,4.529364],[7.32838,4.5362],[7.301036,4.541815],[7.284028,4.555406],[7.271169,4.560045],[7.277354,4.566352],[7.270274,4.569729],[7.263682,4.573798],[7.263682,4.579983],[7.273204,4.58393],[7.276622,4.591051],[7.277843,4.598049],[7.281016,4.601142],[7.299083,4.602037],[7.305919,4.604153],[7.312022,4.607896],[7.324555,4.590766],[7.34669,4.580308],[7.372732,4.575141],[7.397716,4.573798],[7.432384,4.555406],[7.454112,4.553168],[7.462738,4.573798],[7.469574,4.573798],[7.479177,4.565172],[7.490489,4.566311],[7.501964,4.572699],[7.511241,4.579983],[7.527843,4.598619],[7.531098,4.601142],[7.527843,4.609565],[7.514171,4.625922],[7.514415,4.632148],[7.522716,4.64411],[7.522797,4.65412],[7.519705,4.665107],[7.517426,4.679918],[7.520518,4.689765],[7.527843,4.698554],[7.533539,4.702704],[7.54477,4.711005],[7.551036,4.711005],[7.533051,4.664293],[7.529633,4.638861],[7.54477,4.621568],[7.540294,4.611762],[7.537364,4.607896],[7.555512,4.584906],[7.558442,4.579983],[7.554535,4.569485],[7.547618,4.563625],[7.540782,4.559149],[7.537364,4.55329],[7.539317,4.541815],[7.547618,4.541164],[7.559337,4.542914],[7.572032,4.539008],[7.566417,4.535712],[7.56365,4.532782],[7.561778,4.529527],[7.558442,4.525336],[7.646983,4.51911],[7.660899,4.515448],[7.673839,4.502183],[7.703136,4.497545],[7.735525,4.499213],[7.757091,4.504869],[7.750662,4.508775],[7.742931,4.511217],[7.733653,4.512193],[7.722911,4.511705],[7.730479,4.522366],[7.742361,4.526313],[7.755056,4.524807],[7.764496,4.519192],[7.935313,4.539008],[7.97934,4.539008],[7.998709,4.541409],[8.031993,4.558783],[8.05128,4.559394],[8.092947,4.55329],[8.178559,4.55329],[8.235525,4.546861],[8.279063,4.54682],[8.288585,4.54857],[8.29835,4.55329],[8.312022,4.583686],[8.321544,4.59984],[8.341075,4.611558],[8.356456,4.625556],[8.353526,4.648871],[8.344493,4.656562],[8.333181,4.65998],[8.323497,4.665595],[8.319509,4.679918],[8.320974,4.689154],[8.328949,4.711493],[8.332367,4.71776],[8.319998,4.734361],[8.304942,4.77733],[8.294932,4.786078],[8.28533,4.791571],[8.273936,4.804836],[8.263845,4.820746],[8.257335,4.834459],[8.273611,4.845445],[8.269705,4.86872],[8.243663,4.916409],[8.230235,4.933661],[8.175466,4.985297],[8.175466,4.991441],[8.181651,4.991441],[8.186697,4.984361],[8.196625,4.972846],[8.208751,4.962104],[8.219737,4.957343],[8.232107,4.953681],[8.239268,4.94477],[8.250499,4.923245],[8.256196,4.906724],[8.257335,4.905829],[8.281261,4.892483],[8.30836,4.872138],[8.31658,4.860989],[8.312022,4.84748],[8.332042,4.836412],[8.339854,4.834459],[8.335623,4.824693],[8.332367,4.820868],[8.358409,4.797349],[8.386974,4.795803],[8.409028,4.813381],[8.415701,4.84748],[8.421886,4.84748],[8.417247,4.812445],[8.4074,4.776842],[8.40919,4.749335],[8.438813,4.738267],[8.451834,4.740546],[8.471202,4.75023],[8.480154,4.752509],[8.484386,4.748196],[8.48227,4.738349],[8.47755,4.727769],[8.473318,4.721177],[8.469005,4.711656],[8.475841,4.70893],[8.485525,4.709784],[8.490001,4.711005],[8.504893,4.706122],[8.518321,4.704047],[8.529796,4.708889],[8.538585,4.724595],[8.539073,4.733791],[8.532563,4.748236],[8.531749,4.758124],[8.534434,4.768297],[8.543305,4.787502],[8.545258,4.796291],[8.549164,4.804185],[8.558116,4.814439],[8.568614,4.823188],[8.576671,4.827053],[8.585704,4.824897],[8.592459,4.820217],[8.594574,4.815497],[8.594168,4.815294],[8.590017,4.813381],[8.57838,4.804674],[8.576508,4.784654],[8.580089,4.745063],[8.573253,4.752509],[8.567638,4.74022],[8.569672,4.728339],[8.573578,4.716376],[8.573253,4.704088],[8.567638,4.69599],[8.538585,4.676215],[8.521169,4.655951],[8.513682,4.64232],[8.511241,4.629055],[8.516124,4.612982],[8.525727,4.604438],[8.538341,4.604641],[8.552094,4.614732],[8.530772,4.57925],[8.525564,4.566352],[8.509939,4.568834],[8.505056,4.55093],[8.510265,4.527045],[8.525564,4.511705],[8.537364,4.508531],[8.54835,4.507799],[8.556407,4.511705],[8.562673,4.533189],[8.570567,4.53856],[8.581716,4.538479],[8.593761,4.532782],[8.582693,4.523342],[8.570323,4.50967],[8.56544,4.49726],[8.576671,4.491889],[8.701671,4.501288],[8.722667,4.513129],[8.716563,4.539008],[8.706309,4.547675],[8.694835,4.55329],[8.68572,4.561225],[8.660492,4.653998],[8.645356,4.684068],[8.638682,4.71308],[8.655121,4.738267],[8.661306,4.698798],[8.705903,4.63467],[8.716563,4.597724],[8.724132,4.580471],[8.740571,4.571234],[8.757009,4.56509],[8.764415,4.556627],[8.768565,4.553127],[8.788422,4.541449],[8.795177,4.539008],[8.799571,4.542182],[8.812836,4.566352],[8.80421,4.570136],[8.79949,4.577786],[8.798025,4.588284],[8.798595,4.601142],[8.847016,4.563218],[8.850597,4.547431],[8.858735,4.540839],[8.867849,4.544582],[8.873709,4.560045],[8.86671,4.582709],[8.835704,4.629625],[8.83961,4.642646],[8.847016,4.639716],[8.856293,4.62995],[8.864106,4.61872],[8.871918,4.602484],[8.893809,4.594631],[8.901622,4.587388],[8.904307,4.573188],[8.901541,4.560248],[8.897227,4.548],[8.894786,4.535875],[8.900564,4.521633],[8.913585,4.528632],[8.93572,4.55329],[8.926036,4.529608],[8.900076,4.485093],[8.894786,4.460517],[8.918956,4.318061],[8.93629,4.279527],[8.960297,4.245917],[8.990977,4.217475],[8.988455,4.18891],[8.969412,4.128974],[8.971202,4.100775],[8.983409,4.092434],[9.07016,4.051418],[9.123383,4.01789],[9.138682,4.015448],[9.148774,4.019029],[9.166515,4.020901],[9.184744,4.020901],[9.196462,4.018866],[9.210623,4.008124],[9.213227,3.996568],[9.211111,3.982571],[9.210704,3.96426],[9.220714,3.96601],[9.250336,3.960842],[9.284353,3.992255],[9.290294,4.009711],[9.301443,4.026353],[9.326182,4.031928],[9.326182,4.025702],[9.307628,4.001939],[9.302582,3.964993],[9.313731,3.930854],[9.343516,3.915839],[9.359223,3.913723],[9.393403,3.904283],[9.41212,3.902167],[9.448253,3.905748],[9.464041,3.90998],[9.476899,3.915839],[9.469086,3.923407],[9.453298,3.932115],[9.450369,3.939765],[9.452403,3.953925],[9.456391,3.963528],[9.458832,3.972357],[9.456554,3.984076],[9.449392,3.992133],[9.422374,4.008368],[9.424083,4.019477],[9.42921,4.026557],[9.437999,4.030463],[9.450369,4.031928],[9.451182,4.022773],[9.453868,4.018622],[9.458344,4.016181],[9.464041,4.01203],[9.476899,3.990912],[9.490082,3.980658],[9.497081,3.977688],[9.504242,3.976142],[9.518565,3.970445],[9.532481,3.989447],[9.523611,4.00609],[9.507009,4.019477],[9.495616,4.03148],[9.485362,4.055325],[9.484386,4.059882],[9.474294,4.066148],[9.46518,4.068101],[9.457286,4.071112],[9.452891,4.076972],[9.450369,4.080308],[9.478526,4.111396],[9.490082,4.115871],[9.504242,4.100775],[9.498546,4.077216],[9.508556,4.054185],[9.526622,4.035793],[9.545909,4.025702],[9.559581,4.039374],[9.559337,4.016791],[9.579356,4.013007],[9.606619,4.020657],[9.628429,4.031928],[9.646332,4.051459],[9.678884,4.10102],[9.696625,4.114447],[9.696625,4.09394],[9.703461,4.09394],[9.710948,4.105699],[9.719493,4.114936],[9.738292,4.12873],[9.754568,4.135688],[9.756847,4.129828],[9.752452,4.119818],[9.748302,4.114447],[9.718923,4.099555],[9.675629,4.03384],[9.65919,4.018866],[9.639903,4.008775],[9.623709,3.985785],[9.618907,3.960354],[9.634613,3.943183],[9.664806,3.940375],[9.764415,3.957465],[9.764415,3.952338],[9.76295,3.951239],[9.760753,3.951361],[9.758149,3.950019],[9.76295,3.943793],[9.764334,3.940741],[9.764415,3.936347],[9.743337,3.93594],[9.715017,3.931342],[9.68922,3.922431],[9.67628,3.909003],[9.682872,3.890448],[9.704926,3.877509],[9.751964,3.860582],[9.741466,3.861029],[9.738292,3.860582],[9.74586,3.850898],[9.750499,3.840766],[9.750336,3.830268],[9.744477,3.819648],[9.736339,3.834174],[9.723481,3.843817],[9.689789,3.860582],[9.679698,3.836086],[9.659028,3.84101],[9.621104,3.874823],[9.60377,3.859036],[9.592133,3.83515],[9.589203,3.809638],[9.597423,3.788886],[9.604259,3.779975],[9.607107,3.774726],[9.611013,3.770575],[9.621104,3.76496],[9.652517,3.756049],[9.662608,3.750718],[9.624278,3.75019],[9.606944,3.752265],[9.594249,3.758205],[9.58961,3.766099],[9.581554,3.787828],[9.576671,3.792304],[9.570974,3.795478],[9.545909,3.819648],[9.551524,3.79621],[9.565115,3.770901],[9.612559,3.704983],[9.6421,3.63467],[9.625987,3.626451],[9.621349,3.612779],[9.626231,3.600002],[9.638438,3.594387],[9.706879,3.600531],[9.733653,3.60932],[9.759613,3.626166],[9.787608,3.637112],[9.819591,3.627875],[9.792817,3.627183],[9.770763,3.61872],[9.68865,3.556098],[9.664236,3.543931],[9.6421,3.539049],[9.739024,3.47309],[9.780935,3.436754],[9.855317,3.343573],[9.881521,3.294338],[9.88795,3.285224],[9.89503,3.278306],[9.903087,3.272895],[9.91391,3.270331],[9.929454,3.271552],[9.929454,3.264797],[9.917979,3.259467],[9.911632,3.257717],[9.90211,3.257961],[9.90211,3.251695],[9.919688,3.228095],[9.958018,3.082221],[9.95574,3.050482],[9.94337,3.023139],[9.922048,2.99726],[9.903331,2.968329],[9.88795,2.926907],[9.877778,2.881415],[9.874278,2.754543],[9.870453,2.738105],[9.853201,2.696967],[9.822927,2.562934],[9.819184,2.376939],[9.812185,2.359809],[9.812185,2.353583],[9.799571,2.341742],[9.779796,2.327867],[9.766938,2.310492],[9.774913,2.288072],[9.783458,2.270657],[9.786388,2.248114],[9.778087,2.123969],[9.77589,2.118598],[9.771251,2.113593],[9.766612,2.106879],[9.764415,2.09634],[9.765473,2.085395],[9.768565,2.07685],[9.778087,2.058092],[9.805837,1.976386],[9.809744,1.934963],[9.799083,1.901109],[9.763682,1.866116],[9.758149,1.856676],[9.756033,1.851467],[9.751313,1.846584],[9.746755,1.839911],[9.743012,1.815741],[9.739757,1.809027],[9.735199,1.804836],[9.730968,1.798733],[9.722423,1.778876],[9.71811,1.771796],[9.710297,1.763902],[9.689789,1.75023],[9.684825,1.744615],[9.678966,1.733466],[9.67628,1.729722],[9.617524,1.671454],[9.60727,1.644436],[9.622325,1.616767],[9.665701,1.575588],[9.683442,1.571357],[9.724294,1.599026],[9.744477,1.600043],[9.722179,1.589016],[9.704763,1.577704],[9.685883,1.568834],[9.65919,1.565334],[9.64031,1.571967],[9.627778,1.583726],[9.614757,1.588039],[9.594249,1.57217],[9.578136,1.54267],[9.566417,1.514065],[9.56422,1.503404],[9.559581,1.496731],[9.554942,1.491848],[9.552745,1.486477],[9.549571,1.484809],[9.532237,1.462307],[9.492849,1.426581],[9.465343,1.414537],[9.461436,1.398139],[9.464041,1.359849],[9.458995,1.341742],[9.448253,1.319078],[9.434255,1.29975],[9.418956,1.291571],[9.407563,1.28384],[9.398774,1.265692],[9.382498,1.214504],[9.374034,1.199897],[9.362315,1.188137],[9.34669,1.181708],[9.35963,1.164862],[9.362153,1.156968],[9.360199,1.146959],[9.373057,1.137681],[9.396495,1.111477],[9.405284,1.105943],[9.420421,1.109198],[9.449962,1.123277],[9.481781,1.129299],[9.4935,1.134589],[9.506521,1.1376],[9.52475,1.133287],[9.540782,1.125067],[9.551606,1.115424],[9.559744,1.102769],[9.575369,1.054755],[9.584321,1.042955],[9.609141,1.053453],[9.6421,1.061591],[9.648936,1.068752],[9.657074,1.083197],[9.676443,1.105414],[9.699229,1.125474],[9.717784,1.133287],[9.711599,1.12934],[9.703787,1.120592],[9.699392,1.109809],[9.703461,1.099799],[9.714122,1.097113],[9.755138,1.105943],[9.767263,1.102851],[9.792247,1.08869],[9.802501,1.085517],[9.814789,1.08454],[9.829275,1.081855],[9.841482,1.077704],[9.847504,1.072455],[9.834727,1.071601],[9.819835,1.068915],[9.806814,1.064399],[9.799083,1.058173],[9.796886,1.046291],[9.804535,1.020738],[9.805919,1.003607],[9.804373,0.998358],[9.800466,0.985826],[9.792247,0.968817],[9.783051,0.990058],[9.774669,1.032864],[9.761241,1.054755],[9.745128,1.059719],[9.686778,1.061265],[9.668793,1.058173],[9.658946,1.048],[9.65211,1.034329],[9.642426,1.022284],[9.624766,1.017279],[9.6067,1.017279],[9.592052,1.01435],[9.578949,1.004381],[9.566417,0.9831],[9.561534,0.962795],[9.567068,0.951117],[9.575531,0.940823],[9.579926,0.92475],[9.582774,0.900702],[9.618175,0.806789],[9.628429,0.6883],[9.625011,0.639309],[9.628429,0.61872],[9.6421,0.598863],[9.634125,0.582913],[9.623871,0.539496],[9.617524,0.530585],[9.608572,0.523139],[9.603689,0.505357],[9.603526,0.485012],[9.607921,0.469184],[9.590831,0.472886],[9.582774,0.481635],[9.573253,0.510077],[9.581879,0.525092],[9.587087,0.553697],[9.585297,0.582831],[9.573253,0.598863],[9.571788,0.585679],[9.56658,0.575507],[9.557791,0.568549],[9.545909,0.564765],[9.539887,0.591254],[9.516449,0.604153],[9.487153,0.605943],[9.464041,0.598863],[9.477794,0.619086],[9.499034,0.621772],[9.542491,0.612494],[9.559255,0.621527],[9.562836,0.642157],[9.555431,0.665229],[9.539073,0.681464],[9.52003,0.683539],[9.502289,0.675849],[9.486583,0.665961],[9.468272,0.65884],[9.454763,0.6494],[9.446544,0.647284],[9.432953,0.649156],[9.424083,0.652818],[9.415375,0.655219],[9.402029,0.65351],[9.391775,0.649359],[9.37143,0.637641],[9.360199,0.633043],[9.337657,0.628363],[9.315929,0.626166],[9.308849,0.614],[9.304861,0.558905],[9.305675,0.544257],[9.319021,0.528632],[9.334646,0.527899],[9.352224,0.529242],[9.37086,0.520087],[9.398692,0.488715],[9.411388,0.469916],[9.459321,0.359931],[9.473481,0.345649],[9.484141,0.33808],[9.490082,0.302436],[9.498057,0.290961],[9.505056,0.292304],[9.527517,0.302232],[9.535655,0.304674],[9.548188,0.302558],[9.553884,0.306138],[9.559581,0.318305],[9.566417,0.318305],[9.572113,0.298326],[9.586436,0.283637],[9.621104,0.263088],[9.668956,0.22724],[9.679698,0.222154],[9.711436,0.223212],[9.719574,0.218573],[9.73463,0.205024],[9.747244,0.196438],[9.792247,0.181098],[9.805431,0.185696],[9.88266,0.190416],[9.902354,0.196845],[9.920909,0.205797],[9.93629,0.215969],[9.955821,0.200019],[9.975434,0.194322],[10.025645,0.195461],[10.025645,0.187974],[9.985199,0.174954],[9.97047,0.173651],[9.954275,0.176947],[9.925059,0.18769],[9.908946,0.187974],[9.896332,0.183498],[9.861176,0.161282],[9.850352,0.150784],[9.831879,0.126776],[9.819591,0.119086],[9.803884,0.133246],[9.778087,0.134467],[9.758556,0.125556],[9.761241,0.109198],[9.775564,0.090399],[9.812185,0.023505],[9.779552,0.049465],[9.748871,0.097846],[9.712413,0.134833],[9.662608,0.126532],[9.652354,0.146877],[9.643565,0.153022],[9.628429,0.153795],[9.619314,0.147203],[9.591156,0.119208],[9.586762,0.112291],[9.580251,0.121772],[9.571788,0.15648],[9.566417,0.167467],[9.553722,0.174058],[9.504242,0.187974],[9.493663,0.169989],[9.492524,0.152004],[9.498057,0.109198],[9.494965,0.098456],[9.488048,0.098334],[9.479828,0.103583],[9.473481,0.109198],[9.470063,0.14704],[9.460785,0.16649],[9.434581,0.192125],[9.42921,0.205024],[9.424327,0.208197],[9.391612,0.208441],[9.380382,0.20539],[9.374278,0.198065],[9.368907,0.189114],[9.360199,0.181098],[9.35727,0.190131],[9.356456,0.201728],[9.358409,0.211656],[9.363617,0.215969],[9.373871,0.219184],[9.373383,0.227444],[9.368907,0.23843],[9.367035,0.250067],[9.376638,0.287299],[9.378673,0.307563],[9.374522,0.332017],[9.365896,0.351549],[9.356212,0.358629],[9.345388,0.35578],[9.313487,0.32746],[9.309093,0.32453],[9.30714,0.318996],[9.302013,0.292548],[9.298839,0.283515],[9.310232,0.251288],[9.345388,0.061957],[9.34669,0.040595],[9.348969,0.032904],[9.353526,0.024848],[9.355317,0.016181],[9.350352,0.006781],[9.345019,7.2e-05],[9.342784,-0.00274],[9.33725,-0.013482],[9.334158,-0.025405],[9.333018,-0.037896],[9.344412,-0.06349],[9.34669,-0.072686],[9.345958,-0.084731],[9.341563,-0.106134],[9.340505,-0.11712],[9.335704,-0.137302],[9.313162,-0.182061],[9.305675,-0.203058],[9.306488,-0.332289],[9.292166,-0.373712],[9.267426,-0.412367],[9.177989,-0.510837],[9.160004,-0.546808],[9.100841,-0.599705],[9.09254,-0.625665],[9.100841,-0.642348],[9.112478,-0.658298],[9.114513,-0.681573],[9.100841,-0.65488],[9.089122,-0.659926],[9.087901,-0.668715],[9.089854,-0.679295],[9.087169,-0.68963],[9.081716,-0.693292],[9.065196,-0.698989],[9.059337,-0.702732],[9.052013,-0.710626],[9.050548,-0.714288],[9.052013,-0.719985],[9.052989,-0.733657],[9.047618,-0.750177],[9.023774,-0.7763],[9.018321,-0.79518],[9.015798,-0.85589],[9.011485,-0.874607],[9.004649,-0.874607],[8.99822,-0.860447],[9.005138,-0.825291],[9.004649,-0.805108],[8.993175,-0.787205],[8.957042,-0.753513],[8.949474,-0.733657],[8.946462,-0.718438],[8.938975,-0.701349],[8.929047,-0.68727],[8.904959,-0.675877],[8.895274,-0.675063],[8.88795,-0.681573],[8.887706,-0.693292],[8.894542,-0.70379],[8.904796,-0.711847],[8.914561,-0.716404],[8.914561,-0.72324],[8.896983,-0.722263],[8.879405,-0.718357],[8.866059,-0.719496],[8.860688,-0.733657],[8.857677,-0.753595],[8.852875,-0.771254],[8.851899,-0.788018],[8.860688,-0.805108],[8.844412,-0.800226],[8.839529,-0.78631],[8.837413,-0.77158],[8.8296,-0.764744],[8.815684,-0.760024],[8.806,-0.748305],[8.800304,-0.733657],[8.795746,-0.691827],[8.787364,-0.657647],[8.772309,-0.633233],[8.750824,-0.633884],[8.747081,-0.627211],[8.745453,-0.622247],[8.74643,-0.616143],[8.750824,-0.60711],[8.718598,-0.600844],[8.707693,-0.592218],[8.716563,-0.572931],[8.709158,-0.565606],[8.695567,-0.586602],[8.718923,-0.660252],[8.749685,-0.699965],[8.76295,-0.752618],[8.784353,-0.789158],[8.81072,-0.84881],[8.825857,-0.874607],[8.831065,-0.886814],[8.83961,-0.922459],[8.847016,-0.922459],[8.856944,-0.915948],[8.864513,-0.933038],[8.87086,-0.957696],[8.877452,-0.973728],[8.894705,-0.978123],[8.924001,-0.958266],[8.93572,-0.963474],[8.930675,-0.965102],[8.922699,-0.972589],[8.914399,-0.984063],[8.908458,-0.997491],[8.922699,-1.003676],[8.907725,-1.008559],[8.893403,-1.00156],[8.867442,-0.976983],[8.966645,-1.104425],[8.983572,-1.14837],[8.990896,-1.209649],[8.994151,-1.220392],[9.000499,-1.221368],[9.003917,-1.212335],[9.009776,-1.185317],[8.997244,-1.155206],[9.015798,-1.169854],[9.033051,-1.193455],[9.037771,-1.216729],[9.018321,-1.23089],[9.020763,-1.237563],[9.022472,-1.24033],[9.025727,-1.24391],[9.018809,-1.26214],[9.021251,-1.282485],[9.03004,-1.299086],[9.042166,-1.305922],[9.057384,-1.3117],[9.09254,-1.338067],[9.107107,-1.346368],[9.119884,-1.348565],[9.124278,-1.345961],[9.126231,-1.342055],[9.135997,-1.337986],[9.141775,-1.33408],[9.146495,-1.332289],[9.150076,-1.338637],[9.156912,-1.344985],[9.15919,-1.346368],[9.156505,-1.35475],[9.154796,-1.3742],[9.15797,-1.395196],[9.169119,-1.40838],[9.18572,-1.410577],[9.233653,-1.401625],[9.243988,-1.394952],[9.251964,-1.380304],[9.262055,-1.366143],[9.278331,-1.36061],[9.284923,-1.36419],[9.293224,-1.378025],[9.302257,-1.381117],[9.312999,-1.378188],[9.322927,-1.370864],[9.330251,-1.360935],[9.333018,-1.350193],[9.325694,-1.297947],[9.326182,-1.278009],[9.33546,-1.28338],[9.339366,-1.287774],[9.33839,-1.292413],[9.333018,-1.298517],[9.351248,-1.333266],[9.354503,-1.350518],[9.338634,-1.379653],[9.334158,-1.398614],[9.326182,-1.40838],[9.318207,-1.411065],[9.294281,-1.413344],[9.28533,-1.415785],[9.28533,-1.422052],[9.29477,-1.429946],[9.298839,-1.444106],[9.29713,-1.457696],[9.288748,-1.463637],[9.271251,-1.465509],[9.256602,-1.471449],[9.248546,-1.482029],[9.250336,-1.497735],[9.255382,-1.499444],[9.264985,-1.500665],[9.274181,-1.503025],[9.278331,-1.507989],[9.277517,-1.526137],[9.278331,-1.535333],[9.285411,-1.549981],[9.286632,-1.566095],[9.292166,-1.5735],[9.299815,-1.577407],[9.306326,-1.576918],[9.312673,-1.574884],[9.319347,-1.5735],[9.351899,-1.570977],[9.37908,-1.562921],[9.402029,-1.546482],[9.426931,-1.513116],[9.431163,-1.509698],[9.434581,-1.504571],[9.436046,-1.494317],[9.431814,-1.479425],[9.432302,-1.473077],[9.439464,-1.470473],[9.452159,-1.469903],[9.456554,-1.470473],[9.476248,-1.481622],[9.484386,-1.484145],[9.480154,-1.500746],[9.481293,-1.522556],[9.490571,-1.559828],[9.502452,-1.579848],[9.518321,-1.591729],[9.559581,-1.607599],[9.529552,-1.614435],[9.446788,-1.603285],[9.415538,-1.607599],[9.42213,-1.619399],[9.422618,-1.635919],[9.415538,-1.669692],[9.400645,-1.661391],[9.39503,-1.646905],[9.396251,-1.63006],[9.402029,-1.614435],[9.377696,-1.616469],[9.350922,-1.62477],[9.327485,-1.63836],[9.312511,-1.65545],[9.310395,-1.646661],[9.305024,-1.638442],[9.297537,-1.634535],[9.288748,-1.63836],[9.285981,-1.645766],[9.295095,-1.659438],[9.292166,-1.669692],[9.280284,-1.675063],[9.274181,-1.659601],[9.264659,-1.535333],[9.235199,-1.526544],[9.226817,-1.522068],[9.178722,-1.483331],[9.172618,-1.476739],[9.15919,-1.468032],[9.127615,-1.428888],[9.121349,-1.419041],[9.115977,-1.399509],[9.09254,-1.375095],[9.082286,-1.34352],[9.069835,-1.33172],[9.05421,-1.324884],[9.038748,-1.32643],[9.019379,-1.304783],[9.007091,-1.287367],[8.996918,-1.257582],[8.983572,-1.23089],[8.988292,-1.251723],[8.996918,-1.273696],[9.007091,-1.298517],[9.016612,-1.315851],[9.141856,-1.490981],[9.197276,-1.548272],[9.220063,-1.579767],[9.236827,-1.62127],[9.237966,-1.63128],[9.236827,-1.662286],[9.239757,-1.673761],[9.248546,-1.696059],[9.250336,-1.706964],[9.250336,-1.748224],[9.24936,-1.756606],[9.245128,-1.774102],[9.244314,-1.785821],[9.246918,-1.815525],[9.255382,-1.835219],[9.270193,-1.840427],[9.292166,-1.826104],[9.314952,-1.842869],[9.317231,-1.854099],[9.305675,-1.873956],[9.316661,-1.873956],[9.325531,-1.876153],[9.333263,-1.880955],[9.340505,-1.888279],[9.340017,-1.876153],[9.342133,-1.86533],[9.347667,-1.857192],[9.357188,-1.854099],[9.359548,-1.848891],[9.362478,-1.837579],[9.367198,-1.82586],[9.374522,-1.819268],[9.391938,-1.826349],[9.417328,-1.872979],[9.436046,-1.888279],[9.432384,-1.866143],[9.432465,-1.856622],[9.436046,-1.847263],[9.441173,-1.851983],[9.456554,-1.860935],[9.466645,-1.851332],[9.485199,-1.870375],[9.517751,-1.926446],[9.519298,-1.933038],[9.509776,-1.939548],[9.498057,-1.957127],[9.503673,-1.96852],[9.528168,-1.985447],[9.539073,-1.998142],[9.548513,-1.997735],[9.549917150258695,-2.0],[9.501395082437277,-2.0],[9.480724,-1.998142],[9.474946,-1.996026],[9.468516,-1.990818],[9.456554,-1.977634],[9.47877,-1.959568],[9.481293,-1.939142],[9.467296,-1.922459],[9.439464,-1.915623],[9.388194,-1.915623],[9.389903,-1.919692],[9.384776,-1.927423],[9.37794,-1.931817],[9.374522,-1.925714],[9.375499,-1.918634],[9.37794,-1.914158],[9.382335,-1.911391],[9.388194,-1.909356],[9.380707,-1.888279],[9.374522,-1.888279],[9.366873,-1.909356],[9.359711,-1.914727],[9.34669,-1.909356],[9.349376,-1.906996],[9.350597,-1.906671],[9.351817,-1.905857],[9.354177,-1.901788],[9.333751,-1.903985],[9.311046,-1.896742],[9.292735,-1.882582],[9.28533,-1.864353],[9.280935,-1.860447],[9.273611,-1.866957],[9.271251,-1.876642],[9.281912,-1.881443],[9.283214,-1.885919],[9.291677,-1.89544],[9.301117,-1.903985],[9.305675,-1.905532],[9.312266,-1.915948],[9.354177,-1.957127],[9.368012,-1.995212],[9.37141275562701,-2.0],[0.0,-2.0],[0.0,-0.00439],[0.004328,-0.00439],[0.004328,0.004817],[0.0,0.004817],[0.0,5.616764132745397],[0.034516,5.628363]],[[5.621349,-1.458266],[5.617035,-1.462091],[5.61199,-1.463637],[5.628917,-1.475681],[5.642751,-1.462823],[5.646251,-1.438409],[5.633067,-1.415785],[5.622813,-1.422947],[5.618663,-1.433038],[5.619965,-1.444594],[5.626231,-1.456231],[5.621349,-1.458266]],[[8.997244,-0.620212],[9.00587,-0.616957],[9.010427,-0.611017],[9.01002,-0.602797],[9.004649,-0.592869],[8.996104,-0.603692],[8.974376,-0.616957],[8.963145,-0.627618],[8.951671,-0.642999],[8.949474,-0.650649],[8.949474,-0.661716],[8.952891,-0.672784],[8.966645,-0.68727],[8.971202,-0.695896],[8.971202,-0.711521],[8.968435,-0.724867],[8.968516,-0.7374],[8.977306,-0.750584],[8.992931,-0.761163],[9.006602,-0.76214],[9.021007,-0.755548],[9.038748,-0.743748],[9.037852,-0.712091],[9.041515,-0.669854],[9.033458,-0.635431],[8.997244,-0.627618],[8.997244,-0.620212]],[[6.641856,0.410793],[6.609548,0.390367],[6.578298,0.364569],[6.540782,0.351874],[6.533051,0.348131],[6.497813,0.31269],[6.495372,0.306383],[6.494314,0.299994],[6.490245,0.290961],[6.470876,0.26789],[6.468516,0.259955],[6.46811,0.239814],[6.466319,0.231024],[6.461681,0.222154],[6.467296,0.21247],[6.502696,0.098578],[6.505707,0.094875],[6.509613,0.092678],[6.513682,0.088284],[6.516938,0.078111],[6.516612,0.069973],[6.511729,0.05272],[6.510102,0.051418],[6.516368,0.033637],[6.526622,0.024115],[6.536957,0.026435],[6.5442,0.043931],[6.557302,0.028266],[6.567719,0.042141],[6.57838,0.078111],[6.582856,0.077338],[6.616222,0.078111],[6.618175,0.081204],[6.633637,0.098578],[6.641449,0.10102],[6.652599,0.103217],[6.660004,0.107327],[6.653331,0.124579],[6.65919,0.128852],[6.668468,0.131008],[6.674571,0.133368],[6.703136,0.180406],[6.715587,0.195461],[6.740082,0.218573],[6.748546,0.230699],[6.756521,0.250067],[6.760509,0.268297],[6.760916,0.284166],[6.756521,0.310858],[6.746104,0.33808],[6.727061,0.366929],[6.703868,0.391832],[6.681407,0.407131],[6.641856,0.410793]],[[7.459727,1.6883],[7.448741,1.693183],[7.421235,1.695705],[7.403005,1.699774],[7.385265,1.692328],[7.371837,1.677191],[7.366547,1.658108],[7.366466,1.641791],[7.364024,1.629381],[7.355968,1.620022],[7.339366,1.613105],[7.330089,1.614651],[7.329356,1.596259],[7.33253,1.565334],[7.343761,1.559882],[7.358409,1.558905],[7.372244,1.554145],[7.381033,1.537991],[7.38738,1.542467],[7.394054,1.545396],[7.395681,1.542385],[7.398774,1.53498],[7.401378,1.531195],[7.402517,1.54206],[7.40211,1.550727],[7.405772,1.556464],[7.418224,1.558498],[7.425548,1.56273],[7.430512,1.57274],[7.435557,1.592597],[7.434418,1.61522],[7.438243,1.623928],[7.452647,1.627346],[7.461762,1.630805],[7.456716,1.638332],[7.443533,1.645453],[7.428722,1.647854],[7.434825,1.658881],[7.446137,1.665473],[7.457367,1.669989],[7.462738,1.674547],[7.459727,1.6883]],[[8.914561,3.752143],[8.911469,3.753811],[8.908458,3.758205],[8.880626,3.747301],[8.84669,3.746405],[8.814301,3.751288],[8.791759,3.758205],[8.781912,3.750963],[8.76824,3.751695],[8.737153,3.758205],[8.741222,3.768622],[8.743419,3.772406],[8.702403,3.760932],[8.667166,3.726264],[8.640961,3.683539],[8.62794,3.648342],[8.621104,3.555854],[8.615245,3.543118],[8.60141,3.529731],[8.585704,3.518459],[8.573253,3.511786],[8.582286,3.497748],[8.585134,3.479315],[8.5796,3.463324],[8.562755,3.456529],[8.52711,3.463039],[8.510265,3.463813],[8.497569,3.456529],[8.473888,3.46308],[8.455251,3.446519],[8.442149,3.421332],[8.435395,3.401923],[8.42921,3.359605],[8.425304,3.350409],[8.422048,3.339301],[8.428559,3.326239],[8.437673,3.313137],[8.442231,3.302314],[8.450206,3.272935],[8.469412,3.257961],[8.493175,3.252427],[8.514659,3.251695],[8.52768,3.248847],[8.548839,3.235297],[8.559581,3.230618],[8.569672,3.230414],[8.592621,3.235541],[8.599864,3.238023],[8.627615,3.222602],[8.6421,3.217353],[8.648448,3.220038],[8.653656,3.213568],[8.676606,3.203803],[8.686209,3.197333],[8.695486,3.208564],[8.729747,3.264797],[8.774669,3.316555],[8.780935,3.332913],[8.781423,3.378974],[8.784923,3.395087],[8.81365,3.412177],[8.815929,3.415513],[8.818696,3.420885],[8.823416,3.444403],[8.840668,3.458075],[8.860688,3.511786],[8.863536,3.515123],[8.896739,3.554429],[8.906993,3.582099],[8.943126,3.614203],[8.951182,3.627427],[8.95753,3.643012],[8.961599,3.660468],[8.963145,3.679674],[8.959158,3.700832],[8.949229,3.717922],[8.922699,3.750718],[8.914561,3.752143]],[[7.523774,4.482367],[7.487804,4.473375],[7.469574,4.471381],[7.451915,4.475531],[7.416352,4.493842],[7.404552,4.498033],[7.356212,4.483303],[7.346202,4.478176],[7.336925,4.46015],[7.342784,4.447089],[7.358165,4.439276],[7.431814,4.434801],[7.449229,4.436591],[7.499034,4.454495],[7.514415,4.457099],[7.552582,4.455552],[7.569998,4.459418],[7.578868,4.471381],[7.584483,4.484605],[7.574229,4.48786],[7.541026,4.484442],[7.523774,4.482367]],[[7.258556,4.497545],[7.243175,4.5244],[7.229503,4.532782],[7.225597,4.516181],[7.221446,4.506659],[7.202159,4.484442],[7.179698,4.449774],[7.147716,4.41592],[7.138031,4.39704],[7.147716,4.385077],[7.181651,4.382025],[7.270681,4.400377],[7.284841,4.406195],[7.29835,4.41474],[7.307791,4.424506],[7.312022,4.440009],[7.312266,4.455634],[7.314301,4.469143],[7.320486,4.481024],[7.33253,4.491889],[7.319672,4.496527],[7.274181,4.491889],[7.258556,4.497545]],[[9.306793,0.936406],[9.301594,0.90303],[9.314052,0.895347],[9.322218,0.881535],[9.334347,0.885605],[9.336782,0.895347],[9.342465,0.899406],[9.328712,0.91124],[9.331911,0.922136],[9.3279,0.930723],[9.319782,0.936406],[9.306793,0.936406]],[[9.379643,0.806971],[9.384086,0.809629],[9.376786,0.809986],[9.379643,0.806971]]]}},{"type":"Feature","id":"ne:ocean:caspian","properties":{"source":"ne_10m_ocean"},"geometry":{"type":"Polygon","coordinates":[[[54.746837,40.995673],[54.756196,40.981594],[54.76002,40.965033],[54.756033,40.948432],[54.746593,40.932685],[54.708995,40.884996],[54.699555,40.879096],[54.657563,40.862006],[54.639903,40.838772],[54.62436,40.836493],[54.590668,40.826728],[54.474946,40.809882],[54.437836,40.817043],[54.456309,40.835639],[54.468761,40.85163],[54.465831,40.865953],[54.437836,40.879706],[54.421153,40.879869],[54.360525,40.91706],[54.331716,40.926907],[54.312511,40.923896],[54.299001,40.916083],[54.273285,40.893378],[54.266124,40.891343],[54.257498,40.891425],[54.250011,40.890611],[54.245942,40.885932],[54.248302,40.874986],[54.257091,40.873114],[54.2671,40.874172],[54.273285,40.87226],[54.274587,40.864895],[54.271983,40.859849],[54.268321,40.855048],[54.266449,40.848334],[54.268809,40.839911],[54.278575,40.823635],[54.285004,40.797431],[54.303884,40.770087],[54.308116,40.752143],[54.310557,40.730658],[54.318207,40.721625],[54.331065,40.720201],[54.430431,40.721422],[54.414887,40.708726],[54.375173,40.700914],[54.362641,40.687934],[54.383962,40.682766],[54.403575,40.673651],[54.252696,40.676581],[54.22169,40.687079],[54.21754,40.690253],[54.220714,40.69538],[54.230479,40.719387],[54.235037,40.725735],[54.232188,40.728339],[54.171072,40.729682],[54.141368,40.716864],[54.112071,40.713446],[54.05421,40.715277],[54.063243,40.708482],[54.08961,40.69892],[54.095225,40.697821],[54.093272,40.69009],[54.088145,40.682196],[54.080333,40.676093],[54.049083,40.669989],[54.030528,40.662828],[54.010753,40.657864],[53.985362,40.66059],[53.957856,40.672105],[53.947765,40.673651],[53.937755,40.671617],[53.894786,40.653062],[53.879161,40.637926],[53.862641,40.626166],[53.804861,40.632636],[53.759532,40.625678],[53.721039,40.625678],[53.704763,40.650092],[53.708018,40.659003],[53.722016,40.680732],[53.72462,40.687934],[53.719493,40.69831],[53.711192,40.701646],[53.701182,40.703111],[53.691173,40.707831],[53.676443,40.725898],[53.660981,40.766181],[53.649587,40.783515],[53.656749,40.78974],[53.66212,40.796617],[53.670665,40.810777],[53.66033,40.81623],[53.655121,40.823879],[53.649587,40.844916],[53.65089,40.847846],[53.654552,40.852932],[53.657481,40.859076],[53.656993,40.865424],[53.652843,40.867865],[53.638927,40.872016],[53.635997,40.876044],[53.632579,40.881293],[53.624685,40.88703],[53.614757,40.891547],[53.605479,40.893378],[53.592784,40.893378],[53.587413,40.891588],[53.562755,40.852973],[53.559093,40.836819],[53.560802,40.794013],[53.555349,40.773505],[53.541677,40.761623],[53.505544,40.748725],[53.491873,40.740871],[53.483084,40.737047],[53.471446,40.735053],[53.461274,40.736884],[53.446951,40.746527],[53.440684,40.748725],[53.418305,40.752427],[53.398692,40.762763],[53.3838,40.778306],[53.375173,40.797797],[53.375987,40.807074],[53.383067,40.825588],[53.382009,40.831285],[53.369965,40.835191],[53.359223,40.829779],[53.344493,40.81391],[53.341156,40.804592],[53.341156,40.791978],[53.339529,40.780829],[53.330821,40.776068],[53.256033,40.768948],[53.244884,40.77497],[53.24936,40.790351],[53.26588,40.817043],[53.249766,40.812567],[53.2046,40.776068],[53.182302,40.768459],[53.163259,40.767035],[53.118907,40.769843],[53.107432,40.773912],[53.104259,40.783596],[53.104259,40.794908],[53.102061,40.803941],[53.094005,40.812405],[53.077973,40.822211],[53.070811,40.827867],[53.064708,40.84398],[53.081879,40.851508],[53.106293,40.858303],[53.121918,40.87226],[53.111339,40.867092],[53.099783,40.86518],[53.074474,40.865424],[53.072032,40.868964],[53.04005,40.885932],[53.031749,40.899807],[53.019867,40.937934],[53.012055,40.954779],[52.968435,40.997016],[52.958181,41.016262],[52.958751,41.026516],[52.963064,41.037787],[52.965505,41.049384],[52.961192,41.060981],[52.951427,41.068793],[52.927257,41.079047],[52.916515,41.08515],[52.917003,41.044989],[52.931326,40.975653],[52.92335,40.941148],[52.885509,40.865424],[52.86199,40.790351],[52.865245,40.785102],[52.868826,40.775784],[52.870372,40.765082],[52.868175,40.755561],[52.861583,40.756496],[52.845225,40.751654],[52.83253,40.745551],[52.83725,40.742499],[52.837576,40.739081],[52.829845,40.720649],[52.827647,40.711493],[52.833181,40.704901],[52.859223,40.700019],[52.868175,40.694159],[52.863129,40.658108],[52.83253,40.614569],[52.772472,40.550727],[52.750255,40.517646],[52.736583,40.484565],[52.701996,40.312405],[52.698985,40.273871],[52.717784,40.235419],[52.738943,40.219387],[52.743419,40.20954],[52.730968,40.20067],[52.758067,40.172512],[52.768321,40.153795],[52.761974,40.13581],[52.753754,40.12108],[52.746104,40.096991],[52.738455,40.053616],[52.753266,40.031968],[52.787852,40.00434],[52.884125,39.944892],[52.892833,39.934231],[52.898448,39.895494],[52.905284,39.874579],[52.917166,39.858344],[52.952647,39.846503],[52.966319,39.832953],[52.994884,39.780219],[53.008067,39.766343],[53.04005,39.742011],[53.046886,39.748236],[53.019379,39.775336],[53.00587,39.782945],[53.053559,39.762519],[53.053559,39.769273],[53.043712,39.774644],[53.012543,39.797268],[52.974864,39.851874],[52.964529,39.858222],[52.936046,39.8876],[52.930186,39.895941],[52.923595,39.952582],[52.919932,39.964545],[52.903087,39.984931],[52.895844,39.998277],[52.896007,40.008857],[52.913585,40.021674],[52.927501,40.011176],[52.943696,39.981594],[52.974864,39.974311],[53.012462,39.978013],[53.081716,39.995266],[53.072439,39.989814],[53.065115,39.984036],[53.059255,39.977037],[53.053559,39.967922],[53.125743,39.974758],[53.140391,39.981024],[53.155284,39.992377],[53.172374,39.997463],[53.237559,39.95775],[53.248546,39.953599],[53.257091,39.951483],[53.274913,39.942084],[53.282725,39.940009],[53.29005,39.942084],[53.305675,39.951483],[53.310313,39.953599],[53.326834,39.958686],[53.368907,39.995266],[53.385265,40.003079],[53.40211,40.006781],[53.419607,40.006496],[53.437266,40.002672],[53.451996,39.99551],[53.474946,39.979234],[53.491873,39.974758],[53.528819,39.976955],[53.54363,39.974311],[53.560802,39.961086],[53.56422,39.963935],[53.566417,39.96483],[53.569102,39.965562],[53.574474,39.967922],[53.567068,39.94953],[53.552745,39.936225],[53.537283,39.924872],[53.526134,39.912665],[53.530772,39.910712],[53.536957,39.903754],[53.53712,39.896308],[53.522716,39.892808],[53.502696,39.891547],[53.493826,39.88935],[53.485037,39.885403],[53.488292,39.881049],[53.493826,39.870673],[53.499278,39.865546],[53.46754,39.83869],[53.415212,39.78205],[53.382009,39.769273],[53.382009,39.762519],[53.393403,39.757514],[53.405772,39.755805],[53.418224,39.757392],[53.429861,39.762519],[53.412852,39.685696],[53.416759,39.64997],[53.450938,39.632148],[53.449229,39.648586],[53.430431,39.667711],[53.429861,39.686713],[53.435883,39.683336],[53.451671,39.676663],[53.457774,39.673082],[53.447765,39.695258],[53.444102,39.701077],[53.471039,39.696357],[53.497081,39.676459],[53.533458,39.632148],[53.539724,39.632148],[53.539724,39.646308],[53.533458,39.680487],[53.545665,39.674872],[53.556488,39.664496],[53.564464,39.652655],[53.567638,39.642401],[53.568207,39.622626],[53.571625,39.6164],[53.61964,39.62051],[53.633067,39.618313],[53.646495,39.607896],[53.655528,39.592922],[53.654633,39.582099],[53.645274,39.574897],[53.629161,39.570705],[53.647146,39.558254],[53.689301,39.550442],[53.711599,39.543402],[53.722504,39.537055],[53.733165,39.527981],[53.736176,39.51789],[53.72462,39.508612],[53.715994,39.509263],[53.692882,39.519477],[53.683767,39.522203],[53.663585,39.51732],[53.634451,39.495307],[53.615408,39.49494],[53.599457,39.507758],[53.586111,39.523871],[53.573741,39.527289],[53.560802,39.501776],[53.5713,39.499823],[53.577403,39.495266],[53.580577,39.487982],[53.581309,39.477932],[53.577159,39.467841],[53.567882,39.467719],[53.550548,39.474514],[53.509125,39.476508],[53.492198,39.48078],[53.478282,39.488715],[53.46754,39.502346],[53.458751,39.517808],[53.446788,39.530585],[53.426768,39.535956],[53.363536,39.538072],[53.25408,39.521186],[53.21697,39.525051],[53.211274,39.550198],[53.232432,39.567532],[53.235199,39.570705],[53.244395,39.599677],[53.248546,39.607896],[53.277354,39.639228],[53.292735,39.649848],[53.313731,39.65884],[53.27589,39.664862],[53.24171,39.636298],[53.21461,39.593492],[53.178233,39.515692],[53.165538,39.496731],[53.145356,39.483954],[53.14088,39.472642],[53.137462,39.459947],[53.132823,39.450588],[53.104015,39.429348],[53.094737,39.419867],[53.085216,39.400458],[53.088715,39.383246],[53.130544,39.333482],[53.136892,39.321438],[53.161469,39.179592],[53.171886,39.177476],[53.181488,39.189358],[53.184093,39.213813],[53.17213,39.255439],[53.170258,39.272162],[53.173025,39.288316],[53.179535,39.301256],[53.197765,39.323676],[53.185883,39.326361],[53.149913,39.344143],[53.170177,39.352484],[53.218516,39.363837],[53.238617,39.364651],[53.249522,39.361802],[53.264659,39.352851],[53.276134,39.350979],[53.288259,39.350653],[53.296886,39.349066],[53.29949,39.34516],[53.293305,39.337877],[53.293305,39.330471],[53.309093,39.330756],[53.334646,39.340522],[53.347911,39.344143],[53.351573,39.342231],[53.358572,39.332709],[53.361583,39.330471],[53.365489,39.33161],[53.37379,39.336656],[53.375173,39.337877],[53.382009,39.337104],[53.396169,39.338202],[53.403168,39.337877],[53.394298,39.317043],[53.389415,39.310614],[53.405121,39.311265],[53.418793,39.318061],[53.429698,39.327867],[53.437266,39.337877],[53.444102,39.337877],[53.44337,39.318793],[53.452485,39.318061],[53.471446,39.330471],[53.514822,39.332709],[53.526134,39.337877],[53.533458,39.330471],[53.549815,39.348334],[53.562022,39.353339],[53.564952,39.34516],[53.553966,39.323676],[53.574555,39.327867],[53.581309,39.330471],[53.577322,39.316718],[53.560802,39.28266],[53.588145,39.303168],[53.568696,39.246324],[53.563975,39.216702],[53.567638,39.193305],[53.576671,39.203437],[53.592784,39.235053],[53.598318,39.241685],[53.608572,39.235785],[53.610362,39.22191],[53.606944,39.205878],[53.601736,39.193305],[53.623383,39.191636],[53.630219,39.176744],[53.631358,39.156643],[53.635997,39.138658],[53.647309,39.123969],[53.67213,39.098578],[53.683767,39.083441],[53.674083,39.193305],[53.660004,39.200385],[53.67628,39.216213],[53.703949,39.232733],[53.72462,39.241685],[53.702159,39.196234],[53.702403,39.175116],[53.732107,39.172797],[53.703949,39.158637],[53.698009,39.15233],[53.697276,39.142483],[53.705333,39.124213],[53.694672,39.097113],[53.701508,39.078518],[53.715994,39.063422],[53.732107,39.056708],[53.732107,39.062934],[53.724132,39.072089],[53.71518,39.088568],[53.712169,39.104315],[53.721853,39.111396],[53.728038,39.101386],[53.747813,39.054429],[53.756358,39.039374],[53.767263,39.030992],[53.772146,39.033108],[53.776866,39.03913],[53.787364,39.042467],[53.796641,39.041653],[53.820811,39.036282],[53.859711,39.035224],[53.870942,39.028388],[53.882335,39.008979],[53.884044,38.998114],[53.887218,38.988593],[53.891775,38.980536],[53.896658,38.974189],[53.89975,38.972846],[53.912283,38.969672],[53.917003,38.967353],[53.918793,38.964789],[53.922862,38.956041],[53.923188,38.954332],[53.958018,38.944525],[53.971365,38.934272],[53.972911,38.913398],[53.982758,38.916002],[53.97755,38.90176],[53.965587,38.881903],[53.9546,38.867743],[53.945567,38.851304],[53.939789,38.831041],[53.931977,38.813056],[53.917003,38.803534],[53.926931,38.773668],[53.909841,38.737698],[53.863048,38.679389],[53.847423,38.646308],[53.836111,38.606147],[53.826996,38.525458],[53.828298,38.503567],[53.843435,38.442694],[53.845551,38.422309],[53.848155,38.412502],[53.85255,38.403306],[53.861501,38.38935],[53.863048,38.381415],[53.868175,38.30801],[53.866466,38.265082],[53.854991,38.23371],[53.858897,38.206488],[53.834158,38.130276],[53.823985,38.081529],[53.810313,38.048407],[53.80714,38.031968],[53.82488,37.744859],[53.860606,37.611314],[53.865245,37.567288],[53.871104,37.547797],[53.889822,37.508124],[53.899669,37.468411],[53.913748,37.343004],[53.913748,37.34276],[53.923188,37.258002],[53.927745,37.243801],[53.958018,37.178534],[53.980317,37.094062],[53.996267,37.057318],[54.02003,37.027737],[53.997244,36.99372],[53.994395,36.979153],[54.013357,36.97309],[54.028087,36.966213],[54.033539,36.949123],[54.033051,36.845771],[54.026215,36.829088],[54.014334,36.821112],[53.889171,36.793606],[53.872081,36.798407],[53.856456,36.805487],[53.70102,36.816596],[53.660167,36.831204],[53.635997,36.857001],[53.643891,36.857815],[53.663829,36.863227],[53.631033,36.861965],[53.616954,36.865668],[53.609141,36.876899],[53.660411,36.876899],[53.719005,36.870673],[53.734386,36.873236],[53.762055,36.881822],[53.77711,36.883734],[53.803884,36.877021],[53.818207,36.87523],[53.83074,36.880276],[53.876475,36.891669],[53.947602,36.898749],[54.004242,36.914618],[54.006521,36.952623],[53.957774,36.919623],[53.885916,36.905829],[53.492361,36.887885],[53.447602,36.881903],[53.115733,36.822252],[52.950531,36.781317],[52.779307,36.740383],[52.608653,36.712388],[52.430512,36.685126],[52.258556,36.650946],[52.094086,36.602525],[51.909028,36.582709],[51.730968,36.624254],[51.546072,36.650946],[51.367849,36.692572],[51.088634,36.737006],[51.004731,36.767646],[50.86085,36.849555],[50.703136,36.918443],[50.688243,36.928697],[50.658702,36.954332],[50.644786,36.959418],[50.624034,36.963284],[50.513438,37.023261],[50.493988,37.027737],[50.478852,37.03498],[50.429454,37.082953],[50.357188,37.126532],[50.322276,37.153266],[50.292247,37.192816],[50.268728,37.246894],[50.254242,37.264838],[50.245128,37.279283],[50.232107,37.315416],[50.223318,37.329332],[50.227306,37.365424],[50.195649,37.38935],[50.148774,37.403876],[50.018728,37.42772],[49.935313,37.453559],[49.943126,37.461615],[49.948904,37.460924],[49.959972,37.458482],[49.969493,37.459703],[49.933767,37.474433],[49.901541,37.469713],[49.867442,37.458564],[49.826182,37.453559],[49.441742,37.494859],[49.366873,37.51496],[49.205577,37.581692],[49.132498,37.623358],[49.065196,37.67886],[49.014496,37.739163],[48.993663,37.77676],[48.983165,37.815985],[48.984711,37.823188],[48.987804,37.832099],[48.987478,37.842475],[48.952159,37.888007],[48.944509,37.903388],[48.940196,37.924994],[48.941173,37.94774],[48.949067,37.966864],[48.907725,38.083482],[48.893728,38.205797],[48.874848,38.242743],[48.872895,38.295559],[48.865896,38.316881],[48.877208,38.346177],[48.874278,38.434068],[48.874278,38.434231],[48.8685,38.602484],[48.863129,38.756659],[48.839203,38.803534],[48.834727,38.819281],[48.83253,38.835639],[48.831798,38.871161],[48.867931,38.863837],[48.896251,38.890733],[48.898692,38.893052],[48.918224,38.928941],[48.921723,38.935452],[48.948578,39.007229],[48.952647,39.031643],[48.936371,39.053127],[48.932953,39.077704],[48.934825,39.124416],[48.937266,39.125434],[48.942149,39.125393],[48.946951,39.127509],[48.949067,39.135321],[48.948741,39.146186],[48.949555,39.151272],[48.957856,39.165676],[48.961762,39.175849],[48.967621,39.183824],[48.979503,39.187079],[49.022227,39.188218],[49.041189,39.184394],[49.05893,39.172797],[49.062755,39.161322],[49.068614,39.120307],[49.068614,39.111396],[49.116384,39.110297],[49.136404,39.102281],[49.147716,39.083441],[49.146821,39.063422],[49.138682,39.043443],[49.125499,39.028144],[49.110118,39.021959],[49.065196,39.015123],[49.055837,39.007514],[49.054373,39.0008],[49.054698,38.992743],[49.051524,38.981024],[49.079275,38.963324],[49.118826,38.975328],[49.193858,39.016343],[49.203298,39.034125],[49.207856,39.055406],[49.210785,39.090766],[49.215587,39.10635],[49.229666,39.138658],[49.234304,39.156358],[49.237804,39.169501],[49.237071,39.278957],[49.247325,39.310696],[49.273123,39.336575],[49.306407,39.346503],[49.357677,39.320136],[49.370372,39.305854],[49.384532,39.293687],[49.407074,39.289496],[49.407074,39.296942],[49.391368,39.305487],[49.37908,39.31981],[49.370616,39.336168],[49.366873,39.350979],[49.373057,39.350979],[49.378673,39.342475],[49.38559,39.334947],[49.394786,39.328681],[49.407074,39.323676],[49.398692,39.33515],[49.397309,39.34516],[49.403575,39.378485],[49.408051,39.382025],[49.408946,39.38642],[49.40089,39.399359],[49.388845,39.410793],[49.295746,39.476711],[49.285818,39.495185],[49.284923,39.522203],[49.289236,39.542385],[49.29713,39.565579],[49.307384,39.587592],[49.319021,39.604193],[49.318044,39.621405],[49.33725,39.64643],[49.358735,39.666571],[49.383962,39.690131],[49.409841,39.701361],[49.423595,39.70954],[49.424815,39.718085],[49.402029,39.742499],[49.396332,39.756171],[49.40089,39.769273],[49.395193,39.77619],[49.394786,39.782457],[49.40089,39.796617],[49.417166,39.805854],[49.421397,39.810248],[49.422374,39.817328],[49.419688,39.82331],[49.416352,39.828599],[49.414561,39.834174],[49.416515,39.843736],[49.422048,39.849433],[49.429698,39.854315],[49.438487,39.861762],[49.443126,39.873358],[49.439708,39.884996],[49.428233,39.90644],[49.423106,39.9265],[49.423676,39.935492],[49.428233,39.947455],[49.435395,39.957668],[49.442882,39.961859],[49.450694,39.96483],[49.468272,39.977362],[49.478282,39.982327],[49.483897,39.988674],[49.479747,39.998969],[49.471934,40.006496],[49.457693,40.015041],[49.448741,40.022528],[49.435069,40.042792],[49.432628,40.062974],[49.442638,40.078437],[49.496593,40.09455],[49.49586,40.105211],[49.490408,40.132392],[49.492524,40.153998],[49.503591,40.164944],[49.520844,40.174221],[49.559255,40.206692],[49.577159,40.216742],[49.653656,40.23843],[49.711925,40.26435],[49.778331,40.275824],[49.819021,40.29206],[49.847179,40.314154],[49.840343,40.337836],[49.873546,40.360582],[49.893403,40.369045],[49.919607,40.35814],[49.945323,40.354722],[49.955821,40.351508],[49.963715,40.344794],[49.976573,40.329047],[49.983735,40.324205],[50.003754,40.324205],[50.037608,40.345771],[50.055186,40.351508],[50.093598,40.351508],[50.102875,40.35342],[50.116466,40.357978],[50.127696,40.358954],[50.147716,40.35692],[50.185313,40.34748],[50.229991,40.34276],[50.252615,40.33633],[50.273692,40.327338],[50.32309,40.296576],[50.347911,40.2744],[50.368663,40.249701],[50.387869,40.221137],[50.391124,40.235012],[50.385997,40.255683],[50.377696,40.2744],[50.370779,40.28262],[50.360525,40.36518],[50.350597,40.385891],[50.335948,40.405951],[50.317393,40.42121],[50.295665,40.427232],[50.27589,40.436591],[50.260753,40.458075],[50.248546,40.481187],[50.237559,40.496161],[50.220063,40.503648],[50.129649,40.518459],[50.109386,40.527086],[50.090343,40.540229],[50.07252,40.556952],[50.068044,40.563707],[50.064789,40.57095],[50.060395,40.577948],[50.052013,40.584296],[49.938162,40.58747],[49.914236,40.584296],[49.858653,40.566636],[49.840343,40.563788],[49.816742,40.565375],[49.773936,40.575629],[49.723806,40.580756],[49.704112,40.58808],[49.668468,40.612209],[49.652599,40.619208],[49.633067,40.623196],[49.58961,40.62519],[49.576182,40.62995],[49.556651,40.641181],[49.53891,40.653998],[49.531912,40.662869],[49.531261,40.663723],[49.528331,40.66885],[49.514903,40.681586],[49.510753,40.687934],[49.509532,40.699042],[49.510997,40.70954],[49.516938,40.728909],[49.534353,40.766181],[49.538829,40.788072],[49.527843,40.797797],[49.507823,40.80622],[49.489919,40.823147],[49.471039,40.835761],[49.448741,40.831285],[49.403168,40.852729],[49.382009,40.866645],[49.373057,40.882799],[49.363129,40.894232],[49.243175,40.997219],[49.195486,41.057278],[49.178477,41.128852],[49.171641,41.140367],[49.160655,41.148098],[49.154307,41.166449],[49.141938,41.25316],[49.135916,41.27497],[49.123383,41.293687],[49.108897,41.30976],[49.078624,41.35753],[49.042491,41.414374],[49.027599,41.43122],[49.019216,41.43476],[48.994477,41.440416],[48.989431,41.444525],[48.985362,41.450507],[48.962169,41.476142],[48.953868,41.489081],[48.941173,41.504625],[48.924327,41.517808],[48.904063,41.523383],[48.865896,41.585395],[48.797618,41.643134],[48.79184,41.667426],[48.777843,41.68301],[48.743663,41.70893],[48.655447,41.800605],[48.620128,41.824408],[48.589366,41.838365],[48.578949,41.845282],[48.578624,41.845526],[48.552908,41.875556],[48.51002,41.8935],[48.462413,41.900784],[48.416352,41.915025],[48.386729,41.937201],[48.324962,42.038764],[48.315603,42.060289],[48.311697,42.081977],[48.304047,42.102729],[48.286143,42.120836],[48.249685,42.146552],[48.222341,42.175116],[48.095958,42.349799],[48.078787,42.362738],[48.023692,42.392971],[47.992931,42.419664],[47.938487,42.481106],[47.867686,42.584662],[47.837657,42.604926],[47.751801,42.636664],[47.727306,42.662787],[47.715587,42.696682],[47.715099,42.736233],[47.71697,42.747219],[47.721365,42.75727],[47.715099,42.75727],[47.716645,42.773586],[47.709972,42.82217],[47.711681,42.832424],[47.707774,42.837836],[47.701671,42.861762],[47.69809,42.867133],[47.621593,42.905097],[47.605642,42.917426],[47.599132,42.931708],[47.589854,42.942694],[47.530121,42.962104],[47.461925,43.020819],[47.45281,43.080797],[47.455089,43.099921],[47.459483,43.104438],[47.47641,43.118069],[47.482432,43.127265],[47.48227,43.138007],[47.478852,43.148668],[47.478038,43.159898],[47.48585,43.171942],[47.488292,43.180487],[47.481212,43.202338],[47.48585,43.212836],[47.506033,43.2355],[47.5171,43.243313],[47.549001,43.257636],[47.564952,43.268052],[47.574718,43.287787],[47.58074,43.29267],[47.585704,43.299547],[47.58546,43.312201],[47.582367,43.32099],[47.577403,43.329657],[47.570323,43.333726],[47.55421,43.325507],[47.534353,43.320624],[47.509613,43.291693],[47.493419,43.296332],[47.486827,43.310858],[47.488617,43.329535],[47.496755,43.346381],[47.483246,43.379706],[47.482188,43.42178],[47.490896,43.462836],[47.519705,43.520006],[47.543793,43.627509],[47.601573,43.765692],[47.643809,43.829901],[47.701508,43.874498],[47.677989,43.888617],[47.652843,43.896674],[47.625662,43.900336],[47.595714,43.90119],[47.588227,43.898139],[47.554698,43.877631],[47.544444,43.86522],[47.54184,43.854722],[47.543793,43.832343],[47.540863,43.804755],[47.533865,43.775946],[47.522634,43.748847],[47.506602,43.726752],[47.502696,43.715033],[47.507335,43.685736],[47.500011,43.671576],[47.48878,43.661322],[47.481781,43.653144],[47.477794,43.643744],[47.475841,43.629543],[47.474457,43.593451],[47.465343,43.552151],[47.448497,43.518134],[47.424327,43.503974],[47.404307,43.511379],[47.403819,43.527574],[47.404959,43.543769],[47.390147,43.551174],[47.379893,43.559719],[47.371755,43.579739],[47.366547,43.602851],[47.365733,43.620673],[47.37322,43.620673],[47.377126,43.616523],[47.393565,43.606391],[47.408051,43.636868],[47.427745,43.668443],[47.434581,43.67357],[47.443126,43.677395],[47.450938,43.681871],[47.455089,43.688951],[47.43393,43.716254],[47.444591,43.738471],[47.450206,43.745917],[47.458507,43.754462],[47.469412,43.760077],[47.495453,43.764838],[47.503429,43.770901],[47.502778,43.780992],[47.489268,43.815579],[47.482758,43.824897],[47.468272,43.826117],[47.452159,43.822984],[47.441417,43.819281],[47.445486,43.829739],[47.459483,43.851793],[47.461925,43.860297],[47.455251,43.870917],[47.432628,43.876166],[47.427745,43.884182],[47.42335,43.907945],[47.412283,43.925971],[47.386892,43.956488],[47.357921,44.020575],[47.348643,44.031562],[47.333995,44.039537],[47.316091,44.058051],[47.289887,44.093004],[47.265391,44.168647],[47.245942,44.211982],[47.22169,44.23078],[47.21046,44.226752],[47.190929,44.208564],[47.180024,44.202867],[47.166759,44.203315],[47.146332,44.214301],[47.136078,44.217108],[47.122244,44.222724],[47.104991,44.235907],[47.088715,44.251532],[47.078298,44.26435],[47.069184,44.284329],[47.055431,44.327704],[47.0442,44.346259],[47.025645,44.359605],[47.002615,44.367336],[46.851899,44.39761],[46.84018,44.397773],[46.817638,44.39468],[46.773204,44.39468],[46.758962,44.40058],[46.734386,44.414781],[46.711274,44.43183],[46.700938,44.446194],[46.697765,44.466457],[46.683604,44.506781],[46.680431,44.528469],[46.684581,44.537909],[46.694672,44.543036],[46.707205,44.545111],[46.718272,44.545478],[46.723155,44.549465],[46.718923,44.55801],[46.711599,44.566392],[46.707774,44.569729],[46.716319,44.638861],[46.722016,44.655341],[46.746267,44.654039],[46.766368,44.681464],[46.791677,44.706041],[46.831309,44.696357],[46.843516,44.709662],[46.854503,44.725409],[46.867931,44.740465],[46.888194,44.751899],[46.923839,44.77204],[46.94337,44.77497],[46.961599,44.765204],[46.971446,44.783759],[47.003184,44.817613],[47.01002,44.830064],[47.003917,44.84809],[46.991954,44.870063],[46.983897,44.893378],[46.988943,44.915432],[47.003184,44.921576],[47.011485,44.902289],[47.016287,44.857978],[47.023611,44.842963],[47.059093,44.802924],[47.071462,44.785102],[47.078298,44.785102],[47.079112,44.800116],[47.084483,44.817532],[47.111664,44.869574],[47.098155,44.946519],[47.098806,44.956366],[47.111501,44.958482],[47.12672,44.950263],[47.139659,44.938218],[47.146007,44.929104],[47.154959,44.948635],[47.165782,44.966986],[47.180675,44.976711],[47.201182,44.970038],[47.211681,44.990302],[47.227875,45.033393],[47.250499,45.065253],[47.261241,45.085028],[47.275645,45.120836],[47.286469,45.165961],[47.29713,45.187445],[47.314464,45.196601],[47.338145,45.192206],[47.356456,45.185248],[47.370128,45.185614],[47.379405,45.202826],[47.379405,45.282213],[47.384044,45.299465],[47.395193,45.320014],[47.423188,45.357856],[47.424978,45.363918],[47.427745,45.367336],[47.432465,45.369696],[47.448253,45.374742],[47.454275,45.381781],[47.460134,45.390815],[47.459158,45.398749],[47.444835,45.402045],[47.395356,45.404934],[47.381358,45.411038],[47.393565,45.422553],[47.419119,45.426663],[47.477387,45.422431],[47.496755,45.429999],[47.49879,45.438137],[47.496267,45.461575],[47.496755,45.470893],[47.501475,45.480455],[47.534434,45.50609],[47.538259,45.506496],[47.536469,45.507717],[47.526134,45.524848],[47.500173,45.557685],[47.49643,45.565253],[47.493175,45.571967],[47.494314,45.58515],[47.509613,45.593899],[47.5088,45.571112],[47.523774,45.549384],[47.542328,45.537055],[47.55128,45.542304],[47.55421,45.545559],[47.567719,45.553616],[47.571788,45.559068],[47.572113,45.566962],[47.57016,45.573717],[47.559744,45.598456],[47.552745,45.610338],[47.548188,45.620795],[47.55128,45.627997],[47.534841,45.643866],[47.515147,45.649482],[47.468761,45.65526],[47.463227,45.659125],[47.453624,45.672105],[47.448253,45.676418],[47.443533,45.676744],[47.431895,45.675279],[47.427745,45.676418],[47.419932,45.683173],[47.414073,45.69066],[47.412446,45.695624],[47.413097,45.707994],[47.410655,45.713609],[47.383149,45.733954],[47.379405,45.740912],[47.384776,45.75019],[47.396739,45.752875],[47.408702,45.75141],[47.414073,45.748114],[47.425304,45.734809],[47.480805,45.730536],[47.503429,45.717353],[47.463227,45.718085],[47.455089,45.717353],[47.446462,45.712063],[47.436046,45.70303],[47.432628,45.694485],[47.456228,45.68773],[47.472992,45.673774],[47.482432,45.668931],[47.529063,45.670478],[47.540701,45.665839],[47.585948,45.6258],[47.599132,45.6081],[47.615001,45.570217],[47.628103,45.558987],[47.653656,45.559068],[47.644298,45.579088],[47.645518,45.59219],[47.661143,45.621772],[47.623709,45.630683],[47.608735,45.638821],[47.612641,45.65526],[47.608735,45.659491],[47.606293,45.663967],[47.608084,45.667467],[47.616059,45.668931],[47.625824,45.67182],[47.625743,45.679023],[47.622732,45.688218],[47.622895,45.697211],[47.62615,45.709052],[47.62086,45.71308],[47.612559,45.714179],[47.606619,45.717353],[47.604747,45.718817],[47.591075,45.741034],[47.592296,45.744615],[47.57838,45.74494],[47.565196,45.741197],[47.555349,45.743598],[47.55128,45.76203],[47.560069,45.771552],[47.580414,45.770901],[47.603363,45.765082],[47.619477,45.758938],[47.632823,45.750678],[47.643728,45.740912],[47.648448,45.734117],[47.65268,45.720404],[47.6574,45.713609],[47.665212,45.707506],[47.67156,45.705756],[47.678233,45.70539],[47.687266,45.703762],[47.692556,45.703599],[47.696462,45.705878],[47.700206,45.708564],[47.704926,45.709906],[47.710134,45.708075],[47.717052,45.699449],[47.721365,45.696845],[47.75172,45.690863],[47.764903,45.682196],[47.770356,45.665839],[47.77711,45.65233],[47.818207,45.6081],[47.829112,45.614081],[47.838552,45.622016],[47.846446,45.631537],[47.852306,45.642279],[47.835297,45.649604],[47.834727,45.659857],[47.84547,45.679836],[47.845063,45.706773],[47.848888,45.717231],[47.859141,45.724189],[47.875824,45.722602],[47.885753,45.710191],[47.891856,45.697252],[47.896983,45.693793],[47.919688,45.715074],[47.930431,45.721747],[47.950694,45.725735],[47.955821,45.728949],[47.961436,45.731635],[47.969005,45.731635],[47.976329,45.728461],[47.982188,45.723944],[47.986501,45.719672],[47.989513,45.717353],[48.000255,45.704983],[48.007498,45.700507],[48.013031,45.712836],[48.019216,45.718451],[48.02589,45.722602],[48.044688,45.727973],[48.063813,45.745998],[48.078868,45.751532],[48.091645,45.74901],[48.133556,45.724189],[48.147797,45.743354],[48.179861,45.739691],[48.215994,45.724758],[48.242849,45.709906],[48.242035,45.724758],[48.235688,45.734442],[48.227875,45.742255],[48.22283,45.751532],[48.220876,45.765204],[48.224294,45.768378],[48.233653,45.768134],[48.249685,45.771959],[48.269786,45.779486],[48.277192,45.7862],[48.283702,45.799872],[48.285411,45.815009],[48.284679,45.82807],[48.288748,45.837348],[48.304861,45.840888],[48.399425,45.835395],[48.414073,45.84394],[48.407237,45.851874],[48.374278,45.854641],[48.362804,45.857611],[48.356944,45.869371],[48.364919,45.876207],[48.379405,45.87641],[48.393565,45.86815],[48.401134,45.879218],[48.434744,45.915513],[48.457205,45.932318],[48.465587,45.940172],[48.475108,45.941107],[48.492686,45.939887],[48.509532,45.940619],[48.5171,45.947333],[48.522227,45.953599],[48.554942,45.967475],[48.573416,45.971137],[48.593761,45.958197],[48.620128,45.929633],[48.622325,45.925035],[48.626638,45.912421],[48.630382,45.909735],[48.636729,45.909125],[48.643321,45.907538],[48.649425,45.905097],[48.654796,45.902289],[48.679454,45.885321],[48.692638,45.880764],[48.710134,45.881822],[48.691417,45.868801],[48.686697,45.848578],[48.69516,45.82803],[48.716319,45.813544],[48.714692,45.831692],[48.721446,45.838324],[48.743663,45.840888],[48.765473,45.8522],[48.773774,45.850572],[48.791352,45.840888],[48.7824,45.858385],[48.756602,45.887926],[48.757172,45.902289],[48.74879,45.906928],[48.742442,45.91413],[48.741059,45.923],[48.751801,45.941596],[48.754893,45.954169],[48.752208,45.965562],[48.740245,45.970608],[48.699067,45.972602],[48.677989,45.969062],[48.654796,45.956936],[48.651378,45.960517],[48.649587,45.963324],[48.647309,45.970608],[48.671723,45.984117],[48.686371,45.989569],[48.698985,45.991685],[48.709972,45.996975],[48.721853,46.00849],[48.729015,46.019965],[48.726248,46.025214],[48.719574,46.031155],[48.688487,46.066799],[48.673676,46.072821],[48.641856,46.080756],[48.626964,46.087307],[48.654552,46.087307],[48.664236,46.089789],[48.666026,46.095608],[48.665375,46.102362],[48.667817,46.107815],[48.678559,46.120307],[48.685557,46.122382],[48.695811,46.11522],[48.701996,46.11522],[48.714122,46.129584],[48.747244,46.118801],[48.781749,46.096666],[48.797618,46.077053],[48.800955,46.064683],[48.808442,46.056627],[48.817882,46.05622],[48.825531,46.066799],[48.827647,46.087714],[48.819835,46.103461],[48.791352,46.128241],[48.818533,46.124701],[48.832367,46.107652],[48.842947,46.087307],[48.85963,46.073635],[48.874197,46.078192],[48.868012,46.099799],[48.850841,46.125312],[48.831798,46.141913],[48.839203,46.149359],[48.853282,46.141018],[48.874034,46.117621],[48.886974,46.107815],[48.887055,46.12226],[48.881684,46.14289],[48.880138,46.156195],[48.899262,46.148383],[48.914399,46.131985],[48.924327,46.111477],[48.927989,46.09101],[48.931814,46.085273],[48.940603,46.08926],[48.949962,46.098293],[48.955333,46.107815],[48.952647,46.112616],[48.934825,46.135688],[48.934825,46.141913],[48.955821,46.149482],[48.993907,46.171942],[49.020763,46.176663],[49.027517,46.180609],[49.033214,46.18891],[49.042247,46.196234],[49.05893,46.19717],[49.069021,46.191962],[49.083995,46.17178],[49.093028,46.162421],[49.114513,46.151272],[49.119477,46.158759],[49.11199,46.221137],[49.104747,46.240668],[49.088227,46.251166],[49.05893,46.251776],[49.066417,46.263861],[49.0713,46.268256],[49.079356,46.272284],[49.076182,46.2862],[49.088145,46.294501],[49.119802,46.305732],[49.138194,46.329657],[49.150157,46.335761],[49.168224,46.327541],[49.1421,46.309963],[49.159679,46.291938],[49.197765,46.277899],[49.233246,46.272284],[49.249197,46.26732],[49.265391,46.257514],[49.281993,46.249905],[49.298513,46.251776],[49.306,46.263129],[49.295909,46.274726],[49.263845,46.293362],[49.227143,46.327867],[49.227061,46.327948],[49.22641,46.333686],[49.223888,46.342271],[49.222179,46.361274],[49.215831,46.380316],[49.199229,46.388983],[49.188975,46.389716],[49.178396,46.392808],[49.170421,46.399115],[49.168224,46.40941],[49.173595,46.41352],[49.184906,46.413804],[49.263845,46.396145],[49.278087,46.388983],[49.287852,46.394721],[49.291759,46.39643],[49.255382,46.42414],[49.250743,46.433661],[49.24879,46.449205],[49.243175,46.458564],[49.23463,46.464748],[49.223399,46.470893],[49.250336,46.469387],[49.266287,46.464057],[49.277843,46.453803],[49.291759,46.437405],[49.306326,46.423896],[49.325694,46.410346],[49.366873,46.388983],[49.37143,46.399359],[49.372732,46.410386],[49.37086,46.420885],[49.366873,46.429877],[49.329438,46.457221],[49.303559,46.466457],[49.297618,46.486884],[49.294688,46.508002],[49.278087,46.519273],[49.278087,46.525458],[49.297862,46.523749],[49.309581,46.512274],[49.319184,46.49726],[49.333263,46.484565],[49.337576,46.485256],[49.374522,46.484076],[49.394216,46.478339],[49.378591,46.510199],[49.312999,46.562079],[49.305349,46.587592],[49.323009,46.568061],[49.353852,46.553534],[49.389496,46.544013],[49.421397,46.53974],[49.421641,46.543524],[49.423676,46.550523],[49.428966,46.554877],[49.438487,46.55036],[49.458263,46.53677],[49.46225,46.532945],[49.461681,46.52619],[49.45753,46.517279],[49.456798,46.509589],[49.465668,46.506293],[49.475597,46.50495],[49.492849,46.499579],[49.50408,46.498847],[49.496593,46.509019],[49.486176,46.534654],[49.472341,46.546617],[49.469249,46.562649],[49.469086,46.594387],[49.469737,46.573554],[49.480805,46.560614],[49.498057,46.552802],[49.557872,46.534369],[49.570649,46.521918],[49.578949,46.498847],[49.590017,46.509223],[49.597667,46.521145],[49.608084,46.527004],[49.626801,46.519273],[49.61964,46.563788],[49.622569,46.582831],[49.637706,46.577338],[49.702647,46.519273],[49.704356,46.527167],[49.700857,46.552476],[49.702647,46.560248],[49.713634,46.561428],[49.726817,46.554592],[49.747325,46.536322],[49.757498,46.531684],[49.760916,46.541734],[49.760916,46.563381],[49.771332,46.567084],[49.779552,46.561835],[49.79184,46.547268],[49.817393,46.540432],[49.823253,46.55329],[49.82545,46.571479],[49.839692,46.580756],[49.8685,46.575588],[49.882335,46.575873],[49.893321,46.590766],[49.928559,46.601264],[49.937185,46.607896],[49.95281,46.623684],[49.962657,46.629136],[49.976573,46.632229],[50.014171,46.629136],[50.034028,46.635159],[50.050792,46.649604],[50.079356,46.683783],[50.168793,46.749091],[50.200369,46.763088],[50.213145,46.765692],[50.223155,46.761054],[50.2199,46.75019],[50.213145,46.737738],[50.213145,46.728176],[50.230968,46.72602],[50.251475,46.742418],[50.2942,46.797919],[50.298676,46.801947],[50.305919,46.806627],[50.314138,46.809312],[50.333018,46.811021],[50.340017,46.813463],[50.347341,46.822821],[50.353038,46.834866],[50.36085,46.846503],[50.374278,46.854438],[50.372081,46.819322],[50.367361,46.806627],[50.383637,46.817776],[50.415782,46.882392],[50.425141,46.892727],[50.430186,46.896715],[50.434744,46.896877],[50.443044,46.895453],[50.45338,46.89175],[50.486176,46.872016],[50.493663,46.86579],[50.502778,46.863593],[50.514415,46.871812],[50.521332,46.874661],[50.555431,46.882392],[50.578136,46.878363],[50.580821,46.867621],[50.569835,46.852362],[50.551606,46.834621],[50.569102,46.829047],[50.58546,46.837226],[50.598643,46.852444],[50.606944,46.868109],[50.610362,46.915269],[50.616059,46.935614],[50.631114,46.933905],[50.651378,46.92829],[50.678233,46.932685],[50.703787,46.942694],[50.739513,46.969224],[50.752126,46.974677],[50.757823,46.968004],[50.753184,46.955064],[50.733897,46.934963],[50.730479,46.923326],[50.740571,46.906155],[50.757823,46.915513],[50.838145,47.009914],[50.843761,47.018948],[50.839529,47.022284],[50.840587,47.029486],[50.846528,47.03677],[50.857432,47.040025],[50.868337,47.03677],[50.890798,47.022284],[50.905447,47.018948],[50.922862,47.02497],[50.951915,47.052191],[50.970714,47.059882],[51.102712,47.080471],[51.141856,47.094672],[51.187022,47.116889],[51.212576,47.120917],[51.253591,47.102973],[51.381847,47.083686],[51.437836,47.069159],[51.502615,47.061347],[51.527192,47.052965],[51.546072,47.040025],[51.572032,47.004828],[51.592296,46.98725],[51.611013,46.988837],[51.621104,47.007392],[51.626801,47.029283],[51.635753,47.048774],[51.655284,47.059882],[51.680186,47.057034],[51.694021,47.041734],[51.696056,47.021186],[51.675792,46.978583],[51.68922,46.961493],[51.727712,46.940416],[51.743907,46.926825],[51.763682,46.915717],[51.784923,46.909125],[51.806,46.909084],[51.84962,46.928209],[51.874034,46.935614],[51.895518,46.930813],[51.885427,46.924465],[51.853852,46.895453],[51.87672,46.886949],[51.909679,46.88109],[51.941417,46.87995],[51.960704,46.88581],[51.981212,46.923326],[51.999034,46.940985],[52.018891,46.936998],[52.022472,46.926215],[52.014496,46.917222],[52.003591,46.909613],[51.997895,46.902899],[52.000011,46.89057],[52.007009,46.885077],[52.017263,46.880683],[52.049571,46.856879],[52.06186,46.850043],[52.067393,46.851386],[52.06837,46.837388],[52.071788,46.830024],[52.078136,46.825751],[52.087901,46.82095],[52.112559,46.81273],[52.238943,46.80683],[52.244884,46.810045],[52.242686,46.821194],[52.237315,46.832343],[52.230642,46.841946],[52.224376,46.848293],[52.215831,46.85163],[52.189464,46.85871],[52.182872,46.861884],[52.180675,46.875556],[52.188813,46.883775],[52.201834,46.885443],[52.235037,46.868883],[52.262218,46.870103],[52.357188,46.893622],[52.374034,46.903632],[52.419281,46.943996],[52.423106,46.953803],[52.42335,46.979071],[52.427257,46.99018],[52.436778,46.999091],[52.455903,47.001166],[52.519379,46.994208],[52.536957,46.988837],[52.571544,46.962226],[52.590343,46.954413],[52.614757,46.950019],[52.727387,46.950019],[52.782725,46.943834],[52.875011,46.956773],[52.919932,46.957465],[52.935557,46.94892],[52.974132,46.908433],[52.992198,46.895453],[53.009044,46.894843],[53.051931,46.898424],[53.060395,46.89232],[53.064789,46.879462],[53.083507,46.853258],[53.102061,46.783108],[53.099457,46.751125],[53.105805,46.73725],[53.125743,46.731594],[53.156912,46.728909],[53.188162,46.718004],[53.207774,46.695014],[53.2046,46.655829],[53.200531,46.643297],[53.195811,46.639838],[53.184093,46.635321],[53.174978,46.634955],[53.152029,46.637681],[53.142426,46.635321],[53.133637,46.622707],[53.125743,46.606635],[53.117686,46.601508],[53.108246,46.621731],[53.100108,46.605129],[53.095714,46.568345],[53.087901,46.553412],[53.071788,46.544745],[53.05421,46.5456],[53.041759,46.555365],[53.04005,46.57392],[53.009613,46.531684],[52.996593,46.504788],[52.998383,46.484565],[53.017833,46.478664],[53.040782,46.49018],[53.063243,46.505845],[53.081716,46.512437],[53.075043,46.494208],[53.07545,46.475653],[53.084158,46.46015],[53.102061,46.450995],[53.102061,46.443549],[53.083181,46.450141],[53.053233,46.468695],[53.032563,46.470893],[53.082856,46.434963],[53.128266,46.393948],[53.156749,46.341702],[53.156749,46.272284],[53.127615,46.183295],[53.118419,46.114325],[53.11378,46.097846],[53.105235,46.083889],[53.082367,46.060736],[53.076996,46.047838],[53.081716,46.03266],[53.081716,46.038804],[53.086599,46.020494],[53.081798,46.005113],[53.060395,45.978013],[53.053966,45.967231],[53.04477,45.945054],[53.04005,45.936469],[53.031261,45.927395],[53.002208,45.906073],[52.986583,45.886135],[52.967459,45.847805],[52.954356,45.830308],[52.919932,45.796129],[52.910899,45.790513],[52.886241,45.783677],[52.875499,45.778795],[52.858735,45.764838],[52.820323,45.717353],[52.803884,45.680732],[52.792247,45.662909],[52.77589,45.65526],[52.757091,45.651068],[52.745616,45.639146],[52.740001,45.620836],[52.738455,45.597235],[52.740245,45.587836],[52.743012,45.580797],[52.742686,45.573432],[52.73463,45.562812],[52.731944,45.554145],[52.738048,45.546942],[52.743419,45.538316],[52.738455,45.52558],[52.755219,45.516791],[52.80421,45.501044],[52.840668,45.49726],[52.850108,45.494208],[52.85727,45.488715],[52.875743,45.471137],[52.885102,45.467475],[52.909679,45.463446],[53.035655,45.418769],[53.081716,45.408881],[53.112071,45.406155],[53.121918,45.402045],[53.128673,45.396389],[53.134532,45.389594],[53.142914,45.383979],[53.247569,45.369696],[53.26588,45.36107],[53.267345,45.350898],[53.261241,45.342841],[53.252208,45.336982],[53.245453,45.333808],[53.242849,45.335395],[53.21811,45.340562],[53.212413,45.338039],[53.20045,45.328437],[53.194347,45.326361],[53.170909,45.322496],[53.129242,45.304877],[53.108246,45.299628],[53.083344,45.301663],[53.028494,45.316474],[53.002208,45.320136],[52.909679,45.31269],[52.88502,45.318305],[52.835134,45.336656],[52.735199,45.347846],[52.566661,45.400702],[52.519298,45.408881],[52.445811,45.40058],[52.403087,45.40941],[52.094086,45.381537],[52.072032,45.383612],[52.031423,45.393012],[52.0088,45.395209],[51.990082,45.390855],[51.957774,45.371649],[51.940115,45.367336],[51.921153,45.371649],[51.894298,45.390855],[51.878429,45.395209],[51.792491,45.405463],[51.789317,45.419338],[51.781423,45.434231],[51.770356,45.44774],[51.758311,45.457261],[51.739513,45.446845],[51.72641,45.429389],[51.714854,45.409654],[51.699962,45.392076],[51.690196,45.388617],[51.667735,45.389553],[51.658702,45.385321],[51.62794,45.36107],[51.592947,45.344713],[51.543712,45.334906],[51.493907,45.334703],[51.456716,45.347398],[51.429942,45.380927],[51.415701,45.38996],[51.409516,45.371039],[51.406098,45.348578],[51.397227,45.332587],[51.309255,45.25731],[51.299571,45.240953],[51.29363,45.225491],[51.263194,45.192572],[51.251231,45.175482],[51.244395,45.161811],[51.248302,45.156684],[51.256521,45.141303],[51.257986,45.134508],[51.254405,45.124661],[51.247732,45.112982],[51.243419,45.10106],[51.247813,45.090481],[51.260753,45.076606],[51.274913,45.05683],[51.281749,45.037543],[51.27296,45.024644],[51.25115,45.026068],[51.231619,45.040676],[51.213552,45.057563],[51.196544,45.065619],[51.174571,45.062201],[51.150238,45.053616],[51.107188,45.032172],[51.09783,45.025295],[51.086274,45.011461],[51.079356,45.004828],[51.065196,44.997016],[51.053559,44.995429],[51.028331,44.997992],[51.008556,44.995836],[50.982188,44.989488],[50.959321,44.978827],[50.949555,44.963813],[50.954356,44.952216],[50.965994,44.949449],[50.979666,44.948717],[50.991059,44.943345],[50.993988,44.936469],[50.993826,44.927151],[50.989757,44.918931],[50.980805,44.915432],[50.965505,44.906684],[50.959972,44.886461],[50.962413,44.863674],[50.970714,44.847154],[51.03419,44.817857],[51.045177,44.809638],[51.049571,44.803453],[51.060232,44.800238],[51.096039,44.796861],[51.10377,44.79206],[51.110606,44.785468],[51.12086,44.778266],[51.200938,44.740912],[51.234386,44.719062],[51.257986,44.68891],[51.29184,44.614488],[51.319347,44.596381],[51.367849,44.600775],[51.415538,44.612128],[51.438975,44.610053],[51.479503,44.583157],[51.539806,44.55976],[51.554373,44.550482],[51.568696,44.537746],[51.573904,44.523912],[51.560313,44.511379],[51.537934,44.509345],[51.470958,44.531887],[51.402517,44.52143],[51.37379,44.527737],[51.381521,44.55976],[51.366222,44.560207],[51.338634,44.554023],[51.323497,44.552314],[51.299164,44.553656],[51.292247,44.552314],[51.285655,44.54857],[51.282725,44.544745],[51.281016,44.541205],[51.278575,44.538642],[51.225271,44.499742],[51.20281,44.490912],[51.172618,44.485582],[51.143321,44.484768],[51.114594,44.488471],[51.033458,44.515815],[51.007335,44.528795],[50.991059,44.545478],[51.000743,44.547024],[51.008637,44.551459],[51.011241,44.55801],[51.004731,44.565985],[50.994477,44.568264],[50.970063,44.565375],[50.96046,44.569729],[50.930349,44.59691],[50.894867,44.620551],[50.872895,44.628852],[50.847911,44.632799],[50.795909,44.634263],[50.78419,44.632717],[50.779063,44.628079],[50.775401,44.620551],[50.768321,44.610338],[50.756847,44.605048],[50.745616,44.609198],[50.730479,44.620551],[50.642751,44.620795],[50.627452,44.62401],[50.616954,44.639716],[50.592296,44.639716],[50.545421,44.627427],[50.497813,44.6258],[50.340017,44.647895],[50.328868,44.653266],[50.32016,44.659898],[50.311209,44.66234],[50.299083,44.655341],[50.295421,44.644965],[50.295258,44.631171],[50.292735,44.618964],[50.281749,44.613756],[50.278494,44.598375],[50.268321,44.570543],[50.25408,44.557522],[50.237559,44.586493],[50.22462,44.567694],[50.222179,44.534817],[50.22755,44.502183],[50.237559,44.484076],[50.230154,44.47663],[50.237559,44.45775],[50.236827,44.435981],[50.230154,44.390937],[50.237478,44.36933],[50.255219,44.35102],[50.27768,44.336493],[50.299083,44.326361],[50.344574,44.311265],[50.6963,44.26435],[50.781261,44.235907],[50.821625,44.215033],[50.847179,44.189276],[50.852794,44.173407],[50.857188,44.152777],[50.86085,44.069403],[50.858165,44.05622],[50.853689,44.047553],[50.852794,44.038764],[50.86085,44.025377],[50.868826,44.020331],[50.891368,44.015448],[50.901703,44.011054],[50.911306,44.002387],[50.923595,43.983059],[50.938731,43.965725],[50.946788,43.947211],[50.953298,43.938788],[50.983246,43.919013],[50.991059,43.908108],[50.992849,43.898586],[50.990408,43.876939],[50.991059,43.867092],[50.994965,43.861477],[51.001964,43.854193],[51.008637,43.845608],[51.011567,43.836005],[51.014903,43.818549],[51.023123,43.800971],[51.115001,43.660834],[51.141856,43.633734],[51.156016,43.624823],[51.163422,43.622707],[51.176117,43.620673],[51.187348,43.622504],[51.198497,43.626166],[51.206879,43.624457],[51.210216,43.610093],[51.21811,43.593329],[51.25766,43.572252],[51.27296,43.55858],[51.275401,43.549791],[51.276703,43.527167],[51.278575,43.517646],[51.283214,43.508368],[51.314708,43.46247],[51.319591,43.442532],[51.312836,43.311184],[51.302419,43.268988],[51.266287,43.187567],[51.262706,43.164618],[51.275727,43.154486],[51.367849,43.154486],[51.460297,43.16885],[51.47283,43.166571],[51.49586,43.156806],[51.508556,43.154486],[51.518728,43.156928],[51.525645,43.162584],[51.531912,43.169379],[51.539806,43.174994],[51.563243,43.179185],[51.612315,43.177069],[51.651052,43.191392],[51.667735,43.179755],[51.679373,43.159735],[51.683116,43.140855],[51.679698,43.129096],[51.673839,43.121161],[51.670746,43.112738],[51.675792,43.099921],[51.684418,43.096096],[51.698497,43.094306],[51.711436,43.090888],[51.724457,43.070502],[51.771983,43.030992],[51.7824,43.011379],[51.792735,42.974189],[51.802582,42.958686],[51.817882,42.941148],[51.839854,42.909369],[51.853852,42.893785],[51.912446,42.842353],[51.932791,42.834947],[51.955089,42.840644],[51.99171,42.859687],[52.05836,42.878485],[52.145518,42.888495],[52.1692,42.88703],[52.206309,42.866116],[52.27296,42.798774],[52.299571,42.790839],[52.30421,42.79564],[52.315115,42.812974],[52.320649,42.818752],[52.333181,42.825181],[52.345063,42.829413],[52.357432,42.831732],[52.371837,42.832424],[52.470876,42.826239],[52.574229,42.798529],[52.625011,42.774726],[52.629161,42.749823],[52.676524,42.746649],[52.712901,42.73078],[52.736339,42.701361],[52.74464,42.657375],[52.741222,42.637885],[52.732595,42.613837],[52.721446,42.593492],[52.71046,42.585395],[52.700938,42.593207],[52.690929,42.610989],[52.676931,42.647406],[52.671723,42.64765],[52.669932,42.652981],[52.668305,42.660631],[52.663341,42.667914],[52.628103,42.685858],[52.618907,42.688422],[52.600434,42.697659],[52.589122,42.718248],[52.581554,42.739244],[52.574474,42.749823],[52.563813,42.742255],[52.56422,42.720893],[52.575694,42.698635],[52.6185,42.678412],[52.63795,42.655504],[52.663341,42.612698],[52.676524,42.57453],[52.67628,42.538479],[52.66627,42.501776],[52.649669,42.461859],[52.647472,42.453599],[52.646007,42.43651],[52.642833,42.42829],[52.634451,42.418647],[52.604828,42.396674],[52.601085,42.388617],[52.600108,42.377672],[52.601248,42.35635],[52.599132,42.344713],[52.594086,42.335273],[52.587576,42.32685],[52.533539,42.271918],[52.484548,42.201728],[52.468272,42.193101],[52.450531,42.187812],[52.43629,42.179877],[52.430512,42.163886],[52.428396,42.145453],[52.422211,42.125312],[52.413097,42.106676],[52.402029,42.092515],[52.430837,42.067125],[52.436778,42.057807],[52.437266,42.047838],[52.430512,42.013739],[52.433767,42.000434],[52.441661,41.992377],[52.451671,41.986314],[52.461192,41.978949],[52.474132,41.962592],[52.484548,41.941636],[52.490977,41.902045],[52.481944,41.863959],[52.443614,41.79092],[52.435802,41.768541],[52.437673,41.748847],[52.450206,41.734809],[52.47462,41.729438],[52.483572,41.726264],[52.49879,41.712104],[52.514496,41.706936],[52.519867,41.702094],[52.529552,41.69123],[52.536632,41.687934],[52.552908,41.689643],[52.560232,41.687812],[52.567149,41.681708],[52.57252,41.673774],[52.58074,41.653713],[52.583018,41.652004],[52.587738,41.649563],[52.59254,41.645738],[52.595551,41.640041],[52.595225,41.633734],[52.589122,41.623196],[52.587576,41.616156],[52.588634,41.594184],[52.587738,41.582709],[52.584158,41.574612],[52.563487,41.54621],[52.560232,41.54385],[52.562185,41.519477],[52.575369,41.508734],[52.593923,41.502631],[52.611664,41.492377],[52.646251,41.458197],[52.655935,41.453355],[52.682384,41.450344],[52.693614,41.444525],[52.710297,41.432278],[52.715831,41.426418],[52.717784,41.417182],[52.719086,41.403957],[52.723399,41.394232],[52.731944,41.388251],[52.745291,41.386176],[52.760997,41.37759],[52.77711,41.339545],[52.789561,41.331],[52.79127,41.321275],[52.813487,41.262641],[52.813731,41.252672],[52.811046,41.23371],[52.813487,41.221747],[52.816661,41.217841],[52.829275,41.206488],[52.833832,41.201239],[52.844086,41.182563],[52.851085,41.163316],[52.854666,41.142524],[52.854503,41.11933],[52.84669,41.08869],[52.848318,41.077704],[52.854015,41.070502],[52.869965,41.060004],[52.875499,41.050442],[52.882335,41.050442],[52.883067,41.072496],[52.904307,41.101996],[52.909679,41.122707],[52.903982,41.140204],[52.851329,41.223578],[52.844005,41.24018],[52.83725,41.302924],[52.827647,41.344631],[52.81544,41.369534],[52.813487,41.37934],[52.815684,41.388739],[52.827647,41.417182],[52.832693,41.437486],[52.898936,41.565985],[52.902843,41.588528],[52.901866,41.59984],[52.897146,41.619452],[52.896007,41.629543],[52.899913,41.640326],[52.915375,41.660793],[52.916515,41.674221],[52.903819,41.689765],[52.880544,41.697903],[52.830821,41.701483],[52.815684,41.693834],[52.784679,41.663072],[52.772472,41.660549],[52.769216,41.675605],[52.773774,41.701321],[52.782074,41.725531],[52.789561,41.736274],[52.804047,41.744859],[52.821462,41.764879],[52.937022,41.95539],[52.960297,41.984361],[53.060395,42.044135],[53.084483,42.064521],[53.121918,42.089993],[53.163829,42.103705],[53.219737,42.081448],[53.296723,42.078843],[53.31658,42.082261],[53.375173,42.105536],[53.681814,42.143948],[53.72462,42.126044],[53.767914,42.136135],[53.818696,42.124416],[53.865571,42.101752],[53.896658,42.078843],[53.906912,42.062934],[53.913259,42.043402],[53.91627,42.023505],[53.917003,42.006903],[53.914806,41.995551],[53.902843,41.972113],[53.904063,41.960517],[53.909353,41.940619],[53.910167,41.934272],[53.906912,41.923529],[53.901622,41.914618],[53.898774,41.905341],[53.902843,41.893297],[53.91033,41.889309],[53.921723,41.887437],[53.932302,41.884263],[53.93686,41.876207],[53.944591,41.858344],[53.992198,41.797065],[54.008556,41.764838],[54.019705,41.731513],[54.025564,41.695217],[54.02589,41.608791],[54.030284,41.569485],[54.041352,41.534573],[54.061046,41.502875],[54.073985,41.487982],[54.089366,41.474799],[54.108653,41.465481],[54.144786,41.459784],[54.152843,41.45425],[54.174978,41.429389],[54.186046,41.412543],[54.190766,41.407294],[54.211436,41.395819],[54.258067,41.375963],[54.29477,41.34748],[54.311778,41.338284],[54.400401,41.309027],[54.600434,41.192328],[54.63502,41.162665],[54.636404,41.132961],[54.659353,41.124457],[54.688731,41.121243],[54.716075,41.11518],[54.732595,41.098131],[54.729259,41.100979],[54.724294,41.098049],[54.7199,41.091986],[54.718435,41.08515],[54.720063,41.080471],[54.723888,41.074856],[54.732595,41.064643],[54.740977,41.057847],[54.760916,41.045478],[54.767426,41.03677],[54.724376,41.059272],[54.700531,41.068305],[54.677989,41.070868],[54.677989,41.064643],[54.690115,41.059231],[54.722016,41.019965],[54.746837,40.995673]],[[50.260265,45.009914],[50.256602,44.985989],[50.264415,44.963813],[50.281505,44.955512],[50.304454,44.959418],[50.324555,44.973212],[50.333181,44.994574],[50.326345,45.033108],[50.329763,45.038967],[50.337738,45.042914],[50.344412,45.052314],[50.353689,45.073065],[50.348399,45.084906],[50.343923,45.086005],[50.338145,45.082424],[50.329763,45.079901],[50.310883,45.080552],[50.305919,45.079901],[50.300629,45.080064],[50.28891,45.078355],[50.27711,45.071519],[50.271739,45.056342],[50.267751,45.033881],[50.260265,45.009914]],[[53.029959,39.061347],[53.026378,39.039374],[53.028575,39.016303],[53.037852,38.97016],[53.04005,38.943427],[53.038422,38.916938],[53.040212,38.906684],[53.046886,38.891669],[53.062999,38.864691],[53.092133,38.778795],[53.094737,38.755072],[53.102061,38.755072],[53.098399,38.763902],[53.097992,38.769232],[53.102061,38.781724],[53.079438,38.863471],[53.067393,38.946845],[53.053966,39.026801],[53.058849,39.067084],[53.087901,39.083441],[53.087901,39.088121],[53.086599,39.091295],[53.081716,39.097724],[53.057628,39.094428],[53.040294,39.081],[53.029959,39.061347]],[[53.468516,39.584947],[53.462901,39.573798],[53.468272,39.560452],[53.475271,39.548082],[53.486583,39.516343],[53.491873,39.508612],[53.506196,39.508612],[53.521983,39.516099],[53.534434,39.527655],[53.539724,39.539618],[53.519298,39.56387],[53.517345,39.569403],[53.51295,39.591213],[53.508637,39.585517],[53.503754,39.586127],[53.498302,39.59101],[53.491873,39.597968],[53.479991,39.593329],[53.468516,39.584947]],[[50.618907,40.299994],[50.625743,40.31037],[50.621267,40.326077],[50.606944,40.337836],[50.59669,40.33747],[50.587901,40.332343],[50.578298,40.330024],[50.565278,40.337836],[50.562999,40.324856],[50.572765,40.310045],[50.587576,40.300605],[50.600108,40.303697],[50.618907,40.299994]],[[50.388438,40.401679],[50.396251,40.408515],[50.395274,40.420396],[50.38502,40.433987],[50.372569,40.442572],[50.362804,40.453559],[50.360525,40.474433],[50.353689,40.480658],[50.338634,40.476874],[50.326427,40.481879],[50.32602,40.458075],[50.358653,40.424221],[50.353689,40.399888],[50.373546,40.399075],[50.388438,40.401679]],[[50.170258,44.830146],[50.18922,44.861477],[50.174001,44.858385],[50.141368,44.840277],[50.126475,44.840644],[50.116384,44.845771],[50.107595,44.851752],[50.09669,44.854641],[50.073416,44.861762],[50.062022,44.879869],[50.058442,44.903998],[50.058279,44.929104],[50.042817,44.924465],[50.029959,44.930854],[50.021169,44.944037],[50.017833,44.96015],[50.021007,44.975775],[50.035167,45.000881],[50.038422,45.014716],[50.053559,45.038764],[50.112153,45.062486],[50.113455,45.079901],[50.067638,45.071479],[50.052013,45.065619],[50.04184,45.057522],[49.986176,44.968004],[49.986095,44.946763],[50.004161,44.922309],[50.04184,44.894924],[50.052013,44.881293],[50.057953,44.864325],[50.059337,44.853095],[50.063975,44.844143],[50.079356,44.833482],[50.111501,44.82038],[50.143077,44.817857],[50.170258,44.830146]],[[47.851085,43.999213],[47.838552,44.000637],[47.813324,43.999254],[47.78061,43.994534],[47.665701,43.996283],[47.63738,43.98135],[47.628184,43.962592],[47.632986,43.952541],[47.642833,43.944403],[47.655772,43.943183],[47.673595,43.951077],[47.680186,43.951402],[47.684093,43.939521],[47.694184,43.936754],[47.709809,43.935777],[47.746267,43.926947],[47.76295,43.928412],[47.866873,43.983791],[47.866954,43.991441],[47.862071,43.99433],[47.851085,43.999213]],[[50.743663,44.886135],[50.736827,44.895901],[50.73699,44.90766],[50.73463,44.929918],[50.728038,44.940619],[50.720714,44.941636],[50.716563,44.946723],[50.713715,44.953803],[50.708018,44.954413],[50.701996,44.948188],[50.692638,44.940619],[50.677989,44.935614],[50.659516,44.938951],[50.643321,44.952948],[50.635753,44.967434],[50.62794,44.967027],[50.626231,44.951077],[50.640798,44.933295],[50.686534,44.911689],[50.693207,44.899075],[50.688731,44.889146],[50.691905,44.883124],[50.701915,44.880561],[50.701915,44.874498],[50.693614,44.864203],[50.697765,44.857856],[50.712738,44.859931],[50.726329,44.865912],[50.739513,44.868354],[50.760753,44.864936],[50.757823,44.870551],[50.743663,44.886135]],[[52.692882,45.459703],[52.687348,45.475002],[52.673025,45.503852],[52.65504,45.521389],[52.635509,45.525621],[52.599946,45.527493],[52.594981,45.523505],[52.597911,45.516791],[52.593516,45.508979],[52.582774,45.502102],[52.566254,45.493557],[52.552013,45.478339],[52.56129,45.456529],[52.588552,45.432807],[52.62794,45.410224],[52.677094,45.396959],[52.702485,45.405219],[52.702647,45.425482],[52.699067,45.441474],[52.692882,45.459703]],[[47.997081,45.467841],[47.997081,45.520494],[47.988617,45.535793],[47.982677,45.550116],[47.98227,45.564276],[47.978038,45.583441],[47.966156,45.606147],[47.959727,45.624091],[47.962087,45.639797],[47.957042,45.650458],[47.9463,45.644924],[47.937511,45.636217],[47.927908,45.635443],[47.917491,45.632758],[47.914561,45.623033],[47.916759,45.609198],[47.916026,45.595364],[47.916515,45.579291],[47.917735,45.570054],[47.927989,45.534003],[47.943858,45.499579],[47.959809,45.475775],[47.980724,45.455471],[47.98406,45.45303],[47.990733,45.448717],[47.996837,45.447903],[47.999034,45.451321],[47.99879,45.453843],[47.997081,45.467841]],[[49.822439,46.313951],[49.811697,46.326483],[49.792166,46.339057],[49.750011,46.357489],[49.719981,46.356757],[49.720958,46.338121],[49.766938,46.247789],[49.781912,46.224189],[49.804698,46.210517],[49.821544,46.217515],[49.841319,46.262844],[49.83839,46.285875],[49.822439,46.313951]],[[47.519623,44.486233],[47.494477,44.491482],[47.473237,44.482978],[47.46575,44.471259],[47.462332,44.458157],[47.466645,44.45071],[47.512787,44.427395],[47.533865,44.424547],[47.537934,44.435411],[47.532563,44.459377],[47.519623,44.486233]],[[50.585948,44.825588],[50.571707,44.844102],[50.563894,44.836086],[50.565522,44.767401],[50.5713,44.768459],[50.582286,44.785346],[50.620779,44.807074],[50.620128,44.811754],[50.602957,44.8133],[50.585948,44.825588]],[[47.985037,45.224718],[47.982839,45.213975],[47.986583,45.187934],[47.997895,45.177354],[48.022146,45.177069],[48.045584,45.191555],[48.032237,45.216498],[47.998953,45.229885],[47.985037,45.224718]],[[48.571544,45.763821],[48.552013,45.770168],[48.549001,45.763495],[48.559418,45.740139],[48.563324,45.716946],[48.561046,45.679999],[48.572113,45.658922],[48.589285,45.663642],[48.597667,45.690294],[48.597992,45.711046],[48.593435,45.734687],[48.571544,45.763821]],[[53.017426,46.442654],[53.007986,46.439968],[52.954112,46.39529],[52.94573,46.377834],[52.967459,46.376085],[52.99586,46.389716],[53.011729,46.405219],[53.020763,46.41942],[53.022227,46.428738],[53.020844,46.436103],[53.017426,46.442654]]]}},{"type":"Feature","id":"ne:admin0:iran","properties":{"source":"ne_10m_admin_0_countries"},"geometry":{"type":"MultiPolygon","coordinates":[[[[44.806993,39.639902],[44.809647,39.636962],[44.823953,39.63054],[44.827837,39.628797],[44.849231,39.625593],[44.872279,39.625076],[44.869281,39.620528],[44.865354,39.617583],[44.886438,39.605956],[44.898427,39.584355],[44.928399,39.488237],[44.940698,39.468083],[44.961627,39.453769],[44.953307,39.441625],[44.957028,39.434493],[44.982505,39.420179],[44.987724,39.419352],[44.998576,39.41961],[45.006379,39.417957],[45.009945,39.414029],[45.012115,39.409482],[45.015629,39.405968],[45.051699,39.386848],[45.057177,39.381732],[45.060484,39.3746],[45.068649,39.364213],[45.078726,39.354757],[45.087976,39.350726],[45.096038,39.341114],[45.11435,39.30935],[45.120377,39.298894],[45.128904,39.289283],[45.135828,39.278482],[45.146267,39.228666],[45.152727,39.213525],[45.178927,39.219829],[45.283106,39.193061],[45.28569,39.194921],[45.292615,39.198616],[45.30171,39.201381],[45.311115,39.200528],[45.313905,39.19425],[45.311322,39.184844],[45.311115,39.176292],[45.320933,39.172597],[45.334886,39.170427],[45.348219,39.163916],[45.353903,39.153193],[45.345273,39.138439],[45.351939,39.12831],[45.360621,39.12322],[45.369923,39.118957],[45.379328,39.111154],[45.383462,39.103247],[45.391317,39.08175],[45.396381,39.073327],[45.405838,39.067875],[45.429712,39.059477],[45.434518,39.052785],[45.432296,39.042476],[45.428214,39.034104],[45.425268,39.025629],[45.427077,39.014881],[45.438601,39.004235],[45.45984,38.993125],[45.482577,38.984392],[45.494529,38.981917],[45.510276,38.978655],[45.530843,38.969276],[45.535565,38.968453],[45.543142,38.967132],[45.570841,38.966382],[45.627788,38.955504],[45.716878,38.954781],[45.768074,38.93913],[45.791086,38.932095],[46.001822,38.897472],[46.067968,38.874114],[46.126052,38.862668],[46.135871,38.863701],[46.202482,38.870548],[46.219948,38.877163],[46.271935,38.906567],[46.291314,38.913931],[46.304543,38.916256],[46.343352,38.917471],[46.367588,38.92362],[46.378233,38.924705],[46.391876,38.922354],[46.496056,38.886077],[46.514039,38.882176],[46.532074,38.883002],[46.553726,38.889824],[46.569849,38.89773],[46.585352,38.907704],[46.599202,38.919693],[46.610674,38.934007],[46.638838,38.979482],[46.65217,38.992944],[46.670412,39.004907],[46.728393,39.027955],[46.744826,39.040254],[46.761621,39.070588],[46.773765,39.085367],[46.781516,39.09038],[46.798053,39.097382],[46.806011,39.102395],[46.811695,39.108518],[46.837378,39.143245],[46.850969,39.155492],[46.866162,39.165362],[46.866391,39.165445],[46.883009,39.171409],[46.898718,39.171744],[46.926624,39.162055],[46.94161,39.158903],[46.953754,39.16066],[47.013628,39.186956],[47.020468,39.18996],[47.030907,39.199598],[47.036074,39.207014],[47.052921,39.244944],[47.089094,39.289851],[47.092505,39.299825],[47.10222,39.308403],[47.150072,39.33114],[47.249705,39.361268],[47.26132,39.366384],[47.291356,39.379613],[47.324417,39.405877],[47.324532,39.405968],[47.374245,39.455577],[47.406904,39.476816],[47.448762,39.494696],[47.518732,39.513197],[47.54116,39.51516],[47.554079,39.521982],[47.606995,39.563581],[47.62498,39.571411],[47.745282,39.623784],[47.788212,39.657651],[47.803779,39.669931],[47.823106,39.680318],[47.846877,39.685279],[47.922945,39.684142],[47.935244,39.686519],[47.945683,39.693961],[47.957258,39.707345],[47.957708,39.707256],[47.971418,39.704554],[47.990745,39.694271],[48.052033,39.650087],[48.220085,39.494025],[48.288608,39.445035],[48.31672,39.415166],[48.33894,39.378941],[48.328405,39.37633],[48.302457,39.369898],[48.24985,39.342354],[48.187218,39.332587],[48.153525,39.319048],[48.124587,39.297602],[48.10619,39.26918],[48.104329,39.234841],[48.117765,39.208047],[48.142157,39.181201],[48.199104,39.138232],[48.256258,39.119784],[48.271296,39.108312],[48.301475,39.05803],[48.306798,39.045396],[48.306281,39.031469],[48.30159,39.017946],[48.301423,39.017464],[48.293672,39.004597],[48.284629,38.994003],[48.284474,38.994003],[48.28437,38.993797],[48.243184,38.973875],[48.058544,38.948373],[48.055134,38.941914],[48.05534,38.934369],[48.052446,38.927909],[48.000046,38.902588],[47.990745,38.891219],[47.993122,38.850085],[48.012966,38.821559],[48.077974,38.780941],[48.21037,38.729756],[48.222979,38.721462],[48.225635,38.713193],[48.230317,38.698621],[48.226182,38.679087],[48.228043,38.662189],[48.276515,38.631777],[48.292225,38.613562],[48.310312,38.600151],[48.341059,38.599583],[48.391754,38.618109],[48.415267,38.618109],[48.426739,38.596457],[48.433715,38.569972],[48.446634,38.556407],[48.462654,38.544935],[48.479087,38.524756],[48.495933,38.510312],[48.510816,38.493776],[48.535641,38.469154],[48.548643,38.456258],[48.575929,38.420369],[48.607865,38.395978],[48.612962,38.395646],[48.659128,38.392645],[48.683209,38.398019],[48.710287,38.407114],[48.735609,38.419568],[48.755349,38.435226],[48.777725,38.444812],[48.809713,38.444631],[48.874278,38.434068],[48.877208,38.346177],[48.865896,38.316881],[48.872895,38.295559],[48.874848,38.242743],[48.893728,38.205797],[48.907725,38.083482],[48.949067,37.966864],[48.941173,37.94774],[48.940196,37.924994],[48.944509,37.903388],[48.952159,37.888007],[48.987478,37.842475],[48.987804,37.832099],[48.984711,37.823188],[48.983165,37.815985],[48.993663,37.77676],[49.014496,37.739163],[49.065196,37.67886],[49.132498,37.623358],[49.205577,37.581692],[49.366873,37.51496],[49.441742,37.494859],[49.826182,37.453559],[49.867442,37.458564],[49.901541,37.469713],[49.933767,37.474433],[49.969493,37.459703],[49.959972,37.458482],[49.948904,37.460924],[49.943126,37.461615],[49.935313,37.453559],[50.018728,37.42772],[50.148774,37.403876],[50.195649,37.38935],[50.227306,37.365424],[50.223318,37.329332],[50.232107,37.315416],[50.245128,37.279283],[50.254242,37.264838],[50.268728,37.246894],[50.292247,37.192816],[50.322276,37.153266],[50.357188,37.126532],[50.429454,37.082953],[50.478852,37.03498],[50.493988,37.027737],[50.513438,37.023261],[50.624034,36.963284],[50.644786,36.959418],[50.658702,36.954332],[50.688243,36.928697],[50.703136,36.918443],[50.86085,36.849555],[51.004731,36.767646],[51.088634,36.737006],[51.367849,36.692572],[51.546072,36.650946],[51.730968,36.624254],[51.909028,36.582709],[52.094086,36.602525],[52.258556,36.650946],[52.430512,36.685126],[52.608653,36.712388],[52.779307,36.740383],[52.950531,36.781317],[53.115733,36.822252],[53.447602,36.881903],[53.492361,36.887885],[53.885916,36.905829],[53.957774,36.919623],[54.006521,36.952623],[54.004242,36.914618],[53.947602,36.898749],[53.876475,36.891669],[53.83074,36.880276],[53.818207,36.87523],[53.803884,36.877021],[53.77711,36.883734],[53.762055,36.881822],[53.734386,36.873236],[53.719005,36.870673],[53.660411,36.876899],[53.609141,36.876899],[53.616954,36.865668],[53.631033,36.861965],[53.663829,36.863227],[53.643891,36.857815],[53.635997,36.857001],[53.660167,36.831204],[53.70102,36.816596],[53.856456,36.805487],[53.872081,36.798407],[53.889171,36.793606],[54.014334,36.821112],[54.026215,36.829088],[54.033051,36.845771],[54.033539,36.949123],[54.028087,36.966213],[54.013357,36.97309],[53.994395,36.979153],[53.997244,36.99372],[54.02003,37.027737],[53.996267,37.057318],[53.980317,37.094062],[53.958018,37.178534],[53.927745,37.243801],[53.923188,37.258002],[53.913748,37.34276],[54.186594,37.323744],[54.206438,37.324596],[54.224524,37.330746],[54.243025,37.344957],[54.261525,37.354827],[54.283332,37.355654],[54.30638,37.353225],[54.328497,37.353277],[54.364154,37.362682],[54.533343,37.440817],[54.555977,37.443607],[54.616852,37.433013],[54.638969,37.433272],[54.653956,37.438905],[54.678554,37.459989],[54.698294,37.466293],[54.7108,37.475698],[54.758342,37.500555],[54.783663,37.517453],[54.788314,37.524636],[54.791415,37.539932],[54.805057,37.565047],[54.808158,37.579284],[54.809398,37.603339],[54.808158,37.610341],[54.80361,37.61693],[54.791828,37.625353],[54.788314,37.630805],[54.787281,37.651863],[54.803714,37.682921],[54.808158,37.702816],[54.813636,37.718629],[54.826658,37.735269],[54.85663,37.761133],[55.006802,37.843092],[55.053518,37.884407],[55.061373,37.894846],[55.066644,37.908437],[55.078736,37.913708],[55.092792,37.915542],[55.10354,37.918798],[55.110775,37.926472],[55.121731,37.944713],[55.130309,37.95231],[55.149636,37.957478],[55.20741,37.966159],[55.219709,37.969983],[55.228804,37.985796],[55.250508,37.995408],[55.296087,38.007552],[55.307456,38.008792],[55.328126,38.022125],[55.348797,38.030496],[55.423108,38.075894],[55.447395,38.083671],[55.510957,38.085842],[55.708672,38.118656],[55.738437,38.118605],[55.800346,38.107804],[55.839413,38.089924],[55.854089,38.085997],[55.905042,38.085583],[55.921888,38.081449],[55.94907,38.07008],[55.963023,38.066515],[55.978422,38.065895],[56.121463,38.086462],[56.161874,38.082379],[56.166741,38.080792],[56.197841,38.070649],[56.214067,38.06884],[56.299747,38.080235],[56.315456,38.089459],[56.325481,38.10522],[56.328995,38.123772],[56.324241,38.141136],[56.297059,38.165785],[56.303364,38.179428],[56.366409,38.225523],[56.400102,38.244127],[56.436482,38.255082],[56.528156,38.257408],[56.54521,38.2541],[56.559162,38.247382],[56.571771,38.239502],[56.585207,38.234567],[56.60133,38.236866],[56.681532,38.264616],[56.729384,38.27105],[56.738996,38.269603],[56.778167,38.244488],[56.812377,38.22896],[56.82788,38.224955],[56.978361,38.202734],[57.018049,38.189815],[57.038409,38.187283],[57.056496,38.195241],[57.070449,38.205059],[57.102798,38.222009],[57.114684,38.232112],[57.134838,38.259733],[57.137914,38.262364],[57.14662,38.26981],[57.163983,38.276476],[57.174939,38.277561],[57.185894,38.276476],[57.207288,38.27074],[57.218347,38.265081],[57.221137,38.258596],[57.221551,38.251155],[57.225788,38.24237],[57.248836,38.211519],[57.266923,38.176896],[57.278602,38.162943],[57.311364,38.135012],[57.32294,38.105117],[57.344334,38.081062],[57.349295,38.063569],[57.346814,38.046929],[57.327074,37.994116],[57.352395,37.967529],[57.496263,37.922312],[57.512076,37.924069],[57.527682,37.927841],[57.544632,37.929986],[57.561375,37.928229],[57.612328,37.916601],[57.66111,37.917428],[57.676097,37.920477],[57.691186,37.92027],[57.704622,37.913708],[57.717128,37.905078],[57.729943,37.898644],[57.734827,37.898272],[57.738418,37.897998],[57.754748,37.901021],[57.763016,37.899393],[57.770044,37.89389],[57.779139,37.878774],[57.785031,37.872573],[57.800017,37.867638],[57.81645,37.868646],[57.833296,37.871746],[57.849523,37.872728],[57.884146,37.865338],[58.040932,37.805704],[58.106871,37.793431],[58.140564,37.791131],[58.156687,37.788186],[58.173534,37.781623],[58.181182,37.774853],[58.181285,37.767928],[58.179115,37.760771],[58.179942,37.753046],[58.195755,37.729636],[58.199269,37.722195],[58.201853,37.703953],[58.201956,37.690104],[58.206814,37.678735],[58.223867,37.667469],[58.24092,37.662328],[58.318848,37.653052],[58.331457,37.648297],[58.357812,37.633311],[58.371765,37.630366],[58.462302,37.637497],[58.479665,37.644112],[58.493101,37.660674],[58.502299,37.677391],[58.514288,37.691473],[58.529791,37.700387],[58.549325,37.701576],[58.565655,37.694858],[58.615884,37.659511],[58.659086,37.645404],[58.68172,37.642716],[58.704251,37.644628],[58.712933,37.648814],[58.719237,37.654783],[58.726368,37.659382],[58.737737,37.659408],[58.759028,37.656152],[58.76926,37.656798],[58.779802,37.65964],[58.793134,37.672844],[58.795615,37.687727],[58.801093,37.694651],[58.861037,37.668089],[58.938655,37.65393],[58.978136,37.639512],[58.992192,37.631451],[59.005525,37.628014],[59.034567,37.624526],[59.045625,37.619617],[59.078285,37.592745],[59.211714,37.516316],[59.233108,37.514714],[59.289228,37.535178],[59.312276,37.530346],[59.332326,37.515127],[59.351653,37.493837],[59.356304,37.480633],[59.353204,37.458438],[59.359198,37.447509],[59.361989,37.439215],[59.357854,37.430275],[59.351653,37.42043],[59.348346,37.409294],[59.350723,37.388365],[59.37036,37.319429],[59.382039,37.305683],[59.444671,37.264187],[59.463481,37.247443],[59.469372,37.2407],[59.468132,37.235842],[59.464515,37.232457],[59.463068,37.229718],[59.461827,37.223],[59.45883,37.214758],[59.461724,37.207601],[59.478157,37.204138],[59.484668,37.198764],[59.49273,37.193596],[59.501205,37.190212],[59.509473,37.189824],[59.541202,37.199849],[59.555982,37.197782],[59.572725,37.18339],[59.579856,37.16781],[59.584611,37.148896],[59.591535,37.132334],[59.604971,37.123885],[59.61448,37.125487],[59.621508,37.131507],[59.633186,37.146261],[59.642592,37.15024],[59.653237,37.149672],[59.797207,37.112206],[59.862837,37.067816],[59.899527,37.050556],[59.981589,37.038826],[60.019209,37.025803],[60.048872,36.994022],[60.086389,36.930021],[60.132588,36.873409],[60.238524,36.769746],[60.259608,36.74241],[60.28865,36.68107],[60.309218,36.651976],[60.34229,36.637145],[60.501247,36.63947],[60.641084,36.641485],[60.854404,36.644638],[60.97295,36.646343],[61.075476,36.64779],[61.125188,36.640762],[61.165806,36.636318],[61.173971,36.602315],[61.182239,36.586915],[61.18596,36.577665],[61.187614,36.565108],[61.186167,36.552809],[61.182239,36.541647],[61.176865,36.532035],[61.170664,36.524438],[61.166323,36.513845],[61.167977,36.501804],[61.173971,36.486818],[61.152474,36.406306],[61.146686,36.357265],[61.160949,36.328636],[61.157745,36.324657],[61.156194,36.321867],[61.153507,36.314942],[61.163119,36.311583],[61.171077,36.306416],[61.177278,36.300369],[61.181412,36.294478],[61.185443,36.283988],[61.1872,36.273549],[61.187614,36.250347],[61.190921,36.240631],[61.205494,36.221098],[61.22048,36.158931],[61.223064,36.128804],[61.224717,36.123688],[61.222754,36.117538],[61.212212,36.106376],[61.207251,36.099503],[61.20415,36.090563],[61.202393,36.080745],[61.20198,36.071598],[61.198156,36.060797],[61.189681,36.055785],[61.180276,36.052788],[61.173971,36.048033],[61.171077,36.035941],[61.174591,36.015839],[61.173971,36.006485],[61.161775,35.995944],[61.141415,35.982353],[61.129839,35.970519],[61.143585,35.965506],[61.16808,35.962354],[61.188337,35.953569],[61.205804,35.940495],[61.221823,35.924527],[61.232159,35.910677],[61.241047,35.893883],[61.247352,35.876209],[61.251899,35.840397],[61.255516,35.82536],[61.256137,35.809133],[61.249729,35.786706],[61.256137,35.779368],[61.256343,35.769497],[61.249729,35.745778],[61.249005,35.740197],[61.249729,35.722472],[61.246731,35.715496],[61.233089,35.704592],[61.229161,35.698597],[61.231745,35.671881],[61.245388,35.649298],[61.269676,35.618499],[61.277014,35.609197],[61.287556,35.568269],[61.290036,35.548064],[61.283835,35.52729],[61.270503,35.508428],[61.247041,35.48507],[61.235983,35.465847],[61.227301,35.434479],[61.221823,35.424247],[61.200843,35.401148],[61.195055,35.390089],[61.190404,35.369573],[61.195055,35.318104],[61.187097,35.300379],[61.167873,35.291387],[61.143999,35.28808],[61.122708,35.287666],[61.108342,35.277951],[61.102451,35.25666],[61.101624,35.235318],[61.102347,35.225603],[61.107929,35.221262],[61.112786,35.21165],[61.112373,35.202038],[61.102347,35.197698],[61.096353,35.193202],[61.101521,35.183228],[61.137074,35.143902],[61.139865,35.139665],[61.137901,35.128296],[61.135214,35.119408],[61.136764,35.111191],[61.147306,35.102096],[61.123121,35.074191],[61.115887,35.059877],[61.109892,35.018535],[61.095319,34.981018],[61.092012,34.961485],[61.088912,34.951925],[61.074752,34.933114],[61.071548,34.920557],[61.072582,34.910325],[61.077026,34.891721],[61.077749,34.88304],[61.073409,34.847693],[61.06545,34.814724],[61.034755,34.806249],[61.02907,34.789712],[61.00964,34.76098],[60.978014,34.74062],[60.959927,34.723205],[60.958687,34.699589],[60.961994,34.67375],[60.957964,34.649411],[60.947525,34.63799],[60.935846,34.635665],[60.922824,34.636543],[60.908871,34.634683],[60.895435,34.628327],[60.888924,34.62166],[60.883859,34.613702],[60.838488,34.570914],[60.818954,34.559907],[60.794046,34.554119],[60.739269,34.548022],[60.714361,34.537428],[60.699685,34.516396],[60.71033,34.515129],[60.718908,34.51115],[60.725316,34.504277],[60.733894,34.480429],[60.742783,34.473452],[60.767277,34.464151],[60.77937,34.455081],[60.789085,34.44348],[60.804898,34.417487],[60.879105,34.337647],[60.890474,34.318914],[60.815957,34.315271],[60.714361,34.310129],[60.643667,34.306641],[60.650592,34.28535],[60.634986,34.271217],[60.587443,34.250262],[60.552407,34.220057],[60.520884,34.186131],[60.492772,34.139028],[60.486778,34.094277],[60.488461,34.080927],[60.499387,33.994257],[60.528016,33.84145],[60.525845,33.80215],[60.494943,33.744117],[60.486881,33.71138],[60.511789,33.638387],[60.574834,33.587796],[60.655553,33.559891],[60.733894,33.554852],[60.807378,33.558159],[60.846032,33.555782],[60.879622,33.548703],[60.895125,33.541132],[60.911971,33.528446],[60.92086,33.514105],[60.919788,33.512571],[60.912075,33.501522],[60.897295,33.497026],[60.849856,33.494365],[60.832183,33.484495],[60.829289,33.470129],[60.832803,33.453463],[60.834664,33.436255],[60.829082,33.416282],[60.818644,33.404887],[60.785881,33.387782],[60.757046,33.366337],[60.719012,33.323032],[60.670332,33.267712],[60.615969,33.206191],[60.5676,33.151285],[60.561502,33.137307],[60.562949,33.058268],[60.577522,32.994344],[60.60615,32.912359],[60.64005,32.815517],[60.67488,32.715601],[60.711674,32.61031],[60.752291,32.494581],[60.79632,32.355907],[60.830323,32.248885],[60.828256,32.167443],[60.81482,32.087862],[60.808825,32.07117],[60.782677,32.042541],[60.774926,32.027194],[60.778336,32.021044],[60.786708,32.01691],[60.792599,32.011277],[60.784021,31.989263],[60.786088,31.978979],[60.791049,31.969161],[60.794976,31.958464],[60.796733,31.93676],[60.789292,31.874955],[60.791462,31.826534],[60.805311,31.733981],[60.792599,31.660084],[60.794976,31.636675],[60.809962,31.588357],[60.821744,31.494668],[60.855024,31.482731],[60.956,31.47007],[61.123535,31.449089],[61.125149,31.448887],[61.29479,31.427644],[61.490851,31.403097],[61.606259,31.388741],[61.661176,31.38191],[61.686911,31.373177],[61.706548,31.359844],[61.742308,31.32088],[61.749233,31.30238],[61.742308,31.259437],[61.742722,31.239541],[61.752437,31.219129],[61.779205,31.181095],[61.78768,31.158616],[61.789334,31.129315],[61.791814,31.118929],[61.809281,31.087148],[61.821477,31.054488],[61.826334,31.034593],[61.826438,31.014956],[61.819306,30.993923],[61.800186,30.961419],[61.804527,30.94974],[61.808351,30.881424],[61.802356,30.87853],[61.799876,30.871502],[61.798429,30.853467],[61.799773,30.852381],[61.802253,30.847059],[61.7852,30.831401],[61.702621,30.745515],[61.57622,30.613895],[61.461705,30.494522],[61.380367,30.41029],[61.272156,30.298307],[61.215622,30.239706],[61.133043,30.154285],[60.978427,29.994398],[60.978117,29.994139],[60.902153,29.916883],[60.844379,29.858179],[60.925097,29.77498],[60.978014,29.720616],[61.043333,29.652429],[61.118677,29.573984],[61.196915,29.492284],[61.279184,29.40663],[61.298718,29.392651],[61.319802,29.385391],[61.337372,29.374384],[61.34657,29.349062],[61.34471,29.329529],[61.332824,29.294492],[61.332824,29.274907],[61.342333,29.25452],[61.374165,29.22385],[61.386981,29.206642],[61.390082,29.195428],[61.392769,29.170469],[61.397937,29.159074],[61.408582,29.148558],[61.417677,29.145664],[61.426875,29.14463],[61.437727,29.139618],[61.447959,29.125407],[61.45323,29.108379],[61.460879,29.093884],[61.478035,29.087476],[61.48775,29.080655],[61.490644,29.072025],[61.487234,29.06293],[61.478035,29.054326],[61.4708,29.047866],[61.46801,29.041743],[61.470284,29.035903],[61.478035,29.030658],[61.490954,29.02549],[61.502116,29.017713],[61.510901,29.007378],[61.553173,28.922138],[61.55896,28.902733],[61.561338,28.885938],[61.566505,28.870978],[61.595341,28.842685],[61.623969,28.78765],[61.653012,28.756334],[61.756158,28.673961],[61.797706,28.626574],[61.861164,28.574769],[61.89279,28.5426],[61.91129,28.533737],[61.971132,28.518984],[62.018829,28.494696],[62.049111,28.486324],[62.115567,28.481363],[62.147503,28.475266],[62.230702,28.442451],[62.362787,28.418887],[62.390538,28.406123],[62.402165,28.394108],[62.410743,28.380698],[62.420975,28.368554],[62.437201,28.360441],[62.453841,28.355686],[62.46428,28.349821],[62.471204,28.339692],[62.477716,28.322303],[62.492288,28.300703],[62.555437,28.240319],[62.575643,28.229027],[62.739302,28.258328],[62.761523,28.246442],[62.76638,28.211483],[62.751704,28.108725],[62.735684,27.994985],[62.754185,27.925842],[62.780281,27.829724],[62.786379,27.77027],[62.794699,27.689474],[62.799712,27.63927],[62.809323,27.547054],[62.814698,27.494964],[62.8086,27.453364],[62.756045,27.348099],[62.775682,27.326912],[62.780643,27.31606],[62.778783,27.299833],[62.774132,27.285519],[62.768086,27.274357],[62.758215,27.267691],[62.742351,27.266812],[62.785604,27.232499],[62.800642,27.225161],[62.808548,27.225368],[62.822294,27.232499],[62.829322,27.233636],[62.837384,27.231259],[62.860845,27.219632],[62.892419,27.213482],[62.919601,27.214877],[62.97784,27.225161],[63.003782,27.228778],[63.056182,27.243196],[63.082743,27.244385],[63.099435,27.242834],[63.112302,27.243196],[63.166976,27.258699],[63.177105,27.258441],[63.189559,27.254462],[63.215448,27.233223],[63.226817,27.22697],[63.251519,27.21896],[63.260614,27.213792],[63.271259,27.203405],[63.285573,27.184647],[63.319628,27.117312],[63.30242,27.123358],[63.280561,27.123203],[63.260924,27.115607],[63.249968,27.099536],[63.246248,27.089459],[63.235602,27.075868],[63.231365,27.065843],[63.229918,27.05406],[63.234982,26.941147],[63.243974,26.92244],[63.25648,26.906162],[63.264851,26.890039],[63.261647,26.871746],[63.246661,26.85955],[63.206043,26.853711],[63.189559,26.846011],[63.182272,26.83025],[63.174314,26.685039],[63.163772,26.645093],[63.141344,26.625404],[63.131268,26.625818],[63.123464,26.629435],[63.11623,26.634034],[63.1076,26.6376],[63.09804,26.638375],[63.068894,26.632536],[63.029413,26.633518],[62.990449,26.638892],[62.900016,26.640907],[62.821674,26.642613],[62.753564,26.644163],[62.742712,26.641321],[62.735064,26.632226],[62.724729,26.615121],[62.718011,26.610522],[62.71057,26.606904],[62.70194,26.60401],[62.671037,26.597706],[62.662511,26.598274],[62.651349,26.603183],[62.6406,26.605147],[62.632022,26.600393],[62.624115,26.592952],[62.615795,26.587112],[62.595331,26.580704],[62.428003,26.564788],[62.418495,26.562307],[62.41064,26.55683],[62.402475,26.543807],[62.396687,26.539053],[62.386352,26.536624],[62.365268,26.537503],[62.355863,26.536624],[62.347594,26.533317],[62.334675,26.524842],[62.32651,26.520656],[62.306977,26.51368],[62.298295,26.508771],[62.291991,26.501226],[62.29013,26.492441],[62.293127,26.485878],[62.296952,26.480245],[62.297882,26.474044],[62.287546,26.456629],[62.256127,26.428931],[62.248996,26.416528],[62.254474,26.393584],[62.26424,26.375187],[62.265119,26.360976],[62.243415,26.350641],[62.205898,26.355343],[62.161456,26.369503],[62.123835,26.373999],[62.106886,26.349711],[62.103268,26.325113],[62.094173,26.314829],[62.05278,26.308576],[62.032265,26.302892],[62.013661,26.294624],[61.977746,26.273178],[61.857133,26.242379],[61.832949,26.225377],[61.818376,26.198454],[61.809901,26.167448],[61.800703,26.106625],[61.792745,26.052829],[61.783236,25.990611],[61.770627,25.907412],[61.760085,25.837597],[61.754504,25.819975],[61.739311,25.803284],[61.721948,25.799667],[61.702621,25.80008],[61.681434,25.795481],[61.66035,25.769178],[61.665311,25.732384],[61.676369,25.6928],[61.673475,25.65828],[61.667171,25.650477],[61.652495,25.637299],[61.646604,25.627687],[61.643193,25.613321],[61.639059,25.554927],[61.633064,25.469299],[61.626036,25.36977],[61.620042,25.285486],[61.588227,25.202094],[61.581879,25.216702],[61.579763,25.233466],[61.562348,25.244818],[61.559255,25.250963],[61.554454,25.254096],[61.544688,25.248277],[61.54184,25.24258],[61.540375,25.226508],[61.537283,25.220364],[61.542817,25.215644],[61.552745,25.205064],[61.55836,25.200507],[61.536957,25.202704],[61.520763,25.208645],[61.504242,25.208808],[61.482595,25.193671],[61.506196,25.186835],[61.515961,25.181871],[61.524181,25.173163],[61.518809,25.16352],[61.503184,25.14525],[61.498546,25.13467],[61.498546,25.129381],[61.497406,25.125434],[61.489513,25.118598],[61.475108,25.11164],[61.420584,25.096869],[61.435069,25.087714],[61.411717,25.059408],[61.24353,25.111886],[61.185068,25.123249],[61.185476,25.139608],[61.170269,25.16444],[61.03061,25.209784],[60.86671,25.234605],[60.727712,25.26439],[60.633474,25.27497],[60.616954,25.283189],[60.632335,25.296088],[60.608165,25.327582],[60.604991,25.341051],[60.604747,25.397162],[60.601573,25.405951],[60.565196,25.438625],[60.549653,25.446926],[60.532074,25.44892],[60.514171,25.447333],[60.445649,25.428168],[60.428477,25.419623],[60.418956,25.405992],[60.403331,25.388861],[60.395274,25.377875],[60.39503,25.371324],[60.398123,25.364976],[60.402029,25.344672],[60.406912,25.341946],[60.413748,25.341295],[60.424815,25.336371],[60.433442,25.336493],[60.437673,25.33393],[60.441661,25.327582],[60.452207,25.317385],[60.441254,25.318793],[60.441091,25.316596],[60.470063,25.303087],[60.467246,25.290276],[60.455645,25.29279],[60.423523,25.304965],[60.382823,25.320258],[60.362559,25.330552],[60.319223,25.329851],[60.290294,25.351304],[60.299653,25.367255],[60.303966,25.371161],[60.289399,25.377183],[60.271251,25.379584],[60.235037,25.377997],[60.207367,25.373114],[60.201508,25.371161],[60.192556,25.362006],[60.192556,25.356147],[60.195079,25.351223],[60.215974,25.33828],[60.20921,25.319689],[60.181977,25.319892],[60.161876,25.331977],[60.15089,25.335273],[60.11671,25.33983],[60.108897,25.34512],[60.097911,25.35814],[60.082038,25.36595],[60.045325,25.363858],[59.994423,25.35685],[59.940823,25.354911],[59.903806,25.329863],[59.861696,25.343057],[59.819865,25.379201],[59.774873,25.389869],[59.659134,25.383361],[59.613997,25.383777],[59.53799,25.39975],[59.490443,25.443467],[59.453902,25.461607],[59.397288,25.451846],[59.279145,25.434719],[59.251069,25.430732],[59.195323,25.422919],[59.138357,25.398505],[59.117198,25.394192],[59.108735,25.395697],[59.101329,25.402248],[59.094086,25.406399],[59.08546,25.404608],[59.076182,25.400702],[59.066905,25.398505],[59.043956,25.399604],[59.024181,25.403225],[59.007335,25.409735],[58.994314,25.419623],[58.94809,25.486518],[58.923513,25.513373],[58.884451,25.529486],[58.84962,25.528795],[58.840343,25.532904],[58.834158,25.542385],[58.830577,25.552314],[58.825206,25.56037],[58.813731,25.563625],[58.728038,25.563625],[58.546397,25.593655],[58.484141,25.584662],[58.430512,25.587958],[58.411794,25.596015],[58.418956,25.612006],[58.389659,25.610297],[58.357595,25.60456],[58.344086,25.598131],[58.321056,25.580797],[58.305919,25.577297],[58.299001,25.57982],[58.295584,25.583889],[58.290701,25.583726],[58.278982,25.573879],[58.271007,25.568671],[58.260753,25.565741],[58.251964,25.56684],[58.248302,25.573879],[58.242442,25.571438],[58.207286,25.549302],[58.170421,25.544094],[58.137869,25.549791],[58.106212,25.558905],[58.07309,25.563625],[58.046235,25.574937],[58.024181,25.601874],[57.994314,25.659166],[57.963227,25.693183],[57.925304,25.701321],[57.884044,25.691636],[57.843516,25.672838],[57.809418,25.647773],[57.787446,25.635443],[57.771739,25.635565],[57.77589,25.679674],[57.779796,25.691148],[57.782481,25.696112],[57.783051,25.699774],[57.781505,25.707587],[57.771251,25.730455],[57.755626,25.742743],[57.734711,25.747707],[57.709727,25.748521],[57.687185,25.746405],[57.631847,25.734931],[57.61964,25.737006],[57.598806,25.746405],[57.587169,25.748521],[57.575694,25.747504],[57.555837,25.742825],[57.545584,25.741767],[57.520681,25.743557],[57.452485,25.762885],[57.459972,25.769029],[57.326182,25.777004],[57.311534,25.784125],[57.304373,25.79975],[57.298676,25.8487],[57.274425,25.8994],[57.261974,25.939887],[57.253591,25.95897],[57.243663,25.967027],[57.242035,25.970893],[57.219737,25.995022],[57.215343,25.995836],[57.202647,25.993883],[57.198578,25.995022],[57.196788,25.999172],[57.194102,26.010972],[57.180512,26.046861],[57.176524,26.063544],[57.166759,26.082994],[57.164561,26.094916],[57.170909,26.115627],[57.201996,26.146226],[57.212901,26.166246],[57.199229,26.198188],[57.133067,26.263739],[57.138438,26.290432],[57.131033,26.296617],[57.125255,26.341864],[57.118175,26.364325],[57.107107,26.38227],[57.087901,26.398993],[57.083181,26.40648],[57.080333,26.415351],[57.076671,26.438218],[57.076345,26.447455],[57.093435,26.572211],[57.090017,26.618801],[57.024913,26.850979],[57.011241,26.868883],[56.977306,26.895331],[56.96518,26.911119],[56.966482,26.927232],[56.93572,26.945543],[56.925548,26.955146],[56.940115,26.954291],[56.95102,26.958157],[56.961111,26.963853],[56.973318,26.968817],[56.964854,26.975653],[56.963552,26.985053],[56.967052,26.994818],[56.973318,27.002997],[56.942556,26.991116],[56.932384,26.989325],[56.923106,26.9914],[56.917247,26.99608],[56.913097,27.0008],[56.908214,27.002997],[56.903087,27.006415],[56.897797,27.013007],[56.89088,27.017035],[56.871349,27.00845],[56.865489,27.011868],[56.862966,27.020087],[56.863455,27.03026],[56.850597,27.027655],[56.843761,27.032904],[56.844086,27.040229],[56.853526,27.043931],[56.858409,27.047431],[56.875987,27.064399],[56.884613,27.070624],[56.884613,27.07807],[56.855317,27.081692],[56.831391,27.096137],[56.815196,27.117011],[56.808849,27.139553],[56.797211,27.12934],[56.784434,27.125312],[56.757335,27.12523],[56.742361,27.129584],[56.733084,27.139228],[56.725597,27.14883],[56.716075,27.153144],[56.612315,27.154242],[56.589692,27.160631],[56.582856,27.153144],[56.558604,27.165188],[56.528575,27.170722],[56.466156,27.173651],[56.436534,27.17886],[56.384125,27.197496],[56.353038,27.201606],[56.291189,27.198472],[56.259613,27.19123],[56.236583,27.177069],[56.21518,27.167873],[56.150157,27.165351],[56.123709,27.160631],[56.115571,27.155748],[56.098888,27.141018],[56.095551,27.136135],[56.093516,27.125556],[56.088145,27.122219],[56.080414,27.120754],[56.071788,27.115627],[56.054535,27.102607],[55.987315,27.066352],[55.963145,27.048041],[55.962738,27.043931],[55.95753,27.040758],[55.939301,27.026679],[55.928396,27.023424],[55.8838,27.018744],[55.842459,27.009752],[55.831798,27.008734],[55.79835,27.009752],[55.787283,27.007717],[55.772472,26.998277],[55.763682,26.996161],[55.726329,26.996161],[55.694835,27.002753],[55.684825,27.002997],[55.665863,26.995429],[55.632335,26.967515],[55.61964,26.961371],[55.608572,26.953681],[55.554454,26.899888],[55.568858,26.90412],[55.575043,26.907172],[55.582367,26.91356],[55.586436,26.889065],[55.580414,26.859117],[55.568533,26.830797],[55.554454,26.810533],[55.521739,26.784573],[55.48406,26.767524],[55.442231,26.759914],[55.397309,26.762152],[55.316742,26.787095],[55.270844,26.792548],[55.232921,26.776435],[55.221039,26.757392],[55.215587,26.739488],[55.205903,26.726386],[55.181651,26.721177],[55.16212,26.719143],[55.118175,26.707587],[55.103282,26.701321],[55.037934,26.648912],[55.026866,26.642646],[54.930675,26.572659],[54.822032,26.515774],[54.815196,26.510443],[54.80893,26.503852],[54.801524,26.498236],[54.791026,26.495836],[54.778494,26.49787],[54.761567,26.506822],[54.749685,26.508938],[54.663829,26.502021],[54.619965,26.508246],[54.602875,26.530992],[54.590587,26.559963],[54.56129,26.584662],[54.516612,26.592515],[54.425629,26.589342],[54.389415,26.605129],[54.37143,26.630845],[54.356619,26.662828],[54.337738,26.693427],[54.308116,26.714993],[54.286876,26.718655],[54.266856,26.715766],[54.247569,26.710842],[54.171397,26.706122],[54.150401,26.708197],[54.081716,26.726142],[54.064464,26.728583],[54.053722,26.731635],[54.034516,26.745307],[54.026215,26.749091],[54.015798,26.749457],[53.995128,26.745592],[53.929373,26.718004],[53.883474,26.712348],[53.842784,26.702094],[53.820811,26.701321],[53.776134,26.71426],[53.75172,26.716051],[53.728282,26.704739],[53.716075,26.708564],[53.663829,26.749091],[53.588634,26.788764],[53.491547,26.854315],[53.477224,26.870103],[53.471446,26.889635],[53.469086,26.937201],[53.461111,26.957099],[53.444102,26.975653],[53.41212,26.993557],[53.072032,27.096869],[53.050141,27.098578],[53.028656,27.104071],[53.01531,27.117336],[53.004731,27.133246],[52.992198,27.146959],[52.932628,27.160346],[52.92335,27.170233],[52.914724,27.191962],[52.894298,27.20307],[52.848318,27.215277],[52.767751,27.279731],[52.732188,27.301337],[52.678803,27.322374],[52.601329,27.352932],[52.58074,27.37226],[52.579112,27.392768],[52.588552,27.405504],[52.605235,27.412055],[52.62615,27.413886],[52.644867,27.413316],[52.666515,27.415351],[52.678966,27.425279],[52.670095,27.448635],[52.654145,27.460883],[52.613536,27.474677],[52.598399,27.485826],[52.590505,27.497748],[52.574474,27.530585],[52.567638,27.540717],[52.492524,27.609442],[52.459646,27.632636],[52.423106,27.646633],[52.244884,27.681383],[52.207205,27.698228],[52.089203,27.795396],[52.052582,27.817369],[52.011241,27.832709],[51.963715,27.838446],[51.894298,27.830878],[51.878429,27.835354],[51.85963,27.845893],[51.823864,27.843597],[51.785295,27.835454],[51.722799,27.825117],[51.683443,27.830581],[51.596934,27.846666],[51.585134,27.849311],[51.580089,27.85578],[51.578868,27.865302],[51.575531,27.872789],[51.570323,27.877631],[51.539135,27.881627],[51.496424,27.893041],[51.475096,27.91348],[51.452077,27.947515],[51.428156,27.961147],[51.420405,27.933201],[51.399876,27.931713],[51.380271,27.991418],[51.36061,28.016378],[51.345222,28.052669],[51.30753,28.107132],[51.290369,28.121519],[51.269759,28.140454],[51.264822,28.160549],[51.286876,28.214301],[51.28533,28.240912],[51.264822,28.270453],[51.229991,28.298407],[51.217621,28.311428],[51.182384,28.359768],[51.149425,28.39053],[51.141856,28.400784],[51.08074,28.533922],[51.07252,28.565253],[51.071544,28.692694],[51.058849,28.735907],[51.036388,28.772528],[51.010916,28.79914],[50.978689,28.816636],[50.936534,28.825344],[50.896007,28.827338],[50.87615,28.832017],[50.867686,28.842678],[50.860037,28.862454],[50.812999,28.9147],[50.804861,28.93358],[50.798839,28.961127],[50.802582,28.985826],[50.823253,28.996649],[50.842784,28.990668],[50.862478,28.976142],[50.878917,28.957994],[50.888682,28.941392],[50.899262,28.949449],[50.89796,28.956732],[50.893403,28.965033],[50.894867,28.976142],[50.902029,28.983385],[50.922211,28.999213],[50.928966,29.00967],[50.932384,29.03148],[50.929942,29.054633],[50.920177,29.069037],[50.901703,29.064887],[50.893321,29.093899],[50.886567,29.104071],[50.87436,29.113267],[50.868337,29.112047],[50.859141,29.107815],[50.850841,29.105455],[50.847179,29.109931],[50.845958,29.126858],[50.844005,29.135199],[50.840343,29.140611],[50.816417,29.144192],[50.738292,29.140082],[50.720225,29.137193],[50.693696,29.12344],[50.665863,29.12641],[50.643809,29.143459],[50.634939,29.171332],[50.633067,29.195502],[50.635753,29.207709],[50.644786,29.219794],[50.651866,29.233344],[50.658376,29.249945],[50.667491,29.25727],[50.682628,29.243069],[50.687022,29.283881],[50.689464,29.290839],[50.679861,29.293647],[50.673595,29.299628],[50.661469,29.318793],[50.66863,29.343329],[50.668224,29.38227],[50.663097,29.421942],[50.655284,29.449123],[50.6421,29.469794],[50.622732,29.493069],[50.607432,29.499498],[50.606944,29.469631],[50.601085,29.480658],[50.572765,29.518012],[50.52003,29.555976],[50.511404,29.568915],[50.504568,29.586086],[50.48878,29.605373],[50.456065,29.634101],[50.396983,29.654731],[50.387869,29.665107],[50.381602,29.685004],[50.367035,29.704088],[50.340017,29.730292],[50.313324,29.763983],[50.267914,29.836371],[50.243826,29.866848],[50.225108,29.881171],[50.183849,29.903144],[50.144867,29.938056],[50.141368,29.942572],[50.138438,29.954657],[50.137543,29.972968],[50.133962,29.983547],[50.149669,29.985175],[50.153331,29.991034],[50.147472,29.998236],[50.133962,30.004055],[50.144786,30.037909],[50.121837,30.09455],[50.127696,30.120673],[50.113617,30.130316],[50.097911,30.148505],[50.084727,30.168891],[50.079356,30.185248],[50.073416,30.195746],[50.058849,30.204576],[50.050629,30.207343],[50.024099,30.216254],[49.988292,30.219916],[49.95102,30.215033],[49.914561,30.203925],[49.600759,30.030097],[49.564464,30.016832],[49.532237,30.022935],[49.50408,30.058661],[49.501638,30.074897],[49.501231,30.120063],[49.493419,30.137437],[49.486176,30.146389],[49.483653,30.151801],[49.479828,30.156073],[49.469086,30.161689],[49.459321,30.165188],[49.44988,30.167182],[49.428233,30.168524],[49.417654,30.167467],[49.396007,30.162787],[49.383962,30.161689],[49.372813,30.163764],[49.358409,30.173163],[49.349946,30.175279],[49.329275,30.172268],[49.29184,30.158515],[49.271251,30.154853],[49.245128,30.15648],[49.235688,30.165107],[49.237071,30.206366],[49.23406,30.209418],[49.220225,30.217922],[49.215994,30.223782],[49.215505,30.229193],[49.215994,30.244208],[49.21754,30.251776],[49.22169,30.258205],[49.221202,30.264553],[49.209158,30.27147],[49.20338,30.254462],[49.192882,30.237738],[49.178477,30.225898],[49.161388,30.223782],[49.143321,30.233547],[49.134776,30.246324],[49.124034,30.256415],[49.1067,30.257799],[49.083507,30.264838],[49.017345,30.298285],[49.003673,30.309394],[48.997081,30.34162],[48.979503,30.361762],[48.953298,30.373521],[48.921153,30.380764],[48.931814,30.397162],[48.948578,30.401068],[48.989431,30.395006],[49.010753,30.395941],[49.043712,30.405666],[49.062022,30.408108],[49.082367,30.403795],[49.123383,30.385077],[49.137462,30.380764],[49.159679,30.378852],[49.176443,30.372748],[49.189952,30.362209],[49.202891,30.346625],[49.208751,30.360093],[49.227712,30.389228],[49.257172,30.421861],[49.262869,30.432563],[49.263845,30.449652],[49.243175,30.446031],[49.228282,30.454413],[49.219005,30.469794],[49.211192,30.506334],[49.199392,30.501614],[49.183849,30.487047],[49.168224,30.476996],[49.169688,30.489732],[49.171153,30.493109],[49.175059,30.497463],[49.166759,30.508775],[49.158214,30.506985],[49.14796,30.500393],[49.134044,30.497463],[49.128103,30.501125],[49.116954,30.514879],[49.110118,30.517971],[49.10377,30.516832],[49.094412,30.512193],[49.089366,30.511135],[49.069347,30.513821],[49.05128,30.518378],[49.034353,30.519273],[49.017345,30.511135],[48.981456,30.515611],[48.952973,30.50019],[48.945649,30.479722],[48.972667,30.469468],[49.004405,30.464016],[49.02947,30.450263],[49.037283,30.432522],[49.017345,30.414944],[49.000499,30.415188],[48.946462,30.421576],[48.934825,30.418647],[48.880138,30.374579],[48.87615,30.370103],[48.867361,30.3581],[48.862315,30.345608],[48.873709,30.336656],[48.86964,30.329495],[48.863048,30.321519],[48.85963,30.31623],[48.867035,30.294745],[48.884532,30.279364],[48.904796,30.266018],[48.921153,30.250434],[48.929535,30.232652],[48.936046,30.21011],[48.941661,30.165107],[48.939708,30.152533],[48.930837,30.131985],[48.927989,30.120673],[48.928559,30.110053],[48.934255,30.09101],[48.934825,30.079739],[48.928559,30.060004],[48.915294,30.042182],[48.897227,30.029446],[48.87672,30.024482],[48.808849,30.03144],[48.791352,30.024482],[48.771983,30.032375],[48.701996,30.031928],[48.659516,30.052232],[48.643321,30.055406],[48.640636,30.038072],[48.645518,30.026109],[48.658946,30.00727],[48.661632,29.993476],[48.658702,29.983629],[48.651378,29.975002],[48.642345,29.967963],[48.6338,29.963039],[48.61085,29.957017],[48.537446,29.963039],[48.537446,29.969875],[48.532074,29.963813],[48.531016,29.96133],[48.523994,29.964115],[48.49304,29.971763],[48.478157,29.979618],[48.464307,29.989127],[48.457796,29.994863],[48.453145,30.001426],[48.444257,30.020908],[48.44219,30.03393],[48.423948,30.083643],[48.421209,30.085348],[48.415525,30.095632],[48.395578,30.115217],[48.383072,30.13842],[48.381108,30.145345],[48.383279,30.156455],[48.391134,30.164775],[48.400745,30.172268],[48.408032,30.180898],[48.410616,30.191543],[48.408704,30.202344],[48.403588,30.212524],[48.397025,30.220999],[48.358164,30.251798],[48.326021,30.283476],[48.305713,30.312828],[48.296359,30.319753],[48.284267,30.323318],[48.271658,30.323835],[48.235071,30.318512],[48.222979,30.318099],[48.211196,30.319649],[48.200086,30.323938],[48.192076,30.331276],[48.187684,30.340836],[48.179467,30.384865],[48.170475,30.406672],[48.15766,30.426309],[48.140916,30.441916],[48.130581,30.447497],[48.119419,30.450804],[48.013586,30.463878],[48.012035,30.494522],[48.015446,30.97625],[48.012242,30.989066],[48.001545,30.994647],[47.672935,30.994698],[47.676443,31.236517],[47.678929,31.407851],[47.831323,31.761835],[47.837266,31.784469],[47.834475,31.805708],[47.820781,31.823588],[47.781352,31.848858],[47.76528,31.864103],[47.761715,31.871647],[47.756547,31.889166],[47.750966,31.898209],[47.743318,31.904255],[47.725231,31.914332],[47.71841,31.922342],[47.68265,31.976912],[47.677947,31.994534],[47.677947,31.994689],[47.668077,32.012414],[47.633144,32.026935],[47.617796,32.04187],[47.595007,32.085433],[47.580232,32.103495],[47.578057,32.106155],[47.55873,32.112976],[47.54364,32.114578],[47.534752,32.123157],[47.52669,32.133389],[47.513823,32.140313],[47.498165,32.144137],[47.491344,32.148633],[47.490413,32.15654],[47.492481,32.170492],[47.496408,32.181344],[47.502351,32.190129],[47.507673,32.199844],[47.509224,32.213797],[47.504004,32.226742],[47.484522,32.239351],[47.479148,32.252063],[47.469433,32.25612],[47.463025,32.26183],[47.445352,32.28263],[47.441579,32.288185],[47.436877,32.293689],[47.407059,32.31777],[47.40246,32.323506],[47.395794,32.33702],[47.395949,32.34198],[47.39998,32.345779],[47.408765,32.364331],[47.414346,32.36986],[47.417963,32.376423],[47.416413,32.387973],[47.410832,32.395285],[47.384115,32.41257],[47.36732,32.430761],[47.356106,32.446186],[47.343342,32.458692],[47.321948,32.468226],[47.265311,32.484685],[47.251255,32.48546],[47.20547,32.46404],[47.187796,32.458382],[47.152553,32.455178],[47.12103,32.461043],[47.090593,32.474556],[47.058657,32.4944],[47.058605,32.494478],[47.058398,32.494478],[46.757332,32.716195],[46.715887,32.756012],[46.650361,32.789369],[46.604421,32.820685],[46.600613,32.822541],[46.507321,32.868021],[46.479312,32.891792],[46.379629,32.931764],[46.273433,32.959488],[46.15556,32.948352],[46.09701,32.95432],[46.075719,32.994344],[46.075719,32.994499],[46.088018,33.00672],[46.104658,33.018063],[46.119489,33.031008],[46.126156,33.047984],[46.12042,33.061678],[46.106002,33.072504],[46.087192,33.079222],[46.043267,33.08346],[46.029314,33.093511],[46.030296,33.105681],[46.050398,33.115112],[46.072412,33.116765],[46.089155,33.11568],[46.105382,33.118393],[46.126466,33.131777],[46.153441,33.154256],[46.167187,33.168338],[46.174318,33.18118],[46.173698,33.190223],[46.162122,33.196373],[46.157678,33.205675],[46.15835,33.213865],[46.164396,33.233063],[46.164189,33.243347],[46.155301,33.260219],[46.141349,33.272105],[46.109516,33.293705],[46.069725,33.34086],[46.036239,33.367939],[46.031071,33.382511],[46.030503,33.399203],[46.027454,33.419512],[46.019392,33.438399],[46.008023,33.455659],[45.974434,33.490799],[45.971385,33.492763],[45.968232,33.494236],[45.964487,33.495991],[45.963272,33.496561],[45.958156,33.497388],[45.953143,33.496587],[45.948182,33.494262],[45.929682,33.479508],[45.899399,33.476304],[45.869737,33.482118],[45.852581,33.494365],[45.868187,33.511573],[45.915626,33.535809],[45.927925,33.550873],[45.920897,33.572991],[45.89971,33.58516],[45.882036,33.600198],[45.885964,33.63092],[45.864363,33.626424],[45.815787,33.625804],[45.797545,33.619319],[45.768451,33.595909],[45.752018,33.586762],[45.734552,33.583119],[45.72773,33.590096],[45.727989,33.625649],[45.72463,33.633036],[45.721116,33.640764],[45.673987,33.669031],[45.658794,33.681692],[45.645151,33.697918],[45.635126,33.714171],[45.628202,33.731844],[45.623912,33.752075],[45.616729,33.768689],[45.603604,33.78073],[45.588204,33.791504],[45.574768,33.803933],[45.485781,33.938653],[45.483921,33.940048],[45.481751,33.940875],[45.47927,33.941185],[45.449711,33.937387],[45.423718,33.938782],[45.401032,33.949453],[45.380361,33.97356],[45.401755,33.981622],[45.411471,33.987151],[45.419739,33.994257],[45.419946,33.994257],[45.419946,33.99436],[45.43519,34.022136],[45.443613,34.047664],[45.454879,34.06986],[45.47927,34.087636],[45.493946,34.100685],[45.534357,34.128202],[45.544537,34.139494],[45.544537,34.15063],[45.538801,34.159234],[45.531463,34.167916],[45.526657,34.17931],[45.528673,34.18856],[45.542729,34.207474],[45.54769,34.216491],[45.561022,34.264602],[45.563038,34.289278],[45.55756,34.311964],[45.542212,34.331601],[45.521541,34.342504],[45.499217,34.342401],[45.47927,34.329146],[45.46077,34.340463],[45.447954,34.36209],[45.417052,34.444359],[45.426767,34.45751],[45.47927,34.467251],[45.486505,34.472729],[45.493016,34.479008],[45.4987,34.486242],[45.503455,34.494175],[45.50485,34.523785],[45.49653,34.564248],[45.500664,34.591688],[45.539628,34.582231],[45.573941,34.567297],[45.604844,34.561147],[45.673573,34.556652],[45.695588,34.550244],[45.70153,34.551277],[45.705613,34.557737],[45.7083,34.568382],[45.708558,34.579079],[45.705613,34.58559],[45.694451,34.598561],[45.691247,34.615511],[45.690782,34.634321],[45.687629,34.653235],[45.683495,34.660211],[45.678379,34.66512],[45.67347,34.671166],[45.67037,34.681812],[45.666856,34.689977],[45.659517,34.697211],[45.650526,34.702999],[45.642258,34.706875],[45.627375,34.720828],[45.635023,34.736951],[45.662825,34.763254],[45.665925,34.774726],[45.6636,34.794932],[45.666752,34.80692],[45.676571,34.818289],[45.689231,34.82263],[45.717705,34.825111],[45.745404,34.840975],[45.750468,34.865367],[45.748504,34.89074],[45.755119,34.909963],[45.77827,34.910893],[45.796202,34.903064],[45.808036,34.897871],[45.835011,34.890171],[45.850203,34.906811],[45.857852,34.931306],[45.866327,34.949547],[45.868962,34.968358],[45.859712,34.994248],[45.859712,34.994403],[45.856818,35.008045],[45.857025,35.021274],[45.861882,35.032798],[45.872476,35.041428],[45.879039,35.043237],[45.893095,35.044374],[45.899089,35.046906],[45.901156,35.051608],[45.898366,35.063907],[45.899399,35.06861],[45.913197,35.087317],[45.920173,35.089642],[45.934953,35.085456],[45.956037,35.074243],[45.966372,35.070729],[45.97924,35.071555],[46.009212,35.06091],[46.025077,35.064269],[46.039753,35.075535],[46.066573,35.088815],[46.07665,35.089694],[46.09453,35.085818],[46.119954,35.092743],[46.132357,35.094758],[46.143106,35.099512],[46.151064,35.111605],[46.130393,35.131397],[46.143829,35.159612],[46.165481,35.189946],[46.169254,35.216249],[46.154164,35.226636],[46.115407,35.226326],[46.101454,35.234285],[46.098767,35.250046],[46.107655,35.262758],[46.120058,35.274902],[46.125285,35.284989],[46.127396,35.289062],[46.120161,35.318517],[46.096287,35.341151],[46.040993,35.381562],[45.977017,35.46533],[45.963995,35.494165],[45.963582,35.503415],[45.966062,35.511477],[45.971333,35.51804],[45.97924,35.523001],[45.983219,35.52698],[45.984562,35.531062],[45.983115,35.5353],[45.97924,35.539486],[45.968026,35.558503],[45.959344,35.578708],[45.963892,35.579742],[45.968698,35.579742],[45.999238,35.572145],[46.002029,35.585943],[45.992314,35.62439],[45.992365,35.640875],[45.995879,35.658393],[46.003786,35.674258],[46.016498,35.68573],[46.037065,35.691569],[46.107035,35.689812],[46.127603,35.693688],[46.177729,35.715392],[46.217003,35.713583],[46.23788,35.715547],[46.253486,35.727743],[46.267129,35.744124],[46.297515,35.759886],[46.313379,35.771513],[46.325058,35.787843],[46.327074,35.8035],[46.319632,35.816885],[46.302992,35.826548],[46.281392,35.828305],[46.263512,35.821122],[46.246407,35.811407],[46.227441,35.805723],[46.184963,35.798178],[46.163518,35.797506],[46.143364,35.804534],[46.135199,35.810012],[46.129101,35.815541],[46.124812,35.822466],[46.119851,35.842878],[46.115045,35.846444],[46.107759,35.847425],[46.07696,35.856986],[46.060423,35.857244],[46.0443,35.852283],[46.024973,35.843291],[46.004923,35.837969],[45.941257,35.840346],[45.909115,35.831302],[45.898779,35.832181],[45.888496,35.834868],[45.878315,35.83523],[45.854079,35.818332],[45.834752,35.810528],[45.814185,35.80934],[45.797907,35.818383],[45.786745,35.820244],[45.749021,35.810994],[45.731038,35.815128],[45.718739,35.828305],[45.69321,35.879878],[45.646857,35.933208],[45.617039,35.955429],[45.589858,35.959615],[45.576939,35.96623],[45.53999,35.99398],[45.501424,36.005435],[45.47927,36.012015],[45.453122,36.011653],[45.419946,35.998269],[45.402169,35.994238],[45.401962,35.994083],[45.401859,35.994031],[45.401549,35.99398],[45.381808,35.982973],[45.359587,35.976875],[45.33809,35.979304],[45.32052,35.99398],[45.320313,35.994031],[45.32021,35.994135],[45.32021,35.99429],[45.313699,36.010413],[45.31959,36.031032],[45.331889,36.051599],[45.344188,36.067464],[45.348322,36.087514],[45.33561,36.10772],[45.304604,36.140379],[45.299539,36.161411],[45.30202,36.207558],[45.297369,36.22673],[45.282796,36.238409],[45.264193,36.250192],[45.258508,36.262232],[45.282693,36.274893],[45.263934,36.294272],[45.25701,36.311687],[45.254478,36.354785],[45.24962,36.377936],[45.238871,36.402999],[45.221301,36.42093],[45.19598,36.422429],[45.139963,36.404394],[45.110817,36.402534],[45.083739,36.412817],[45.072266,36.423411],[45.068546,36.432506],[45.066892,36.442376],[45.062086,36.455347],[45.054076,36.464959],[45.045498,36.471625],[45.03909,36.479842],[45.03816,36.494001],[45.025344,36.505215],[45.009525,36.516196],[45.005914,36.518702],[44.991393,36.53374],[44.993408,36.549656],[44.997852,36.552085],[45.010255,36.556013],[45.013252,36.557925],[45.014182,36.579009],[45.024879,36.613167],[45.04431,36.64934],[45.045911,36.668047],[45.035266,36.689596],[45.010978,36.725563],[44.996199,36.741686],[44.979456,36.749024],[44.966433,36.749334],[44.954754,36.752331],[44.944419,36.758274],[44.935221,36.767111],[44.922715,36.775896],[44.908245,36.77786],[44.87724,36.776464],[44.851195,36.781219],[44.831248,36.791916],[44.823393,36.809331],[44.834141,36.834032],[44.869643,36.868965],[44.883441,36.886845],[44.888815,36.910926],[44.884061,36.933354],[44.874863,36.949658],[44.869178,36.967357],[44.874759,36.994022],[44.885715,37.005081],[44.887368,37.015933],[44.880754,37.024925],[44.858946,37.034123],[44.847577,37.044045],[44.840601,37.047197],[44.830938,37.046835],[44.811197,37.041926],[44.801895,37.043528],[44.797296,37.048489],[44.792232,37.063734],[44.788356,37.070245],[44.781121,37.074482],[44.773628,37.076343],[44.766549,37.078952],[44.760658,37.085644],[44.752699,37.103318],[44.752544,37.113136],[44.766135,37.14192],[44.772336,37.161247],[44.766135,37.178145],[44.75673,37.195198],[44.753526,37.215326],[44.760503,37.233232],[44.772957,37.241681],[44.786754,37.248115],[44.798485,37.260311],[44.801585,37.292686],[44.778951,37.313796],[44.721384,37.343277],[44.713012,37.356791],[44.707121,37.37095],[44.698026,37.380045],[44.661646,37.375653],[44.65224,37.384024],[44.638184,37.412601],[44.622785,37.421903],[44.585578,37.424668],[44.572142,37.430791],[44.565941,37.447173],[44.579273,37.476964],[44.575243,37.493837],[44.575243,37.493992],[44.56992,37.514404],[44.571832,37.539208],[44.578343,37.56391],[44.587438,37.584012],[44.583511,37.601091],[44.56098,37.614656],[44.540878,37.632717],[44.54527,37.663025],[44.553538,37.67181],[44.588162,37.693979],[44.598394,37.707028],[44.59612,37.716381],[44.559378,37.752012],[44.534418,37.769194],[44.506461,37.779349],[44.479228,37.776868],[44.466515,37.771132],[44.450496,37.766636],[44.43644,37.767799],[44.429102,37.779142],[44.429773,37.785137],[44.433752,37.801105],[44.433029,37.806117],[44.425484,37.810768],[44.418973,37.809683],[44.4121,37.807719],[44.4044,37.809735],[44.393238,37.821078],[44.387554,37.833402],[44.383833,37.844978],[44.377942,37.854125],[44.367142,37.860222],[44.331226,37.873968],[44.319238,37.876862],[44.254435,37.870842],[44.219605,37.875312],[44.202087,37.897171],[44.205006,37.904768],[44.206376,37.908333],[44.216711,37.918591],[44.225496,37.929314],[44.22467,37.942],[44.219657,37.956082],[44.221466,37.96882],[44.227564,37.98099],[44.236038,37.993832],[44.236142,37.994013],[44.245392,38.008379],[44.269525,38.030005],[44.27831,38.045327],[44.286578,38.066308],[44.29588,38.07902],[44.309006,38.087237],[44.328281,38.094627],[44.33381,38.10088],[44.325697,38.11969],[44.327092,38.128397],[44.335361,38.134056],[44.353137,38.139999],[44.360579,38.147853],[44.36709,38.162478],[44.373239,38.182115],[44.376702,38.201545],[44.372413,38.249501],[44.400576,38.274667],[44.43675,38.29694],[44.459177,38.322416],[44.458764,38.338333],[44.451116,38.354042],[44.438817,38.367556],[44.424657,38.377038],[44.409051,38.381793],[44.396339,38.379674],[44.363369,38.36461],[44.313398,38.371819],[44.29867,38.377194],[44.289524,38.382258],[44.286578,38.390991],[44.289885,38.407373],[44.290505,38.416597],[44.287405,38.441944],[44.287508,38.453726],[44.300169,38.494034],[44.301357,38.51119],[44.292159,38.56204],[44.29681,38.601624],[44.297017,38.622321],[44.289885,38.638883],[44.282547,38.645394],[44.274899,38.649373],[44.256812,38.653921],[44.244307,38.658959],[44.247407,38.665083],[44.256089,38.671956],[44.260481,38.679242],[44.255469,38.697277],[44.250508,38.709215],[44.248648,38.721824],[44.252678,38.741822],[44.279808,38.814221],[44.275002,38.843573],[44.221982,38.863443],[44.205756,38.875664],[44.192113,38.890754],[44.182502,38.91313],[44.178161,38.9207],[44.174854,38.928374],[44.17537,38.936694],[44.174647,38.945763],[44.167102,38.95199],[44.158007,38.957468],[44.151961,38.964625],[44.147775,38.980051],[44.144675,38.98682],[44.139197,38.993771],[44.139197,38.993952],[44.153356,39.012555],[44.169531,39.023046],[44.179143,39.034931],[44.169893,39.07436],[44.174957,39.090225],[44.194801,39.120533],[44.186636,39.145131],[44.148085,39.166448],[44.10354,39.184638],[44.077702,39.200063],[44.076565,39.208693],[44.08349,39.226832],[44.082663,39.235668],[44.070571,39.255486],[44.06716,39.264013],[44.066746,39.272953],[44.069227,39.279567],[44.069434,39.287009],[44.057651,39.306801],[44.05176,39.32804],[44.047395,39.337514],[44.047213,39.33791],[44.020961,39.361991],[44.014863,39.374084],[44.026025,39.386176],[44.046386,39.396046],[44.061372,39.400284],[44.076978,39.400594],[44.099199,39.398475],[44.122247,39.400439],[44.176507,39.411549],[44.200433,39.409482],[44.269525,39.382869],[44.29495,39.381215],[44.316964,39.385297],[44.368744,39.403591],[44.387967,39.414495],[44.404814,39.43439],[44.405227,39.452477],[44.401713,39.471339],[44.406674,39.493663],[44.406829,39.493714],[44.416803,39.505548],[44.417423,39.517486],[44.414012,39.530353],[44.412048,39.544461],[44.414012,39.560894],[44.41856,39.57433],[44.451684,39.625851],[44.457627,39.638719],[44.45825,39.64252],[44.460211,39.65448],[44.455043,39.687139],[44.459487,39.698457],[44.565734,39.765894],[44.590435,39.771527],[44.605835,39.763155],[44.63281,39.731633],[44.646504,39.719541],[44.706294,39.698043],[44.725724,39.685331],[44.806993,39.639902]]],[[[54.526378,26.309638],[54.533214,26.306789],[54.53891,26.30272],[54.543712,26.297349],[54.547374,26.290432],[54.526378,26.251939],[54.521007,26.250963],[54.509288,26.254218],[54.497569,26.259711],[54.492198,26.26557],[54.490896,26.278713],[54.488536,26.288723],[54.488129,26.298041],[54.492198,26.309638],[54.498383,26.317369],[54.506847,26.321234],[54.516449,26.319403],[54.526378,26.309638]]],[[[54.036876,26.48843],[53.963064,26.492174],[53.955414,26.49258],[53.923106,26.506537],[53.902843,26.5362],[53.912852,26.550198],[53.927582,26.560126],[53.945486,26.56509],[53.964854,26.564114],[53.9817,26.558905],[54.018809,26.555569],[54.033051,26.550442],[54.034923,26.546129],[54.035818,26.544013],[54.035818,26.543891],[54.035411,26.534857],[54.035574,26.533718],[54.036469,26.52676],[54.036632,26.526679],[54.043712,26.523179],[54.047944,26.519761],[54.050466,26.517768],[54.051362,26.51203],[54.052419,26.505805],[54.050141,26.499823],[54.048025,26.493842],[54.036876,26.48843]]],[[[53.317149,26.799994],[53.299083,26.790717],[53.279796,26.790676],[53.22283,26.799547],[53.205251,26.80622],[53.203136,26.80744],[53.189789,26.815172],[53.158458,26.838568],[53.149425,26.847886],[53.153331,26.8522],[53.160492,26.853705],[53.168468,26.85635],[53.178071,26.856879],[53.262462,26.833645],[53.337413,26.828681],[53.360688,26.820502],[53.37379,26.809801],[53.382009,26.803127],[53.367524,26.799628],[53.329112,26.802558],[53.317149,26.799994]]],[[[56.322276,26.834418],[56.326834,26.86107],[56.341156,26.87934],[56.366547,26.889797],[56.404145,26.893052],[56.40919,26.86225],[56.379161,26.83869],[56.340994,26.827623],[56.322276,26.834418]]],[[[56.212413,27.002997],[56.232107,26.998765],[56.25766,26.988715],[56.273611,26.977769],[56.27947,26.973822],[56.287446,26.955146],[56.271332,26.946967],[56.255219,26.938788],[56.193533,26.924547],[56.171397,26.906806],[56.148692,26.862006],[56.137218,26.844672],[56.095876,26.806871],[56.089366,26.793524],[56.080821,26.785346],[56.042817,26.768134],[56.03419,26.759019],[56.025645,26.754096],[55.97641,26.711575],[55.947032,26.696275],[55.924001,26.705024],[55.902192,26.72484],[55.876638,26.742906],[55.809825,26.712063],[55.79127,26.697903],[55.772716,26.688381],[55.751313,26.688544],[55.705821,26.694525],[55.685557,26.690497],[55.664236,26.681545],[55.610362,26.646918],[55.554454,26.625637],[55.520518,26.603258],[55.50294,26.594875],[55.441173,26.588609],[55.397309,26.577826],[55.378754,26.567288],[55.369558,26.564114],[55.369477,26.564114],[55.366547,26.564602],[55.361095,26.565619],[55.349783,26.568996],[55.33961,26.568996],[55.335297,26.560452],[55.33074,26.553616],[55.319835,26.548285],[55.307628,26.544908],[55.298432,26.543647],[55.29835,26.543647],[55.294119,26.546291],[55.290538,26.548489],[55.285411,26.559963],[55.28061,26.584662],[55.287364,26.602281],[55.289236,26.613593],[55.284028,26.618801],[55.273774,26.649807],[55.284679,26.660224],[55.331879,26.645331],[55.342784,26.649807],[55.348969,26.64822],[55.351899,26.647447],[55.35198,26.647488],[55.404796,26.674018],[55.538422,26.712958],[55.557872,26.714993],[55.570486,26.719387],[55.574067,26.720649],[55.574229,26.720689],[55.620453,26.74608],[55.640391,26.760565],[55.705821,26.783271],[55.716075,26.783922],[55.736827,26.782416],[55.746837,26.783271],[55.754161,26.786078],[55.764496,26.793891],[55.774181,26.796942],[55.771169,26.803656],[55.766775,26.810533],[55.782074,26.826158],[55.785655,26.844957],[55.781016,26.889635],[55.773204,26.906724],[55.756114,26.921332],[55.739431,26.932929],[55.732595,26.940904],[55.757986,26.954047],[55.897716,26.906806],[55.935557,26.914781],[56.041026,26.975653],[56.173188,27.002346],[56.212413,27.002997]]],[[[56.472992,27.106024],[56.483572,27.099758],[56.495128,27.095771],[56.504649,27.088935],[56.505138,27.086982],[56.508474,27.074368],[56.504731,27.061672],[56.495291,27.052314],[56.488129,27.04914],[56.481781,27.046332],[56.466156,27.043931],[56.434581,27.054836],[56.43686,27.080024],[56.455414,27.102769],[56.472992,27.106024]]],[[[50.305817,29.271275],[50.323841,29.264177],[50.334651,29.258661],[50.330111,29.241368],[50.333018,29.224026],[50.326427,29.20893],[50.316531,29.207572],[50.30663,29.215446],[50.296748,29.237473],[50.290466,29.257138],[50.283267,29.268939],[50.295001,29.275218],[50.305817,29.271275]]],[[[54.54656,25.9265],[54.551606,25.917711],[54.553233,25.899848],[54.543224,25.893052],[54.529633,25.895982],[54.513682,25.902655],[54.509776,25.913764],[54.522797,25.920111],[54.54656,25.9265]]],[[[55.894298,26.679429],[55.902029,26.66885],[55.903982,26.64525],[55.889659,26.623765],[55.869314,26.613023],[55.853201,26.621039],[55.855479,26.64411],[55.868337,26.666449],[55.884532,26.67768],[55.894298,26.679429]]],[[[53.639415,26.688788],[53.651215,26.683824],[53.65919,26.66885],[53.646251,26.657172],[53.628673,26.659329],[53.611176,26.667304],[53.601248,26.679592],[53.609223,26.690497],[53.629161,26.691107],[53.639415,26.688788]]],[[[55.048676,25.885769],[55.049897,25.876085],[55.054373,25.86461],[55.046479,25.858385],[55.038259,25.857733],[55.032644,25.854641],[55.023041,25.86286],[55.018403,25.859605],[55.018972,25.865749],[55.015636,25.871853],[55.012055,25.881619],[55.026459,25.888739],[55.043712,25.89289],[55.048676,25.885769]]]]}}]}
