{"type":"FeatureCollection","features":[{"type":"Feature","id":"eez.111","geometry":{"type":"MultiPolygon","coordinates":[[[[-68.86222222,15.24111111],[-68.87016907,15.24185459],[-69.49166667,15.3],[-69.61932072,15.28310939],[-70.4176804,15.17747401],[-70.13583333,15.26388889],[-69.93833333,15.31777778],[-69.69722222,15.37916667],[-69.57722222,15.41333333],[-68.86222222,15.24111111]]]]},"geometry_name":"the_geom","properties":{"mrgid":48965,"geoname":"Overlapping claim: Venezuela / Netherlands (Aruba) / Dominican Republic","mrgid_ter1":2201,"pol_type":"Overlapping claim","mrgid_sov1":2201,"territory1":"Venezuela","iso_ter1":"VEN","sovereign1":"Venezuela","mrgid_ter2":8652,"mrgid_sov2":15,"territory2":"Aruba","iso_ter2":"ABW","sovereign2":"Netherlands","mrgid_ter3":8640,"mrgid_sov3":8640,"territory3":"Dominican Republic","iso_ter3":"DOM","sovereign3":"Dominican Republic","x_1":-69.65326,"y_1":15.30381,"mrgid_eez":48965,"area_km2":1113,"iso_sov1":"VEN","iso_sov2":"NLD","iso_sov3":"DOM","un_sov1":862,"un_sov2":528,"un_sov3":214,"un_ter1":862,"un_ter2":533,"un_ter3":214}},{"type":"Feature","id":"eez.133","geometry":{"type":"MultiPolygon","coordinates":[[[[-64.01501727,16.74628256],[-63.63055556,16.68055556],[-63.62492442,16.67871605],[-63.58888889,16.66694444],[-63.45752112,16.60788392],[-63.43417544,16.59284837],[-63.15403423,16.41242868],[-63.07434684,16.35979374],[-63.04671252,16.34156359],[-62.81388889,15.84194444],[-62.81388889,15.065],[-62.81388889,14.48861111],[-62.81388889,14.08055556],[-62.86271506,14.08208115],[-62.86401493,14.08032454],[-63.04604097,13.90875722],[-63.07164104,13.88506126],[-63.23550648,13.73466737],[-63.28993137,13.68621828],[-63.34562234,13.63811849],[-63.36907934,13.61845392],[-63.35178106,13.57669133],[-63.32377632,13.50605698],[-63.29717623,13.43578783],[-63.27198017,13.3658844],[-63.26708735,13.35158612],[-63.26411438,13.33244046],[-63.25756728,13.28767747],[-63.24482174,13.19470903],[-63.2382413,13.18334908],[-62.99935404,12.77669102],[-62.9956079,12.77028611],[-62.99187993,12.7638895],[-62.98817015,12.75750119],[-62.98447855,12.75112118],[-62.98080513,12.74474947],[-62.97714989,12.73838607],[-62.97351284,12.73203098],[-62.96989396,12.72568419],[-62.96629326,12.71934571],[-62.96271075,12.71301553],[-62.89672275,12.5959505],[-62.88613422,12.57690885],[-62.87572921,12.55793931],[-62.86550774,12.53904193],[-62.85546979,12.52021671],[-62.84561537,12.5014637],[-62.83594446,12.48278291],[-62.82645707,12.46417439],[-62.81715318,12.44563814],[-62.8080328,12.42717421],[-62.79909592,12.40878261],[-62.76532551,12.33810019],[-62.74079752,12.28859207],[-62.72202835,12.25074434],[-62.65448962,12.11550746],[-62.42456681,11.6722644],[-62.3588116,11.54654996],[-62.3578286,11.54466344],[-62.35684806,11.5427749],[-62.35586998,11.54088434],[-62.35489437,11.53899176],[-62.35392122,11.53709716],[-62.35295054,11.53520054],[-62.35198232,11.5333019],[-62.35101657,11.53140124],[-62.35005328,11.52949856],[-62.34909245,11.52759386],[-62.34051178,11.51052158],[-62.31237339,11.4546232],[-62.29710464,11.44765457],[-62.27484962,11.43782168],[-62.22668158,11.41730742],[-62.16681588,11.40113264],[-62.1370023,11.39615777],[-62.03994452,11.38029608],[-61.92967022,11.37419347],[-61.92678296,11.37402726],[-61.92389718,11.37385472],[-61.92101289,11.37367584],[-61.91813008,11.37349062],[-61.91524876,11.37329906],[-61.91236892,11.37310116],[-61.90949056,11.37289693],[-61.90661369,11.37268635],[-61.9037383,11.37246944],[-61.90086439,11.37224618],[-61.83277728,11.36680395],[-61.80919089,11.37085231],[-61.73213523,11.39163958],[-61.72944444,11.175],[-61.72944444,10.91111111],[-61.73111111,10.90416667],[-61.76305556,10.81138889],[-61.77138889,10.79388889],[-61.80277778,10.71444444],[-61.80277778,10.59149605],[-61.80277778,10.58888889],[-61.8038648,10.58888383],[-61.8625,10.58861111],[-62.08305556,10.04611111],[-61.97361111,10.00805556],[-61.855,9.98666667],[-61.63055556,9.98666667],[-61.5,9.97],[-61.22333333,9.87583333],[-60.89083333,9.84861111],[-60.66416667,9.83194444],[-60.26722222,9.89055556],[-59.98777778,9.95472222],[-59.9225,9.96972222],[-58.82,10.16638889],[-58.87111853,10.12930787],[-58.92470341,10.03919923],[-59.6043139,8.91860886],[-59.63002763,8.87745766],[-59.64424003,8.85128691],[-59.72796873,8.68807492],[-59.75269386,8.63891205],[-59.76349885,8.61894788],[-59.77707233,8.59001147],[-59.79294006,8.5567323],[-59.8012235,8.5364752],[-59.81331689,8.51169076],[-59.82483631,8.48351982],[-59.83352449,8.4649354],[-59.83625937,8.45520471],[-59.83893492,8.44747445],[-59.84225661,8.43601886],[-59.84410776,8.4297948],[-59.84489199,8.42327905],[-59.84433515,8.41362731],[-59.84415119,8.40874255],[-59.84033865,8.39447044],[-59.8399346,8.39353755],[-59.83965736,8.39291722],[-59.83814974,8.38883932],[-59.83489144,8.3845216],[-59.83462441,8.38417431],[-59.83235013,8.38104231],[-59.8391072,8.36865038],[-59.83913339,8.36850948],[-59.83917229,8.36493115],[-59.84135544,8.3607161],[-59.84386885,8.36192214],[-59.84615397,8.36398292],[-59.84693193,8.36599851],[-59.84726536,8.36621773],[-59.85494256,8.37000465],[-59.85827064,8.37495995],[-59.85869634,8.37538636],[-59.86292696,8.37806034],[-59.86358392,8.37860525],[-59.86395156,8.37941694],[-59.86346745,8.38151252],[-59.8687731,8.38545585],[-59.87335706,8.39244485],[-59.87695622,8.39555967],[-59.88231313,8.40415764],[-59.88868058,8.41819131],[-59.89140677,8.42336607],[-59.89826608,8.43362725],[-59.89982212,8.4375],[-59.89992964,8.4375],[-59.90171897,8.44398165],[-59.90469825,8.44682634],[-59.90985274,8.45607233],[-59.91477275,8.46077526],[-59.92051733,8.46985257],[-59.92466807,8.47273612],[-59.93660963,8.48869967],[-59.93973863,8.49199581],[-59.95275474,8.50197434],[-59.95625651,8.50610685],[-59.96417367,8.51224875],[-59.97006714,8.51511586],[-59.97366142,8.51785946],[-59.97432256,8.51952791],[-59.97930563,8.52234852],[-59.9875319,8.53069627],[-60.00019216,8.53714454],[-60.00112784,8.53878903],[-59.99726975,8.5386306],[-59.99678767,8.53939736],[-60.00313437,8.54201782],[-60.00005674,8.54231048],[-59.99979484,8.54346836],[-60.00213993,8.54536176],[-59.99822307,8.54590976],[-60.00238311,8.54735255],[-60.00181913,8.54824674],[-59.99911106,8.54823482],[-60.00260544,8.54913676],[-60.00456035,8.54760778],[-60.00982594,8.54773545],[-60.01173115,8.5493443],[-60.01901549,8.55171512],[-60.01945031,8.55185664],[-60.02700484,8.55803311],[-60.02748561,8.55945158],[-60.02650487,8.55855644],[-60.02548797,8.55863786],[-60.02276325,8.55885601],[-60.01718461,8.55304122],[-60.01479995,8.55186701],[-60.00916314,8.55057871],[-60.00733495,8.55179381],[-60.01353812,8.55784357],[-60.01707864,8.55587113],[-60.01601791,8.55884147],[-60.01923502,8.56015575],[-60.02107966,8.56266975],[-60.02398801,8.56439865],[-60.02502525,8.5646584],[-60.02617145,8.56456065],[-60.02730346,8.56355715],[-60.02761102,8.56571054],[-60.03601764,8.56990002],[-60.03663194,8.57020617],[-60.03730615,8.57127817],[-60.03861034,8.57335186],[-60.0395681,8.57369748],[-60.04114675,8.57426715],[-60.04152107,8.57456326],[-60.04198706,8.57628471],[-60.04202235,8.57641506],[-60.04222469,8.57653887],[-60.04563093,8.57862306],[-60.05242884,8.58214152],[-60.05289006,8.58220994],[-60.05513024,8.58198965],[-60.05398107,8.58066535],[-60.05072475,8.58004796],[-60.05055761,8.5789783],[-60.06123376,8.58067751],[-60.06814134,8.58407593],[-60.08427656,8.58752358],[-60.09218991,8.59088755],[-60.09635484,8.5909965],[-60.10120726,8.59302711],[-60.10372865,8.59623516],[-60.11177921,8.59630525],[-60.11246645,8.59921193],[-60.11278212,8.59939814],[-60.1171875,8.59988844],[-60.1171875,8.60128343],[-60.12218535,8.60168076],[-60.12550223,8.60443473],[-60.13510418,8.60678136],[-60.14185405,8.61162114],[-60.14493394,8.61167955],[-60.14596713,8.61328125],[-60.14690506,8.61425483],[-60.15237033,8.61641085],[-60.16002572,8.62161148],[-60.16140234,8.62064314],[-60.16790128,8.62229145],[-60.17060506,8.61995876],[-60.17110515,8.62266707],[-60.17402065,8.62376738],[-60.17840505,8.62085557],[-60.18116355,8.62132072],[-60.17927074,8.62519765],[-60.18254447,8.62724435],[-60.18678045,8.62704003],[-60.19857776,8.62960744],[-60.20009887,8.62967062],[-60.20652914,8.62823176],[-60.20442307,8.62490857],[-60.20520675,8.62450421],[-60.21424997,8.62664735],[-60.21845412,8.62532747],[-60.21953833,8.62659526],[-60.22423506,8.62735617],[-60.24428773,8.62769175],[-60.28689158,8.62542355],[-60.31255853,8.62771964],[-60.31711841,8.62671495],[-60.32766533,8.62676525],[-60.36306965,8.63246393],[-60.36367488,8.63267458],[-60.36768544,8.63104165],[-60.36871791,8.63163304],[-60.37152088,8.62927055],[-60.37790394,8.63050854],[-60.37965465,8.62977064],[-60.38884902,8.63081956],[-60.39916694,8.63051808],[-60.40496325,8.62774682],[-60.41020918,8.62677348],[-60.41053093,8.62659991],[-60.41132665,8.6243304],[-60.41041374,8.61703706],[-60.41169405,8.61531711],[-60.41119075,8.61328125],[-60.41090858,8.61328125],[-60.41131616,8.61165106],[-60.41166008,8.61118507],[-60.41552937,8.60755575],[-60.41482222,8.60435033],[-60.41551864,8.60221481],[-60.41870368,8.60243094],[-60.4192878,8.60054374],[-60.42111635,8.59961426],[-60.41966677,8.59500515],[-60.42205334,8.59519112],[-60.42409074,8.59392226],[-60.42408121,8.5936197],[-60.41616023,8.58944643],[-60.41520822,8.58789635],[-60.41206074,8.58605146],[-60.41127837,8.58411098],[-60.40853357,8.58429253],[-60.38055074,8.57145715],[-60.37774467,8.57053387],[-60.34851146,8.56239355],[-60.30928016,8.55293906],[-60.30469716,8.55204976],[-60.29202557,8.54997516],[-60.2871865,8.55034173],[-60.26374376,8.54724562],[-60.26012015,8.54724562],[-60.2567898,8.54746246],[-60.23466384,8.55242717],[-60.22743213,8.55208945],[-60.22638762,8.55184734],[-60.21729422,8.54822183],[-60.21691334,8.54803932],[-60.21433485,8.54602325],[-60.21090043,8.54542732],[-60.19379044,8.53507805],[-60.17171633,8.52619827],[-60.16955411,8.52388442],[-60.16783404,8.52373373],[-60.15942848,8.51511145],[-60.15607345,8.51362503],[-60.14706755,8.51095605],[-60.12382805,8.50809884],[-60.1171875,8.50502217],[-60.09881866,8.49829233],[-60.09707844,8.49691725],[-60.09223485,8.49058175],[-60.09099007,8.48840916],[-60.08722126,8.47809195],[-60.08103442,8.46865988],[-60.06437147,8.45350325],[-60.0581907,8.44550824],[-60.05405247,8.44142103],[-60.05238795,8.44027674],[-60.04693127,8.4375],[-60.04670584,8.4375],[-60.04645991,8.4372555],[-60.02962244,8.43241262],[-59.99781084,8.41794121],[-59.9904108,8.41286683],[-59.98689711,8.40989721],[-59.97727037,8.40131605],[-59.95775342,8.38825762],[-59.94830096,8.38454413],[-59.94682085,8.38414037],[-59.92363656,8.37897146],[-59.92327583,8.37876666],[-59.91279066,8.36983812],[-59.90073121,8.35548353],[-59.88002586,8.33830643],[-59.86974025,8.33432996],[-59.86881304,8.33405125],[-59.85554135,8.33112645],[-59.84750342,8.32862544],[-59.84414935,8.32707345],[-59.84213758,8.32583237],[-59.8320719,8.31760442],[-59.82383645,8.31244588],[-59.80895376,8.3070358],[-59.80878984,8.30700964],[-59.80895555,8.30597984],[-59.80830624,8.30587156],[-59.80875312,8.30483072],[-59.80897212,8.30492401],[-59.82864356,8.31305134],[-59.84753215,8.32652271],[-59.87199807,8.33293521],[-59.88335156,8.33822107],[-59.90247524,8.35439754],[-59.91701961,8.37151218],[-59.92172396,8.37552345],[-59.93129253,8.37939715],[-59.94859076,8.38287938],[-59.95832181,8.38649726],[-59.97250605,8.39520574],[-59.998842,8.41644156],[-60.01009417,8.420892],[-60.02545631,8.42881358],[-60.03273034,8.43176472],[-60.03378177,8.43216908],[-60.04501712,8.43477201],[-60.04543185,8.43491685],[-60.05121672,8.4375],[-60.05144584,8.4375],[-60.05492854,8.43949163],[-60.0560503,8.44033146],[-60.06424785,8.45104372],[-60.0766834,8.4617455],[-60.08131313,8.46642947],[-60.08639324,8.47237623],[-60.08826017,8.47586513],[-60.09305322,8.4889791],[-60.09886265,8.49589014],[-60.09912086,8.49607885],[-60.10312152,8.49828494],[-60.1171875,8.50306904],[-60.12171376,8.50479817],[-60.12900257,8.50668705],[-60.13002324,8.50683546],[-60.14812815,8.50845444],[-60.15655887,8.51121795],[-60.16035902,8.51315427],[-60.17460847,8.52440751],[-60.19267011,8.53096485],[-60.22306943,8.54851735],[-60.22906113,8.54994404],[-60.23254764,8.54986453],[-60.23665524,8.54935527],[-60.25303185,8.54435635],[-60.26602316,8.54380584],[-60.27336204,8.54445183],[-60.28351521,8.54655623],[-60.29973865,8.54718196],[-60.30725622,8.54841864],[-60.33936214,8.55500376],[-60.34608054,8.55657351],[-60.3622601,8.56162083],[-60.38680816,8.56519842],[-60.38729405,8.56531286],[-60.41120756,8.57525623],[-60.42009437,8.57260025],[-60.42396402,8.56921744],[-60.42459166,8.56933785],[-60.42507017,8.56973958],[-60.42861974,8.56781495],[-60.42967427,8.56870341],[-60.43136227,8.56252515],[-60.43511975,8.56065941],[-60.43689418,8.56129324],[-60.43762255,8.55972588],[-60.43944192,8.55901551],[-60.43997025,8.54952562],[-60.44316244,8.54472673],[-60.44342935,8.54446602],[-60.44629145,8.54295087],[-60.45061958,8.54282367],[-60.45357192,8.53389716],[-60.45892704,8.5269767],[-60.46875,8.5234375],[-60.47206676,8.52252615],[-60.47298014,8.52288496],[-60.47482061,8.52413976],[-60.47431302,8.52581286],[-60.47454035,8.52613628],[-60.47530377,8.52660775],[-60.48358035,8.53031397],[-60.48523521,8.53031421],[-60.48640931,8.52982032],[-60.48950446,8.52617764],[-60.49256241,8.52619755],[-60.49627197,8.52462482],[-60.50576937,8.5267837],[-60.51007438,8.53058302],[-60.52674675,8.53442967],[-60.52980173,8.53618968],[-60.53947866,8.53791678],[-60.54870474,8.53871095],[-60.56063736,8.53803217],[-60.56278622,8.53929675],[-60.57132185,8.54038477],[-60.57330966,8.53964841],[-60.58016157,8.54040253],[-60.58713317,8.53885317],[-60.59162247,8.53908944],[-60.59774864,8.53960455],[-60.59914625,8.54102135],[-60.60991526,8.54329503],[-60.61292851,8.54602444],[-60.61525786,8.54527807],[-60.61637783,8.54549468],[-60.62187672,8.54733646],[-60.62610936,8.55025852],[-60.62746644,8.54953051],[-60.63289392,8.55258274],[-60.63376164,8.55317891],[-60.64068246,8.56014943],[-60.65383852,8.56885135],[-60.65963936,8.57403886],[-60.66324115,8.57888556],[-60.66643107,8.57932878],[-60.67228103,8.58451748],[-60.67514467,8.5838871],[-60.67551208,8.58407283],[-60.67588806,8.58593524],[-60.67828512,8.58593917],[-60.68562603,8.59176016],[-60.71142375,8.6027112],[-60.71199191,8.6042546],[-60.71733105,8.60733104],[-60.7180016,8.60754037],[-60.72029555,8.60760856],[-60.72252703,8.60848486],[-60.72616792,8.60523498],[-60.72849381,8.60537732],[-60.73328865,8.60311258],[-60.73351026,8.60279775],[-60.74596477,8.59740663],[-60.75025415,8.59685445],[-60.75835395,8.59367657],[-60.76500905,8.59302807],[-60.77354705,8.59066916],[-60.77435052,8.58966136],[-60.77893066,8.58954775],[-60.78562033,8.58741498],[-60.79640675,8.58863008],[-60.79978895,8.58995581],[-60.80698705,8.58935034],[-60.81674206,8.59120905],[-60.82978356,8.58943665],[-60.83306706,8.59076774],[-60.83629835,8.58961976],[-60.84362972,8.59005141],[-60.86279964,8.58661795],[-60.86568058,8.58834374],[-60.87103474,8.58861268],[-60.87110293,8.58994162],[-60.86866784,8.59080541],[-60.86919701,8.59189832],[-60.86972141,8.59215915],[-60.87360203,8.59286153],[-60.87555373,8.59166062],[-60.87724674,8.59401596],[-60.88853526,8.59651005],[-60.89435625,8.59675038],[-60.89526236,8.59650743],[-60.89627945,8.59570992],[-60.89643741,8.59443438],[-60.89640892,8.59367335],[-60.89219916,8.57939351],[-60.89166725,8.5721451],[-60.88731802,8.55851305],[-60.88704336,8.55803192],[-60.88482285,8.55480766],[-60.88117087,8.55253828],[-60.87334383,8.55103111],[-60.86684108,8.54065776],[-60.85983384,8.53412437],[-60.86077964,8.53315222],[-60.86704707,8.53778768],[-60.87231457,8.54702675],[-60.88364661,8.5508399],[-60.88912785,8.55604684],[-60.89250338,8.56394374],[-60.89472795,8.57272041],[-60.89588654,8.58311784],[-60.89624572,8.58422208],[-60.90023434,8.59399986],[-60.90073097,8.59413481],[-60.90438116,8.59598994],[-60.90476215,8.5960536],[-60.91023564,8.5941205],[-60.92560518,8.58512974],[-60.93936455,8.58060622],[-60.94865334,8.57557643],[-60.94926608,8.57537377],[-60.96752965,8.57262826],[-60.97954035,8.57389164],[-60.98186922,8.57351065],[-60.98297191,8.57307422],[-60.98692465,8.56940424],[-60.98754203,8.56832314],[-60.98787665,8.56690061],[-60.98979831,8.55072725],[-60.9895339,8.54392731],[-60.98480022,8.52771723],[-60.98483741,8.52509737],[-60.98788953,8.51291501],[-61.0001595,8.50353813],[-61.01100016,8.49997962],[-61.01375365,8.49821258],[-61.01570797,8.49728084],[-61.01738691,8.49358976],[-61.02154684,8.47590876],[-61.03047693,8.45533752],[-61.03961706,8.45359266],[-61.04730296,8.4559741],[-61.05853176,8.46267903],[-61.06079507,8.46309876],[-61.06408525,8.46101081],[-61.0665518,8.45075631],[-61.06920612,8.44604671],[-61.07354462,8.44143581],[-61.07897556,8.4391005],[-61.08166516,8.43597293],[-61.08106756,8.43238473],[-61.07450354,8.42546856],[-61.07235634,8.42119646],[-61.07257235,8.41241956],[-61.07537675,8.40492904],[-61.07416964,8.40270495],[-61.07277465,8.40337193],[-61.07263625,8.40231383],[-61.07826877,8.40104854],[-61.08974147,8.38841701],[-61.09859276,8.38101685],[-61.09877717,8.38090408],[-61.09950113,8.38121843],[-61.09980905,8.38168633],[-61.09839821,8.38389015],[-61.08779705,8.39259827],[-61.07776308,8.40452075],[-61.07383907,8.42011642],[-61.07436085,8.42208016],[-61.08274376,8.43029666],[-61.08271456,8.4375],[-61.07485676,8.44520295],[-61.07117558,8.45052242],[-61.06720924,8.46034265],[-61.06315756,8.46420395],[-61.05907714,8.46451962],[-61.05424893,8.46312821],[-61.03981066,8.45552564],[-61.03657901,8.45523191],[-61.03491974,8.45566535],[-61.03295696,8.45657003],[-61.03150237,8.45857668],[-61.03030181,8.46121144],[-61.02935791,8.46776462],[-61.02546716,8.47630417],[-61.01872265,8.49825871],[-61.01877165,8.49853277],[-61.03249204,8.50860834],[-61.03543305,8.50996375],[-61.03934598,8.51001418],[-61.04293156,8.50905955],[-61.04353905,8.50879765],[-61.06324172,8.49808037],[-61.07721972,8.49184477],[-61.08173168,8.49054277],[-61.08521366,8.49030411],[-61.09427655,8.49099553],[-61.09781575,8.49058163],[-61.11445677,8.48744404],[-61.14965844,8.48747373],[-61.15805376,8.49080205],[-61.15936327,8.49328446],[-61.16467237,8.49715912],[-61.17224956,8.49820876],[-61.17550886,8.49450326],[-61.18293905,8.48129201],[-61.18923473,8.47542453],[-61.20152915,8.47077751],[-61.21631396,8.47265625],[-61.22367191,8.47170866],[-61.22571385,8.46935284],[-61.22648275,8.46436274],[-61.22820497,8.46154356],[-61.23385274,8.45635414],[-61.24311841,8.45167661],[-61.25195742,8.45966816],[-61.26654482,8.46574664],[-61.28209174,8.47008717],[-61.29389071,8.47166026],[-61.29707205,8.47362566],[-61.30264807,8.48021674],[-61.31026101,8.48434424],[-61.31449282,8.48114121],[-61.31767917,8.47361493],[-61.32370436,8.46561205],[-61.33027911,8.46108186],[-61.33620501,8.45968175],[-61.33708096,8.45967662],[-61.34318042,8.46075273],[-61.35606587,8.47876024],[-61.36156857,8.48349965],[-61.36472511,8.48490441],[-61.36866772,8.48490357],[-61.37883377,8.47744822],[-61.38793075,8.4740808],[-61.40519023,8.47156823],[-61.42612636,8.47355664],[-61.43284714,8.47730827],[-61.43808174,8.48691118],[-61.44102585,8.48908365],[-61.46669853,8.49799383],[-61.47641063,8.49708176],[-61.48895526,8.50128818],[-61.49286473,8.50520372],[-61.49613643,8.51187956],[-61.49739206,8.51715267],[-61.49592292,8.52536845],[-61.49798715,8.53026915],[-61.50041246,8.53257668],[-61.50341594,8.53289831],[-61.5070374,8.52899778],[-61.51645756,8.5233705],[-61.52439177,8.52186418],[-61.53850091,8.52317011],[-61.54354525,8.52542245],[-61.55166745,8.53327048],[-61.56827486,8.54433227],[-61.57782126,8.54651654],[-61.58693862,8.55096865],[-61.59431982,8.55612886],[-61.59637821,8.55699766],[-61.60734916,8.55963743],[-61.61366391,8.55755115],[-61.62515604,8.56007564],[-61.63243544,8.56344795],[-61.63660717,8.56702864],[-61.64743662,8.5736984],[-61.6506561,8.57500756],[-61.65780485,8.57750034],[-61.66293406,8.57888055],[-61.67004061,8.58019316],[-61.67918181,8.58223856],[-61.67981601,8.58243716],[-61.68637037,8.58612514],[-61.69684601,8.58828533],[-61.69965875,8.58867753],[-61.70462573,8.58869815],[-61.7061094,8.58837736],[-61.72728145,8.58259737],[-61.73185015,8.57928288],[-61.73437691,8.57815623],[-61.73775411,8.57732773],[-61.74023986,8.57731652],[-61.74197435,8.57799411],[-61.75129855,8.58368814],[-61.76708627,8.58342135],[-61.77168965,8.58719027],[-61.77952147,8.58266306],[-61.78856623,8.58590758],[-61.79385841,8.58593035],[-61.79393363,8.58588004],[-61.79808807,8.58310235],[-61.80590641,8.57419145],[-61.81701195,8.57046735],[-61.82269895,8.56964016],[-61.83368945,8.56155992],[-61.84269154,8.55080998],[-61.85702741,8.54284763],[-61.86242247,8.53777635],[-61.87457681,8.52957594],[-61.89920855,8.52346694],[-61.92334735,8.52079523],[-61.92611647,8.52074325],[-61.93424165,8.52170014],[-61.93034422,8.52219296],[-61.93105996,8.52336228],[-61.93641496,8.52348185],[-61.93682504,8.52292538],[-61.93459141,8.52167511],[-61.93562555,8.52127504],[-61.93714035,8.52139592],[-61.9396069,8.52210653],[-61.94988954,8.52731431],[-61.95894933,8.53035533],[-61.97276998,8.53060496],[-61.97506845,8.52982485],[-61.97792971,8.52691877],[-61.98635614,8.52434361],[-61.99510682,8.52559304],[-62.00414634,8.53006685],[-62.01253843,8.53243423],[-62.02383292,8.53377295],[-62.02571654,8.53238463],[-62.03031611,8.53267455],[-62.03417277,8.53444803],[-62.03675723,8.53613675],[-62.04002964,8.54819751],[-62.03900015,8.56035137],[-62.04125571,8.57375264],[-62.04421115,8.57950008],[-62.04966044,8.58418667],[-62.06160951,8.57988703],[-62.06939793,8.58357561],[-62.08405316,8.58758211],[-62.09298313,8.58656681],[-62.10129905,8.58806968],[-62.10467982,8.58673716],[-62.12105835,8.58447421],[-62.13485122,8.57822001],[-62.13656127,8.57181323],[-62.14010155,8.56967914],[-62.14033031,8.56749952],[-62.14276314,8.56403446],[-62.15055084,8.5600183],[-62.16011202,8.56131685],[-62.17230105,8.56760406],[-62.17784715,8.57354546],[-62.18575788,8.57534826],[-62.19658136,8.58035088],[-62.19891381,8.58058107],[-62.20301115,8.57843351],[-62.2074933,8.57790625],[-62.20784247,8.57777345],[-62.21004224,8.57592273],[-62.21238852,8.57536471],[-62.21481013,8.57536435],[-62.21948874,8.57677865],[-62.21994424,8.57696152],[-62.22546887,8.58026016],[-62.23464382,8.58481455],[-62.23771393,8.58503687],[-62.24001205,8.58311248],[-62.24946117,8.58389938],[-62.25015426,8.58378994],[-62.25412476,8.58296466],[-62.25503683,8.58150482],[-62.25576913,8.58122754],[-62.25749791,8.58137941],[-62.25777066,8.58114433],[-62.25883925,8.57821834],[-62.26198721,8.57581282],[-62.26217186,8.57553065],[-62.26317453,8.57328045],[-62.26175034,8.57159984],[-62.26160097,8.57119226],[-62.26134098,8.56848991],[-62.26145875,8.56771624],[-62.26327181,8.56296945],[-62.26560378,8.55982101],[-62.26819766,8.55824065],[-62.26993883,8.55754435],[-62.28271174,8.55419207],[-62.28918946,8.55409706],[-62.30475545,8.55655837],[-62.30801237,8.55587161],[-62.31030333,8.55332136],[-62.31276572,8.55248451],[-62.31851971,8.55266178],[-62.32181203,8.55106735],[-62.32839465,8.55140066],[-62.33252251,8.55293012],[-62.33737028,8.55206406],[-62.34178674,8.54793501],[-62.36904621,8.53114355],[-62.37148643,8.5268203],[-62.37622201,8.52374601],[-62.39293313,8.51907194],[-62.39406824,8.51798797],[-62.40164566,8.51699054],[-62.41305792,8.51238525],[-62.42277551,8.51038897],[-62.42673361,8.50662243],[-62.43882215,8.5030024],[-62.43916011,8.50285685],[-62.44765246,8.49754763],[-62.44812906,8.49741495],[-62.46010554,8.49642634],[-62.46370351,8.49915791],[-62.46741354,8.49936855],[-62.47508216,8.49700308],[-62.48284554,8.49894786],[-62.49241185,8.50300181],[-62.50139046,8.50265324],[-62.50696397,8.49919558],[-62.50596762,8.49521196],[-62.50680876,8.49209893],[-62.5135504,8.48283243],[-62.52031004,8.47793996],[-62.52149022,8.47463572],[-62.52663195,8.46875],[-62.53642905,8.46136093],[-62.53818774,8.460325],[-62.54726005,8.45585156],[-62.57248831,8.45295715],[-62.57593787,8.4513005],[-62.57709515,8.45124722],[-62.57814086,8.45135677],[-62.578125,8.45145094],[-62.57999194,8.45463395],[-62.58130443,8.45746624],[-62.58250606,8.46178532],[-62.58261692,8.46537352],[-62.58297491,8.46773374],[-62.58237815,8.47103834],[-62.58161175,8.47551537],[-62.578125,8.48102665],[-62.57229054,8.48937893],[-62.56892741,8.49382091],[-62.55865645,8.50488281],[-62.55436373,8.50898325],[-62.54613936,8.51639426],[-62.53819084,8.52142572],[-62.53707254,8.52201211],[-62.52696657,8.52364445],[-62.52112556,8.52146494],[-62.51847923,8.51777565],[-62.51268661,8.51810515],[-62.51107645,8.51687121],[-62.49388123,8.52627814],[-62.47772586,8.53986716],[-62.4687705,8.54547036],[-62.45534813,8.54902744],[-62.44344115,8.54824054],[-62.44011521,8.54702675],[-62.43397522,8.54199135],[-62.43320894,8.53855574],[-62.4309777,8.53630054],[-62.41042137,8.52909934],[-62.40760708,8.52904725],[-62.40617371,8.52951264],[-62.39259577,8.53631711],[-62.37813985,8.54905093],[-62.37146771,8.55333042],[-62.36439407,8.55476296],[-62.35706377,8.56436408],[-62.32005751,8.59441614],[-62.30789876,8.60713327],[-62.30375421,8.60930943],[-62.29605067,8.61213565],[-62.28742325,8.61181867],[-62.28680062,8.61167312],[-62.28171456,8.60905755],[-62.28132987,8.60864794],[-62.27997553,8.60452461],[-62.27960145,8.60254085],[-62.27969694,8.59885335],[-62.27711725,8.59829164],[-62.27463305,8.59583986],[-62.26015735,8.59326875],[-62.25550902,8.59395814],[-62.24991751,8.59683537],[-62.24651277,8.60283554],[-62.24400616,8.60933077],[-62.24292731,8.61328125],[-62.23852932,8.63576305],[-62.24001002,8.63659501],[-62.24356926,8.63299],[-62.24636221,8.62764537],[-62.24866974,8.62793064],[-62.24842,8.62893415],[-62.24407613,8.63452637],[-62.23901474,8.63756537],[-62.23482072,8.64719272],[-62.23191226,8.65035105],[-62.22984016,8.65292537],[-62.22980165,8.65297317],[-62.21434057,8.66492486],[-62.18821955,8.69527531],[-62.18177044,8.69935906],[-62.17477274,8.70185363],[-62.1517359,8.70735133],[-62.13902914,8.7124269],[-62.12258267,8.72236955],[-62.11160433,8.73357475],[-62.09860563,8.74112856],[-62.08676374,8.74491072],[-62.07578123,8.74983776],[-62.06689262,8.75876784],[-62.05917811,8.77273822],[-62.05730045,8.78095663],[-62.05730057,8.78523636],[-62.06125414,8.80034375],[-62.06275225,8.81109595],[-62.06275237,8.81731677],[-62.06228185,8.81903613],[-62.06077576,8.82240415],[-62.05802465,8.82531726],[-62.0487529,8.82904255],[-62.03316784,8.83942854],[-62.02453923,8.84379065],[-62.02158928,8.84454894],[-62.02058601,8.84352708],[-62.01410317,8.84229207],[-62.01124334,8.84120023],[-62.01008117,8.84047854],[-62.00760901,8.83841157],[-62.00679946,8.83737016],[-62.00404727,8.83133376],[-62.00401664,8.82660103],[-62.00161004,8.82367826],[-61.99546015,8.82251525],[-61.98847008,8.81827736],[-61.98152888,8.81749594],[-61.97049391,8.81007063],[-61.95804954,8.80448055],[-61.95625675,8.80594528],[-61.95359206,8.81468856],[-61.94992411,8.81821728],[-61.94235384,8.82034194],[-61.93771553,8.82405364],[-61.93587852,8.83305395],[-61.92990065,8.83815718],[-61.92402255,8.84071374],[-61.91548443,8.84985697],[-61.9092921,8.85465443],[-61.89869404,8.85847616],[-61.89264536,8.85934556],[-61.88716865,8.85633445],[-61.88273168,8.84821951],[-61.88025868,8.84698677],[-61.87887645,8.84837067],[-61.87290347,8.86947894],[-61.86540115,8.87861037],[-61.86305845,8.88490045],[-61.86495626,8.89878213],[-61.86032176,8.92026174],[-61.86480331,8.92761803],[-61.86335623,8.94283307],[-61.85340381,8.95975125],[-61.85103798,8.96574044],[-61.84981251,8.97339106],[-61.84542,8.97747886],[-61.83944392,8.98559463],[-61.83343661,8.99627125],[-61.83390772,9.00354862],[-61.82464921,9.04677701],[-61.82340753,9.06045365],[-61.82480431,9.06814861],[-61.82791245,9.07235765],[-61.83498025,9.07380056],[-61.84291244,9.07287681],[-61.85207045,9.07452714],[-61.86310911,9.08499157],[-61.86672235,9.09249175],[-61.86525202,9.10948944],[-61.85570335,9.12515855],[-61.85147762,9.1295011],[-61.83906984,9.15718281],[-61.82758153,9.169384],[-61.82394826,9.17142653],[-61.80896235,9.18869376],[-61.80434215,9.19793975],[-61.79926145,9.20521748],[-61.77979076,9.22424471],[-61.77815175,9.22782087],[-61.77893055,9.23472273],[-61.7846297,9.24047303],[-61.78691184,9.24701035],[-61.79286337,9.24731386],[-61.80060577,9.24208605],[-61.80506134,9.23524713],[-61.80641091,9.22813034],[-61.80771065,9.23534191],[-61.80528891,9.24016714],[-61.79926384,9.24673295],[-61.79524255,9.24884272],[-61.78591585,9.24918532],[-61.78464687,9.26024616],[-61.78303635,9.26300716],[-61.77743494,9.26681447],[-61.76959085,9.26833534],[-61.75857854,9.267084],[-61.75552213,9.26889646],[-61.75605583,9.27249753],[-61.76117396,9.27994704],[-61.76192737,9.29375803],[-61.75918746,9.30481946],[-61.75550377,9.31044722],[-61.75248981,9.31358683],[-61.74586987,9.31665075],[-61.73123372,9.31951535],[-61.72698164,9.32286561],[-61.72544456,9.32612252],[-61.72690511,9.33438384],[-61.72952235,9.3357836],[-61.72939944,9.33426428],[-61.73139846,9.33317745],[-61.73270285,9.33466291],[-61.73092174,9.34446025],[-61.72805691,9.34755993],[-61.71958196,9.34790504],[-61.70878983,9.34354246],[-61.70147645,9.34556925],[-61.68823671,9.35326457],[-61.68697941,9.35585594],[-61.68632031,9.36679268],[-61.68089187,9.37153697],[-61.66900957,9.37836766],[-61.66803825,9.38057935],[-61.66899395,9.382779],[-61.67755592,9.38752413],[-61.67920744,9.39363003],[-61.6772722,9.39854264],[-61.67064071,9.40323806],[-61.6617614,9.40547454],[-61.65771008,9.40792894],[-61.65259576,9.41479266],[-61.63146114,9.43558013],[-61.62986386,9.43915415],[-61.62981355,9.44422615],[-61.63054967,9.44702864],[-61.63455546,9.45232177],[-61.63564944,9.46572268],[-61.62698448,9.48596096],[-61.62664187,9.50509024],[-61.62448406,9.51599204],[-61.62199545,9.52389407],[-61.6179229,9.53129637],[-61.61331725,9.53700066],[-61.60618615,9.54399323],[-61.59555483,9.55073035],[-61.59514546,9.55122793],[-61.5936594,9.55501294],[-61.59282756,9.55869055],[-61.59317946,9.55997515],[-61.59428585,9.55991745],[-61.60233116,9.55591404],[-61.61241245,9.55298376],[-61.62247264,9.54203296],[-61.62524641,9.54085326],[-61.62759817,9.53574514],[-61.63420534,9.52948284],[-61.63472915,9.52861106],[-61.64146924,9.51406145],[-61.64160144,9.51366246],[-61.64489305,9.49763656],[-61.64675295,9.4921875],[-61.64703596,9.4921875],[-61.64706314,9.49181402],[-61.64851725,9.4870882],[-61.64935601,9.48536301],[-61.65150213,9.48335075],[-61.64901566,9.4921875],[-61.64669132,9.50127327],[-61.64663553,9.50157511],[-61.64556468,9.51264811],[-61.64541244,9.51300287],[-61.64211667,9.51581872],[-61.63706434,9.52926552],[-61.63208926,9.53450263],[-61.62834275,9.54053044],[-61.61941886,9.54810381],[-61.61466801,9.55431974],[-61.61361241,9.55510056],[-61.61220956,9.55593646],[-61.60646427,9.55835962],[-61.59895265,9.55948806],[-61.59443295,9.56131315],[-61.59432936,9.56137717],[-61.58129406,9.58714914],[-61.57854843,9.59189105],[-61.5753473,9.59616435],[-61.56889832,9.60288274],[-61.56500316,9.60599315],[-61.56250834,9.60758543],[-61.56190145,9.60783434],[-61.55659044,9.60901892],[-61.55056918,9.61435735],[-61.53552926,9.63407016],[-61.52896893,9.65142226],[-61.51953888,9.66054392],[-61.51828134,9.66252506],[-61.51579475,9.66796875],[-61.51499856,9.67136395],[-61.51474035,9.67386341],[-61.51497555,9.67690957],[-61.51600981,9.68277597],[-61.51629305,9.68374193],[-61.52258015,9.69658971],[-61.523211,9.71163487],[-61.5234375,9.71233261],[-61.53056085,9.73002136],[-61.53621054,9.73866236],[-61.53763175,9.74060643],[-61.55103147,9.75616372],[-61.55897653,9.76779675],[-61.56123352,9.76842415],[-61.56199205,9.77413654],[-61.56753576,9.78427112],[-61.57378697,9.79241717],[-61.58941364,9.80277574],[-61.60074055,9.81370318],[-61.60863495,9.81918287],[-61.61330175,9.82184935],[-61.61736822,9.82375634],[-61.61829877,9.82389641],[-61.62158644,9.82256413],[-61.62209427,9.82532787],[-61.62829411,9.82685792],[-61.62972713,9.82756686],[-61.64358735,9.82692611],[-61.64827645,9.82453227],[-61.64209735,9.82307327],[-61.63821006,9.82055295],[-61.63307404,9.81453645],[-61.63202345,9.81177235],[-61.62571383,9.80703735],[-61.62549674,9.80548036],[-61.62812161,9.80510676],[-61.6281836,9.80426812],[-61.62014985,9.8004719],[-61.61358333,9.79627931],[-61.61244202,9.79474378],[-61.61277163,9.79462564],[-61.61782515,9.79680276],[-61.62580514,9.79802501],[-61.63797975,9.79699802],[-61.64510894,9.7952733],[-61.64969933,9.79596186],[-61.6522243,9.79449904],[-61.65856886,9.79387367],[-61.65893674,9.79388106],[-61.66556644,9.79441857],[-61.66998422,9.79526794],[-61.68058467,9.79801071],[-61.68155253,9.79934573],[-61.68618047,9.80000246],[-61.71066642,9.80907905],[-61.71286356,9.80856144],[-61.71761704,9.81004763],[-61.71805394,9.81021094],[-61.72283697,9.81414461],[-61.72681701,9.8142035],[-61.7360723,9.81837416],[-61.74388325,9.81859434],[-61.7507956,9.82185233],[-61.75480616,9.82330012],[-61.75882173,9.82372296],[-61.76852667,9.82760167],[-61.77526033,9.82942116],[-61.78173125,9.83035707],[-61.79315746,9.83137464],[-61.80571652,9.83138621],[-61.82018936,9.82976961],[-61.82586825,9.82817233],[-61.82839978,9.82669497],[-61.82875276,9.82608354],[-61.82432985,9.81794047],[-61.82425117,9.8176614],[-61.82376862,9.81241047],[-61.82466304,9.81047726],[-61.82337964,9.80758655],[-61.82319808,9.80740881],[-61.8205111,9.80588555],[-61.81401014,9.80518687],[-61.81203794,9.80437768],[-61.8111881,9.80381656],[-61.80988717,9.80279255],[-61.80710805,9.79773605],[-61.80587494,9.79458463],[-61.80329287,9.78636873],[-61.80317855,9.78573954],[-61.80347872,9.78204036],[-61.80457604,9.77810431],[-61.80869806,9.76941538],[-61.80869818,9.76905453],[-61.80734301,9.76759398],[-61.8069092,9.76733124],[-61.80381906,9.76681364],[-61.79097497,9.77000773],[-61.78451121,9.77003884],[-61.78394485,9.76988626],[-61.78064513,9.76837587],[-61.77377641,9.7621572],[-61.77166986,9.76067412],[-61.76417875,9.75644422],[-61.76267755,9.75328934],[-61.76214135,9.74788845],[-61.76339555,9.73727775],[-61.76200247,9.72697937],[-61.75677907,9.71989524],[-61.75055885,9.71487367],[-61.74323332,9.71090806],[-61.73913765,9.70430565],[-61.74252713,9.67647874],[-61.74118948,9.66065836],[-61.73701584,9.63982034],[-61.73676491,9.62611604],[-61.73789454,9.61596084],[-61.74419296,9.59467006],[-61.74437225,9.59433472],[-61.74583554,9.59525383],[-61.73902595,9.61623991],[-61.73789632,9.62627554],[-61.73813832,9.63863134],[-61.74232101,9.66038704],[-61.74365926,9.67592072],[-61.74334645,9.68385887],[-61.74034536,9.7003473],[-61.74029422,9.70348465],[-61.74106395,9.70614994],[-61.74229193,9.70830357],[-61.74375665,9.70974815],[-61.75653875,9.71819186],[-61.76268256,9.72560823],[-61.76424205,9.73242176],[-61.76445317,9.73894966],[-61.76315844,9.74919784],[-61.76408124,9.75394583],[-61.76490724,9.75510228],[-61.77497745,9.76095033],[-61.77858734,9.76472855],[-61.78505445,9.76892042],[-61.78545403,9.76906383],[-61.78998792,9.76862526],[-61.79046786,9.76848614],[-61.79786015,9.76543236],[-61.80757391,9.76517046],[-61.80778205,9.76510584],[-61.80949032,9.76349223],[-61.80969191,9.76253867],[-61.80737901,9.75503254],[-61.80709517,9.73798883],[-61.80822825,9.72814524],[-61.81024683,9.72126102],[-61.81697226,9.70772874],[-61.82427072,9.69911015],[-61.83265245,9.68396378],[-61.83560193,9.68176365],[-61.84100533,9.66950095],[-61.84508252,9.65451872],[-61.84922957,9.64676332],[-61.84862745,9.65076995],[-61.83786404,9.68085372],[-61.837695,9.68121994],[-61.82600057,9.70217061],[-61.81417155,9.71693706],[-61.81166196,9.72234404],[-61.81039298,9.72923255],[-61.80992615,9.73216736],[-61.80918837,9.74762857],[-61.81062305,9.75883114],[-61.81243277,9.75942135],[-61.82000244,9.75807214],[-61.82422423,9.74896896],[-61.8227812,9.75630164],[-61.82690263,9.76403522],[-61.83214235,9.7696439],[-61.83268428,9.77042091],[-61.8342092,9.77387703],[-61.83489335,9.77640033],[-61.83529055,9.78505695],[-61.83198655,9.79743683],[-61.83212876,9.79831648],[-61.83272505,9.79893541],[-61.83985341,9.80126262],[-61.84655225,9.804937],[-61.8533442,9.80529475],[-61.85542202,9.80683911],[-61.85874164,9.80681777],[-61.8590126,9.80692267],[-61.86109245,9.80890655],[-61.86390901,9.80739737],[-61.86591315,9.81096888],[-61.86952412,9.81210375],[-61.87067378,9.81543911],[-61.875,9.82059145],[-61.87873924,9.82123721],[-61.88110304,9.82465506],[-61.88058877,9.827286],[-61.88885844,9.83303595],[-61.89028597,9.83629525],[-61.89240253,9.83708394],[-61.89509726,9.84375],[-61.89511347,9.84375],[-61.89696825,9.84660804],[-61.91706836,9.87304676],[-61.92890835,9.88165355],[-61.93202746,9.88282371],[-61.95894802,9.90591967],[-61.96170795,9.90791833],[-61.96473384,9.90839314],[-61.9671272,9.9111222],[-61.96940994,9.91145575],[-61.97742915,9.91690195],[-61.99580562,9.93129015],[-62.00012207,9.93608594],[-62.02292824,9.95523834],[-62.02811074,9.95944846],[-62.03626633,9.964993],[-62.04398215,9.96955752],[-62.06666815,9.98101962],[-62.08478296,9.98709846],[-62.10433173,9.99522722],[-62.12207353,9.99755573],[-62.12865448,10.00104904],[-62.14913285,10.00881243],[-62.16461134,10.01202714],[-62.19030142,10.01953125],[-62.19115114,10.01953125],[-62.19579256,10.02085113],[-62.19615042,10.02084446],[-62.20078313,10.01953125],[-62.20539415,10.01481426],[-62.21234441,10.01098073],[-62.21446824,10.00890565],[-62.21973026,10.00343287],[-62.22418523,9.99585116],[-62.2265625,9.99414063],[-62.22783351,9.99227297],[-62.24117005,9.98288405],[-62.2428956,9.97613788],[-62.24302316,9.97199166],[-62.24505544,9.96604502],[-62.24519432,9.9652245],[-62.24446762,9.96237648],[-62.24411523,9.96196914],[-62.23292685,9.95498526],[-62.22846723,9.95114231],[-62.22150087,9.94372785],[-62.21771836,9.93885827],[-62.21292198,9.93016136],[-62.21155274,9.92943788],[-62.21083915,9.92959464],[-62.20799744,9.93003464],[-62.19297552,9.93436337],[-62.17113006,9.93830931],[-62.16037405,9.93935895],[-62.15851522,9.93936145],[-62.14908278,9.93783605],[-62.14231634,9.93411183],[-62.13265276,9.92525256],[-62.12578154,9.92329824],[-62.11736345,9.9229604],[-62.1087656,9.91815186],[-62.10198283,9.91031396],[-62.09881473,9.89781845],[-62.08118737,9.88555074],[-62.06963503,9.88284194],[-62.05608594,9.88176751],[-62.04930425,9.8793596],[-62.04444897,9.87601566],[-62.03479016,9.86531615],[-62.03373432,9.86367726],[-62.03428245,9.86105716],[-62.03990126,9.86341906],[-62.04748952,9.86948931],[-62.05688584,9.87409008],[-62.06245935,9.87493122],[-62.07741976,9.87447584],[-62.08453405,9.87701535],[-62.09217715,9.88542104],[-62.10093701,9.8975569],[-62.10330153,9.90334976],[-62.10313046,9.90951216],[-62.10772252,9.91517854],[-62.11530173,9.92053688],[-62.12608755,9.92134643],[-62.13144565,9.92284322],[-62.13630211,9.92582107],[-62.14325786,9.93268573],[-62.14967203,9.93637681],[-62.16126406,9.93777895],[-62.18811464,9.93323314],[-62.19857585,9.93046725],[-62.207201,9.92610526],[-62.20874882,9.92447793],[-62.20874524,9.92418063],[-62.20870805,9.92091811],[-62.20471024,9.91193855],[-62.17975783,9.88116455],[-62.17022657,9.86314166],[-62.17196155,9.8225919],[-62.17439652,9.81265342],[-62.17501307,9.79957676],[-62.17341435,9.79629076],[-62.16714501,9.79221272],[-62.16466022,9.78725624],[-62.16564345,9.7545042],[-62.16324961,9.73674655],[-62.16290355,9.7179172],[-62.16678596,9.70039761],[-62.16937602,9.70143342],[-62.17467666,9.69736874],[-62.18126333,9.69411314],[-62.18501723,9.68687367],[-62.18600714,9.68305135],[-62.18328297,9.6745187],[-62.18385446,9.65917957],[-62.18531024,9.65021753],[-62.18859863,9.64340675],[-62.19078481,9.64093363],[-62.19579351,9.63844776],[-62.20203054,9.63792646],[-62.20721054,9.63881135],[-62.2164849,9.63631546],[-62.22182751,9.63309026],[-62.22366834,9.63016856],[-62.22571385,9.62346542],[-62.22680986,9.61053085],[-62.2208389,9.59722114],[-62.2206918,9.59681082],[-62.22009122,9.59426427],[-62.22076356,9.59380662],[-62.22107625,9.59386492],[-62.22766423,9.60962522],[-62.22738075,9.61998343],[-62.22463572,9.63186312],[-62.21823084,9.63693976],[-62.20898688,9.6397171],[-62.20493376,9.64361513],[-62.20442486,9.64439535],[-62.20198238,9.65379024],[-62.20188785,9.65431035],[-62.20174086,9.6549412],[-62.20059383,9.65751791],[-62.19961858,9.65894473],[-62.18659604,9.67343056],[-62.18622112,9.67882538],[-62.18742764,9.68685424],[-62.18603635,9.69097912],[-62.18585372,9.69128633],[-62.18189025,9.69586742],[-62.18052232,9.69694471],[-62.17433715,9.69980586],[-62.17213857,9.70203054],[-62.16644824,9.7101866],[-62.16602194,9.7119801],[-62.16516852,9.71845937],[-62.16521895,9.72773826],[-62.16705155,9.74292636],[-62.16803658,9.74656844],[-62.16929674,9.75001156],[-62.17282724,9.75374985],[-62.1764307,9.76297295],[-62.17709434,9.77003932],[-62.17926133,9.77723372],[-62.17926133,9.78382015],[-62.17676246,9.79560065],[-62.17812896,9.81007445],[-62.17593336,9.82139695],[-62.17569244,9.8254348],[-62.17561126,9.83077562],[-62.17673576,9.85022271],[-62.18087387,9.87017965],[-62.18693066,9.8829509],[-62.19735396,9.89495003],[-62.20218074,9.90434325],[-62.20668125,9.90887988],[-62.20941675,9.91328573],[-62.210922,9.91586494],[-62.21725178,9.93062878],[-62.23043537,9.93900514],[-62.24494648,9.9541018],[-62.24957812,9.96275425],[-62.25102735,9.96774852],[-62.25110996,9.96812642],[-62.24915612,9.9719398],[-62.24944174,9.97371912],[-62.25467575,9.97115755],[-62.26278925,9.96410274],[-62.26599705,9.96037912],[-62.26534224,9.95627308],[-62.26509213,9.95559144],[-62.25721705,9.94031525],[-62.25378823,9.92808783],[-62.25623941,9.91053176],[-62.25571144,9.90448916],[-62.25368977,9.89827406],[-62.24671316,9.88591754],[-62.24500632,9.87956965],[-62.24500632,9.85319996],[-62.24632466,9.8478018],[-62.25403893,9.83446384],[-62.25390196,9.83266675],[-62.27348065,9.79753017],[-62.28411496,9.76667488],[-62.28296435,9.75896931],[-62.28310251,9.75825274],[-62.28848755,9.74528086],[-62.29082692,9.73200965],[-62.29072535,9.73193455],[-62.28793645,9.73238051],[-62.28100765,9.74103153],[-62.2660048,9.75068927],[-62.26155901,9.75413501],[-62.25772297,9.75774252],[-62.25398827,9.76553094],[-62.25382364,9.76575553],[-62.25305188,9.76658523],[-62.25266767,9.76660097],[-62.25191724,9.76617086],[-62.25174904,9.76563895],[-62.25564086,9.75809586],[-62.26010525,9.75362706],[-62.26744425,9.74742317],[-62.27873266,9.74132693],[-62.28780305,9.73031795],[-62.29125142,9.72902477],[-62.29185641,9.72868431],[-62.29592764,9.7234354],[-62.29629946,9.72315633],[-62.30186534,9.72049534],[-62.31214654,9.71825886],[-62.32060194,9.71534407],[-62.32322693,9.71397817],[-62.33026195,9.70950258],[-62.33476603,9.70601046],[-62.33974981,9.70154393],[-62.34314704,9.69754207],[-62.34875882,9.68969154],[-62.35012317,9.68694103],[-62.35018754,9.6861912],[-62.34712505,9.65742946],[-62.35028064,9.64518726],[-62.36258292,9.63678884],[-62.38272536,9.61422515],[-62.39447033,9.60316324],[-62.4163841,9.57077551],[-62.42467332,9.56778562],[-62.42702508,9.56602335],[-62.43451977,9.55799484],[-62.43585944,9.55566394],[-62.43585944,9.55175781],[-62.44261766,9.5408498],[-62.4421488,9.53310692],[-62.43833745,9.52298033],[-62.43707228,9.51542282],[-62.43833733,9.50844204],[-62.43847311,9.50801301],[-62.44143283,9.50242472],[-62.44257402,9.49733746],[-62.44245541,9.49573624],[-62.44095063,9.4921875],[-62.44007707,9.49126232],[-62.43260694,9.48549104],[-62.42916024,9.48557246],[-62.4198606,9.48966157],[-62.41373682,9.48946846],[-62.40869153,9.48853076],[-62.40290165,9.48489583],[-62.39902604,9.47950625],[-62.3988651,9.47909141],[-62.39715767,9.46669912],[-62.40104151,9.45521212],[-62.40455651,9.43408585],[-62.41090155,9.42059815],[-62.41037202,9.41653001],[-62.40781617,9.41145682],[-62.40404105,9.40834832],[-62.3862046,9.40143383],[-62.37662864,9.39516187],[-62.37200391,9.3952831],[-62.3619467,9.39781082],[-62.35736418,9.39662898],[-62.35689032,9.39635754],[-62.35196674,9.39165103],[-62.34928894,9.38484144],[-62.34680915,9.38167036],[-62.33048153,9.37299526],[-62.32504094,9.36846507],[-62.3243643,9.36733246],[-62.32105875,9.35834801],[-62.32219017,9.35252881],[-62.32573354,9.34882152],[-62.33330202,9.34453511],[-62.33605945,9.34181666],[-62.33938324,9.33775115],[-62.34277725,9.32908762],[-62.34271896,9.32559001],[-62.34160805,9.32114685],[-62.33753157,9.31167507],[-62.32460904,9.29653215],[-62.32269752,9.29493916],[-62.32267666,9.29493988],[-62.31860292,9.29500341],[-62.31444597,9.29610443],[-62.30718815,9.29910004],[-62.30311334,9.29907763],[-62.30030096,9.29848087],[-62.29632068,9.29701364],[-62.27857077,9.28579998],[-62.27682364,9.28729713],[-62.27795672,9.29368746],[-62.27753496,9.30011964],[-62.2691015,9.30573654],[-62.26394391,9.30684733],[-62.25121546,9.30415952],[-62.23995852,9.30322754],[-62.23792052,9.30039322],[-62.2368108,9.29560745],[-62.23993194,9.28316474],[-62.24044013,9.27664196],[-62.24212611,9.27148664],[-62.25216734,9.26049674],[-62.25501823,9.25455916],[-62.25169146,9.2531203],[-62.24599445,9.25307047],[-62.23518205,9.26255584],[-62.23037756,9.26168954],[-62.22296941,9.25001991],[-62.21930254,9.24668133],[-62.21530855,9.24506593],[-62.21207166,9.24062347],[-62.21242011,9.23649967],[-62.22094035,9.22966278],[-62.22003245,9.22612655],[-62.21697521,9.22353423],[-62.20164645,9.21788037],[-62.1912719,9.20593643],[-62.18710744,9.19784045],[-62.18589687,9.1922158],[-62.18622267,9.18641138],[-62.18805277,9.18318558],[-62.18754601,9.18155098],[-62.17661583,9.18103504],[-62.172544,9.17907834],[-62.16623652,9.16880536],[-62.15236056,9.15954375],[-62.15107775,9.15080905],[-62.14792514,9.14605296],[-62.14541054,9.13877594],[-62.13832951,9.13432682],[-62.13134694,9.12799406],[-62.12969601,9.12757695],[-62.12213242,9.12994575],[-62.11372817,9.12758875],[-62.10089707,9.12721562],[-62.09839976,9.12509835],[-62.09701204,9.12160456],[-62.09984624,9.11378193],[-62.09998405,9.1131345],[-62.09980392,9.10678911],[-62.10012865,9.10555851],[-62.10397947,9.09527671],[-62.10397995,9.09087324],[-62.10116291,9.08416712],[-62.09697795,9.08162951],[-62.09483707,9.08056915],[-62.06754994,9.06944585],[-62.06045485,9.06387556],[-62.05837226,9.06180274],[-62.05257082,9.05456614],[-62.05127227,9.05196845],[-62.05071223,9.05019081],[-62.0503875,9.04827845],[-62.05113697,9.04081607],[-62.05323994,9.03311825],[-62.05550182,9.02982426],[-62.05521166,9.028337],[-62.05776393,9.02195275],[-62.05917954,9.01853526],[-62.06309497,9.01130021],[-62.07566905,8.99821365],[-62.07916951,8.99136674],[-62.08207571,8.98871815],[-62.08222163,8.98844385],[-62.08298004,8.98387814],[-62.08458078,8.98224425],[-62.08529985,8.97612941],[-62.08480787,8.96484375],[-62.08316827,8.95940375],[-62.07808685,8.94905806],[-62.07724547,8.94792175],[-62.07367003,8.94511497],[-62.06508756,8.94143701],[-62.06325805,8.93869734],[-62.05977654,8.93629253],[-62.05845678,8.93271506],[-62.05912042,8.92980051],[-62.05803895,8.92867804],[-62.05835247,8.92528796],[-62.05959928,8.92054236],[-62.05936384,8.90754247],[-62.05569267,8.88604414],[-62.0531342,8.87961435],[-62.05589235,8.87768793],[-62.05587304,8.87497938],[-62.05403042,8.87364912],[-62.05250764,8.87424576],[-62.0508337,8.87882781],[-62.04807913,8.87977564],[-62.04657912,8.88253796],[-62.03371,8.88325393],[-62.01778793,8.89754891],[-62.01597965,8.89837956],[-62.00895357,8.90076041],[-62.00743532,8.90087211],[-62.00235355,8.89989102],[-62.00131834,8.89949393],[-61.99561274,8.89632487],[-61.99165237,8.88906825],[-61.99235153,8.88100255],[-61.99248898,8.88071477],[-61.99462497,8.87704754],[-61.99507785,8.87682438],[-61.99703932,8.87708175],[-61.99821806,8.87762177],[-61.99889696,8.87931085],[-61.9985677,8.88262916],[-61.99718368,8.88420725],[-61.99752045,8.88462484],[-61.99832714,8.88484716],[-62.00031817,8.88401341],[-62.00288045,8.88142026],[-62.00377166,8.87985122],[-62.00367427,8.87793565],[-62.00587571,8.87394977],[-62.00639761,8.87799203],[-62.00711715,8.87738776],[-62.00877237,8.86782146],[-62.00977194,8.86869431],[-62.00825357,8.874897],[-62.00947106,8.87539673],[-62.01242113,8.86443126],[-62.01483083,8.86089647],[-62.01498544,8.86075664],[-62.01489115,8.86824715],[-62.01876175,8.86261976],[-62.02004003,8.86318672],[-62.01615977,8.87097645],[-62.01253903,8.87615585],[-62.00993013,8.87902451],[-61.99783504,8.88909042],[-61.99639595,8.89088023],[-61.99662292,8.8923341],[-61.99689817,8.89310145],[-62.00159335,8.89681482],[-62.0089668,8.89757085],[-62.02067375,8.89096117],[-62.02958548,8.87986171],[-62.03547704,8.87458122],[-62.04382515,8.87335277],[-62.05097616,8.87430882],[-62.05412281,8.87285745],[-62.05584335,8.87370884],[-62.05653405,8.87453187],[-62.05671513,8.87850237],[-62.05575347,8.87981212],[-62.05851674,8.88769066],[-62.05864167,8.89109755],[-62.06250727,8.89997017],[-62.06554174,8.91280174],[-62.07175314,8.92423725],[-62.07941294,8.94238281],[-62.08144915,8.95079744],[-62.0898602,8.96330822],[-62.09066892,8.96877694],[-62.09059775,8.97584927],[-62.08968031,8.97919846],[-62.0868268,8.98740864],[-62.08655155,8.98798227],[-62.07943082,8.99603295],[-62.07910597,8.99646175],[-62.07607508,9.00167286],[-62.07506943,9.00422323],[-62.07450771,9.00599134],[-62.07197583,9.02317727],[-62.07177281,9.02359545],[-62.0686388,9.0275712],[-62.05829382,9.03113997],[-62.0565989,9.03528643],[-62.05691493,9.05092657],[-62.05870354,9.05384874],[-62.06699264,9.05555356],[-62.08384955,9.06944585],[-62.09246612,9.07324648],[-62.09566593,9.07358015],[-62.09723008,9.07461441],[-62.09568417,9.07554924],[-62.09992242,9.07705605],[-62.10788786,9.07271862],[-62.11256945,9.06570745],[-62.11185145,9.05948973],[-62.10884011,9.05173576],[-62.10889375,9.04865956],[-62.11074066,9.04594958],[-62.11692941,9.04642761],[-62.13161731,9.05330801],[-62.14368415,9.06110477],[-62.14838815,9.06703377],[-62.14831352,9.07654774],[-62.14300787,9.09030807],[-62.14387345,9.09695816],[-62.14793754,9.10106814],[-62.15931225,9.10460222],[-62.16344476,9.10416317],[-62.16408515,9.10306323],[-62.15914714,9.09142995],[-62.15967095,9.08859336],[-62.16156483,9.08681095],[-62.16541505,9.08524585],[-62.17420578,9.08668745],[-62.18488586,9.0864681],[-62.1876868,9.08479238],[-62.18508208,9.07486665],[-62.18555295,9.06966722],[-62.18693173,9.06671464],[-62.19287062,9.06205094],[-62.19893575,9.06470036],[-62.20332146,9.06520295],[-62.20943308,9.06307316],[-62.21789241,9.05818105],[-62.22534275,9.05809975],[-62.22698891,9.05882382],[-62.22824991,9.06126595],[-62.22822511,9.06388271],[-62.22766244,9.07341075],[-62.22405577,9.08461606],[-62.22422731,9.08786786],[-62.22787261,9.09033823],[-62.24141288,9.09322143],[-62.26604474,9.11116826],[-62.26772356,9.11479056],[-62.2620846,9.12900603],[-62.26377285,9.13167691],[-62.2752645,9.12921464],[-62.28241003,9.12923384],[-62.30170882,9.13665664],[-62.30498755,9.13582754],[-62.30975854,9.13090575],[-62.31481922,9.12800205],[-62.32446754,9.12591672],[-62.32896912,9.12678444],[-62.33071482,9.13161731],[-62.32894886,9.1489166],[-62.32991946,9.15498483],[-62.32821214,9.16649497],[-62.32450581,9.17516327],[-62.32104087,9.17909992],[-62.30894232,9.18247771],[-62.30525935,9.18611336],[-62.30487442,9.18980217],[-62.30683064,9.2040596],[-62.31353188,9.21610153],[-62.31127083,9.2197715],[-62.30491841,9.22298646],[-62.30235755,9.22636914],[-62.30319655,9.22981691],[-62.30842972,9.2393831],[-62.31633425,9.24307597],[-62.31838083,9.24504852],[-62.32095277,9.25433993],[-62.32770574,9.26018322],[-62.32911873,9.26325226],[-62.32917845,9.27267933],[-62.33133662,9.27979445],[-62.33113444,9.28445721],[-62.32531691,9.29055202],[-62.32481992,9.2925297],[-62.32599795,9.29404247],[-62.33300304,9.29722321],[-62.33703232,9.30186057],[-62.34758544,9.32414401],[-62.34730268,9.3299005],[-62.34532404,9.33510625],[-62.3383671,9.34428728],[-62.32641828,9.35365605],[-62.32530141,9.36174655],[-62.32671547,9.36476386],[-62.33432448,9.37116861],[-62.34939456,9.37893546],[-62.35728598,9.39106846],[-62.36103606,9.39426303],[-62.36680222,9.39386106],[-62.37050152,9.39267611],[-62.37077355,9.39211226],[-62.37140334,9.38742507],[-62.37518013,9.37912297],[-62.37540543,9.38163376],[-62.37315857,9.38812804],[-62.37406695,9.39129996],[-62.37417746,9.39142406],[-62.37964785,9.3927952],[-62.38363195,9.39589667],[-62.38830876,9.39765751],[-62.40596795,9.40181506],[-62.40924323,9.40499425],[-62.41336763,9.41332173],[-62.41429985,9.418576],[-62.40905786,9.43268454],[-62.40726328,9.45462525],[-62.40308106,9.46784735],[-62.4030807,9.47333157],[-62.40677035,9.48057854],[-62.41317236,9.48591554],[-62.43036497,9.48161435],[-62.43373835,9.48158467],[-62.43950665,9.48245168],[-62.44314086,9.48663425],[-62.44357657,9.48740828],[-62.44614172,9.49419594],[-62.44625044,9.49551296],[-62.44583046,9.49839902],[-62.44102395,9.51303375],[-62.4457587,9.52748323],[-62.44709992,9.54192615],[-62.44698191,9.54282331],[-62.44420242,9.55056191],[-62.43816173,9.55766165],[-62.43621886,9.56186962],[-62.43786955,9.56598771],[-62.44565976,9.57413006],[-62.45104015,9.57852435],[-62.45318973,9.58365285],[-62.45693076,9.58614397],[-62.46524072,9.58485103],[-62.47915483,9.58586538],[-62.48535872,9.58475447],[-62.48608446,9.58447564],[-62.49288607,9.57968652],[-62.49317026,9.57940674],[-62.49789464,9.57389915],[-62.50201273,9.56794083],[-62.50678897,9.55916953],[-62.50821698,9.55761278],[-62.51241171,9.55583215],[-62.52003825,9.55658507],[-62.52759302,9.56308055],[-62.53129137,9.56799281],[-62.53778422,9.57051826],[-62.54034936,9.56992424],[-62.54501486,9.5656507],[-62.55165613,9.55611265],[-62.56194472,9.55443788],[-62.56469834,9.55440104],[-62.56743205,9.55607045],[-62.57014334,9.56462586],[-62.57205915,9.5663377],[-62.58560753,9.56624925],[-62.59353626,9.56319225],[-62.59367216,9.56356084],[-62.59332478,9.56483436],[-62.59158456,9.56637704],[-62.59047926,9.56674552],[-62.58436322,9.56783354],[-62.5746721,9.56805074],[-62.57104814,9.56718731],[-62.56912494,9.56596994],[-62.568982,9.56569195],[-62.56796181,9.55841696],[-62.56620014,9.55597675],[-62.56589735,9.5558182],[-62.56298375,9.55531871],[-62.55917585,9.55686545],[-62.55334687,9.5571388],[-62.55257547,9.55752754],[-62.54870021,9.56425142],[-62.54416418,9.56802988],[-62.54249322,9.57083261],[-62.54227912,9.57153225],[-62.54298067,9.57409847],[-62.54310286,9.57434583],[-62.54577935,9.57753158],[-62.55019546,9.57801163],[-62.55094314,9.57847655],[-62.55093467,9.57897258],[-62.55023932,9.57963038],[-62.54949665,9.57975221],[-62.54850101,9.57973635],[-62.5466367,9.57920873],[-62.54438615,9.57811391],[-62.54070282,9.57386756],[-62.54038215,9.57368767],[-62.53762746,9.57283175],[-62.53379405,9.57220376],[-62.52963686,9.56950521],[-62.51938105,9.55862308],[-62.51443017,9.55755007],[-62.51012814,9.55947995],[-62.50399494,9.57017064],[-62.49500287,9.58150935],[-62.48628151,9.58719671],[-62.48289967,9.58814037],[-62.45779991,9.58841908],[-62.45221066,9.5856626],[-62.44709981,9.57851171],[-62.4459722,9.57835233],[-62.44571793,9.57838404],[-62.44071233,9.58441401],[-62.43525875,9.59823537],[-62.42772818,9.60824215],[-62.42334115,9.61374211],[-62.41991174,9.61734295],[-62.40053678,9.63608575],[-62.3830173,9.65448582],[-62.37874734,9.66008151],[-62.37192166,9.67144895],[-62.37127805,9.6731286],[-62.37236905,9.67995167],[-62.37184215,9.68307555],[-62.37144303,9.68454492],[-62.36282253,9.70690131],[-62.36621463,9.71603262],[-62.3722136,9.72046971],[-62.37454903,9.72428763],[-62.37455022,9.72807777],[-62.37026668,9.74188364],[-62.36874342,9.74204588],[-62.36925542,9.73793066],[-62.3737545,9.72753894],[-62.37374258,9.72449172],[-62.36460602,9.71648157],[-62.36002815,9.70850253],[-62.35797203,9.7084372],[-62.35343277,9.71244371],[-62.34587026,9.72227955],[-62.33883333,9.72868621],[-62.32165086,9.73852026],[-62.31696534,9.74285781],[-62.31292605,9.74958146],[-62.30956161,9.76229012],[-62.31767452,9.77222455],[-62.31818855,9.77294862],[-62.32797265,9.78896654],[-62.33464706,9.79611957],[-62.34258783,9.80817521],[-62.34588432,9.81414616],[-62.35480475,9.83333147],[-62.35710168,9.83879054],[-62.35903525,9.84375],[-62.3614763,9.85220802],[-62.36222816,9.85570824],[-62.36257136,9.87134898],[-62.36474633,9.8810147],[-62.36525893,9.88175654],[-62.36943054,9.88603902],[-62.37143385,9.88833237],[-62.38507271,9.89606035],[-62.39242733,9.90158916],[-62.39483655,9.90387833],[-62.39970756,9.91028583],[-62.40365362,9.91918695],[-62.41276705,9.92497003],[-62.41745496,9.93025207],[-62.41789174,9.93057632],[-62.41983867,9.93148434],[-62.42128384,9.93186927],[-62.42672145,9.93212664],[-62.43556035,9.93052793],[-62.43603921,9.93022585],[-62.44780374,9.92059505],[-62.44506681,9.90997136],[-62.44534755,9.90470445],[-62.45146453,9.89578676],[-62.45397151,9.88845062],[-62.45174241,9.88568735],[-62.43492055,9.88832045],[-62.43106484,9.88776302],[-62.43033934,9.88752592],[-62.42830014,9.88516855],[-62.42776835,9.88397241],[-62.42718255,9.88009286],[-62.42841744,9.87902594],[-62.42883301,9.87918484],[-62.42946196,9.88493502],[-62.43185365,9.88651741],[-62.43233085,9.88666832],[-62.45123816,9.88389182],[-62.45425832,9.88573301],[-62.45482397,9.88684797],[-62.45543075,9.88827527],[-62.45543253,9.89181745],[-62.45466161,9.89415634],[-62.44713175,9.90572846],[-62.44971013,9.91622174],[-62.44946015,9.92285025],[-62.44930816,9.92316425],[-62.44657254,9.92678547],[-62.44260252,9.92972934],[-62.44235015,9.93009472],[-62.44106805,9.9334743],[-62.43925285,9.93819046],[-62.43806374,9.94018757],[-62.43522406,9.94154584],[-62.43012965,9.95190954],[-62.42704475,9.95428836],[-62.42474771,9.95872581],[-62.41889596,9.96413171],[-62.41892326,9.96538234],[-62.41562676,9.96777153],[-62.41814995,9.9725697],[-62.4257915,9.98087657],[-62.42961323,9.99069095],[-62.43359661,10.00687075],[-62.43343484,10.02198255],[-62.43490911,10.02801955],[-62.44177043,10.03696644],[-62.44627595,10.03995144],[-62.45030296,10.04459846],[-62.45378375,10.04623616],[-62.4548732,10.04814315],[-62.45804644,10.05426204],[-62.46705341,10.05492687],[-62.46561384,10.05701053],[-62.46085513,10.05977797],[-62.46035004,10.06325042],[-62.46200717,10.07332802],[-62.46714342,10.08474338],[-62.47078812,10.10058308],[-62.47570765,10.11023486],[-62.47475421,10.1150552],[-62.47795296,10.12261605],[-62.48173022,10.13706613],[-62.48430514,10.13987255],[-62.48412621,10.14478052],[-62.49108541,10.15972698],[-62.49885607,10.17377937],[-62.50448263,10.18275261],[-62.51024854,10.19011498],[-62.51052117,10.19044685],[-62.51608455,10.1953125],[-62.51631796,10.1953125],[-62.51706791,10.19631922],[-62.52094305,10.1978507],[-62.52387166,10.2019093],[-62.52937055,10.20654786],[-62.53917694,10.21195185],[-62.54445088,10.21294403],[-62.5478847,10.21537232],[-62.578125,10.2265625],[-62.578125,10.22684145],[-62.59428585,10.23304415],[-62.59475291,10.23313701],[-62.61566806,10.23543596],[-62.61676145,10.23512745],[-62.61737013,10.23384595],[-62.62346506,10.22896004],[-62.62370551,10.22814691],[-62.62339735,10.22268415],[-62.62319112,10.22168672],[-62.62136555,10.21860838],[-62.62062264,10.19918501],[-62.62001991,10.19640994],[-62.61951864,10.1953125],[-62.61920202,10.1953125],[-62.61214972,10.17642641],[-62.61020947,10.16388547],[-62.6091845,10.14321947],[-62.60677755,10.12762845],[-62.60630846,10.11814523],[-62.60688281,10.11335325],[-62.60878885,10.10763335],[-62.61012995,10.10476315],[-62.61299956,10.10064292],[-62.61967397,10.09462762],[-62.63363373,10.08684337],[-62.64564955,10.07624245],[-62.64744651,10.07481182],[-62.66160011,10.06449854],[-62.66216135,10.06421244],[-62.67571831,10.06026781],[-62.70415437,10.05583155],[-62.72038257,10.05559945],[-62.72839546,10.05615187],[-62.73090661,10.05679035],[-62.73269105,10.05772185],[-62.73992646,10.063591],[-62.74442256,10.07016492],[-62.74762225,10.07791817],[-62.75055933,10.08060658],[-62.75425196,10.08172274],[-62.75918365,10.0817219],[-62.76146555,10.08126497],[-62.76759446,10.07947934],[-62.77595425,10.07446134],[-62.77910054,10.07147634],[-62.78288364,10.06598854],[-62.78301811,10.06569207],[-62.78713906,10.05278325],[-62.78738761,10.05100262],[-62.78743815,10.04605115],[-62.78629625,10.04070055],[-62.78318584,10.03541183],[-62.77919066,10.03235102],[-62.77741015,10.02938426],[-62.77703345,10.02801752],[-62.77678513,10.0260756],[-62.77735054,10.02304244],[-62.77756655,10.02248502],[-62.77954388,10.01953125],[-62.77950585,10.01946092],[-62.78222191,10.01615214],[-62.78434551,10.01124001],[-62.7945497,10.00772727],[-62.79540956,10.00493455],[-62.79474795,9.99787533],[-62.79771698,9.99321806],[-62.80685937,9.99086487],[-62.81736207,9.99243796],[-62.83278835,9.98194265],[-62.83390653,9.97532952],[-62.83153045,9.97184944],[-62.82837915,9.97110915],[-62.82047915,9.97377217],[-62.81511915,9.9732753],[-62.81223786,9.97143185],[-62.81016922,9.96747231],[-62.81049478,9.96187103],[-62.81274235,9.95562625],[-62.8162508,9.95459437],[-62.82444382,9.95560765],[-62.83210373,9.94856703],[-62.83376694,9.94505751],[-62.83311474,9.93540585],[-62.83534634,9.93103683],[-62.8414427,9.92578125],[-62.84793925,9.92674494],[-62.85317707,9.93100917],[-62.85456431,9.93458867],[-62.85357034,9.94399011],[-62.85480225,9.94666541],[-62.85855687,9.94861805],[-62.86680734,9.94864714],[-62.8737601,9.95233953],[-62.88352835,9.97023177],[-62.89125288,9.97238624],[-62.89387345,9.97616291],[-62.89394593,9.97658885],[-62.89300597,9.97696435],[-62.89269388,9.97675455],[-62.8893187,9.97321415],[-62.88340545,9.97234535],[-62.88042498,9.96855855],[-62.87263536,9.95350695],[-62.86775935,9.95081127],[-62.85939515,9.95083916],[-62.85498393,9.94919264],[-62.8523792,9.94600785],[-62.85128975,9.94248724],[-62.85175014,9.93215835],[-62.84937573,9.92971695],[-62.84458756,9.92758918],[-62.84260583,9.92765081],[-62.84226334,9.92778623],[-62.83921444,9.9294672],[-62.83614337,9.9337368],[-62.83538282,9.93541527],[-62.83568716,9.94658124],[-62.82997096,9.95429206],[-62.82452071,9.95765972],[-62.81545174,9.9568783],[-62.81328487,9.95854115],[-62.81243515,9.96203303],[-62.81243491,9.96770895],[-62.81567228,9.97106683],[-62.81988955,9.97148705],[-62.82801855,9.96882236],[-62.83178377,9.96937692],[-62.83437026,9.97096205],[-62.83641195,9.97573793],[-62.83640754,9.97678184],[-62.83571064,9.98171437],[-62.83559263,9.98198843],[-62.83418906,9.98419225],[-62.82727826,9.98775256],[-62.82137442,9.99297285],[-62.81955814,9.99380386],[-62.81704986,9.99466908],[-62.81376386,9.99466908],[-62.80406833,9.9933331],[-62.79976356,9.99492061],[-62.79939437,9.99518335],[-62.79739952,9.99855494],[-62.79677308,10.00829065],[-62.79314303,10.01142573],[-62.78756237,10.01371014],[-62.78439176,10.01693594],[-62.78322673,10.01953125],[-62.78062296,10.02396774],[-62.77989793,10.02790213],[-62.78058851,10.02947855],[-62.78098178,10.02993548],[-62.78347897,10.03120601],[-62.78985822,10.03194785],[-62.79370594,10.03104734],[-62.79958725,10.03233647],[-62.81986153,10.03295434],[-62.82554102,10.03529811],[-62.82794607,10.03700066],[-62.83048367,10.04006886],[-62.83475375,10.04870915],[-62.83569705,10.05143416],[-62.83758843,10.05994928],[-62.83867323,10.07099807],[-62.83879411,10.07126105],[-62.84283566,10.07484782],[-62.84311974,10.07500577],[-62.84739101,10.07609928],[-62.84825993,10.07610381],[-62.85141146,10.07566905],[-62.85312808,10.07470274],[-62.85458612,10.07319057],[-62.85543597,10.07098961],[-62.85703278,10.05959415],[-62.85815394,10.05649233],[-62.86034143,10.05312336],[-62.86410272,10.05065024],[-62.86565864,10.05000615],[-62.86833036,10.04954123],[-62.87121737,10.04947436],[-62.87685132,10.04976058],[-62.87968945,10.05003476],[-62.8949604,10.05332458],[-62.89590812,10.05360377],[-62.90088582,10.05668056],[-62.90245533,10.05820167],[-62.90302682,10.05959356],[-62.90254652,10.06383455],[-62.89742517,10.07185662],[-62.89519918,10.08001196],[-62.89754164,10.09031475],[-62.89779818,10.09098613],[-62.89961147,10.09261227],[-62.90185344,10.09345686],[-62.90423274,10.09367657],[-62.90710843,10.09315264],[-62.91132426,10.09144366],[-62.92162001,10.08426845],[-62.9296875,10.07645094],[-62.93052268,10.07509255],[-62.93310261,10.07401764],[-62.93443644,10.07400692],[-62.93689787,10.07454097],[-62.93888831,10.07734346],[-62.94013917,10.07993746],[-62.94077885,10.08532476],[-62.94491494,10.09093332],[-62.95210016,10.09407795],[-62.96006465,10.09457994],[-62.96835887,10.09104645],[-62.96876335,10.09079075],[-62.96980691,10.08909917],[-62.97032475,10.08774185],[-62.96966243,10.07553685],[-62.97023821,10.073439],[-62.97315371,10.06929755],[-62.97433138,10.06839085],[-62.97954667,10.06675816],[-62.98563623,10.0695039],[-62.98857915,10.07245982],[-62.99958992,10.08786225],[-63.00325286,10.09148824],[-63.02151382,10.09986842],[-63.02816534,10.10613787],[-63.03434157,10.11406767],[-63.04371154,10.11886156],[-63.04625475,10.12168658],[-63.04646015,10.12204754],[-63.04717875,10.12635076],[-63.04416704,10.13548505],[-63.04416645,10.13852465],[-63.04598475,10.14223588],[-63.05374002,10.15025258],[-63.05742121,10.15727937],[-63.05744386,10.16362154],[-63.05363905,10.17039275],[-63.05408525,10.17312324],[-63.06276047,10.17513776],[-63.06621313,10.17944825],[-63.06602156,10.18509567],[-63.06308687,10.19298637],[-63.06210852,10.19305515],[-63.06172192,10.19291544],[-63.06148624,10.19190884],[-63.06422007,10.18536317],[-63.06449294,10.1840322],[-63.06478441,10.17984724],[-63.06421435,10.17844057],[-63.06184697,10.17626214],[-63.05570841,10.17549455],[-63.05432487,10.17506945],[-63.05182815,10.17348576],[-63.05168951,10.17308176],[-63.05183423,10.16940653],[-63.05511594,10.16301513],[-63.0557214,10.15895236],[-63.05300963,10.15262103],[-63.04859853,10.14737284],[-63.04558575,10.14630413],[-63.04307246,10.14126205],[-63.04246664,10.13666666],[-63.0446732,10.12787807],[-63.04467082,10.12374187],[-63.04391646,10.12233603],[-63.04245341,10.12050474],[-63.04173815,10.1199429],[-63.03378844,10.11603344],[-63.02024233,10.10161364],[-63.00140536,10.09246945],[-62.98743022,10.07406175],[-62.98242128,10.0697968],[-62.97960675,10.06898975],[-62.97919154,10.06898975],[-62.97649074,10.0696913],[-62.97546208,10.070068],[-62.9727869,10.07267606],[-62.97182035,10.07435822],[-62.97169006,10.07472777],[-62.97237575,10.08777904],[-62.97058856,10.09146535],[-62.96693194,10.09419131],[-62.96439326,10.09521115],[-62.95798182,10.09717548],[-62.95750904,10.09715843],[-62.94922638,10.09539473],[-62.9449923,10.09344316],[-62.94199646,10.09114432],[-62.94037175,10.08915973],[-62.93634152,10.07797396],[-62.9357177,10.07701135],[-62.93403125,10.0759927],[-62.93372512,10.07608914],[-62.93123543,10.07736194],[-62.9296875,10.07896197],[-62.9296875,10.07924104],[-62.92355597,10.08552372],[-62.91031885,10.09418011],[-62.91001475,10.09436655],[-62.90434766,10.09589708],[-62.90248871,10.09576392],[-62.89892805,10.09483254],[-62.89628434,10.09273195],[-62.89584303,10.0918833],[-62.8933537,10.08455265],[-62.89305592,10.08298266],[-62.892928,10.07938135],[-62.89317298,10.07630801],[-62.89461565,10.07249832],[-62.90018713,10.06396556],[-62.90047491,10.06275475],[-62.9000324,10.05974925],[-62.89929056,10.05866504],[-62.89638138,10.05696535],[-62.88931215,10.05443776],[-62.88411617,10.05321145],[-62.87031782,10.05205965],[-62.86560345,10.05278146],[-62.86521483,10.05296087],[-62.86226034,10.0554589],[-62.86185372,10.05597877],[-62.86035061,10.05878937],[-62.86006606,10.05968773],[-62.85798347,10.0714941],[-62.85562527,10.07606637],[-62.85442603,10.07726014],[-62.85169506,10.07831383],[-62.85051072,10.0785284],[-62.84649587,10.07831955],[-62.84091496,10.07660723],[-62.8402667,10.07621717],[-62.83849275,10.07490933],[-62.83567786,10.07055676],[-62.83418894,10.05539155],[-62.82908714,10.04303634],[-62.82766974,10.0409255],[-62.82558918,10.03859162],[-62.82156086,10.03642046],[-62.81880164,10.03580117],[-62.81172013,10.03550208],[-62.79354358,10.03499925],[-62.79203844,10.03561032],[-62.79141235,10.03787935],[-62.79314184,10.04757237],[-62.79248297,10.05600262],[-62.78650665,10.07135224],[-62.7803514,10.07905853],[-62.77266967,10.08396316],[-62.76502025,10.08690512],[-62.75564945,10.08811843],[-62.74912477,10.08645415],[-62.74275351,10.08156347],[-62.73474026,10.06826782],[-62.73208952,10.06589544],[-62.72721457,10.06420362],[-62.70546043,10.06421375],[-62.67656934,10.06880081],[-62.66996241,10.0705471],[-62.66782844,10.0714339],[-62.66413808,10.07342911],[-62.65962577,10.07730246],[-62.63842821,10.09829044],[-62.62324703,10.10607326],[-62.61830056,10.11249423],[-62.61587393,10.11904144],[-62.61587405,10.11950147],[-62.61649477,10.12226427],[-62.62173951,10.12886965],[-62.63007975,10.1660254],[-62.64618337,10.17772615],[-62.64640105,10.17793226],[-62.65685666,10.18854022],[-62.66112876,10.1953125],[-62.66119576,10.1953125],[-62.66268981,10.19766295],[-62.66275501,10.19797444],[-62.66210723,10.20086515],[-62.66224086,10.20129216],[-62.66751981,10.21292734],[-62.6693176,10.22594786],[-62.66826141,10.22751725],[-62.66937578,10.22948182],[-62.66938734,10.24496877],[-62.66807616,10.25763714],[-62.6683166,10.26163864],[-62.669909,10.26996422],[-62.67228293,10.27788436],[-62.67269111,10.27867901],[-62.67621911,10.28134048],[-62.67818177,10.28411627],[-62.67911887,10.2866137],[-62.67927444,10.2899127],[-62.67897975,10.29534721],[-62.68454432,10.29877508],[-62.68723142,10.30271006],[-62.68423974,10.32016075],[-62.68516386,10.32576466],[-62.68590975,10.32711053],[-62.68657196,10.32773566],[-62.68999457,10.32921147],[-62.69587052,10.32874405],[-62.70273626,10.3268193],[-62.70721376,10.32675934],[-62.71033275,10.32787883],[-62.71134651,10.32888353],[-62.71392286,10.33310795],[-62.71680236,10.34639192],[-62.71965027,10.35270345],[-62.72126961,10.35517061],[-62.72265267,10.35608554],[-62.72343886,10.35621333],[-62.72484624,10.35571361],[-62.73140812,10.34852862],[-62.73446584,10.34603131],[-62.73854065,10.34409785],[-62.74585903,10.34451592],[-62.75360394,10.34956455],[-62.75748825,10.35085118],[-62.77122974,10.34942806],[-62.77342248,10.34714746],[-62.77630305,10.33695662],[-62.77730167,10.33802032],[-62.77514005,10.34820592],[-62.77326333,10.35087645],[-62.79348767,10.36014283],[-62.79849863,10.35969293],[-62.80058634,10.35846663],[-62.80629516,10.36297655],[-62.80868542,10.36362088],[-62.80834031,10.36589265],[-62.80486202,10.36846745],[-62.80540597,10.36967754],[-62.81260896,10.36635196],[-62.81383407,10.36476004],[-62.82057691,10.36653316],[-62.82763875,10.36612177],[-62.81590092,10.36723995],[-62.81542957,10.37109375],[-62.8150537,10.37109375],[-62.81391871,10.37109375],[-62.81146944,10.36977065],[-62.80975926,10.37109375],[-62.80881131,10.37109375],[-62.80843294,10.37136352],[-62.80796003,10.37134492],[-62.80767632,10.37109375],[-62.80682504,10.37109375],[-62.80573034,10.37196445],[-62.80513835,10.37186992],[-62.80398762,10.37109375],[-62.80283987,10.37063253],[-62.80232274,10.37026441],[-62.79827666,10.36523426],[-62.79572785,10.36524045],[-62.79086804,10.36294901],[-62.78745115,10.35975015],[-62.77606595,10.35466075],[-62.77513444,10.35431576],[-62.76681352,10.35199201],[-62.75615525,10.35351765],[-62.75246978,10.35235941],[-62.74631166,10.34768355],[-62.74163425,10.34661031],[-62.73984015,10.34673011],[-62.73505342,10.34880066],[-62.73325086,10.35034311],[-62.72838116,10.35694277],[-62.72473454,10.35930514],[-62.7243216,10.36005712],[-62.72331774,10.36432147],[-62.72370565,10.36932802],[-62.72413683,10.37109375],[-62.72425473,10.37109375],[-62.72825706,10.38127804],[-62.72964525,10.38343227],[-62.73092043,10.38445795],[-62.74649942,10.38956547],[-62.75828791,10.39908695],[-62.78004491,10.4091506],[-62.78648436,10.41380358],[-62.79310191,10.4204452],[-62.79583657,10.42152023],[-62.79913378,10.41978145],[-62.80828536,10.39728224],[-62.81236756,10.39031804],[-62.81914377,10.38370097],[-62.82912028,10.37893558],[-62.84946716,10.37859774],[-62.85439503,10.37728906],[-62.86207223,10.37437904],[-62.86377847,10.37165725],[-62.86470938,10.37109375],[-62.86532891,10.37109375],[-62.86678874,10.36930275],[-62.8699851,10.36809695],[-62.87781835,10.37073243],[-62.88342631,10.36889112],[-62.88621736,10.36892486],[-62.88702464,10.36950624],[-62.88826036,10.37109375],[-62.88829374,10.37109375],[-62.8916831,10.37802148],[-62.89452791,10.38043368],[-62.90476286,10.39724052],[-62.90967453,10.40258455],[-62.91342103,10.40471518],[-62.91739035,10.40562606],[-62.91788793,10.40562367],[-62.9296875,10.40318084],[-62.94558501,10.4008913],[-62.94602084,10.40072584],[-62.94991601,10.39842665],[-62.95091796,10.39690614],[-62.95287097,10.39191747],[-62.95380604,10.37109375],[-62.95378637,10.37109375],[-62.9527477,10.36413503],[-62.95024931,10.36243784],[-62.94039965,10.36071122],[-62.93737316,10.3583976],[-62.93569815,10.3500694],[-62.93963873,10.34332228],[-62.93697476,10.33828735],[-62.93314445,10.31843376],[-62.9296875,10.31054676],[-62.92954564,10.31054676],[-62.92328084,10.30581784],[-62.92292666,10.30562484],[-62.92025423,10.3054322],[-62.92141771,10.30393577],[-62.92013586,10.30016863],[-62.92012501,10.29473937],[-62.92369843,10.29139686],[-62.92596424,10.28832042],[-62.92784762,10.28503275],[-62.92822754,10.28393996],[-62.92786086,10.28103626],[-62.92887676,10.27873015],[-62.9296875,10.27929676],[-62.93084705,10.27950275],[-62.9357537,10.2782464],[-62.94014478,10.2809937],[-62.94144595,10.28068745],[-62.93896723,10.27538025],[-62.93925953,10.27538454],[-62.94195461,10.27757752],[-62.94377101,10.28175688],[-62.94418383,10.28218055],[-62.94607735,10.28239465],[-62.94863582,10.27511811],[-62.94591916,10.26474583],[-62.94719398,10.26293588],[-62.94757116,10.26287973],[-62.94917107,10.27090335],[-62.95166123,10.26619995],[-62.95263934,10.26628804],[-62.95052063,10.27248704],[-62.95175171,10.27486885],[-62.95633185,10.27272153],[-62.95781636,10.26621664],[-62.95899785,10.26599181],[-62.95853472,10.27138805],[-62.95522392,10.27418303],[-62.95397532,10.27704024],[-62.95373666,10.28255296],[-62.95650995,10.28783846],[-62.96864355,10.28365076],[-62.96900082,10.28329682],[-62.97401965,10.26571321],[-62.97427511,10.26558077],[-62.97467113,10.26875746],[-62.97744572,10.26701844],[-62.98043466,10.26648653],[-62.98068595,10.26664126],[-62.97581625,10.27011573],[-62.97366273,10.27329695],[-62.97150636,10.28083014],[-62.9718194,10.28114915],[-62.97724998,10.27854383],[-62.98143661,10.27789307],[-62.9894464,10.27710176],[-62.99025202,10.27746296],[-62.99026155,10.27832675],[-62.99003243,10.27855694],[-62.98165321,10.2799015],[-62.96684384,10.28876054],[-62.96398747,10.28907597],[-62.95947194,10.2911489],[-62.95934784,10.29150164],[-62.95932174,10.29372716],[-62.96142876,10.29297531],[-62.96093237,10.29609776],[-62.96211362,10.29525268],[-62.96179998,10.29811704],[-62.96276975,10.2988348],[-62.96093977,10.30349827],[-62.96237624,10.31093514],[-62.96960378,10.31180978],[-62.97082436,10.30734718],[-62.97208714,10.30781817],[-62.97121406,10.31239617],[-62.97311401,10.31854177],[-62.97111142,10.32068694],[-62.9703902,10.32493913],[-62.97062206,10.32529771],[-62.97168374,10.32547295],[-62.97644675,10.32334197],[-62.98143172,10.32412005],[-62.98690951,10.32342422],[-62.99004674,10.32101095],[-62.99497426,10.31208301],[-63.00067735,10.30785572],[-63.0053215,10.30760467],[-62.99582076,10.31341255],[-62.99257803,10.32145345],[-62.99055386,10.3230201],[-62.98261487,10.3258152],[-62.97406244,10.32620347],[-62.96867764,10.32959366],[-62.96433425,10.33466923],[-62.96288896,10.33833957],[-62.96285045,10.34467423],[-62.95752752,10.35209191],[-62.95299721,10.35248876],[-62.95204294,10.35235393],[-62.94708812,10.35047591],[-62.94464445,10.35045445],[-62.94221795,10.35168862],[-62.94227886,10.35200536],[-62.95149052,10.35430121],[-62.95265758,10.35491765],[-62.95788276,10.36118472],[-62.95988381,10.36112845],[-62.95922744,10.36396468],[-62.96087444,10.37109375],[-62.96118343,10.37109375],[-62.96166265,10.38004613],[-62.96132231,10.39358914],[-62.96182752,10.39719355],[-62.96194077,10.39748323],[-62.96303308,10.39842641],[-62.96380627,10.39875233],[-62.96735883,10.39952505],[-62.97545087,10.39946628],[-62.97789371,10.39849532],[-62.97838557,10.39823425],[-62.98158026,10.39630055],[-62.99302053,10.38268733],[-62.99594164,10.38300657],[-63.00406504,10.38721788],[-63.00495327,10.38784945],[-63.00784993,10.39294541],[-63.00805652,10.39349425],[-63.00853908,10.39902925],[-63.0076524,10.40250826],[-63.00737524,10.4030354],[-63.00179803,10.41112554],[-63.00084591,10.41280937],[-63.00052786,10.4150418],[-63.00066221,10.41533005],[-63.00282943,10.41726565],[-63.00340462,10.41756165],[-63.00710404,10.41849637],[-63.01352584,10.41793931],[-63.02150941,10.41492975],[-63.02601016,10.41489291],[-63.02917063,10.41668534],[-63.03126895,10.42368865],[-63.02903175,10.4384948],[-63.03691375,10.44656777],[-63.03802514,10.44873464],[-63.03828835,10.44980276],[-63.03757274,10.45439577],[-63.03729761,10.45482731],[-63.03336692,10.45923376],[-63.03050041,10.46031237],[-63.02510846,10.46174502],[-63.01938701,10.46198165],[-63.01639354,10.46142757],[-63.01474357,10.46088433],[-63.01377225,10.46027231],[-63.00890505,10.45102012],[-63.00863004,10.45060551],[-63.00476146,10.44645846],[-62.99842,10.44579601],[-62.99347043,10.44950402],[-62.99094367,10.45422792],[-62.98680913,10.45866585],[-62.97384906,10.46862912],[-62.96588755,10.47177136],[-62.95423186,10.47454774],[-62.94603515,10.47937357],[-62.94486356,10.48028088],[-62.93993914,10.48596704],[-62.93766916,10.48929882],[-62.9296875,10.50279021],[-62.91946185,10.51904738],[-62.91164994,10.52366376],[-62.91045725,10.52420723],[-62.88549387,10.53143954],[-62.86764944,10.53270996],[-62.85158885,10.53974414],[-62.83733594,10.53942204],[-62.83504331,10.53883696],[-62.83281851,10.53667724],[-62.83059025,10.53572714],[-62.82797337,10.53559327],[-62.82769775,10.53565335],[-62.81929862,10.53854871],[-62.80540633,10.546875],[-62.80427134,10.546875],[-62.79721534,10.55068576],[-62.79227817,10.55553317],[-62.79142225,10.55593252],[-62.78228807,10.55905998],[-62.77672291,10.55934525],[-62.76838684,10.56203735],[-62.76628506,10.56119478],[-62.75985563,10.56161356],[-62.75650644,10.55991185],[-62.75603831,10.55995464],[-62.75529897,10.56096411],[-62.75545371,10.56157327],[-62.75681174,10.56446183],[-62.7567414,10.56507695],[-62.75345445,10.57011056],[-62.74137795,10.57638955],[-62.73573875,10.57724071],[-62.72832155,10.58182764],[-62.72841716,10.58039021],[-62.7326318,10.57762504],[-62.74390006,10.57416475],[-62.75281763,10.56942356],[-62.75510955,10.56587541],[-62.75421691,10.56197858],[-62.75401807,10.56152236],[-62.74785793,10.55644381],[-62.73312056,10.55991626],[-62.72329354,10.55828333],[-62.7180742,10.55968034],[-62.68982446,10.56032705],[-62.68282712,10.56538725],[-62.68166554,10.56818295],[-62.67250144,10.57622361],[-62.66718745,10.57634842],[-62.66337812,10.57770765],[-62.66210926,10.57704306],[-62.65841842,10.57775795],[-62.65177846,10.57602775],[-62.64775968,10.57565296],[-62.6432358,10.57607496],[-62.63893116,10.57518625],[-62.63866055,10.57511246],[-62.63496637,10.57265377],[-62.62450898,10.57338917],[-62.62054372,10.57150984],[-62.61637914,10.57169366],[-62.60829866,10.56894982],[-62.60422361,10.56886613],[-62.59245551,10.5648787],[-62.578125,10.56529021],[-62.57741523,10.56526077],[-62.5705502,10.56245983],[-62.56718087,10.55908167],[-62.54959273,10.55192781],[-62.54422426,10.55184054],[-62.54131508,10.54999554],[-62.53793836,10.55196571],[-62.53598916,10.55013168],[-62.53173315,10.54879856],[-62.53045535,10.546875],[-62.53017175,10.546875],[-62.52894235,10.54390097],[-62.52790105,10.54342115],[-62.52708542,10.54331875],[-62.52295065,10.54432213],[-62.51938927,10.546875],[-62.51882184,10.546875],[-62.51887035,10.54701805],[-62.51552546,10.54829836],[-62.51227307,10.54760337],[-62.51172805,10.546875],[-62.51144445,10.546875],[-62.51059103,10.54611337],[-62.50808954,10.54663086],[-62.50775576,10.546875],[-62.50747204,10.546875],[-62.50343895,10.55168295],[-62.50267518,10.55204356],[-62.49706292,10.55332947],[-62.49213791,10.55111575],[-62.49036777,10.55254674],[-62.48753595,10.55350316],[-62.48550105,10.55338967],[-62.48513937,10.5532099],[-62.48357463,10.55094612],[-62.48097146,10.55129445],[-62.47851014,10.54832482],[-62.47298777,10.55130994],[-62.46744335,10.55238175],[-62.46385646,10.5492264],[-62.46333015,10.54896581],[-62.45774186,10.5482409],[-62.45639753,10.546875],[-62.45174396,10.53805268],[-62.44690132,10.53748047],[-62.44051898,10.53323984],[-62.43770385,10.53371251],[-62.43527412,10.53565967],[-62.4331665,10.53412914],[-62.42992246,10.53460991],[-62.42512083,10.53935373],[-62.42236555,10.54066217],[-62.4172405,10.546875],[-62.4169569,10.546875],[-62.4169625,10.54702067],[-62.41011405,10.55099106],[-62.40818524,10.55099463],[-62.40768182,10.55088222],[-62.40503931,10.546875],[-62.40414762,10.54663086],[-62.4036206,10.546875],[-62.39682293,10.55241871],[-62.39191353,10.55443811],[-62.38134098,10.55023026],[-62.37723207,10.546875],[-62.37694836,10.546875],[-62.37505198,10.54495144],[-62.36524797,10.54157376],[-62.36374783,10.54048252],[-62.3624233,10.53861141],[-62.36160076,10.53478825],[-62.35958207,10.53251886],[-62.35070705,10.5342741],[-62.34807622,10.53239155],[-62.34587514,10.53220057],[-62.34546626,10.53229237],[-62.34089363,10.5346539],[-62.33890593,10.53434968],[-62.33265257,10.53973651],[-62.32399237,10.53830731],[-62.32192886,10.53882015],[-62.31908703,10.54358137],[-62.31565905,10.546875],[-62.31509161,10.546875],[-62.31509161,10.54701436],[-62.31494963,10.54715395],[-62.31480765,10.54701436],[-62.31480765,10.546875],[-62.31424034,10.546875],[-62.31091142,10.5551331],[-62.30604315,10.56190085],[-62.29831994,10.56366396],[-62.29830313,10.56609654],[-62.29679823,10.56814945],[-62.29126465,10.56683707],[-62.29129815,10.56865716],[-62.29456568,10.56910312],[-62.29386127,10.57335615],[-62.29476416,10.57477105],[-62.29359007,10.57475364],[-62.29285252,10.57263303],[-62.2898705,10.56982994],[-62.28834367,10.56618011],[-62.28877854,10.57026184],[-62.29255915,10.57462633],[-62.28660691,10.58902097],[-62.28411377,10.59359062],[-62.28266644,10.59580195],[-62.28087676,10.59673846],[-62.27749801,10.5968672],[-62.27548993,10.59957385],[-62.27272356,10.599141],[-62.27022946,10.60834467],[-62.26603055,10.61300194],[-62.26459765,10.61679602],[-62.25591612,10.62944293],[-62.25368416,10.63003457],[-62.25204825,10.63297391],[-62.24903011,10.63509142],[-62.24635625,10.63345683],[-62.24032664,10.63470507],[-62.23743391,10.63314497],[-62.23464358,10.63443434],[-62.23127103,10.63371694],[-62.22781837,10.63449717],[-62.2265625,10.63392854],[-62.22100496,10.63149035],[-62.20947063,10.63607776],[-62.20540452,10.63456905],[-62.20252907,10.63534045],[-62.20123041,10.63283181],[-62.19913495,10.63389754],[-62.19482327,10.63309145],[-62.18705654,10.63322055],[-62.18484604,10.63414621],[-62.18044877,10.63390136],[-62.17873251,10.63641787],[-62.17657197,10.63693225],[-62.17337418,10.63592064],[-62.17192674,10.63674545],[-62.16424394,10.63588226],[-62.15996313,10.63836372],[-62.15661025,10.63869786],[-62.15555525,10.6424793],[-62.15416145,10.64278996],[-62.15198433,10.63642097],[-62.14924407,10.63615167],[-62.14578915,10.63365686],[-62.14254952,10.63379955],[-62.14069426,10.63556933],[-62.13813233,10.63286102],[-62.13562262,10.63390183],[-62.13338685,10.63309562],[-62.13276076,10.63855731],[-62.13022804,10.63972974],[-62.12863195,10.63899744],[-62.12707651,10.63448846],[-62.12237096,10.63324988],[-62.12021124,10.63131654],[-62.11953545,10.63390386],[-62.11729443,10.63446403],[-62.11328435,10.62920725],[-62.11244285,10.62927926],[-62.11201656,10.63141036],[-62.10810161,10.63413954],[-62.10620463,10.63152635],[-62.10526836,10.63118172],[-62.1033895,10.63092947],[-62.10151255,10.63102925],[-62.10106504,10.63117623],[-62.09987402,10.63261676],[-62.09471154,10.63150823],[-62.09404647,10.63318276],[-62.09319663,10.63356805],[-62.09264696,10.63355994],[-62.09122896,10.63346386],[-62.08968687,10.63115156],[-62.0876708,10.63005722],[-62.08644855,10.62983477],[-62.08182955,10.62981355],[-62.07970047,10.63090026],[-62.07664895,10.63007534],[-62.07343566,10.63094711],[-62.07782817,10.63792098],[-62.07520163,10.64011621],[-62.07522941,10.64122665],[-62.07418275,10.64138532],[-62.07361102,10.64138591],[-62.06609428,10.63988817],[-62.06441045,10.63313556],[-62.06326175,10.63213146],[-62.05937028,10.63516283],[-62.05690634,10.63425148],[-62.05495346,10.63487601],[-62.05595767,10.63795865],[-62.05524421,10.64004374],[-62.05235374,10.63929617],[-62.05164003,10.64095163],[-62.04879665,10.64087355],[-62.04673922,10.63882196],[-62.04748094,10.63634336],[-62.04607081,10.63434672],[-62.04642045,10.63256705],[-62.04225814,10.63125634],[-62.04067051,10.63246882],[-62.03462315,10.63122082],[-62.02662468,10.63430464],[-62.02637434,10.63714194],[-62.02798355,10.64019954],[-62.02439284,10.64397252],[-62.01833355,10.64532495],[-62.01520085,10.64448035],[-62.01326752,10.63794494],[-62.01053202,10.63848805],[-62.00776911,10.6408267],[-62.00546002,10.64012456],[-62.002967,10.64166975],[-61.99713886,10.64093804],[-61.99543095,10.64351094],[-61.99110913,10.64562702],[-61.9907279,10.65016556],[-61.98776054,10.65175605],[-61.98319984,10.65129495],[-61.98071182,10.64435065],[-61.97581911,10.64174807],[-61.96981263,10.64259684],[-61.96707487,10.64445496],[-61.96077681,10.64205194],[-61.95833433,10.64260387],[-61.95415533,10.64416838],[-61.94960272,10.65018594],[-61.94650996,10.64855742],[-61.94512236,10.64889562],[-61.94251561,10.65390062],[-61.94307542,10.65670431],[-61.93951154,10.66041553],[-61.93553746,10.66088784],[-61.93321991,10.66417563],[-61.93088961,10.66379595],[-61.93105376,10.66059256],[-61.92958164,10.65766001],[-61.92520261,10.65631485],[-61.91872752,10.65715528],[-61.91768801,10.65900445],[-61.90950131,10.66212606],[-61.90929484,10.66408205],[-61.90521705,10.66364121],[-61.90148044,10.66486907],[-61.90181601,10.66665351],[-61.90438962,10.66658032],[-61.90685368,10.66944575],[-61.90901566,10.67009056],[-61.90821683,10.67374551],[-61.90988922,10.67619812],[-61.90809906,10.67787671],[-61.90626431,10.67697883],[-61.9054507,10.67758954],[-61.90583217,10.68331635],[-61.90300322,10.68529213],[-61.90050721,10.69182467],[-61.89712775,10.69547272],[-61.89546394,10.69423163],[-61.89960957,10.68236208],[-61.89880431,10.67846525],[-61.89957476,10.67679632],[-61.89257967,10.67248464],[-61.89062583,10.67560124],[-61.88783276,10.67590857],[-61.88798857,10.68280256],[-61.88385355,10.6831212],[-61.88232672,10.68694103],[-61.88375282,10.68909144],[-61.88432252,10.69330955],[-61.88160765,10.69696796],[-61.87727237,10.69991887],[-61.87720621,10.7001878],[-61.87707567,10.70211196],[-61.87980592,10.70425975],[-61.87704647,10.71053088],[-61.8785609,10.71312428],[-61.87757754,10.71674311],[-61.87861216,10.71854603],[-61.876724,10.72079325],[-61.87812126,10.72265625],[-61.87869155,10.72265625],[-61.8787446,10.72278905],[-61.87684238,10.72333956],[-61.875,10.7265625],[-61.875,10.72628343],[-61.86903656,10.72265625],[-61.86846852,10.72265625],[-61.86806226,10.72433305],[-61.86407018,10.72731733],[-61.86213732,10.73087275],[-61.85719442,10.7277981],[-61.85725606,10.73177755],[-61.85408044,10.73099697],[-61.84778476,10.73345017],[-61.84735966,10.7342087],[-61.84747636,10.73452306],[-61.85065508,10.73747373],[-61.86043942,10.73997796],[-61.86409473,10.74236441],[-61.86487782,10.74424148],[-61.86135685,10.74661851],[-61.86138725,10.74859452],[-61.86665714,10.74600256],[-61.86783183,10.74180794],[-61.87436903,10.73794961],[-61.87466264,10.73759735],[-61.875,10.73660708],[-61.875,10.73632813],[-61.87394774,10.73453164],[-61.875,10.73186386],[-61.875,10.73158467],[-61.87660325,10.72937036],[-61.88324118,10.73133516],[-61.88575232,10.7299844],[-61.89276123,10.73041475],[-61.89401245,10.72851217],[-61.89704657,10.73097062],[-61.90200305,10.73059726],[-61.9047724,10.72871757],[-61.90605974,10.73006237],[-61.90922356,10.72929394],[-61.9103384,10.73140907],[-61.9132421,10.73167682],[-61.91409171,10.73377275],[-61.91601718,10.73330808],[-61.91726613,10.73226273],[-61.91622937,10.72641253],[-61.91637814,10.72610903],[-61.91814721,10.72426856],[-61.91816425,10.72265625],[-61.91898084,10.72265625],[-61.92012835,10.72126794],[-61.92284906,10.72112525],[-61.92434621,10.71535301],[-61.92579913,10.71408331],[-61.93372786,10.71504426],[-61.93546545,10.71678042],[-61.93926156,10.71457374],[-61.94268703,10.71762681],[-61.94437134,10.72213388],[-61.94945395,10.72137678],[-61.94996965,10.72265625],[-61.95146644,10.72332406],[-61.95788264,10.72425652],[-61.9616127,10.72265625],[-61.96182644,10.72265625],[-61.95997465,10.71863043],[-61.96000874,10.71671355],[-61.96050107,10.71601856],[-61.96287787,10.71519566],[-61.96621084,10.71532834],[-61.96777415,10.71335375],[-61.97309876,10.71438205],[-61.97836292,10.71126986],[-61.97997344,10.71450615],[-61.97973263,10.71870506],[-61.98786533,10.71882534],[-61.99048495,10.72265625],[-61.9911406,10.72373605],[-61.99208605,10.72325432],[-61.99783647,10.72524774],[-61.99922431,10.72752452],[-62.00382841,10.72661388],[-62.00390184,10.72621214],[-62.00376022,10.72549486],[-62.00022531,10.7230792],[-62.00023353,10.72265625],[-62.00041604,10.72265625],[-62.00209868,10.71930933],[-62.00009286,10.71722257],[-62.00010741,10.71327901],[-62.00375366,10.71249676],[-62.00505364,10.70917606],[-62.00700915,10.70806813],[-62.00963771,10.7087357],[-62.01243281,10.71154606],[-62.01582694,10.71050382],[-62.01688266,10.70994353],[-62.01706255,10.70738876],[-62.01957333,10.70532155],[-62.02467811,10.70927072],[-62.03134155,10.7087723],[-62.03105354,10.71183455],[-62.02634084,10.71608686],[-62.02655911,10.71704948],[-62.03664732,10.71599162],[-62.03829658,10.71721041],[-62.03977644,10.71571958],[-62.04450905,10.71659386],[-62.04506683,10.71784616],[-62.05101144,10.71704614],[-62.05141723,10.71689105],[-62.05124092,10.71552205],[-62.05392754,10.71216595],[-62.05118132,10.71052301],[-62.05093825,10.70418072],[-62.05318367,10.70233011],[-62.05701423,10.70124543],[-62.05959284,10.70309687],[-62.06332743,10.70362306],[-62.06699693,10.70279264],[-62.07003355,10.70044458],[-62.07257533,10.70197833],[-62.07462954,10.70160306],[-62.08265185,10.70587277],[-62.09161174,10.70338964],[-62.09414315,10.70016801],[-62.09595954,10.69971204],[-62.09727263,10.70020103],[-62.10014307,10.70560384],[-62.10035837,10.70888722],[-62.10440946,10.70926344],[-62.1058079,10.70785832],[-62.10731626,10.70830822],[-62.10799706,10.70559096],[-62.11185098,10.70084465],[-62.1232388,10.70253742],[-62.12793005,10.70227396],[-62.12952316,10.70085585],[-62.13898253,10.70298255],[-62.13875234,10.70466816],[-62.14240611,10.70806396],[-62.14078832,10.70155382],[-62.13937247,10.69973552],[-62.13951635,10.69855726],[-62.13979185,10.69821823],[-62.15101326,10.69409561],[-62.15131176,10.69014251],[-62.15437853,10.68769932],[-62.15537834,10.68488085],[-62.15969586,10.68369281],[-62.17041397,10.68332064],[-62.17213786,10.68493235],[-62.17953002,10.68446112],[-62.18561912,10.68602848],[-62.18725991,10.68845165],[-62.18722427,10.69152164],[-62.1887387,10.69143331],[-62.19206524,10.69717121],[-62.19525218,10.69894147],[-62.19844937,10.69896472],[-62.19947255,10.70016026],[-62.20004058,10.70027733],[-62.20094848,10.70036101],[-62.20290422,10.69850922],[-62.20519567,10.69819605],[-62.20590687,10.69603145],[-62.20894337,10.69541872],[-62.21264637,10.69607866],[-62.21330857,10.69536197],[-62.22366774,10.69764137],[-62.22500193,10.69893956],[-62.2265625,10.69893956],[-62.22979808,10.69942164],[-62.23465896,10.69819462],[-62.24263251,10.70053124],[-62.25284743,10.69367611],[-62.25477254,10.69596851],[-62.25681424,10.69664645],[-62.25751591,10.70071352],[-62.2593497,10.70080316],[-62.26073182,10.69959497],[-62.26407361,10.70057952],[-62.26659918,10.69994247],[-62.27212596,10.69450665],[-62.27489972,10.69530261],[-62.2785387,10.69124317],[-62.28286028,10.68962431],[-62.2898612,10.6934669],[-62.29099905,10.69649124],[-62.29052997,10.69866514],[-62.29494405,10.70297134],[-62.30007064,10.69605947],[-62.30042195,10.69593895],[-62.30613697,10.69751573],[-62.3076725,10.69884157],[-62.30881965,10.70118511],[-62.30687952,10.70289934],[-62.30709541,10.70473015],[-62.30913937,10.70372021],[-62.31004536,10.70662117],[-62.31041086,10.70684767],[-62.31206715,10.70724595],[-62.31242704,10.70724475],[-62.32049561,10.70370305],[-62.32453525,10.70783865],[-62.33249033,10.70959067],[-62.33304906,10.71063411],[-62.34223092,10.71036267],[-62.34445071,10.71273983],[-62.3482182,10.71123075],[-62.35013795,10.71159577],[-62.35164416,10.70922637],[-62.35479557,10.70961654],[-62.35564256,10.71057904],[-62.35494924,10.71146238],[-62.35863435,10.71308851],[-62.36121595,10.71298313],[-62.36432815,10.71487296],[-62.36492026,10.71378136],[-62.36740243,10.71444392],[-62.36848891,10.71326995],[-62.37072241,10.71348941],[-62.37438166,10.71100616],[-62.37710941,10.71180475],[-62.37852275,10.71453071],[-62.38247633,10.71672106],[-62.38614297,10.71686304],[-62.38756907,10.71548843],[-62.38989043,10.71674371],[-62.39502311,10.71674097],[-62.40160871,10.71527576],[-62.40419912,10.71692336],[-62.40919185,10.71647906],[-62.42327082,10.71950316],[-62.42665184,10.71685922],[-62.42874753,10.71700335],[-62.42962694,10.71808386],[-62.43578327,10.71970475],[-62.44031751,10.72255707],[-62.44177365,10.72422254],[-62.44232845,10.72426522],[-62.44262385,10.7239573],[-62.44238424,10.72265625],[-62.44362891,10.72265625],[-62.44469011,10.72133744],[-62.44646645,10.72265625],[-62.44678605,10.72287941],[-62.4489361,10.72290027],[-62.45185745,10.72265625],[-62.45183253,10.72195852],[-62.45314348,10.72135401],[-62.45519614,10.72230995],[-62.45602334,10.72223902],[-62.45861685,10.72119355],[-62.46141064,10.72265625],[-62.46519911,10.72419834],[-62.46711886,10.72620785],[-62.46863556,10.72631204],[-62.47119427,10.72511017],[-62.47207296,10.72382855],[-62.472808,10.72554803],[-62.47468925,10.72595322],[-62.47580171,10.72439051],[-62.47773945,10.72482753],[-62.47774446,10.72304785],[-62.47958517,10.72265625],[-62.48171926,10.72557294],[-62.48502266,10.72762454],[-62.48832226,10.72665966],[-62.48951221,10.72765923],[-62.49207687,10.72730184],[-62.49281466,10.7254709],[-62.49611068,10.72664034],[-62.49859142,10.72594583],[-62.50146925,10.72807181],[-62.50366557,10.72783244],[-62.50797594,10.72969925],[-62.51065934,10.72979605],[-62.51265705,10.72806084],[-62.51614451,10.72949564],[-62.51747882,10.7282685],[-62.51913893,10.72888672],[-62.51997781,10.73145425],[-62.52172375,10.73189783],[-62.52260637,10.73372161],[-62.52452481,10.73433936],[-62.52720511,10.7331593],[-62.53046286,10.73421955],[-62.53340161,10.73189032],[-62.53595424,10.73287415],[-62.53651953,10.73468936],[-62.53878582,10.73473871],[-62.54222774,10.73279297],[-62.54447877,10.73409653],[-62.54609525,10.73281705],[-62.55013585,10.73277342],[-62.55209422,10.73360002],[-62.55466068,10.7372297],[-62.55611682,10.73577011],[-62.5585103,10.73742914],[-62.56041646,10.73534071],[-62.56379986,10.73534966],[-62.56676781,10.73850024],[-62.56904113,10.73695207],[-62.5729779,10.73843944],[-62.57582486,10.73580003],[-62.57610774,10.73590064],[-62.578125,10.73744404],[-62.57940292,10.73744404],[-62.58383346,10.73507524],[-62.59071851,10.73803616],[-62.59277666,10.74124193],[-62.59808075,10.74100506],[-62.60033214,10.73960316],[-62.60181153,10.74015152],[-62.60436463,10.73916721],[-62.61005735,10.74173617],[-62.61389911,10.74214196],[-62.61601114,10.74129558],[-62.63195825,10.74340081],[-62.63427246,10.74606276],[-62.63663805,10.74294186],[-62.64006865,10.74196553],[-62.64100218,10.74271548],[-62.64472675,10.74231386],[-62.64778304,10.74413097],[-62.64979184,10.74224687],[-62.65435517,10.74357951],[-62.65714395,10.74250901],[-62.65833533,10.74394953],[-62.65996146,10.74407387],[-62.66505027,10.74127865],[-62.66809952,10.74296284],[-62.67034125,10.74128032],[-62.67436051,10.74280226],[-62.67874265,10.74629986],[-62.68963206,10.74561715],[-62.69443572,10.74751866],[-62.70393085,10.75596213],[-62.70505667,10.75837791],[-62.70264685,10.75947595],[-62.70237768,10.76087081],[-62.70806611,10.76214051],[-62.70826542,10.76483631],[-62.71161115,10.76584017],[-62.71560705,10.76473784],[-62.72043407,10.76136041],[-62.72401178,10.76140511],[-62.72739422,10.75842381],[-62.73054206,10.75897324],[-62.73272085,10.75612843],[-62.73450851,10.75646436],[-62.73629022,10.75214934],[-62.74080205,10.75248837],[-62.74173546,10.74933112],[-62.74589157,10.74974108],[-62.74863541,10.74747395],[-62.74839592,10.74549305],[-62.74994254,10.74266708],[-62.75715673,10.73763835],[-62.75748861,10.7375046],[-62.76075482,10.73710251],[-62.76313543,10.73549104],[-62.76680231,10.73604262],[-62.77111304,10.73357022],[-62.78417373,10.73385072],[-62.78816974,10.73115396],[-62.79082501,10.73186088],[-62.79313076,10.72912753],[-62.79461992,10.72960103],[-62.79974651,10.72777283],[-62.80487406,10.72869015],[-62.80490315,10.72605395],[-62.80700982,10.72265625],[-62.80682504,10.72265625],[-62.8075273,10.72153306],[-62.81275165,10.72163284],[-62.81316936,10.72145951],[-62.81477344,10.71933556],[-62.82463837,10.72023964],[-62.82577491,10.71884716],[-62.82801211,10.71863437],[-62.82701087,10.71650517],[-62.83107042,10.71562183],[-62.83220792,10.71387243],[-62.83391595,10.71416295],[-62.83790517,10.71170604],[-62.8386451,10.71155035],[-62.84333456,10.71226764],[-62.84743607,10.71400511],[-62.84711707,10.71051896],[-62.84981275,10.70845616],[-62.85706353,10.70877016],[-62.85860336,10.71020234],[-62.86046255,10.7082895],[-62.87024891,10.70347536],[-62.87161684,10.70015633],[-62.8739686,10.69872081],[-62.88551986,10.69936276],[-62.88923693,10.70217264],[-62.8923316,10.70197952],[-62.89529347,10.70098054],[-62.89727545,10.69842887],[-62.89742124,10.6960932],[-62.90171266,10.69406354],[-62.90343738,10.69200027],[-62.90937304,10.6932919],[-62.91281235,10.6955384],[-62.9187057,10.69631886],[-62.92044723,10.69767714],[-62.92357922,10.69657624],[-62.9296875,10.69893956],[-62.93648434,10.6988672],[-62.94047356,10.69689751],[-62.95126832,10.70082736],[-62.95429587,10.70008385],[-62.96000791,10.70159292],[-62.96462691,10.69984877],[-62.97094417,10.70261693],[-62.97989416,10.71057928],[-62.98337185,10.71012664],[-62.98513603,10.71120811],[-62.98689687,10.70986092],[-62.99000144,10.71154165],[-62.99459004,10.71479213],[-62.99442601,10.71858346],[-63.00057316,10.71970773],[-63.00090802,10.72265625],[-63.00039744,10.72265625],[-63.00038576,10.72305667],[-63.00164938,10.72410846],[-63.00315702,10.72391474],[-63.00323725,10.72265625],[-63.00346172,10.72265625],[-63.00728297,10.7200489],[-63.01003265,10.71999133],[-63.0107789,10.71794116],[-63.01359236,10.71697247],[-63.01185691,10.71582305],[-63.01154935,10.71387875],[-63.01491785,10.71140146],[-63.02949691,10.70973587],[-63.03177631,10.70764971],[-63.03595924,10.70938396],[-63.03737521,10.71154344],[-63.04014671,10.71069872],[-63.04223585,10.71149087],[-63.05242145,10.71779823],[-63.05648696,10.71527207],[-63.06076944,10.71431577],[-63.06913185,10.71586907],[-63.07034385,10.71176493],[-63.07553112,10.71029258],[-63.07300603,10.70965731],[-63.07311296,10.70839834],[-63.08310783,10.70888817],[-63.08582604,10.71042252],[-63.08722985,10.71283805],[-63.09780085,10.70875597],[-63.10691035,10.70823503],[-63.1155076,10.70460284],[-63.11501527,10.70106447],[-63.11837637,10.70041657],[-63.11905217,10.70048773],[-63.13096476,10.70390546],[-63.13363945,10.70266104],[-63.13640916,10.70378363],[-63.14140785,10.70834565],[-63.14402735,10.70852184],[-63.14531314,10.70679212],[-63.14749956,10.70752633],[-63.15373254,10.71294641],[-63.15590334,10.71582174],[-63.15798843,10.72052527],[-63.15686846,10.72265625],[-63.15570533,10.72385442],[-63.15533078,10.72391856],[-63.1500324,10.72354591],[-63.15128446,10.72615492],[-63.15541232,10.72762966],[-63.15930295,10.72637916],[-63.16572905,10.72738791],[-63.16772234,10.72674155],[-63.1673398,10.72330701],[-63.16497934,10.72382414],[-63.16434205,10.72544086],[-63.1628319,10.72265625],[-63.16268432,10.72241211],[-63.16150868,10.72265625],[-63.16092837,10.72235382],[-63.15954065,10.72084105],[-63.15941155,10.72054803],[-63.15961874,10.71838653],[-63.16182184,10.71442556],[-63.16193676,10.71432126],[-63.16318727,10.71385527],[-63.16616917,10.71484566],[-63.16660595,10.71201324],[-63.17044973,10.70960987],[-63.18687224,10.70581508],[-63.19113195,10.70223725],[-63.19977474,10.70017314],[-63.20229435,10.69762683],[-63.20904732,10.69527137],[-63.21418285,10.69502163],[-63.21675813,10.69145596],[-63.22139692,10.69105828],[-63.22398746,10.68853903],[-63.22850156,10.68849516],[-63.22890043,10.68826461],[-63.23128974,10.68611002],[-63.22844315,10.68425417],[-63.22896385,10.68180013],[-63.23337173,10.67525315],[-63.24001825,10.67447352],[-63.24459505,10.67717636],[-63.24408746,10.67332256],[-63.24456644,10.67209017],[-63.24538755,10.67174864],[-63.25144315,10.67236388],[-63.25164986,10.67076492],[-63.25354803,10.66989517],[-63.25537694,10.67011845],[-63.26109612,10.67252028],[-63.26174045,10.67265141],[-63.26471996,10.67212164],[-63.26870477,10.67636132],[-63.27103496,10.67711306],[-63.27286673,10.67599881],[-63.27267921,10.67355633],[-63.27492893,10.6719352],[-63.27312565,10.66765606],[-63.27398646,10.66583943],[-63.27426076,10.66556835],[-63.27834582,10.66385543],[-63.28125,10.6640625],[-63.28701246,10.66415417],[-63.29268122,10.66566515],[-63.29666185,10.66704082],[-63.30240512,10.66956985],[-63.30272436,10.66974521],[-63.30345821,10.67137563],[-63.30511773,10.67056823],[-63.30767274,10.67135668],[-63.30894256,10.67371118],[-63.31181991,10.67318666],[-63.31268883,10.67355525],[-63.31508601,10.67505038],[-63.31561768,10.67580295],[-63.31580865,10.67638206],[-63.31512296,10.67844391],[-63.31932843,10.67863917],[-63.32368076,10.68029237],[-63.32580817,10.68351674],[-63.32749844,10.68258357],[-63.32530045,10.67708385],[-63.32844687,10.67560971],[-63.32852733,10.66972744],[-63.33256257,10.66827893],[-63.33796561,10.66816735],[-63.33952868,10.66845572],[-63.34793627,10.67162764],[-63.35523403,10.67587662],[-63.35726047,10.67785406],[-63.35751104,10.68102181],[-63.36105883,10.68424165],[-63.36172462,10.68989897],[-63.36377466,10.68884003],[-63.36275244,10.68319583],[-63.36737466,10.67991471],[-63.36907554,10.68064702],[-63.37079084,10.67916715],[-63.37948644,10.68197036],[-63.38519824,10.68586934],[-63.38683104,10.68881214],[-63.38523376,10.69103765],[-63.3855654,10.69221425],[-63.38779557,10.69053554],[-63.38927043,10.69067764],[-63.39048386,10.68569803],[-63.39404225,10.68026996],[-63.39635754,10.6796174],[-63.39652514,10.67711115],[-63.40010715,10.67778802],[-63.39849114,10.68579793],[-63.40180576,10.68343925],[-63.40184236,10.67871094],[-63.40719986,10.67491114],[-63.40467775,10.67299926],[-63.40443075,10.6694839],[-63.40900636,10.66555202],[-63.41313231,10.66823435],[-63.41290903,10.66608441],[-63.41607213,10.66279137],[-63.41896856,10.66457045],[-63.42222941,10.66390514],[-63.42257261,10.66129744],[-63.42514145,10.66136336],[-63.42821503,10.66313732],[-63.42989314,10.66734874],[-63.4370085,10.66838348],[-63.43738782,10.66822731],[-63.43732393,10.66085565],[-63.43349242,10.65978193],[-63.43284071,10.65890181],[-63.43286014,10.65749586],[-63.43373311,10.65551341],[-63.43487,10.65463614],[-63.43689024,10.65339661],[-63.44031835,10.65269566],[-63.44114113,10.65269518],[-63.44340897,10.65348971],[-63.44468665,10.65471423],[-63.44484556,10.65527475],[-63.44280624,10.65831685],[-63.44579983,10.65891814],[-63.44678736,10.66134691],[-63.44939327,10.6615051],[-63.45100665,10.66044831],[-63.45321262,10.66146684],[-63.45427084,10.65975821],[-63.45612836,10.65931666],[-63.4569571,10.66143405],[-63.45957065,10.65984726],[-63.46266782,10.66046524],[-63.46455431,10.66238368],[-63.46678305,10.65949214],[-63.46795821,10.65332174],[-63.46999264,10.65255284],[-63.47018921,10.65223324],[-63.46981454,10.64959085],[-63.47068167,10.64791632],[-63.47172666,10.64751923],[-63.47230208,10.6474123],[-63.47511375,10.64742041],[-63.48023498,10.65081644],[-63.48534966,10.64896953],[-63.49033225,10.65326607],[-63.49138415,10.65575755],[-63.49510694,10.65613377],[-63.49819732,10.65374684],[-63.50218093,10.65373504],[-63.50306487,10.65221357],[-63.50159275,10.65030324],[-63.49931467,10.65048003],[-63.49619961,10.64841127],[-63.49330783,10.64829552],[-63.49322164,10.64801145],[-63.49295521,10.64415121],[-63.49383175,10.64138031],[-63.49572444,10.63988292],[-63.49831092,10.63438678],[-63.50353706,10.63289392],[-63.51583958,10.63037336],[-63.52768552,10.62881935],[-63.53254151,10.62691486],[-63.54998386,10.63042343],[-63.55363286,10.63016355],[-63.5589118,10.63219035],[-63.56739676,10.62866533],[-63.57141733,10.62960672],[-63.58130658,10.63467944],[-63.58630192,10.63364196],[-63.58594394,10.63157904],[-63.5867697,10.63013566],[-63.58696723,10.62983894],[-63.58930016,10.62897766],[-63.59006834,10.62897933],[-63.59605825,10.6303308],[-63.60307503,10.63383365],[-63.60595107,10.63368034],[-63.60822785,10.63480926],[-63.61626291,10.63371563],[-63.62633824,10.63576853],[-63.63164008,10.63429224],[-63.6328125,10.63448656],[-63.6328125,10.63476563],[-63.63887823,10.63762736],[-63.64850914,10.63764453],[-63.65332925,10.63971961],[-63.66485214,10.64115345],[-63.68270504,10.64132905],[-63.69932008,10.64790893],[-63.70451951,10.65259588],[-63.71189344,10.65690517],[-63.71434247,10.65688992],[-63.72295487,10.65342987],[-63.73223734,10.65396225],[-63.73408425,10.65325236],[-63.74379063,10.65633225],[-63.74472928,10.65544236],[-63.75379264,10.65953815],[-63.76209795,10.65896583],[-63.76997912,10.66467166],[-63.78717077,10.68150115],[-63.80955911,10.70602834],[-63.8101958,10.70811975],[-63.81052208,10.7083559],[-63.81240761,10.70837987],[-63.81548166,10.70752251],[-63.81578362,10.70727456],[-63.81614053,10.70578575],[-63.81358206,10.70542455],[-63.81335735,10.70498013],[-63.81329083,10.70427835],[-63.81408441,10.70115054],[-63.8140558,10.70067334],[-63.81303596,10.69996726],[-63.8150084,10.69549334],[-63.81444323,10.68875575],[-63.82119155,10.68137145],[-63.82204545,10.67997015],[-63.82099187,10.67828786],[-63.82331955,10.67773652],[-63.82426572,10.67580378],[-63.82268512,10.66958046],[-63.82486331,10.66365623],[-63.82406616,10.66196215],[-63.82674205,10.66040051],[-63.82680154,10.65806878],[-63.82825851,10.65638793],[-63.82751346,10.65556264],[-63.82763851,10.6552937],[-63.83174884,10.64857721],[-63.83353424,10.64682138],[-63.84008062,10.64279962],[-63.85091436,10.63953841],[-63.85946941,10.63943458],[-63.86098242,10.63803077],[-63.86922431,10.63550985],[-63.88175225,10.63449776],[-63.88234723,10.63434565],[-63.88295066,10.63412488],[-63.88367867,10.63183784],[-63.88396347,10.63169026],[-63.88710463,10.63107562],[-63.89739764,10.6303308],[-63.90244794,10.63221955],[-63.90256727,10.62987256],[-63.90467036,10.62805045],[-63.91011035,10.62776244],[-63.91643405,10.62513638],[-63.92776835,10.62558818],[-63.93318093,10.62867844],[-63.93627977,10.63197541],[-63.94108546,10.63188767],[-63.944435,10.63456535],[-63.94769335,10.63316596],[-63.95470333,10.63425934],[-63.95701027,10.63172996],[-63.96592212,10.6284132],[-63.97034967,10.62999201],[-63.98199356,10.63036132],[-63.984375,10.63197541],[-63.984375,10.63225436],[-63.98961461,10.63527977],[-63.99114394,10.63312054],[-63.99453247,10.63228381],[-64.00073946,10.63388967],[-64.00179768,10.63387704],[-64.00606251,10.63292587],[-64.00635743,10.63279283],[-64.00852263,10.62999964],[-64.01142955,10.62870026],[-64.01178205,10.62870038],[-64.01491416,10.62941945],[-64.0229243,10.63386262],[-64.02680194,10.63147485],[-64.0313791,10.63365924],[-64.03409946,10.63299274],[-64.03722274,10.63449204],[-64.04086006,10.63377142],[-64.04538774,10.63550341],[-64.04662025,10.63849604],[-64.04848278,10.63729954],[-64.05304396,10.63857925],[-64.04973412,10.64141691],[-64.05275345,10.64633012],[-64.04661131,10.64632988],[-64.04561484,10.64994454],[-64.04605901,10.65040481],[-64.05135334,10.65060854],[-64.0528717,10.64942193],[-64.05334544,10.64939284],[-64.05591941,10.65022945],[-64.05635965,10.65004075],[-64.05499697,10.64886057],[-64.05567074,10.6479243],[-64.06051552,10.64987075],[-64.06282628,10.64608717],[-64.06109166,10.64395225],[-64.06483805,10.64475405],[-64.06353807,10.64242435],[-64.06540668,10.64250171],[-64.06537044,10.63900804],[-64.06664991,10.64081955],[-64.07003272,10.64163387],[-64.07217383,10.63943565],[-64.07689285,10.63852012],[-64.08037794,10.63652134],[-64.08285058,10.63717103],[-64.08395386,10.63477254],[-64.09091437,10.63621223],[-64.09342205,10.63439035],[-64.0978744,10.6350373],[-64.10096014,10.63491094],[-64.10492277,10.63419235],[-64.10595751,10.63369191],[-64.11106133,10.63002205],[-64.11419392,10.63007951],[-64.11406982,10.62600291],[-64.11631811,10.62482846],[-64.11691785,10.62207174],[-64.1209017,10.61899495],[-64.12272787,10.62050891],[-64.12744296,10.61865914],[-64.13213396,10.62082875],[-64.13316154,10.61811542],[-64.13765156,10.61574423],[-64.14478636,10.61943471],[-64.14560127,10.62102938],[-64.14875805,10.62130845],[-64.15182197,10.61826408],[-64.15298545,10.61826193],[-64.1548326,10.61896825],[-64.15792954,10.62327266],[-64.16318631,10.62771511],[-64.17009676,10.62939167],[-64.18201375,10.62496185],[-64.19003046,10.61651766],[-64.19080865,10.61377335],[-64.18949914,10.61186516],[-64.19282484,10.61165643],[-64.19336355,10.61504912],[-64.19802773,10.61813521],[-64.19714904,10.62066758],[-64.19447494,10.62332404],[-64.19147873,10.62347245],[-64.19055915,10.62460434],[-64.19170165,10.63067293],[-64.18846238,10.63596082],[-64.19085372,10.64004755],[-64.19330835,10.64137614],[-64.19704604,10.64139044],[-64.19883835,10.64278674],[-64.20178473,10.64209485],[-64.20568526,10.64278448],[-64.21050251,10.64102185],[-64.21576905,10.64105082],[-64.21740746,10.63913441],[-64.22584796,10.64066076],[-64.22845781,10.63939846],[-64.23026764,10.64087045],[-64.23385465,10.64082944],[-64.23931766,10.63816834],[-64.24563134,10.64323175],[-64.25905681,10.66443658],[-64.26198816,10.66510427],[-64.26256013,10.66498995],[-64.26938951,10.66028857],[-64.26673615,10.65772331],[-64.26843858,10.65196335],[-64.27169883,10.64930403],[-64.27994847,10.64688444],[-64.28081107,10.6440618],[-64.28364634,10.64406538],[-64.28783154,10.63840401],[-64.29209626,10.63819945],[-64.29487956,10.6366986],[-64.29673314,10.63130558],[-64.29292166,10.62736964],[-64.28567207,10.61129105],[-64.28284037,10.59888756],[-64.27982557,10.59483361],[-64.27678454,10.59334052],[-64.2728852,10.58311737],[-64.26902485,10.57866585],[-64.26384723,10.57578123],[-64.26083076,10.57541311],[-64.25881624,10.57245326],[-64.25918126,10.56856465],[-64.26183796,10.56606925],[-64.26066756,10.56512535],[-64.26020861,10.56220424],[-64.26020706,10.55973411],[-64.26301456,10.546875],[-64.26322794,10.54538643],[-64.26288104,10.54363775],[-64.26162195,10.54113352],[-64.25785005,10.53526914],[-64.25745487,10.53490686],[-64.25378847,10.53400433],[-64.25008225,10.52574575],[-64.24714315,10.52523291],[-64.24768901,10.52379763],[-64.24578178,10.52221131],[-64.24666786,10.51909411],[-64.24457085,10.51520646],[-64.24074995,10.51211607],[-64.23570824,10.51030982],[-64.23261297,10.50649714],[-64.22927105,10.50650311],[-64.22352326,10.51161885],[-64.21873117,10.51638293],[-64.21838594,10.51687181],[-64.21872282,10.51986122],[-64.21767485,10.51988351],[-64.21636701,10.52066934],[-64.21684134,10.52195942],[-64.21455073,10.52637124],[-64.21759295,10.52919304],[-64.21380532,10.53497601],[-64.21551847,10.53686786],[-64.21409547,10.53855658],[-64.21419275,10.54047668],[-64.21245706,10.54229093],[-64.21104145,10.54356384],[-64.21028483,10.54393601],[-64.20742285,10.54430151],[-64.20606911,10.54958546],[-64.2069993,10.55209994],[-64.20660198,10.55235541],[-64.19702971,10.55641997],[-64.19162548,10.55571961],[-64.18966472,10.55744612],[-64.18098152,10.55806363],[-64.17457986,10.56204677],[-64.17324817,10.56481481],[-64.16874266,10.56673765],[-64.16990995,10.56845915],[-64.16966712,10.5693233],[-64.16918945,10.5696187],[-64.16591132,10.57083035],[-64.14849186,10.5733217],[-64.14421797,10.57612646],[-64.13934815,10.57568824],[-64.13734853,10.57728827],[-64.1279695,10.57903242],[-64.12481284,10.57945931],[-64.12427795,10.57940137],[-64.12184572,10.57821596],[-64.12522006,10.57466674],[-64.12574351,10.57203543],[-64.12319386,10.5692358],[-64.1207242,10.57132626],[-64.11966276,10.56852186],[-64.11447287,10.57125318],[-64.11279225,10.57085502],[-64.11264706,10.57060122],[-64.11413026,10.56792367],[-64.1186074,10.56558216],[-64.11765218,10.56468082],[-64.10393202,10.56777096],[-64.10029185,10.56756282],[-64.09093118,10.57092214],[-64.09051526,10.57007372],[-64.0849725,10.57099915],[-64.08266866,10.57281256],[-64.07984293,10.57199228],[-64.07894206,10.5758177],[-64.07773745,10.5756824],[-64.07557261,10.57815313],[-64.07422435,10.57385981],[-64.07084465,10.57196808],[-64.06827486,10.57347155],[-64.06685567,10.57256067],[-64.06639063,10.57267034],[-64.06324637,10.57473195],[-64.06267154,10.57487226],[-64.05850995,10.57461643],[-64.05387068,10.57567668],[-64.05236685,10.57664585],[-64.05234897,10.57674396],[-64.05280697,10.57965732],[-64.05328226,10.58001053],[-64.05643332,10.58038652],[-64.06038725,10.58238125],[-64.06042337,10.58284605],[-64.06012166,10.58351827],[-64.05562818,10.58630466],[-64.05521393,10.58448875],[-64.05391133,10.58429515],[-64.04905236,10.58680141],[-64.05099225,10.59061456],[-64.05125701,10.59360361],[-64.05007422,10.5957036],[-64.04754365,10.59451282],[-64.04611135,10.58862936],[-64.04247415,10.59335804],[-64.04105258,10.59290803],[-64.04246306,10.59130406],[-64.04142451,10.59045517],[-64.03710675,10.59364057],[-64.03352106,10.59433615],[-64.03173316,10.58987296],[-64.02933657,10.59430814],[-64.02780223,10.59428167],[-64.02817607,10.59092343],[-64.02428293,10.59454668],[-64.02320242,10.59495556],[-64.02176547,10.59354746],[-64.02461696,10.59218538],[-64.02949858,10.58691168],[-64.04015684,10.58590782],[-64.04533231,10.58195186],[-64.04570842,10.57998621],[-64.04825437,10.57796013],[-64.04817295,10.57748926],[-64.04787254,10.57674396],[-64.04383886,10.57507944],[-64.03900957,10.57452714],[-64.03141606,10.577196],[-64.02617717,10.5756433],[-64.02060187,10.57566786],[-64.0095582,10.57863641],[-64.00125051,10.57695246],[-64.00094557,10.57698762],[-63.99954855,10.57951415],[-63.99828851,10.57739258],[-63.99448955,10.57624495],[-63.99132621,10.57750106],[-63.98629701,10.57594335],[-63.98064554,10.57751668],[-63.97862077,10.57685745],[-63.97692204,10.57823086],[-63.97689927,10.57986951],[-63.97496426,10.57846355],[-63.97175956,10.58023596],[-63.97002697,10.57942796],[-63.96918762,10.58102715],[-63.96794057,10.57937133],[-63.96578038,10.57881904],[-63.96013165,10.58088231],[-63.95678151,10.57790065],[-63.95589662,10.57996881],[-63.95413697,10.58049572],[-63.95174515,10.57712364],[-63.94737351,10.57888317],[-63.94752204,10.57508397],[-63.93771613,10.57254291],[-63.93560171,10.57126653],[-63.93347812,10.56745005],[-63.93104172,10.56773615],[-63.92839098,10.56638324],[-63.92213595,10.56189823],[-63.92036915,10.55892444],[-63.91263795,10.55447495],[-63.90685308,10.55364156],[-63.90456486,10.55530965],[-63.90138996,10.55296457],[-63.89403045,10.55186784],[-63.88887417,10.55320525],[-63.88367546,10.55027544],[-63.8806653,10.55109012],[-63.87862337,10.55409586],[-63.87724924,10.55263126],[-63.87236202,10.55225587],[-63.86996007,10.55321503],[-63.86819243,10.55211925],[-63.86444283,10.55433381],[-63.86039066,10.55402946],[-63.85710525,10.55166113],[-63.84818363,10.55407166],[-63.84414375,10.55184495],[-63.83907175,10.55254137],[-63.83306885,10.55003643],[-63.82930446,10.55090117],[-63.82561135,10.54999816],[-63.82347834,10.55133271],[-63.82095754,10.54987395],[-63.81854975,10.54994357],[-63.80957472,10.54259181],[-63.80625296,10.54253054],[-63.80332756,10.53757465],[-63.79331815,10.53148532],[-63.79185522,10.52843344],[-63.78360271,10.5268532],[-63.77744782,10.52705038],[-63.77270174,10.52517426],[-63.76861036,10.52536595],[-63.76182342,10.52201724],[-63.75712192,10.51794183],[-63.75518274,10.51479614],[-63.74859595,10.51071262],[-63.74386954,10.50547504],[-63.73847425,10.49310255],[-63.73417425,10.49754596],[-63.73048317,10.49559975],[-63.72432625,10.49621654],[-63.71832931,10.49351954],[-63.71154273,10.49321651],[-63.70613861,10.49046183],[-63.70434666,10.48468912],[-63.704512,10.47993624],[-63.69251716,10.48151612],[-63.68489921,10.48500097],[-63.68144023,10.4855206],[-63.66913366,10.49221694],[-63.65559125,10.49590945],[-63.65280831,10.49591064],[-63.64826095,10.49407256],[-63.64390135,10.49026155],[-63.64535761,10.48945868],[-63.65112984,10.49043202],[-63.65871072,10.48768342],[-63.65994525,10.48571825],[-63.65817654,10.48297322],[-63.66365397,10.47575498],[-63.66848552,10.47471535],[-63.6708709,10.47259974],[-63.67409325,10.47302651],[-63.67950201,10.46922004],[-63.68136895,10.46932232],[-63.68271923,10.47092998],[-63.68911147,10.46739996],[-63.69492924,10.46840441],[-63.69867325,10.46591365],[-63.70295084,10.46807778],[-63.70668936,10.46828187],[-63.70857465,10.46743441],[-63.70965004,10.46475542],[-63.71328962,10.46479392],[-63.72268736,10.46161187],[-63.73075485,10.46610212],[-63.73396325,10.46542215],[-63.73646474,10.46230698],[-63.73798835,10.46446502],[-63.73964632,10.46475565],[-63.74192393,10.4625808],[-63.74259424,10.4593209],[-63.74716783,10.46028721],[-63.75503385,10.45824015],[-63.75672197,10.45431912],[-63.76323187,10.45220065],[-63.76785147,10.4519335],[-63.77282357,10.44956744],[-63.77793705,10.44927895],[-63.78391075,10.44497252],[-63.78856266,10.44313216],[-63.79236364,10.44303787],[-63.79695201,10.44093025],[-63.80919814,10.44115198],[-63.81259215,10.44457734],[-63.81618178,10.44442821],[-63.81855535,10.43976665],[-63.82308686,10.43916214],[-63.82645094,10.44134867],[-63.83109164,10.43964624],[-63.83358514,10.44005406],[-63.83833945,10.44719744],[-63.84974706,10.44509482],[-63.85480511,10.44203806],[-63.86916983,10.44358373],[-63.87307096,10.44202757],[-63.88307106,10.44382894],[-63.88494456,10.44612253],[-63.88700283,10.44683063],[-63.89227927,10.44617164],[-63.89477193,10.44747126],[-63.89813113,10.45184386],[-63.9081012,10.45510542],[-63.91375124,10.44855344],[-63.92477512,10.45026445],[-63.92811787,10.44990695],[-63.9293617,10.44852686],[-63.93564928,10.44784212],[-63.93638027,10.44860256],[-63.93544281,10.45085454],[-63.94177413,10.44619155],[-63.94046366,10.4502058],[-63.94172955,10.45170903],[-63.94337416,10.45224977],[-63.94517314,10.45050597],[-63.94784462,10.45290875],[-63.94976556,10.45108116],[-63.95295572,10.4530822],[-63.95732915,10.45304441],[-63.96505606,10.44754946],[-63.9695245,10.44677806],[-63.97219706,10.44505334],[-63.97521496,10.44483125],[-63.97892904,10.44807816],[-63.98135531,10.4451462],[-63.98374414,10.44424856],[-63.98672974,10.44606054],[-63.98830867,10.44511378],[-63.99081016,10.44567037],[-63.99492896,10.4429152],[-63.99978554,10.44401896],[-64.00665355,10.44381225],[-64.0109359,10.4423182],[-64.01273465,10.44025075],[-64.01570821,10.44127786],[-64.02069163,10.44011235],[-64.02156985,10.43691134],[-64.02425122,10.43563092],[-64.02707124,10.43789756],[-64.02797568,10.44301581],[-64.03194165,10.44440222],[-64.03355825,10.44309187],[-64.03437305,10.44443846],[-64.03646815,10.44358313],[-64.03843772,10.44133866],[-64.03749025,10.43974864],[-64.03861582,10.43873465],[-64.04218495,10.44070601],[-64.04430115,10.43993747],[-64.04668677,10.44133401],[-64.05625474,10.44071233],[-64.06629193,10.44399261],[-64.07415855,10.4450587],[-64.0838567,10.4490087],[-64.08618617,10.44892287],[-64.09218574,10.45287848],[-64.09579206,10.45896292],[-64.09907877,10.46076787],[-64.10005832,10.464275],[-64.10601771,10.467381],[-64.11217272,10.47747445],[-64.11481476,10.47917604],[-64.11772335,10.47802651],[-64.11464477,10.47677374],[-64.11729872,10.47272825],[-64.12189054,10.47482145],[-64.12726176,10.47569311],[-64.13006544,10.47571266],[-64.13271177,10.47382975],[-64.13564587,10.47390425],[-64.13710535,10.47508144],[-64.14026284,10.47327673],[-64.14182365,10.47328913],[-64.14287245,10.47478485],[-64.15138912,10.4737426],[-64.15868998,10.47755504],[-64.16258085,10.47850704],[-64.16767395,10.478266],[-64.17376542,10.47979915],[-64.18241036,10.47744036],[-64.18299425,10.47743964],[-64.18505216,10.47871995],[-64.18691862,10.47806954],[-64.18729401,10.47643471],[-64.18828785,10.47655284],[-64.18973303,10.47717285],[-64.19210255,10.47568691],[-64.19272625,10.47445643],[-64.19342422,10.47211111],[-64.19241226,10.47090685],[-64.19370568,10.46739042],[-64.19346905,10.46371734],[-64.19156134,10.46253407],[-64.19188964,10.4610157],[-64.19027281,10.45798016],[-64.19084775,10.45351756],[-64.19432366,10.44858694],[-64.19609284,10.44284427],[-64.19624674,10.44257557],[-64.21577525,10.42113292],[-64.21670365,10.42023003],[-64.22349703,10.41626072],[-64.2345438,10.41325605],[-64.2370404,10.41455865],[-64.24206591,10.41302431],[-64.24310267,10.41302025],[-64.24562848,10.41458237],[-64.24635375,10.41455758],[-64.25011134,10.41434884],[-64.25548875,10.41216135],[-64.25579286,10.41215205],[-64.25855541,10.41408563],[-64.27666497,10.41349745],[-64.28201735,10.41155815],[-64.2847836,10.40845776],[-64.28679848,10.40893245],[-64.28690231,10.41056275],[-64.2892971,10.41029406],[-64.29036176,10.40689814],[-64.29559612,10.4024111],[-64.29883063,10.40409374],[-64.29545653,10.40862811],[-64.29660964,10.40975475],[-64.31037712,10.40960264],[-64.31260765,10.40626407],[-64.31615162,10.40656924],[-64.31783366,10.40491331],[-64.31730092,10.40173912],[-64.32074773,10.39891791],[-64.32897854,10.40183473],[-64.3359375,10.39927447],[-64.3359375,10.39787936],[-64.33210266,10.3996402],[-64.33118534,10.39858174],[-64.3312782,10.39812982],[-64.33159876,10.39718103],[-64.33421326,10.39492595],[-64.33383667,10.39268887],[-64.33402574,10.39240158],[-64.3359375,10.39229906],[-64.3359375,10.39202011],[-64.3408401,10.38838255],[-64.33881426,10.38706303],[-64.33866882,10.38510311],[-64.33674824,10.38518524],[-64.3359375,10.38406455],[-64.32972312,10.38652027],[-64.3289957,10.38624394],[-64.32849252,10.38587153],[-64.32806218,10.3833034],[-64.32832026,10.3829087],[-64.33341563,10.38179231],[-64.3359375,10.37890625],[-64.33984685,10.38100803],[-64.34195101,10.38344717],[-64.34368682,10.38252676],[-64.34471703,10.38085425],[-64.34479475,10.38016474],[-64.34449887,10.37847114],[-64.34283686,10.37819517],[-64.34256315,10.37782431],[-64.34183943,10.37512982],[-64.33762896,10.37393606],[-64.33745146,10.37152791],[-64.33933973,10.37109375],[-64.33971453,10.37026262],[-64.33838296,10.36844766],[-64.3359375,10.36746645],[-64.3359375,10.36662936],[-64.33818722,10.36600721],[-64.34091651,10.36898124],[-64.34133804,10.36911321],[-64.34308922,10.36800325],[-64.34423232,10.36145735],[-64.33950567,10.35763705],[-64.34527755,10.35369253],[-64.34021986,10.35415185],[-64.33659697,10.34910464],[-64.33661735,10.34867275],[-64.33701015,10.34832466],[-64.3400706,10.34710395],[-64.34571207,10.34633255],[-64.34826136,10.34692895],[-64.35011876,10.34540582],[-64.35014117,10.3432759],[-64.35327661,10.34196901],[-64.35513055,10.34209704],[-64.35507476,10.34384644],[-64.35621846,10.34404135],[-64.35749626,10.34052146],[-64.35786903,10.34014785],[-64.36115825,10.33886111],[-64.36329556,10.33541191],[-64.36416316,10.33501053],[-64.36557186,10.33500135],[-64.36598945,10.33528125],[-64.36896658,10.33832145],[-64.36923206,10.33881962],[-64.36923146,10.34061813],[-64.36723244,10.34340131],[-64.37026131,10.34466076],[-64.37028456,10.34729147],[-64.36384285,10.3479495],[-64.35752022,10.35202455],[-64.35765398,10.35377455],[-64.36223686,10.35534513],[-64.35821903,10.35918653],[-64.35460806,10.35888708],[-64.34955466,10.36117435],[-64.34937751,10.36320555],[-64.35115254,10.36559057],[-64.34873915,10.36611366],[-64.34614408,10.37109375],[-64.34564805,10.37233043],[-64.34570146,10.37298131],[-64.34794354,10.37487376],[-64.34826946,10.37877464],[-64.34707534,10.38240635],[-64.34738755,10.38626111],[-64.34663236,10.38751924],[-64.34598672,10.38884544],[-64.34654343,10.3893007],[-64.35010505,10.38740146],[-64.3505553,10.38518381],[-64.35092962,10.38532662],[-64.35774446,10.39355814],[-64.35328364,10.39529276],[-64.35278964,10.39627123],[-64.35403931,10.39686191],[-64.36340833,10.39777827],[-64.36705375,10.39630234],[-64.36740565,10.39594841],[-64.36687362,10.39488494],[-64.36275446,10.39378214],[-64.36233425,10.39270115],[-64.36261821,10.39220798],[-64.37163424,10.38792515],[-64.37151146,10.38390672],[-64.37205124,10.38323605],[-64.37246466,10.38314974],[-64.37525845,10.38439858],[-64.37552905,10.38486195],[-64.37459672,10.38790774],[-64.37516272,10.3913486],[-64.37554955,10.39220977],[-64.37629998,10.39293444],[-64.37668323,10.3930279],[-64.3780508,10.39287865],[-64.3795191,10.39234054],[-64.37960935,10.38892114],[-64.3845613,10.38299334],[-64.38687682,10.38200641],[-64.39143085,10.38244093],[-64.39468932,10.37974465],[-64.39467764,10.37772048],[-64.39235914,10.37536228],[-64.38667941,10.37372053],[-64.38474202,10.37109375],[-64.38441896,10.37109375],[-64.38057983,10.37059724],[-64.37819755,10.36889267],[-64.37720251,10.36676395],[-64.37708044,10.36635756],[-64.37775135,10.36467433],[-64.38166237,10.36490953],[-64.38770282,10.36311448],[-64.38918293,10.35991645],[-64.38567185,10.3557502],[-64.38257146,10.35622215],[-64.38062263,10.35506964],[-64.38373733,10.35207605],[-64.38296151,10.35020268],[-64.37437081,10.34814322],[-64.37447703,10.34419465],[-64.37729394,10.34237564],[-64.37642372,10.34028983],[-64.37868512,10.33711684],[-64.37929857,10.33669424],[-64.38003516,10.33656096],[-64.38318455,10.33782065],[-64.38793671,10.33622754],[-64.38994336,10.33840275],[-64.39342988,10.33750653],[-64.39837217,10.33209097],[-64.40252995,10.33506107],[-64.40859854,10.33384895],[-64.41056585,10.33092845],[-64.41496956,10.33215058],[-64.41667795,10.32924235],[-64.42122483,10.32938576],[-64.42062128,10.32464194],[-64.4265871,10.31866515],[-64.43831253,10.31820905],[-64.44041336,10.32068825],[-64.43972588,10.32656992],[-64.442559,10.32585466],[-64.44563675,10.32275391],[-64.44660604,10.32305813],[-64.44874442,10.32467055],[-64.44947827,10.32667112],[-64.45229304,10.32649565],[-64.45271373,10.32659924],[-64.45591486,10.3325603],[-64.46191025,10.32985032],[-64.46003711,10.32678676],[-64.45722413,10.32693851],[-64.45576787,10.32488906],[-64.45545578,10.32014096],[-64.45723236,10.31668711],[-64.45722127,10.31547165],[-64.45684743,10.31502175],[-64.45210516,10.31540883],[-64.45206523,10.31545544],[-64.45038021,10.31759584],[-64.45005643,10.31778097],[-64.44785106,10.31829643],[-64.4460268,10.31742215],[-64.44575405,10.31624687],[-64.44356644,10.31538248],[-64.44320655,10.31493056],[-64.44397783,10.31240213],[-64.44162452,10.31138921],[-64.44019008,10.31313634],[-64.434551,10.31523812],[-64.43134224,10.31260085],[-64.43108773,10.31622851],[-64.42162406,10.31796336],[-64.41900468,10.3156538],[-64.41974413,10.31425226],[-64.41867352,10.31258726],[-64.41911292,10.30900645],[-64.4178406,10.3083719],[-64.41688395,10.30864263],[-64.41652215,10.31130624],[-64.41251886,10.31452668],[-64.41073728,10.31295133],[-64.40869975,10.31278861],[-64.40725195,10.31032455],[-64.40563953,10.3142091],[-64.40430796,10.31492186],[-64.40163934,10.31350946],[-64.39937055,10.31366205],[-64.39995933,10.31540334],[-64.39868987,10.31739807],[-64.39633667,10.31649315],[-64.39397645,10.31357825],[-64.39209235,10.31350267],[-64.39037848,10.31668842],[-64.38783932,10.31727874],[-64.38538122,10.31485295],[-64.38455737,10.31798768],[-64.38255394,10.31883562],[-64.38067925,10.31814301],[-64.37651455,10.32054937],[-64.37098384,10.31830907],[-64.37048948,10.31683755],[-64.36785006,10.31637144],[-64.36876225,10.31116176],[-64.36426342,10.31022131],[-64.36475754,10.30082953],[-64.36567783,10.30175471],[-64.37009215,10.30072975],[-64.3705796,10.30184412],[-64.37262356,10.30138552],[-64.37698698,10.30356491],[-64.37628853,10.30528498],[-64.37965846,10.30519831],[-64.38008022,10.30505741],[-64.38036692,10.30476165],[-64.37900305,10.29895461],[-64.38742042,10.29381192],[-64.38996983,10.29379177],[-64.39353883,10.29079533],[-64.39631236,10.28997135],[-64.39880884,10.2906754],[-64.39997876,10.28859687],[-64.39990437,10.28419745],[-64.40132225,10.28326094],[-64.40662265,10.28334105],[-64.41000724,10.28650582],[-64.42120707,10.28618622],[-64.42514944,10.28240645],[-64.42830634,10.28353608],[-64.42840648,10.2805922],[-64.4295547,10.28004563],[-64.43555915,10.28204262],[-64.43622506,10.28182626],[-64.43881977,10.27721643],[-64.43930566,10.27706301],[-64.44324625,10.27687311],[-64.44605446,10.27849853],[-64.44751644,10.27886915],[-64.4501301,10.27840674],[-64.45016837,10.27807677],[-64.4492588,10.2772814],[-64.44641328,10.2772547],[-64.44765341,10.27429783],[-64.44411373,10.27330923],[-64.44354785,10.27215421],[-64.44343281,10.27134264],[-64.44422221,10.2691555],[-64.44483686,10.26864886],[-64.44830406,10.26744187],[-64.44661474,10.26552045],[-64.44684863,10.26435435],[-64.44715107,10.26410794],[-64.4566673,10.26264584],[-64.45726705,10.26223361],[-64.45731044,10.26141906],[-64.45476162,10.25680947],[-64.45569408,10.2548393],[-64.45908105,10.25345504],[-64.46317554,10.25415623],[-64.46766984,10.24944174],[-64.47744095,10.24689913],[-64.48124838,10.24277544],[-64.49229145,10.24148965],[-64.49268413,10.2415539],[-64.49881268,10.24359095],[-64.50129962,10.24603415],[-64.5067929,10.2470324],[-64.50824332,10.24876893],[-64.51419616,10.25082994],[-64.52035463,10.25035143],[-64.52114093,10.2504611],[-64.52757525,10.25271428],[-64.52937961,10.2524966],[-64.53151822,10.24960935],[-64.52788198,10.24593771],[-64.52778888,10.244506],[-64.53261554,10.24266458],[-64.53654075,10.24257314],[-64.53873813,10.24051535],[-64.53867376,10.23780584],[-64.54134035,10.23723841],[-64.54251206,10.23743045],[-64.54337597,10.24048436],[-64.54669583,10.24336207],[-64.54679096,10.24370265],[-64.54710257,10.24709678],[-64.54465771,10.2490226],[-64.54621577,10.25267196],[-64.54664695,10.25272405],[-64.54899716,10.25031221],[-64.55298436,10.25076997],[-64.55588055,10.24946165],[-64.55628955,10.24648917],[-64.55770016,10.24596095],[-64.55748606,10.24339545],[-64.56086075,10.24358141],[-64.56150603,10.24080515],[-64.56402791,10.24176288],[-64.56863356,10.2415812],[-64.57108915,10.23847401],[-64.57391322,10.24046636],[-64.57453227,10.23867762],[-64.57740545,10.23780382],[-64.58085406,10.23946595],[-64.57780194,10.24185991],[-64.58125508,10.24239492],[-64.58313894,10.24428785],[-64.58232713,10.24607861],[-64.57880855,10.24707747],[-64.5766834,10.25476563],[-64.57873535,10.25630414],[-64.58774817,10.25462973],[-64.59113061,10.25198221],[-64.5915873,10.25073242],[-64.58934724,10.24972975],[-64.59023154,10.24698186],[-64.58885455,10.24580693],[-64.58894432,10.24312746],[-64.59172285,10.24610746],[-64.59529245,10.24745214],[-64.6011188,10.24670136],[-64.59569263,10.25432026],[-64.59816074,10.25711095],[-64.60474205,10.25673115],[-64.60563755,10.25373864],[-64.6077466,10.25342333],[-64.62223017,10.25478721],[-64.62522864,10.25332725],[-64.62750888,10.24976325],[-64.62495244,10.25154674],[-64.62357068,10.24855936],[-64.62223923,10.24907851],[-64.61961603,10.24780703],[-64.61763942,10.25039124],[-64.61191416,10.2521559],[-64.60850847,10.25017965],[-64.60821044,10.24771166],[-64.60962772,10.24673796],[-64.61566997,10.24719512],[-64.61638165,10.24519181],[-64.61298204,10.24440098],[-64.61528611,10.24178946],[-64.62052882,10.24150515],[-64.62194395,10.24437988],[-64.6269052,10.24349535],[-64.62905896,10.24197066],[-64.63032401,10.24300814],[-64.6322968,10.24137866],[-64.63583601,10.24153233],[-64.63738584,10.23868167],[-64.63303554,10.23535335],[-64.63325226,10.22950637],[-64.63418317,10.22801435],[-64.63644445,10.22832954],[-64.63647747,10.22543335],[-64.63908231,10.22184467],[-64.6429553,10.22052217],[-64.64425004,10.21535373],[-64.64706647,10.21502566],[-64.64788365,10.2167505],[-64.64876962,10.21663511],[-64.65158784,10.21415877],[-64.65211606,10.21166682],[-64.65967143,10.20798695],[-64.66361225,10.20907331],[-64.66635132,10.20612013],[-64.67352092,10.20330465],[-64.67407966,10.20317638],[-64.67627597,10.20394552],[-64.68205535,10.20234072],[-64.6875,10.20228791],[-64.6875,10.20295143],[-64.69455123,10.20312297],[-64.70510328,10.20638466],[-64.706586,10.20870197],[-64.70458007,10.21582603],[-64.70510328,10.22028923],[-64.70641136,10.22131908],[-64.70571375,10.22492397],[-64.70649874,10.2255249],[-64.70911503,10.22432315],[-64.71085906,10.22063255],[-64.71059751,10.21496773],[-64.71112072,10.21316516],[-64.71364975,10.21222115],[-64.71382415,10.20913124],[-64.71225452,10.20853043],[-64.71129525,10.20526874],[-64.70763242,10.20252216],[-64.70676041,10.20346642],[-64.70789397,10.20475376],[-64.70571375,10.20389545],[-64.70484185,10.20458221],[-64.70048141,10.20295143],[-64.69810545,10.20077777],[-64.69719756,10.19938827],[-64.69660318,10.19703865],[-64.69657254,10.1953125],[-64.69656515,10.1953125],[-64.69661403,10.19176304],[-64.69699192,10.18957496],[-64.70073342,10.17937863],[-64.69983494,10.17675924],[-64.71097422,10.16978395],[-64.71098304,10.16531694],[-64.70769966,10.15820944],[-64.70778406,10.15754485],[-64.71353245,10.14628255],[-64.71491694,10.14197302],[-64.71353507,10.13685358],[-64.71724331,10.1335175],[-64.71764791,10.12813234],[-64.71795893,10.12768781],[-64.72048295,10.12474811],[-64.72335458,10.12318385],[-64.72417915,10.12124872],[-64.7291007,10.1190896],[-64.74268293,10.10916674],[-64.74702311,10.10790932],[-64.74766338,10.10647798],[-64.75150168,10.10512626],[-64.75141704,10.10436678],[-64.76664877,10.09761536],[-64.81781316,10.08573806],[-64.84430826,10.08349526],[-64.84513116,10.08423352],[-64.8567847,10.08407724],[-64.8559072,10.10217273],[-64.85687745,10.10027075],[-64.85747385,10.08412385],[-64.86016512,10.08398426],[-64.86910462,10.08433127],[-64.88060463,10.08598495],[-64.87713933,10.10412598],[-64.87897384,10.10060143],[-64.88166606,10.08598936],[-64.88201487,10.08594573],[-64.89433455,10.08847356],[-64.89120972,10.10590625],[-64.89285255,10.10305452],[-64.89590335,10.08768058],[-64.91558671,10.09221351],[-64.92257404,10.09168351],[-64.94143677,10.09773684],[-64.94930696,10.09794807],[-64.95480716,10.09647346],[-64.97661173,10.08485985],[-64.99817145,10.07620025],[-65.02329016,10.07137775],[-65.0390625,10.06752217],[-65.04256666,10.06619],[-65.04744375,10.06613624],[-65.04645824,10.06208146],[-65.04929686,10.05893111],[-65.05688822,10.05821347],[-65.05721271,10.05797458],[-65.06256235,10.05289924],[-65.06538367,10.05224347],[-65.07202995,10.05223012],[-65.07364655,10.05082655],[-65.07557344,10.05142987],[-65.07657623,10.05030656],[-65.08118022,10.04978812],[-65.0870918,10.05098784],[-65.09047925,10.04741895],[-65.09728587,10.04673457],[-65.1075623,10.05073261],[-65.11195314,10.04854715],[-65.11396956,10.04566443],[-65.12214065,10.04699695],[-65.12325704,10.04581237],[-65.13586366,10.04333353],[-65.14691663,10.03942847],[-65.14997613,10.03952205],[-65.16049445,10.04412425],[-65.16842246,10.04511225],[-65.17228568,10.04391718],[-65.17285097,10.04205096],[-65.1749233,10.04244614],[-65.18083,10.03970122],[-65.18314981,10.03950405],[-65.18407595,10.04149544],[-65.18506932,10.03877342],[-65.18827856,10.03909206],[-65.18811345,10.04293871],[-65.19323075,10.04108465],[-65.19436574,10.04179132],[-65.19807136,10.0410701],[-65.20067596,10.03966713],[-65.20202684,10.04063284],[-65.20234025,10.04276764],[-65.20774376,10.04302216],[-65.20812488,10.0443629],[-65.20685804,10.04653585],[-65.20328236,10.0480206],[-65.19810665,10.04648113],[-65.20044041,10.04808223],[-65.19838583,10.05018997],[-65.19357133,10.05028355],[-65.19309211,10.04780221],[-65.18947017,10.04656816],[-65.18910944,10.04735863],[-65.19116604,10.0491091],[-65.19061422,10.05184448],[-65.18608546,10.05401516],[-65.183851,10.04787803],[-65.18308914,10.05566084],[-65.18329442,10.05642962],[-65.18607664,10.05630767],[-65.18160045,10.06272376],[-65.18323803,10.07056356],[-65.18537748,10.07325435],[-65.18388498,10.07440805],[-65.17975497,10.07335806],[-65.17837191,10.06772244],[-65.17466342,10.05981004],[-65.17242491,10.06017876],[-65.1695224,10.05696392],[-65.16034877,10.05810654],[-65.15820575,10.05245185],[-65.15591121,10.05680835],[-65.15665233,10.05924726],[-65.16141105,10.06298077],[-65.16043901,10.06464076],[-65.16585994,10.06504321],[-65.16259932,10.06779861],[-65.16332865,10.06879425],[-65.16485691,10.06925476],[-65.16911495,10.06648874],[-65.17290235,10.06811082],[-65.17294014,10.0710994],[-65.17559207,10.07301354],[-65.17288065,10.07514882],[-65.17264307,10.07655084],[-65.16806054,10.07522535],[-65.1674422,10.07685006],[-65.16416216,10.07325995],[-65.16382742,10.07004094],[-65.16038704,10.07051313],[-65.15916586,10.06876588],[-65.15930927,10.06410325],[-65.15711737,10.0666393],[-65.15587294,10.06655455],[-65.15682816,10.06284523],[-65.15500581,10.05695355],[-65.15182686,10.06024206],[-65.14859331,10.06076813],[-65.1464262,10.06250048],[-65.14389384,10.05969894],[-65.14155555,10.05948174],[-65.14143884,10.06087875],[-65.15293026,10.06837785],[-65.16135836,10.07560062],[-65.16585994,10.07825685],[-65.16792965,10.07799172],[-65.16828012,10.08164704],[-65.16646886,10.08335745],[-65.14766633,10.07707584],[-65.10385275,10.06504071],[-65.08287156,10.06126714],[-65.07496726,10.06029725],[-65.0647819,10.05918145],[-65.05933166,10.05946505],[-65.05871785,10.0598433],[-65.05902398,10.06028903],[-65.08634102,10.0636456],[-65.11761642,10.07062101],[-65.15938175,10.08309996],[-65.17770553,10.09175324],[-65.19303966,10.09429967],[-65.20196855,10.09787726],[-65.20965636,10.0988425],[-65.20884216,10.10013461],[-65.23449147,10.10553658],[-65.24841416,10.10605633],[-65.30249214,10.11548376],[-65.33180165,10.11844134],[-65.33609176,10.11997771],[-65.37410986,10.12635684],[-65.390625,10.13030136],[-65.43054485,10.14031565],[-65.44090724,10.14307702],[-65.44340766,10.14138556],[-65.44361627,10.14282465],[-65.45621896,10.14678252],[-65.45779562,10.14644957],[-65.49416327,10.15715814],[-65.49524665,10.15708745],[-65.49562204,10.1557126],[-65.49986184,10.15882814],[-65.56745386,10.17857838],[-65.61646235,10.19516945],[-65.65201223,10.20707166],[-65.65466726,10.20880282],[-65.71771681,10.23194516],[-65.74138713,10.24175525],[-65.7421875,10.2421875],[-65.77552033,10.25592637],[-65.82113552,10.27682197],[-65.87129664,10.30382645],[-65.87167525,10.30400205],[-65.87322533,10.30395675],[-65.87408304,10.30253303],[-65.87434614,10.30105853],[-65.87236607,10.29720068],[-65.87236536,10.29685342],[-65.87382674,10.29584396],[-65.87370336,10.29543138],[-65.87240016,10.29298365],[-65.87046325,10.29194295],[-65.86956644,10.2888236],[-65.86446702,10.28633034],[-65.86091816,10.28889966],[-65.85608017,10.28377426],[-65.85465395,10.28588736],[-65.85368252,10.28406441],[-65.85443068,10.27972484],[-65.85176516,10.27597702],[-65.84692693,10.27383804],[-65.84718645,10.27691305],[-65.84987187,10.27775228],[-65.85126793,10.28075385],[-65.8484621,10.28286958],[-65.83795393,10.27682388],[-65.8319329,10.27439225],[-65.82931054,10.27469063],[-65.82823932,10.27260935],[-65.82590985,10.27332044],[-65.82512677,10.27082038],[-65.82290971,10.2719506],[-65.82061446,10.27053976],[-65.82193518,10.26957798],[-65.81918013,10.26772356],[-65.82043684,10.26454544],[-65.82889998,10.26696444],[-65.83242345,10.26355207],[-65.83435297,10.26382184],[-65.83692026,10.26711786],[-65.84197128,10.27006233],[-65.84294844,10.26922596],[-65.84263313,10.26751387],[-65.84555876,10.26742065],[-65.84390104,10.26459873],[-65.84676337,10.2649312],[-65.84612942,10.26161814],[-65.84390485,10.26190436],[-65.84233475,10.26079476],[-65.84418047,10.25713134],[-65.84298873,10.25368214],[-65.83881807,10.25225866],[-65.83702672,10.25459075],[-65.83611012,10.25425625],[-65.83452594,10.25265181],[-65.83216906,10.24593043],[-65.82232034,10.24520111],[-65.81870902,10.24365687],[-65.80717576,10.24198735],[-65.80492938,10.24277294],[-65.8035351,10.24513066],[-65.80224335,10.24495316],[-65.79363644,10.2390331],[-65.79037535,10.23905897],[-65.78925955,10.23340285],[-65.7846266,10.22953486],[-65.77997696,10.22820711],[-65.77406812,10.23024118],[-65.77204514,10.22742844],[-65.76850653,10.22650111],[-65.76848137,10.22420394],[-65.77006376,10.22262585],[-65.77077115,10.21972621],[-65.77078617,10.21863592],[-65.77062893,10.21780694],[-65.76913536,10.2164129],[-65.76857901,10.21628392],[-65.76444066,10.21739471],[-65.75695586,10.22538292],[-65.75652134,10.22877967],[-65.75792205,10.23155737],[-65.75539601,10.23020685],[-65.75415182,10.23080575],[-65.75610745,10.2341603],[-65.75803041,10.23576021],[-65.76160836,10.23744404],[-65.76417577,10.23739171],[-65.76493895,10.23911631],[-65.77094114,10.24109852],[-65.77506435,10.2438271],[-65.77615666,10.24573731],[-65.78031075,10.24810827],[-65.78477573,10.25009942],[-65.78739655,10.25035632],[-65.79459333,10.25613964],[-65.79733658,10.25603521],[-65.80894733,10.26291954],[-65.81434953,10.26450872],[-65.81649291,10.26657176],[-65.81668615,10.26726127],[-65.81609201,10.26861346],[-65.81547582,10.26886451],[-65.80877793,10.26415074],[-65.80650854,10.26554561],[-65.80434716,10.26519024],[-65.780267,10.25393558],[-65.77605844,10.25216508],[-65.7421875,10.23911834],[-65.7421875,10.23883915],[-65.72357285,10.23105514],[-65.72406375,10.22995996],[-65.72730744,10.22969484],[-65.72156131,10.2276597],[-65.72112274,10.22663271],[-65.7239598,10.22699893],[-65.72546577,10.22603846],[-65.72778058,10.22705627],[-65.72823596,10.22595406],[-65.72395575,10.22413361],[-65.71965015,10.22409832],[-65.71924567,10.22316825],[-65.71927965,10.22269201],[-65.72194612,10.22275448],[-65.71980774,10.22071433],[-65.72063375,10.21992898],[-65.72117496,10.21994126],[-65.73239863,10.22315001],[-65.7312448,10.22156966],[-65.72412038,10.21865606],[-65.72644568,10.21891785],[-65.72778344,10.21768236],[-65.72878242,10.21829617],[-65.72819114,10.21967292],[-65.73627651,10.21975994],[-65.73672807,10.21807587],[-65.73071337,10.21640122],[-65.73241007,10.21542692],[-65.73349225,10.21113014],[-65.73567474,10.21196115],[-65.73898685,10.21622574],[-65.7421875,10.21763384],[-65.74532175,10.21759868],[-65.74612141,10.21398604],[-65.7421875,10.21149552],[-65.7421875,10.21121645],[-65.74165082,10.21108186],[-65.7421875,10.21037936],[-65.74674594,10.21256852],[-65.75067723,10.21340775],[-65.75190031,10.21237564],[-65.75297833,10.21372724],[-65.76245677,10.21557403],[-65.76844227,10.21516788],[-65.77151668,10.21385241],[-65.77810991,10.21689355],[-65.77801287,10.21893346],[-65.77905345,10.21953034],[-65.78111947,10.21866023],[-65.78172958,10.2163589],[-65.78437042,10.21661615],[-65.78670073,10.21490371],[-65.78796935,10.21630037],[-65.79048765,10.21701658],[-65.79109526,10.21703637],[-65.79289496,10.21605587],[-65.79350162,10.21626532],[-65.79650795,10.21803284],[-65.79672384,10.21832287],[-65.79847646,10.22143805],[-65.79797351,10.22305512],[-65.79820967,10.22320306],[-65.79911065,10.22362602],[-65.80015814,10.2236098],[-65.80240512,10.22213018],[-65.80463004,10.22293723],[-65.80484033,10.22453034],[-65.80766737,10.22345126],[-65.81437027,10.22949076],[-65.81957495,10.23219407],[-65.82009494,10.23729885],[-65.81910932,10.23898411],[-65.82123625,10.24097931],[-65.82284772,10.2411592],[-65.82964706,10.23688602],[-65.83443844,10.23914433],[-65.83641934,10.24290562],[-65.83506274,10.24739516],[-65.83593702,10.25212014],[-65.83989024,10.24902976],[-65.84064603,10.25204873],[-65.8439604,10.2523458],[-65.84504163,10.24922955],[-65.84269404,10.24520755],[-65.84345472,10.24370575],[-65.85440004,10.24676943],[-65.85488594,10.24709654],[-65.85714853,10.25144732],[-65.85677385,10.25297701],[-65.85136366,10.25166583],[-65.84902155,10.24968338],[-65.84714115,10.25319517],[-65.85978103,10.25642836],[-65.86441195,10.25882173],[-65.87085044,10.25978231],[-65.87104964,10.26188385],[-65.87330067,10.26201606],[-65.87209296,10.26377666],[-65.87301052,10.26717806],[-65.87554336,10.27020717],[-65.87762272,10.26953554],[-65.87857115,10.27177155],[-65.87528801,10.27293301],[-65.87265325,10.27660203],[-65.87823713,10.28029406],[-65.88262844,10.28692484],[-65.88559186,10.28631222],[-65.88822484,10.28874505],[-65.89352763,10.28996635],[-65.90776896,10.28845584],[-65.91244876,10.28527546],[-65.91374636,10.28750622],[-65.91299641,10.29198253],[-65.91736937,10.29462445],[-65.91812181,10.29703355],[-65.9260596,10.29582608],[-65.92752397,10.29428756],[-65.92952347,10.29515374],[-65.93032217,10.29875755],[-65.93438566,10.30287862],[-65.93522203,10.30402637],[-65.93632305,10.30682528],[-65.93632233,10.30757272],[-65.935799,10.30896592],[-65.92991984,10.31500757],[-65.92712915,10.31534314],[-65.92758703,10.31794965],[-65.92725945,10.31801414],[-65.92187798,10.31687665],[-65.92152226,10.31676555],[-65.91248524,10.31113398],[-65.90471911,10.30881298],[-65.90359736,10.30610251],[-65.89701581,10.30199516],[-65.89432144,10.29864895],[-65.88719857,10.29554164],[-65.88523364,10.29616272],[-65.8826791,10.29320395],[-65.88147676,10.29341853],[-65.88306677,10.29484582],[-65.88182116,10.29627562],[-65.87583375,10.29588842],[-65.87552965,10.29616237],[-65.87533677,10.29663193],[-65.87627745,10.30375338],[-65.87735498,10.30806816],[-65.8907696,10.31505394],[-65.89198422,10.31686997],[-65.91710067,10.33304572],[-65.92950726,10.34343886],[-65.93424225,10.34601676],[-65.93557966,10.34813702],[-65.94540656,10.3543334],[-65.95067573,10.35954523],[-65.95798683,10.36391926],[-65.96220314,10.36918712],[-65.96538913,10.37097502],[-65.96578014,10.37109375],[-65.97775221,10.3854351],[-65.98839807,10.39516926],[-66.02580452,10.41690314],[-66.05065095,10.43443084],[-66.052495,10.43422115],[-66.05622065,10.43644333],[-66.05630398,10.43850195],[-66.05811656,10.44046974],[-66.07065141,10.45071137],[-66.0847733,10.46486855],[-66.08958697,10.47198164],[-66.09210622,10.47349226],[-66.09220648,10.47510612],[-66.09375,10.47600436],[-66.09375,10.4765625],[-66.09537685,10.47836137],[-66.09666395,10.48091245],[-66.09637737,10.48397768],[-66.09755015,10.48699021],[-66.10414243,10.49061835],[-66.10444677,10.49091744],[-66.10750592,10.49531293],[-66.11367488,10.50846863],[-66.11531472,10.51576436],[-66.11580348,10.52416158],[-66.11580837,10.52494526],[-66.11471725,10.52831304],[-66.11173415,10.53097391],[-66.10888076,10.53075707],[-66.10833395,10.53114104],[-66.10833704,10.53157425],[-66.10969615,10.5347656],[-66.11008322,10.53535604],[-66.11404252,10.53825307],[-66.11892498,10.53433478],[-66.12083626,10.53636074],[-66.12463915,10.53757215],[-66.12489533,10.53807867],[-66.12465715,10.53888607],[-66.12199831,10.5409379],[-66.1169641,10.53914452],[-66.11376023,10.54090154],[-66.11393774,10.54411316],[-66.11124516,10.54348397],[-66.11238456,10.54043186],[-66.10949075,10.54046464],[-66.10562491,10.53585482],[-66.10308325,10.53975594],[-66.10230863,10.53957677],[-66.10293138,10.53423166],[-66.10151863,10.53154707],[-66.0995779,10.53082895],[-66.09397447,10.53638315],[-66.09714615,10.54020572],[-66.09571135,10.54023457],[-66.09389186,10.54241073],[-66.09375,10.54185271],[-66.09114385,10.53482902],[-66.09068084,10.5346477],[-66.08852804,10.53523552],[-66.08817947,10.53552747],[-66.07970965,10.54527867],[-66.07659531,10.54413986],[-66.07631421,10.54413974],[-66.07046783,10.54508972],[-66.06736135,10.546875],[-66.06679404,10.546875],[-66.06399465,10.54823613],[-66.05943441,10.55643928],[-66.05848253,10.55526447],[-66.055848,10.55791545],[-66.05610955,10.56332862],[-66.05187964,10.56701374],[-66.04621875,10.56749725],[-66.04542172,10.57162166],[-66.04556418,10.57260728],[-66.04752886,10.57770622],[-66.04878342,10.57894754],[-66.0516144,10.57865095],[-66.05421293,10.58330965],[-66.0567888,10.5840975],[-66.05834794,10.58622873],[-66.06312764,10.58829033],[-66.06433713,10.58841085],[-66.06450057,10.58767962],[-66.06112444,10.57924736],[-66.06834316,10.57460153],[-66.07509851,10.5756433],[-66.07950997,10.57715225],[-66.08025444,10.57749605],[-66.08820415,10.58319175],[-66.09375,10.58621645],[-66.09817314,10.58825386],[-66.10142255,10.59207165],[-66.10760391,10.59188485],[-66.11112404,10.5933938],[-66.11495244,10.59348261],[-66.11650264,10.59407115],[-66.11918485,10.59577215],[-66.12406611,10.60043693],[-66.12650704,10.60032928],[-66.12808526,10.60150933],[-66.13407445,10.59904134],[-66.13970625,10.60178864],[-66.14615464,10.60250473],[-66.14941323,10.60496438],[-66.15134525,10.60420954],[-66.15654981,10.60702097],[-66.1651051,10.60817957],[-66.16889465,10.61043346],[-66.17127156,10.60843325],[-66.17380536,10.60894084],[-66.19604802,10.62256372],[-66.21674407,10.63913071],[-66.21987545,10.64009702],[-66.22874665,10.64615905],[-66.23688722,10.64920866],[-66.23998463,10.64839625],[-66.2497189,10.64977813],[-66.25366175,10.64881158],[-66.25739038,10.65004277],[-66.26429486,10.64775276],[-66.26867211,10.64812982],[-66.27425897,10.64600635],[-66.27641571,10.64702141],[-66.27884865,10.64512157],[-66.28186464,10.64613116],[-66.28244412,10.64601517],[-66.2944864,10.64073706],[-66.29997861,10.64005041],[-66.30297351,10.63780475],[-66.30323637,10.63743317],[-66.30496407,10.63459313],[-66.30524862,10.63139582],[-66.31334031,10.62231994],[-66.31457663,10.6192584],[-66.31486905,10.61777675],[-66.3153851,10.61737013],[-66.31807935,10.61564803],[-66.32765555,10.61417997],[-66.33655274,10.60977042],[-66.34067047,10.60972488],[-66.34896016,10.60664535],[-66.36458385,10.60987902],[-66.37650466,10.61610103],[-66.38068855,10.61994636],[-66.39098024,10.62140322],[-66.41115224,10.63110876],[-66.41592205,10.63067532],[-66.41876256,10.62755632],[-66.43298721,10.62883484],[-66.43474555,10.62823021],[-66.4350878,10.62616503],[-66.4359591,10.62575901],[-66.43725181,10.62570071],[-66.44445348,10.62766421],[-66.4453125,10.62806904],[-66.44880486,10.63021815],[-66.45814335,10.62872851],[-66.46920025,10.63134384],[-66.47024965,10.63134491],[-66.47490871,10.62954581],[-66.48034966,10.62949383],[-66.49421406,10.63204944],[-66.49600613,10.63084507],[-66.50513816,10.63156283],[-66.5083456,10.6299355],[-66.51468813,10.63155186],[-66.52719188,10.62896657],[-66.52910304,10.62996244],[-66.54121006,10.62943423],[-66.55074024,10.62750375],[-66.55810118,10.62748253],[-66.56045914,10.62617922],[-66.56941295,10.62977266],[-66.58132863,10.62701285],[-66.58884156,10.6282742],[-66.59269083,10.62627876],[-66.59841132,10.62743962],[-66.60656917,10.62506545],[-66.60948825,10.62611055],[-66.61315811,10.62535071],[-66.62648487,10.62611604],[-66.64385295,10.62464881],[-66.64732754,10.62340164],[-66.65118516,10.62492621],[-66.65622771,10.6222527],[-66.66054654,10.62269628],[-66.66543114,10.62168133],[-66.68154204,10.62325382],[-66.69133258,10.62313676],[-66.69674635,10.62155664],[-66.69853353,10.62262964],[-66.707605,10.62172365],[-66.71630847,10.62549567],[-66.72023761,10.62439776],[-66.71930695,10.6214987],[-66.7231909,10.61974347],[-66.73118961,10.62157905],[-66.73786747,10.62519705],[-66.74315298,10.62402368],[-66.74410915,10.62252271],[-66.74646902,10.62330997],[-66.74831355,10.62055004],[-66.74640667,10.61821914],[-66.74968553,10.61610115],[-66.75943005,10.61475706],[-66.76540256,10.61730337],[-66.7697798,10.61386192],[-66.77853048,10.61334193],[-66.78209841,10.61436093],[-66.78743684,10.61191571],[-66.796875,10.61104906],[-66.80180836,10.61084604],[-66.81948483,10.61140215],[-66.82243144,10.61384654],[-66.82579684,10.61466134],[-66.82746065,10.61304486],[-66.83196986,10.61348021],[-66.83620405,10.61585164],[-66.83847213,10.61802375],[-66.83848274,10.6194036],[-66.83960664,10.6192584],[-66.84324718,10.62245691],[-66.84587336,10.62257743],[-66.84592235,10.62027132],[-66.84941435,10.61929274],[-66.85120034,10.6199131],[-66.85793602,10.61779451],[-66.86293852,10.61278653],[-66.8673135,10.61167705],[-66.87135291,10.61212218],[-66.87502861,10.60805261],[-66.87679863,10.60949934],[-66.88647425,10.61213243],[-66.88870025,10.61147964],[-66.89292812,10.60724425],[-66.89577913,10.60610473],[-66.89961875,10.60682785],[-66.90774214,10.60215676],[-66.90967596,10.60287321],[-66.9109081,10.60184908],[-66.91689992,10.60681546],[-66.92012572,10.60443747],[-66.92905402,10.60238767],[-66.93291962,10.60428011],[-66.93430746,10.60331667],[-66.93919957,10.60312974],[-66.94625235,10.60673845],[-66.94651163,10.60563147],[-66.94431925,10.60293901],[-66.94087934,10.60264981],[-66.9380275,10.60040402],[-66.94207633,10.59912312],[-66.9426918,10.59965634],[-66.94154954,10.60144913],[-66.946823,10.60164463],[-66.94754386,10.60285366],[-66.95314968,10.60264516],[-66.95819891,10.60022151],[-66.96413481,10.60258543],[-66.96984184,10.60695398],[-66.97398055,10.60790384],[-66.9784677,10.60682821],[-66.98328781,10.60857725],[-66.98807323,10.61208844],[-66.99227858,10.61198485],[-66.99620795,10.61028135],[-66.99750781,10.6122843],[-67.0016669,10.61234164],[-67.00441158,10.61078477],[-67.0159204,10.61508155],[-67.02048445,10.61361134],[-67.0230993,10.61398482],[-67.02730751,10.61068344],[-67.02849364,10.61083245],[-67.02825427,10.61235785],[-67.03003335,10.61235654],[-67.03161907,10.61006844],[-67.03719556,10.60693932],[-67.04010367,10.60166621],[-67.04394674,10.60058105],[-67.04557562,10.59735227],[-67.05267358,10.59366608],[-67.05806243,10.59315562],[-67.06815934,10.58876586],[-67.07253063,10.58995354],[-67.07616174,10.58711207],[-67.0772413,10.58969832],[-67.0821501,10.58896828],[-67.08316016,10.58838391],[-67.08314157,10.58578134],[-67.09430814,10.57944071],[-67.10071528,10.58071744],[-67.1040591,10.57860792],[-67.10840821,10.57781351],[-67.11138201,10.5758419],[-67.1161592,10.57502413],[-67.12224317,10.57229495],[-67.13188326,10.57006288],[-67.13998485,10.56997204],[-67.14138603,10.56651461],[-67.14662504,10.56743991],[-67.14694607,10.56733406],[-67.1484375,10.56640625],[-67.15109944,10.56408465],[-67.15142012,10.5639683],[-67.1538496,10.56463504],[-67.15949714,10.55986857],[-67.16530454,10.55980575],[-67.16759932,10.56079626],[-67.17299533,10.56016672],[-67.18590605,10.55534935],[-67.19481266,10.55687356],[-67.19882917,10.55588555],[-67.2025125,10.55716896],[-67.20672011,10.55716884],[-67.20928585,10.55631256],[-67.21095037,10.55226445],[-67.21125162,10.55210614],[-67.21357512,10.55165005],[-67.21640885,10.55210555],[-67.22092772,10.55092525],[-67.23120022,10.55322325],[-67.2337985,10.55285084],[-67.23662174,10.55575788],[-67.23842812,10.55471551],[-67.23825955,10.55222046],[-67.24004364,10.55039942],[-67.24315774,10.55131805],[-67.24388063,10.54985416],[-67.24736595,10.54947746],[-67.25128102,10.55062926],[-67.25569391,10.546875],[-67.26016712,10.54673338],[-67.26316404,10.5460999],[-67.26449001,10.546875],[-67.26684952,10.54735482],[-67.2681787,10.546875],[-67.26931357,10.546875],[-67.26988125,10.546875],[-67.26985955,10.54667974],[-67.27207112,10.54610634],[-67.27385354,10.546875],[-67.27442121,10.546875],[-67.27601194,10.54782653],[-67.27674866,10.54782653],[-67.28151476,10.546875],[-67.2817986,10.546875],[-67.28174806,10.54635441],[-67.28218305,10.54615104],[-67.28814471,10.54641485],[-67.29611957,10.54309356],[-67.29963362,10.54348457],[-67.30039525,10.54220045],[-67.3043766,10.54256308],[-67.30520046,10.54154277],[-67.30970335,10.54070842],[-67.31373096,10.54204702],[-67.31745625,10.54055142],[-67.32288134,10.54253995],[-67.32588625,10.54192352],[-67.32624304,10.54287696],[-67.32984221,10.54386437],[-67.33907807,10.54457605],[-67.3418318,10.54400241],[-67.34068394,10.54106486],[-67.34337831,10.53938091],[-67.34577906,10.54351151],[-67.34761286,10.54373348],[-67.34832191,10.54362178],[-67.35108817,10.54284573],[-67.35229516,10.54085255],[-67.35472834,10.54004025],[-67.37162542,10.53764403],[-67.37345326,10.53574467],[-67.37760353,10.53410125],[-67.39006805,10.5339092],[-67.39268327,10.53239954],[-67.39374936,10.53334665],[-67.39685142,10.53335226],[-67.39817846,10.53086722],[-67.39917243,10.5301758],[-67.39966905,10.53046048],[-67.40022814,10.53078115],[-67.39959705,10.53440738],[-67.40545833,10.53416073],[-67.41472185,10.53584754],[-67.43224025,10.53334355],[-67.43781114,10.53543568],[-67.43877006,10.53275394],[-67.44217312,10.53394663],[-67.44426382,10.53089905],[-67.45023477,10.53250003],[-67.45827281,10.53129876],[-67.46380425,10.53575671],[-67.46927035,10.53733075],[-67.4712311,10.53648806],[-67.47377717,10.53231704],[-67.47620201,10.53513408],[-67.48532343,10.53187621],[-67.48702204,10.53011453],[-67.48981631,10.53087401],[-67.49684095,10.53031266],[-67.5,10.52845967],[-67.50419497,10.52697325],[-67.50489998,10.52685142],[-67.50758815,10.52779818],[-67.50795436,10.52771628],[-67.50980973,10.52713704],[-67.51012254,10.52695441],[-67.51493883,10.52206635],[-67.51960135,10.52382386],[-67.52555895,10.52307606],[-67.52608466,10.52320492],[-67.5332998,10.52544534],[-67.53517401,10.52729034],[-67.53591371,10.52719581],[-67.54351962,10.52402377],[-67.54341245,10.52081227],[-67.54538655,10.51958478],[-67.55467784,10.52252161],[-67.55522776,10.52244902],[-67.55753541,10.52164543],[-67.55779684,10.52137923],[-67.56114805,10.51615155],[-67.56683016,10.51624644],[-67.57132328,10.51818645],[-67.57193232,10.51531124],[-67.57376206,10.51305366],[-67.57858014,10.50966978],[-67.58100724,10.50873256],[-67.58620691,10.50844657],[-67.58912647,10.50713885],[-67.59360838,10.50812054],[-67.59528112,10.50667095],[-67.59590364,10.50676477],[-67.59683776,10.50700283],[-67.59800267,10.50797665],[-67.59826148,10.50862026],[-67.59863961,10.51168871],[-67.60347736,10.51220071],[-67.60458314,10.5119915],[-67.60961425,10.50918865],[-67.61195266,10.50644696],[-67.61537898,10.50570166],[-67.61627615,10.50325632],[-67.61732566,10.50244176],[-67.61815465,10.50225317],[-67.62453866,10.5014621],[-67.62542772,10.50146413],[-67.63487005,10.50243592],[-67.63747704,10.50080526],[-67.64564228,10.50242782],[-67.65758312,10.49959052],[-67.66261125,10.49662244],[-67.66924405,10.49960017],[-67.67835486,10.49869168],[-67.68399775,10.49939895],[-67.68505812,10.49709487],[-67.6891309,10.49671507],[-67.69371235,10.49937832],[-67.69544136,10.50182474],[-67.70984006,10.50383687],[-67.71662104,10.49840951],[-67.72939611,10.49813867],[-67.73460746,10.50080311],[-67.73518395,10.49991071],[-67.73241174,10.49855244],[-67.73452675,10.49429893],[-67.73477614,10.49395072],[-67.73650312,10.49274552],[-67.74047673,10.49277496],[-67.74429071,10.49459422],[-67.74441886,10.49483645],[-67.74370408,10.4994719],[-67.74602175,10.49868965],[-67.75194716,10.49925256],[-67.75487268,10.49684834],[-67.76309395,10.49488997],[-67.76239777,10.49322414],[-67.76401627,10.48899424],[-67.76799631,10.4877851],[-67.76934075,10.48878252],[-67.76991701,10.48808312],[-67.77641904,10.48927164],[-67.77961707,10.49093664],[-67.78656077,10.49041975],[-67.78747571,10.48939717],[-67.78688502,10.48799205],[-67.78850102,10.48723841],[-67.79453886,10.48960185],[-67.80116916,10.48938978],[-67.80428648,10.48575521],[-67.80300236,10.48331165],[-67.80559623,10.48130608],[-67.80722213,10.47720134],[-67.80682886,10.47526145],[-67.80449665,10.47365201],[-67.80410326,10.47109127],[-67.80737865,10.47068048],[-67.81056762,10.4670577],[-67.81294465,10.46877825],[-67.81338775,10.47480488],[-67.81270504,10.47542763],[-67.81096351,10.47256553],[-67.80916548,10.47951424],[-67.81106615,10.47941315],[-67.81160855,10.48163295],[-67.81614494,10.48274004],[-67.81632292,10.48517263],[-67.81964695,10.48322964],[-67.82096231,10.48530376],[-67.82299948,10.48574305],[-67.82393575,10.48135161],[-67.82679415,10.47999561],[-67.82961035,10.48002303],[-67.83074427,10.48197496],[-67.83525217,10.48302615],[-67.83800006,10.47658324],[-67.83977652,10.47008026],[-67.83886814,10.46777213],[-67.84046245,10.46470392],[-67.84050345,10.46165693],[-67.84478247,10.45245612],[-67.84264672,10.44552386],[-67.84239078,10.44515395],[-67.84063256,10.44392955],[-67.83660984,10.4431473],[-67.83655214,10.44049883],[-67.83799005,10.43909621],[-67.83850384,10.43895602],[-67.84087074,10.43917274],[-67.84185076,10.43967772],[-67.84158874,10.44354427],[-67.85156393,10.44472647],[-67.8515625,10.44475436],[-67.85286462,10.44489467],[-67.85578465,10.44613874],[-67.85619998,10.44694614],[-67.85562074,10.45363915],[-67.85745573,10.44919825],[-67.85793602,10.4514991],[-67.86035216,10.45356882],[-67.85834086,10.45724034],[-67.85737205,10.45742571],[-67.85705554,10.45544386],[-67.85587215,10.45472503],[-67.85569775,10.45893764],[-67.85738337,10.45755267],[-67.85773897,10.45995903],[-67.85763907,10.46049762],[-67.85501027,10.46383536],[-67.85385525,10.46733224],[-67.85363853,10.46162212],[-67.85478425,10.45965946],[-67.85321105,10.46135974],[-67.85272646,10.46279585],[-67.8529098,10.46949804],[-67.85304761,10.46995068],[-67.85727668,10.47861695],[-67.86394143,10.47833574],[-67.86597085,10.4755218],[-67.86665416,10.47490418],[-67.86868668,10.47467995],[-67.86997426,10.47479331],[-67.87042654,10.47498465],[-67.87188232,10.47740054],[-67.87248302,10.47777343],[-67.87439775,10.477862],[-67.87552273,10.47761703],[-67.87617481,10.47701836],[-67.87814558,10.47296464],[-67.88182652,10.47156966],[-67.88459575,10.47153294],[-67.88533914,10.47202647],[-67.88571036,10.47260201],[-67.88480747,10.47320473],[-67.88489783,10.47364795],[-67.88534784,10.47461605],[-67.8868587,10.47543526],[-67.88983786,10.47066343],[-67.89399028,10.46740615],[-67.89551675,10.47028732],[-67.90043724,10.47153056],[-67.90032995,10.47399092],[-67.90282965,10.47362864],[-67.90805125,10.46978354],[-67.90862274,10.46749866],[-67.91055751,10.46632934],[-67.91275394,10.46208155],[-67.91739285,10.45904577],[-67.92016315,10.45449972],[-67.92170715,10.45403671],[-67.92608345,10.45463335],[-67.92977214,10.4618777],[-67.93056595,10.45967507],[-67.93125784,10.45995641],[-67.93291736,10.46329296],[-67.93080234,10.46817553],[-67.93214846,10.47222555],[-67.94649684,10.46186316],[-67.95077026,10.46220124],[-67.9566766,10.47059345],[-67.96061337,10.47436655],[-67.96657825,10.47770751],[-67.97254634,10.48332655],[-67.97350717,10.48635316],[-67.97960567,10.48959506],[-67.98349261,10.49042904],[-67.98477197,10.48894632],[-67.98155427,10.4857707],[-67.98308766,10.48518586],[-67.9959625,10.49198365],[-67.99912512,10.49176705],[-68.00301015,10.48942971],[-68.00556231,10.49123776],[-68.0088793,10.49101341],[-68.01152873,10.48488164],[-68.01029158,10.48304594],[-68.00605965,10.48429561],[-68.00541437,10.48544645],[-68.00652945,10.48762774],[-68.00413334,10.48465836],[-67.99977744,10.4853456],[-67.99869716,10.48824155],[-67.99339986,10.48714662],[-67.99292386,10.48512888],[-67.99585485,10.48455906],[-67.99424684,10.47855377],[-67.99133134,10.47767377],[-67.98940504,10.47448981],[-67.98646343,10.47367418],[-67.98384357,10.46941626],[-67.98331344,10.46495247],[-67.98591435,10.4650048],[-67.98831296,10.47065985],[-67.99078035,10.47189736],[-67.99240625,10.47514474],[-67.99412191,10.47480595],[-67.99740005,10.469069],[-67.99981296,10.46852326],[-68.00258815,10.46961951],[-67.99681067,10.47340643],[-67.99840546,10.47647536],[-68.00079203,10.47704434],[-68.00005496,10.48111665],[-68.0062505,10.48238015],[-68.00973904,10.48101747],[-68.01285267,10.47727227],[-68.01234818,10.47464752],[-68.02353597,10.47472155],[-68.03859675,10.48227775],[-68.03864443,10.48501146],[-68.03536153,10.48825157],[-68.04109466,10.48450446],[-68.04467046,10.48827314],[-68.04858804,10.48980844],[-68.06064653,10.49797606],[-68.06472135,10.49737728],[-68.06671822,10.49556994],[-68.07158041,10.49814367],[-68.07384706,10.49813056],[-68.07647991,10.4968276],[-68.07798564,10.49378824],[-68.08041477,10.49233317],[-68.08806407,10.49497795],[-68.09386516,10.48996043],[-68.09550595,10.49033082],[-68.09543347,10.48858821],[-68.10466862,10.48093557],[-68.10859108,10.48209047],[-68.11047018,10.48122084],[-68.11478508,10.48646462],[-68.11776292,10.48606121],[-68.12283564,10.48988211],[-68.12478232,10.48808336],[-68.1237452,10.48586977],[-68.12746561,10.48411334],[-68.13831127,10.48821521],[-68.14384115,10.4919852],[-68.14967763,10.49776101],[-68.14934242,10.49961972],[-68.15176356,10.49899375],[-68.15393364,10.49977577],[-68.15509152,10.50358474],[-68.15663481,10.50333595],[-68.15736258,10.50039268],[-68.15916038,10.49901652],[-68.16383946,10.50022137],[-68.16498256,10.50088847],[-68.17564833,10.51184285],[-68.17747235,10.51174772],[-68.18393624,10.51676536],[-68.19830131,10.53222644],[-68.203125,10.53822541],[-68.203125,10.53850436],[-68.20990813,10.54538715],[-68.21078622,10.546875],[-68.21106994,10.546875],[-68.24068081,10.58353865],[-68.24092901,10.58381772],[-68.24682498,10.59254265],[-68.26115537,10.61360741],[-68.26143014,10.61405146],[-68.27579451,10.63771045],[-68.28868115,10.66476035],[-68.29474711,10.68040216],[-68.29454744,10.6822834],[-68.29713964,10.68500853],[-68.31009746,10.72265625],[-68.310184,10.72265625],[-68.31464064,10.73488426],[-68.31729031,10.73883975],[-68.31769311,10.74314606],[-68.32145321,10.75358665],[-68.32161617,10.75839841],[-68.32435274,10.76859295],[-68.32374597,10.78101277],[-68.32179761,10.78531766],[-68.31794095,10.79003561],[-68.31544924,10.79150724],[-68.3137145,10.79123175],[-68.31279516,10.79384673],[-68.31118202,10.78903651],[-68.30853355,10.78911388],[-68.30716705,10.79065013],[-68.30411625,10.78736985],[-68.29628623,10.78549886],[-68.29578996,10.79116416],[-68.30021477,10.79343176],[-68.30112696,10.79579461],[-68.30006063,10.79882395],[-68.29045785,10.80421102],[-68.29091096,10.80541337],[-68.29448712,10.80524933],[-68.29357135,10.80691767],[-68.29022646,10.80751216],[-68.28995144,10.80854404],[-68.29070914,10.80947995],[-68.2989645,10.80681551],[-68.30020916,10.80984914],[-68.29808605,10.80958176],[-68.29813266,10.81097245],[-68.30619872,10.81225204],[-68.30649912,10.81240392],[-68.30631781,10.81517434],[-68.30779052,10.81433284],[-68.30715585,10.81610632],[-68.30562401,10.81560576],[-68.30471075,10.81613123],[-68.30405974,10.81702244],[-68.30348623,10.82001293],[-68.30187416,10.82101285],[-68.30306673,10.82206428],[-68.30690885,10.82762885],[-68.30848014,10.8260324],[-68.30848014,10.82547426],[-68.30673444,10.82372522],[-68.30677104,10.82255173],[-68.30707502,10.82212341],[-68.30774403,10.82181168],[-68.3096174,10.82256901],[-68.31151235,10.82127547],[-68.31176925,10.82039595],[-68.3113451,10.81847],[-68.30944288,10.81856894],[-68.30832243,10.81681824],[-68.30850077,10.81629491],[-68.31017256,10.81358016],[-68.31277704,10.8121258],[-68.31254804,10.80942404],[-68.31116724,10.80724001],[-68.30737162,10.8045963],[-68.31163645,10.80143571],[-68.31110847,10.79760253],[-68.31241024,10.79543591],[-68.31346095,10.79475784],[-68.31575453,10.79495764],[-68.31606245,10.7951405],[-68.32136393,10.79996073],[-68.32143474,10.80013382],[-68.32066071,10.80256641],[-68.32281506,10.80510354],[-68.32318795,10.80601656],[-68.32455838,10.81015074],[-68.32492065,10.8140341],[-68.32460237,10.81925094],[-68.32320642,10.82241845],[-68.32184303,10.82365346],[-68.32155168,10.82353914],[-68.32106042,10.82114327],[-68.31817055,10.81918287],[-68.31773317,10.81759346],[-68.31518304,10.81643522],[-68.31292105,10.81785464],[-68.31294656,10.81895006],[-68.31448412,10.81971955],[-68.3163414,10.81888914],[-68.31676352,10.82102895],[-68.31459475,10.82240355],[-68.31290805,10.82615483],[-68.31084466,10.82499743],[-68.31288493,10.82405984],[-68.31204975,10.82311976],[-68.30906045,10.82409275],[-68.30831945,10.82767105],[-68.31096244,10.82855082],[-68.31067204,10.82677817],[-68.31242704,10.82782817],[-68.316136,10.82538986],[-68.31819725,10.82698512],[-68.31553698,10.82949221],[-68.31689227,10.8316915],[-68.31936014,10.83184552],[-68.32202888,10.82970846],[-68.32396257,10.83136272],[-68.32522905,10.83034384],[-68.32629776,10.83233607],[-68.3268646,10.83016562],[-68.32551157,10.82337201],[-68.32931018,10.82181644],[-68.32958686,10.82418776],[-68.32777774,10.82511735],[-68.32787645,10.82849896],[-68.32994413,10.83273745],[-68.33004856,10.83639216],[-68.32834744,10.83640575],[-68.32778955,10.84031534],[-68.32553566,10.84360635],[-68.33173573,10.85035753],[-68.33275962,10.85214007],[-68.33283711,10.85286355],[-68.33223677,10.85425687],[-68.32841778,10.85697174],[-68.33120024,10.86017418],[-68.32568634,10.85878146],[-68.32760167,10.85473931],[-68.32947934,10.85344553],[-68.32947826,10.85095942],[-68.32694638,10.84922934],[-68.32706654,10.84712791],[-68.32446516,10.84624481],[-68.32082403,10.84343255],[-68.31916106,10.84143674],[-68.31905735,10.84084845],[-68.31973136,10.83900654],[-68.32029295,10.83860946],[-68.32544255,10.83666647],[-68.32603586,10.83521533],[-68.32883203,10.83551645],[-68.32862353,10.83299994],[-68.32406652,10.83308923],[-68.32313251,10.83574331],[-68.32029855,10.83364606],[-68.31578708,10.83637571],[-68.3100605,10.83051825],[-68.30780101,10.83037496],[-68.30608404,10.8288691],[-68.30408895,10.82932341],[-68.30259514,10.82513988],[-68.30221641,10.82471836],[-68.29917121,10.82306242],[-68.29701686,10.82180476],[-68.29628885,10.82327271],[-68.29306495,10.8248862],[-68.29275525,10.82569206],[-68.29283094,10.82965946],[-68.29440916,10.83137691],[-68.29554737,10.83197057],[-68.29955292,10.83129084],[-68.29814565,10.83236575],[-68.29738951,10.83519626],[-68.29967785,10.83883405],[-68.30327785,10.83995235],[-68.30129254,10.84138131],[-68.30457866,10.84160388],[-68.30871296,10.83927035],[-68.31194592,10.83906162],[-68.31183875,10.84025586],[-68.30888176,10.84126806],[-68.30692637,10.84387827],[-68.31400573,10.84270406],[-68.31448972,10.84368443],[-68.31279385,10.84609485],[-68.32148886,10.84699786],[-68.32032812,10.84921682],[-68.32437515,10.85120893],[-68.32548535,10.85299003],[-68.32528365,10.85318613],[-68.32215726,10.85268581],[-68.32168496,10.85496497],[-68.31977856,10.8513447],[-68.31627536,10.85075736],[-68.31456637,10.85241175],[-68.31614471,10.85499954],[-68.31405783,10.85514975],[-68.31256843,10.85368073],[-68.31283164,10.85073614],[-68.31153643,10.8485316],[-68.30168366,10.84517515],[-68.30931497,10.85231376],[-68.30975795,10.85410321],[-68.30688345,10.85284436],[-68.30290306,10.84850144],[-68.30066645,10.84852731],[-68.29668593,10.84271622],[-68.2927289,10.84176135],[-68.2899003,10.84216964],[-68.29038966,10.84401047],[-68.28639674,10.84474993],[-68.2860831,10.84795415],[-68.28761172,10.84804225],[-68.28925645,10.84590352],[-68.29248512,10.84483325],[-68.29556704,10.84560585],[-68.30193496,10.85108292],[-68.30277514,10.85578382],[-68.29734814,10.85836506],[-68.29732263,10.86017764],[-68.29538763,10.86125565],[-68.29103982,10.85864675],[-68.28364694,10.85893405],[-68.28287137,10.85784316],[-68.28146315,10.85865271],[-68.28041172,10.85750794],[-68.27705157,10.85690784],[-68.27694166,10.85429835],[-68.27532864,10.8528527],[-68.2779932,10.85230815],[-68.27634537,10.85117793],[-68.27921164,10.84876204],[-68.27354956,10.84604096],[-68.27266133,10.84653735],[-68.27284217,10.84894574],[-68.26991701,10.84980643],[-68.26486075,10.85444164],[-68.2643491,10.85453606],[-68.26380134,10.85434067],[-68.26229131,10.85152757],[-68.25931013,10.85179853],[-68.25922012,10.85054481],[-68.25797963,10.85010171],[-68.25495517,10.85393095],[-68.24891448,10.85530162],[-68.24878132,10.85229802],[-68.24098456,10.85076094],[-68.23991764,10.84926462],[-68.23568034,10.85205495],[-68.22799265,10.85281456],[-68.22740436,10.85812378],[-68.22688162,10.85843325],[-68.22600496,10.85850787],[-68.22390294,10.85796845],[-68.22391796,10.85728896],[-68.22444272,10.85510814],[-68.22654748,10.85370171],[-68.22653747,10.85227776],[-68.22362936,10.85424638],[-68.22311795,10.85417175],[-68.22173035,10.8514024],[-68.22126544,10.85151315],[-68.21751916,10.85652244],[-68.21734154,10.85698426],[-68.2171036,10.85866523],[-68.2179352,10.86001945],[-68.21841347,10.85999966],[-68.22087395,10.85687375],[-68.22287154,10.85694993],[-68.22295856,10.85726476],[-68.22078764,10.85884714],[-68.22132516,10.86350775],[-68.21846044,10.86648536],[-68.21890056,10.87005198],[-68.22009671,10.87025106],[-68.21933961,10.86741805],[-68.22092736,10.86592424],[-68.22433794,10.86731052],[-68.22594595,10.86418903],[-68.23111475,10.86276042],[-68.23146605,10.86371422],[-68.22949386,10.86762691],[-68.22742248,10.86596954],[-68.22188985,10.86898172],[-68.22191274,10.87156391],[-68.22548985,10.87834334],[-68.22272646,10.87742245],[-68.22343683,10.8753612],[-68.22171903,10.87309337],[-68.21832335,10.87184846],[-68.21738505,10.86716473],[-68.21579361,10.86535788],[-68.21510971,10.86792123],[-68.21665323,10.87150943],[-68.21597791,10.8774811],[-68.22033083,10.87881076],[-68.22210431,10.87799573],[-68.22507191,10.87911296],[-68.22696781,10.87842464],[-68.22697413,10.88220572],[-68.22390306,10.88378942],[-68.22448885,10.88630605],[-68.23103893,10.88551605],[-68.23174131,10.88565934],[-68.23774016,10.88851762],[-68.24031723,10.89054573],[-68.24253607,10.89324641],[-68.24359214,10.89485753],[-68.24515343,10.8984375],[-68.24547148,10.8984375],[-68.24602616,10.90091646],[-68.24901271,10.90292835],[-68.24980056,10.90414667],[-68.2505486,10.90559125],[-68.25107825,10.90910363],[-68.25098395,10.90946674],[-68.24763668,10.91208434],[-68.24753261,10.91467977],[-68.25298023,10.91849732],[-68.25838494,10.92066574],[-68.26081872,10.91894531],[-68.26081872,10.91838717],[-68.25953126,10.9170022],[-68.2554388,10.91389322],[-68.25319636,10.90997887],[-68.25309837,10.90909064],[-68.25511277,10.90484822],[-68.25091147,10.90383518],[-68.25302184,10.90209734],[-68.25452471,10.8984375],[-68.25443685,10.89826274],[-68.25700235,10.89746356],[-68.25696266,10.89517725],[-68.25816536,10.89423585],[-68.25911725,10.89405906],[-68.26347375,10.89404523],[-68.26822865,10.89534342],[-68.28005958,10.89795673],[-68.28093445,10.8984375],[-68.28156567,10.8984375],[-68.29308605,10.90324783],[-68.31122065,10.90858006],[-68.31425798,10.90838635],[-68.31597006,10.90901935],[-68.31637883,10.91197991],[-68.31667304,10.91229975],[-68.32172847,10.91533983],[-68.33235002,10.9128077],[-68.34194934,10.90755665],[-68.34851885,10.90652061],[-68.34864926,10.90970564],[-68.35631144,10.91397977],[-68.35715103,10.91800725],[-68.36341155,10.91813874],[-68.36449075,10.92134094],[-68.36445975,10.92188096],[-68.36256325,10.92729533],[-68.36388278,10.92961884],[-68.36270475,10.93096447],[-68.36145365,10.93131745],[-68.34947598,10.93212152],[-68.34892702,10.93212521],[-68.34360886,10.93011391],[-68.34065652,10.93115366],[-68.33976936,10.93279314],[-68.33651936,10.93237901],[-68.33361494,10.93372655],[-68.33166385,10.93189001],[-68.33027887,10.93199122],[-68.32531726,10.93298125],[-68.32458997,10.93325353],[-68.32071114,10.93607676],[-68.3172425,10.93687975],[-68.31537795,10.93531001],[-68.31552792,10.93392694],[-68.31069863,10.93244147],[-68.30878174,10.93000054],[-68.30469012,10.93100977],[-68.29951537,10.92882025],[-68.29440522,10.92856157],[-68.29403877,10.92604864],[-68.2899332,10.92615211],[-68.28736413,10.92448247],[-68.28657174,10.92322385],[-68.28875673,10.91775751],[-68.29142678,10.91873813],[-68.29395044,10.91832387],[-68.29609716,10.91614366],[-68.2923094,10.91506004],[-68.28459644,10.91039777],[-68.27920735,10.90376282],[-68.27668595,10.90298355],[-68.27174056,10.90412056],[-68.26803756,10.90356922],[-68.26449203,10.90442443],[-68.26296961,10.90502953],[-68.26174331,10.90693116],[-68.26351655,10.90939164],[-68.26417434,10.90978897],[-68.26558971,10.90988386],[-68.26607645,10.90971422],[-68.26824236,10.90797341],[-68.27080727,10.90955997],[-68.27185035,10.91096127],[-68.27471352,10.91755116],[-68.27471566,10.92034102],[-68.27340114,10.92300844],[-68.26907635,10.92480946],[-68.26831651,10.92573845],[-68.26805675,10.92652094],[-68.26912045,10.93095434],[-68.27062333,10.93429995],[-68.27168012,10.93599546],[-68.27858162,10.94112706],[-68.28296494,10.94592297],[-68.28326321,10.94787705],[-68.28346336,10.94811726],[-68.28547645,10.94912744],[-68.29109085,10.95920062],[-68.29417896,10.96390975],[-68.30374742,10.97614002],[-68.30325162,10.97691286],[-68.30850685,10.98479831],[-68.31929672,11.00623763],[-68.32956636,11.03265023],[-68.33360553,11.0531311],[-68.33945084,11.06709111],[-68.34437525,11.07421875],[-68.34465945,11.07421875],[-68.35832286,11.09654605],[-68.36916411,11.11006725],[-68.38192046,11.13632166],[-68.38827753,11.14582872],[-68.38920605,11.14939904],[-68.38920152,11.14972651],[-68.38896465,11.15637267],[-68.38800394,11.1587249],[-68.38747585,11.15948737],[-68.38527608,11.16124511],[-68.37955475,11.15883362],[-68.37902832,11.15889084],[-68.37802351,11.15980303],[-68.37841415,11.16111708],[-68.37972724,11.16359687],[-68.39325857,11.17982686],[-68.40446281,11.19051814],[-68.40990341,11.19302416],[-68.41071045,11.19303071],[-68.41245341,11.19225132],[-68.41281116,11.19177222],[-68.41290617,11.19042444],[-68.41238451,11.18972015],[-68.40833795,11.1867429],[-68.40737724,11.1848613],[-68.40796995,11.18068147],[-68.41225767,11.17435145],[-68.41862404,11.17122185],[-68.44321597,11.17396414],[-68.45340586,11.17831516],[-68.46956944,11.19607925],[-68.48012197,11.20294571],[-68.48889005,11.21223807],[-68.49069345,11.21248007],[-68.49298787,11.21750212],[-68.49831367,11.22342884],[-68.50143945,11.22526562],[-68.50819647,11.23431051],[-68.51146352,11.23909616],[-68.51149595,11.24255228],[-68.51502097,11.24529874],[-68.51658964,11.24750495],[-68.51688814,11.25],[-68.51714194,11.25],[-68.51761663,11.25135612],[-68.52496386,11.25697541],[-68.52678621,11.2587924],[-68.53120065,11.26470828],[-68.53160512,11.26494241],[-68.53517067,11.26520061],[-68.53778601,11.26726496],[-68.54239428,11.26461744],[-68.54565823,11.26479316],[-68.5546875,11.27092636],[-68.5546875,11.27120531],[-68.55757415,11.27394712],[-68.55860746,11.27434504],[-68.56100786,11.27484655],[-68.56360221,11.2748034],[-68.56746495,11.27365756],[-68.57158494,11.27154362],[-68.57845068,11.27521443],[-68.58493125,11.27486503],[-68.59289181,11.28246891],[-68.59947813,11.28075755],[-68.60186064,11.28172362],[-68.61339355,11.29245234],[-68.62491214,11.30514526],[-68.63909352,11.32419991],[-68.64389408,11.32819033],[-68.65350413,11.34086406],[-68.66259253,11.34773326],[-68.66646886,11.34791815],[-68.66819072,11.34651184],[-68.67140198,11.3472476],[-68.68631375,11.35438955],[-68.68977261,11.35498405],[-68.69175434,11.35308552],[-68.69034874,11.34875715],[-68.69039381,11.34587252],[-68.69096255,11.34419835],[-68.69254458,11.34267223],[-68.69453025,11.34173965],[-68.69947445,11.34048641],[-68.70003235,11.34048796],[-68.70667791,11.34096694],[-68.71754992,11.34517455],[-68.72325897,11.34802878],[-68.72828841,11.35124683],[-68.73202431,11.35384321],[-68.73985505,11.36090946],[-68.74258721,11.36455274],[-68.74730885,11.36655724],[-68.75338042,11.36598206],[-68.75987327,11.37145793],[-68.76644957,11.37363315],[-68.77900922,11.38694966],[-68.78754008,11.39358532],[-68.79125047,11.39513195],[-68.79484844,11.39846385],[-68.79826105,11.40210748],[-68.80791616,11.41410327],[-68.80864525,11.41509092],[-68.81217682,11.42122161],[-68.81579936,11.42578125],[-68.8162955,11.42578125],[-68.82509005,11.43624425],[-68.82953632,11.44390202],[-68.83523154,11.44203341],[-68.83748198,11.43877566],[-68.84059703,11.43802834],[-68.85066342,11.44293177],[-68.85768044,11.44967544],[-68.86000693,11.45054054],[-68.86340773,11.44900191],[-68.8694607,11.44956851],[-68.87425184,11.44585824],[-68.87934136,11.44666708],[-68.88250577,11.4484781],[-68.88589692,11.44817781],[-68.88660383,11.44773805],[-68.88475323,11.44610321],[-68.88480484,11.44480348],[-68.88822114,11.44139266],[-68.89674985,11.44244075],[-68.89722145,11.44257033],[-68.90371525,11.44543493],[-68.90625,11.44782364],[-68.90625,11.44810271],[-68.90957475,11.44830954],[-68.91463363,11.44620097],[-68.92346454,11.44530511],[-68.92847633,11.44667816],[-68.9334805,11.44602442],[-68.94427562,11.45040572],[-68.9479022,11.45082033],[-68.94875526,11.45070374],[-68.95423508,11.44776785],[-68.95962298,11.44751418],[-68.96448731,11.44339037],[-68.96854043,11.44235384],[-68.96906197,11.44073212],[-68.96716166,11.43937921],[-68.96762431,11.43867934],[-68.97257435,11.4375627],[-68.97675085,11.43969774],[-68.97975671,11.43982112],[-68.98582065,11.43773973],[-68.98937023,11.43476665],[-69.00236487,11.43952167],[-69.00833333,11.44301176],[-69.01097214,11.44238365],[-69.01356578,11.43982017],[-69.01852846,11.43860924],[-69.01822507,11.43655896],[-69.02170241,11.43521774],[-69.03012955,11.43697345],[-69.04218256,11.44350326],[-69.04616106,11.44230735],[-69.05102015,11.43907547],[-69.0629884,11.44620764],[-69.07235265,11.45452011],[-69.0880053,11.47276747],[-69.09785581,11.48620641],[-69.10108936,11.48899245],[-69.10345662,11.48884547],[-69.10741007,11.49352932],[-69.11163688,11.49130416],[-69.11007726,11.48753893],[-69.11257374,11.48440397],[-69.11926055,11.48356736],[-69.12557876,11.48582852],[-69.1339848,11.49113047],[-69.14238012,11.48998475],[-69.14980865,11.49253035],[-69.15344202,11.49118638],[-69.15892625,11.49344897],[-69.16851485,11.50003612],[-69.17653942,11.50834095],[-69.18295968,11.51053011],[-69.18652987,11.50951612],[-69.19596863,11.509305],[-69.19634986,11.50917816],[-69.19856465,11.50706625],[-69.19872224,11.50682676],[-69.19984186,11.50375652],[-69.20028913,11.50345373],[-69.20258546,11.50258636],[-69.20731306,11.50309145],[-69.22054386,11.51057792],[-69.22185278,11.51051903],[-69.22402155,11.50815225],[-69.22978866,11.50991094],[-69.24943602,11.52237165],[-69.25395417,11.52739596],[-69.2578125,11.52929676],[-69.2578125,11.52957594],[-69.26569033,11.53427196],[-69.27531445,11.53299594],[-69.28127551,11.53395104],[-69.28360271,11.53332794],[-69.2869153,11.52619565],[-69.29440272,11.52519286],[-69.29846263,11.52270365],[-69.30004168,11.52019715],[-69.30903232,11.51527071],[-69.31488872,11.51423013],[-69.32253301,11.50892544],[-69.32906425,11.50722313],[-69.32882893,11.50304842],[-69.3336364,11.49983406],[-69.34051836,11.49572897],[-69.35206604,11.49098563],[-69.35514605,11.49073505],[-69.35805941,11.48646748],[-69.36236525,11.48422575],[-69.36670625,11.48420656],[-69.36873734,11.48240054],[-69.38349175,11.48241484],[-69.38954318,11.48459315],[-69.3923465,11.48332417],[-69.39604914,11.48362482],[-69.40695453,11.48826766],[-69.41309965,11.48858893],[-69.42225981,11.49213338],[-69.43114436,11.49351788],[-69.43520713,11.49253142],[-69.44352663,11.49360943],[-69.4506582,11.49773824],[-69.45977223,11.50048673],[-69.47523093,11.50008595],[-69.48453212,11.50086617],[-69.49316525,11.50376177],[-69.50290143,11.50369525],[-69.51327086,11.50550282],[-69.51361227,11.50550783],[-69.51910961,11.50496113],[-69.52665126,11.50249171],[-69.53232956,11.49762535],[-69.53660941,11.49654806],[-69.53960764,11.49302304],[-69.5428524,11.49216235],[-69.56049502,11.47951508],[-69.56094027,11.47914743],[-69.56607544,11.47392786],[-69.56784916,11.46723068],[-69.57062304,11.46411812],[-69.57112014,11.4588356],[-69.57348287,11.45689166],[-69.57539284,11.45588613],[-69.58624256,11.45482624],[-69.59755313,11.45646584],[-69.60156655,11.4584192],[-69.60703397,11.45875514],[-69.60732734,11.45887494],[-69.609375,11.46010041],[-69.609375,11.46037936],[-69.62056422,11.46626782],[-69.62484121,11.46905375],[-69.63800526,11.47940314],[-69.65426028,11.49673116],[-69.66540182,11.50960505],[-69.68017364,11.53264952],[-69.68704987,11.54058862],[-69.70951855,11.57938993],[-69.72096396,11.6015625],[-69.72076964,11.6015625],[-69.72379005,11.60627413],[-69.73870444,11.6416049],[-69.74124396,11.64785147],[-69.74333346,11.65517592],[-69.74349546,11.65553558],[-69.74723697,11.66073203],[-69.74962473,11.66640723],[-69.75152814,11.66811085],[-69.75109744,11.66948807],[-69.75336266,11.67282665],[-69.75411642,11.67929268],[-69.76069212,11.69163406],[-69.75963235,11.69298518],[-69.76177204,11.69625103],[-69.76158083,11.69977605],[-69.76169455,11.70025742],[-69.76526594,11.71108651],[-69.76940358,11.72106636],[-69.76996148,11.72517335],[-69.77303946,11.73061681],[-69.77275372,11.73256326],[-69.77572405,11.73872185],[-69.77667856,11.7438426],[-69.77720916,11.74534523],[-69.77857351,11.74665928],[-69.78006744,11.7528218],[-69.78233647,11.75858045],[-69.78446507,11.76157904],[-69.78597903,11.76576662],[-69.78942955,11.77734375],[-69.78957558,11.77734375],[-69.78984416,11.78102207],[-69.79406321,11.79226005],[-69.79457533,11.79835916],[-69.80104935,11.82100272],[-69.80802894,11.86039174],[-69.81213617,11.87673187],[-69.81339335,11.87753904],[-69.81301951,11.88317156],[-69.81435251,11.88727033],[-69.81515276,11.89848685],[-69.81544864,11.90854561],[-69.81378138,11.92751098],[-69.81317174,11.92997503],[-69.81190002,11.93346155],[-69.80712903,11.93604457],[-69.80116057,11.94170952],[-69.80230105,11.94385517],[-69.80537164,11.94316864],[-69.8101778,11.94531608],[-69.81381154,11.953125],[-69.81893754,11.96472478],[-69.82003987,11.96968555],[-69.82029772,11.9714061],[-69.81930172,11.97477353],[-69.81960797,11.98580587],[-69.8205837,11.98760235],[-69.81991684,11.99081695],[-69.82347286,11.99319363],[-69.82158065,11.99701655],[-69.82352877,12.00403893],[-69.82583404,12.0055443],[-69.82988906,12.00594771],[-69.83123446,12.00966752],[-69.83343351,12.01165104],[-69.83259141,12.01974988],[-69.83526087,12.02243805],[-69.83670342,12.02551234],[-69.83694923,12.02902412],[-69.83908856,12.03367794],[-69.83950496,12.03428912],[-69.84561491,12.03723514],[-69.84623468,12.04151416],[-69.85119796,12.04592907],[-69.8509227,12.05457187],[-69.85234714,12.05758166],[-69.85449362,12.05870235],[-69.85484946,12.06306803],[-69.85683405,12.06515014],[-69.85832155,12.06989241],[-69.86353827,12.07721245],[-69.86656296,12.07888615],[-69.86692846,12.08339262],[-69.87097967,12.08418036],[-69.87396145,12.0863589],[-69.87398064,12.09076822],[-69.87684596,12.09900045],[-69.88022177,12.10117543],[-69.88078666,12.10153937],[-69.88243842,12.10810626],[-69.88473654,12.11236942],[-69.88398302,12.1181432],[-69.88484025,12.12030995],[-69.88500917,12.12069142],[-69.89009285,12.12488151],[-69.89036965,12.12527227],[-69.89108121,12.12890625],[-69.89130986,12.12890625],[-69.89268172,12.13306916],[-69.89521146,12.13516426],[-69.89482725,12.1363343],[-69.89764524,12.13989663],[-69.90054512,12.14296436],[-69.90448976,12.14461064],[-69.90426326,12.14680636],[-69.90579462,12.14955688],[-69.91404426,12.15468562],[-69.91629696,12.15870643],[-69.91673672,12.15913606],[-69.92997074,12.17066658],[-69.93289852,12.17210603],[-69.93436623,12.17237985],[-69.93449521,12.17041385],[-69.93516016,12.16989684],[-69.93716824,12.17003727],[-69.93933046,12.17215252],[-69.94207215,12.17220461],[-69.94422364,12.17546928],[-69.9609375,12.17494404],[-69.96131933,12.17490935],[-69.96304953,12.17433345],[-69.96449184,12.17185354],[-69.96630144,12.17175412],[-69.96729505,12.17190683],[-69.98250675,12.17863595],[-69.98334372,12.1790719],[-69.98900855,12.18389952],[-69.99973285,12.19641244],[-70.00045967,12.19447541],[-70.00567186,12.19366825],[-70.01016176,12.19366622],[-70.01324713,12.19526005],[-70.02254295,12.19546497],[-70.0232234,12.19523346],[-70.02770841,12.19097602],[-70.03051472,12.19053304],[-70.03286135,12.18841672],[-70.03452683,12.18912077],[-70.03484094,12.18899345],[-70.03707552,12.18733275],[-70.03830135,12.18395042],[-70.040012,12.18335307],[-70.04174316,12.18491793],[-70.04378796,12.18466794],[-70.05239511,12.17993653],[-70.06085885,12.17312372],[-70.06847382,12.17296791],[-70.06772566,12.16863585],[-70.06901515,12.16685796],[-70.08389926,12.15924561],[-70.09232974,12.15237331],[-70.09738016,12.15072036],[-70.09895885,12.14970005],[-70.09922075,12.14938211],[-70.10051715,12.14546227],[-70.10236335,12.14372337],[-70.1108942,12.14013541],[-70.11455572,12.13779592],[-70.11781335,12.13505542],[-70.12027073,12.13239408],[-70.12099373,12.13099825],[-70.12102401,12.12890625],[-70.12117934,12.12890625],[-70.12027085,12.12621927],[-70.12729001,12.12006891],[-70.13043141,12.11798203],[-70.13598895,12.11481047],[-70.14526665,12.11151481],[-70.14480817,12.10977077],[-70.14734423,12.10698688],[-70.14788234,12.10673273],[-70.17879033,12.10159254],[-70.20196915,12.10153008],[-70.20277771,12.10117543],[-70.20713115,12.09926593],[-70.20913875,12.09964406],[-70.2116549,12.09613013],[-70.21401882,12.09477031],[-70.21505773,12.09321511],[-70.21512544,12.09279084],[-70.21371496,12.0905534],[-70.21834207,12.08256137],[-70.21347296,12.08048594],[-70.21097624,12.07815826],[-70.20875013,12.07481515],[-70.20850301,12.07210684],[-70.21558654,12.04731548],[-70.21762764,12.04362214],[-70.23333228,12.02533805],[-70.2391839,12.01547134],[-70.24504685,11.99984801],[-70.25777435,11.98027337],[-70.25882185,11.96928406],[-70.25635874,11.96434236],[-70.25653696,11.96390343],[-70.25910056,11.95795393],[-70.26288772,11.953125],[-70.26983333,11.94406712],[-70.26940525,11.9413588],[-70.27375281,11.9323405],[-70.28098917,11.92510295],[-70.28504038,11.91256166],[-70.29086435,11.90158224],[-70.29124272,11.88656426],[-70.28881884,11.87185776],[-70.29462612,11.86199713],[-70.28519106,11.86119223],[-70.28030074,11.85390925],[-70.28018641,11.85366178],[-70.27939475,11.84910572],[-70.28167605,11.83749402],[-70.2768445,11.82628214],[-70.27655411,11.81727362],[-70.27637994,11.81702781],[-70.2735852,11.81919587],[-70.26756525,11.82023001],[-70.26073456,11.8185147],[-70.25618374,11.80707157],[-70.25437045,11.79860103],[-70.25840998,11.79538512],[-70.25563586,11.79336917],[-70.25293255,11.79488242],[-70.25216317,11.79432344],[-70.25273406,11.79172003],[-70.24915266,11.78734171],[-70.24663544,11.77734375],[-70.24640393,11.77734375],[-70.24521172,11.77313805],[-70.24499714,11.77286804],[-70.24387753,11.77393115],[-70.24211931,11.77337444],[-70.23868704,11.75730658],[-70.23730981,11.75700867],[-70.23688674,11.75711203],[-70.23649287,11.75915813],[-70.23599017,11.75956631],[-70.23398018,11.75918317],[-70.23188901,11.76130581],[-70.23166728,11.76227236],[-70.23166776,11.76284838],[-70.2321918,11.76522243],[-70.23894036,11.76990235],[-70.23779595,11.77696514],[-70.23683476,11.77746427],[-70.22771764,11.78073025],[-70.21698225,11.77734375],[-70.21288252,11.7755959],[-70.20920432,11.77086794],[-70.20900142,11.77046645],[-70.20626354,11.76437044],[-70.20690095,11.76387846],[-70.20541668,11.76168108],[-70.2045542,11.75843716],[-70.20453036,11.75607502],[-70.20552003,11.75375688],[-70.20636404,11.75232875],[-70.20985162,11.74890494],[-70.21258605,11.7480998],[-70.2154597,11.75023353],[-70.21747625,11.74969757],[-70.21784115,11.74855232],[-70.21651673,11.7453047],[-70.21313155,11.74661994],[-70.21237266,11.74446475],[-70.20930564,11.74438775],[-70.20799375,11.74226832],[-70.20378506,11.74125016],[-70.20349455,11.74089265],[-70.20058465,11.73578703],[-70.20188057,11.73170435],[-70.20150733,11.72880936],[-70.20205462,11.72782826],[-70.20458543,11.72659397],[-70.20967066,11.72575736],[-70.21135676,11.73227906],[-70.21281135,11.73332191],[-70.21827865,11.72714067],[-70.21984315,11.72679734],[-70.22210825,11.72803044],[-70.22699356,11.73590195],[-70.22578788,11.74384117],[-70.22846556,11.74013984],[-70.22894776,11.73981845],[-70.23482394,11.73796213],[-70.23494673,11.73758233],[-70.23095167,11.73211312],[-70.23074257,11.73190427],[-70.22758925,11.73156226],[-70.22543204,11.72846305],[-70.22585034,11.72173893],[-70.22360337,11.72200215],[-70.22206998,11.72029173],[-70.22373796,11.71832013],[-70.22200656,11.71765733],[-70.22137654,11.71456814],[-70.21929145,11.71407986],[-70.21793103,11.71715164],[-70.21554232,11.71837187],[-70.21214175,11.71551514],[-70.21439505,11.71297693],[-70.21109712,11.71342528],[-70.20936763,11.70776045],[-70.21083415,11.7004801],[-70.2133162,11.69756687],[-70.21680295,11.69577706],[-70.21953023,11.69565725],[-70.22144675,11.69848764],[-70.22615492,11.69752884],[-70.22396111,11.69669092],[-70.22264421,11.69352567],[-70.22084296,11.69423604],[-70.21946085,11.69296944],[-70.21863365,11.68823802],[-70.22150803,11.68707407],[-70.21934736,11.68668747],[-70.21314907,11.67257345],[-70.21705067,11.67142022],[-70.21547556,11.66590285],[-70.21758115,11.66382217],[-70.21989286,11.6633085],[-70.22214484,11.66051054],[-70.22843432,11.64435577],[-70.23155117,11.64216685],[-70.23542047,11.63528657],[-70.23548651,11.63180184],[-70.23569977,11.6315099],[-70.23838675,11.63080394],[-70.23843503,11.63037956],[-70.23439705,11.62840402],[-70.23447311,11.6280421],[-70.23779786,11.62683916],[-70.2384727,11.62587297],[-70.23832047,11.62561834],[-70.23443055,11.62683034],[-70.23383164,11.62665641],[-70.23584366,11.62353277],[-70.23489451,11.62316382],[-70.23309648,11.62466693],[-70.23267925,11.62468255],[-70.23149204,11.62370658],[-70.23136497,11.62309551],[-70.23166418,11.62229216],[-70.23407555,11.62028944],[-70.23253655,11.6195209],[-70.23038805,11.62133837],[-70.22919238,11.61983621],[-70.22974694,11.61775184],[-70.22492862,11.61797845],[-70.22355533,11.61001051],[-70.22084665,11.60834146],[-70.21949828,11.60604322],[-70.21388292,11.60708952],[-70.20706832,11.60388207],[-70.20063674,11.60483408],[-70.19720614,11.60357034],[-70.18954456,11.60571921],[-70.18469274,11.60471642],[-70.17770875,11.60812676],[-70.17427194,11.60812211],[-70.16195583,11.61236191],[-70.15524185,11.61351895],[-70.15254641,11.61147058],[-70.14512205,11.61715817],[-70.14136815,11.61865747],[-70.12586653,11.61650097],[-70.11943901,11.61948585],[-70.10921717,11.62161052],[-70.10891354,11.62262356],[-70.10251462,11.62411118],[-70.10106564,11.62336016],[-70.08660162,11.62810242],[-70.08338225,11.62777126],[-70.08324742,11.62937415],[-70.08003986,11.63141525],[-70.07611704,11.63067365],[-70.07556391,11.63213086],[-70.05962396,11.6350739],[-70.05593693,11.63784444],[-70.05183566,11.63865995],[-70.05309701,11.63681865],[-70.05256903,11.63533974],[-70.04255486,11.64121056],[-70.04179013,11.63987172],[-70.03996837,11.63970304],[-70.02953804,11.6449393],[-70.02401423,11.64495957],[-70.01482415,11.64879668],[-70.01233184,11.64864957],[-70.00108695,11.65621698],[-69.99813557,11.65712476],[-69.98775041,11.65730965],[-69.98519635,11.65632391],[-69.97881615,11.65752184],[-69.97611642,11.65859735],[-69.97585988,11.6613965],[-69.97439706,11.66237783],[-69.97188473,11.66070843],[-69.96859062,11.66179121],[-69.96484017,11.65879726],[-69.96302617,11.66207945],[-69.9609375,11.66350436],[-69.9609375,11.66545761],[-69.96051121,11.66567111],[-69.95726872,11.66559923],[-69.95520365,11.66280651],[-69.95251894,11.66305757],[-69.94930315,11.66099155],[-69.94996941,11.6661936],[-69.93948245,11.67086852],[-69.93907118,11.67085171],[-69.93929136,11.66702688],[-69.93284762,11.66511357],[-69.93301785,11.66251337],[-69.93911242,11.66291678],[-69.94667304,11.65986145],[-69.94259083,11.65760088],[-69.94094324,11.65506113],[-69.9290961,11.65360773],[-69.92516935,11.64802158],[-69.92058456,11.65051615],[-69.91181326,11.66225147],[-69.9097985,11.66322541],[-69.90815353,11.66175485],[-69.90613437,11.66223705],[-69.90328145,11.66675842],[-69.89873302,11.66854346],[-69.89734745,11.67176545],[-69.89290786,11.67293775],[-69.89202106,11.67222071],[-69.89742053,11.66835594],[-69.89646804,11.66635001],[-69.89325345,11.66765916],[-69.88697541,11.66761756],[-69.8768754,11.66570008],[-69.87361157,11.66734862],[-69.87234163,11.66689265],[-69.87140012,11.66363597],[-69.86984193,11.66361547],[-69.86897027,11.66668701],[-69.86610746,11.6701411],[-69.86442685,11.67842066],[-69.86263561,11.68078494],[-69.8591696,11.68348515],[-69.85156715,11.68373847],[-69.84659493,11.68752086],[-69.84506047,11.6905452],[-69.84419942,11.69111216],[-69.8426882,11.69149435],[-69.84086847,11.69149578],[-69.83786011,11.69020545],[-69.83621192,11.68778634],[-69.82999516,11.68529665],[-69.82886374,11.68045485],[-69.82268906,11.67665052],[-69.81595504,11.67982686],[-69.81245363,11.68649352],[-69.80257964,11.69453776],[-69.80260742,11.69536352],[-69.80587566,11.69525111],[-69.80458951,11.69711697],[-69.7980653,11.69747806],[-69.79790318,11.69487083],[-69.79406953,11.69262803],[-69.79018486,11.6868031],[-69.78700805,11.68638384],[-69.78683901,11.68959606],[-69.79015052,11.6912806],[-69.79469252,11.69760954],[-69.79413295,11.70282853],[-69.80220366,11.70501244],[-69.798262,11.70531607],[-69.79994643,11.70754337],[-69.80238116,11.70858633],[-69.80058301,11.71747637],[-69.80154371,11.71878445],[-69.80185485,11.72426081],[-69.80365467,11.72533906],[-69.80506468,11.72868228],[-69.80701935,11.74259353],[-69.80701935,11.74290574],[-69.80372286,11.75012553],[-69.8044486,11.75371182],[-69.80109465,11.75645113],[-69.79869413,11.75619936],[-69.79933524,11.75935793],[-69.79777515,11.76364291],[-69.79881644,11.76906431],[-69.80478346,11.77520704],[-69.80538392,11.77734375],[-69.80554283,11.77734375],[-69.80648124,11.78071547],[-69.80661893,11.78142762],[-69.80561686,11.78617072],[-69.80831504,11.79419875],[-69.80823386,11.79522955],[-69.80760503,11.79815435],[-69.80446601,11.80372012],[-69.80447292,11.80399728],[-69.80661511,11.81202865],[-69.80792856,11.81561172],[-69.80828595,11.81612802],[-69.81307685,11.82149374],[-69.81673491,11.82336664],[-69.81699073,11.82607055],[-69.81914878,11.82974744],[-69.82191932,11.83055735],[-69.82387865,11.82983577],[-69.82509816,11.83069074],[-69.82636416,11.83272874],[-69.82956314,11.84253705],[-69.83036184,11.8464694],[-69.82937574,11.85138762],[-69.82893801,11.85175705],[-69.82794464,11.85201168],[-69.82278442,11.85048127],[-69.82106531,11.85264587],[-69.81744015,11.84892106],[-69.81726611,11.84847736],[-69.80350995,11.80326355],[-69.79865015,11.79139554],[-69.79769754,11.78555262],[-69.79521358,11.77967334],[-69.79512763,11.77734375],[-69.79348862,11.76889896],[-69.79008853,11.76074982],[-69.79075205,11.75688815],[-69.78845263,11.75520134],[-69.78969586,11.75272918],[-69.78686547,11.75237155],[-69.78686547,11.74958146],[-69.78535414,11.74786603],[-69.78502035,11.74397445],[-69.78623354,11.74146295],[-69.78398073,11.73525155],[-69.78537655,11.73215866],[-69.78222597,11.73068893],[-69.77971017,11.72444177],[-69.78026795,11.72259033],[-69.77879035,11.71952164],[-69.77942204,11.71781433],[-69.77754545,11.71474397],[-69.77635264,11.70788765],[-69.78088093,11.70706058],[-69.79827452,11.71083856],[-69.79944825,11.70910394],[-69.79747927,11.70888555],[-69.79820454,11.70748246],[-69.79676461,11.70805085],[-69.79356861,11.70598614],[-69.78957212,11.70783865],[-69.783674,11.70606565],[-69.7758702,11.70609248],[-69.77185178,11.69018376],[-69.77042305,11.68817282],[-69.77048492,11.68626297],[-69.76902437,11.6863116],[-69.76952136,11.68462121],[-69.76496291,11.67520714],[-69.76487601,11.67302024],[-69.76323497,11.67222106],[-69.76399994,11.67062867],[-69.76144946,11.66391945],[-69.75387263,11.64943445],[-69.75139713,11.64128053],[-69.74276686,11.62600613],[-69.73850453,11.61397195],[-69.73837161,11.61367464],[-69.73159564,11.6015625],[-69.73149657,11.6015625],[-69.71937168,11.57314742],[-69.71582675,11.56964064],[-69.70246065,11.54673553],[-69.69935834,11.54394424],[-69.69469798,11.53596127],[-69.69440567,11.53274608],[-69.69062471,11.52892816],[-69.68644977,11.52108002],[-69.68494666,11.52052987],[-69.68548393,11.51759005],[-69.68266666,11.51716924],[-69.67820406,11.51047027],[-69.67690516,11.50770915],[-69.67737997,11.50406945],[-69.6754117,11.50331545],[-69.66348708,11.48961377],[-69.66050422,11.488168],[-69.6631304,11.48275006],[-69.66247976,11.48114204],[-69.66335535,11.47659302],[-69.66939843,11.47075653],[-69.66931081,11.46646488],[-69.67447793,11.46500576],[-69.67949247,11.46205294],[-69.68028593,11.45860016],[-69.68153262,11.45734477],[-69.68774843,11.45337248],[-69.68920624,11.45099425],[-69.6896944,11.45072341],[-69.69185901,11.45023513],[-69.69249761,11.45021081],[-69.69446254,11.45311356],[-69.69447136,11.45346642],[-69.69415677,11.4540596],[-69.69061518,11.45457482],[-69.68447638,11.45890582],[-69.68461645,11.46118116],[-69.6881814,11.46225345],[-69.68706536,11.46488631],[-69.68755162,11.4652431],[-69.68827152,11.46534443],[-69.69052601,11.46499753],[-69.69137764,11.46453571],[-69.69216704,11.46301627],[-69.68951726,11.45998752],[-69.69032943,11.4583714],[-69.69410956,11.45723391],[-69.69510305,11.46021962],[-69.69736755,11.46192825],[-69.70136905,11.46196175],[-69.70187247,11.45823753],[-69.70576346,11.45399714],[-69.70781243,11.45447683],[-69.71225917,11.45253694],[-69.71765685,11.44710612],[-69.72001624,11.44603395],[-69.72598886,11.44548297],[-69.72658324,11.44862246],[-69.72916865,11.44869792],[-69.72358811,11.45380044],[-69.72366214,11.45575666],[-69.72827232,11.45612895],[-69.73083878,11.45232844],[-69.7363162,11.45530093],[-69.74093592,11.45364284],[-69.74105644,11.45231354],[-69.74333191,11.45159936],[-69.74383962,11.45355236],[-69.74543595,11.45443916],[-69.75039494,11.45161665],[-69.75061655,11.45079207],[-69.74718726,11.44944274],[-69.75013685,11.44704413],[-69.75279665,11.44583404],[-69.75555694,11.44719255],[-69.75715685,11.44665897],[-69.76073682,11.44478655],[-69.76182008,11.44202483],[-69.76533592,11.44061267],[-69.76826668,11.4437921],[-69.77110112,11.44462395],[-69.77199376,11.44298303],[-69.77694404,11.44116294],[-69.77571547,11.43956316],[-69.77613854,11.43827164],[-69.78441048,11.43260014],[-69.78535581,11.42975485],[-69.78839064,11.42806673],[-69.79057455,11.42851055],[-69.79092574,11.42838848],[-69.79231346,11.42692113],[-69.79504633,11.42726815],[-69.79545617,11.42712235],[-69.79795575,11.42578125],[-69.79909015,11.42289758],[-69.80019975,11.42395377],[-69.80010104,11.42578125],[-69.80058885,11.42760336],[-69.80085695,11.42798984],[-69.80166233,11.42771375],[-69.80351722,11.42578125],[-69.80364454,11.42578125],[-69.80364454,11.42564166],[-69.80814314,11.42074203],[-69.80892611,11.42023575],[-69.81060207,11.41944635],[-69.81562161,11.41946125],[-69.82170355,11.42048013],[-69.82339895,11.42223406],[-69.82691884,11.42308247],[-69.83459473,11.42291927],[-69.83793497,11.42176855],[-69.84128106,11.42292297],[-69.84407711,11.42193007],[-69.85029185,11.42578125],[-69.85077167,11.42578125],[-69.85443306,11.42768145],[-69.85668826,11.42677057],[-69.8580513,11.42696857],[-69.85859585,11.42726815],[-69.85917664,11.43077385],[-69.87071872,11.43592656],[-69.87113726,11.43620145],[-69.8758291,11.44150138],[-69.87601805,11.44222391],[-69.8753494,11.44335723],[-69.87183785,11.44586015],[-69.87129784,11.44617236],[-69.86913001,11.44640744],[-69.86760271,11.45208633],[-69.87318707,11.44765306],[-69.87758231,11.44738567],[-69.87853014,11.4491173],[-69.87546384,11.45155334],[-69.86993444,11.45240486],[-69.86851466,11.45443416],[-69.8730098,11.45336461],[-69.87100935,11.45698094],[-69.8762722,11.45534503],[-69.87251401,11.45897377],[-69.87503874,11.46152365],[-69.88318264,11.45720744],[-69.87999725,11.46088564],[-69.87064207,11.46516395],[-69.87050414,11.46598935],[-69.87229264,11.46644688],[-69.8711431,11.46921945],[-69.87501752,11.46682],[-69.88415766,11.46377552],[-69.89029396,11.46633554],[-69.89350176,11.47436666],[-69.89686334,11.47882104],[-69.89387655,11.48613298],[-69.89638996,11.4870944],[-69.89971316,11.48660028],[-69.89951313,11.48938012],[-69.90449321,11.48813868],[-69.90163457,11.49158812],[-69.89543486,11.49293327],[-69.8963778,11.49564123],[-69.89779067,11.49435008],[-69.90189874,11.49376714],[-69.90610957,11.48838842],[-69.90883815,11.48783708],[-69.90394926,11.49590945],[-69.90043747,11.49702263],[-69.89964104,11.49883533],[-69.89805555,11.49733424],[-69.89771545,11.49818838],[-69.89956737,11.50045896],[-69.89987886,11.50067377],[-69.90040445,11.5008105],[-69.90910447,11.49281025],[-69.91083312,11.49306452],[-69.91135812,11.49137616],[-69.91526532,11.48998141],[-69.91874671,11.49179125],[-69.92065465,11.49935782],[-69.92267191,11.5007987],[-69.92732358,11.49928856],[-69.93127751,11.51085198],[-69.93026638,11.51515591],[-69.92324245,11.51992095],[-69.92012107,11.52091062],[-69.91925943,11.52238667],[-69.92007911,11.52319574],[-69.93204427,11.51709211],[-69.93950403,11.51767445],[-69.94208014,11.51537323],[-69.94496596,11.51827383],[-69.94701064,11.52299011],[-69.94949675,11.52256775],[-69.95025456,11.51938975],[-69.95264375,11.51823807],[-69.95848596,11.50707912],[-69.95876253,11.50681245],[-69.9609375,11.50530136],[-69.96305788,11.50424063],[-69.96925783,11.50336122],[-69.97613525,11.49921703],[-69.97883344,11.49984074],[-69.98169374,11.50248075],[-69.98528004,11.50162303],[-69.98789108,11.50914836],[-69.99102056,11.51336145],[-69.99209893,11.51403666],[-69.99326694,11.51403892],[-69.99366343,11.5137732],[-69.99578166,11.51067138],[-69.99615204,11.51040435],[-69.99871385,11.51058495],[-69.99942017,11.50933015],[-70.00510085,11.51863587],[-70.01142406,11.51652873],[-70.01307404,11.51444936],[-70.01612401,11.51325595],[-70.02013397,11.51472151],[-70.02069414,11.51167607],[-70.02945745,11.50954831],[-70.03102362,11.51087284],[-70.03366005,11.50782752],[-70.03502607,11.51015222],[-70.04391682,11.50934136],[-70.04554594,11.51097035],[-70.04870081,11.51169956],[-70.04469526,11.50712574],[-70.04808974,11.49849916],[-70.04994976,11.48897493],[-70.03940725,11.49050701],[-70.03666234,11.48890185],[-70.03455877,11.48503327],[-70.03014135,11.48267484],[-70.03084564,11.47685945],[-70.0317409,11.4779222],[-70.03309321,11.47666001],[-70.03566301,11.47663295],[-70.03617096,11.47629631],[-70.03737795,11.47454345],[-70.03915656,11.46921158],[-70.03971863,11.46710336],[-70.03890586,11.46607733],[-70.04021168,11.44732428],[-70.04395676,11.44325185],[-70.04707146,11.43733275],[-70.04745376,11.43689644],[-70.04943216,11.43599772],[-70.05482614,11.44018686],[-70.05657578,11.44189894],[-70.06231332,11.4501487],[-70.06359696,11.451424],[-70.06556022,11.45225465],[-70.06614184,11.45225048],[-70.06843662,11.45013034],[-70.07209778,11.4493643],[-70.07522714,11.4505434],[-70.08469176,11.44802797],[-70.08657443,11.44669604],[-70.08739531,11.44518971],[-70.08379996,11.44180763],[-70.08367085,11.43871045],[-70.08955658,11.43202555],[-70.09227586,11.42697537],[-70.09623551,11.42429793],[-70.09849942,11.42427063],[-70.10210741,11.42661285],[-70.12771583,11.45386744],[-70.13376641,11.46273434],[-70.13699043,11.46472955],[-70.14143026,11.46515954],[-70.14805555,11.46783984],[-70.15835333,11.46651781],[-70.16194916,11.46259224],[-70.16586745,11.46081936],[-70.16202497,11.46180344],[-70.15890431,11.46477985],[-70.15576494,11.46586955],[-70.15317821,11.46520448],[-70.1504426,11.46625376],[-70.14788032,11.46375012],[-70.14265931,11.46421301],[-70.14114654,11.46346235],[-70.14118814,11.46087682],[-70.14297187,11.45872915],[-70.14334416,11.45628631],[-70.14183438,11.45379162],[-70.13826525,11.4524945],[-70.14282382,11.44987345],[-70.14460301,11.44607484],[-70.14521766,11.44400775],[-70.14703417,11.43563688],[-70.14636874,11.43391061],[-70.14292455,11.43480885],[-70.14701211,11.42751276],[-70.14706576,11.42699516],[-70.14511645,11.42578125],[-70.14439845,11.42578125],[-70.14437234,11.42452121],[-70.14630413,11.42332864],[-70.14586616,11.42257214],[-70.14524436,11.42256844],[-70.14025807,11.42506695],[-70.14400375,11.41883743],[-70.1469208,11.41666675],[-70.14928281,11.41194296],[-70.15587795,11.41094136],[-70.15857768,11.41335213],[-70.15950274,11.40836537],[-70.16197622,11.40446866],[-70.16331935,11.3990941],[-70.16911435,11.39025295],[-70.17198873,11.37765062],[-70.17930043,11.37319732],[-70.18195164,11.3670727],[-70.18545723,11.36254108],[-70.19209325,11.35800934],[-70.20682144,11.35500705],[-70.21091116,11.35167086],[-70.21598554,11.34975755],[-70.21690476,11.34825206],[-70.22135925,11.34757555],[-70.22713995,11.34431934],[-70.23363614,11.34369922],[-70.23939538,11.34127176],[-70.24379635,11.34166276],[-70.24724495,11.34374082],[-70.25318217,11.34507811],[-70.26575935,11.35140896],[-70.2745136,11.35492802],[-70.27573907,11.3548851],[-70.29024434,11.35077918],[-70.29268408,11.3493067],[-70.29369724,11.34778357],[-70.29489505,11.34264076],[-70.30621183,11.33412397],[-70.30097771,11.33615196],[-70.29182804,11.34187365],[-70.29224646,11.34096754],[-70.31156361,11.32831585],[-70.30961382,11.33087528],[-70.31105185,11.33138371],[-70.31046402,11.33283496],[-70.3125,11.33314717],[-70.31323874,11.33308625],[-70.3165946,11.33083224],[-70.32031453,11.33034146],[-70.32163715,11.32843363],[-70.32598138,11.32753897],[-70.33238113,11.31988871],[-70.34306562,11.31592417],[-70.35169697,11.31542397],[-70.35638666,11.30973554],[-70.36980927,11.30840123],[-70.37692237,11.30911565],[-70.37855566,11.30643082],[-70.38210785,11.30560875],[-70.38604951,11.30622244],[-70.38739157,11.30577266],[-70.39088452,11.30422044],[-70.39628875,11.29927111],[-70.40053272,11.29327726],[-70.40738142,11.29014885],[-70.41301274,11.28450906],[-70.41984308,11.28045023],[-70.42021847,11.28032732],[-70.42423665,11.27934575],[-70.42991912,11.27853096],[-70.44150686,11.27851105],[-70.46182108,11.28572857],[-70.46802783,11.28610706],[-70.47254372,11.28963637],[-70.47682762,11.29030311],[-70.48185885,11.29042804],[-70.49548817,11.28556848],[-70.49811482,11.28426874],[-70.50178325,11.27966475],[-70.50705385,11.27580905],[-70.51122773,11.26983035],[-70.51533782,11.26969695],[-70.51858413,11.26745606],[-70.52540255,11.25860357],[-70.52757227,11.25375783],[-70.53293765,11.25],[-70.53304362,11.25],[-70.53841352,11.24485886],[-70.54125083,11.2373147],[-70.54029095,11.23647296],[-70.53978574,11.23645532],[-70.53901255,11.23730695],[-70.53890157,11.23975623],[-70.53761542,11.24012876],[-70.53330004,11.24661183],[-70.53075516,11.24273217],[-70.52870643,11.24590385],[-70.52469873,11.24726391],[-70.52338064,11.25],[-70.52326667,11.25],[-70.51933575,11.25606203],[-70.51475215,11.25687981],[-70.51183772,11.26211834],[-70.51008415,11.25932264],[-70.51097143,11.25282681],[-70.51023102,11.25266314],[-70.50736082,11.25695145],[-70.50731051,11.26098704],[-70.50563467,11.26429856],[-70.50131345,11.26802194],[-70.50060058,11.26804447],[-70.49989903,11.26784432],[-70.49998164,11.26402271],[-70.49912608,11.26440156],[-70.49860418,11.26481557],[-70.49810922,11.27026856],[-70.49789715,11.27055395],[-70.49244976,11.27410448],[-70.49093115,11.2770915],[-70.48982406,11.27674532],[-70.48895896,11.27551723],[-70.49356735,11.27308321],[-70.49810922,11.26429641],[-70.49486363,11.26411176],[-70.49094021,11.27005267],[-70.48761332,11.27341664],[-70.4863379,11.27369571],[-70.48639607,11.27276516],[-70.49285996,11.26301682],[-70.49492323,11.26172614],[-70.49947607,11.25315785],[-70.50242591,11.25255477],[-70.50364065,11.25],[-70.50405455,11.25],[-70.50402856,11.24985695],[-70.50721645,11.24812603],[-70.50751865,11.24764895],[-70.50666726,11.24578333],[-70.50700355,11.24429095],[-70.50736368,11.24399042],[-70.50875473,11.24386418],[-70.51251698,11.24786127],[-70.51498067,11.24421501],[-70.51568055,11.23813963],[-70.51959777,11.23722422],[-70.52264404,11.23780203],[-70.52551925,11.23596072],[-70.52895236,11.23164666],[-70.53184426,11.232252],[-70.53300047,11.23647141],[-70.53485596,11.23701346],[-70.53999305,11.23197126],[-70.54818404,11.22956097],[-70.55605185,11.22888148],[-70.58013535,11.23121965],[-70.58462751,11.23066294],[-70.59089684,11.22803056],[-70.59929395,11.22737122],[-70.60491312,11.22577667],[-70.60653508,11.22553384],[-70.62194467,11.22494304],[-70.63507342,11.22547591],[-70.66036487,11.23067558],[-70.6640625,11.23018956],[-70.67135465,11.22631288],[-70.68428385,11.22630811],[-70.68958736,11.22745895],[-70.69696414,11.22407985],[-70.70161843,11.22438192],[-70.71145356,11.22718203],[-70.71676254,11.22269166],[-70.73567295,11.21812427],[-70.74088657,11.21576142],[-70.75684094,11.21322644],[-70.76233852,11.21049476],[-70.76541221,11.20652473],[-70.77339125,11.20399153],[-70.78222835,11.2033354],[-70.78630924,11.20126271],[-70.79543746,11.20092237],[-70.80257154,11.20198107],[-70.81682313,11.19726563],[-70.82859862,11.19562101],[-70.83643723,11.19662488],[-70.84336555,11.195104],[-70.85341454,11.18786347],[-70.85606146,11.18778312],[-70.88163543,11.17501664],[-70.8862679,11.17097783],[-70.8902353,11.16951644],[-70.90149534,11.16149652],[-70.90494454,11.16071427],[-70.90773988,11.15756905],[-70.91998732,11.15060496],[-70.94531202,11.13928735],[-70.9526335,11.12853014],[-70.95733428,11.12596714],[-70.95515835,11.12964726],[-70.95604062,11.1303761],[-70.95773494,11.12971151],[-70.96379793,11.12628281],[-70.96605706,11.12290394],[-70.97937715,11.11771834],[-70.98660827,11.11284304],[-70.99101925,11.11132014],[-71.00950503,11.10028696],[-71.015625,11.09765625],[-71.01662946,11.09715223],[-71.02566195,11.09205878],[-71.04450726,11.07732987],[-71.04684866,11.07593095],[-71.05106235,11.07413995],[-71.05289555,11.07276535],[-71.0535115,11.0725584],[-71.06038845,11.07148516],[-71.07290137,11.06531966],[-71.077636,11.06403077],[-71.09767675,11.05260897],[-71.10359025,11.04775345],[-71.13848042,11.03676343],[-71.14194405,11.03509843],[-71.14763606,11.03091955],[-71.15472555,11.0282855],[-71.15855992,11.02492118],[-71.15939224,11.02257156],[-71.15919483,11.02235603],[-71.14513433,11.03059745],[-71.14480364,11.02892911],[-71.14170158,11.03230584],[-71.13778162,11.0339967],[-71.13757944,11.03379941],[-71.14300537,11.02670705],[-71.14417815,11.02579355],[-71.15624201,11.02072334],[-71.16078842,11.017156],[-71.17400837,11.01415825],[-71.19894731,11.00229895],[-71.22388554,10.99559784],[-71.22916245,10.9924196],[-71.24054015,10.9887228],[-71.24768877,10.98384547],[-71.24796188,10.98375142],[-71.25563645,10.98220122],[-71.26018393,10.98000252],[-71.26160324,10.97972774],[-71.27718842,10.97820795],[-71.28938246,10.97356772],[-71.29252362,10.97290277],[-71.29761696,10.97266865],[-71.30738115,10.97049105],[-71.31082904,10.96928525],[-71.31816185,10.96593034],[-71.32013094,10.96375716],[-71.32718885,10.96243656],[-71.33288336,10.95992732],[-71.36391914,10.96149552],[-71.3671875,10.96205354],[-71.37133741,10.96341908],[-71.41370821,10.96816194],[-71.42647457,10.96686935],[-71.43607736,10.96816242],[-71.44926107,10.96314383],[-71.44912672,10.96242082],[-71.44126964,10.96521616],[-71.43968594,10.96475935],[-71.44897902,10.96144164],[-71.45086646,10.96222806],[-71.45294714,10.9609797],[-71.45329034,10.96055722],[-71.45276785,10.96032703],[-71.45059586,10.96090734],[-71.45069456,10.96071541],[-71.4528861,10.95975935],[-71.45801485,10.95803547],[-71.4602586,10.95567668],[-71.45516705,10.95460641],[-71.45002055,10.95613766],[-71.45114458,10.95486641],[-71.45145166,10.95473492],[-71.45737696,10.95376432],[-71.46113753,10.95493758],[-71.472772,10.95309246],[-71.48045135,10.95053935],[-71.48272872,10.94863105],[-71.48498976,10.94673705],[-71.48824155,10.945683],[-71.48593295,10.93922067],[-71.48312044,10.93574083],[-71.47997594,10.93262541],[-71.47958565,10.93236887],[-71.47700143,10.93291831],[-71.47643805,10.93166792],[-71.47271025,10.93095005],[-71.47033393,10.92681766],[-71.45924854,10.91984642],[-71.45612192,10.91455746],[-71.44637001,10.90815616],[-71.44119585,10.90730882],[-71.44104755,10.90360606],[-71.43868434,10.90241754],[-71.43605316,10.90123475],[-71.42604637,10.90107882],[-71.42047584,10.90622067],[-71.41264355,10.90934825],[-71.41089904,10.91295588],[-71.40846264,10.91340518],[-71.40944123,10.9097594],[-71.41160882,10.90588474],[-71.41191447,10.90551138],[-71.41638052,10.90360284],[-71.41688335,10.8984375],[-71.41673374,10.89319885],[-71.42338121,10.88445544],[-71.42401922,10.88389385],[-71.42929661,10.88228393],[-71.43671501,10.88276768],[-71.4372195,10.88259435],[-71.44142401,10.87977946],[-71.44513893,10.87946415],[-71.44752276,10.87481773],[-71.44752276,10.86434925],[-71.44459844,10.85276365],[-71.43995345,10.8429991],[-71.43309987,10.82233977],[-71.43348968,10.81653595],[-71.43171394,10.80545962],[-71.43325675,10.79446685],[-71.44255066,10.79138064],[-71.44939864,10.79073656],[-71.48181295,10.79718375],[-71.48928714,10.79668558],[-71.49628484,10.79879785],[-71.51380575,10.79907751],[-71.53327715,10.79638934],[-71.53674436,10.79725516],[-71.53980136,10.79587412],[-71.54568875,10.79681993],[-71.55339253,10.79499424],[-71.55713546,10.79624045],[-71.56344295,10.79570937],[-71.56928146,10.79299867],[-71.57771122,10.79355621],[-71.58529425,10.79769278],[-71.58745217,10.79439533],[-71.59104812,10.79176402],[-71.59120965,10.79143667],[-71.59047377,10.78917813],[-71.59146035,10.78647566],[-71.58965921,10.78488624],[-71.57769477,10.78217196],[-71.56603885,10.77771592],[-71.56220496,10.77328157],[-71.56093252,10.76831937],[-71.56121504,10.76315296],[-71.55688632,10.76359868],[-71.55420625,10.7627387],[-71.55373335,10.7584542],[-71.54834545,10.76221228],[-71.54136658,10.76044416],[-71.53903592,10.75922024],[-71.53636014,10.75600028],[-71.53584075,10.75458133],[-71.54265475,10.74846864],[-71.54403186,10.74539554],[-71.54377484,10.74464846],[-71.54051292,10.74027705],[-71.53652465,10.73962724],[-71.53248823,10.73739934],[-71.53235793,10.73391604],[-71.52899122,10.73213482],[-71.52867436,10.73175383],[-71.52361214,10.72506511],[-71.52311885,10.72418714],[-71.52324831,10.72265625],[-71.52574241,10.71499526],[-71.53014576,10.70915413],[-71.53028464,10.70481145],[-71.52269733,10.69875968],[-71.52163684,10.69593871],[-71.52162874,10.69348764],[-71.52327585,10.68908691],[-71.53059375,10.68129635],[-71.53052938,10.673141],[-71.53320682,10.66854417],[-71.52258801,10.65863895],[-71.52139652,10.65554142],[-71.52155876,10.65085948],[-71.52605534,10.64392197],[-71.52668381,10.64123416],[-71.53154302,10.6363703],[-71.53189826,10.63372874],[-71.51429415,10.62703085],[-71.51143074,10.6252321],[-71.50927627,10.62254095],[-71.50494516,10.62050617],[-71.50047052,10.61603391],[-71.50030506,10.6158061],[-71.49660587,10.60809088],[-71.49636352,10.60582995],[-71.49647725,10.60528326],[-71.49823022,10.60250998],[-71.50836694,10.60060203],[-71.50892317,10.60040021],[-71.52518165,10.59358132],[-71.53037906,10.58932674],[-71.53069925,10.58887553],[-71.53122056,10.58387733],[-71.53338206,10.57957077],[-71.53193676,10.55952835],[-71.53506255,10.55416393],[-71.54010332,10.55073535],[-71.54041076,10.54982734],[-71.54027176,10.54923701],[-71.53938925,10.54758751],[-71.5373739,10.54789722],[-71.53700066,10.54781377],[-71.53573322,10.546875],[-71.53516555,10.546875],[-71.53149927,10.54553103],[-71.52871263,10.54424524],[-71.52339005,10.54045761],[-71.52188182,10.53896725],[-71.51215327,10.52385712],[-71.50801063,10.51874316],[-71.50398946,10.51553321],[-71.49443388,10.50969982],[-71.49132645,10.50810134],[-71.47025573,10.49879885],[-71.46241665,10.49130487],[-71.46068966,10.48908734],[-71.45826483,10.48451281],[-71.45717895,10.48095775],[-71.45692313,10.47939897],[-71.45760405,10.47416842],[-71.45414531,10.46782541],[-71.45125425,10.45604837],[-71.4523797,10.44815254],[-71.45951784,10.43675661],[-71.4641484,10.43262506],[-71.46723092,10.42785156],[-71.46845531,10.42448282],[-71.46770751,10.41643107],[-71.46863377,10.41349447],[-71.46924722,10.41210186],[-71.47070861,10.41198337],[-71.470788,10.40831995],[-71.47772408,10.39714587],[-71.47972548,10.39170194],[-71.4766103,10.38957965],[-71.47261524,10.38981164],[-71.47065747,10.38698566],[-71.46740293,10.38671553],[-71.46129501,10.38277864],[-71.46021771,10.38053465],[-71.46120822,10.37650692],[-71.45923734,10.37398815],[-71.45729923,10.37437475],[-71.4568516,10.37109375],[-71.45571661,10.37109375],[-71.45293307,10.37446845],[-71.45141804,10.37412536],[-71.44928253,10.37294316],[-71.44805527,10.37109375],[-71.44770658,10.37109375],[-71.44110703,10.36528563],[-71.44199526,10.36173415],[-71.43911922,10.36083055],[-71.43712664,10.36280632],[-71.43244755,10.35814095],[-71.42363775,10.34431636],[-71.42333865,10.34131181],[-71.42051935,10.33803034],[-71.42049861,10.33552134],[-71.42166853,10.33415294],[-71.41699946,10.32966626],[-71.41689086,10.32938886],[-71.41609323,10.32493424],[-71.41676343,10.32126403],[-71.41234004,10.31201684],[-71.41386771,10.30422008],[-71.40659463,10.3006047],[-71.40556896,10.29272485],[-71.40087843,10.28904951],[-71.39823556,10.28847528],[-71.39480853,10.28461194],[-71.38822424,10.28051364],[-71.37697506,10.26858437],[-71.37310874,10.25896502],[-71.37351644,10.25656593],[-71.37014008,10.25030506],[-71.36926055,10.24310064],[-71.37025785,10.23768914],[-71.37015152,10.23701346],[-71.36853611,10.23514116],[-71.3671875,10.23018956],[-71.36594105,10.22614503],[-71.3596518,10.21861207],[-71.35847187,10.21047306],[-71.35435486,10.21209586],[-71.34951377,10.20894635],[-71.34824884,10.2070142],[-71.34900594,10.20454466],[-71.34746993,10.2040292],[-71.34538186,10.20501554],[-71.34311664,10.20349276],[-71.34245253,10.20274746],[-71.34202445,10.20170557],[-71.34202838,10.20120144],[-71.34359264,10.19697273],[-71.34252143,10.1953125],[-71.34053683,10.1953125],[-71.33874333,10.19870472],[-71.33489954,10.19780076],[-71.33434105,10.19743335],[-71.33413422,10.19560826],[-71.33375931,10.1953125],[-71.33373225,10.1953125],[-71.32686722,10.19057667],[-71.31950426,10.18314028],[-71.31568456,10.18383491],[-71.3144896,10.18329847],[-71.30759811,10.1779356],[-71.30389476,10.17568696],[-71.29949582,10.17438984],[-71.29659927,10.1722753],[-71.29174662,10.16850245],[-71.28144205,10.15645003],[-71.27921104,10.15338755],[-71.2729876,10.14129353],[-71.27225316,10.13630235],[-71.26680565,10.13381481],[-71.26148903,10.12244606],[-71.26144445,10.11899567],[-71.25958121,10.11812091],[-71.25534642,10.11229515],[-71.24473655,10.08803213],[-71.24011481,10.07469463],[-71.23779964,10.06193256],[-71.23752356,10.05468655],[-71.24012947,10.04860616],[-71.23679018,10.0363785],[-71.23154378,10.02805912],[-71.22823167,10.02078116],[-71.22809231,10.01953125],[-71.22953558,10.01598096],[-71.23288596,10.0134927],[-71.23368442,10.01129055],[-71.23136866,10.00714552],[-71.22923672,10.00791955],[-71.22917891,10.01059425],[-71.22705865,10.01168334],[-71.22254765,10.01011896],[-71.22008944,10.0071336],[-71.21724522,10.00101256],[-71.21398687,9.98367667],[-71.21093142,9.97430694],[-71.21052694,9.97369313],[-71.19953477,9.96802914],[-71.19897783,9.96793795],[-71.19582272,9.97017956],[-71.19232535,9.97013485],[-71.18913758,9.96859157],[-71.18574035,9.97036993],[-71.17841435,9.96889102],[-71.16526985,9.96242285],[-71.15349793,9.95310581],[-71.15192783,9.94985151],[-71.15797675,9.94244313],[-71.15602458,9.94313288],[-71.15236151,9.94757485],[-71.15004444,9.94776607],[-71.14925575,9.94752657],[-71.14758027,9.94583344],[-71.14841127,9.94315457],[-71.14686167,9.94289267],[-71.14714456,9.94201922],[-71.14534295,9.94028747],[-71.14306366,9.94084156],[-71.13944077,9.93730235],[-71.12170315,9.91573715],[-71.10830724,9.89775634],[-71.09290755,9.87347496],[-71.08383965,9.85644531],[-71.07874775,9.84375],[-71.07796621,9.8407191],[-71.07707918,9.83569336],[-71.07840085,9.82901216],[-71.07794917,9.82372844],[-71.08169675,9.82147157],[-71.08294606,9.82429934],[-71.08022535,9.83014846],[-71.08114493,9.83185267],[-71.08328593,9.83128452],[-71.08834195,9.82015324],[-71.08688295,9.80930006],[-71.08875835,9.80666578],[-71.09132826,9.80594802],[-71.08954656,9.80160356],[-71.09139454,9.7984972],[-71.08527076,9.79900503],[-71.07915115,9.79481852],[-71.07504737,9.78697455],[-71.06839406,9.78036427],[-71.06883311,9.7778511],[-71.06700957,9.77821946],[-71.06575656,9.77706015],[-71.06539273,9.77357686],[-71.06359637,9.77326262],[-71.05727375,9.76549256],[-71.05060017,9.75261521],[-71.04179096,9.74544692],[-71.03787792,9.74088824],[-71.03097558,9.72775865],[-71.02668095,9.71177554],[-71.02653217,9.71090186],[-71.02676606,9.71008766],[-71.03065801,9.70934343],[-71.03532207,9.71159387],[-71.03562605,9.71137643],[-71.03923082,9.70433354],[-71.04588294,9.70019782],[-71.04823005,9.69394112],[-71.05012846,9.68815362],[-71.05004585,9.68522716],[-71.04990566,9.68400908],[-71.04597497,9.67044532],[-71.04758525,9.66796875],[-71.04718781,9.66490936],[-71.0496242,9.65895855],[-71.05038321,9.65511656],[-71.0511893,9.64943135],[-71.05129194,9.63968885],[-71.05488014,9.63071454],[-71.06067932,9.62315226],[-71.06045473,9.61427021],[-71.05993736,9.59998548],[-71.06008101,9.59948993],[-71.06780827,9.57645834],[-71.07024693,9.57045042],[-71.0772531,9.56289041],[-71.07958901,9.55707335],[-71.08521855,9.54808605],[-71.08444083,9.52450895],[-71.07806706,9.50902235],[-71.07657588,9.50148821],[-71.0766412,9.50107837],[-71.07731974,9.49871206],[-71.07933617,9.4960016],[-71.08340704,9.49414837],[-71.09043372,9.49383295],[-71.09340417,9.4921875],[-71.09694183,9.49004817],[-71.09734464,9.48919666],[-71.09717643,9.48839605],[-71.09609807,9.48738146],[-71.09557497,9.48721457],[-71.09051394,9.48665798],[-71.08996475,9.48670292],[-71.08870184,9.48964727],[-71.0850445,9.48862505],[-71.08181405,9.48959053],[-71.08080375,9.49117386],[-71.07813215,9.49103475],[-71.07767081,9.49084222],[-71.07053673,9.48446453],[-71.06948435,9.48318136],[-71.06837738,9.48060966],[-71.06795621,9.47878325],[-71.06775081,9.47255957],[-71.06837201,9.46765804],[-71.07003558,9.46646094],[-71.06766963,9.46442282],[-71.06776381,9.45304275],[-71.07046473,9.42721057],[-71.07155085,9.40553653],[-71.0713433,9.39020646],[-71.07103038,9.38586605],[-71.06848264,9.36959076],[-71.06803048,9.36836207],[-71.06718886,9.36793077],[-71.06503403,9.36980581],[-71.06444621,9.36994123],[-71.06330276,9.36979175],[-71.06187058,9.36911082],[-71.05933905,9.36614144],[-71.05724621,9.36215675],[-71.05710351,9.36159801],[-71.05739236,9.35632563],[-71.06028903,9.35804307],[-71.06179905,9.35791385],[-71.06251311,9.35736036],[-71.06268644,9.35698652],[-71.06253445,9.35432506],[-71.06019366,9.34907103],[-71.05594134,9.34886527],[-71.05312812,9.34733045],[-71.05211055,9.34361052],[-71.05209684,9.33726227],[-71.05645585,9.33119452],[-71.05528486,9.32506883],[-71.05542302,9.32449758],[-71.05639863,9.32164621],[-71.05999422,9.31640625],[-71.06244361,9.31360185],[-71.06358373,9.31310403],[-71.06436682,9.31310821],[-71.0664556,9.31462324],[-71.06822705,9.31435335],[-71.07337844,9.30619371],[-71.08729565,9.30018485],[-71.09620738,9.29200625],[-71.09762466,9.29117024],[-71.10054815,9.28962052],[-71.10469735,9.2898097],[-71.10841608,9.28550911],[-71.11234415,9.28292954],[-71.12343764,9.27936006],[-71.13245761,9.27336204],[-71.13541055,9.27296126],[-71.14708185,9.2639842],[-71.15200055,9.26449192],[-71.15386236,9.25827646],[-71.15817368,9.25402343],[-71.1706686,9.24445164],[-71.17638957,9.24256015],[-71.18562257,9.23495495],[-71.19852877,9.21893334],[-71.20143866,9.21797955],[-71.20490885,9.2195791],[-71.20667601,9.22007787],[-71.20694864,9.21982062],[-71.20503056,9.21726525],[-71.20528615,9.21066511],[-71.20548451,9.21021044],[-71.20951664,9.20360196],[-71.21598792,9.1987431],[-71.21775663,9.19571817],[-71.21916938,9.19209063],[-71.22270822,9.17785931],[-71.21921277,9.17348337],[-71.22582686,9.16578984],[-71.22606003,9.16551864],[-71.22783291,9.15946603],[-71.22847927,9.15836632],[-71.23327291,9.15225065],[-71.23694861,9.14890015],[-71.24129271,9.14818478],[-71.24231017,9.14611435],[-71.24363816,9.14480674],[-71.24683118,9.14245045],[-71.24797428,9.14178991],[-71.25015855,9.14088953],[-71.25507724,9.1409322],[-71.25917375,9.14237225],[-71.26073027,9.140625],[-71.26064694,9.13928247],[-71.25927997,9.13854122],[-71.25908685,9.13792396],[-71.26010036,9.13494205],[-71.2604928,9.13442886],[-71.26603735,9.13132036],[-71.26853025,9.13129175],[-71.27087986,9.13500166],[-71.27448165,9.13172531],[-71.28519702,9.13284195],[-71.28652847,9.13216746],[-71.28723836,9.13104284],[-71.28659582,9.12815237],[-71.28868484,9.12523377],[-71.30085254,9.11598432],[-71.33178711,9.09519506],[-71.34722185,9.08765054],[-71.34984005,9.08671021],[-71.35985076,9.08357418],[-71.3671875,9.08258915],[-71.37773716,9.08126116],[-71.3818084,9.08003712],[-71.46928751,9.05136883],[-71.48154986,9.04934967],[-71.50085604,9.04392803],[-71.50172114,9.04373801],[-71.51663315,9.04106331],[-71.52487648,9.04064822],[-71.54558611,9.03630185],[-71.55172765,9.03729212],[-71.5533812,9.03979766],[-71.55545425,9.04052627],[-71.55959594,9.03696692],[-71.56486297,9.03609157],[-71.57288206,9.03602195],[-71.57792151,9.03787386],[-71.58325791,9.03765726],[-71.5892781,9.03581595],[-71.59074676,9.03580344],[-71.60900331,9.03688824],[-71.61257064,9.03760064],[-71.61812973,9.04029751],[-71.61638236,9.04373085],[-71.61815834,9.05565715],[-71.61744225,9.05905461],[-71.61799335,9.05994535],[-71.62175524,9.06002104],[-71.62451196,9.06280744],[-71.62441254,9.06495941],[-71.62198961,9.06755304],[-71.62192416,9.06933606],[-71.62398386,9.07213747],[-71.6242851,9.07219934],[-71.62674487,9.07044566],[-71.62919641,9.07117903],[-71.63323545,9.06987917],[-71.63614845,9.0650084],[-71.6403867,9.06332958],[-71.64934444,9.06390202],[-71.65353084,9.06542397],[-71.6594032,9.0702939],[-71.66670406,9.07023108],[-71.67059302,9.06717181],[-71.68668532,9.06336594],[-71.69239295,9.0596292],[-71.69253516,9.0578171],[-71.69082224,9.05707765],[-71.69478965,9.05760407],[-71.69632471,9.05824304],[-71.70113456,9.06160295],[-71.70144606,9.06198394],[-71.70195711,9.06461251],[-71.70113003,9.06692004],[-71.70354438,9.06873906],[-71.70708013,9.06828976],[-71.70648146,9.07168245],[-71.71068692,9.07257771],[-71.71760154,9.07965291],[-71.71716416,9.08417642],[-71.71481991,9.08612764],[-71.71218526,9.09136426],[-71.71405864,9.09244192],[-71.71525633,9.09701407],[-71.71695673,9.09589374],[-71.71553791,9.09439206],[-71.71567297,9.09243596],[-71.71875,9.09207594],[-71.71981883,9.09155953],[-71.72050774,9.09157813],[-71.73098922,9.09410036],[-71.73524642,9.09603167],[-71.74180233,9.10029626],[-71.74517858,9.10388887],[-71.75225985,9.11658204],[-71.75895214,9.11099124],[-71.75960136,9.10830855],[-71.76096332,9.11081052],[-71.76222444,9.11117005],[-71.76754618,9.10949612],[-71.76520288,9.11154854],[-71.76057684,9.11313784],[-71.75916243,9.11936843],[-71.75589216,9.12357688],[-71.75602412,9.140625],[-71.75577128,9.140625],[-71.75617683,9.14613354],[-71.75420141,9.14744401],[-71.75287592,9.14450598],[-71.75271702,9.14362657],[-71.75320017,9.140625],[-71.75451624,9.13866675],[-71.75460625,9.13391721],[-71.75249743,9.12812436],[-71.74982917,9.13049686],[-71.74604356,9.13674176],[-71.74691117,9.13802946],[-71.74691164,9.13846695],[-71.74616265,9.140625],[-71.74559808,9.1425637],[-71.74539387,9.14284015],[-71.74046195,9.14772725],[-71.73945355,9.15206134],[-71.73912585,9.15923417],[-71.73918092,9.15979028],[-71.74733245,9.17615426],[-71.75478852,9.18769896],[-71.75477111,9.18931222],[-71.7535156,9.18991494],[-71.75265431,9.18902886],[-71.7527796,9.18535995],[-71.74930072,9.18684042],[-71.74788535,9.19100428],[-71.74903917,9.19153833],[-71.74935734,9.19614613],[-71.74646318,9.19914043],[-71.74730897,9.20021236],[-71.75004375,9.19931006],[-71.74951506,9.20163035],[-71.7520653,9.21309555],[-71.75119436,9.22116995],[-71.74771452,9.22550464],[-71.74914658,9.23604655],[-71.75482523,9.23566866],[-71.75552857,9.23340213],[-71.75897086,9.23183095],[-71.76354575,9.22603393],[-71.76835537,9.2260679],[-71.77365994,9.22374427],[-71.77355015,9.2200495],[-71.76793325,9.21646011],[-71.76783443,9.21044052],[-71.77645981,9.21944392],[-71.78432417,9.23641384],[-71.79029012,9.23958004],[-71.79272544,9.23815501],[-71.80195963,9.22486067],[-71.80456615,9.22678971],[-71.80791438,9.22704077],[-71.81365871,9.22213495],[-71.81838203,9.22333586],[-71.81978583,9.21838033],[-71.82171261,9.21575451],[-71.82755494,9.21205485],[-71.82843065,9.21472478],[-71.82539546,9.21489537],[-71.82173562,9.21782148],[-71.81967092,9.22315681],[-71.81979525,9.22894466],[-71.81331503,9.23779762],[-71.81334841,9.24000371],[-71.81063068,9.240767],[-71.80756104,9.24507487],[-71.79358876,9.25248432],[-71.78829467,9.25323176],[-71.77846193,9.25664413],[-71.77246416,9.25717735],[-71.76941514,9.2639209],[-71.7704041,9.27396893],[-71.76968014,9.28103793],[-71.77297711,9.28574085],[-71.77049625,9.28385925],[-71.76789582,9.28388154],[-71.76726592,9.29366791],[-71.76618242,9.29057348],[-71.76514435,9.29021335],[-71.76463091,9.28995621],[-71.76367736,9.28912306],[-71.75994253,9.28365135],[-71.75752652,9.28385258],[-71.75563037,9.28584623],[-71.75299954,9.28469872],[-71.75222206,9.2839514],[-71.74865961,9.27585483],[-71.74485612,9.27303648],[-71.74298048,9.27016425],[-71.74093068,9.26914966],[-71.73835063,9.26999736],[-71.73549187,9.27245367],[-71.73523724,9.27279174],[-71.73529077,9.27339292],[-71.73738277,9.27472663],[-71.73749352,9.27499247],[-71.74095511,9.28586304],[-71.74049532,9.28679585],[-71.73415375,9.28763783],[-71.73207724,9.285905],[-71.73261833,9.28294563],[-71.72911572,9.28594625],[-71.73045063,9.29453051],[-71.73393702,9.30232286],[-71.73266947,9.30880666],[-71.73316276,9.31640625],[-71.73317444,9.31640625],[-71.73354936,9.32126653],[-71.73461854,9.32491565],[-71.74402845,9.33039486],[-71.74486506,9.33154774],[-71.74492586,9.33280528],[-71.74331057,9.33576727],[-71.74139094,9.33681285],[-71.74106073,9.34126091],[-71.74090493,9.34168351],[-71.73953211,9.34266281],[-71.73639536,9.34185076],[-71.73591697,9.34152293],[-71.73380685,9.33880341],[-71.73380995,9.33837056],[-71.73420465,9.33765542],[-71.73978305,9.33478224],[-71.73979831,9.33290505],[-71.73843157,9.33179295],[-71.73082805,9.33077085],[-71.72660756,9.33180106],[-71.72353494,9.33714271],[-71.71924174,9.34062076],[-71.71875,9.34068084],[-71.71570253,9.34105122],[-71.71363401,9.34439814],[-71.71069837,9.34546638],[-71.70945144,9.34561002],[-71.70377004,9.34493971],[-71.70459414,9.34608662],[-71.70540917,9.34641647],[-71.70964134,9.34702551],[-71.71012032,9.34690845],[-71.71875,9.34375],[-71.72066343,9.34122956],[-71.7228229,9.34018004],[-71.72316635,9.34018874],[-71.72812188,9.34206855],[-71.73670256,9.34508348],[-71.73911083,9.3466475],[-71.74003375,9.34894085],[-71.74050546,9.34904337],[-71.74130261,9.34891832],[-71.74197853,9.34855628],[-71.74311602,9.34446788],[-71.75036752,9.33675694],[-71.75605595,9.33464766],[-71.75598037,9.32899857],[-71.75636506,9.32868135],[-71.76426435,9.32667005],[-71.76859534,9.32255363],[-71.77041805,9.32176805],[-71.77687287,9.32026565],[-71.78138578,9.31691206],[-71.78208744,9.31676936],[-71.78341818,9.31736732],[-71.78562856,9.32069945],[-71.79215455,9.31838882],[-71.79466617,9.31839037],[-71.79758096,9.31939173],[-71.79803717,9.31984484],[-71.79852617,9.3207792],[-71.79882467,9.32652855],[-71.79976845,9.32737792],[-71.80373168,9.32477176],[-71.81314635,9.32541895],[-71.81896293,9.32706916],[-71.82335544,9.33083105],[-71.82667387,9.32831407],[-71.82906497,9.32850242],[-71.83168685,9.33196604],[-71.83390772,9.33038068],[-71.84106934,9.32842076],[-71.84626806,9.32544374],[-71.84671176,9.32500362],[-71.84825826,9.32268333],[-71.84828126,9.32021582],[-71.84659743,9.31675863],[-71.84659076,9.31640625],[-71.84677064,9.31640625],[-71.8476696,9.31311333],[-71.85625875,9.3088212],[-71.8572067,9.30778265],[-71.85733855,9.30737877],[-71.85736477,9.30585635],[-71.85269296,9.30429745],[-71.85290265,9.30047655],[-71.85973024,9.30010712],[-71.86201406,9.29863536],[-71.86640584,9.29268384],[-71.87060368,9.29356694],[-71.87394226,9.29773951],[-71.8761214,9.29625714],[-71.87652695,9.29174316],[-71.87907743,9.28503501],[-71.87897313,9.2815628],[-71.87558436,9.27857232],[-71.87556696,9.27083957],[-71.87419891,9.26751685],[-71.87011516,9.26625681],[-71.86381924,9.26774073],[-71.86597896,9.25184751],[-71.87002742,9.2506392],[-71.87277186,9.25139475],[-71.87552536,9.26206124],[-71.87781417,9.26551104],[-71.88486695,9.25610626],[-71.89216554,9.25161338],[-71.89389157,9.25153673],[-71.90000355,9.25760675],[-71.90291858,9.25793922],[-71.90350008,9.25653994],[-71.90224087,9.24909008],[-71.90461636,9.24452424],[-71.90519154,9.24427211],[-71.90881693,9.243523],[-71.91218495,9.24610364],[-71.91972375,9.23901486],[-71.92767048,9.23480713],[-71.93016303,9.23518431],[-71.93077302,9.24038124],[-71.93101025,9.24065542],[-71.93447638,9.24076295],[-71.93826783,9.23928082],[-71.93914485,9.23869193],[-71.94027805,9.23581004],[-71.94014633,9.23528016],[-71.93852127,9.23330927],[-71.92797065,9.22890306],[-71.92847586,9.22486997],[-71.93059635,9.22242415],[-71.93395293,9.2207334],[-71.93892872,9.22085178],[-71.93949378,9.22122395],[-71.94144392,9.22307467],[-71.94145346,9.22937953],[-71.94256794,9.2321763],[-71.94286346,9.23217106],[-71.9456079,9.22528517],[-71.94778526,9.22314227],[-71.94776225,9.22168767],[-71.94738686,9.22095406],[-71.94272625,9.21844161],[-71.93988383,9.21729803],[-71.92945325,9.21592796],[-71.92804396,9.21537113],[-71.92659855,9.21430576],[-71.92645943,9.21079326],[-71.92770076,9.20974648],[-71.93113565,9.20780051],[-71.94183993,9.20339131],[-71.94712913,9.20225036],[-71.94923174,9.20001435],[-71.94944346,9.19968867],[-71.94892192,9.19594204],[-71.94819605,9.19436002],[-71.94400561,9.18844748],[-71.94474995,9.18501282],[-71.94870412,9.18366921],[-71.95656836,9.18631136],[-71.95897818,9.18552315],[-71.9615525,9.17750204],[-71.96298838,9.17610204],[-71.96454942,9.17674458],[-71.96899796,9.18275654],[-71.97217834,9.18267751],[-71.97358573,9.17995775],[-71.97242975,9.17369092],[-71.97510552,9.17157066],[-71.97755587,9.17205811],[-71.98299074,9.18119442],[-71.98508072,9.18075967],[-71.9903872,9.17059803],[-71.99483216,9.16640365],[-71.9997735,9.15942836],[-72.00177932,9.1585536],[-72.00440991,9.15965724],[-72.00795495,9.16583514],[-72.01346111,9.16247964],[-72.01771784,9.1618582],[-72.02910435,9.16356838],[-72.02974784,9.16198623],[-72.02533364,9.15481031],[-72.02489543,9.15020335],[-72.02753663,9.14685917],[-72.02867925,9.14634871],[-72.02983654,9.14593434],[-72.03464925,9.14615905],[-72.0349313,9.14603674],[-72.0385524,9.14239538],[-72.03894305,9.140625],[-72.03856528,9.14054644],[-72.03974271,9.13664317],[-72.03815114,9.13152957],[-72.03812826,9.12714565],[-72.04324651,9.11847234],[-72.04436302,9.11736882],[-72.04731035,9.11516345],[-72.04888082,9.11500716],[-72.06112552,9.11877632],[-72.06539714,9.11754787],[-72.0703125,9.11383915],[-72.0703125,9.11356032],[-72.07178152,9.11204541],[-72.07501423,9.11056221],[-72.07811976,9.11219585],[-72.08067226,9.11772776],[-72.08372462,9.11935484],[-72.09878683,9.11698425],[-72.10604048,9.11927164],[-72.10812068,9.11563623],[-72.10923576,9.1078155],[-72.11220324,9.10510683],[-72.11503625,9.10481977],[-72.11800504,9.10700417],[-72.11929655,9.10974443],[-72.12097645,9.12089825],[-72.12443388,9.12579834],[-72.12888181,9.12726164],[-72.13421881,9.12553537],[-72.13931656,9.12215388],[-72.1414721,9.12402344],[-72.14014447,9.13686204],[-72.14082885,9.13984776],[-72.14272416,9.14037168],[-72.15155923,9.13220453],[-72.15983784,9.11876833],[-72.16443086,9.1135987],[-72.16843724,9.11187947],[-72.178303,9.11297274],[-72.18876517,9.11018252],[-72.19682181,9.10530102],[-72.204831,9.10692346],[-72.20704424,9.10867465],[-72.20580328,9.11115301],[-72.19646907,9.11581588],[-72.19377625,9.11951947],[-72.19289565,9.12314677],[-72.19618714,9.12825406],[-72.20417476,9.13184214],[-72.20931804,9.12544847],[-72.21658218,9.12247896],[-72.21681738,9.11978567],[-72.2139734,9.11087406],[-72.21508992,9.10853446],[-72.22050035,9.10437286],[-72.22131193,9.10192287],[-72.22057176,9.09444785],[-72.22354603,9.08847785],[-72.26187098,9.06917012],[-72.26603723,9.06379187],[-72.27432203,9.05630827],[-72.27517974,9.05583215],[-72.28540981,9.05363345],[-72.28584313,9.05365396],[-72.29632282,9.05571961],[-72.29923332,9.05800676],[-72.30387235,9.0595839],[-72.30705464,9.05620074],[-72.30958438,9.05527544],[-72.31305337,9.05733478],[-72.31637692,9.06240904],[-72.31731164,9.06299806],[-72.31774974,9.06299472],[-72.32105172,9.06178796],[-72.32516015,9.05469906],[-72.32855654,9.05369914],[-72.33172107,9.05425405],[-72.33243251,9.0545392],[-72.33543706,9.05761504],[-72.33668566,9.06150186],[-72.33680356,9.06220174],[-72.33658123,9.06423926],[-72.33433735,9.06598771],[-72.33431506,9.06850457],[-72.34459114,9.07117665],[-72.34656823,9.07436454],[-72.3441112,9.07702017],[-72.34492648,9.08147323],[-72.34859431,9.08146215],[-72.3573513,9.07396984],[-72.36158001,9.07408512],[-72.36582208,9.07579684],[-72.37211633,9.07588077],[-72.37525725,9.07368946],[-72.37593925,9.06902766],[-72.37753725,9.06637824],[-72.38020325,9.06535315],[-72.38214004,9.06627083],[-72.38547695,9.07711637],[-72.38806176,9.07807243],[-72.39308405,9.07669365],[-72.39912558,9.07091761],[-72.40771151,9.06689727],[-72.41083705,9.066468],[-72.41732216,9.06820714],[-72.41841352,9.07103777],[-72.41799176,9.07403207],[-72.4136945,9.07912576],[-72.41376483,9.08172047],[-72.41552114,9.08283806],[-72.421875,9.08286834],[-72.42671895,9.08254766],[-72.42858112,9.08217466],[-72.42975247,9.08163714],[-72.43161118,9.07974136],[-72.43165624,9.07614231],[-72.42843747,9.07131696],[-72.42749274,9.06734335],[-72.42877126,9.0627166],[-72.43159342,9.0600183],[-72.4409523,9.05761647],[-72.46323276,9.06062961],[-72.46339142,9.06048393],[-72.46460915,9.05834675],[-72.46704793,9.05782497],[-72.46753001,9.05792606],[-72.46960187,9.05910623],[-72.47057605,9.06304681],[-72.47198164,9.06317568],[-72.47225666,9.0630455],[-72.47295344,9.06180155],[-72.47221994,9.05860424],[-72.472368,9.05759561],[-72.47371364,9.05356705],[-72.47582984,9.05297244],[-72.4794147,9.05490625],[-72.48390496,9.05374026],[-72.48487914,9.04922497],[-72.488029,9.04395425],[-72.48854017,9.04382634],[-72.49131012,9.04462814],[-72.491907,9.05065525],[-72.49351704,9.05215514],[-72.49663734,9.05304313],[-72.49812639,9.05176431],[-72.498124,9.05294812],[-72.49557722,9.05370533],[-72.49220824,9.05226564],[-72.49049306,9.04952562],[-72.4905107,9.04562366],[-72.48888028,9.04475272],[-72.48408544,9.05482995],[-72.4791224,9.05549204],[-72.47483337,9.05415165],[-72.47369075,9.05644596],[-72.47341394,9.06416762],[-72.4695909,9.06427574],[-72.46938086,9.06011653],[-72.46845484,9.0594815],[-72.46747148,9.05909777],[-72.46605158,9.05879486],[-72.46451414,9.06016386],[-72.46433485,9.06088185],[-72.46482086,9.06194663],[-72.46891224,9.06509066],[-72.46950996,9.0670135],[-72.46956635,9.07100475],[-72.46796036,9.07519925],[-72.46346855,9.08141494],[-72.46646035,9.08858717],[-72.46628511,9.09384716],[-72.46417165,9.09719264],[-72.46140873,9.09766734],[-72.45522404,9.10117447],[-72.45431864,9.10397995],[-72.45513844,9.10588372],[-72.45578063,9.10695541],[-72.45813954,9.10831106],[-72.46431065,9.10912538],[-72.46880937,9.11104214],[-72.47162235,9.11410916],[-72.47330451,9.1196382],[-72.47345281,9.11991084],[-72.47529864,9.12202215],[-72.47660506,9.12245011],[-72.47835422,9.12228954],[-72.48538792,9.11878657],[-72.49141288,9.11894691],[-72.5098778,9.11576653],[-72.51338124,9.12360537],[-72.51768935,9.12524974],[-72.52240431,9.12283146],[-72.52302194,9.12189245],[-72.52354252,9.12088811],[-72.52354074,9.11567616],[-72.52453792,9.11416745],[-72.52552175,9.11332822],[-72.52738798,9.11234033],[-72.52831066,9.11224782],[-72.5298475,9.11250424],[-72.53418672,9.11779201],[-72.53426933,9.12539101],[-72.53564465,9.12884235],[-72.53606832,9.13497984],[-72.53647268,9.13526297],[-72.53943706,9.13477862],[-72.54338038,9.12706697],[-72.54734886,9.12507045],[-72.55155838,9.12576675],[-72.55693448,9.12829506],[-72.56488514,9.1286211],[-72.56654096,9.12993121],[-72.56642175,9.13235128],[-72.56611633,9.13334513],[-72.56394887,9.13667881],[-72.56313765,9.13908792],[-72.5633471,9.140625],[-72.56346083,9.140625],[-72.56337941,9.14316237],[-72.56450653,9.14535141],[-72.57093084,9.15061772],[-72.57288945,9.15160203],[-72.57453728,9.15171492],[-72.57615757,9.15133476],[-72.57724965,9.14766622],[-72.57419992,9.140625],[-72.57435977,9.140625],[-72.57156587,9.13460433],[-72.57156706,9.13211596],[-72.57427216,9.12836301],[-72.57655692,9.12718701],[-72.5806483,9.12662256],[-72.58404672,9.12758493],[-72.58579564,9.12837768],[-72.58701432,9.12953687],[-72.58811104,9.13210082],[-72.58916616,9.13752401],[-72.58949006,9.13819206],[-72.59186745,9.140625],[-72.59364605,9.14155555],[-72.59412956,9.14164996],[-72.59624314,9.140625],[-72.59680843,9.140625],[-72.59836733,9.14193916],[-72.60783005,9.140625],[-72.61588025,9.14299703],[-72.61687303,9.14282954],[-72.61761975,9.14247775],[-72.61856914,9.140625],[-72.61925817,9.140625],[-72.62002265,9.13775063],[-72.61818194,9.13332236],[-72.61792076,9.13098383],[-72.61844373,9.12815273],[-72.61935616,9.12649286],[-72.62143326,9.12474167],[-72.62240315,9.12436736],[-72.62588274,9.12491965],[-72.62759411,9.12549806],[-72.63006675,9.12697351],[-72.63298905,9.13026857],[-72.6344465,9.13098764],[-72.63623714,9.13177013],[-72.63693964,9.13189876],[-72.63904333,9.13165355],[-72.64004195,9.13126802],[-72.64208984,9.12983561],[-72.64340806,9.12763774],[-72.64164257,9.11792386],[-72.64459825,9.11312175],[-72.65227985,9.11213315],[-72.65454781,9.11483777],[-72.65486777,9.12095416],[-72.65589476,9.12292016],[-72.65783596,9.12498057],[-72.66041076,9.12549651],[-72.66424155,9.12384832],[-72.66946495,9.11717093],[-72.67807865,9.11324453],[-72.68207204,9.10876405],[-72.68823791,9.10636592],[-72.69733965,9.10856247],[-72.69876206,9.10175776],[-72.70144546,9.09786046],[-72.70466936,9.0962646],[-72.70748723,9.09632015],[-72.71112835,9.09835982],[-72.71715915,9.10522687],[-72.72105384,9.10571563],[-72.72398853,9.10312486],[-72.72410285,9.09506702],[-72.72698581,9.09210587],[-72.73180366,9.09214008],[-72.73797941,9.09762645],[-72.74030387,9.09842825],[-72.74214958,9.09751894],[-72.74535418,9.09594014],[-72.74978733,9.09375608],[-72.75134635,9.09048677],[-72.75007902,9.08898552],[-72.74930137,9.08806434],[-72.74746466,9.08588862],[-72.74752885,9.08507965],[-72.747667,9.08333854],[-72.74776292,9.08212972],[-72.74861298,9.08168036],[-72.75010017,9.08089422],[-72.75095213,9.08044386],[-72.75201961,9.08092637],[-72.75328599,9.08149878],[-72.75517106,9.08235085],[-72.75757146,9.08186233],[-72.75912023,9.07991624],[-72.75965285,9.07497931],[-72.76007807,9.07422543],[-72.76086342,9.07393992],[-72.76089509,9.0742716],[-72.76095221,9.07491789],[-72.76095328,9.07492391],[-72.76092966,9.07494193],[-72.76081036,9.07501686],[-72.76077924,9.07504025],[-72.76077275,9.0750443],[-72.76073338,9.07509191],[-72.76067238,9.07518024],[-72.76062939,9.075232],[-72.76059526,9.07528141],[-72.76057395,9.07532829],[-72.76056431,9.0753452],[-72.76049609,9.07549602],[-72.76048514,9.07551503],[-72.76041824,9.07566376],[-72.76041473,9.07566979],[-72.76040595,9.07568485],[-72.76034041,9.07583152],[-72.76032674,9.07585468],[-72.76026259,9.07599929],[-72.76024749,9.0760245],[-72.7601848,9.07616709],[-72.76016821,9.07619432],[-72.76009409,9.07636469],[-72.76004788,9.07653808],[-72.76002958,9.07671448],[-72.76003088,9.07673895],[-72.76001478,9.07689125],[-72.76001613,9.0769181],[-72.75999999,9.07706803],[-72.76000138,9.07709725],[-72.75998521,9.0772448],[-72.75998661,9.07727639],[-72.75997044,9.07742158],[-72.75997184,9.07745554],[-72.75995567,9.07759836],[-72.75995707,9.07763469],[-72.75994091,9.07777514],[-72.75994229,9.07781383],[-72.75992616,9.07795192],[-72.7599275,9.07799298],[-72.75991141,9.0781287],[-72.75991271,9.07817212],[-72.75989666,9.07830548],[-72.75989696,9.0783165],[-72.75989697,9.07831671],[-72.75989791,9.07835127],[-72.75988192,9.07848226],[-72.7598831,9.07853042],[-72.75986719,9.07865904],[-72.75986829,9.07870956],[-72.75985246,9.07883582],[-72.75985348,9.07888871],[-72.75983774,9.07901261],[-72.75983866,9.07906785],[-72.75982303,9.07918939],[-72.75982383,9.07924699],[-72.75980831,9.07936617],[-72.759809,9.07942614],[-72.75979361,9.07954296],[-72.75979416,9.07960528],[-72.7597789,9.07971974],[-72.75977932,9.07978442],[-72.75976421,9.07989653],[-72.75976448,9.07996357],[-72.75974013,9.08014216],[-72.7596907,9.08031929],[-72.75966525,9.08037929],[-72.75963438,9.08042069],[-72.75962449,9.08043107],[-72.75952935,9.08055935],[-72.7595169,9.08057249],[-72.75942431,9.08069799],[-72.75940931,9.08071392],[-72.75931926,9.08083663],[-72.75930174,9.08085536],[-72.75921421,9.08097526],[-72.75919418,9.0809968],[-72.75910914,9.08111389],[-72.75908662,9.08113825],[-72.75900406,9.08125251],[-72.75897907,9.08127971],[-72.75889898,9.08139112],[-72.75887153,9.08142117],[-72.75879388,9.08152973],[-72.758764,9.08156264],[-72.75868878,9.08166833],[-72.75865648,9.08170412],[-72.75858367,9.08180692],[-72.75854897,9.0818456],[-72.75847855,9.08194551],[-72.75847157,9.08195333],[-72.75844146,9.08198709],[-72.75837342,9.08208409],[-72.75833396,9.08212859],[-72.75826828,9.08222267],[-72.75822647,9.08227009],[-72.75816314,9.08236124],[-72.75804799,9.08249257],[-72.75794283,9.08258873],[-72.75785946,9.08263975],[-72.75773438,9.08270245],[-72.75767244,9.08271512],[-72.75765606,9.08271674],[-72.75749816,9.08274879],[-72.7574843,9.08275013],[-72.75732388,9.08278246],[-72.75731254,9.08278353],[-72.7571496,9.08281611],[-72.75714078,9.08281694],[-72.75697532,9.08284977],[-72.75696902,9.08285035],[-72.75680104,9.08288342],[-72.75679727,9.08288376],[-72.75670531,9.08290173],[-72.75670522,9.08290174],[-72.75662676,9.08291707],[-72.75662551,9.08291718],[-72.75645372,9.08295047],[-72.7564525,9.08295084],[-72.75628191,9.08298364],[-72.75627827,9.08298474],[-72.75611011,9.08301681],[-72.75610403,9.08301864],[-72.7559383,9.08304998],[-72.75592979,9.08305253],[-72.75581724,9.08307364],[-72.75576449,9.08307331],[-72.75574555,9.0830752],[-72.75564657,9.08307625],[-72.75564469,9.08307627],[-72.75559644,9.08307679],[-72.75558647,9.08307597],[-72.75544704,9.08307998],[-72.7554082,9.08307739],[-72.75533625,9.08308086],[-72.75518866,9.08305628],[-72.7550188,9.08300582],[-72.75485951,9.08293499],[-72.75482021,9.08291088],[-72.75470282,9.08285914],[-72.75465999,9.08283301],[-72.75454614,9.08278329],[-72.75449977,9.08275514],[-72.75438946,9.08270742],[-72.75433954,9.08267729],[-72.75423279,9.08263155],[-72.7541793,9.08259945],[-72.75407612,9.08255566],[-72.75401907,9.08252161],[-72.75391946,9.08247977],[-72.75385882,9.08244379],[-72.7537628,9.08240387],[-72.75372235,9.08238],[-72.75369857,9.08236598],[-72.75360615,9.08232795],[-72.75353832,9.08228818],[-72.75344951,9.08225202],[-72.75337806,9.08221039],[-72.75329287,9.08217609],[-72.7532178,9.08213261],[-72.75319649,9.08212413],[-72.75319641,9.0821241],[-72.75313623,9.08210014],[-72.75305753,9.08205485],[-72.7529796,9.08202418],[-72.75289725,9.0819771],[-72.75282298,9.0819482],[-72.75273697,9.08189936],[-72.75266637,9.08187222],[-72.75257669,9.08182163],[-72.75250976,9.08179622],[-72.75241639,9.08174392],[-72.75235316,9.08172021],[-72.7522561,9.08166622],[-72.75219656,9.08164418],[-72.75209579,9.08158853],[-72.75203998,9.08156814],[-72.75193548,9.08151086],[-72.7518834,9.08149209],[-72.75177516,9.0814332],[-72.75172682,9.08141603],[-72.75161484,9.08135556],[-72.75157026,9.08133994],[-72.75145451,9.08127793],[-72.75128545,9.0812196],[-72.75117799,9.08120035],[-72.75110856,9.08117862],[-72.75102879,9.08116598],[-72.75097473,9.08115059],[-72.75087842,9.08117408],[-72.75085389,9.08117696],[-72.75072725,9.08121043],[-72.75068045,9.08121642],[-72.7505761,9.0812465],[-72.75050717,9.08125619],[-72.7503407,9.08130885],[-72.75021443,9.08137521],[-72.75018638,9.08138449],[-72.75007345,9.08144603],[-72.75003216,9.08146031],[-72.7499324,9.08151666],[-72.74987802,9.0815363],[-72.74979125,9.08158711],[-72.74972399,9.08161247],[-72.74965002,9.08165737],[-72.74957005,9.08168883],[-72.7495087,9.08172743],[-72.74941621,9.08176539],[-72.74936728,9.0817973],[-72.74926248,9.08184214],[-72.74922577,9.08186695],[-72.74910886,9.0819191],[-72.74896706,9.08201843],[-72.74889083,9.08209599],[-72.74883481,9.08213582],[-72.74875624,9.0822145],[-72.74870254,9.08225316],[-72.74862168,9.08233304],[-72.74857024,9.08237046],[-72.74848716,9.08245159],[-72.74843793,9.08248774],[-72.74838512,9.08253879],[-72.74837093,9.08258293],[-72.74835,9.08262661],[-72.74829486,9.08280235],[-72.74827099,9.08295882],[-72.74826446,9.08298006],[-72.74824369,9.08312599],[-72.74823413,9.08315778],[-72.74821633,9.08329314],[-72.74820388,9.0833355],[-72.74818888,9.08346027],[-72.74817371,9.08351323],[-72.74816136,9.08362739],[-72.74814363,9.08369097],[-72.74813374,9.08379447],[-72.74811365,9.08386871],[-72.74810602,9.08396154],[-72.74808378,9.08404646],[-72.7480782,9.08412857],[-72.74805403,9.08422423],[-72.74805025,9.08429558],[-72.74802441,9.084402],[-72.74802217,9.08446254],[-72.74799493,9.08457978],[-72.74799394,9.08462947],[-72.74796562,9.08475758],[-72.74796554,9.08479636],[-72.74793647,9.08493539],[-72.74793961,9.08511576],[-72.74798294,9.08529932],[-72.74802829,9.08540072],[-72.74804964,9.08548474],[-72.74809355,9.08558565],[-72.74810456,9.08562678],[-72.74810541,9.08562995],[-72.74811617,9.08567014],[-72.74811984,9.08567874],[-72.74812182,9.08568128],[-72.74818655,9.08574405],[-72.74824022,9.08581295],[-72.74830608,9.08587705],[-72.74835862,9.08594461],[-72.74842561,9.08601006],[-72.74847703,9.08607628],[-72.74854513,9.08614307],[-72.74859543,9.08620794],[-72.74866466,9.08627609],[-72.74871384,9.0863396],[-72.74878419,9.0864091],[-72.74883225,9.08647126],[-72.74890371,9.08654211],[-72.74895066,9.08660292],[-72.74902323,9.08667513],[-72.74906906,9.08673458],[-72.74914275,9.08680815],[-72.74918748,9.08686623],[-72.74926227,9.08694116],[-72.74930589,9.08699789],[-72.74938179,9.08707418],[-72.7494243,9.08712954],[-72.74950131,9.0872072],[-72.74954272,9.0872612],[-72.74962082,9.08734022],[-72.74966113,9.08739285],[-72.74970927,9.08744171],[-72.74970961,9.08744205],[-72.74974034,9.08747324],[-72.74977955,9.0875245],[-72.74985985,9.08760627],[-72.74989797,9.08765615],[-72.74997937,9.08773929],[-72.75001639,9.0877878],[-72.75009888,9.08787231],[-72.75013481,9.08791945],[-72.75021839,9.08800534],[-72.75025323,9.0880511],[-72.7503379,9.08813836],[-72.75037165,9.08818275],[-72.75045741,9.08827139],[-72.75049007,9.0883144],[-72.75057692,9.08840442],[-72.75060849,9.08844604],[-72.75069643,9.08853745],[-72.75072692,9.08857769],[-72.75081593,9.08867048],[-72.75084534,9.08870934],[-72.75093544,9.08880351],[-72.75096377,9.08884098],[-72.75105494,9.08893654],[-72.7510822,9.08897262],[-72.75117445,9.08906957],[-72.75120063,9.08910427],[-72.75129395,9.0892026],[-72.75131905,9.08923591],[-72.7513779,9.08929808],[-72.75140947,9.08934791],[-72.75142381,9.08937532],[-72.75142471,9.08937833],[-72.75146614,9.08947518],[-72.75148973,9.08955507],[-72.75153048,9.08964857],[-72.75154334,9.08969276],[-72.75154402,9.08969509],[-72.75155471,9.08973183],[-72.75159487,9.08982196],[-72.75161964,9.08990863],[-72.75165934,9.08999534],[-72.75168452,9.09008548],[-72.75172389,9.09016873],[-72.75177096,9.09034223],[-72.75178312,9.09051596],[-72.75176038,9.09068993],[-72.75173471,9.0907675],[-72.75172125,9.090864],[-72.75169653,9.09094038],[-72.75168217,9.09103808],[-72.75165831,9.09111323],[-72.75164313,9.09121215],[-72.75162005,9.09128608],[-72.75160412,9.09138623],[-72.75158177,9.09145891],[-72.75156514,9.0915603],[-72.75154347,9.09163172],[-72.75152619,9.09173438],[-72.75150515,9.09180453],[-72.75148725,9.09190845],[-72.75147575,9.09194721],[-72.75147535,9.09194857],[-72.75146681,9.09197734],[-72.75144833,9.09208252],[-72.75142847,9.09215013],[-72.75140942,9.0922566],[-72.75139011,9.09232292],[-72.75137052,9.09243067],[-72.75135174,9.09249571],[-72.75133164,9.09260474],[-72.75131336,9.09266849],[-72.75130771,9.09269876],[-72.7512298,9.09278901],[-72.7512082,9.09280943],[-72.75110487,9.09292837],[-72.75108859,9.09294348],[-72.75097992,9.09306767],[-72.75096904,9.09307755],[-72.75092827,9.09312377],[-72.75092749,9.09312465],[-72.75085493,9.09320692],[-72.75084957,9.09321166],[-72.75073015,9.0933458],[-72.75072992,9.09334613],[-72.75060987,9.09347953],[-72.7506054,9.09348613],[-72.75048956,9.09361324],[-72.7504809,9.09362617],[-72.75036919,9.09374692],[-72.75035645,9.09376628],[-72.75024877,9.09388058],[-72.75023204,9.09390645],[-72.75010346,9.09403994],[-72.7499542,9.09414012],[-72.74988925,9.09416568],[-72.74979688,9.09422736],[-72.74973246,9.09425287],[-72.74963957,9.0943146],[-72.74957566,9.09434006],[-72.74948226,9.09440185],[-72.74941887,9.09442725],[-72.74932495,9.0944891],[-72.74926207,9.09451443],[-72.74916764,9.09457635],[-72.74910527,9.09460162],[-72.74901034,9.0946636],[-72.74894847,9.09468879],[-72.74885304,9.09475086],[-72.74879167,9.09477597],[-72.74869573,9.09483812],[-72.74863486,9.09486314],[-72.74853843,9.09492538],[-72.74847806,9.09495031],[-72.74838114,9.09501265],[-72.74832125,9.09503748],[-72.74822384,9.09509991],[-72.74816445,9.09512465],[-72.74806654,9.09518718],[-72.74800764,9.09521181],[-72.74790925,9.09527445],[-72.74785083,9.09529898],[-72.74775195,9.09536173],[-72.74769402,9.09538614],[-72.74759466,9.095449],[-72.74753721,9.0954733],[-72.74743737,9.09553628],[-72.7473804,9.09556045],[-72.74728008,9.09562355],[-72.74722359,9.09564761],[-72.74712279,9.09571083],[-72.74706678,9.09573476],[-72.7469655,9.09579811],[-72.74690996,9.09582192],[-72.74680821,9.09588539],[-72.74675315,9.09590907],[-72.74665092,9.09597268],[-72.74659634,9.09599622],[-72.74649364,9.09605996],[-72.74643952,9.09608337],[-72.74633635,9.09614725],[-72.7462827,9.09617051],[-72.74617907,9.09623453],[-72.74612589,9.09625766],[-72.74602178,9.09632182],[-72.74596907,9.0963448],[-72.7458645,9.09640911],[-72.74581225,9.09643195],[-72.74575425,9.09646754],[-72.74575307,9.09646826],[-72.74570722,9.0964964],[-72.74565543,9.09651909],[-72.74554993,9.09658369],[-72.74549862,9.09660623],[-72.74539265,9.09667098],[-72.7453418,9.09669337],[-72.74523537,9.09675827],[-72.74518498,9.09678051],[-72.74507809,9.09684557],[-72.74502816,9.09686765],[-72.74492081,9.09693286],[-72.74487134,9.09695479],[-72.74476353,9.09702016],[-72.74471452,9.09704193],[-72.74460625,9.09710745],[-72.74455769,9.09712906],[-72.74444897,9.09719475],[-72.74440087,9.0972162],[-72.74429169,9.09728205],[-72.74424405,9.09730333],[-72.74413442,9.09736934],[-72.74408723,9.09739047],[-72.74397714,9.09745664],[-72.74393041,9.0974776],[-72.74381986,9.09754394],[-72.74377358,9.09756474],[-72.74366259,9.09763124],[-72.74361676,9.09765187],[-72.74350531,9.09771854],[-72.74345994,9.097739],[-72.74334803,9.09780584],[-72.74330311,9.09782613],[-72.74319076,9.09789314],[-72.74314629,9.09791326],[-72.74303348,9.09798045],[-72.74298946,9.09800039],[-72.74287621,9.09806775],[-72.74283264,9.09808752],[-72.74271893,9.09815505],[-72.74267581,9.09817465],[-72.74256166,9.09824236],[-72.74251899,9.09826178],[-72.74240438,9.09832966],[-72.74236216,9.09834891],[-72.74224711,9.09841696],[-72.74220534,9.09843603],[-72.74208984,9.09850427],[-72.74204851,9.09852316],[-72.74193256,9.09859158],[-72.74189169,9.09861029],[-72.74177529,9.09867888],[-72.74173486,9.09869741],[-72.74169174,9.09872279],[-72.7416192,9.09874821],[-72.7415665,9.09876114],[-72.741458,9.0988001],[-72.74139386,9.09881616],[-72.74129679,9.09885191],[-72.74124208,9.09886592],[-72.7412408,9.09886624],[-72.74122125,9.09887124],[-72.74113557,9.09890366],[-72.74104867,9.0989264],[-72.74097433,9.09895532],[-72.74087614,9.09898164],[-72.74081308,9.09900689],[-72.74070364,9.09903696],[-72.74065182,9.09905836],[-72.7404975,9.09910188],[-72.74049753,9.09910303],[-72.74049924,9.099163],[-72.74051917,9.0998044],[-72.73949969,9.09969962],[-72.73848021,9.09959483],[-72.7359972,9.09810281],[-72.73227751,9.09401238],[-72.73176241,9.09366405],[-72.72921133,9.09324586],[-72.72534394,9.09613133],[-72.72568655,9.10251546],[-72.72456086,9.10472631],[-72.71964145,9.10765755],[-72.71564031,9.10590863],[-72.71013844,9.09930027],[-72.70659268,9.09800124],[-72.70374084,9.09833527],[-72.70125806,9.10036051],[-72.6990056,9.10962605],[-72.69688368,9.11001313],[-72.69108486,9.1077311],[-72.68380523,9.10928178],[-72.67706478,9.11571884],[-72.67073882,9.11766183],[-72.66604757,9.12471771],[-72.6616286,9.12730706],[-72.65758264,9.12684631],[-72.65544045,9.1245892],[-72.65249753,9.11449313],[-72.65008736,9.11356854],[-72.64678073,9.11405742],[-72.64403915,9.11583245],[-72.64318943,9.11820376],[-72.64543855,9.12542427],[-72.64251626,9.13110185],[-72.63902152,9.13275945],[-72.63479066,9.13307655],[-72.63210285,9.13198364],[-72.62748778,9.12706935],[-72.62511611,9.12632155],[-72.62074745,9.12770522],[-72.61961424,9.13111556],[-72.62123477,9.140625],[-72.62082994,9.140625],[-72.61814463,9.14366424],[-72.61547065,9.14456952],[-72.60827577,9.14233136],[-72.59921145,9.14361215],[-72.59255087,9.14295006],[-72.58946717,9.14110172],[-72.58946061,9.140625],[-72.58932602,9.140625],[-72.58728075,9.13668263],[-72.58675027,9.13181376],[-72.58498895,9.1295917],[-72.58297408,9.12855732],[-72.58242345,9.12840164],[-72.57797694,9.12840211],[-72.57709372,9.12869894],[-72.57473457,9.13072085],[-72.57383525,9.13196385],[-72.57336736,9.13320684],[-72.57354963,9.13567054],[-72.57690132,9.13992751],[-72.57690132,9.140625],[-72.57674325,9.140625],[-72.57677305,9.14184093],[-72.57914793,9.14723885],[-72.57799447,9.15233552],[-72.57498562,9.15349555],[-72.57351005,9.15325713],[-72.56692946,9.14914775],[-72.56233752,9.14467156],[-72.56155956,9.14129114],[-72.56176805,9.140625],[-72.56245303,9.13596284],[-72.55881035,9.13215816],[-72.55270255,9.12777627],[-72.54621196,9.12787497],[-72.54525661,9.12839234],[-72.54351926,9.13031244],[-72.54324365,9.13091743],[-72.54204035,9.13567555],[-72.54170775,9.13613415],[-72.54014981,9.13764346],[-72.53863895,9.13839281],[-72.53584063,9.13840401],[-72.53513181,9.13791656],[-72.53425086,9.13683295],[-72.53451002,9.12966013],[-72.53062975,9.12173855],[-72.5290848,9.11456621],[-72.52845323,9.11401296],[-72.52778184,9.11389494],[-72.52593636,9.11411774],[-72.52466106,9.11649001],[-72.52514827,9.12540925],[-72.52281594,9.12799275],[-72.51366508,9.12566543],[-72.50854874,9.11791384],[-72.50698543,9.11732936],[-72.50607884,9.11724615],[-72.49529755,9.12032187],[-72.49487484,9.12047231],[-72.48441315,9.12497056],[-72.47940373,9.12520695],[-72.47486794,9.12328446],[-72.47338617,9.12211037],[-72.47277784,9.12132061],[-72.47043014,9.11531234],[-72.46756446,9.11193764],[-72.45595407,9.10878742],[-72.45467067,9.10809743],[-72.45268393,9.10504055],[-72.45355403,9.10056376],[-72.45742345,9.09777975],[-72.46294963,9.09594023],[-72.46458435,9.09387231],[-72.46500552,9.09218693],[-72.46476388,9.09068763],[-72.46146047,9.08361781],[-72.46303487,9.0788331],[-72.46674335,9.07296312],[-72.46726835,9.06968224],[-72.46726525,9.06924546],[-72.46606195,9.06542921],[-72.46325815,9.06470191],[-72.45899987,9.06141365],[-72.4477303,9.06163335],[-72.44439125,9.06034315],[-72.43385375,9.06169283],[-72.42976844,9.06605983],[-72.43041956,9.07125902],[-72.43352497,9.07626331],[-72.43368113,9.07715344],[-72.43323135,9.08144402],[-72.43077075,9.08334041],[-72.421875,9.08482134],[-72.421875,9.08510041],[-72.42024636,9.08529997],[-72.41981995,9.0852977],[-72.41416585,9.0842334],[-72.41258752,9.08264375],[-72.41219747,9.08023965],[-72.4124794,9.07913005],[-72.41572213,9.07436895],[-72.41626358,9.07255936],[-72.41616833,9.07180154],[-72.41440844,9.06883645],[-72.41403723,9.06867552],[-72.41016126,9.06786418],[-72.40582645,9.06871283],[-72.40544975,9.06889868],[-72.39299154,9.07934225],[-72.3889842,9.08021641],[-72.38642955,9.07999015],[-72.38293505,9.07822895],[-72.38128364,9.06798065],[-72.37975156,9.06679785],[-72.37796175,9.06745422],[-72.37663805,9.07376528],[-72.37487531,9.0762465],[-72.37457907,9.07639885],[-72.36959255,9.07749391],[-72.35737062,9.07644355],[-72.35278738,9.07880056],[-72.35051715,9.08227706],[-72.34754968,9.08349204],[-72.34653962,9.08338678],[-72.34225881,9.08080936],[-72.34356964,9.07236576],[-72.34012365,9.07067215],[-72.33352292,9.06949401],[-72.33317781,9.06628215],[-72.33478487,9.06418264],[-72.3350563,9.06145906],[-72.33402514,9.05841005],[-72.33090174,9.05559886],[-72.32550585,9.05637693],[-72.32157922,9.06349754],[-72.31841302,9.06459165],[-72.31025696,9.05738962],[-72.3069787,9.05765724],[-72.30333281,9.06129777],[-72.29201686,9.05694914],[-72.27854061,9.05608404],[-72.27082646,9.06119001],[-72.26074684,9.07250822],[-72.24016547,9.08106256],[-72.2337563,9.08572721],[-72.22424185,9.09058535],[-72.22271633,9.09483945],[-72.22230411,9.10447276],[-72.2209028,9.10684597],[-72.21541858,9.11053908],[-72.21870768,9.12124205],[-72.2159934,9.12475908],[-72.21012425,9.12714636],[-72.20430481,9.13296914],[-72.19544041,9.12982225],[-72.19317734,9.12767386],[-72.19152701,9.12327194],[-72.19224381,9.11956143],[-72.19507778,9.1149441],[-72.20469415,9.11023831],[-72.20504427,9.10826516],[-72.20065355,9.10721958],[-72.1950531,9.10812616],[-72.18296444,9.11390293],[-72.17634594,9.11439717],[-72.16901505,9.1133548],[-72.16530335,9.11436093],[-72.15245414,9.13344061],[-72.15157843,9.13455844],[-72.14672875,9.13938963],[-72.14486074,9.140625],[-72.14435542,9.140625],[-72.14260256,9.14178264],[-72.14011633,9.140625],[-72.13977778,9.140625],[-72.13926506,9.13922596],[-72.13902116,9.13811314],[-72.13888073,9.13312948],[-72.14028513,9.12621152],[-72.13963056,9.1241225],[-72.13024342,9.12859774],[-72.12666047,9.12863958],[-72.12413716,9.12692368],[-72.12228131,9.12507761],[-72.12037611,9.12183285],[-72.11884928,9.11222625],[-72.11550903,9.10660076],[-72.11231232,9.10649371],[-72.11059487,9.10772014],[-72.11034191,9.10810435],[-72.10878277,9.11788476],[-72.10635805,9.12064254],[-72.10572791,9.12074494],[-72.10401952,9.12049568],[-72.10095072,9.11858261],[-72.08180535,9.12080371],[-72.07762468,9.11339676],[-72.07577908,9.11194801],[-72.07299042,9.11247945],[-72.0703125,9.11551344],[-72.0703125,9.11579227],[-72.06631684,9.11894047],[-72.06003296,9.12086618],[-72.0492084,9.11641991],[-72.04615104,9.11732936],[-72.04538405,9.11774635],[-72.04359674,9.11988437],[-72.03954017,9.12908876],[-72.04113924,9.13847661],[-72.04113448,9.14022815],[-72.0406388,9.140625],[-72.04063094,9.14130092],[-72.03712296,9.14611852],[-72.02976644,9.14763033],[-72.02585947,9.15184355],[-72.02674365,9.15554285],[-72.03116107,9.16227007],[-72.03009236,9.16441941],[-72.02970946,9.16467166],[-72.01697791,9.16356385],[-72.00660765,9.16670764],[-72.00361335,9.161008],[-72.00176501,9.15991723],[-71.99097013,9.17225397],[-71.98549271,9.1821928],[-71.98196065,9.18152106],[-71.97785628,9.17430055],[-71.97478426,9.17274475],[-71.9734627,9.17520916],[-71.97500336,9.18051946],[-71.97362983,9.18294418],[-71.96897721,9.18356073],[-71.96302974,9.17681241],[-71.96232796,9.18232012],[-71.9591459,9.18682778],[-71.95635867,9.18703342],[-71.94898248,9.18506145],[-71.94515765,9.18636012],[-71.94504416,9.18795276],[-71.95028424,9.19437623],[-71.95097804,9.19761753],[-71.95011735,9.20076275],[-71.93882954,9.20644534],[-71.92998624,9.20947766],[-71.92766118,9.21167493],[-71.92762876,9.21241903],[-71.9288125,9.21477234],[-71.9294492,9.21506214],[-71.93646204,9.21487308],[-71.94033885,9.21591234],[-71.94370973,9.21738684],[-71.94634485,9.21905351],[-71.94695473,9.21958697],[-71.94884706,9.22158325],[-71.94875181,9.22246802],[-71.94672656,9.22561526],[-71.94591653,9.22976482],[-71.94297254,9.23309696],[-71.94162202,9.23270142],[-71.94044137,9.23043764],[-71.94041026,9.22466385],[-71.93830204,9.22144735],[-71.93456686,9.22182906],[-71.9335016,9.22222614],[-71.93042386,9.22427607],[-71.92930377,9.22557437],[-71.92915535,9.22589815],[-71.92970645,9.22827828],[-71.93737745,9.23126543],[-71.93934155,9.23246896],[-71.94084585,9.23393965],[-71.94138241,9.23639297],[-71.94125676,9.23767567],[-71.94099247,9.23820353],[-71.93884575,9.24004137],[-71.93862271,9.24020422],[-71.93390811,9.24159992],[-71.93204677,9.24164856],[-71.93087721,9.24114716],[-71.93035138,9.24069607],[-71.92982972,9.23976862],[-71.92992854,9.23601532],[-71.92772877,9.23564315],[-71.92617464,9.23605752],[-71.91855276,9.24121094],[-71.91273022,9.24697912],[-71.91077781,9.24685025],[-71.90851891,9.24500656],[-71.90597296,9.24502134],[-71.90432382,9.24610555],[-71.90405655,9.24648714],[-71.90332353,9.24968624],[-71.90330005,9.25258446],[-71.90441453,9.25492084],[-71.90442801,9.25768054],[-71.90341425,9.25884414],[-71.89918947,9.25814736],[-71.89361465,9.25294065],[-71.89212835,9.25300336],[-71.88455427,9.25840235],[-71.87930524,9.26633036],[-71.87688625,9.26587415],[-71.87477505,9.26309335],[-71.87217212,9.25241876],[-71.86897755,9.25198245],[-71.86645854,9.25312126],[-71.86624074,9.26006651],[-71.86467278,9.26622283],[-71.87231445,9.26535285],[-71.87457895,9.26651132],[-71.87511992,9.26707935],[-71.87613213,9.26939011],[-71.87647343,9.27747965],[-71.88001502,9.28073835],[-71.88020337,9.28113735],[-71.88050222,9.28520226],[-71.88037586,9.28568721],[-71.87706494,9.29678524],[-71.876284,9.29832006],[-71.87314427,9.29820836],[-71.87039423,9.29503095],[-71.86705244,9.29318845],[-71.8618443,9.30020153],[-71.85382795,9.30109155],[-71.85339928,9.30298054],[-71.85871816,9.30503392],[-71.85873115,9.30710673],[-71.85646713,9.30996895],[-71.84868813,9.31483674],[-71.84772217,9.31640625],[-71.84773028,9.31764185],[-71.84926546,9.32064331],[-71.84933746,9.32184446],[-71.84910095,9.32342136],[-71.84844601,9.32458866],[-71.84499764,9.32756805],[-71.83256626,9.33317697],[-71.8314867,9.33317685],[-71.83077872,9.33265913],[-71.82820451,9.32885957],[-71.82300627,9.33185363],[-71.81530726,9.32645786],[-71.80521238,9.32540095],[-71.80187416,9.3281064],[-71.79923773,9.32823563],[-71.7981528,9.32676017],[-71.79759514,9.32154167],[-71.79644644,9.31994271],[-71.79497445,9.31952775],[-71.79244006,9.31926906],[-71.78551757,9.32150924],[-71.78304172,9.318367],[-71.78127575,9.31786394],[-71.77675927,9.32138765],[-71.77064896,9.3222965],[-71.76921666,9.32303154],[-71.76543701,9.32755113],[-71.75763774,9.32865703],[-71.75727475,9.33473825],[-71.75016832,9.33808315],[-71.74454021,9.34415054],[-71.74273741,9.34933317],[-71.73951674,9.34914553],[-71.73680234,9.34571922],[-71.72757304,9.34265995],[-71.72280395,9.34093034],[-71.71899331,9.34444952],[-71.71875,9.34458697],[-71.71548474,9.34536076],[-71.71726322,9.34729505],[-71.71875,9.34542406],[-71.71875,9.34514511],[-71.72126722,9.34492886],[-71.72187924,9.34494615],[-71.72728515,9.34688032],[-71.73334682,9.34742236],[-71.73539436,9.34950221],[-71.73621345,9.35219193],[-71.73621595,9.35288727],[-71.7335453,9.35978985],[-71.72879124,9.36592972],[-71.72587836,9.37261784],[-71.71889126,9.38058031],[-71.71875,9.38058031],[-71.71875,9.38113844],[-71.71389055,9.38994825],[-71.71410823,9.39108694],[-71.71654785,9.39113045],[-71.71875,9.38727665],[-71.72007835,9.38477814],[-71.72204602,9.38231206],[-71.72695494,9.37783051],[-71.73925185,9.36974716],[-71.75178432,9.36464715],[-71.75328803,9.36182535],[-71.75787163,9.36054921],[-71.76550674,9.36024153],[-71.77032244,9.36219847],[-71.77975798,9.37195563],[-71.78581345,9.38013887],[-71.78700006,9.378057],[-71.78886366,9.37936604],[-71.79135013,9.38458586],[-71.79039896,9.38464451],[-71.78743625,9.38102853],[-71.78609633,9.38185525],[-71.79143834,9.39132237],[-71.79972315,9.39869046],[-71.80035162,9.39876437],[-71.80102432,9.39717376],[-71.80102468,9.39475107],[-71.79938161,9.38843286],[-71.80065441,9.38827717],[-71.80094194,9.38797891],[-71.80155468,9.38636696],[-71.80155015,9.38537073],[-71.79948986,9.37564957],[-71.79965794,9.37517643],[-71.80202234,9.37709737],[-71.80382907,9.37592053],[-71.80720067,9.37713003],[-71.80821896,9.37965441],[-71.80888605,9.37658155],[-71.80881596,9.37549865],[-71.80734193,9.37188923],[-71.80782032,9.37164092],[-71.80925167,9.37359321],[-71.81064153,9.37317204],[-71.81081212,9.38299108],[-71.8106184,9.38448775],[-71.80836904,9.39449465],[-71.80509913,9.39832342],[-71.80566251,9.40309465],[-71.81070674,9.41217124],[-71.81151986,9.41328537],[-71.81641495,9.41844571],[-71.81951296,9.42074835],[-71.82468104,9.4209758],[-71.82940948,9.42322361],[-71.82991636,9.42322326],[-71.83074534,9.4228152],[-71.83422184,9.41648138],[-71.83863485,9.41724765],[-71.84240592,9.41552806],[-71.85695148,9.41406524],[-71.86056376,9.41899276],[-71.86538684,9.41899395],[-71.87267935,9.42237544],[-71.87627435,9.42657983],[-71.88090003,9.42499793],[-71.88641441,9.427248],[-71.88713443,9.42710113],[-71.88753283,9.42645144],[-71.88710713,9.42399943],[-71.88696611,9.42364657],[-71.88372815,9.42013204],[-71.88380992,9.41567075],[-71.88520706,9.41199064],[-71.88228393,9.4061352],[-71.890064,9.40606093],[-71.89017785,9.40027225],[-71.89420295,9.39479363],[-71.89220405,9.38990831],[-71.89412725,9.38663292],[-71.89656878,9.38589466],[-71.89797831,9.38791966],[-71.89933455,9.38767958],[-71.90235758,9.3900485],[-71.9056015,9.38470805],[-71.90821493,9.38751555],[-71.9063493,9.38743281],[-71.90516353,9.38938785],[-71.90930653,9.39153385],[-71.91023266,9.39377987],[-71.90701437,9.39454961],[-71.90568435,9.39651215],[-71.90536976,9.40030134],[-71.90810478,9.39908123],[-71.9080795,9.40003133],[-71.90410745,9.40706372],[-71.89811015,9.40895188],[-71.89719927,9.41712046],[-71.89091182,9.4233247],[-71.88894474,9.43024003],[-71.87811434,9.43451905],[-71.87388206,9.43367505],[-71.8602643,9.43603301],[-71.85284221,9.43407404],[-71.85099065,9.43172765],[-71.84023893,9.43270206],[-71.83666956,9.4318645],[-71.82691896,9.42526364],[-71.82018173,9.42369664],[-71.83252132,9.43132281],[-71.88148701,9.45456171],[-71.89205182,9.46132135],[-71.90431964,9.47140718],[-71.90644336,9.47169864],[-71.90441668,9.46962965],[-71.90895641,9.47117484],[-71.91415095,9.47013056],[-71.92070472,9.47242618],[-71.92196226,9.47317112],[-71.92561245,9.4757688],[-71.92715061,9.47767401],[-71.93059921,9.48227143],[-71.93114567,9.48323703],[-71.93319035,9.48892117],[-71.93624926,9.4921875],[-71.93653202,9.4921875],[-71.93652475,9.49432671],[-71.93876266,9.49312866],[-71.93891418,9.49346471],[-71.93870425,9.49583125],[-71.93658614,9.49863064],[-71.93779981,9.50009251],[-71.93827164,9.50020421],[-71.94119751,9.49944305],[-71.94414413,9.49728632],[-71.94519901,9.49621952],[-71.94545662,9.49576545],[-71.94586563,9.4921875],[-71.9473108,9.48594046],[-71.95496476,9.48152292],[-71.95799744,9.47778237],[-71.95946038,9.46745706],[-71.96188474,9.46459925],[-71.98330665,9.45656264],[-71.99171186,9.45724905],[-71.99702215,9.45930088],[-71.99975073,9.46201873],[-72.00008905,9.46216965],[-72.00237584,9.46215916],[-72.00276208,9.46179378],[-72.00281477,9.45914841],[-72.00132477,9.45795596],[-71.99937701,9.45251036],[-72.00061345,9.44682813],[-71.99733841,9.44226634],[-71.99758375,9.44204235],[-72.00053108,9.44343281],[-72.00183928,9.44461572],[-72.00338805,9.44674456],[-72.00162315,9.44830143],[-72.00102615,9.45463598],[-72.00513184,9.46055996],[-72.00641143,9.46559584],[-72.01173592,9.46810091],[-72.01595151,9.47658324],[-72.01496243,9.47778726],[-72.01550555,9.47963262],[-72.01106036,9.48193514],[-72.00968766,9.48454571],[-72.01138592,9.48586643],[-72.01760864,9.48576832],[-72.01968515,9.4921875],[-72.02004945,9.49312603],[-72.02020073,9.49374938],[-72.0200448,9.49869883],[-72.01531816,9.50522447],[-72.01379514,9.51230454],[-72.00989735,9.51127934],[-72.01219797,9.50385356],[-72.01197922,9.49452305],[-72.01042128,9.49425626],[-72.00995076,9.49449718],[-72.00819862,9.49592352],[-72.00667727,9.49765277],[-72.00651133,9.49811685],[-72.00708354,9.50126696],[-72.00661588,9.50166702],[-72.00571632,9.50149155],[-72.00498545,9.50102985],[-72.0050987,9.49796915],[-72.00363171,9.49739265],[-72.00353634,9.49697554],[-72.00703776,9.49575377],[-72.00811732,9.49395871],[-72.00752342,9.4921875],[-72.00724053,9.4921875],[-72.00724363,9.49120557],[-72.00604093,9.49034286],[-72.00486934,9.49009955],[-72.00318098,9.49004877],[-72.00029564,9.49095786],[-71.998371,9.49027264],[-71.99649274,9.4921875],[-71.99656916,9.49226832],[-71.99427783,9.49505627],[-71.99382234,9.49489152],[-71.99354875,9.49459815],[-71.99423015,9.4921875],[-71.9929744,9.49062097],[-71.99104703,9.48873627],[-71.98030436,9.48408616],[-71.97930181,9.48002016],[-71.97778785,9.47831881],[-71.97626126,9.47960234],[-71.97208452,9.48066163],[-71.97090685,9.48060691],[-71.96794832,9.47798955],[-71.96512353,9.47690654],[-71.96242881,9.47642148],[-71.95943701,9.47758257],[-71.95881522,9.47805285],[-71.95602381,9.48278725],[-71.95017636,9.48754764],[-71.94781315,9.49032891],[-71.94699693,9.4921875],[-71.94650853,9.49797106],[-71.94313014,9.50010824],[-71.94284618,9.50039053],[-71.94186842,9.50232875],[-71.94277394,9.50286603],[-71.94530356,9.50196326],[-71.94923294,9.49897766],[-71.95040536,9.49686325],[-71.95039094,9.4921875],[-71.95047665,9.49145997],[-71.95152223,9.4921875],[-71.95463335,9.4921875],[-71.95458591,9.49206507],[-71.95674753,9.49109244],[-71.95725167,9.49116397],[-71.95717895,9.4921875],[-71.95823681,9.49725688],[-71.95727634,9.50192416],[-71.95542705,9.50114882],[-71.95294762,9.50239325],[-71.94742525,9.50230443],[-71.94159675,9.50504124],[-71.94112301,9.505795],[-71.94113374,9.50619757],[-71.94147778,9.50701082],[-71.94742036,9.50886631],[-71.94689143,9.51698422],[-71.95110655,9.51891005],[-71.95323563,9.51789963],[-71.95355475,9.52151096],[-71.95503283,9.52192712],[-71.95541954,9.51780427],[-71.95432091,9.51498497],[-71.95592856,9.51174808],[-71.96322048,9.50834584],[-71.96360374,9.50604355],[-71.96590555,9.50362635],[-71.96655571,9.50724494],[-71.97229993,9.50392032],[-71.96876585,9.50890493],[-71.97153354,9.50979185],[-71.96775126,9.5186398],[-71.96592116,9.51869214],[-71.96505964,9.51662552],[-71.96243763,9.51559424],[-71.9612149,9.51749504],[-71.96344054,9.52606547],[-71.96699834,9.52807236],[-71.96632266,9.532727],[-71.96714461,9.53532076],[-71.97185111,9.54001605],[-71.9719007,9.54570746],[-71.9749583,9.54950964],[-71.97745204,9.55580592],[-71.97933078,9.55722284],[-71.97599733,9.56182444],[-71.9765048,9.56343794],[-71.97730553,9.56428325],[-71.97782147,9.56470287],[-71.98123431,9.56515217],[-71.9816364,9.56491852],[-71.98423946,9.56297016],[-71.98600793,9.55783606],[-71.99143505,9.55764544],[-71.99573553,9.55337214],[-72.00029802,9.55360687],[-72.00743878,9.55846274],[-72.00646925,9.56112516],[-72.0078423,9.57157063],[-72.00402284,9.57430112],[-72.00401032,9.57552636],[-72.00493956,9.57549751],[-72.00398791,9.57700884],[-72.00110698,9.5770936],[-71.99726927,9.57936776],[-71.99096584,9.57295895],[-71.98930395,9.57341945],[-71.98368287,9.5794363],[-71.98310602,9.58887506],[-71.98544621,9.59172213],[-71.99116445,9.59510493],[-71.98528326,9.59285712],[-71.98047185,9.58700705],[-71.97384715,9.57000554],[-71.97357488,9.56685698],[-71.96768034,9.55948901],[-71.96568346,9.55977845],[-71.9648962,9.56792057],[-71.96541095,9.58569336],[-71.96771157,9.59384894],[-71.96880496,9.59687722],[-71.97315741,9.60601342],[-71.98323631,9.61924481],[-71.99458265,9.63032222],[-71.99651301,9.63249362],[-72.00457025,9.64276075],[-72.00665188,9.64799345],[-72.01586151,9.66135764],[-72.01618314,9.66179132],[-72.02194774,9.66796875],[-72.02247512,9.66796875],[-72.05824065,9.71222341],[-72.0703125,9.72544634],[-72.0703125,9.72572541],[-72.07831192,9.73365402],[-72.09433627,9.75348127],[-72.09999132,9.76169527],[-72.11117911,9.77979004],[-72.11578763,9.78922963],[-72.11726308,9.79034817],[-72.12083113,9.79862785],[-72.12488353,9.80434632],[-72.12559605,9.80643153],[-72.12687254,9.81292272],[-72.12689245,9.81538784],[-72.12526607,9.82234204],[-72.12689495,9.82605863],[-72.12680233,9.83384597],[-72.1166048,9.83496416],[-72.11236536,9.83425593],[-72.10910785,9.83562148],[-72.10731363,9.83676267],[-72.10697556,9.83743358],[-72.10776651,9.84155858],[-72.10739362,9.84375],[-72.10742342,9.84375],[-72.10599518,9.84773946],[-72.10164022,9.85237014],[-72.09077716,9.85944092],[-72.08365691,9.86591673],[-72.07907987,9.87873781],[-72.07716978,9.87934852],[-72.07437396,9.88476455],[-72.07205534,9.88632417],[-72.07045412,9.89006686],[-72.0703125,9.89006686],[-72.0703125,9.89034593],[-72.06172597,9.90102553],[-72.06007934,9.90469515],[-72.05927706,9.90574265],[-72.05324435,9.91209233],[-72.04116762,9.93232286],[-72.03730595,9.94113982],[-72.03495038,9.95030665],[-72.03310776,9.95261443],[-72.03145754,9.96020103],[-72.02768207,9.96994174],[-72.0239197,9.97844815],[-72.02036583,9.98083067],[-72.01475644,9.99678135],[-72.01263714,9.99960506],[-72.01249838,10.00395381],[-72.01063252,10.00400066],[-72.01004696,10.00715685],[-72.00839186,10.00914884],[-72.00767374,10.01742887],[-72.00600564,10.01953125],[-72.00515592,10.01953125],[-72.00473714,10.02032304],[-72.00003767,10.03254283],[-71.99949753,10.04476297],[-71.99347293,10.06426322],[-71.99318957,10.06507635],[-71.98973,10.07342315],[-71.98880827,10.07477045],[-71.98691165,10.07723081],[-71.97841072,10.08611906],[-71.97181153,10.08958936],[-71.96630621,10.09511566],[-71.96313858,10.09570074],[-71.96090686,10.09893715],[-71.95719171,10.10156858],[-71.96064341,10.10640764],[-71.9504863,10.10264897],[-71.94628024,10.10570466],[-71.93981791,10.10569155],[-71.92278647,10.1105653],[-71.90840805,10.11658371],[-71.90201354,10.12067008],[-71.90165365,10.12246263],[-71.90359712,10.12092125],[-71.9066534,10.12157357],[-71.90473115,10.12469172],[-71.89914596,10.12687111],[-71.89343584,10.14390361],[-71.88425863,10.15704966],[-71.88060355,10.16011095],[-71.87635243,10.16174936],[-71.86734605,10.15834832],[-71.86773026,10.16921663],[-71.8653841,10.17428291],[-71.86240995,10.17671871],[-71.86175811,10.18263972],[-71.86061013,10.18616748],[-71.85919356,10.18960166],[-71.85586214,10.1953125],[-71.85568917,10.1953125],[-71.85564125,10.19579005],[-71.83970845,10.20740747],[-71.83534014,10.21778905],[-71.83607042,10.22492075],[-71.83526802,10.22971857],[-71.83142447,10.23583531],[-71.82927334,10.24570155],[-71.8266834,10.24781275],[-71.82504022,10.25706983],[-71.81975794,10.27131796],[-71.81432855,10.27763796],[-71.80944216,10.28128254],[-71.8090564,10.28252924],[-71.81025207,10.28376615],[-71.80902863,10.28613841],[-71.80782461,10.28634155],[-71.80825031,10.28360581],[-71.80646181,10.28523016],[-71.80302405,10.29671896],[-71.79715204,10.31051886],[-71.79649866,10.31484973],[-71.79593313,10.3162626],[-71.79555631,10.31706023],[-71.79190981,10.31962466],[-71.79170823,10.32468045],[-71.79119217,10.32584453],[-71.79003131,10.32751691],[-71.78535283,10.33076966],[-71.78038573,10.33722246],[-71.77014566,10.3452363],[-71.76781964,10.34730804],[-71.76216078,10.35382545],[-71.75742877,10.3569144],[-71.74228203,10.37109375],[-71.74201715,10.37109375],[-71.74209178,10.37145007],[-71.73387587,10.37916696],[-71.73167932,10.38065314],[-71.71875,10.38671875],[-71.71259427,10.38859701],[-71.69736946,10.39847732],[-71.68947911,10.40747845],[-71.68480563,10.41206825],[-71.67852557,10.4174124],[-71.66362631,10.42790711],[-71.66262865,10.42847097],[-71.66210043,10.42856455],[-71.66016805,10.42649376],[-71.65986896,10.42651475],[-71.65849304,10.42721081],[-71.65819192,10.42800593],[-71.65814555,10.42915237],[-71.65908384,10.43021297],[-71.65519083,10.43298793],[-71.64347124,10.43789172],[-71.64103734,10.43685806],[-71.63909292,10.43930602],[-71.63648784,10.43909335],[-71.63405538,10.4365741],[-71.63107991,10.43710673],[-71.63001621,10.44017315],[-71.63236415,10.44879043],[-71.63169324,10.45726597],[-71.63387942,10.46128857],[-71.62805331,10.4638381],[-71.62791836,10.46569204],[-71.62683856,10.46632695],[-71.62689698,10.47126114],[-71.6272974,10.48235655],[-71.63382185,10.49494004],[-71.63394535,10.50173688],[-71.63081372,10.50985277],[-71.63298833,10.51416326],[-71.63039756,10.51897681],[-71.63051975,10.52159321],[-71.62832928,10.52719295],[-71.62476313,10.52990663],[-71.62400985,10.53196287],[-71.62536776,10.53387761],[-71.62352455,10.53327954],[-71.62270701,10.53640211],[-71.62014151,10.53467262],[-71.61921585,10.53504765],[-71.61894262,10.53635812],[-71.62136388,10.53815436],[-71.62136054,10.53857052],[-71.62085724,10.54255021],[-71.61836755,10.54501247],[-71.61830354,10.546875],[-71.61772156,10.55194211],[-71.61552286,10.55394864],[-71.61686945,10.55775285],[-71.61025214,10.57176566],[-71.61171591,10.57734251],[-71.61001623,10.58207655],[-71.61292636,10.58550477],[-71.61239636,10.59056127],[-71.61484325,10.59558153],[-71.61245263,10.59634101],[-71.60765553,10.60384262],[-71.60932767,10.60545552],[-71.60860646,10.60699916],[-71.60537076,10.60793114],[-71.60599613,10.61444473],[-71.60525596,10.61648464],[-71.60849357,10.61783505],[-71.60954547,10.62017322],[-71.61209094,10.62182081],[-71.61089623,10.62531376],[-71.61516762,10.63176918],[-71.61538756,10.63326788],[-71.61527121,10.63383007],[-71.61280024,10.63863194],[-71.60916245,10.63593221],[-71.60677016,10.63723397],[-71.60307264,10.63664818],[-71.59641957,10.64798665],[-71.59293973,10.65043235],[-71.58997893,10.65556824],[-71.58796144,10.66357851],[-71.589643,10.66414046],[-71.58832121,10.66428471],[-71.58854306,10.6667093],[-71.58994985,10.66602302],[-71.59011686,10.66696155],[-71.58699131,10.66836655],[-71.58746505,10.67427421],[-71.59000885,10.67712176],[-71.59071112,10.68149567],[-71.59314907,10.68334925],[-71.59640992,10.68956375],[-71.59550917,10.69176602],[-71.58987677,10.69519865],[-71.59155488,10.69796813],[-71.58917046,10.70142257],[-71.58309245,10.69984627],[-71.58155727,10.70075321],[-71.58217144,10.70226324],[-71.59386075,10.70973682],[-71.59503353,10.71392882],[-71.60008466,10.71562004],[-71.61007476,10.72265625],[-71.61027098,10.72265625],[-71.62075853,10.73045826],[-71.61942852,10.73155963],[-71.62044442,10.7350347],[-71.61731505,10.73479962],[-71.61676586,10.73572516],[-71.62117457,10.73712587],[-71.62417901,10.73525345],[-71.62896216,10.73701906],[-71.63881075,10.74553573],[-71.64542425,10.75234234],[-71.64907873,10.75918782],[-71.65542316,10.76436925],[-71.65996695,10.76911271],[-71.66729915,10.77718258],[-71.66956604,10.78112233],[-71.67157996,10.78501666],[-71.67863596,10.80008376],[-71.67740262,10.80314076],[-71.67876375,10.80680704],[-71.68376684,10.81432736],[-71.69340813,10.83270991],[-71.70537305,10.85733342],[-71.70764494,10.86342883],[-71.70988882,10.87427604],[-71.713292,10.88220966],[-71.71527064,10.89612305],[-71.71477425,10.8984375],[-71.71850204,10.91457152],[-71.71613514,10.91836166],[-71.71875,10.92075884],[-71.71875,10.92131686],[-71.72010827,10.92313826],[-71.71875,10.92550206],[-71.71875,10.92633915],[-71.71799207,10.92791605],[-71.71544802,10.92978084],[-71.71560693,10.93306267],[-71.71224785,10.93799508],[-71.71228015,10.93834472],[-71.71561933,10.94241655],[-71.71889555,10.94906044],[-71.72039664,10.95382857],[-71.72107613,10.9549607],[-71.72708547,10.96290958],[-71.73043215,10.96389377],[-71.73164678,10.96611488],[-71.73935485,10.97181904],[-71.74314594,10.9753468],[-71.74620366,10.97885156],[-71.75446522,10.99020565],[-71.75497413,10.99063611],[-71.75920856,10.99269235],[-71.76013756,10.9929533],[-71.77032948,10.99114013],[-71.77225494,10.991261],[-71.77459276,10.99212337],[-71.77867544,10.99484885],[-71.78030956,10.99784386],[-71.78089476,11.00238216],[-71.78648818,11.003039],[-71.79192615,11.00198257],[-71.79650211,11.00347292],[-71.79722953,11.00354362],[-71.79900324,11.00316298],[-71.80167675,11.00124264],[-71.80258763,11.0000931],[-71.80503666,10.99500167],[-71.80955374,10.99266291],[-71.81253207,10.99215841],[-71.81378818,10.99309385],[-71.81606984,10.99397016],[-71.82400525,10.99474251],[-71.82859945,10.99810445],[-71.83209455,10.99913335],[-71.84332001,10.99784136],[-71.84502995,10.99835801],[-71.84688294,10.99988353],[-71.84764945,11.00139773],[-71.84776294,11.00484836],[-71.85247135,11.00722766],[-71.85369837,11.00942314],[-71.85389793,11.01009965],[-71.85325265,11.01685846],[-71.85400176,11.02216017],[-71.85258067,11.02608085],[-71.849792,11.02915716],[-71.85849941,11.03079498],[-71.85877121,11.03118563],[-71.85936367,11.03280735],[-71.85794747,11.03868425],[-71.86461306,11.04087245],[-71.86042774,11.04244375],[-71.86036146,11.04282403],[-71.86479557,11.04600751],[-71.86163664,11.04629874],[-71.86092615,11.05147994],[-71.86119103,11.05285823],[-71.86229956,11.05516136],[-71.86694264,11.05894792],[-71.87002695,11.06020558],[-71.8732028,11.05955982],[-71.87357378,11.05985594],[-71.87368953,11.06134784],[-71.87096953,11.06253731],[-71.86923671,11.06228936],[-71.86759925,11.06125927],[-71.86381805,11.05659032],[-71.86060786,11.05533111],[-71.86038184,11.05502963],[-71.85922205,11.05207503],[-71.85999393,11.04708147],[-71.85557461,11.04040587],[-71.85531414,11.03768134],[-71.85264146,11.03434467],[-71.84826016,11.03319466],[-71.84677684,11.03024411],[-71.84683311,11.02515697],[-71.85070062,11.02104902],[-71.85131574,11.01010764],[-71.8472048,11.00868082],[-71.84221494,11.00969064],[-71.83706784,11.00917625],[-71.83535993,11.00757086],[-71.83076572,11.00618112],[-71.8256762,11.00949001],[-71.82212806,11.00948048],[-71.81909215,11.00789654],[-71.81647825,10.99986052],[-71.81388104,10.99780405],[-71.81281555,10.99831212],[-71.81210434,10.99915195],[-71.81204414,11.00294387],[-71.81165385,11.00376523],[-71.81012213,11.00527167],[-71.8042382,11.00760424],[-71.80131185,11.00840116],[-71.78760874,11.00885642],[-71.78085566,11.00684476],[-71.77626061,11.00254393],[-71.77206147,11.00127006],[-71.76851428,11.00315225],[-71.76350415,11.01345992],[-71.76069963,11.01152217],[-71.75811684,11.01144695],[-71.75354886,11.01444173],[-71.74014235,11.01863623],[-71.7397294,11.01864052],[-71.73385465,11.01639593],[-71.71875,11.00837052],[-71.71120656,11.00508595],[-71.70745385,11.00489342],[-71.70470595,11.00321615],[-71.70211267,10.99976921],[-71.69596326,10.99670482],[-71.69551206,10.996562],[-71.68330205,10.99741805],[-71.66772318,10.99536765],[-71.66779995,10.988397],[-71.67018056,10.98400855],[-71.67309117,10.98120546],[-71.67334616,10.98070812],[-71.67435825,10.97797835],[-71.67397833,10.97724664],[-71.67352915,10.97717786],[-71.66660833,10.97876406],[-71.66317046,10.97610283],[-71.66095793,10.97588408],[-71.65254807,10.98047841],[-71.65135086,10.98237407],[-71.65130854,10.98539376],[-71.64898658,10.98792684],[-71.64690495,10.98676014],[-71.64656997,10.982288],[-71.64310801,10.97460592],[-71.64286804,10.97437072],[-71.63918483,10.97352016],[-71.63254666,10.97458744],[-71.62926424,10.97669303],[-71.62768614,10.97994316],[-71.62765527,10.9816792],[-71.62804222,10.98227787],[-71.62907255,10.98226976],[-71.63279033,10.97913587],[-71.63319922,10.98015356],[-71.62551331,10.98974931],[-71.62170434,10.99272537],[-71.61915481,10.99273968],[-71.61551106,10.99017584],[-71.61313724,10.98406565],[-71.60771954,10.98446155],[-71.60707045,10.98643827],[-71.60862017,10.98577011],[-71.61140072,10.98920977],[-71.61197841,10.99067831],[-71.61177981,10.99383867],[-71.61137414,10.99440002],[-71.60778475,10.99728215],[-71.60658526,10.99787617],[-71.6059978,10.99798393],[-71.60387111,10.99706101],[-71.60333681,10.99732876],[-71.60279524,10.99870014],[-71.60287333,10.99929035],[-71.60374582,10.99970722],[-71.60919225,10.99811983],[-71.62055802,11.0011456],[-71.62312424,11.00229895],[-71.62766194,11.00449383],[-71.65295732,11.02006066],[-71.69131863,11.03800416],[-71.71875,11.05385041],[-71.72976065,11.06068134],[-71.73437822,11.06381953],[-71.74802315,11.07421875],[-71.74859154,11.07421875],[-71.75504744,11.07905173],[-71.77980852,11.10088992],[-71.78255415,11.10351562],[-71.80460036,11.12523913],[-71.81323302,11.13551736],[-71.81289756,11.13188672],[-71.81323361,11.1314671],[-71.81377745,11.13139975],[-71.81582952,11.13321471],[-71.81808281,11.1357311],[-71.81824064,11.13669741],[-71.81777191,11.13721287],[-71.81729305,11.13735175],[-71.8153578,11.13622093],[-71.81452167,11.13713932],[-71.83660507,11.16246891],[-71.85324693,11.18525231],[-71.86582196,11.20373631],[-71.87528813,11.21858168],[-71.88100135,11.22781813],[-71.88600457,11.23765576],[-71.89382064,11.25],[-71.89424682,11.25],[-71.89623046,11.25265217],[-71.90840018,11.27718532],[-71.91412723,11.28947985],[-71.93204665,11.33189964],[-71.93641126,11.34689116],[-71.94894576,11.38036311],[-71.94906723,11.38390255],[-71.96020567,11.42542195],[-71.96023583,11.42578125],[-71.96014667,11.42578125],[-71.96381664,11.44663775],[-71.96669412,11.47195876],[-71.96868658,11.50265062],[-71.9689002,11.52052772],[-71.96868658,11.52441394],[-71.96520245,11.55666614],[-71.96150172,11.57281578],[-71.95753205,11.58384144],[-71.95738006,11.58411968],[-71.94691002,11.5978626],[-71.9465394,11.59810901],[-71.94122362,11.60092378],[-71.92954505,11.60128343],[-71.92453897,11.60175753],[-71.91572642,11.60330355],[-71.9091109,11.60485935],[-71.90829825,11.60512984],[-71.902444,11.60845113],[-71.89839876,11.60854757],[-71.89448094,11.61123681],[-71.89293015,11.61383235],[-71.88149405,11.62031162],[-71.87201273,11.62417996],[-71.86511207,11.62416995],[-71.85148334,11.62966895],[-71.84766746,11.62977362],[-71.84476757,11.63278103],[-71.84140241,11.63225985],[-71.83993626,11.63556135],[-71.83764517,11.63726652],[-71.82191455,11.63981736],[-71.81916296,11.6381464],[-71.81694591,11.64191365],[-71.80920494,11.64589667],[-71.78902495,11.64695263],[-71.76589763,11.65518177],[-71.76133394,11.65856433],[-71.76058745,11.65870535],[-71.74225402,11.66015625],[-71.73453105,11.6593492],[-71.73028815,11.65931904],[-71.72462606,11.65986991],[-71.71875,11.66183031],[-71.70340645,11.66552854],[-71.70206654,11.66751635],[-71.69495261,11.66989315],[-71.68840838,11.67023027],[-71.68248642,11.67491448],[-71.67587721,11.67600465],[-71.67102075,11.67882085],[-71.66107011,11.68185604],[-71.64398754,11.68266976],[-71.63736618,11.68687403],[-71.63002801,11.68772805],[-71.62947083,11.68915594],[-71.63321304,11.68848765],[-71.62885785,11.69126463],[-71.62739301,11.69066584],[-71.62803054,11.68936956],[-71.62719345,11.68872845],[-71.62284565,11.68938005],[-71.61355352,11.68813002],[-71.60658491,11.69132161],[-71.60582316,11.69032216],[-71.60121715,11.68980217],[-71.59437108,11.69277167],[-71.58581185,11.69412375],[-71.57603121,11.69315243],[-71.57015765,11.69542754],[-71.55359292,11.69772363],[-71.55199265,11.69892275],[-71.55027854,11.69864655],[-71.54705882,11.70120168],[-71.54229057,11.70052314],[-71.54025972,11.70215905],[-71.53447318,11.70309114],[-71.53111207,11.70490384],[-71.52778804,11.70434737],[-71.51208282,11.70668817],[-71.50854623,11.70539618],[-71.5035398,11.70650494],[-71.50048053,11.70852494],[-71.49817371,11.70830655],[-71.49789357,11.70974946],[-71.48813784,11.70972562],[-71.48747754,11.7134155],[-71.48533034,11.71440387],[-71.47774506,11.71492755],[-71.48472106,11.7122786],[-71.48238218,11.71184647],[-71.47397256,11.71496892],[-71.46861517,11.71433055],[-71.47032535,11.71575606],[-71.46962214,11.71620762],[-71.46303916,11.71646822],[-71.46636617,11.71483827],[-71.46277142,11.71431625],[-71.44821835,11.72039461],[-71.43947935,11.71884036],[-71.43891323,11.71906412],[-71.43848574,11.7194643],[-71.43824947,11.72217655],[-71.44088733,11.72331131],[-71.43895435,11.72441077],[-71.44062936,11.72585022],[-71.43430197,11.72745132],[-71.4330672,11.73087466],[-71.43350124,11.73272288],[-71.43137825,11.73532796],[-71.43458307,11.73530138],[-71.42868662,11.73969162],[-71.42778361,11.74271131],[-71.41575098,11.74546564],[-71.41118002,11.74235821],[-71.40806997,11.74297047],[-71.40797567,11.74090612],[-71.40466142,11.7455554],[-71.40128684,11.74722135],[-71.39925122,11.74981058],[-71.39701927,11.74807632],[-71.38954365,11.75013637],[-71.38687217,11.75193453],[-71.38735783,11.75626242],[-71.3841325,11.75796735],[-71.38500106,11.76066434],[-71.37882662,11.76542902],[-71.381935,11.76636672],[-71.37713862,11.77290547],[-71.37833858,11.77430975],[-71.37805045,11.77463984],[-71.37231565,11.77734375],[-71.37122715,11.7774868],[-71.3671875,11.77929676],[-71.3671875,11.77957594],[-71.35702741,11.78095233],[-71.35107601,11.78388393],[-71.34562206,11.78749824],[-71.34214628,11.79185605],[-71.33824563,11.79390991],[-71.33931732,11.79589653],[-71.34111571,11.79618967],[-71.34224641,11.79908538],[-71.34465492,11.81199777],[-71.34447098,11.81675506],[-71.34233391,11.82714021],[-71.33942616,11.83487165],[-71.3368777,11.83787584],[-71.33252025,11.83999467],[-71.33199954,11.84130895],[-71.33216405,11.84152365],[-71.33528805,11.84125543],[-71.33968377,11.83878398],[-71.34471536,11.83575678],[-71.34771453,11.83694401],[-71.34516895,11.83680892],[-71.34472466,11.83693421],[-71.34392238,11.83840311],[-71.34234405,11.83942938],[-71.33975255,11.83980703],[-71.33818376,11.84137905],[-71.33817327,11.84167635],[-71.33895946,11.84257436],[-71.34090722,11.84274495],[-71.34228802,11.84110725],[-71.34594047,11.84101474],[-71.34607065,11.84112465],[-71.34444808,11.84442957],[-71.34282553,11.84773445],[-71.34180832,11.84862041],[-71.33334613,11.84986937],[-71.33271766,11.84883678],[-71.33283114,11.84733671],[-71.33294463,11.84583664],[-71.33327317,11.84500265],[-71.33486545,11.84420586],[-71.32993615,11.84306586],[-71.32691085,11.83655942],[-71.32470596,11.83578944],[-71.32464182,11.83319461],[-71.32383954,11.83205295],[-71.32353008,11.83205962],[-71.32372721,11.84214146],[-71.32361335,11.84201359],[-71.30230132,11.84059857],[-71.29775445,11.84068484],[-71.24909671,11.81683247],[-71.17794152,11.76814224],[-71.14809999,11.74454946],[-71.10480493,11.71716408],[-71.0317124,11.66623482],[-70.95170832,11.60646972],[-70.95120002,11.60673873],[-70.93437766,11.61510302],[-70.93097258,11.61683051],[-70.91046338,11.62659792],[-70.90510101,11.62899117],[-70.89143075,11.63409286],[-70.89017651,11.63454613],[-70.88774426,11.635531],[-70.86815789,11.64467759],[-70.75440386,11.7052186],[-70.74352681,11.7684578],[-70.74204466,11.77647683],[-70.73353001,11.81833399],[-70.71144815,11.92038358],[-70.70433808,11.96321527],[-70.69814852,11.99653176],[-70.7630704,12.04018183],[-70.76940074,12.04443802],[-70.82737363,12.08345052],[-70.86243558,12.11036233],[-70.91111853,12.14723648],[-70.93700906,12.16738339],[-70.96081766,12.1857986],[-70.99105987,12.21141251],[-70.99906321,12.21946979],[-71.01307333,12.23492949],[-71.03011568,12.25940303],[-71.03358814,12.26429432],[-71.04887896,12.2869749],[-71.04957186,12.28816601],[-71.06169967,12.31452813],[-71.07359687,12.36892755],[-71.08057675,12.4031847],[-71.08818878,12.41455887],[-71.10821312,12.44538697],[-71.1177829,12.46189169],[-71.12446085,12.47376186],[-71.13584791,12.49628288],[-71.15456693,12.53765043],[-71.16463979,12.5612107],[-71.1835553,12.61018082],[-71.21339516,12.69022101],[-71.22688056,12.72781143],[-71.23654811,12.76019465],[-71.24942044,12.81060128],[-71.2498408,12.81366162],[-71.27300244,12.98185427],[-71.28463631,13.10574458],[-71.32639789,13.55114334],[-71.36437003,13.99025339],[-71.37835664,14.28397605],[-71.40527778,14.96444444],[-70.88055556,15.03555556],[-70.4176804,15.17747401],[-69.61932072,15.28310939],[-70.41666667,12.81666667],[-70.41666667,12.35],[-70.16416667,12.35],[-70.14027778,12.365],[-69.73916667,12.26277778],[-69.54599572,12.15050123],[-69.07916667,11.87916667],[-68.95416667,11.75833333],[-68.82916667,11.74166667],[-68.6,11.66666667],[-68.40522271,11.66666667],[-67.98972222,11.66666667],[-67.98972222,12.45],[-68.55902469,14.27118789],[-68.86222222,15.24111111],[-68.49651724,15.21518027],[-68.48222222,15.21416667],[-68.48174529,15.21406447],[-68.45888889,15.20916667],[-68.15583333,15.185],[-68.06277778,15.17722222],[-67.60638889,15.08527778],[-67.39444444,15.04222222],[-67.11666667,14.98611111],[-67.10305556,14.98277778],[-67.08805556,14.97916667],[-67.07194444,14.97416667],[-66.86111111,14.935],[-66.575,14.93],[-66.3325,15.235],[-66.11916667,15.50277778],[-65.98140326,15.65491414],[-65.97805556,15.65861111],[-64.765,16.39166667],[-64.39416667,16.58861111],[-64.16861111,16.69527778],[-64.135,16.71111111],[-64.11638889,16.71944444],[-64.10861111,16.72277778],[-64.01888889,16.74694444],[-64.01501727,16.74628256]],[[-63.61875141,15.66638613],[-63.61815643,15.66599905],[-63.61759687,15.66605091],[-63.61725855,15.66632962],[-63.61664951,15.6705749],[-63.61700535,15.67195761],[-63.61795545,15.67266095],[-63.61841822,15.67274761],[-63.62092435,15.67225361],[-63.62111664,15.67200768],[-63.61858118,15.66985774],[-63.61875141,15.66638613]],[[-67.65752792,11.97478914],[-67.65007806,11.97269702],[-67.63924205,11.97370815],[-67.63318241,11.97102332],[-67.63532114,11.9747194],[-67.63596272,11.97520745],[-67.63802981,11.97559106],[-67.64177251,11.97590494],[-67.6481173,11.97485876],[-67.64943624,11.97513783],[-67.65603054,11.97796226],[-67.65656507,11.98040295],[-67.65820491,11.97778785],[-67.66098511,11.97785747],[-67.66312385,11.97977543],[-67.66241086,11.98120487],[-67.66519117,11.98123991],[-67.66487086,11.98350632],[-67.67100191,11.98842275],[-67.68019831,11.98371553],[-67.66722345,11.97580028],[-67.65752792,11.97478914]],[[-66.67975688,11.94807005],[-66.67707586,11.94502234],[-66.67669952,11.94479275],[-66.67266345,11.94299316],[-66.67131054,11.94285464],[-66.67034102,11.9431777],[-66.66989076,11.94376886],[-66.67022455,11.94484937],[-66.66558385,11.9462347],[-66.6648252,11.94876611],[-66.66222095,11.94948638],[-66.66429055,11.953125],[-66.66514587,11.953125],[-66.66511667,11.95290566],[-66.66860604,11.95123494],[-66.66897166,11.95132136],[-66.67170393,11.953125],[-66.67739844,11.95696592],[-66.68123674,11.96087122],[-66.688645,11.96030796],[-66.6901803,11.96057081],[-66.69578433,11.96237326],[-66.69678235,11.96222305],[-66.69808745,11.96000755],[-66.69889343,11.95794225],[-66.69858634,11.95647764],[-66.68926108,11.95342541],[-66.68874025,11.95296943],[-66.68501544,11.95041633],[-66.68238831,11.95040655],[-66.68182981,11.94874465],[-66.67975688,11.94807005]],[[-66.63321173,11.953125],[-66.63186908,11.95236111],[-66.63136601,11.95247221],[-66.63036025,11.953125],[-66.63321173,11.953125]],[[-66.64610124,11.95148575],[-66.64632738,11.953125],[-66.65003407,11.953125],[-66.6502099,11.95155287],[-66.6461935,11.95093262],[-66.64610124,11.95148575]],[[-66.64990342,11.94734275],[-66.64866304,11.94713426],[-66.64714134,11.94893706],[-66.64795744,11.95000207],[-66.64840913,11.95008123],[-66.64943743,11.94958985],[-66.6502645,11.94823587],[-66.64990342,11.94734275]],[[-67.42378187,11.94605756],[-67.42672181,11.94792724],[-67.42809868,11.94598985],[-67.43093193,11.94515455],[-67.43504655,11.94590175],[-67.43582726,11.94694984],[-67.43618238,11.9469285],[-67.43717122,11.94652843],[-67.43750644,11.94623256],[-67.43646276,11.94438887],[-67.43933332,11.94239461],[-67.44589186,11.94304955],[-67.44881892,11.94181561],[-67.44596171,11.94047046],[-67.44072616,11.94008732],[-67.43979597,11.94007993],[-67.43570161,11.94059944],[-67.4338696,11.94155157],[-67.42628717,11.94460845],[-67.41595745,11.94317806],[-67.41597581,11.94174337],[-67.41370535,11.94320774],[-67.413643,11.94350564],[-67.41464722,11.94522965],[-67.415434,11.94546151],[-67.42378187,11.94605756]],[[-66.66392875,11.94010365],[-66.66312945,11.93333888],[-66.66200757,11.93198597],[-66.66120231,11.93207085],[-66.65933096,11.93373847],[-66.65945125,11.93731046],[-66.66392875,11.94010365]],[[-66.65957725,11.93222046],[-66.65487647,11.92812431],[-66.65431273,11.92809141],[-66.65387666,11.92831135],[-66.65274155,11.93513143],[-66.65684712,11.93575335],[-66.65762317,11.93585575],[-66.65793276,11.93370688],[-66.65957725,11.93222046]],[[-66.74867582,11.93117964],[-66.74633265,11.93221176],[-66.74905527,11.93354344],[-66.75254226,11.93390071],[-66.75415206,11.93340588],[-66.75534594,11.93277895],[-66.75600433,11.93136096],[-66.75609565,11.93035388],[-66.75567901,11.92951703],[-66.75516975,11.92943335],[-66.75157964,11.93047214],[-66.74842346,11.92833924],[-66.74583375,11.9294852],[-66.74836803,11.92956614],[-66.74883914,11.93067575],[-66.74867582,11.93117964]],[[-66.74539685,11.92309153],[-66.73895192,11.92062664],[-66.73815107,11.92062748],[-66.73636413,11.92157805],[-66.73858881,11.92378068],[-66.73960161,11.92433691],[-66.74334443,11.92639792],[-66.74480474,11.92574835],[-66.74570632,11.92346835],[-66.74539685,11.92309153]],[[-66.73379326,11.92088497],[-66.73147225,11.91882646],[-66.73083305,11.91903341],[-66.72961438,11.92111003],[-66.72976756,11.92280507],[-66.72991395,11.92319274],[-66.7313776,11.92432535],[-66.73213828,11.92442024],[-66.73242486,11.92426956],[-66.73379326,11.92088497]],[[-66.83797014,11.91033256],[-66.83703124,11.91022515],[-66.83310533,11.91110873],[-66.83217454,11.91180444],[-66.83053076,11.91394985],[-66.83034253,11.91444027],[-66.8328495,11.91492474],[-66.83905232,11.91393447],[-66.83950901,11.91356707],[-66.83961058,11.91297185],[-66.83917451,11.91112947],[-66.83894455,11.91077793],[-66.83797014,11.91033256]],[[-66.82684004,11.91303146],[-66.82649147,11.91198111],[-66.82228506,11.91215587],[-66.82193196,11.91254711],[-66.82206297,11.91315401],[-66.82275367,11.91363657],[-66.82384253,11.91388595],[-66.82580304,11.91410041],[-66.82684004,11.91303146]],[[-66.74892151,11.90523553],[-66.74836016,11.90407836],[-66.74772465,11.90412104],[-66.74552155,11.90535104],[-66.74561358,11.90574622],[-66.74883103,11.90569186],[-66.74892151,11.90523553]],[[-66.73817575,11.89952326],[-66.73464513,11.89744175],[-66.73497021,11.89025748],[-66.73197103,11.88450694],[-66.72746027,11.88299882],[-66.72665477,11.88098085],[-66.72621036,11.88062835],[-66.72510052,11.88071573],[-66.72400463,11.88208437],[-66.72294486,11.8837862],[-66.7228868,11.88407135],[-66.72275615,11.88960993],[-66.72468162,11.88944685],[-66.72544944,11.88514745],[-66.72612464,11.89065433],[-66.72988617,11.88810563],[-66.73239863,11.89354527],[-66.73256922,11.89729345],[-66.74056125,11.90320766],[-66.73817575,11.89952326]],[[-64.62191176,11.89602685],[-64.62337554,11.88662434],[-64.62854695,11.87540603],[-64.62869537,11.87498868],[-64.62958884,11.87232065],[-64.62912273,11.86843264],[-64.63100398,11.86444044],[-64.63195074,11.86284506],[-64.64025712,11.85387695],[-64.64809954,11.85035765],[-64.64901984,11.84757245],[-64.64570045,11.84383655],[-64.64419055,11.83997691],[-64.64612627,11.83272874],[-64.64501595,11.82547426],[-64.63966727,11.82197106],[-64.63576913,11.82209528],[-64.62688756,11.81698406],[-64.62372684,11.81974745],[-64.61502576,11.81967747],[-64.61384106,11.81677771],[-64.60935426,11.8150835],[-64.60649884,11.81598413],[-64.60573316,11.81883371],[-64.600389,11.82082295],[-64.59465778,11.81071305],[-64.58953714,11.80939102],[-64.58756745,11.80765843],[-64.58607686,11.8085103],[-64.58562446,11.80910075],[-64.58049166,11.80962706],[-64.57216036,11.8100394],[-64.57155132,11.80862033],[-64.56988537,11.80890191],[-64.56756401,11.81036973],[-64.56293225,11.81834221],[-64.56271768,11.82267451],[-64.56051922,11.82739651],[-64.56099725,11.82864177],[-64.55863762,11.83076036],[-64.55796516,11.84002244],[-64.56010616,11.84727585],[-64.56246924,11.85133648],[-64.56325757,11.85833955],[-64.56349945,11.85897911],[-64.56634605,11.86376226],[-64.56812203,11.86383665],[-64.56824398,11.86415148],[-64.56722665,11.86748922],[-64.56908214,11.87262773],[-64.56926882,11.87296593],[-64.57907033,11.88142574],[-64.5904752,11.88971424],[-64.59495223,11.89199054],[-64.60001361,11.89422607],[-64.61652756,11.89803421],[-64.61744857,11.89826167],[-64.61943161,11.89962018],[-64.62191176,11.89602685]],[[-64.44425035,11.81968045],[-64.44299388,11.81939685],[-64.43857837,11.82058096],[-64.43926728,11.82443583],[-64.44432533,11.82350707],[-64.4446094,11.82041955],[-64.44425035,11.81968045]],[[-64.43138087,11.81156075],[-64.43070376,11.81139648],[-64.4278115,11.81175721],[-64.42754877,11.81374466],[-64.42964184,11.81395686],[-64.43138635,11.81434834],[-64.43294525,11.81617713],[-64.43313396,11.81600237],[-64.433568,11.81335723],[-64.43138087,11.81156075]],[[-66.10125244,11.81483185],[-66.10205865,11.81948054],[-66.10228884,11.81975675],[-66.10624385,11.82252491],[-66.10901272,11.82271004],[-66.11492777,11.82390904],[-66.12298465,11.82006288],[-66.14827836,11.81643558],[-66.15659463,11.81637287],[-66.15861273,11.81442654],[-66.16234875,11.81445301],[-66.16326296,11.81317091],[-66.16417635,11.81366456],[-66.16199374,11.81499696],[-66.18601894,11.81404054],[-66.19965458,11.81467116],[-66.20393682,11.81372321],[-66.20438564,11.81346941],[-66.20459676,11.81204987],[-66.20424402,11.81093895],[-66.19818032,11.80244887],[-66.19308186,11.8008008],[-66.19122934,11.79789543],[-66.18578684,11.79464674],[-66.17994773,11.78937066],[-66.17213631,11.78413153],[-66.16429913,11.77969313],[-66.16353834,11.77932668],[-66.15947282,11.77890897],[-66.15818882,11.77734375],[-66.15785158,11.77734375],[-66.14644742,11.76887965],[-66.14168715,11.76760995],[-66.13162732,11.76764941],[-66.12554193,11.76949787],[-66.12561905,11.76853621],[-66.12890625,11.76771748],[-66.12589514,11.76732862],[-66.12124503,11.76872373],[-66.11487091,11.77552223],[-66.11397755,11.77734375],[-66.11370885,11.77734375],[-66.10738754,11.78582692],[-66.10312903,11.79534125],[-66.10119343,11.79727113],[-66.09919763,11.80147874],[-66.09895182,11.80593824],[-66.10004675,11.81377614],[-66.10125244,11.81483185]],[[-64.42991781,11.78765595],[-64.42374551,11.78473187],[-64.42242074,11.79020905],[-64.42266655,11.79064536],[-64.42615604,11.78991938],[-64.4265455,11.79013395],[-64.42723346,11.79121995],[-64.42888534,11.79017484],[-64.42983353,11.7892338],[-64.42991781,11.78765595]],[[-66.59246302,11.76677775],[-66.58567715,11.77038825],[-66.58202195,11.77421355],[-66.58287835,11.77503943],[-66.58749557,11.77226257],[-66.58945477,11.77416408],[-66.58918536,11.77734375],[-66.58958697,11.77734375],[-66.59022665,11.77844274],[-66.59063625,11.77843785],[-66.59215331,11.77734375],[-66.59288895,11.77734375],[-66.59565115,11.7758373],[-66.59258664,11.77578127],[-66.59203064,11.77474141],[-66.59485745,11.77316797],[-66.59496868,11.76923835],[-66.59816372,11.76927805],[-66.59924805,11.76742828],[-66.60144114,11.76710761],[-66.60065866,11.76622653],[-66.60140622,11.76535666],[-66.60201597,11.76515424],[-66.6068449,11.76669407],[-66.60873985,11.76611686],[-66.60900915,11.76623094],[-66.61019337,11.77155983],[-66.60926092,11.77734375],[-66.60679412,11.78064191],[-66.60202312,11.78322935],[-66.60082603,11.78498173],[-66.60034835,11.78333545],[-66.60513937,11.77734375],[-66.60610986,11.77578545],[-66.60596132,11.77542114],[-66.60098875,11.77452564],[-66.60338473,11.77382314],[-66.60370541,11.77234662],[-66.59893036,11.77347386],[-66.59837735,11.77386391],[-66.59714794,11.77586103],[-66.59716237,11.77734375],[-66.59728563,11.77734375],[-66.59723425,11.784428],[-66.59258485,11.78943241],[-66.59495544,11.79044235],[-66.59611511,11.79282892],[-66.59643757,11.79845488],[-66.59337914,11.79693735],[-66.59122336,11.79779601],[-66.59221172,11.79499924],[-66.5956943,11.79369116],[-66.59570468,11.79327536],[-66.59325945,11.79281676],[-66.59115624,11.79391241],[-66.59092855,11.79420543],[-66.588081,11.80065393],[-66.58782542,11.80541146],[-66.58670676,11.80593646],[-66.58739996,11.81311655],[-66.58750951,11.81346655],[-66.59025145,11.81746912],[-66.59114087,11.81801403],[-66.59219182,11.81820965],[-66.59399044,11.81733203],[-66.59275937,11.81970215],[-66.59428418,11.82259297],[-66.59571743,11.82254457],[-66.59699774,11.8212707],[-66.59717667,11.8207736],[-66.59610271,11.81833732],[-66.59455526,11.81710255],[-66.59538555,11.81508124],[-66.59700882,11.81596911],[-66.59984612,11.8152374],[-66.59998477,11.81474805],[-66.59907413,11.81203186],[-66.59992504,11.80984223],[-66.59850085,11.80952966],[-66.59859824,11.80850863],[-66.59979725,11.80696917],[-66.60161245,11.80679953],[-66.59884095,11.80589676],[-66.5984745,11.80421484],[-66.59917331,11.80227983],[-66.60063565,11.80220306],[-66.60390162,11.79884696],[-66.60302556,11.79736066],[-66.60437346,11.79638803],[-66.60355425,11.79516363],[-66.60544431,11.79514492],[-66.60597527,11.79345226],[-66.60723341,11.79563785],[-66.60660183,11.80217385],[-66.6064831,11.80328858],[-66.60727072,11.80741727],[-66.61046636,11.81069875],[-66.61061704,11.81111658],[-66.61289823,11.82187498],[-66.61463737,11.82391822],[-66.61679673,11.82441807],[-66.61764002,11.82422996],[-66.62118351,11.82100606],[-66.62173617,11.81094825],[-66.61868346,11.80507624],[-66.61878896,11.80118418],[-66.61600864,11.80056977],[-66.61512065,11.80171025],[-66.61323524,11.79989386],[-66.61305392,11.79817355],[-66.61525476,11.79673862],[-66.61647844,11.79875147],[-66.61738324,11.79850471],[-66.6194483,11.78992784],[-66.62105727,11.79153121],[-66.62656045,11.7900238],[-66.62681031,11.78011787],[-66.62779415,11.77734375],[-66.62821615,11.77734375],[-66.62820208,11.77628005],[-66.62930834,11.77702093],[-66.63134313,11.77663302],[-66.63169324,11.77641463],[-66.63141704,11.77414155],[-66.63277495,11.77263248],[-66.63755763,11.77187347],[-66.63856626,11.76700497],[-66.64131975,11.76684833],[-66.64138937,11.76469481],[-66.64283991,11.76387715],[-66.64735127,11.76362312],[-66.64978766,11.76177168],[-66.65128291,11.76250374],[-66.65624726,11.76057315],[-66.65822196,11.76036143],[-66.6605618,11.76107132],[-66.66244495,11.75879085],[-66.66379857,11.75942063],[-66.66612935,11.75777912],[-66.66955793,11.75824475],[-66.67128468,11.75691235],[-66.67373037,11.75663126],[-66.67415345,11.75673425],[-66.68500245,11.76094961],[-66.69103992,11.76194966],[-66.69306064,11.76475811],[-66.69476998,11.76531613],[-66.70033371,11.76557696],[-66.70103395,11.76545656],[-66.70084405,11.76474285],[-66.69960415,11.76344764],[-66.6834352,11.75759316],[-66.67308974,11.75148725],[-66.64589405,11.75862002],[-66.62997568,11.75899065],[-66.62715852,11.76003921],[-66.61488795,11.75895822],[-66.61215007,11.75895882],[-66.61049163,11.75954556],[-66.60576868,11.76221871],[-66.59246302,11.76677775]],[[-66.76708186,11.75925624],[-66.76121223,11.76265383],[-66.7596724,11.76224017],[-66.74377203,11.77365744],[-66.73385465,11.77591908],[-66.72177517,11.77331924],[-66.72425222,11.77596331],[-66.72652507,11.77574551],[-66.73049402,11.77734375],[-66.73178434,11.77751815],[-66.73733163,11.77734375],[-66.74569023,11.77581477],[-66.74683714,11.77355337],[-66.75115955,11.77075636],[-66.75412345,11.7699095],[-66.75708485,11.76707065],[-66.76131058,11.76560605],[-66.76221704,11.76394081],[-66.76769447,11.76088405],[-66.77031255,11.76100278],[-66.77109635,11.75951517],[-66.7770735,11.75722611],[-66.78286374,11.75209963],[-66.78343916,11.75179291],[-66.78479815,11.75135386],[-66.7880882,11.75193524],[-66.78901136,11.74875212],[-66.796875,11.74581456],[-66.80305254,11.74339116],[-66.84286523,11.73940885],[-66.85461187,11.74528491],[-66.85592234,11.74830127],[-66.85767055,11.74739933],[-66.85779345,11.74689901],[-66.85764766,11.74545741],[-66.85573077,11.74305403],[-66.85120463,11.74131882],[-66.84977734,11.74019575],[-66.84836626,11.73783171],[-66.84143043,11.73612165],[-66.81751382,11.74076235],[-66.8004564,11.74277484],[-66.796875,11.74414062],[-66.78545356,11.74830592],[-66.77434695,11.75713277],[-66.76708186,11.75925624]],[[-64.39419878,11.74581456],[-64.39743066,11.73981667],[-64.39698637,11.73985124],[-64.39500535,11.74043405],[-64.39448345,11.74157464],[-64.39178193,11.74174285],[-64.39053476,11.74222815],[-64.38922334,11.74349356],[-64.38897336,11.74507582],[-64.39419878,11.74581456]],[[-66.71862602,11.77436423],[-66.71871436,11.77297914],[-66.71580493,11.77163041],[-66.71557546,11.77179802],[-66.71862602,11.77436423]],[[-66.70416021,11.76471305],[-66.70157695,11.76411843],[-66.70146847,11.76554513],[-66.70168567,11.76582158],[-66.70541465,11.76777017],[-66.70496655,11.76535773],[-66.70416021,11.76471305]],[[-66.88113701,11.78746664],[-66.88213325,11.78799415],[-66.88229477,11.78625596],[-66.88170195,11.78520966],[-66.88115156,11.78523314],[-66.88102674,11.78675854],[-66.88113701,11.78746664]],[[-66.8905642,11.79712784],[-66.89216173,11.79775977],[-66.89355207,11.79548883],[-66.89513957,11.79494095],[-66.89568603,11.79334283],[-66.89065385,11.79303586],[-66.89029253,11.79327023],[-66.89014852,11.79617298],[-66.8905642,11.79712784]],[[-66.89023042,11.80030096],[-66.88956451,11.80061758],[-66.88872385,11.80273044],[-66.89236844,11.80560195],[-66.89317048,11.80398965],[-66.89235807,11.80233645],[-66.89023042,11.80030096]],[[-66.92897022,11.82217455],[-66.93085516,11.8233304],[-66.93799531,11.81898844],[-66.94186556,11.81985366],[-66.94546556,11.82489502],[-66.94839215,11.823843],[-66.94706655,11.82006145],[-66.93886864,11.81760204],[-66.93090916,11.81939745],[-66.92897022,11.82217455]],[[-66.12100947,11.82628286],[-66.11971617,11.82432675],[-66.11919093,11.82426262],[-66.11729002,11.82578552],[-66.11446691,11.8255496],[-66.11242211,11.82793272],[-66.10811937,11.82832694],[-66.10195231,11.82387865],[-66.10126746,11.8239814],[-66.10091841,11.82419252],[-66.10126591,11.82668555],[-66.09835875,11.82994652],[-66.09674025,11.83307755],[-66.09375,11.84068084],[-66.09375,11.84151781],[-66.09210694,11.84611046],[-66.08883512,11.85194445],[-66.09188032,11.85630441],[-66.09225404,11.86251295],[-66.09095585,11.86635351],[-66.09106314,11.86677218],[-66.0925529,11.86706865],[-66.09375,11.86774552],[-66.09889615,11.87094462],[-66.10336196,11.86847997],[-66.10317302,11.86651576],[-66.09964538,11.86252117],[-66.09972322,11.8575958],[-66.09675407,11.85507977],[-66.09375,11.85546875],[-66.09222913,11.85264337],[-66.09210062,11.85185552],[-66.09375,11.84765625],[-66.09375,11.84709823],[-66.09510136,11.84364772],[-66.09594262,11.84198356],[-66.09757054,11.84084785],[-66.09821177,11.83784997],[-66.10014904,11.8367455],[-66.10289526,11.83774614],[-66.10490251,11.83727396],[-66.10674226,11.83378983],[-66.10953391,11.83380151],[-66.11237288,11.82909191],[-66.11677062,11.82841837],[-66.11841524,11.82676184],[-66.12100947,11.82628286]],[[-66.59697032,11.82851624],[-66.59274995,11.83184886],[-66.59440994,11.83298933],[-66.59562647,11.83800733],[-66.59781206,11.83806992],[-66.59673905,11.84015751],[-66.59990442,11.84532988],[-66.60202074,11.84675944],[-66.60428905,11.84644473],[-66.60460567,11.84613884],[-66.60578954,11.84421241],[-66.60084331,11.84003186],[-66.59980202,11.83749032],[-66.59816384,11.83745193],[-66.6001513,11.83444846],[-66.59739876,11.82851231],[-66.59697032,11.82851624]],[[-66.95174444,11.83317316],[-66.95301938,11.83348835],[-66.95461285,11.83195806],[-66.9548763,11.83138525],[-66.95623243,11.83141553],[-66.95619714,11.83093333],[-66.95104396,11.82558835],[-66.95189416,11.82909477],[-66.95060992,11.83063006],[-66.95060396,11.83096075],[-66.95098197,11.83168995],[-66.95174444,11.83317316]],[[-66.92084086,11.83913887],[-66.92592454,11.84708512],[-66.92932618,11.84948146],[-66.93344462,11.85152924],[-66.93511295,11.85180891],[-66.93815565,11.85184145],[-66.94080365,11.85069704],[-66.94139135,11.8493998],[-66.94123507,11.84887195],[-66.93856883,11.84744966],[-66.93305635,11.84925902],[-66.93102026,11.84884727],[-66.93066394,11.8486433],[-66.92720556,11.84586716],[-66.92400503,11.83805931],[-66.9227488,11.83645642],[-66.9222368,11.83648217],[-66.92051923,11.83761644],[-66.92084086,11.83913887]],[[-66.81520796,11.85189664],[-66.81290972,11.85172868],[-66.81094718,11.85378027],[-66.81491601,11.85466671],[-66.8168118,11.85275674],[-66.81520796,11.85189664]],[[-66.796875,11.85351563],[-66.79439473,11.85216975],[-66.79276466,11.85349846],[-66.79267263,11.85399985],[-66.79278135,11.85703385],[-66.79328084,11.85817826],[-66.79502988,11.85859776],[-66.796875,11.85686386],[-66.79728031,11.85691011],[-66.79823232,11.85521507],[-66.79810917,11.85473144],[-66.796875,11.85379457],[-66.796875,11.85351563]],[[-66.78319228,11.86019266],[-66.78147435,11.85792065],[-66.78122103,11.85752094],[-66.78140724,11.85612357],[-66.78286397,11.8560518],[-66.78207827,11.85480595],[-66.78547466,11.85246992],[-66.78635573,11.85375965],[-66.78551257,11.85635865],[-66.78697658,11.8582201],[-66.787696,11.85281575],[-66.79167843,11.85139513],[-66.79082274,11.85004008],[-66.78666675,11.84971225],[-66.78214431,11.85050881],[-66.77993274,11.85340846],[-66.77482486,11.85622895],[-66.77493584,11.85756075],[-66.77632463,11.85760784],[-66.77547002,11.86008644],[-66.76421475,11.85883737],[-66.76582515,11.85741484],[-66.76331496,11.85638011],[-66.75943196,11.85735548],[-66.75914502,11.85329962],[-66.75544775,11.85430706],[-66.75406563,11.85331094],[-66.74965274,11.85322475],[-66.74857295,11.8539741],[-66.74820864,11.85893381],[-66.74679554,11.86005545],[-66.74282551,11.86042893],[-66.73957658,11.85860825],[-66.73052478,11.85976052],[-66.72788775,11.85887742],[-66.72637784,11.86082137],[-66.72125041,11.86017704],[-66.72082365,11.86116445],[-66.71802175,11.85886371],[-66.71507812,11.86074615],[-66.71358216,11.85783815],[-66.71571624,11.85427284],[-66.72297525,11.85246325],[-66.7286216,11.85519671],[-66.73283684,11.85521841],[-66.73413634,11.85399056],[-66.73294938,11.85255945],[-66.7313714,11.85348856],[-66.72983134,11.85216761],[-66.72790432,11.85367155],[-66.72786331,11.85053134],[-66.72496605,11.84917235],[-66.72722447,11.84814525],[-66.7265346,11.84668481],[-66.72490704,11.84670007],[-66.72249234,11.84897363],[-66.71887267,11.84765434],[-66.7178992,11.84896111],[-66.71577108,11.84874892],[-66.71668696,11.84607852],[-66.71599996,11.84486866],[-66.7142359,11.84805405],[-66.71559715,11.84989655],[-66.70996213,11.85455501],[-66.70800936,11.85989571],[-66.70947385,11.86466491],[-66.71272981,11.86544645],[-66.7197479,11.86272323],[-66.73188365,11.86140406],[-66.74454653,11.8619132],[-66.75967884,11.85950315],[-66.76539075,11.86157715],[-66.76888025,11.86211336],[-66.76922953,11.86213565],[-66.7710793,11.86031652],[-66.77472424,11.86197794],[-66.78671968,11.86279023],[-66.78705025,11.86283791],[-66.79157782,11.86459243],[-66.796875,11.86495531],[-66.796875,11.86523426],[-66.79762244,11.86543715],[-66.81335235,11.86502671],[-66.82054412,11.86656272],[-66.82113564,11.86656916],[-66.82308686,11.86536455],[-66.82070553,11.86236453],[-66.8173089,11.86446106],[-66.80645561,11.86198425],[-66.796875,11.86383915],[-66.79645717,11.86398256],[-66.78358793,11.86041355],[-66.78319228,11.86019266]],[[-66.84366524,11.86651194],[-66.84351575,11.86677074],[-66.84332514,11.86777568],[-66.84349215,11.86799777],[-66.85175514,11.87045252],[-66.85284865,11.87084651],[-66.8532598,11.87012446],[-66.85270631,11.86772406],[-66.85252976,11.86750352],[-66.85049808,11.86698163],[-66.84748638,11.86764324],[-66.84567821,11.86586952],[-66.84366524,11.86651194]],[[-66.72300518,11.8714509],[-66.71845245,11.86945307],[-66.71704853,11.87170565],[-66.71675015,11.87243414],[-66.71965885,11.87137473],[-66.71932554,11.87434685],[-66.71764135,11.87314403],[-66.71619213,11.87344992],[-66.71769977,11.87542045],[-66.71880531,11.87699497],[-66.72013795,11.87520146],[-66.72107208,11.87630093],[-66.72371304,11.87638414],[-66.72456098,11.87600076],[-66.72976613,11.87201917],[-66.72300518,11.8714509]],[[-66.93910873,11.87670684],[-66.93764246,11.87793374],[-66.93751025,11.87845981],[-66.93752766,11.88019097],[-66.93885934,11.88245058],[-66.93920624,11.88265824],[-66.94080615,11.88062358],[-66.94081104,11.87994146],[-66.93946385,11.87668991],[-66.93910873,11.87670684]],[[-66.84361601,11.88296938],[-66.84240687,11.88264966],[-66.84053814,11.88774264],[-66.84334886,11.88824892],[-66.84340966,11.88854516],[-66.84419894,11.89000535],[-66.84518886,11.89017725],[-66.84754872,11.88859844],[-66.84480035,11.88682544],[-66.84361601,11.88296938]],[[-66.84958601,11.89011097],[-66.84938693,11.89030611],[-66.85161936,11.89327562],[-66.85077262,11.89462984],[-66.85446096,11.89665055],[-66.85630834,11.89701915],[-66.85740495,11.89700365],[-66.85974884,11.8958739],[-66.87844491,11.89822555],[-66.88711786,11.89927447],[-66.89549065,11.89574361],[-66.8940109,11.89371145],[-66.89201403,11.89355123],[-66.88710225,11.89818835],[-66.88176656,11.89812887],[-66.87510908,11.89623475],[-66.86554742,11.89572775],[-66.86467135,11.89551234],[-66.85321057,11.89264655],[-66.84958601,11.89011097]],[[-66.80489635,11.89715195],[-66.80407608,11.89448905],[-66.80456066,11.89093185],[-66.80443835,11.89063954],[-66.80297697,11.89046848],[-66.79971683,11.89177251],[-66.7998023,11.89448476],[-66.79999244,11.89485681],[-66.80319357,11.89736116],[-66.80543625,11.89745247],[-66.80489635,11.89715195]],[[-66.80171335,11.88868213],[-66.796875,11.88699782],[-66.79660714,11.88686931],[-66.79060531,11.88010645],[-66.78965533,11.88061535],[-66.78994918,11.88169336],[-66.79054523,11.88331854],[-66.78604007,11.88267303],[-66.78731465,11.88141561],[-66.78971136,11.88154113],[-66.78946793,11.88054764],[-66.78909755,11.88034606],[-66.78104234,11.88227975],[-66.7744323,11.88182795],[-66.77249396,11.88043213],[-66.77153373,11.88032687],[-66.76992643,11.88098514],[-66.76979184,11.88176],[-66.77141833,11.88585675],[-66.77849293,11.88512814],[-66.78049612,11.88637781],[-66.78675807,11.88431466],[-66.79245865,11.88578856],[-66.79276645,11.88589275],[-66.796875,11.88950884],[-66.796875,11.88958883],[-66.80171335,11.88868213]],[[-66.63672674,11.88331425],[-66.63491428,11.88019526],[-66.62964761,11.87751114],[-66.62907732,11.87751114],[-66.62786114,11.87894225],[-66.62679994,11.88177955],[-66.62720454,11.88315272],[-66.63427365,11.88948774],[-66.63604557,11.89058805],[-66.63987064,11.89213336],[-66.64030874,11.89227247],[-66.64271581,11.89150167],[-66.64513206,11.89338696],[-66.64553452,11.8933804],[-66.64521754,11.8922044],[-66.64788103,11.8916043],[-66.64822125,11.89166784],[-66.65000451,11.89361405],[-66.65054071,11.89383614],[-66.65253782,11.89379752],[-66.65433991,11.89367795],[-66.65397275,11.89211655],[-66.65304184,11.89110875],[-66.65179145,11.89067852],[-66.65141392,11.89066005],[-66.65128756,11.89157867],[-66.64867806,11.89080012],[-66.64841723,11.89044011],[-66.64753628,11.88535964],[-66.64608896,11.88426363],[-66.64647675,11.88253272],[-66.64255416,11.88370836],[-66.63672674,11.88331425]],[[-66.82218564,11.88773036],[-66.82573235,11.88842082],[-66.82722378,11.88778865],[-66.82616591,11.8859812],[-66.82522404,11.88564086],[-66.82382715,11.88581336],[-66.82190537,11.88744533],[-66.82218564,11.88773036]],[[-66.84562206,11.88443887],[-66.84567654,11.88478482],[-66.84942114,11.88471532],[-66.85025406,11.88443434],[-66.85048687,11.88352966],[-66.84917748,11.88265824],[-66.84771061,11.88270795],[-66.84634078,11.88318455],[-66.84562206,11.88443887]],[[-66.68752766,11.87613857],[-66.69589651,11.87286067],[-66.69617784,11.87234998],[-66.69612217,11.87156796],[-66.69584465,11.87143731],[-66.69169295,11.87035203],[-66.69071364,11.86838865],[-66.68941295,11.86864758],[-66.69189143,11.86531353],[-66.69171166,11.86418736],[-66.68943846,11.86423397],[-66.68988621,11.85978365],[-66.68426454,11.86130381],[-66.68366301,11.86180556],[-66.68270576,11.86536551],[-66.68262768,11.86635315],[-66.68342483,11.86988485],[-66.68525195,11.87230933],[-66.68382955,11.87347734],[-66.68328392,11.87393141],[-66.68366814,11.87565827],[-66.68752766,11.87613857]],[[-66.61631823,11.86287725],[-66.6165843,11.84754765],[-66.61606884,11.84499073],[-66.61437035,11.84448075],[-66.60782683,11.84270346],[-66.60644782,11.84440565],[-66.60678506,11.84674776],[-66.60555935,11.84631491],[-66.60495245,11.84863973],[-66.60301936,11.84883034],[-66.60348022,11.85125804],[-66.60640955,11.85505021],[-66.60712504,11.85852361],[-66.61332583,11.86557186],[-66.61631823,11.86287725]],[[-66.11809421,11.85286212],[-66.11672986,11.85282361],[-66.11543953,11.85349286],[-66.11552417,11.857131],[-66.11510861,11.85810065],[-66.11410475,11.86007142],[-66.11050153,11.86311448],[-66.11059451,11.86432087],[-66.11938024,11.85605276],[-66.11981094,11.8536514],[-66.11954737,11.85325885],[-66.11809421,11.85286212]],[[-66.73254466,11.84480536],[-66.73320746,11.84502172],[-66.73606014,11.84479284],[-66.73762691,11.84517574],[-66.73930776,11.84377265],[-66.73745263,11.84296954],[-66.73561573,11.84414697],[-66.73395944,11.84236968],[-66.73219645,11.84238577],[-66.73215854,11.84428191],[-66.73254466,11.84480536]],[[-66.69951725,11.86823344],[-66.69965053,11.87145376],[-66.69993734,11.87166095],[-66.7021842,11.87195194],[-66.70399582,11.87026727],[-66.70389164,11.86976075],[-66.70099723,11.86732245],[-66.70008481,11.86719322],[-66.69951725,11.86823344]],[[-66.72435975,11.85591948],[-66.72286105,11.85459757],[-66.72237313,11.85469091],[-66.72115123,11.85529041],[-66.72108781,11.85559177],[-66.72178972,11.85701954],[-66.7220031,11.85732114],[-66.72425377,11.85801375],[-66.72457302,11.85608745],[-66.72435975,11.85591948]],[[-66.76617384,11.85598397],[-66.76584625,11.85668135],[-66.76639783,11.85691273],[-66.76912773,11.85424924],[-66.76898265,11.85636747],[-66.76917911,11.85654736],[-66.77058017,11.85647404],[-66.77240753,11.85716987],[-66.77330053,11.85580265],[-66.77152216,11.85368764],[-66.76943696,11.85333288],[-66.76617384,11.85598397]],[[-66.12684894,11.83068395],[-66.12628675,11.83045757],[-66.12489057,11.83046722],[-66.12442482,11.83070195],[-66.12114763,11.83382797],[-66.12102771,11.83414185],[-66.12081134,11.83536005],[-66.12247014,11.83746743],[-66.12200725,11.84037471],[-66.12535155,11.83599007],[-66.12559712,11.83499753],[-66.12440181,11.83464372],[-66.12464547,11.83403265],[-66.12685394,11.83225358],[-66.12684894,11.83068395]],[[-66.13580632,11.82226562],[-66.14419961,11.81805003],[-66.14391518,11.8178606],[-66.13400435,11.82057631],[-66.13283801,11.82121456],[-66.13285995,11.82172501],[-66.13311553,11.8222692],[-66.13580632,11.82226562]],[[-64.40652013,11.72642994],[-64.40659416,11.72032034],[-64.40187204,11.72094476],[-64.39833391,11.72359896],[-64.39819133,11.72607994],[-64.40018892,11.72709286],[-64.40115583,11.7276355],[-64.40158117,11.72773433],[-64.40652013,11.72642994]],[[-70.90139306,12.36206532],[-70.90379834,12.36319184],[-70.90412796,12.36286986],[-70.90234876,12.36129284],[-70.90363371,12.36074555],[-70.90369964,12.36058474],[-70.90274405,12.36003745],[-70.90402913,12.35897541],[-70.90554476,12.35949028],[-70.90373266,12.35726953],[-70.90261233,12.35707641],[-70.89941621,12.3575592],[-70.90198624,12.35945821],[-70.90211797,12.36093867],[-70.89915264,12.36158252],[-70.90139306,12.36206532]],[[-70.85554946,12.38830805],[-70.85576916,12.38895166],[-70.85787833,12.38713861],[-70.85754883,12.38662362],[-70.85667002,12.38689184],[-70.85469282,12.38712776],[-70.85554946,12.38830805]],[[-70.91544914,12.48308122],[-70.91500974,12.48619247],[-70.9164108,12.48592424],[-70.91544914,12.48308122]],[[-70.92314124,12.49153006],[-70.92330623,12.49158382],[-70.92363584,12.49150336],[-70.92382813,12.4913156],[-70.92360842,12.49118137],[-70.92344356,12.49112785],[-70.92325115,12.4910742],[-70.92303145,12.49123514],[-70.92289412,12.49142277],[-70.92314124,12.49153006]],[[-70.13629055,11.55852318],[-70.12917495,11.5525949],[-70.12885714,11.54864836],[-70.12591827,11.54623401],[-70.12482822,11.5469619],[-70.12452114,11.54961884],[-70.12336385,11.54971695],[-70.11965883,11.54819894],[-70.11939812,11.54616356],[-70.11268365,11.54053533],[-70.10431695,11.54132605],[-70.09897101,11.53645492],[-70.09008765,11.53105235],[-70.08285308,11.53276682],[-70.08263624,11.53168404],[-70.08948553,11.52905285],[-70.09543288,11.53016114],[-70.09866726,11.52651834],[-70.09748185,11.52445602],[-70.09796333,11.52147722],[-70.09655082,11.52007282],[-70.084867,11.52113247],[-70.08312964,11.51985848],[-70.07919085,11.52082503],[-70.08018851,11.51836908],[-70.08383572,11.51743186],[-70.08298051,11.51493621],[-70.08644903,11.51292968],[-70.08523571,11.51178014],[-70.0816735,11.51185346],[-70.07632434,11.51771236],[-70.06967771,11.52006066],[-70.06801951,11.52022922],[-70.06858575,11.51800394],[-70.07414925,11.51636863],[-70.07419741,11.51436412],[-70.07011521,11.51527774],[-70.06720006,11.51285017],[-70.06327796,11.51503575],[-70.05723882,11.51473308],[-70.05695093,11.51745975],[-70.06626582,11.52364063],[-70.06715882,11.52498317],[-70.07352364,11.53038335],[-70.08062422,11.53408635],[-70.0851593,11.53621447],[-70.09581375,11.53906763],[-70.10197318,11.54270375],[-70.11261451,11.54987717],[-70.1153301,11.55192363],[-70.12467146,11.56023824],[-70.13885367,11.56515062],[-70.13886845,11.56268215],[-70.13629055,11.55852318]],[[-70.05651307,11.5138185],[-70.05341733,11.51295245],[-70.05294025,11.51329458],[-70.05386472,11.51429355],[-70.05525982,11.51462316],[-70.05651307,11.5138185]],[[-70.11344695,11.51959825],[-70.11264086,11.52175295],[-70.10996187,11.52148712],[-70.11114645,11.52304184],[-70.10943282,11.52607298],[-70.10305464,11.52709425],[-70.09646201,11.52976453],[-70.09653437,11.53014326],[-70.1031543,11.52884746],[-70.10512877,11.53071654],[-70.11109865,11.53097093],[-70.11629903,11.53060305],[-70.11715305,11.52985406],[-70.10625815,11.53019643],[-70.10595286,11.52960205],[-70.10589504,11.52911496],[-70.10683525,11.52831495],[-70.10998881,11.52783596],[-70.11454511,11.52776706],[-70.11676443,11.52866495],[-70.12077558,11.52706301],[-70.11868763,11.52398646],[-70.11862135,11.51982653],[-70.11366653,11.51936913],[-70.11344695,11.51959825]],[[-70.13388944,11.55552494],[-70.13691652,11.55564237],[-70.13483727,11.55472708],[-70.13434231,11.55485165],[-70.13388944,11.55552494]],[[-70.07919002,11.50953853],[-70.07928336,11.50708556],[-70.07696891,11.508111],[-70.07598734,11.51016474],[-70.07659733,11.51031911],[-70.07869124,11.51007736],[-70.07919002,11.50953853]],[[-71.04760444,11.08198547],[-71.04622674,11.08126044],[-71.04569352,11.08128786],[-71.03707266,11.08541775],[-71.03589487,11.08688915],[-71.04414308,11.08450127],[-71.04760444,11.08198547]],[[-71.58618498,10.99977016],[-71.58839977,10.98622632],[-71.58932936,10.97925866],[-71.58886766,10.97895312],[-71.58497906,10.97917128],[-71.58464301,10.97928023],[-71.58153474,10.98203242],[-71.5788269,10.9825716],[-71.57315016,10.97658682],[-71.57624602,10.97276616],[-71.56595993,10.97038984],[-71.56489611,10.96833193],[-71.5602051,10.96863496],[-71.55721915,10.96497846],[-71.55757117,10.96369755],[-71.55736184,10.96350634],[-71.55575526,10.9640398],[-71.55363631,10.96246195],[-71.55302811,10.96247315],[-71.54584706,10.96536207],[-71.5460304,10.96319306],[-71.54313493,10.96067154],[-71.54467082,10.95631921],[-71.54165328,10.95217896],[-71.54066431,10.9484899],[-71.53508937,10.94749594],[-71.53509271,10.94547486],[-71.53377283,10.94432998],[-71.5374819,10.94397283],[-71.53756762,10.93977523],[-71.52936196,10.93692064],[-71.52728295,10.93048894],[-71.52668667,10.9301486],[-71.52235877,10.93010735],[-71.52383363,10.93369865],[-71.527969,10.93881071],[-71.53007376,10.94533277],[-71.53061235,10.94879067],[-71.52892518,10.95403743],[-71.53522217,10.9627372],[-71.54412973,10.97047603],[-71.5486567,10.97430456],[-71.56313765,10.98461592],[-71.57122135,10.98960173],[-71.58526576,10.99834537],[-71.58618498,10.99977016]],[[-71.48678052,10.95194256],[-71.49143541,10.9517287],[-71.49193347,10.95174515],[-71.50083292,10.94952786],[-71.50189781,10.94895911],[-71.50284195,10.94797385],[-71.50286055,10.94622338],[-71.50272608,10.94582987],[-71.50076926,10.94431758],[-71.50033796,10.94424212],[-71.49282026,10.94748986],[-71.49218285,10.94763684],[-71.49054384,10.94779134],[-71.49004495,10.94766557],[-71.48897505,10.94654501],[-71.48817933,10.94649446],[-71.48621094,10.94703495],[-71.48356533,10.94892871],[-71.48309922,10.94936073],[-71.48607004,10.94997394],[-71.48633385,10.94991374],[-71.49334145,10.94773316],[-71.49376035,10.94768405],[-71.49944162,10.94809747],[-71.49627066,10.94946432],[-71.49343824,10.95000994],[-71.49305224,10.95000494],[-71.49212027,10.94900155],[-71.48849535,10.95068276],[-71.48692536,10.95114124],[-71.48357987,10.95071125],[-71.48319352,10.95129955],[-71.4835695,10.95183218],[-71.48678052,10.95194256]],[[-71.48839986,10.94432747],[-71.49167657,10.94695365],[-71.49501586,10.94603944],[-71.49703574,10.94375217],[-71.49550295,10.94255304],[-71.48928225,10.94237852],[-71.48851597,10.94247615],[-71.48810542,10.94381034],[-71.48839986,10.94432747]],[[-71.50573826,10.94297457],[-71.50716162,10.94503617],[-71.50981927,10.94392061],[-71.51026404,10.94354391],[-71.51263905,10.93905044],[-71.51293063,10.93833578],[-71.51321566,10.93466687],[-71.51190054,10.93329322],[-71.51323926,10.93346906],[-71.51337302,10.93146968],[-71.51024437,10.93089855],[-71.50818372,10.93309414],[-71.50249457,10.93311214],[-71.50148392,10.93332863],[-71.49953234,10.93472552],[-71.49824655,10.93732285],[-71.49837303,10.93841135],[-71.49881124,10.93921554],[-71.49940133,10.93958127],[-71.50220287,10.93994534],[-71.50163674,10.94121766],[-71.50573826,10.94297457]],[[-71.49314058,10.94063926],[-71.49132764,10.93922031],[-71.49074137,10.93929255],[-71.48880994,10.94075728],[-71.48896003,10.94107676],[-71.49351692,10.94168532],[-71.49314058,10.94063926]],[[-71.49423301,10.93387938],[-71.49472666,10.9291296],[-71.49374664,10.92765152],[-71.48891425,10.92612636],[-71.48847544,10.92612922],[-71.48603785,10.92729366],[-71.48376107,10.93222475],[-71.48609984,10.93345845],[-71.48665786,10.93823993],[-71.49039066,10.93861604],[-71.49156511,10.93795276],[-71.49423301,10.93387938]],[[-71.59343183,10.92880845],[-71.59122312,10.93565333],[-71.5935353,10.94157052],[-71.59514058,10.94333541],[-71.59736955,10.94382215],[-71.59815907,10.94385946],[-71.60077524,10.94176173],[-71.60180187,10.93513036],[-71.59982824,10.93021297],[-71.59935975,10.91888607],[-71.59924853,10.91838312],[-71.59655142,10.91970444],[-71.59596181,10.92615163],[-71.59343183,10.92880845]],[[-71.53653133,10.93081915],[-71.53439224,10.92902541],[-71.53221917,10.92903984],[-71.53063703,10.92982078],[-71.53012991,10.93312824],[-71.53433681,10.93304992],[-71.53653133,10.93081915]],[[-71.65405643,10.94917595],[-71.65296972,10.9503082],[-71.65023744,10.94957185],[-71.64864588,10.95198095],[-71.64576626,10.95332825],[-71.63944137,10.95363843],[-71.63476765,10.95165885],[-71.63103461,10.95178556],[-71.62581515,10.95473826],[-71.6248275,10.95540535],[-71.62491775,10.95586741],[-71.62966597,10.95761716],[-71.63474405,10.95773005],[-71.64133406,10.96003854],[-71.64434493,10.95957065],[-71.64615893,10.96122265],[-71.64756274,10.96109128],[-71.65435421,10.96266544],[-71.66148043,10.96565115],[-71.66724765,10.96468234],[-71.66820848,10.96187556],[-71.67042244,10.95988131],[-71.67358541,10.9622792],[-71.67656398,10.96098602],[-71.67857862,10.96171975],[-71.68098748,10.96117771],[-71.6811825,10.96076393],[-71.68119085,10.95999265],[-71.67973042,10.95708132],[-71.67478573,10.95440435],[-71.67563832,10.95204806],[-71.67309201,10.9537214],[-71.66892028,10.95160496],[-71.66405213,10.95141995],[-71.66189885,10.94955683],[-71.65405643,10.94917595]],[[-71.62893248,10.96833491],[-71.62475347,10.96021652],[-71.620947,10.95612204],[-71.61947727,10.95496917],[-71.61372876,10.9545145],[-71.61323333,10.95512915],[-71.60688424,10.95820165],[-71.60630381,10.96660805],[-71.60427475,10.96949911],[-71.60915434,10.97774315],[-71.61586142,10.98349142],[-71.61740065,10.98958945],[-71.62013924,10.99099994],[-71.62073505,10.99110103],[-71.62230527,10.99039733],[-71.62389648,10.98812377],[-71.62405491,10.9876976],[-71.62645566,10.97731972],[-71.62805855,10.97544396],[-71.62893248,10.96833491]],[[-71.63112092,10.97301114],[-71.63247156,10.97332132],[-71.63414741,10.97082746],[-71.63426673,10.97034276],[-71.63357616,10.96742213],[-71.6331861,10.96705222],[-71.63251555,10.96707475],[-71.62980545,10.96882725],[-71.62973416,10.97163236],[-71.63112092,10.97301114]],[[-71.68459976,10.99123895],[-71.68503094,10.99154305],[-71.68540895,10.99058866],[-71.68691444,10.99127126],[-71.68742585,10.99040175],[-71.68440592,10.98562765],[-71.68264175,10.98828983],[-71.68258595,10.98904824],[-71.68380535,10.99088216],[-71.68459976,10.99123895]],[[-71.78743255,11.00552475],[-71.78890884,11.00624442],[-71.7903403,11.00410366],[-71.78857982,11.00398862],[-71.78743255,11.00552475]],[[-71.8224709,11.00830138],[-71.82310772,11.00839555],[-71.83001804,11.00473595],[-71.8365519,11.00529385],[-71.84102333,11.00746644],[-71.84136498,11.00736344],[-71.84328747,11.00574577],[-71.84577882,10.999897],[-71.84275615,10.99894965],[-71.83321762,11.00020754],[-71.82231927,10.99656618],[-71.81983304,10.99829173],[-71.81914246,11.00359154],[-71.81958175,11.00506687],[-71.82023406,11.00651002],[-71.82137752,11.00791061],[-71.8224709,11.00830138]],[[-71.81866586,10.99698365],[-71.81934023,10.99521828],[-71.81752133,10.99488902],[-71.81683087,10.99642801],[-71.81838954,10.99753821],[-71.81866586,10.99698365]],[[-71.63435471,10.86341357],[-71.63303936,10.86246204],[-71.63190174,10.86261785],[-71.63108706,10.86397243],[-71.63141668,10.86537647],[-71.63233387,10.86596966],[-71.63342381,10.86613548],[-71.63385606,10.86587977],[-71.63435471,10.86341357]],[[-71.63402104,10.85530114],[-71.63304782,10.85462451],[-71.63274276,10.85476267],[-71.63335752,10.85692501],[-71.6339426,10.8572731],[-71.63446021,10.85666287],[-71.63402104,10.85530114]],[[-71.59105372,10.69045568],[-71.58914566,10.68949425],[-71.58886337,10.68966114],[-71.58894515,10.69244075],[-71.58930433,10.69271374],[-71.58992553,10.69287276],[-71.59105372,10.69045568]],[[-71.54700506,10.61258411],[-71.54697216,10.61108017],[-71.54567826,10.61156952],[-71.54451024,10.61273313],[-71.54380667,10.61286175],[-71.54049206,10.61238587],[-71.54240477,10.61316645],[-71.54279268,10.61345386],[-71.54910064,10.62245262],[-71.5510689,10.62021732],[-71.55114686,10.61980414],[-71.55056143,10.61736608],[-71.54700506,10.61258411]],[[-71.46475077,10.37424755],[-71.46848512,10.37109375],[-71.46811986,10.37109375],[-71.46334314,10.3651247],[-71.45963895,10.36891901],[-71.46103203,10.37109375],[-71.46281016,10.37109375],[-71.46303308,10.37176943],[-71.46475077,10.37424755]],[[-71.96523106,9.54129755],[-71.9590193,9.54079294],[-71.95908892,9.54189396],[-71.96267796,9.54778242],[-71.96286035,9.54808843],[-71.96358335,9.54787433],[-71.9648931,9.54618764],[-71.9650315,9.54578483],[-71.96538675,9.54151976],[-71.96523106,9.54129755]],[[-71.95446217,9.53475785],[-71.94741785,9.52583396],[-71.94716334,9.52596867],[-71.94813478,9.53021741],[-71.95639551,9.53876984],[-71.95690584,9.53883445],[-71.95762742,9.53721166],[-71.95446217,9.53475785]],[[-71.94477665,9.52420294],[-71.93634713,9.51109016],[-71.92456973,9.502496],[-71.92107666,9.49621463],[-71.91942024,9.4945904],[-71.91876304,9.49457824],[-71.91879392,9.49589312],[-71.92474425,9.50382674],[-71.92881274,9.50859606],[-71.93511784,9.51436925],[-71.94032705,9.52082705],[-71.94348454,9.52396452],[-71.94477665,9.52420294]],[[-71.93076611,9.49457288],[-71.93275011,9.49585652],[-71.93563557,9.49521005],[-71.93414915,9.49254775],[-71.93387616,9.49264038],[-71.93090415,9.49342072],[-71.93061841,9.49417532],[-71.93076611,9.49457288]],[[-71.93944323,9.50211406],[-71.94039285,9.50229931],[-71.94168866,9.50115526],[-71.94159555,9.50079262],[-71.94099176,9.5006026],[-71.93909133,9.50123036],[-71.93889964,9.50183392],[-71.93944323,9.50211406]],[[-71.91133487,9.47655904],[-71.90891266,9.47500277],[-71.90865421,9.47523546],[-71.90979862,9.47720861],[-71.91022444,9.47732985],[-71.91141117,9.47688115],[-71.91133487,9.47655904]],[[-71.88940156,9.40804732],[-71.88871741,9.40741575],[-71.88814521,9.40750706],[-71.88774192,9.40803611],[-71.88792527,9.4097898],[-71.88832712,9.41040993],[-71.88961291,9.41073954],[-71.88987148,9.41057706],[-71.88955235,9.40857852],[-71.88940156,9.40804732]],[[-71.71578062,9.34785914],[-71.71568286,9.34630322],[-71.71447456,9.34589112],[-71.70904827,9.34831166],[-71.7088629,9.34844255],[-71.70872354,9.34958637],[-71.71104574,9.35019648],[-71.71554816,9.34805214],[-71.71578062,9.34785914]],[[-71.70803678,9.34827721],[-71.70439756,9.34684217],[-71.70471394,9.34774363],[-71.70648813,9.34855604],[-71.70803678,9.34827721]],[[-72.48010385,9.12409258],[-72.48089671,9.12418962],[-72.49357915,9.11995625],[-72.48429644,9.11972713],[-72.48308384,9.12028813],[-72.47891724,9.12351656],[-72.47911406,9.12384605],[-72.48010385,9.12409258]],[[-72.51846421,9.12575662],[-72.52074385,9.12688315],[-72.52254546,9.12674665],[-72.52314901,9.12629175],[-72.52403152,9.12458503],[-72.52364194,9.12336385],[-72.52311814,9.12351561],[-72.51846421,9.12575662]],[[-72.53147233,9.11933005],[-72.53327358,9.12081456],[-72.53307152,9.11758161],[-72.5315752,9.11555934],[-72.53124535,9.11565065],[-72.53147233,9.11933005]],[[-72.56319261,9.12968242],[-72.56259346,9.13045168],[-72.56217206,9.13052213],[-72.55800021,9.13037634],[-72.55838776,9.13065994],[-72.56377053,9.13419676],[-72.56524718,9.13158011],[-72.56524646,9.13126755],[-72.56376398,9.12909293],[-72.56319261,9.12968242]],[[-71.76538682,9.28978956],[-71.76636934,9.29020596],[-71.76650167,9.29004514],[-71.76644707,9.28763056],[-71.76619124,9.28693223],[-71.76515985,9.28659642],[-71.76441026,9.28722465],[-71.76443315,9.28872466],[-71.76491511,9.28951478],[-71.76538682,9.28978956]],[[-71.81081605,9.23729694],[-71.81014097,9.23615015],[-71.80794084,9.23527396],[-71.80757105,9.23527765],[-71.80388415,9.23618674],[-71.80369425,9.23647118],[-71.80302072,9.24140358],[-71.80421376,9.24310327],[-71.80497944,9.24325335],[-71.80674887,9.24313295],[-71.8072741,9.24274087],[-71.80927134,9.24046648],[-71.81081605,9.23729694]],[[-71.81166685,9.23636794],[-71.8119899,9.23652744],[-71.8135246,9.23546243],[-71.81911063,9.22830975],[-71.81896865,9.22542965],[-71.81764376,9.22454321],[-71.81387246,9.22412992],[-71.80758035,9.23156583],[-71.80725372,9.23256075],[-71.80739021,9.23297155],[-71.81166685,9.23636794]],[[-70.49872351,11.25830436],[-70.49883866,11.25866854],[-70.50032043,11.25806606],[-70.50151384,11.2548995],[-70.50140655,11.25367558],[-70.50085378,11.2537533],[-70.49854696,11.2568438],[-70.49843025,11.25712121],[-70.49872351,11.25830436]],[[-70.49826431,11.26325786],[-70.49904692,11.26350081],[-70.49934411,11.26316595],[-70.49971986,11.26092505],[-70.49923325,11.25953412],[-70.49902487,11.25988054],[-70.49778855,11.26154804],[-70.49768412,11.26231194],[-70.49826431,11.26325786]],[[-69.75810516,11.61829758],[-69.76076293,11.62394953],[-69.76218355,11.62123477],[-69.75942564,11.61826253],[-69.75543237,11.61154997],[-69.75306606,11.60515118],[-69.75273192,11.60538983],[-69.75152385,11.60569477],[-69.751073,11.60680711],[-69.75318575,11.60948193],[-69.75438654,11.61401701],[-69.75810516,11.61829758]],[[-69.76844025,11.64146757],[-69.76928043,11.64185595],[-69.77000034,11.64033186],[-69.7695471,11.63935661],[-69.76502144,11.63266015],[-69.76480711,11.63288641],[-69.76527047,11.63641965],[-69.76543367,11.63683736],[-69.76732075,11.64044237],[-69.76844025,11.64146757]],[[-69.7783674,11.66362345],[-69.77942824,11.66364396],[-69.77638507,11.65706825],[-69.77344906,11.65467203],[-69.77232504,11.65625918],[-69.77795041,11.66333544],[-69.7783674,11.66362345]],[[-69.78250492,11.67368603],[-69.78324831,11.67388415],[-69.78344691,11.67368865],[-69.78345895,11.67066646],[-69.78150296,11.66880751],[-69.78166723,11.67161095],[-69.78062034,11.6722877],[-69.78250492,11.67368603]],[[-69.79507554,11.67379355],[-69.79347932,11.6753478],[-69.79044747,11.67395627],[-69.78734732,11.67501295],[-69.78770924,11.67783058],[-69.78470576,11.67887998],[-69.78279495,11.68094253],[-69.78273988,11.68122065],[-69.78354073,11.68264532],[-69.78757775,11.68331456],[-69.78944314,11.68498504],[-69.79267931,11.68036735],[-69.79394066,11.68025064],[-69.79447234,11.6804198],[-69.79655373,11.68324053],[-69.79839587,11.68309784],[-69.80023086,11.68404675],[-69.80079162,11.68483126],[-69.80123234,11.68592334],[-69.8006289,11.68683422],[-69.79969215,11.68690085],[-69.79447067,11.68616521],[-69.79391766,11.68723714],[-69.79405916,11.68859625],[-69.79875255,11.69035745],[-69.8029803,11.68684041],[-69.80412531,11.68474781],[-69.80415428,11.68420172],[-69.80383587,11.68390572],[-69.80209875,11.68426204],[-69.79923975,11.68153918],[-69.79904318,11.68124092],[-69.79805124,11.67878234],[-69.79877794,11.67564082],[-69.79735315,11.67368925],[-69.79661346,11.67379332],[-69.79507554,11.67379355]],[[-69.78762674,11.70524883],[-69.78828478,11.70543325],[-69.79189408,11.70381165],[-69.79051411,11.70319176],[-69.78784633,11.70415664],[-69.78732896,11.70455694],[-69.78762674,11.70524883]],[[-69.78812635,11.71776116],[-69.78879082,11.71793985],[-69.79001152,11.71591103],[-69.79456282,11.71387982],[-69.79606736,11.71182811],[-69.79517341,11.71177542],[-69.78756177,11.71535575],[-69.78698575,11.71689832],[-69.78812635,11.71776116]],[[-69.79585671,11.73412895],[-69.79723573,11.73612082],[-69.79863453,11.73663402],[-69.79919112,11.73612845],[-69.79776692,11.73338318],[-69.79752052,11.73302555],[-69.79385686,11.73042393],[-69.79308271,11.72805333],[-69.79180896,11.7306298],[-69.79585671,11.73412895]],[[-69.79398787,11.73563063],[-69.79250371,11.73429883],[-69.79168355,11.734483],[-69.79122925,11.73478365],[-69.79191375,11.73557937],[-69.79398787,11.73563063]],[[-69.79631615,11.75681174],[-69.79674327,11.75700986],[-69.79767132,11.75506222],[-69.79624081,11.7535634],[-69.79545176,11.75373554],[-69.79470718,11.7543174],[-69.79463625,11.75603473],[-69.79467452,11.75630546],[-69.79631615,11.75681174]],[[-63.11737812,11.39230824],[-63.11714172,11.38930285],[-63.13322341,11.38394296],[-63.13428605,11.38217378],[-63.1324203,11.38076556],[-63.13236713,11.37686408],[-63.13053381,11.37570405],[-63.1308676,11.37283313],[-63.12922084,11.37268472],[-63.12727678,11.37414622],[-63.12372434,11.37228882],[-63.12258577,11.37005866],[-63.11988151,11.37070382],[-63.11952865,11.37045932],[-63.11486185,11.36616921],[-63.11351573,11.3600533],[-63.11230755,11.35725784],[-63.11054337,11.35617673],[-63.11038518,11.35602856],[-63.10879815,11.35762787],[-63.10438073,11.3557471],[-63.10410297,11.35595524],[-63.10288465,11.35933626],[-63.10622644,11.36011565],[-63.10178936,11.36396074],[-63.10153043,11.36497581],[-63.1015799,11.36528242],[-63.10306883,11.36572588],[-63.10414171,11.36499333],[-63.10888386,11.36742032],[-63.11142123,11.36655736],[-63.11249697,11.36764586],[-63.11153448,11.36996567],[-63.11267257,11.37421942],[-63.11646903,11.37410772],[-63.11652124,11.37428796],[-63.11558998,11.37905586],[-63.11333525,11.38014674],[-63.11187637,11.38376403],[-63.11177146,11.38404095],[-63.11248565,11.38519836],[-63.10977185,11.38650334],[-63.10971725,11.38690054],[-63.11108565,11.38788164],[-63.11076105,11.38992107],[-63.11088026,11.39015496],[-63.11638308,11.39345634],[-63.11737812,11.39230824]],[[-63.08896816,11.3779546],[-63.08465755,11.3720088],[-63.08249915,11.37120855],[-63.07834613,11.37280273],[-63.07818353,11.37301874],[-63.07854307,11.37561834],[-63.08303082,11.38159955],[-63.08728695,11.38133025],[-63.08751512,11.38146985],[-63.08815324,11.38368475],[-63.08897364,11.38399124],[-63.08966768,11.38359082],[-63.08977985,11.38267505],[-63.08878434,11.38033831],[-63.08896816,11.3779546]],[[-63.06187415,11.36881494],[-63.06194997,11.36258376],[-63.05730486,11.36282826],[-63.05698144,11.36304641],[-63.05718005,11.36398876],[-63.05947864,11.36525035],[-63.05953622,11.36873925],[-63.06130052,11.36948264],[-63.06187415,11.36881494]],[[-63.13106,11.35569692],[-63.13223636,11.35610843],[-63.13212025,11.36039925],[-63.13024366,11.36244214],[-63.13089466,11.36360323],[-63.13845026,11.36147511],[-63.13903224,11.3588829],[-63.14148974,11.35726738],[-63.13865161,11.35424304],[-63.13836443,11.35414004],[-63.13576043,11.35382271],[-63.13382125,11.35481405],[-63.13085556,11.35269773],[-63.12969792,11.35456741],[-63.12975955,11.35500884],[-63.13106,11.35569692]],[[-63.13434565,11.38785291],[-63.13654447,11.39004803],[-63.13868952,11.38965476],[-63.13971555,11.39206326],[-63.14043546,11.38602305],[-63.14028537,11.38563776],[-63.13903511,11.38509393],[-63.13809586,11.38575041],[-63.13712811,11.38426685],[-63.13682246,11.38435364],[-63.13520634,11.38627625],[-63.13434565,11.38785291]],[[-63.13783121,11.34423888],[-63.13198745,11.34305263],[-63.13123763,11.34504771],[-63.13142121,11.34530294],[-63.13427925,11.34698951],[-63.13503671,11.34717405],[-63.13783121,11.34423888]],[[-68.44847286,11.21996963],[-68.44539654,11.21769035],[-68.44511735,11.21779907],[-68.44446874,11.21921885],[-68.44509697,11.22079957],[-68.44738984,11.22202587],[-68.44770658,11.22212756],[-68.44847286,11.21996963]],[[-63.76857746,11.21974075],[-63.76918745,11.21664846],[-63.76901674,11.21633136],[-63.76605356,11.21241581],[-63.76443934,11.21086955],[-63.76404762,11.21075225],[-63.76383245,11.21132874],[-63.76359081,11.21419191],[-63.76370466,11.21451187],[-63.76517987,11.21783745],[-63.76646447,11.21738374],[-63.76857746,11.21974075]],[[-63.72982526,11.21177626],[-63.72737134,11.20847404],[-63.72470653,11.2083317],[-63.72471201,11.21313584],[-63.72518373,11.21366346],[-63.72764003,11.21363914],[-63.73218775,11.21519625],[-63.73263896,11.21469057],[-63.73197472,11.21345651],[-63.72982526,11.21177626]],[[-63.75178564,11.21089613],[-63.75483322,11.21154463],[-63.75504196,11.20409667],[-63.75135565,11.20235193],[-63.74865544,11.19919753],[-63.74825084,11.19936275],[-63.74769664,11.20296931],[-63.74802566,11.20358825],[-63.74937856,11.20725715],[-63.75112414,11.2085309],[-63.75178564,11.21089613]],[[-63.74318552,11.20225465],[-63.74289811,11.19861352],[-63.73437774,11.19185972],[-63.73328125,11.18874025],[-63.73295164,11.18843722],[-63.72887933,11.18662167],[-63.72834015,11.18701816],[-63.72780454,11.19052112],[-63.72979927,11.19477105],[-63.7318902,11.19718361],[-63.73508954,11.19794905],[-63.73630691,11.20109451],[-63.73885572,11.20349956],[-63.73923337,11.20364952],[-63.74318552,11.20225465]],[[-68.41618156,11.19778132],[-68.42098594,11.19942617],[-68.42338443,11.19906783],[-68.42354906,11.19881844],[-68.42173123,11.19616282],[-68.41876113,11.19436586],[-68.41737866,11.19425595],[-68.41572487,11.19464612],[-68.41546285,11.19524026],[-68.41521656,11.19632137],[-68.41618156,11.19778132]],[[-63.89164007,11.16237915],[-63.8915019,11.15801287],[-63.89328694,11.15652895],[-63.89602411,11.15677845],[-63.90590572,11.1544044],[-63.90554106,11.14979792],[-63.90729785,11.14675498],[-63.90766907,11.14247942],[-63.91271675,11.14014745],[-63.91350925,11.13565195],[-63.91871572,11.13430345],[-63.92053604,11.13183606],[-63.9204092,11.12944055],[-63.92270422,11.12960494],[-63.92335463,11.12619364],[-63.92878675,11.12451303],[-63.93210125,11.1269021],[-63.93299401,11.12641335],[-63.93400061,11.12416673],[-63.93300176,11.11996937],[-63.93360186,11.1183995],[-63.93643343,11.11715794],[-63.93857014,11.11824107],[-63.94199252,11.11789131],[-63.949844,11.11188614],[-63.95323098,11.11188495],[-63.95474541,11.11322331],[-63.95770884,11.11138082],[-63.96518803,11.11275256],[-63.96663105,11.11183035],[-63.96926963,11.11383486],[-63.96986878,11.11289763],[-63.96850443,11.11110461],[-63.96952236,11.11043215],[-63.97300255,11.10973096],[-63.97567666,11.11098266],[-63.97753668,11.11061954],[-63.98048174,11.10491586],[-63.98149037,11.10479403],[-63.98240495,11.09844506],[-63.98121011,11.09538317],[-63.97643197,11.09443581],[-63.97662878,11.09026372],[-63.9799149,11.08596885],[-63.97337914,11.08563185],[-63.97198355,11.08175385],[-63.97897506,11.07421875],[-63.98394835,11.07173705],[-63.984375,11.07170761],[-63.984375,11.07142854],[-63.98707581,11.07006216],[-63.99578655,11.06799352],[-63.99994206,11.06751192],[-64.00081444,11.06951356],[-64.00737524,11.06758535],[-64.01077557,11.06860948],[-64.01129305,11.06842291],[-64.01319814,11.06528521],[-64.01332855,11.06493533],[-64.01283491,11.06051338],[-64.01473367,11.05737913],[-64.01361108,11.05451465],[-64.01550615,11.05037224],[-64.01456332,11.04845703],[-64.01471686,11.03857326],[-64.01341724,11.03640485],[-64.01361525,11.03139567],[-64.01783025,11.0277698],[-64.02281713,11.01967382],[-64.02287996,11.01940584],[-64.02357113,11.01093674],[-64.02157795,11.00962877],[-64.02110696,11.00172961],[-64.02132094,11.00079608],[-64.02310586,10.99815583],[-64.02755201,10.9941622],[-64.02812326,10.99383485],[-64.03157222,10.99351954],[-64.03198421,10.99326122],[-64.0331459,10.99026644],[-64.03357577,10.98985493],[-64.03598106,10.98828876],[-64.04257405,10.98555815],[-64.04632545,10.98440445],[-64.05869484,10.98242176],[-64.07115567,10.98193586],[-64.08421206,10.98300993],[-64.09499204,10.98472083],[-64.10849392,10.98776042],[-64.12742054,10.99322915],[-64.13448012,10.99585295],[-64.14093173,10.99907005],[-64.14555204,11.00356686],[-64.15284145,11.00625515],[-64.17019618,11.01853585],[-64.18518782,11.03074253],[-64.20604062,11.05138934],[-64.20626175,11.05237067],[-64.2054584,11.05505991],[-64.20291436,11.056867],[-64.20244801,11.05744171],[-64.19613826,11.06542957],[-64.19431114,11.06905305],[-64.19419098,11.06939888],[-64.19487298,11.07221901],[-64.19411886,11.07421875],[-64.1945641,11.08360422],[-64.19510794,11.08412194],[-64.19591403,11.08418393],[-64.19739366,11.08330464],[-64.19823444,11.08514512],[-64.20363271,11.08489311],[-64.20391238,11.08568525],[-64.21021712,11.08613682],[-64.21586871,11.08616066],[-64.21620226,11.08603883],[-64.22543621,11.07851481],[-64.22836328,11.07763934],[-64.23130035,11.07858098],[-64.23752975,11.07684648],[-64.23868024,11.07513595],[-64.24214947,11.07421875],[-64.24243367,11.07421875],[-64.24437737,11.07323718],[-64.24767411,11.06755221],[-64.24974656,11.06790912],[-64.25461876,11.06592047],[-64.26282644,11.06676292],[-64.26838982,11.06228304],[-64.27824771,11.06312597],[-64.2885344,11.06564057],[-64.29568458,11.06887794],[-64.29881036,11.06483543],[-64.30229056,11.06336653],[-64.31226862,11.06307805],[-64.31379163,11.06139386],[-64.31351054,11.05779445],[-64.31592286,11.05667031],[-64.3275125,11.05716705],[-64.33127344,11.05538785],[-64.33520412,11.05562115],[-64.3359375,11.05524552],[-64.34005845,11.05326295],[-64.34524155,11.04879177],[-64.35112131,11.04885745],[-64.35991991,11.05372536],[-64.36194515,11.05068326],[-64.36764145,11.05039012],[-64.36943507,11.0473088],[-64.37615263,11.04656661],[-64.37975633,11.04399621],[-64.38328195,11.04390395],[-64.38385022,11.04343045],[-64.38429224,11.04268825],[-64.38398588,11.04005265],[-64.38113856,11.03718245],[-64.38062072,11.03581965],[-64.38061082,11.03506935],[-64.3828572,11.03257358],[-64.38319278,11.03036523],[-64.38202643,11.02929592],[-64.3779211,11.029917],[-64.37524748,11.02695751],[-64.37565315,11.02134061],[-64.38235474,11.00837088],[-64.38221812,10.99976122],[-64.38842905,10.99744165],[-64.39028275,10.99478865],[-64.40297973,10.98589694],[-64.40552783,10.98179865],[-64.40488565,10.97899175],[-64.40502453,10.97836947],[-64.40748513,10.97440982],[-64.40741265,10.97327006],[-64.40664184,10.97322464],[-64.39946365,10.974002],[-64.39669788,10.97089434],[-64.39181435,10.96853006],[-64.39029825,10.96913183],[-64.38858545,10.96765888],[-64.38387525,10.96801603],[-64.3817687,10.96576333],[-64.37973535,10.96536803],[-64.37666166,10.96611941],[-64.37043858,10.96467555],[-64.367805,10.96367836],[-64.36645424,10.96100974],[-64.36376321,10.96313512],[-64.35977054,10.96185935],[-64.35752845,10.96228075],[-64.35253525,10.95929503],[-64.34430802,10.95861745],[-64.33888412,10.95608067],[-64.3359375,10.95898426],[-64.33590734,10.95912755],[-64.3353126,10.95915723],[-64.32412136,10.95655966],[-64.32010376,10.95750237],[-64.31224716,10.95682907],[-64.30624497,10.95303214],[-64.30229914,10.95255482],[-64.30179954,10.94995928],[-64.29891014,10.94744384],[-64.29706395,10.9493432],[-64.29804027,10.94739151],[-64.29383647,10.94467962],[-64.27699804,10.94982386],[-64.26953244,10.94621873],[-64.26762271,10.94696713],[-64.26687646,10.94863105],[-64.26533961,10.94655085],[-64.26386654,10.94680572],[-64.25065315,10.94163632],[-64.24891555,10.94229317],[-64.24742186,10.94048345],[-64.2404561,10.93924963],[-64.23792982,10.94111013],[-64.23239398,10.94188213],[-64.22748375,10.94031966],[-64.22149181,10.94020855],[-64.20832276,10.93392098],[-64.20454824,10.93906534],[-64.19630694,10.93871546],[-64.19397795,10.94010723],[-64.19114327,10.94471633],[-64.18362558,10.94912601],[-64.18184543,10.95398927],[-64.17871082,10.95808172],[-64.17984748,10.96022582],[-64.17957926,10.96471786],[-64.17695737,10.96578646],[-64.17530143,10.96854937],[-64.17371881,10.96900904],[-64.17310023,10.97413194],[-64.17093861,10.97371101],[-64.16858578,10.97608387],[-64.16789603,10.97516978],[-64.17017472,10.96902812],[-64.16968262,10.96533585],[-64.16579318,10.96230817],[-64.16478145,10.96691513],[-64.15984166,10.96648133],[-64.16313565,10.96092451],[-64.16053176,10.95939696],[-64.15963566,10.95683837],[-64.15689635,10.95626414],[-64.15598905,10.95827413],[-64.15387714,10.95866752],[-64.13531184,10.94568157],[-64.13184714,10.93959177],[-64.1212939,10.92882121],[-64.11791205,10.92285371],[-64.11590564,10.92577255],[-64.11251354,10.92621791],[-64.10978484,10.92480016],[-64.10701311,10.92686415],[-64.11011541,10.92328036],[-64.1106379,10.92300451],[-64.11511791,10.92302525],[-64.11650503,10.9222002],[-64.11649883,10.92184246],[-64.11374891,10.91562784],[-64.11368847,10.91224885],[-64.11195731,10.90750623],[-64.11087155,10.9066323],[-64.11136258,10.90483665],[-64.11033094,10.90194523],[-64.11118174,10.89881325],[-64.10873675,10.90047216],[-64.10629916,10.8984375],[-64.10591686,10.8984375],[-64.10544264,10.89735436],[-64.10421288,10.8984375],[-64.10374141,10.8984375],[-64.10147595,10.90069854],[-64.10009992,10.9004606],[-64.09893775,10.89990795],[-64.10052121,10.8984375],[-64.10012555,10.89766514],[-64.09805715,10.8984375],[-64.09644675,10.89889324],[-64.0963521,10.8984375],[-64.09626162,10.8984375],[-64.0973649,10.89678705],[-64.09613955,10.89501011],[-64.09376597,10.89554012],[-64.09256995,10.8984375],[-64.08768022,10.89596975],[-64.08447373,10.89644516],[-64.08018196,10.89541447],[-64.07633841,10.89648974],[-64.07551026,10.89816213],[-64.06429183,10.89226913],[-64.06283236,10.89083171],[-64.05533075,10.88037348],[-64.05402708,10.87123322],[-64.05402291,10.87095416],[-64.05488777,10.8692528],[-64.05781794,10.8669368],[-64.05806863,10.8668251],[-64.06049538,10.86576045],[-64.06344712,10.86617756],[-64.06371868,10.86605597],[-64.06425583,10.86511254],[-64.06368232,10.86308694],[-64.06484318,10.86211205],[-64.06424511,10.86088431],[-64.06008422,10.86080027],[-64.05365396,10.86321151],[-64.0505234,10.86257052],[-64.04909027,10.86560965],[-64.03705263,10.86858261],[-64.03454244,10.8712641],[-64.02883673,10.87385118],[-64.01375842,10.87221563],[-64.01139486,10.87440026],[-64.00528085,10.87766612],[-64.00320756,10.87729478],[-64.00017357,10.87954283],[-63.99286687,10.88932371],[-63.9904505,10.89073074],[-63.98958266,10.89309955],[-63.98650837,10.89289093],[-63.98577166,10.89316177],[-63.984375,10.89481032],[-63.97936356,10.89769256],[-63.97886801,10.89782238],[-63.97742641,10.89673495],[-63.97457767,10.89676344],[-63.9730159,10.8984375],[-63.97272253,10.8984375],[-63.97139466,10.89930832],[-63.96988034,10.8984375],[-63.9667685,10.8984375],[-63.96222508,10.89654243],[-63.95740974,10.89722514],[-63.95569325,10.8984375],[-63.95510185,10.8984375],[-63.94820344,10.90131331],[-63.94478762,10.90151846],[-63.94430375,10.90192342],[-63.94473135,10.90333486],[-63.95044827,10.90555227],[-63.94318116,10.91020966],[-63.94383895,10.91201258],[-63.94684756,10.91338015],[-63.94715631,10.91774917],[-63.94876814,10.91939366],[-63.95515323,10.9189527],[-63.95690584,10.92033243],[-63.95703936,10.920717],[-63.95663798,10.92183745],[-63.95264876,10.92372],[-63.95411122,10.92671967],[-63.95279813,10.93038261],[-63.95247138,10.93055296],[-63.94131768,10.92675054],[-63.93721306,10.92727077],[-63.93562996,10.92455375],[-63.92522454,10.92516351],[-63.92153025,10.92406726],[-63.92129576,10.92294765],[-63.92778254,10.91788995],[-63.92003655,10.91629565],[-63.91904557,10.9139384],[-63.91374135,10.91433406],[-63.91010642,10.91715264],[-63.90750647,10.91648698],[-63.90471482,10.91325104],[-63.90205312,10.91325486],[-63.90211308,10.91243064],[-63.90745592,10.91012287],[-63.91164672,10.90428185],[-63.91658151,10.90324461],[-63.92022121,10.90511775],[-63.92213845,10.90437877],[-63.92645085,10.90575051],[-63.92862201,10.90672374],[-63.92905724,10.90694833],[-63.9330759,10.91155136],[-63.93654251,10.91152525],[-63.93904424,10.90823257],[-63.94159281,10.90686417],[-63.93978214,10.90609503],[-63.93904436,10.90379012],[-63.93644357,10.90375137],[-63.93377852,10.90026152],[-63.93382716,10.8984375],[-63.93359482,10.89666545],[-63.93807971,10.89475596],[-63.93422306,10.89475107],[-63.92829132,10.89093494],[-63.92510545,10.89090562],[-63.92410171,10.89255798],[-63.92153025,10.89132023],[-63.91831875,10.89135432],[-63.91353822,10.8868798],[-63.90702796,10.88780296],[-63.90452206,10.88312936],[-63.90099812,10.88445616],[-63.89594924,10.88337862],[-63.89064705,10.88669694],[-63.88728905,10.89082408],[-63.88839102,10.8984375],[-63.88831341,10.8984375],[-63.88913596,10.90822494],[-63.88432646,10.93315482],[-63.88203037,10.9367671],[-63.87650585,10.93962324],[-63.87513685,10.94213402],[-63.87174881,10.94452524],[-63.86882257,10.94523025],[-63.8612287,10.94449401],[-63.85715735,10.94862068],[-63.85315192,10.95071995],[-63.85116553,10.95058501],[-63.85033047,10.94877708],[-63.84745586,10.94987035],[-63.84564996,10.95322025],[-63.83530653,10.95863581],[-63.83075774,10.95845234],[-63.82825685,10.95509732],[-63.82881105,10.95200241],[-63.82463694,10.95099676],[-63.82351565,10.94634116],[-63.82151675,10.94575083],[-63.81800973,10.94698906],[-63.81666362,10.94375634],[-63.81523812,10.94405294],[-63.81919122,10.96952271],[-63.81702805,10.97209537],[-63.81749487,10.97497273],[-63.81635451,10.97249007],[-63.81560135,10.97278571],[-63.81707776,10.97931862],[-63.81180084,10.98127127],[-63.80804873,10.97938907],[-63.80408692,10.98133385],[-63.80298424,10.98838115],[-63.80079043,10.99080002],[-63.80190694,10.99118876],[-63.79857194,10.99667072],[-63.79649675,10.99641943],[-63.79579043,10.99843073],[-63.79215324,10.99831784],[-63.78931117,10.99370325],[-63.78897631,10.99368215],[-63.78763926,10.99522436],[-63.78512788,10.99574113],[-63.78133667,10.99376702],[-63.77722287,10.99632561],[-63.7766031,10.99716127],[-63.77639151,10.99796891],[-63.77749574,11.00008845],[-63.78514075,11.00158644],[-63.78673851,11.00474095],[-63.79011106,11.00490975],[-63.79210675,11.00661635],[-63.79272616,11.00899315],[-63.78666675,11.01055133],[-63.779217,11.00071752],[-63.78565645,11.01118493],[-63.79591656,11.02441394],[-63.79768193,11.02864397],[-63.8050127,11.03778613],[-63.81062603,11.04663217],[-63.81609511,11.05557454],[-63.82145906,11.06649852],[-63.82436705,11.07421875],[-63.82465124,11.07421875],[-63.83763945,11.10402608],[-63.84391224,11.11328852],[-63.8444283,11.11571455],[-63.84258962,11.11681283],[-63.84448063,11.12264001],[-63.84154236,11.12526703],[-63.8397485,11.12519825],[-63.84002161,11.12627244],[-63.84570026,11.12999654],[-63.86577761,11.14936185],[-63.87058115,11.15527046],[-63.87087536,11.15576506],[-63.87203407,11.16039348],[-63.87492692,11.16280794],[-63.87664104,11.16588128],[-63.87676466,11.16617203],[-63.87476683,11.1675117],[-63.87482762,11.16812181],[-63.87502635,11.16842771],[-63.87805152,11.16950393],[-63.88036561,11.17343736],[-63.88023067,11.17559564],[-63.87811995,11.17753637],[-63.87949348,11.17987585],[-63.88850486,11.17371595],[-63.88898265,11.17316425],[-63.88883674,11.16830432],[-63.89129412,11.16730595],[-63.88979363,11.16512787],[-63.89164007,11.16237915]],[[-63.94013381,10.89524567],[-63.94112384,10.8970921],[-63.93788004,10.89706826],[-63.93737221,10.89802611],[-63.93751895,10.8984375],[-63.93776524,10.8984375],[-63.93835437,10.89910173],[-63.94174576,10.90172672],[-63.94418538,10.90012455],[-63.94959521,10.8994956],[-63.95055437,10.8984375],[-63.95086575,10.8984375],[-63.95105922,10.89801371],[-63.9476577,10.89757407],[-63.94596636,10.89433956],[-63.94548237,10.89407325],[-63.94380784,10.89374423],[-63.94072795,10.8939985],[-63.94013381,10.89524567]],[[-68.21628261,10.86401582],[-68.21657765,10.86407185],[-68.21760714,10.86372995],[-68.21775734,10.86310554],[-68.21721387,10.86145961],[-68.21687913,10.86138642],[-68.21628261,10.86401582]],[[-68.21105885,10.87085021],[-68.21193731,10.87199402],[-68.21450734,10.87124574],[-68.21200335,10.86978877],[-68.21147537,10.87001646],[-68.21105885,10.87085021]],[[-68.20866501,10.88707483],[-68.20986521,10.88717663],[-68.2110424,10.88550425],[-68.21118701,10.88513041],[-68.21114564,10.88255155],[-68.21085584,10.88177836],[-68.20883656,10.87978482],[-68.20725417,10.87558186],[-68.20528233,10.87450945],[-68.20512533,10.87498867],[-68.20674193,10.87765467],[-68.20576584,10.88045907],[-68.20727992,10.88251114],[-68.20688784,10.88511348],[-68.20700204,10.88545156],[-68.20866501,10.88707483]],[[-65.30059302,10.88928235],[-65.29271746,10.89055288],[-65.28788447,10.88997734],[-65.27850854,10.89362156],[-65.26824653,10.89101863],[-65.25821304,10.89383185],[-65.25410771,10.89275181],[-65.24916101,10.89556646],[-65.25536644,10.89521372],[-65.25601196,10.89547551],[-65.25541782,10.89618814],[-65.25147665,10.8984375],[-65.25108004,10.8984375],[-65.25113034,10.89855933],[-65.24667513,10.90144873],[-65.2439748,10.90255582],[-65.2364434,10.90485477],[-65.23270512,10.90490377],[-65.23265541,10.90421867],[-65.23328376,10.90348268],[-65.24057114,10.9009881],[-65.24363971,10.90081978],[-65.24522924,10.8984375],[-65.24668014,10.89694846],[-65.2464807,10.89647591],[-65.24528944,10.89622211],[-65.24478376,10.89635634],[-65.24096954,10.8984375],[-65.24056435,10.8984375],[-65.23719788,10.90060556],[-65.22817886,10.90220892],[-65.22519863,10.90449941],[-65.20958924,10.90209877],[-65.20929074,10.90209591],[-65.20631051,10.90265203],[-65.20268881,10.90364552],[-65.19869304,10.90632916],[-65.19830024,10.90664554],[-65.19639003,10.90982866],[-65.20100617,10.90919697],[-65.20123661,10.91282356],[-65.20443606,10.91756403],[-65.20068443,10.92040133],[-65.20223391,10.92529392],[-65.20864201,10.93022561],[-65.21010363,10.92998636],[-65.21836686,10.93768323],[-65.22322071,10.94491637],[-65.22372603,10.94868684],[-65.22216165,10.95196235],[-65.22248852,10.95815575],[-65.22500861,10.96250343],[-65.22485578,10.96281505],[-65.22250855,10.96201372],[-65.21557045,10.95680165],[-65.21640027,10.9525907],[-65.21589923,10.95204306],[-65.21515691,10.95209253],[-65.2145859,10.95234954],[-65.21375954,10.95411921],[-65.21362412,10.95528436],[-65.21423185,10.95718765],[-65.21624422,10.95944643],[-65.22194874,10.96341908],[-65.22547472,10.96477401],[-65.22798824,10.96226954],[-65.22728956,10.95937395],[-65.22584105,10.95927095],[-65.22444665,10.95717216],[-65.22536051,10.95411253],[-65.22793186,10.95168126],[-65.23372006,10.95013845],[-65.23891735,10.95208025],[-65.24976671,10.95361614],[-65.27935934,10.96682632],[-65.29529726,10.97605598],[-65.30405414,10.98403704],[-65.30777645,10.98643875],[-65.30817616,10.98654973],[-65.30914867,10.98604238],[-65.31013405,10.98452115],[-65.31012726,10.98421454],[-65.30879271,10.98042226],[-65.3124758,10.97681201],[-65.33944798,10.98099673],[-65.34293747,10.98099196],[-65.34459126,10.98072004],[-65.34499335,10.98057628],[-65.34547424,10.97860956],[-65.34967053,10.97539413],[-65.35553336,10.97681201],[-65.36660445,10.97558641],[-65.36829138,10.97269356],[-65.37212086,10.97111297],[-65.37338114,10.9683696],[-65.37817585,10.96754265],[-65.38141024,10.96593034],[-65.38491547,10.96265316],[-65.390625,10.95982134],[-65.39342356,10.95794928],[-65.39469898,10.95671105],[-65.40012383,10.94924831],[-65.40834558,10.94444335],[-65.40978408,10.93927467],[-65.41007245,10.93899095],[-65.41732276,10.93585861],[-65.41953886,10.93352103],[-65.42024362,10.93243861],[-65.42188895,10.92388976],[-65.42182505,10.92347026],[-65.41491246,10.92432415],[-65.41373611,10.92427826],[-65.41234565,10.92329252],[-65.40958262,10.92345572],[-65.40403986,10.92461705],[-65.40315485,10.92448044],[-65.40003324,10.92379618],[-65.3998543,10.92077076],[-65.39669836,10.91884685],[-65.39443326,10.91787887],[-65.39386797,10.91776085],[-65.390625,10.91824782],[-65.38789618,10.91826963],[-65.38566411,10.91995955],[-65.38489711,10.91990077],[-65.38314724,10.91949487],[-65.38252544,10.91886151],[-65.38192201,10.91659415],[-65.37912965,10.91578972],[-65.37792945,10.9169991],[-65.37469542,10.91761625],[-65.37373924,10.91750777],[-65.36957133,10.91622543],[-65.36286914,10.91306674],[-65.36237454,10.91265404],[-65.36072946,10.90810537],[-65.35272372,10.90832317],[-65.34669101,10.90470004],[-65.33930612,10.90240633],[-65.33714175,10.90046394],[-65.33112347,10.89989615],[-65.32781553,10.8984375],[-65.32729816,10.8984375],[-65.32476842,10.89680874],[-65.31588531,10.89759398],[-65.31087005,10.89382422],[-65.30898833,10.89080381],[-65.30444467,10.89110994],[-65.30059302,10.88928235]],[[-68.26013136,10.93051696],[-68.26082015,10.93073738],[-68.26215565,10.93020713],[-68.26175845,10.92941535],[-68.26102698,10.92893052],[-68.25950682,10.92907131],[-68.26013136,10.93051696]],[[-68.25431025,10.94386375],[-68.25634635,10.94518316],[-68.25918376,10.94493794],[-68.25964606,10.94503641],[-68.26110327,10.94649315],[-68.26647353,10.94540656],[-68.26518595,10.94227076],[-68.26444566,10.94277942],[-68.25866282,10.93840575],[-68.25644875,10.93947351],[-68.25555015,10.9430356],[-68.25431025,10.94386375]],[[-65.43033934,10.96924675],[-65.42872632,10.97167921],[-65.42910743,10.97189498],[-65.43108916,10.97212434],[-65.43299186,10.97102201],[-65.43733084,10.96733391],[-65.43792355,10.96632826],[-65.43806064,10.96526897],[-65.43780613,10.96490264],[-65.42820108,10.96273446],[-65.43033934,10.96924675]],[[-68.24646795,10.97169161],[-68.24294376,10.97505021],[-68.24279344,10.97677863],[-68.24300671,10.97695112],[-68.24720848,10.97328806],[-68.24754357,10.97279131],[-68.24720085,10.97174084],[-68.24646795,10.97169161]],[[-65.42429376,10.97335315],[-65.42357886,10.97156847],[-65.41585398,10.96968806],[-65.41531158,10.96942425],[-65.41469371,10.96953774],[-65.41584885,10.97227323],[-65.41560435,10.97277021],[-65.41370416,10.97049177],[-65.41332996,10.97043216],[-65.41312432,10.97104466],[-65.41370165,10.97309351],[-65.41636825,10.97608316],[-65.41987514,10.97686875],[-65.42429376,10.97335315]],[[-65.38508284,10.99938607],[-65.38603032,10.99942327],[-65.38733661,10.99884725],[-65.38747454,10.99856067],[-65.38708115,10.99693096],[-65.38414896,10.99499846],[-65.38325691,10.9953618],[-65.38415766,10.99745154],[-65.37928176,10.99618936],[-65.37749875,10.98938382],[-65.37715352,10.98919845],[-65.37331021,10.99028873],[-65.37305856,10.99127316],[-65.37313116,10.99240196],[-65.37637234,10.99360013],[-65.37602055,10.99766743],[-65.37631273,10.99832213],[-65.37797844,10.99913347],[-65.38508284,10.99938607]],[[-68.27019215,10.84792864],[-68.27218473,10.84560633],[-68.27593732,10.84516144],[-68.27663183,10.84461045],[-68.27689433,10.84400058],[-68.276178,10.84184194],[-68.27617574,10.84145951],[-68.27686942,10.84014225],[-68.27726388,10.83976257],[-68.28607333,10.83518946],[-68.28639686,10.83448768],[-68.28524578,10.82914448],[-68.28784537,10.82556272],[-68.28745377,10.82268476],[-68.28618801,10.82142854],[-68.28431296,10.82288587],[-68.28340304,10.82135355],[-68.28206372,10.82190776],[-68.28154075,10.82261384],[-68.28269064,10.82410753],[-68.27921057,10.82787478],[-68.27889466,10.82787764],[-68.27964437,10.82263815],[-68.27924335,10.82222152],[-68.27625394,10.82051277],[-68.27594554,10.82067764],[-68.27420127,10.82295394],[-68.27478945,10.82351506],[-68.27454925,10.82669091],[-68.27052903,10.82817018],[-68.26766455,10.83157003],[-68.26938736,10.83120811],[-68.27086651,10.828987],[-68.27239013,10.82835186],[-68.27627122,10.82751501],[-68.27637112,10.82850003],[-68.27407992,10.83055556],[-68.26726401,10.83378994],[-68.26545811,10.83160877],[-68.26409435,10.83376217],[-68.26091015,10.83515656],[-68.26716542,10.83524084],[-68.26800597,10.83652556],[-68.27153516,10.83674395],[-68.27232325,10.83498645],[-68.27170587,10.83247554],[-68.27264488,10.8322978],[-68.27328932,10.83312476],[-68.27374542,10.83502007],[-68.27292216,10.83721316],[-68.27536237,10.83888388],[-68.27535307,10.83918452],[-68.27420127,10.83924246],[-68.27350402,10.84140396],[-68.27233088,10.84085512],[-68.27168953,10.83857191],[-68.26894855,10.83824635],[-68.2668848,10.83979213],[-68.26972353,10.84114051],[-68.26948225,10.84273005],[-68.27059233,10.84335577],[-68.26967466,10.84557056],[-68.27019215,10.84792864]],[[-68.23669732,10.83882988],[-68.23668206,10.83807087],[-68.2382282,10.83582091],[-68.23799086,10.83466995],[-68.23772955,10.83454394],[-68.23449397,10.83532345],[-68.22530687,10.84093785],[-68.22603774,10.84226346],[-68.22913158,10.84097695],[-68.23056662,10.84363842],[-68.22649372,10.84453166],[-68.22508752,10.84296405],[-68.22411454,10.84470963],[-68.22760856,10.84714842],[-68.23188496,10.84457755],[-68.23289931,10.84197366],[-68.23685777,10.84102213],[-68.23712122,10.84078336],[-68.23669732,10.83882988]],[[-64.15858054,10.83588386],[-64.15753305,10.83406186],[-64.15666842,10.83413684],[-64.15453291,10.83570862],[-64.15628731,10.83904648],[-64.15842664,10.83652055],[-64.15858054,10.83588386]],[[-64.19579518,10.83258915],[-64.19746315,10.83133292],[-64.19805932,10.83085477],[-64.19780993,10.82982194],[-64.20042396,10.82844734],[-64.20597887,10.82871056],[-64.21126592,10.83110857],[-64.21328557,10.82629454],[-64.21744657,10.82466555],[-64.22546172,10.81825817],[-64.22557783,10.81671286],[-64.21954942,10.81019676],[-64.21768975,10.80424702],[-64.2151736,10.80257845],[-64.21529651,10.79891956],[-64.20928454,10.80019093],[-64.19387627,10.79863393],[-64.19058073,10.8018707],[-64.1834892,10.79973853],[-64.17926776,10.80159974],[-64.16849911,10.80221033],[-64.16740155,10.80445266],[-64.15519452,10.80471683],[-64.15122128,10.80629754],[-64.14925575,10.81323516],[-64.14384484,10.81512165],[-64.14020896,10.82302976],[-64.14905322,10.82882786],[-64.15408635,10.83004892],[-64.16245615,10.82894635],[-64.16403973,10.82514751],[-64.16529643,10.82480681],[-64.17422497,10.82930732],[-64.17652524,10.83004844],[-64.17961395,10.8301084],[-64.18473995,10.8323909],[-64.18546927,10.83252406],[-64.18946934,10.83222902],[-64.19579518,10.83258915]],[[-63.98841846,10.8068552],[-63.98729205,10.79875696],[-63.98771596,10.79213917],[-63.99057937,10.79077888],[-63.99204481,10.79182935],[-63.99226964,10.79162157],[-63.99211693,10.79006422],[-63.99421525,10.78721142],[-63.99985802,10.78196597],[-63.99998081,10.78140473],[-63.99921477,10.77933824],[-63.99499595,10.77894187],[-63.99471438,10.77882564],[-63.99076438,10.77511156],[-63.98820865,10.77511156],[-63.98542166,10.77296126],[-63.984375,10.77287936],[-63.97709906,10.77056503],[-63.97645342,10.77044344],[-63.97259486,10.77045524],[-63.96979403,10.7715739],[-63.96686947,10.76980245],[-63.95870423,10.76931214],[-63.95207524,10.76341426],[-63.95169175,10.76691365],[-63.94850564,10.76615345],[-63.94427586,10.76186383],[-63.94158721,10.75404894],[-63.94454432,10.75422227],[-63.94674003,10.75649095],[-63.95541525,10.75517142],[-63.95969856,10.75889766],[-63.95843005,10.75569201],[-63.95813417,10.75540221],[-63.94935632,10.75331914],[-63.94450593,10.74950016],[-63.93876517,10.74938536],[-63.93180907,10.74634445],[-63.92945814,10.74119294],[-63.92400265,10.73963284],[-63.91846991,10.73633456],[-63.91736245,10.73612738],[-63.91379833,10.7370913],[-63.90954685,10.73639977],[-63.90442467,10.73866582],[-63.89934576,10.73828924],[-63.89283836,10.74036014],[-63.88874185,10.75458133],[-63.88870633,10.76032186],[-63.88700592,10.76155603],[-63.88816714,10.76447594],[-63.89026237,10.76361585],[-63.89147568,10.76491785],[-63.89558971,10.77464402],[-63.90209424,10.78221965],[-63.90526855,10.79059601],[-63.90954733,10.79433417],[-63.91678715,10.79673922],[-63.91940475,10.79901481],[-63.92474568,10.79804552],[-63.93428326,10.80019367],[-63.94304848,10.80081058],[-63.95512092,10.80405664],[-63.95800817,10.80594194],[-63.96200764,10.80587554],[-63.96435475,10.80694902],[-63.96797025,10.81096447],[-63.97433305,10.81330752],[-63.97711694,10.81354403],[-63.98170781,10.81157208],[-63.9832406,10.81146038],[-63.984375,10.81166291],[-63.98673642,10.81252897],[-63.99017465,10.81581867],[-63.99425542,10.81682336],[-63.98841846,10.8068552]],[[-68.23216295,10.74232995],[-68.23483896,10.74305975],[-68.23598003,10.74236167],[-68.23609436,10.73974502],[-68.2352432,10.73913026],[-68.23496902,10.73923576],[-68.23479915,10.74170756],[-68.23453784,10.74216664],[-68.23216295,10.74232995]],[[-68.19721436,10.78056073],[-68.19725394,10.78175306],[-68.20047176,10.77918863],[-68.20074165,10.77825856],[-68.20049167,10.77801084],[-68.19985545,10.77806485],[-68.19721436,10.78056073]],[[-68.27766871,10.81264102],[-68.27840626,10.81320655],[-68.28167784,10.8125627],[-68.28193915,10.81268418],[-68.28476012,10.81424761],[-68.28628814,10.81201506],[-68.28472126,10.81074107],[-68.28799474,10.80982375],[-68.28788805,10.80950713],[-68.28305697,10.80668974],[-68.27956355,10.80813384],[-68.27755344,10.80841851],[-68.27740896,10.80874455],[-68.27766871,10.81264102]],[[-68.26647067,10.81439733],[-68.26607466,10.81422901],[-68.26007426,10.81555164],[-68.25803578,10.81750631],[-68.25668967,10.81773365],[-68.25297582,10.81695652],[-68.25196147,10.81974602],[-68.24995482,10.82100332],[-68.24831224,10.82093215],[-68.24615991,10.8187865],[-68.24437046,10.82245171],[-68.24705577,10.82216966],[-68.24746621,10.82327926],[-68.24464297,10.82384825],[-68.24359477,10.82600534],[-68.23931754,10.82822061],[-68.2375288,10.82715344],[-68.23718035,10.82835066],[-68.23481464,10.82904363],[-68.23478246,10.82995164],[-68.23504746,10.83027554],[-68.23903716,10.8321048],[-68.24093747,10.83133543],[-68.24023724,10.83014297],[-68.24481905,10.83055174],[-68.24931741,10.82746565],[-68.24931407,10.82567346],[-68.25229836,10.82613933],[-68.25464118,10.82385004],[-68.25327682,10.8212049],[-68.2539556,10.82040966],[-68.25637257,10.82317364],[-68.25961792,10.82346058],[-68.26040006,10.81902576],[-68.26431441,10.81584501],[-68.26660395,10.81599283],[-68.26683617,10.81492341],[-68.26647067,10.81439733]],[[-68.28830492,10.83568776],[-68.28637028,10.83951294],[-68.28643131,10.84024727],[-68.28664875,10.8405869],[-68.28919125,10.84059501],[-68.29095197,10.84099185],[-68.29105163,10.84069514],[-68.28925705,10.83927703],[-68.28946722,10.83814883],[-68.29097664,10.83963084],[-68.29282713,10.83812797],[-68.28931713,10.83404505],[-68.28830492,10.83568776]],[[-68.28441286,10.83983076],[-68.28326046,10.83936667],[-68.28270972,10.83945036],[-68.27909315,10.84133685],[-68.27883542,10.84161115],[-68.27828014,10.84485364],[-68.27847505,10.84525025],[-68.28106344,10.84802091],[-68.28248596,10.84503865],[-68.28310454,10.84735978],[-68.28363752,10.84703386],[-68.28448665,10.84569621],[-68.28540492,10.84228945],[-68.28510344,10.84089446],[-68.28441286,10.83983076]],[[-68.24489915,10.72804916],[-68.24311423,10.72791874],[-68.24179125,10.72931767],[-68.24224782,10.72980595],[-68.24276495,10.7298758],[-68.24489915,10.72804916]],[[-63.85121131,10.69293594],[-63.85226846,10.69203985],[-63.85396588,10.69242525],[-63.85465395,10.69137085],[-63.85452747,10.69076145],[-63.85073853,10.68849492],[-63.84970808,10.68843186],[-63.84614205,10.68852806],[-63.84299874,10.69061506],[-63.84540093,10.69036305],[-63.84735501,10.69200075],[-63.84769821,10.69214761],[-63.8494668,10.69181156],[-63.84967482,10.69205534],[-63.85103464,10.69314635],[-63.85121131,10.69293594]],[[-63.87532365,10.69218183],[-63.87567651,10.6927582],[-63.87681341,10.69235635],[-63.87693822,10.69210446],[-63.87681878,10.69072604],[-63.8740499,10.69021106],[-63.87375104,10.69082665],[-63.87532365,10.69218183]],[[-67.97698665,10.50747836],[-67.97357333,10.50415707],[-67.97003233,10.50484872],[-67.96968722,10.50512075],[-67.96933866,10.50612354],[-67.96959341,10.50639153],[-67.97301197,10.50907862],[-67.97430325,10.50962245],[-67.97546756,10.50982475],[-67.97655034,10.50915802],[-67.97637391,10.50871003],[-67.97451627,10.50829077],[-67.97698665,10.50747836]],[[-67.96195734,10.49728274],[-67.96479416,10.49590814],[-67.96393037,10.49491382],[-67.96140027,10.49263322],[-67.96077156,10.49285305],[-67.95997405,10.49530005],[-67.96111655,10.49693],[-67.96195734,10.49728274]],[[-67.9518671,10.49302447],[-67.95302665,10.49200475],[-67.95284677,10.49077725],[-67.95193827,10.48987508],[-67.94720662,10.48841202],[-67.94517005,10.48856902],[-67.94375026,10.48725271],[-67.944875,10.4841603],[-67.94391584,10.48166704],[-67.94069385,10.48466265],[-67.94182312,10.48838604],[-67.94363844,10.49048376],[-67.94933462,10.49299502],[-67.9518671,10.49302447]],[[-68.04043746,10.49240124],[-68.03984535,10.49379301],[-68.03998852,10.49414897],[-68.04158294,10.49467444],[-68.04186392,10.49454975],[-68.04192305,10.49228775],[-68.04176164,10.49198425],[-68.04071975,10.49145555],[-68.04039824,10.49169445],[-68.04043746,10.49240124]],[[-67.99210978,10.49578094],[-67.99065411,10.49437881],[-67.99029183,10.49445188],[-67.98972106,10.49539244],[-67.99185646,10.49694943],[-67.99411237,10.49678028],[-67.99210978,10.49578094]],[[-67.93020582,10.46254945],[-67.92953694,10.46220183],[-67.92971563,10.46257067],[-67.92993987,10.46276665],[-67.93020582,10.46254945]],[[-64.42878938,10.37547195],[-64.42900646,10.37109375],[-64.43658638,10.37109375],[-64.43704033,10.36407912],[-64.43374312,10.36283195],[-64.4338994,10.35988236],[-64.43362927,10.35925221],[-64.43260038,10.35732043],[-64.43089795,10.35632825],[-64.43014193,10.35611486],[-64.42806113,10.35713911],[-64.42784226,10.35739791],[-64.42734468,10.35975814],[-64.42397106,10.36046147],[-64.42198992,10.35943103],[-64.41376233,10.36275256],[-64.41135454,10.36508715],[-64.41231871,10.36754632],[-64.41617274,10.36763156],[-64.41585708,10.37011898],[-64.41711485,10.37064028],[-64.41702366,10.37109375],[-64.41680527,10.37109375],[-64.41351056,10.37378848],[-64.41191137,10.37604105],[-64.41207016,10.37728405],[-64.41259313,10.37818432],[-64.41333056,10.37862754],[-64.41644275,10.37884164],[-64.41919661,10.38063502],[-64.42342472,10.38134444],[-64.42778146,10.38066065],[-64.42826557,10.38022542],[-64.42736971,10.37791264],[-64.42878938,10.37547195]],[[-64.40356243,10.37239671],[-64.40346932,10.37109375],[-64.40341485,10.37109375],[-64.40273762,10.35835826],[-64.40785193,10.35774171],[-64.40969872,10.35413015],[-64.4122678,10.35288227],[-64.41388381,10.34963655],[-64.41314054,10.34798944],[-64.40457964,10.35282421],[-64.39897466,10.35370553],[-64.39697182,10.35672367],[-64.39358091,10.35854626],[-64.39392817,10.35962307],[-64.39883053,10.36019313],[-64.39744091,10.36673355],[-64.39441597,10.36779296],[-64.39540493,10.37009895],[-64.39717746,10.37109375],[-64.39972913,10.37109375],[-64.39978981,10.37091935],[-64.3999114,10.37084961],[-64.40011382,10.37084961],[-64.40023541,10.37091935],[-64.40029597,10.37109375],[-64.40063167,10.37109375],[-64.40073943,10.37139273],[-64.40305614,10.37247086],[-64.40356243,10.37239671]],[[-64.50732422,10.34709823],[-64.49989653,10.35083413],[-64.50236511,10.35181987],[-64.50159216,10.35401881],[-64.49971127,10.35595775],[-64.49767804,10.35720193],[-64.49343574,10.35800207],[-64.49349058,10.36185741],[-64.49618971,10.36268568],[-64.49671614,10.36275744],[-64.50515616,10.35547352],[-64.50606561,10.35259402],[-64.50896633,10.34975624],[-64.50919402,10.34851456],[-64.50789118,10.34709823],[-64.50732422,10.34709823]],[[-64.46989298,10.36322773],[-64.46874773,10.36275637],[-64.46824574,10.36287057],[-64.4658612,10.3646636],[-64.46460497,10.36167455],[-64.46107244,10.36275315],[-64.45921242,10.36011624],[-64.45890522,10.36002052],[-64.45372295,10.35786295],[-64.45328677,10.35776055],[-64.45087075,10.35888004],[-64.44936395,10.35741627],[-64.44742095,10.35753846],[-64.44605374,10.35451412],[-64.44292045,10.35301936],[-64.44139302,10.35005546],[-64.43920934,10.34906042],[-64.42822337,10.34936166],[-64.42697716,10.35007071],[-64.42644846,10.35115862],[-64.42673063,10.35171711],[-64.42830265,10.35271025],[-64.4317044,10.35357666],[-64.43228877,10.35370874],[-64.44096053,10.35327327],[-64.44166458,10.3579483],[-64.43858433,10.35945904],[-64.43981731,10.36063695],[-64.44417644,10.36031556],[-64.44141388,10.36450112],[-64.44246805,10.36714733],[-64.44363105,10.36762297],[-64.44650078,10.3640002],[-64.44841707,10.36373496],[-64.45040274,10.36717725],[-64.45298982,10.36836624],[-64.4534111,10.37016404],[-64.45501494,10.37109375],[-64.4556787,10.37109375],[-64.45641303,10.37175465],[-64.45825017,10.37476265],[-64.45870376,10.37486577],[-64.45976055,10.37466514],[-64.46018314,10.37404466],[-64.46021855,10.37151217],[-64.46050227,10.37109375],[-64.46068537,10.37109375],[-64.46501946,10.36565435],[-64.46947968,10.36436772],[-64.47017324,10.36384892],[-64.46989298,10.36322773]],[[-64.49698496,10.36418295],[-64.49587953,10.36622834],[-64.49885547,10.3651005],[-64.49698496,10.36418295]],[[-64.74259758,10.3104918],[-64.74724245,10.30653834],[-64.7482928,10.30213714],[-64.75074685,10.29846525],[-64.75349414,10.29835916],[-64.7566663,10.29527283],[-64.75345504,10.29321027],[-64.75366127,10.29050505],[-64.74155414,10.28123021],[-64.73988664,10.27652955],[-64.73392224,10.28029764],[-64.73167706,10.28856015],[-64.73209453,10.29032695],[-64.72798085,10.29747272],[-64.72827387,10.29963684],[-64.72526264,10.30994713],[-64.72914457,10.31358445],[-64.73646402,10.31508493],[-64.73819721,10.31494033],[-64.73991025,10.3148396],[-64.74259758,10.3104918]],[[-64.56508744,10.30593073],[-64.56436634,10.30474615],[-64.56403375,10.30484533],[-64.56194925,10.30570281],[-64.56092763,10.30752695],[-64.56168604,10.30962455],[-64.56256771,10.31007063],[-64.56350231,10.30928075],[-64.56508744,10.30593073]],[[-64.63455737,10.30552292],[-64.63540542,10.30590785],[-64.63721037,10.30515695],[-64.64060795,10.30190516],[-64.64578617,10.30185986],[-64.64752507,10.3002398],[-64.65305996,10.30390525],[-64.66195846,10.30308557],[-64.66579855,10.30394924],[-64.6690191,10.3003664],[-64.66576755,10.29626215],[-64.66454852,10.29240561],[-64.66629744,10.29081345],[-64.67153215,10.29049456],[-64.67349374,10.2897495],[-64.67452455,10.28856051],[-64.67435086,10.28816605],[-64.67203867,10.28685963],[-64.66804075,10.28782713],[-64.66446555,10.28566205],[-64.66293347,10.28763926],[-64.66082788,10.28686404],[-64.65989888,10.28838468],[-64.66009176,10.29022467],[-64.6622889,10.2915405],[-64.66228235,10.29264903],[-64.65742242,10.29265594],[-64.65360212,10.29156125],[-64.65645504,10.28943563],[-64.65613556,10.28695858],[-64.65576482,10.28603625],[-64.65520716,10.28585863],[-64.65254486,10.28528452],[-64.65216303,10.28546846],[-64.65109014,10.28841722],[-64.64777112,10.2859652],[-64.64398336,10.28964913],[-64.64403784,10.28654695],[-64.64336646,10.28631365],[-64.64214635,10.28650057],[-64.63786566,10.28985214],[-64.63778245,10.28801],[-64.63615084,10.28726983],[-64.63543856,10.28509796],[-64.62681377,10.28529167],[-64.62751162,10.28346312],[-64.62963605,10.28240752],[-64.62926066,10.27946818],[-64.62425673,10.28050864],[-64.62277365,10.28261876],[-64.62115324,10.28237486],[-64.62028384,10.28346038],[-64.61974502,10.2814002],[-64.61724031,10.2815485],[-64.61552966,10.27966952],[-64.61199534,10.27941084],[-64.6095649,10.28351605],[-64.60990107,10.28568566],[-64.61465013,10.28732502],[-64.61679435,10.28701425],[-64.61760592,10.28814125],[-64.62156367,10.28922951],[-64.62248325,10.28855562],[-64.62601364,10.28993833],[-64.62879431,10.28949213],[-64.62843013,10.29171777],[-64.62286735,10.29635382],[-64.62557685,10.29610515],[-64.63294888,10.29915392],[-64.63372946,10.30210531],[-64.6333971,10.30426657],[-64.63351166,10.30460048],[-64.63455737,10.30552292]],[[-64.60272574,10.29405916],[-64.60388756,10.29341066],[-64.60711074,10.29364514],[-64.60736346,10.29353547],[-64.60805535,10.29189456],[-64.60768092,10.29082263],[-64.60611904,10.28954732],[-64.60370505,10.29043937],[-64.60171175,10.28799772],[-64.60121143,10.28800595],[-64.59238076,10.29014897],[-64.58751202,10.29022861],[-64.58619297,10.29165721],[-64.59468818,10.29221141],[-64.59776556,10.29290342],[-64.59805107,10.29361975],[-64.59966075,10.29535592],[-64.60272574,10.29405916]],[[-64.54827118,10.29429185],[-64.55226636,10.29266393],[-64.54839814,10.2928164],[-64.54805255,10.29303431],[-64.54827118,10.29429185]],[[-64.57619536,10.29386294],[-64.57674384,10.29418504],[-64.57691133,10.29396904],[-64.57689548,10.29230917],[-64.57431996,10.29138291],[-64.57408917,10.29169405],[-64.57619536,10.29386294]],[[-64.58372521,10.29321373],[-64.58471251,10.29331124],[-64.58514261,10.2928313],[-64.58528614,10.29096305],[-64.58368576,10.29077661],[-64.58322418,10.29096937],[-64.58299255,10.29263794],[-64.58372521,10.29321373]],[[-64.67600286,10.30344534],[-64.67942297,10.30479133],[-64.68120503,10.30368137],[-64.68321812,10.30048466],[-64.68191135,10.29759562],[-64.68036544,10.29676533],[-64.68020415,10.29152656],[-64.67886317,10.29608405],[-64.67837524,10.29707956],[-64.67687011,10.29853845],[-64.67459095,10.29890895],[-64.67394722,10.30055594],[-64.67409646,10.30093181],[-64.67600286,10.30344534]],[[-64.68357992,10.30405033],[-64.68383574,10.30566657],[-64.68414831,10.30580068],[-64.68521667,10.30547845],[-64.68543541,10.30450594],[-64.68505824,10.30224752],[-64.68478656,10.30232835],[-64.68357992,10.30405033]],[[-64.75844204,10.29394746],[-64.75919914,10.29416418],[-64.75983906,10.29363143],[-64.75927007,10.29231036],[-64.76067615,10.29063582],[-64.75562322,10.28867054],[-64.75500703,10.29036081],[-64.75546706,10.291188],[-64.75844204,10.29394746]],[[-64.75028455,10.30708086],[-64.75245261,10.30796516],[-64.75437415,10.30712402],[-64.75182188,10.30614984],[-64.75084317,10.3062613],[-64.75023651,10.30675471],[-64.75028455,10.30708086]],[[-64.75848424,10.30765283],[-64.75808203,10.30801797],[-64.7581712,10.30877066],[-64.76010776,10.31017494],[-64.75938976,10.30787611],[-64.75848424,10.30765283]],[[-65.88845468,10.29391181],[-65.88963044,10.29391634],[-65.88941646,10.29197514],[-65.88772845,10.28988135],[-65.88637197,10.28951502],[-65.88494825,10.29004025],[-65.8849653,10.29066145],[-65.8879745,10.29377925],[-65.88845468,10.29391181]],[[-65.84355831,10.27151132],[-65.84310436,10.27063203],[-65.84272933,10.27055192],[-65.84089315,10.27154314],[-65.83824635,10.26929474],[-65.83599532,10.26929665],[-65.83739054,10.27165985],[-65.83797133,10.27275205],[-65.84468853,10.27616572],[-65.84497046,10.27626574],[-65.8461287,10.27546954],[-65.84635627,10.27355707],[-65.84391606,10.27277291],[-65.84355831,10.27151132]],[[-65.83182538,10.26996732],[-65.83138216,10.2691797],[-65.82866585,10.26761413],[-65.82837307,10.26761484],[-65.82755792,10.26832771],[-65.82767332,10.26863766],[-65.83023596,10.27017558],[-65.83065891,10.27030182],[-65.83182538,10.26996732]],[[-65.84848738,10.27046561],[-65.85005271,10.27126992],[-65.85052848,10.27069712],[-65.84958458,10.2686491],[-65.84929287,10.26842737],[-65.84853172,10.26855636],[-65.84807396,10.26939666],[-65.8481276,10.26996446],[-65.84848738,10.27046561]],[[-65.7483294,10.22308576],[-65.74849021,10.22443676],[-65.75147724,10.22528636],[-65.75171125,10.22562861],[-65.75149643,10.22736716],[-65.75318217,10.22665703],[-65.75334692,10.22643101],[-65.75351345,10.22474873],[-65.75140166,10.22265625],[-65.748564,10.22262084],[-65.7483294,10.22308576]],[[-65.7454648,10.23834801],[-65.7487148,10.23932564],[-65.74962103,10.23924506],[-65.7428472,10.23652291],[-65.7454648,10.23834801]],[[-64.63119662,10.27421296],[-64.63454306,10.27082646],[-64.63970077,10.26949131],[-64.63718283,10.26824474],[-64.63418364,10.26472402],[-64.63599968,10.26295412],[-64.63588274,10.2606523],[-64.63727665,10.25950646],[-64.63970363,10.25899351],[-64.64203525,10.25960481],[-64.64253414,10.25921762],[-64.64321041,10.25767112],[-64.64286244,10.25646901],[-64.64245915,10.2560184],[-64.6370846,10.25567234],[-64.63459766,10.25679564],[-64.6312927,10.26661313],[-64.62843704,10.26463175],[-64.62720323,10.26723254],[-64.62530375,10.26659691],[-64.62411523,10.26862323],[-64.61789513,10.26893961],[-64.61439145,10.27534342],[-64.61758101,10.27613854],[-64.61830628,10.27623951],[-64.62468755,10.27504313],[-64.63119662,10.27421296]],[[-64.54887295,10.26677287],[-64.5506922,10.26340568],[-64.55393195,10.26291561],[-64.55410933,10.26252794],[-64.55282164,10.2610265],[-64.55283427,10.25822401],[-64.55098665,10.25660706],[-64.54604745,10.25523806],[-64.54564142,10.25514746],[-64.54035068,10.25520217],[-64.54008377,10.25738525],[-64.54283595,10.2608093],[-64.54135132,10.26358581],[-64.53898633,10.26467013],[-64.53906834,10.26743102],[-64.54065168,10.26676655],[-64.54362237,10.26780403],[-64.54403734,10.27190864],[-64.54497266,10.27329147],[-64.54555142,10.2734462],[-64.54809976,10.27304125],[-64.55195546,10.27075112],[-64.55190086,10.26907063],[-64.54887295,10.26677287]],[[-64.49141097,10.26799726],[-64.49068725,10.26575947],[-64.48732984,10.26627958],[-64.4845314,10.26368725],[-64.48161221,10.26352763],[-64.48483455,10.26719236],[-64.48965573,10.26802134],[-64.49141097,10.26799726]],[[-64.4741466,10.26426435],[-64.47867477,10.26226032],[-64.47878444,10.26185346],[-64.47852826,10.26133835],[-64.47328103,10.25995457],[-64.47005081,10.26059937],[-64.47037566,10.2615422],[-64.47336984,10.26184547],[-64.47363782,10.26207304],[-64.47382367,10.26346016],[-64.4741466,10.26426435]],[[-64.74371648,10.27295721],[-64.74443614,10.27312446],[-64.74788845,10.26883543],[-64.74824822,10.26829147],[-64.74813533,10.26641941],[-64.74156106,10.26641166],[-64.74119067,10.26666045],[-64.74021018,10.26767647],[-64.73986661,10.26971912],[-64.74208105,10.27252746],[-64.74371648,10.27295721]],[[-64.76191521,10.25126243],[-64.75950646,10.25006914],[-64.75944865,10.25155175],[-64.76011908,10.25244021],[-64.76099002,10.2530086],[-64.76202154,10.25163353],[-64.76191521,10.25126243]],[[-64.63415074,10.24502921],[-64.63380826,10.24462783],[-64.63277066,10.24495173],[-64.63054848,10.24618435],[-64.63249195,10.24696708],[-64.63289988,10.24675131],[-64.63408923,10.24556315],[-64.63415074,10.24502921]],[[-64.95533717,10.16771865],[-64.95813203,10.16605997],[-64.96099424,10.16600835],[-64.97005904,10.16709352],[-64.976619,10.16421831],[-64.97664261,10.16388297],[-64.97584832,10.16356647],[-64.973122,10.16445243],[-64.96684396,10.15764153],[-64.96545005,10.15930116],[-64.96383226,10.16036284],[-64.96017492,10.15939236],[-64.9488337,10.16019464],[-64.94203913,10.16173196],[-64.94173527,10.16225827],[-64.94172525,10.16304612],[-64.94259918,10.16434336],[-64.94451451,10.16513753],[-64.95307565,10.16735184],[-64.95533717,10.16771865]],[[-64.94282365,10.15161955],[-64.94008064,10.14888084],[-64.93406701,10.14945352],[-64.92819285,10.14249742],[-64.92361855,10.14439535],[-64.92063606,10.14222515],[-64.92021251,10.14213395],[-64.91924691,10.14234793],[-64.91579354,10.14347637],[-64.91340375,10.14292932],[-64.91239858,10.14378023],[-64.91228795,10.14476335],[-64.91324735,10.14579034],[-64.92258,10.1501466],[-64.92702246,10.15429664],[-64.93099964,10.153898],[-64.93695927,10.15513384],[-64.94237494,10.15308082],[-64.94286334,10.15249515],[-64.94282365,10.15161955]],[[-64.82846653,10.13790476],[-64.82729351,10.13761854],[-64.82650042,10.14023197],[-64.82688081,10.14047146],[-64.82905138,10.13912177],[-64.82910192,10.13882196],[-64.82846653,10.13790476]],[[-65.04790533,10.06303227],[-65.05443418,10.05949175],[-65.04946971,10.06001043],[-65.04907095,10.06020665],[-65.04777491,10.06149852],[-65.0476675,10.06289172],[-65.04790533,10.06303227]],[[-64.57037652,10.25009477],[-64.56923842,10.24880016],[-64.56855273,10.24905324],[-64.56645906,10.25034893],[-64.57037652,10.25009477]],[[-64.34765482,10.35665274],[-64.35073328,10.35592234],[-64.35057414,10.3534919],[-64.34887636,10.35355151],[-64.34770405,10.3541224],[-64.34765482,10.35665274]],[[-64.35607874,10.35609925],[-64.3565098,10.35641372],[-64.35787594,10.3556416],[-64.35644984,10.35410976],[-64.35583246,10.35416853],[-64.35523868,10.35474408],[-64.35607874,10.35609925]],[[-63.50832355,10.65856886],[-63.51017535,10.65562916],[-63.50996864,10.65505755],[-63.50737464,10.65368187],[-63.50521374,10.65350807],[-63.50403464,10.65393114],[-63.50832355,10.65856886]],[[-61.86039352,10.74872744],[-61.85854781,10.74823093],[-61.85745692,10.75041854],[-61.85751045,10.75075138],[-61.85839093,10.75138175],[-61.86010945,10.750337],[-61.86070204,10.74916935],[-61.86039352,10.74872744]],[[-61.8586961,10.64297605],[-61.86285281,10.64021087],[-61.86637282,10.64041734],[-61.87350774,10.63793242],[-61.87346256,10.63675666],[-61.87259781,10.63593006],[-61.86784184,10.63565934],[-61.86733806,10.63577926],[-61.86400914,10.63787317],[-61.85582435,10.63995671],[-61.85557175,10.64010036],[-61.85573435,10.64151788],[-61.85622847,10.6420691],[-61.8586961,10.64297605]],[[-62.84581804,10.53066301],[-62.85266006,10.53343582],[-62.85382235,10.53336525],[-62.85459173,10.53304315],[-62.85997963,10.52840996],[-62.86052716,10.52667606],[-62.86597014,10.52524543],[-62.88633573,10.52564132],[-62.90505052,10.52225328],[-62.91021097,10.52070451],[-62.91276884,10.51949644],[-62.91822207,10.51468492],[-62.92902315,10.49893093],[-62.9351269,10.48946702],[-62.94028771,10.48226953],[-62.94369364,10.47884226],[-62.95688724,10.47109425],[-62.96613026,10.46965516],[-62.97301531,10.4664222],[-62.98505855,10.45760906],[-62.99067402,10.45207512],[-62.99400616,10.44701326],[-62.99889207,10.44415963],[-63.00384462,10.44482064],[-63.00791228,10.44734693],[-63.01398993,10.45842576],[-63.01603067,10.46033442],[-63.01641238,10.46046364],[-63.02328575,10.46062887],[-63.02920556,10.45960963],[-63.03256857,10.45820582],[-63.0329591,10.45795715],[-63.03577876,10.45493615],[-63.03691375,10.45180333],[-63.03693795,10.44940364],[-63.03652322,10.44853294],[-63.02787864,10.43890905],[-63.02777386,10.43487084],[-63.03010392,10.42868996],[-63.02834141,10.41694498],[-63.02094305,10.41630173],[-63.01439023,10.41877615],[-63.00645995,10.41933441],[-63.00073183,10.41673171],[-63.00045133,10.41645396],[-62.99952281,10.41503763],[-62.99951923,10.41224885],[-63.00679803,10.40140414],[-63.00712025,10.39522755],[-63.00305808,10.38844407],[-62.99592185,10.38467455],[-62.99543405,10.38455904],[-62.99395621,10.38476562],[-62.99230754,10.38619411],[-62.98436892,10.39579535],[-62.97755528,10.40088642],[-62.96970296,10.40170407],[-62.96125495,10.39992344],[-62.95910072,10.40334475],[-62.95011187,10.40901697],[-62.93946588,10.41273391],[-62.93890071,10.41288006],[-62.9296875,10.41434145],[-62.92707574,10.41481686],[-62.91561973,10.41509092],[-62.91191971,10.41458893],[-62.90918553,10.41364706],[-62.90257394,10.41075575],[-62.89938057,10.40842497],[-62.89512277,10.4039005],[-62.89111185,10.39849508],[-62.88359475,10.38682675],[-62.87740505,10.38363421],[-62.86991346,10.3893882],[-62.86054242,10.39236236],[-62.84586477,10.39418328],[-62.83437836,10.39260745],[-62.82997525,10.39351821],[-62.82874751,10.3958683],[-62.82802832,10.40520143],[-62.82462943,10.41200745],[-62.8267616,10.41464198],[-62.82645571,10.41878974],[-62.82786393,10.42113376],[-62.83003056,10.42190444],[-62.83737135,10.42033374],[-62.83989465,10.42149127],[-62.84566224,10.44769967],[-62.84438765,10.44803834],[-62.84345913,10.44512463],[-62.84339762,10.44021332],[-62.83910692,10.42256165],[-62.82765961,10.4226799],[-62.82507932,10.42014003],[-62.82408226,10.41533947],[-62.82231391,10.41549492],[-62.82128847,10.41893542],[-62.82477355,10.42676353],[-62.82739532,10.43954933],[-62.83218181,10.45150065],[-62.83715606,10.46891046],[-62.83823037,10.48536694],[-62.83816016,10.48648787],[-62.83454525,10.5032618],[-62.83443761,10.50407434],[-62.83415782,10.51088285],[-62.83516872,10.51379514],[-62.83620012,10.51793396],[-62.83710027,10.51969135],[-62.84027708,10.52245843],[-62.84058714,10.52382827],[-62.84091711,10.52525425],[-62.84581804,10.53066301]],[[-62.81298745,10.49621606],[-62.81543481,10.48846555],[-62.81681025,10.48251617],[-62.81689131,10.48199224],[-62.81666756,10.4688518],[-62.81595015,10.46167576],[-62.81386864,10.45398486],[-62.80886745,10.44370174],[-62.80622804,10.43371785],[-62.80440652,10.43282735],[-62.80411577,10.43281925],[-62.80323064,10.43381882],[-62.7972573,10.43464065],[-62.79437065,10.438205],[-62.79488015,10.46356034],[-62.79429305,10.46854794],[-62.78897905,10.48423445],[-62.78873622,10.49302447],[-62.79059303,10.49817491],[-62.79132831,10.49961567],[-62.79159868,10.49988174],[-62.79392314,10.50119472],[-62.79517353,10.50142336],[-62.80867171,10.49824023],[-62.81097996,10.49823475],[-62.81150973,10.49803495],[-62.81275475,10.49681366],[-62.81298745,10.49621606]],[[-62.79187286,10.43662477],[-62.7934798,10.42601204],[-62.77783334,10.41224825],[-62.75758314,10.40294635],[-62.74330354,10.39178693],[-62.7323513,10.38882482],[-62.72981167,10.38753605],[-62.72871161,10.38670635],[-62.72609425,10.38387585],[-62.72514796,10.38226545],[-62.72245216,10.37491596],[-62.71943104,10.37109375],[-62.71931696,10.37109375],[-62.71931255,10.37033975],[-62.71860385,10.36990905],[-62.70703554,10.36549485],[-62.70017111,10.36041021],[-62.69353128,10.3535043],[-62.68837285,10.34490216],[-62.68328965,10.33782268],[-62.68169391,10.33653104],[-62.66770065,10.32947862],[-62.6661309,10.32801604],[-62.6647948,10.32640874],[-62.66295373,10.32244051],[-62.66294515,10.31879103],[-62.66311717,10.31785226],[-62.66623187,10.31205535],[-62.67023253,10.30785871],[-62.67041361,10.30732262],[-62.66837537,10.30476427],[-62.66709554,10.30221522],[-62.66649938,10.30197787],[-62.66617215,10.30221856],[-62.65592825,10.31678462],[-62.65407407,10.31988227],[-62.65282834,10.32231617],[-62.64988506,10.33162892],[-62.64985514,10.33440292],[-62.65019095,10.34061897],[-62.65328717,10.35108495],[-62.65929234,10.35895884],[-62.66689265,10.36670804],[-62.67225301,10.37109375],[-62.67232895,10.37109375],[-62.67929065,10.37873065],[-62.68461561,10.38201106],[-62.69652283,10.39483511],[-62.71196234,10.41552365],[-62.72252321,10.42569065],[-62.73519754,10.44095027],[-62.73868787,10.44686556],[-62.74239516,10.45149505],[-62.74648654,10.45512545],[-62.74947751,10.45916665],[-62.75344634,10.46613753],[-62.75950265,10.47527873],[-62.76578796,10.49296832],[-62.766065,10.49344861],[-62.76941872,10.49788737],[-62.77072191,10.49903226],[-62.77351511,10.50034225],[-62.77813661,10.50103772],[-62.77864194,10.50092351],[-62.77968287,10.49928284],[-62.78105295,10.49502432],[-62.78334868,10.49327624],[-62.79173076,10.46811175],[-62.79285216,10.45968175],[-62.79187286,10.43662477]],[[-62.71869564,10.36599934],[-62.71914756,10.36610055],[-62.72034586,10.36512876],[-62.72115862,10.36390746],[-62.72208965,10.36012912],[-62.71848845,10.35667241],[-62.71527946,10.35141277],[-62.71285307,10.34512496],[-62.70992732,10.33164775],[-62.70617235,10.3298763],[-62.70581126,10.32987273],[-62.70355523,10.33060825],[-62.69877088,10.33194447],[-62.6901865,10.33290005],[-62.68354034,10.32950556],[-62.6830337,10.32894015],[-62.68055165,10.32253921],[-62.68277323,10.31016386],[-62.68258655,10.30777085],[-62.68145335,10.30676997],[-62.68098438,10.30669677],[-62.67685676,10.30814588],[-62.66979623,10.31424797],[-62.66652632,10.31844771],[-62.66581094,10.32144153],[-62.66588795,10.32208777],[-62.66728783,10.32480276],[-62.66959524,10.32660675],[-62.68316746,10.33293498],[-62.68476284,10.33395135],[-62.68866766,10.33836675],[-62.69157684,10.34323442],[-62.69553125,10.35052872],[-62.70279586,10.35795713],[-62.70863426,10.3623625],[-62.71869564,10.36599934]],[[-62.81666195,10.49429345],[-62.81741345,10.49447584],[-62.81976283,10.49267185],[-62.81981897,10.49233377],[-62.81894755,10.4903692],[-62.81737661,10.49030054],[-62.81664312,10.49059475],[-62.81542587,10.49213195],[-62.81515265,10.4933151],[-62.81666195,10.49429345]],[[-62.95712066,10.33919787],[-62.95636845,10.33889306],[-62.94939506,10.34138763],[-62.94364202,10.34026074],[-62.94325376,10.34036565],[-62.94249666,10.34238815],[-62.94251895,10.34305024],[-62.94519532,10.34313095],[-62.94969416,10.3441298],[-62.95385873,10.34631968],[-62.95563793,10.34578955],[-62.95603597,10.34554768],[-62.95723963,10.34272444],[-62.95730901,10.33981621],[-62.95712066,10.33919787]],[[-62.94715655,10.34021985],[-62.94771826,10.34033155],[-62.95757484,10.33705044],[-62.96192765,10.32956135],[-62.96685696,10.32446837],[-62.96786296,10.31993115],[-62.96796453,10.31860185],[-62.96597767,10.31631565],[-62.96161985,10.31486416],[-62.95807481,10.31540382],[-62.95724642,10.31482506],[-62.95515275,10.31196856],[-62.952775,10.30659223],[-62.94809675,10.30305207],[-62.94751823,10.30268025],[-62.94289494,10.30130935],[-62.93833554,10.29819942],[-62.93568885,10.29886055],[-62.93718946,10.29768372],[-62.93724406,10.29706776],[-62.93701541,10.29661834],[-62.93426156,10.29664445],[-62.93439341,10.29594445],[-62.93748105,10.29412818],[-62.94051838,10.29434955],[-62.94411325,10.29120338],[-62.94456565,10.28810585],[-62.94435394,10.28738093],[-62.94142246,10.28325057],[-62.93406212,10.28020406],[-62.93087983,10.28109133],[-62.93061125,10.28152251],[-62.9296875,10.28376114],[-62.9296875,10.28431904],[-62.92803848,10.28865135],[-62.92351651,10.29532635],[-62.92322254,10.29593694],[-62.92237997,10.29923356],[-62.92237985,10.30039728],[-62.92348361,10.30281615],[-62.92420483,10.30352867],[-62.92879927,10.30561566],[-62.9296875,10.30747771],[-62.92983472,10.30744886],[-62.93504441,10.31655276],[-62.93881834,10.33162367],[-62.94317186,10.33570683],[-62.94417322,10.33861351],[-62.94715655,10.34021985]],[[-62.94141138,10.33595753],[-62.93878341,10.33549798],[-62.93865275,10.33577263],[-62.93845153,10.33703542],[-62.94000041,10.33884215],[-62.94028401,10.33896184],[-62.94228566,10.33840942],[-62.94224286,10.33748901],[-62.94141138,10.33595753]],[[-62.94890761,10.28516436],[-62.95077348,10.28658783],[-62.95082402,10.28556955],[-62.95107806,10.28470266],[-62.95314908,10.28469515],[-62.95213342,10.28244364],[-62.9527595,10.27961946],[-62.94783795,10.28198802],[-62.94832647,10.28460431],[-62.94890761,10.28516436]],[[-62.95022404,10.28953946],[-62.95109105,10.29085708],[-62.95282805,10.28926075],[-62.95258296,10.28900075],[-62.95015287,10.28864968],[-62.95008135,10.28896821],[-62.95022404,10.28953946]],[[-62.94951487,10.29301095],[-62.95016408,10.29335213],[-62.95176077,10.29196596],[-62.9503144,10.29204595],[-62.94836044,10.292768],[-62.94951487,10.29301095]],[[-62.95270336,10.29276514],[-62.95175731,10.29449224],[-62.95139265,10.29363227],[-62.94886672,10.29517186],[-62.94792128,10.29452407],[-62.94885063,10.29364181],[-62.94769132,10.29302633],[-62.94587731,10.29339695],[-62.94574761,10.29497194],[-62.94449115,10.29390895],[-62.94263482,10.29497087],[-62.94272375,10.29706228],[-62.94512892,10.29648614],[-62.94799006,10.29969597],[-62.94967556,10.29700995],[-62.95038044,10.29796934],[-62.94934738,10.29886687],[-62.94968224,10.29939473],[-62.95108294,10.29836106],[-62.95220685,10.29899478],[-62.95184624,10.30247426],[-62.95314336,10.30148685],[-62.95303273,10.30234134],[-62.9532814,10.304214],[-62.95533216,10.30586195],[-62.95587075,10.30550087],[-62.9561336,10.30287266],[-62.95563376,10.30229616],[-62.95690835,10.30270636],[-62.95770085,10.29985452],[-62.9569267,10.29843283],[-62.95771158,10.29814517],[-62.95622885,10.2973603],[-62.9568119,10.29670501],[-62.95481551,10.29655504],[-62.95688665,10.29548645],[-62.95443857,10.29492795],[-62.95503986,10.29380405],[-62.95376241,10.29378414],[-62.95326722,10.29501355],[-62.95270336,10.29276514]],[[-62.25192988,10.05968785],[-62.25821626,10.05611253],[-62.27616167,10.05657697],[-62.27876532,10.05580473],[-62.28276396,10.05074048],[-62.28298354,10.04666257],[-62.29181492,10.03142393],[-62.29540193,10.01953125],[-62.29568505,10.01953125],[-62.29673874,10.01568425],[-62.29857635,10.00135326],[-62.29872584,10.00060534],[-62.30269432,9.98549485],[-62.30308056,9.97312725],[-62.30591345,9.96243215],[-62.30426264,9.96020305],[-62.30211437,9.95901442],[-62.30021715,9.95822251],[-62.29965866,9.95841181],[-62.29565942,9.96408534],[-62.29405677,9.96568406],[-62.28823292,9.96905136],[-62.28695595,9.97112453],[-62.28682113,9.97140086],[-62.28635716,9.97641587],[-62.29048824,9.97802615],[-62.29083288,9.97917855],[-62.28999054,9.98281002],[-62.28763545,9.98490965],[-62.28470898,9.98256135],[-62.28475475,9.98551285],[-62.28667545,9.98910332],[-62.28211617,9.98493445],[-62.27875125,9.98367596],[-62.27780855,9.98097694],[-62.2749089,9.97853005],[-62.27061391,9.97938204],[-62.24253011,10.00329983],[-62.23629665,10.00481713],[-62.23590457,10.0061419],[-62.23842001,10.00723577],[-62.23768437,10.00908637],[-62.22797894,10.01953125],[-62.2265625,10.02315843],[-62.22590745,10.02455151],[-62.22578716,10.02525473],[-62.22631454,10.02822864],[-62.2265625,10.02845967],[-62.2265625,10.02873886],[-62.23462105,10.04148495],[-62.23683941,10.04266441],[-62.23843551,10.04028523],[-62.23853242,10.04276931],[-62.24008095,10.04512274],[-62.24096775,10.0505594],[-62.24025655,10.05130994],[-62.23931992,10.05056894],[-62.23804748,10.04762495],[-62.23705924,10.04783595],[-62.23683095,10.04866135],[-62.23683238,10.04951155],[-62.23832405,10.0543462],[-62.23922884,10.05579066],[-62.24251294,10.05814266],[-62.24325144,10.05824614],[-62.24724877,10.05714655],[-62.24825394,10.05553806],[-62.24852896,10.05555618],[-62.24995804,10.05625427],[-62.25019526,10.05669403],[-62.25001323,10.05885637],[-62.25192988,10.05968785]],[[-62.30586016,9.9603281],[-62.30745316,9.96058691],[-62.30811465,9.96011865],[-62.30921686,9.95733476],[-62.30967486,9.95365918],[-62.30956078,9.95321405],[-62.30672705,9.95091295],[-62.30428576,9.95011318],[-62.30291665,9.95041955],[-62.30232763,9.95071483],[-62.29924512,9.95571387],[-62.299474,9.95631695],[-62.3001523,9.95759094],[-62.30586016,9.9603281]],[[-62.27512646,9.95184195],[-62.27936065,9.95002246],[-62.28399336,9.94562638],[-62.28577757,9.94529355],[-62.30010796,9.93516135],[-62.3003962,9.93487668],[-62.30277658,9.92883945],[-62.30670345,9.91780734],[-62.3107295,9.8764044],[-62.31344914,9.86563063],[-62.31268251,9.85142303],[-62.31379855,9.83915031],[-62.32021844,9.82938886],[-62.32372737,9.82211328],[-62.32450902,9.81839764],[-62.32406247,9.815328],[-62.32387245,9.81463945],[-62.32105935,9.80951297],[-62.31910801,9.807392],[-62.30799854,9.798792],[-62.30329883,9.79421926],[-62.30200553,9.79237473],[-62.29905701,9.78669274],[-62.29662657,9.77836216],[-62.29599071,9.76786315],[-62.29807568,9.76184726],[-62.30297744,9.75780356],[-62.30324996,9.75710952],[-62.30324244,9.75415206],[-62.30241692,9.75068486],[-62.2997961,9.75107765],[-62.29925096,9.75095773],[-62.29875398,9.75008404],[-62.29887927,9.74976134],[-62.30151105,9.74926305],[-62.30310905,9.74773514],[-62.31597996,9.73144794],[-62.32159793,9.71968734],[-62.32153273,9.71913636],[-62.32116342,9.71885204],[-62.31846488,9.71936107],[-62.30737376,9.72419035],[-62.29694843,9.73022807],[-62.29479492,9.73235893],[-62.29417956,9.73316586],[-62.29244733,9.74756086],[-62.2913537,9.75145113],[-62.28695917,9.76375926],[-62.28116262,9.79515183],[-62.27164388,9.81439424],[-62.26179123,9.82792532],[-62.25096714,9.84644425],[-62.25085151,9.84665954],[-62.24840724,9.85209751],[-62.24790335,9.85554481],[-62.2476238,9.85832346],[-62.24857211,9.87972546],[-62.25068486,9.88589954],[-62.25484836,9.89080656],[-62.26119125,9.90192533],[-62.26127493,9.90220368],[-62.26313651,9.91803885],[-62.26619315,9.92988956],[-62.26653767,9.94182563],[-62.26963115,9.94702137],[-62.27129066,9.94953501],[-62.27452242,9.95177484],[-62.27512646,9.95184195]],[[-62.25779235,9.92577434],[-62.25630414,9.92300296],[-62.25593567,9.92307401],[-62.25461686,9.92483008],[-62.25463772,9.92776835],[-62.2551136,9.92996311],[-62.25807381,9.93900096],[-62.25820673,9.93933237],[-62.25935173,9.94015431],[-62.25979698,9.94048583],[-62.26030338,9.94015133],[-62.25939405,9.93318045],[-62.25779235,9.92577434]],[[-62.28003252,9.79496241],[-62.27973652,9.79441285],[-62.27917194,9.79448867],[-62.27622664,9.79662824],[-62.26951277,9.80986595],[-62.26812661,9.81497645],[-62.26987875,9.81395435],[-62.27019525,9.81352663],[-62.27388585,9.80769682],[-62.27518976,9.80537605],[-62.27897871,9.7981199],[-62.28003252,9.79496241]],[[-62.30210471,9.72318566],[-62.30139506,9.72313535],[-62.29872394,9.72389615],[-62.29471493,9.72656095],[-62.29353642,9.72812402],[-62.29374444,9.73002243],[-62.294577,9.73055601],[-62.30118692,9.72672582],[-62.30335844,9.72484875],[-62.30356777,9.72442865],[-62.30343115,9.72355235],[-62.30210471,9.72318566]],[[-62.32546866,9.72929382],[-62.32764411,9.72969663],[-62.33321714,9.72729528],[-62.34950876,9.71077383],[-62.35749257,9.70580852],[-62.35981655,9.70121467],[-62.36085844,9.69261324],[-62.36074364,9.69260395],[-62.35719764,9.69338906],[-62.35030544,9.69996226],[-62.34579134,9.70423424],[-62.34224701,9.70594347],[-62.33106101,9.71657825],[-62.32965756,9.71802247],[-62.32796311,9.72083116],[-62.3253206,9.72892678],[-62.32546866,9.72929382]],[[-62.32227337,9.80373371],[-62.32379222,9.80393696],[-62.32429278,9.80355954],[-62.32440805,9.80315554],[-62.32225573,9.80193865],[-62.32274616,9.80196285],[-62.32325125,9.80208242],[-62.33247197,9.80492175],[-62.33930993,9.80851305],[-62.33999503,9.80819905],[-62.34024537,9.80786657],[-62.33993936,9.80648971],[-62.33512187,9.79834306],[-62.32878506,9.79194725],[-62.32683635,9.78924084],[-62.31369698,9.76825738],[-62.31056833,9.76469016],[-62.30936432,9.76410902],[-62.30839431,9.76422048],[-62.30618715,9.76710665],[-62.30400467,9.77162635],[-62.30364823,9.77419555],[-62.30384552,9.78187454],[-62.30517697,9.78557014],[-62.30783367,9.79026353],[-62.31840336,9.80012918],[-62.32154405,9.80165541],[-62.32061434,9.80208254],[-62.3205806,9.80231965],[-62.32100511,9.80298007],[-62.32227337,9.80373371]],[[-62.33021534,9.8250612],[-62.32727611,9.83327687],[-62.32720006,9.83353865],[-62.32754445,9.83985245],[-62.32744551,9.84041894],[-62.32367468,9.85576844],[-62.32011604,9.86897135],[-62.31998003,9.86934614],[-62.31527877,9.87765038],[-62.31430817,9.88037956],[-62.31318522,9.88431478],[-62.31190872,9.8930099],[-62.31211603,9.90611053],[-62.30965245,9.92629957],[-62.30965304,9.92654836],[-62.31395745,9.92934644],[-62.3173387,9.92886913],[-62.32128501,9.93167555],[-62.32291472,9.93372083],[-62.32207215,9.93739295],[-62.31925321,9.9433248],[-62.31865096,9.94653463],[-62.31889212,9.94666731],[-62.32541573,9.9442929],[-62.32705545,9.94057655],[-62.32603335,9.93738246],[-62.32882714,9.93801784],[-62.33173823,9.93458438],[-62.33304954,9.93062568],[-62.33328474,9.92677856],[-62.33204412,9.91853952],[-62.33281267,9.91597891],[-62.33741283,9.91993332],[-62.33908081,9.92339075],[-62.34488106,9.92359161],[-62.34539092,9.92372346],[-62.34718072,9.92550898],[-62.34768593,9.92570567],[-62.34917283,9.92534316],[-62.34946597,9.92487073],[-62.35033035,9.92140377],[-62.35066581,9.90811765],[-62.35145426,9.90265441],[-62.35214138,9.88362944],[-62.35198486,9.87639141],[-62.35240912,9.87393045],[-62.35599625,9.86472905],[-62.35490024,9.85394406],[-62.34662247,9.83922625],[-62.34494436,9.83439302],[-62.3413918,9.82825875],[-62.33935273,9.82615018],[-62.33698356,9.82426226],[-62.33313274,9.82232082],[-62.33276403,9.82235944],[-62.33021534,9.8250612]],[[-62.35349536,9.88343596],[-62.35386765,9.88369036],[-62.35520017,9.88258183],[-62.35626626,9.88098145],[-62.35712922,9.87755752],[-62.35728276,9.86982417],[-62.35614455,9.86786056],[-62.35370255,9.87349045],[-62.35339868,9.87550998],[-62.35349536,9.88343596]],[[-62.35531664,9.89975965],[-62.35560226,9.89986181],[-62.35651135,9.89393318],[-62.35658145,9.88827884],[-62.35561621,9.88705325],[-62.35532022,9.88716805],[-62.35337472,9.8881067],[-62.35298026,9.88920486],[-62.35298395,9.89006853],[-62.35326624,9.89729261],[-62.35338473,9.89776075],[-62.35531664,9.89975965]],[[-62.33557725,9.92396772],[-62.33521271,9.92391038],[-62.33446801,9.92424226],[-62.33386135,9.93257844],[-62.32922947,9.94092405],[-62.33116007,9.94583833],[-62.33167386,9.94594193],[-62.3374722,9.94416702],[-62.34138894,9.93931055],[-62.34149146,9.93904245],[-62.34178615,9.93568885],[-62.34138417,9.93373406],[-62.34126258,9.93347347],[-62.33867085,9.93237412],[-62.33804655,9.92953336],[-62.33652592,9.92811394],[-62.33646095,9.92472696],[-62.33557725,9.92396772]],[[-62.41616285,9.93481934],[-62.4192636,9.93616736],[-62.41894746,9.93635345],[-62.41435945,9.93630791],[-62.40939796,9.93798184],[-62.40947187,9.93555236],[-62.40794373,9.93498743],[-62.40606832,9.93590844],[-62.40495098,9.94006193],[-62.40149605,9.93896043],[-62.40181208,9.94026947],[-62.40410554,9.94102848],[-62.40365946,9.94384921],[-62.39961875,9.94401157],[-62.39982533,9.94563568],[-62.39680076,9.94730222],[-62.39491272,9.95196748],[-62.39562464,9.95320356],[-62.39387035,9.95940042],[-62.39180064,9.96287596],[-62.38977075,9.96409774],[-62.39309657,9.96732235],[-62.38939333,9.96744025],[-62.3887248,9.96764946],[-62.38580275,9.96895075],[-62.38442695,9.96969426],[-62.38411617,9.9700644],[-62.38375068,9.97232294],[-62.38038707,9.97219574],[-62.3714869,9.97663105],[-62.37135947,9.97725117],[-62.37408233,9.98454761],[-62.37433457,9.98490775],[-62.37962425,9.98726535],[-62.37925565,9.98897874],[-62.38355947,9.99382484],[-62.38423073,9.99632311],[-62.38771868,9.99654555],[-62.39035475,10.00463092],[-62.39550447,10.01160073],[-62.39881146,10.01374865],[-62.40115392,10.01347375],[-62.40359926,10.01237357],[-62.4053477,10.00924575],[-62.40541363,10.01217365],[-62.40504432,10.01273763],[-62.40657735,10.01362824],[-62.40815115,10.01953125],[-62.40846956,10.02017164],[-62.41177595,10.02323377],[-62.41032672,10.02642834],[-62.41073251,10.03115153],[-62.41312587,10.03323185],[-62.41838455,10.04431617],[-62.43298125,10.05158865],[-62.44145691,10.05159307],[-62.44196558,10.05130124],[-62.44477403,10.04783225],[-62.44491816,10.04757035],[-62.44575775,10.04510581],[-62.44563687,10.04403985],[-62.44525647,10.04320931],[-62.43783104,10.03876746],[-62.4336704,10.03326011],[-62.43056095,10.02201164],[-62.42987835,10.00237834],[-62.4264971,9.99040365],[-62.42371511,9.98339355],[-62.41613555,9.97616613],[-62.4127146,9.96881557],[-62.41271365,9.95912266],[-62.41572881,9.95151186],[-62.41259778,9.94758391],[-62.41273713,9.94722176],[-62.41510117,9.94770145],[-62.41846633,9.95075274],[-62.42062116,9.94896924],[-62.42779231,9.94735587],[-62.42912567,9.94660544],[-62.42981064,9.94519496],[-62.42992103,9.94435716],[-62.42918575,9.93975866],[-62.42806923,9.93753767],[-62.42558956,9.93533027],[-62.42014158,9.93524456],[-62.41639316,9.93447542],[-62.41616285,9.93481934]],[[-62.33684194,9.99048698],[-62.34407735,9.96982872],[-62.34397388,9.96937096],[-62.34086847,9.96882582],[-62.34002805,9.96894026],[-62.33112502,9.97137368],[-62.33008635,9.96471012],[-62.33138645,9.96186471],[-62.32823575,9.96070957],[-62.3274554,9.96072292],[-62.32131422,9.96283722],[-62.31707346,9.96648753],[-62.3131268,9.96774101],[-62.31132424,9.96938312],[-62.31108093,9.9700067],[-62.30993795,9.97835445],[-62.30993426,9.98284614],[-62.31050014,9.98594761],[-62.31168234,9.98909163],[-62.31210613,9.98954523],[-62.31308413,9.98955381],[-62.31335306,9.98939848],[-62.31500351,9.98675334],[-62.31518555,9.98637354],[-62.31799567,9.97667325],[-62.31873596,9.97603273],[-62.3184427,9.97775662],[-62.32025373,9.97656786],[-62.32055366,9.97682858],[-62.31852877,9.98057497],[-62.31873524,9.98363495],[-62.31906807,9.98432255],[-62.32172143,9.98585355],[-62.32470167,9.98958361],[-62.32811224,9.99171257],[-62.32954144,9.99179816],[-62.33203745,9.9925071],[-62.33635378,9.99088442],[-62.33684194,9.99048698]],[[-62.31682694,9.94703937],[-62.32112885,9.93803012],[-62.32143641,9.93703544],[-62.32093835,9.93528926],[-62.31954968,9.93330944],[-62.30962741,9.92876947],[-62.30922425,9.9288851],[-62.30557084,9.93374646],[-62.30524564,9.93458211],[-62.30454123,9.93873],[-62.30454183,9.93905854],[-62.30522096,9.94158804],[-62.30857146,9.94367361],[-62.31164587,9.9467504],[-62.31330276,9.94973457],[-62.31381774,9.94984007],[-62.31661463,9.94744921],[-62.31682694,9.94703937]],[[-62.32122016,9.84672368],[-62.32384741,9.83551955],[-62.32362163,9.83027947],[-62.32301915,9.83000577],[-62.32193375,9.83054376],[-62.31577015,9.83723581],[-62.31506884,9.83902085],[-62.31516075,9.84375],[-62.31502688,9.85917282],[-62.31609285,9.86322594],[-62.31686246,9.86380994],[-62.31721532,9.86381686],[-62.32058537,9.85895562],[-62.32122016,9.84672368]],[[-62.32515848,9.84161806],[-62.32542837,9.84207106],[-62.32618487,9.84124148],[-62.32640541,9.83945668],[-62.32598066,9.83774137],[-62.32575285,9.83801305],[-62.32515848,9.84161806]],[[-62.35691226,9.68108261],[-62.35966277,9.67788374],[-62.35997045,9.67774296],[-62.36066616,9.67797983],[-62.3606956,9.67834234],[-62.35971355,9.68007112],[-62.36026633,9.6804893],[-62.36061263,9.68034673],[-62.36507583,9.67630661],[-62.36533642,9.67592382],[-62.36769664,9.66796875],[-62.37384987,9.65746844],[-62.37398326,9.65699625],[-62.37423158,9.64617026],[-62.37841403,9.63199687],[-62.37843323,9.62544596],[-62.3775382,9.62417817],[-62.36938786,9.63137436],[-62.36222017,9.63968492],[-62.35217714,9.64690888],[-62.35205793,9.64717484],[-62.35166335,9.66197288],[-62.35385931,9.67045987],[-62.35392725,9.67479694],[-62.35200191,9.67779982],[-62.35201144,9.67881834],[-62.35319424,9.68265402],[-62.35349905,9.68269384],[-62.35691226,9.68108261]],[[-62.35255527,9.66859817],[-62.35151577,9.66584635],[-62.3507266,9.66796875],[-62.35026026,9.66796875],[-62.35029912,9.67143857],[-62.35195565,9.67606986],[-62.35336673,9.67394495],[-62.35334361,9.67153847],[-62.35255527,9.66859817]],[[-62.38119125,9.64858747],[-62.38145876,9.64896321],[-62.38232327,9.64834607],[-62.38622165,9.64292884],[-62.39277267,9.63945866],[-62.39442444,9.63811386],[-62.39706504,9.63541722],[-62.39792264,9.63422668],[-62.40034604,9.62820756],[-62.40488935,9.62363493],[-62.41338801,9.61959803],[-62.41368008,9.61922276],[-62.41814518,9.61035466],[-62.42889714,9.59901154],[-62.43045497,9.59685636],[-62.43504095,9.58468175],[-62.44273794,9.57547951],[-62.44177926,9.57168972],[-62.44020104,9.57016075],[-62.43596351,9.56772971],[-62.43384123,9.56768024],[-62.42094576,9.58452678],[-62.41445947,9.58940864],[-62.40980685,9.59634876],[-62.40331352,9.60303736],[-62.39327514,9.60998011],[-62.3889389,9.61479366],[-62.38573897,9.62069356],[-62.38130236,9.63352895],[-62.38156307,9.63937998],[-62.38047624,9.64218652],[-62.38045382,9.64718115],[-62.38119125,9.64858747]],[[-62.30577004,9.29572844],[-62.32056367,9.29222727],[-62.32221246,9.29230547],[-62.32250166,9.29227066],[-62.32911873,9.28222644],[-62.32695627,9.26214182],[-62.32335603,9.25812101],[-62.32014465,9.2568295],[-62.31662357,9.24535835],[-62.30950797,9.24243701],[-62.30726707,9.24073625],[-62.30601382,9.23922265],[-62.30039656,9.22875476],[-62.30039644,9.22800481],[-62.30176556,9.22251832],[-62.31002843,9.21845114],[-62.31105244,9.2169131],[-62.31025934,9.21375906],[-62.30489564,9.20510924],[-62.30289686,9.18767714],[-62.30607295,9.18169105],[-62.31917107,9.17766595],[-62.32476354,9.17063081],[-62.32496262,9.17018712],[-62.32822776,9.15531087],[-62.32745302,9.140625],[-62.32897568,9.13408506],[-62.32903516,9.13044167],[-62.32845688,9.12937021],[-62.32776904,9.12869],[-62.32551134,9.12849247],[-62.31680047,9.13017023],[-62.30972457,9.13339782],[-62.30529952,9.13769817],[-62.30149198,9.13879037],[-62.29565704,9.13789594],[-62.28649855,9.13342571],[-62.27861655,9.13176835],[-62.26591802,9.13389897],[-62.26282966,9.13372171],[-62.26252711,9.13352025],[-62.26074886,9.13167822],[-62.2605226,9.12923706],[-62.26463032,9.11842322],[-62.26370525,9.11297917],[-62.25902855,9.10883832],[-62.25020301,9.10380244],[-62.24111605,9.09590197],[-62.23576152,9.09351897],[-62.2265625,9.09207594],[-62.22202563,9.08882988],[-62.22179174,9.08445251],[-62.22680962,9.06371558],[-62.2265625,9.06082594],[-62.22585654,9.06044102],[-62.22314143,9.05988765],[-62.21713305,9.06048095],[-62.21679115,9.06061494],[-62.21171975,9.06342375],[-62.20947814,9.06592691],[-62.20552528,9.06749284],[-62.1991688,9.0666275],[-62.19514012,9.06477165],[-62.19079781,9.06560028],[-62.18794477,9.06937253],[-62.18710256,9.07410014],[-62.18925846,9.08138537],[-62.18913257,9.08786941],[-62.18440855,9.08977115],[-62.17758572,9.08953226],[-62.16991484,9.08736205],[-62.16320705,9.08777714],[-62.16140997,9.09116018],[-62.16497433,9.10002792],[-62.1651684,9.10426271],[-62.16448891,9.10555971],[-62.16388917,9.10607004],[-62.16109705,9.10680306],[-62.16046858,9.10679984],[-62.15122676,9.10418725],[-62.1476171,9.10246086],[-62.14334273,9.09928405],[-62.14121711,9.09555495],[-62.1405102,9.09294832],[-62.14103401,9.08891106],[-62.14661872,9.07738328],[-62.14690173,9.07045186],[-62.14551544,9.06780565],[-62.14495516,9.06704235],[-62.13919592,9.06144285],[-62.12401462,9.05176163],[-62.11762631,9.04850018],[-62.11330795,9.04722905],[-62.11224997,9.04743624],[-62.11095154,9.04855764],[-62.11080718,9.04902387],[-62.11087871,9.05111361],[-62.11138296,9.05396044],[-62.11442721,9.06269813],[-62.11442721,9.06598091],[-62.11317527,9.06871343],[-62.11171627,9.07085598],[-62.10243237,9.07950354],[-62.10240507,9.07977021],[-62.10678327,9.08603454],[-62.10698593,9.08647954],[-62.10767257,9.08930004],[-62.10765076,9.09358132],[-62.10250616,9.10687947],[-62.10238862,9.10742581],[-62.10280716,9.11042476],[-62.10268962,9.11125648],[-62.100106,9.12031245],[-62.09998071,9.12132311],[-62.10043824,9.12341273],[-62.10073066,9.12377095],[-62.10330367,9.12583697],[-62.11276197,9.12558746],[-62.12123084,9.12798226],[-62.12475014,9.12788045],[-62.12995994,9.12590945],[-62.13269413,9.12660766],[-62.14776111,9.13715172],[-62.15365136,9.15172386],[-62.15343344,9.15643644],[-62.15457785,9.15979695],[-62.16748333,9.16705072],[-62.1741755,9.17713416],[-62.17814875,9.17854178],[-62.18922913,9.1793102],[-62.19007635,9.18398583],[-62.18815792,9.19181836],[-62.19324374,9.20437932],[-62.20337951,9.21630394],[-62.21909142,9.22231221],[-62.22498965,9.22640693],[-62.22257912,9.23306191],[-62.2152009,9.23795736],[-62.21415615,9.2403239],[-62.21617377,9.24312341],[-62.2245388,9.24821115],[-62.23200607,9.26000845],[-62.23438704,9.26031744],[-62.24078965,9.25286353],[-62.24889696,9.2484709],[-62.25521696,9.24852705],[-62.25705373,9.25014102],[-62.25785851,9.25252855],[-62.25603294,9.25987494],[-62.24753535,9.26964104],[-62.24267817,9.27895355],[-62.24100494,9.29727137],[-62.24384665,9.30145395],[-62.24413586,9.30156302],[-62.25891995,9.30192876],[-62.26066184,9.30309904],[-62.26138365,9.30321586],[-62.26466918,9.30320025],[-62.26854444,9.30285955],[-62.26885486,9.30278516],[-62.27385306,9.30047548],[-62.27598596,9.29759276],[-62.27411377,9.28812456],[-62.27691352,9.28355646],[-62.27990031,9.28364527],[-62.29961395,9.2951436],[-62.30161691,9.29572058],[-62.30577004,9.29572844]],[[-62.06799364,9.05860937],[-62.06577301,9.05795145],[-62.05983257,9.05840695],[-62.05970573,9.05871511],[-62.06140745,9.06148565],[-62.06215978,9.06217551],[-62.06755364,9.06618488],[-62.06935096,9.06738734],[-62.07647896,9.07051587],[-62.07740593,9.07048237],[-62.08150077,9.07119274],[-62.0758363,9.06472921],[-62.06909704,9.06127524],[-62.06799364,9.05860937]],[[-62.07135868,9.01157522],[-62.07075143,9.01157308],[-62.06953227,9.01241136],[-62.06038225,9.02320266],[-62.06017303,9.02354157],[-62.05970502,9.02806842],[-62.06010854,9.02913845],[-62.06058776,9.02942181],[-62.06755066,9.02656984],[-62.06810403,9.02625465],[-62.07029176,9.02363157],[-62.07083392,9.02275133],[-62.07174504,9.01830113],[-62.07176602,9.01268685],[-62.07135868,9.01157522]],[[-62.06408274,8.91678202],[-62.06377256,8.91669297],[-62.06206501,8.91752136],[-62.06088495,8.92175496],[-62.06031716,8.92834854],[-62.06097531,8.93310475],[-62.06198525,8.93570805],[-62.06464016,8.93912804],[-62.06678867,8.94093764],[-62.06888807,8.94135237],[-62.07557726,8.94478405],[-62.07580173,8.94458544],[-62.07394242,8.93914533],[-62.07065928,8.93345451],[-62.07168806,8.93177593],[-62.06896472,8.92394304],[-62.06408274,8.91678202]],[[-62.18205345,9.87814701],[-62.18019462,9.87563395],[-62.17956555,9.87585092],[-62.17965806,9.87874246],[-62.18247056,9.88145936],[-62.18284488,9.88016236],[-62.18205345,9.87814701]],[[-62.17354345,9.85872292],[-62.17252851,9.85832214],[-62.17181766,9.85857594],[-62.17121995,9.86020911],[-62.17158961,9.86448395],[-62.17755306,9.87336457],[-62.17780674,9.87067521],[-62.17467916,9.86024737],[-62.17354345,9.85872292]],[[-62.17072451,9.75516546],[-62.16955256,9.75387132],[-62.1692301,9.75395918],[-62.16843545,9.75430214],[-62.16788471,9.7550292],[-62.16715026,9.75806093],[-62.16760552,9.77358425],[-62.16612506,9.78673005],[-62.16802073,9.79145587],[-62.17407703,9.79525244],[-62.17695761,9.78521144],[-62.17756295,9.77840137],[-62.17410171,9.761011],[-62.17244542,9.75701702],[-62.17072451,9.75516546]],[[-62.20705116,9.6401509],[-62.20253837,9.63898087],[-62.19640946,9.63903308],[-62.19586515,9.63936365],[-62.19058347,9.6425693],[-62.18973494,9.64352334],[-62.18812704,9.64642704],[-62.18675065,9.65162015],[-62.18507028,9.66406953],[-62.18512845,9.67204225],[-62.18552172,9.67238653],[-62.18694246,9.67166686],[-62.19934976,9.65821767],[-62.19977963,9.65765262],[-62.20117652,9.65408826],[-62.20127726,9.65359604],[-62.20274675,9.64635456],[-62.20387995,9.6440978],[-62.20434403,9.64335942],[-62.20705116,9.6401509]],[[-62.03829515,9.86347365],[-62.03770435,9.86344695],[-62.03737581,9.86375308],[-62.03824067,9.86509538],[-62.04420614,9.87115896],[-62.04044735,9.86498594],[-62.03829515,9.86347365]],[[-61.67179394,9.89867926],[-61.67075586,9.89600253],[-61.66629136,9.89771497],[-61.66772425,9.89579213],[-61.66799927,9.89244151],[-61.66491735,9.88732564],[-61.66143215,9.88408744],[-61.66560245,9.88527846],[-61.66647434,9.88487196],[-61.66588843,9.88354421],[-61.65632105,9.87363815],[-61.64557123,9.87028587],[-61.63955855,9.87049222],[-61.63101363,9.86750615],[-61.62746418,9.86515725],[-61.62352955,9.8653568],[-61.62926686,9.86161315],[-61.62528014,9.85825884],[-61.62838817,9.85828865],[-61.6312381,9.86024046],[-61.63705754,9.85956514],[-61.63864481,9.85890782],[-61.63730395,9.85630393],[-61.63315654,9.85243165],[-61.62665117,9.84741831],[-61.62145567,9.84375],[-61.62109375,9.84375],[-61.61539304,9.83957183],[-61.60225284,9.8302536],[-61.59939432,9.82599425],[-61.59694695,9.8249439],[-61.59710705,9.82322562],[-61.59389496,9.81820226],[-61.5848006,9.80671346],[-61.56713736,9.79284847],[-61.56447673,9.78993571],[-61.56311023,9.78831673],[-61.54552364,9.75822377],[-61.54206967,9.75296772],[-61.53422117,9.74506843],[-61.53055274,9.73913336],[-61.52491271,9.72808254],[-61.52152395,9.71875966],[-61.51271105,9.68800092],[-61.50959742,9.67244566],[-61.50930142,9.66622317],[-61.51047373,9.65780365],[-61.51168132,9.65804493],[-61.51139021,9.65997052],[-61.51226544,9.66043532],[-61.5234375,9.65011156],[-61.5253427,9.64778388],[-61.52676821,9.64551234],[-61.53121221,9.63316155],[-61.54653203,9.61107802],[-61.55273235,9.60452926],[-61.55410147,9.59994173],[-61.56067681,9.59433973],[-61.57113814,9.58775568],[-61.57834315,9.57797837],[-61.58585536,9.57048225],[-61.58955634,9.56482422],[-61.59021533,9.55547178],[-61.59229147,9.54972506],[-61.59290612,9.54888046],[-61.59841311,9.54371691],[-61.60372925,9.54145575],[-61.60967207,9.53642666],[-61.6121999,9.52765203],[-61.62164843,9.51125407],[-61.62179542,9.51064146],[-61.62289464,9.50341141],[-61.62274206,9.49159944],[-61.63173294,9.45645785],[-61.63177836,9.45386744],[-61.62623286,9.44612586],[-61.62553334,9.44192362],[-61.62932074,9.43251586],[-61.62940085,9.43190527],[-61.62862301,9.42624342],[-61.62716234,9.42392337],[-61.62571514,9.42254555],[-61.61018205,9.41018057],[-61.60696816,9.41004503],[-61.59012461,9.41761315],[-61.58665287,9.41709971],[-61.58510125,9.41561365],[-61.58496964,9.41309917],[-61.58519864,9.41236925],[-61.58683205,9.40978575],[-61.59166825,9.4051007],[-61.59766555,9.39218116],[-61.60492361,9.37960362],[-61.60813725,9.3761543],[-61.61606443,9.37364185],[-61.6299926,9.37604022],[-61.63637125,9.37493193],[-61.64049864,9.37035215],[-61.6447227,9.36051071],[-61.64417636,9.3653506],[-61.64200282,9.37040102],[-61.63962591,9.37432945],[-61.63690853,9.37607026],[-61.62900531,9.37743855],[-61.61548483,9.37507606],[-61.60897243,9.37700474],[-61.59824455,9.39439213],[-61.59326685,9.40551245],[-61.5876255,9.41094124],[-61.58601582,9.41399634],[-61.58669448,9.41571665],[-61.58886111,9.41651165],[-61.60320306,9.40994501],[-61.61048043,9.40908945],[-61.62743974,9.42252302],[-61.62918735,9.4242506],[-61.62971413,9.42531443],[-61.63102686,9.43014145],[-61.63121843,9.43029165],[-61.63249481,9.43048692],[-61.63409257,9.42911124],[-61.65363002,9.40688932],[-61.66189361,9.40237308],[-61.66950953,9.40088093],[-61.67385387,9.39861953],[-61.67581356,9.39428711],[-61.67527974,9.39075136],[-61.66531944,9.38194835],[-61.66518962,9.37918818],[-61.66960382,9.37389338],[-61.68305862,9.36547875],[-61.684623,9.36168051],[-61.68439972,9.35226011],[-61.68858135,9.34594583],[-61.68914056,9.34539425],[-61.69355845,9.34257626],[-61.69413245,9.34241271],[-61.70798647,9.34012282],[-61.72564721,9.34422135],[-61.72554946,9.34096801],[-61.72316468,9.33743298],[-61.72107828,9.32889307],[-61.72464204,9.31985927],[-61.73081183,9.31616175],[-61.74623156,9.31369197],[-61.75348401,9.30844104],[-61.75334835,9.30345094],[-61.75853622,9.29199457],[-61.75853527,9.28711021],[-61.75794137,9.28392971],[-61.75463951,9.27887762],[-61.7529819,9.27400351],[-61.75170815,9.26446235],[-61.75384414,9.26257002],[-61.7560451,9.26235676],[-61.77351987,9.26499105],[-61.77720666,9.26281702],[-61.77855992,9.25960696],[-61.77300894,9.24422073],[-61.77297902,9.23311925],[-61.77537668,9.22360945],[-61.78593445,9.2138195],[-61.79541945,9.20039046],[-61.82019865,9.17011392],[-61.82793975,9.16459465],[-61.83211482,9.16011035],[-61.84595251,9.1315484],[-61.85331321,9.12035894],[-61.85798275,9.1151638],[-61.86214042,9.1078546],[-61.86244345,9.10721254],[-61.86505318,9.09815204],[-61.86350155,9.09111857],[-61.86076558,9.08660603],[-61.85086215,9.07748663],[-61.84266555,9.07544065],[-61.83105481,9.07519555],[-61.82663751,9.07615185],[-61.82428563,9.07465816],[-61.82196844,9.07233822],[-61.81911921,9.06373346],[-61.81888425,9.05969596],[-61.82126343,9.04175174],[-61.82056952,9.03329825],[-61.82316041,9.02150822],[-61.82834506,9.00933051],[-61.82871962,9.00464058],[-61.83094156,8.99872458],[-61.83116913,8.99002337],[-61.83593571,8.98262215],[-61.83931684,8.98035002],[-61.84437168,8.97439933],[-61.85055292,8.95884085],[-61.86024833,8.94195676],[-61.86249292,8.92922342],[-61.85757494,8.92095041],[-61.85748684,8.91670382],[-61.86135304,8.90147007],[-61.86140025,8.88819432],[-61.86034977,8.88715625],[-61.86010635,8.88316357],[-61.86193836,8.87833023],[-61.86997283,8.86843073],[-61.87379885,8.85294688],[-61.87680542,8.84547985],[-61.88158321,8.84351933],[-61.88480961,8.84527695],[-61.88689697,8.84803081],[-61.88896513,8.85488534],[-61.89069927,8.85629535],[-61.89809906,8.85580838],[-61.90632725,8.85252571],[-61.91637206,8.84446764],[-61.92286491,8.83708048],[-61.93175817,8.83272874],[-61.93669641,8.81942737],[-61.94743037,8.81470263],[-61.95019901,8.80958843],[-61.95163167,8.80905747],[-61.95368445,8.80266046],[-61.95824003,8.79999566],[-61.96602082,8.8046205],[-61.97202122,8.80634797],[-61.98214078,8.81449544],[-61.98980677,8.81536841],[-61.99517834,8.81842625],[-62.00134766,8.81858015],[-62.00362384,8.82003343],[-62.00684142,8.82523501],[-62.00778353,8.83275187],[-62.01211214,8.83784473],[-62.0215553,8.83782256],[-62.04344022,8.82921147],[-62.05333412,8.81772554],[-62.05653965,8.80809307],[-62.05677176,8.79884803],[-62.0539149,8.78288412],[-62.05369484,8.77370977],[-62.05510116,8.76611531],[-62.05903888,8.75611007],[-62.07943535,8.74126244],[-62.08438337,8.73288667],[-62.09201705,8.72617853],[-62.09246957,8.72585106],[-62.09719515,8.72380185],[-62.10312271,8.72273743],[-62.10557806,8.72345602],[-62.10563016,8.72139716],[-62.10495496,8.72015226],[-62.10421967,8.71864665],[-62.09880805,8.71660781],[-62.08694541,8.70883167],[-62.0749526,8.69566953],[-62.07189333,8.69322336],[-62.06961691,8.69182432],[-62.06560767,8.68967235],[-62.05130124,8.68494415],[-62.04078126,8.67992044],[-62.03484726,8.67526042],[-62.02412486,8.66939914],[-62.02381527,8.66926396],[-62.0183202,8.66939378],[-62.00687957,8.67156816],[-61.98934185,8.67236948],[-61.98915684,8.67247903],[-61.98908556,8.67329895],[-61.99306405,8.67306054],[-61.99701393,8.67443562],[-62.00157475,8.67874968],[-62.00217772,8.68146718],[-62.00206494,8.68202603],[-61.99754977,8.68883872],[-61.98875642,8.69798446],[-61.98764324,8.69736338],[-61.98628378,8.69841397],[-61.97750711,8.6987828],[-61.9769299,8.70607674],[-61.98029745,8.71407223],[-61.98189664,8.72288561],[-61.98085594,8.72493982],[-61.97558355,8.72829604],[-61.97450554,8.72872448],[-61.97066295,8.72789252],[-61.96373832,8.72463894],[-61.96070755,8.72486305],[-61.95132232,8.72042406],[-61.94808233,8.72043121],[-61.94468641,8.72150898],[-61.94105446,8.72541177],[-61.92405212,8.7333647],[-61.91852725,8.73759091],[-61.91789401,8.73779476],[-61.90700662,8.73819435],[-61.88610303,8.73317862],[-61.88170934,8.73017597],[-61.8744961,8.72269595],[-61.87385106,8.72245693],[-61.86215472,8.72176003],[-61.84546626,8.71784794],[-61.84209955,8.71633494],[-61.83712172,8.71162403],[-61.83249617,8.70964301],[-61.82331264,8.71067846],[-61.82202482,8.70967233],[-61.82205081,8.70662332],[-61.82031167,8.70394003],[-61.81224954,8.70089185],[-61.81451297,8.70014846],[-61.82021952,8.70137763],[-61.82425642,8.70881724],[-61.83336031,8.70731735],[-61.85021746,8.71755946],[-61.85860908,8.71853781],[-61.86387563,8.72039461],[-61.86834073,8.72039366],[-61.87209463,8.71907663],[-61.87240994,8.71919644],[-61.87688112,8.72203112],[-61.88281083,8.72874868],[-61.88623083,8.73118484],[-61.88676727,8.73143673],[-61.9024651,8.73573828],[-61.90531635,8.73624027],[-61.91392303,8.73690236],[-61.91582334,8.73637855],[-61.92904484,8.72986126],[-61.94095027,8.72338426],[-61.94480026,8.71984386],[-61.94790423,8.71882331],[-61.96168995,8.72215605],[-61.97222173,8.72665453],[-61.97475302,8.72664118],[-61.97668183,8.72600114],[-61.98048294,8.72255754],[-61.97756791,8.71174073],[-61.97494745,8.70640171],[-61.97562492,8.69817984],[-61.97728014,8.69596791],[-61.98775744,8.69578266],[-62.0003283,8.68232286],[-62.00021934,8.67978966],[-61.99785507,8.67750514],[-61.99510884,8.67584336],[-61.99472034,8.67571425],[-61.98651874,8.67423367],[-61.98604107,8.67132807],[-61.98575795,8.67037392],[-61.98103118,8.66714084],[-61.98079932,8.66691351],[-61.97317648,8.65643752],[-61.97059345,8.65506876],[-61.95924616,8.64401138],[-61.94459665,8.63994777],[-61.93863273,8.63983595],[-61.93438804,8.64109671],[-61.92297721,8.63985467],[-61.92023981,8.63884234],[-61.91779006,8.63617516],[-61.89892972,8.63277352],[-61.88439846,8.62335718],[-61.87323201,8.62166536],[-61.85370612,8.61001337],[-61.84561706,8.61071312],[-61.82975018,8.61540306],[-61.79811335,8.61914063],[-61.78910136,8.61795962],[-61.77695167,8.61247396],[-61.76980782,8.61085975],[-61.74474072,8.61058247],[-61.74119318,8.61079955],[-61.72338545,8.61529791],[-61.71873975,8.61712611],[-61.71722174,8.61815035],[-61.7154268,8.61988962],[-61.71472144,8.62146676],[-61.71524978,8.62222648],[-61.71683204,8.62434864],[-61.72617435,8.63033915],[-61.73014796,8.63434124],[-61.73159373,8.63632965],[-61.73201013,8.63759887],[-61.73178923,8.63895583],[-61.73138654,8.63933325],[-61.72308636,8.64196718],[-61.72034037,8.64222205],[-61.71665633,8.64185584],[-61.71320903,8.64123416],[-61.69594324,8.6339581],[-61.68891215,8.63472807],[-61.67773163,8.64230633],[-61.66842878,8.65802646],[-61.65313411,8.67598236],[-61.64779818,8.67866266],[-61.64365625,8.67843986],[-61.64093876,8.67712605],[-61.63672698,8.67268753],[-61.61985636,8.68919766],[-61.60995567,8.70076382],[-61.59483814,8.71252728],[-61.5873332,8.72011745],[-61.56421053,8.7279247],[-61.56265426,8.72703135],[-61.56314588,8.72630966],[-61.57688725,8.72258913],[-61.58570874,8.71898735],[-61.60948503,8.69956505],[-61.62214673,8.68497074],[-61.63664746,8.67116535],[-61.63853443,8.67152655],[-61.63971186,8.67396843],[-61.6428138,8.67649603],[-61.64678395,8.67739677],[-61.65398586,8.67374611],[-61.66675127,8.65827537],[-61.67733944,8.64080703],[-61.68572605,8.63519144],[-61.6905905,8.63259137],[-61.69127667,8.63230503],[-61.69484615,8.63216472],[-61.69570816,8.63230717],[-61.70071161,8.6339581],[-61.71346736,8.64031625],[-61.71861327,8.64083505],[-61.72361887,8.64045656],[-61.72955501,8.63878667],[-61.72989202,8.6385622],[-61.73032022,8.63730454],[-61.7295444,8.63580072],[-61.72881711,8.6346693],[-61.72470486,8.63089836],[-61.71532655,8.6246314],[-61.71236372,8.61926961],[-61.71160805,8.61859763],[-61.71013343,8.61837804],[-61.69512987,8.62078154],[-61.68287814,8.61994815],[-61.67428231,8.61851037],[-61.65553427,8.61373067],[-61.64743936,8.60986638],[-61.64299357,8.60906637],[-61.62642336,8.61342072],[-61.5953865,8.61328125],[-61.58734596,8.60549831],[-61.58075273,8.60195577],[-61.57836711,8.59805822],[-61.56702662,8.59229386],[-61.55912495,8.59043121],[-61.53488457,8.58786273],[-61.50260484,8.58118045],[-61.49500966,8.58096588],[-61.47825742,8.58384132],[-61.48145771,8.57156754],[-61.46936035,8.58208168],[-61.46645284,8.58143795],[-61.46272016,8.58332634],[-61.45399678,8.59409797],[-61.44062924,8.59740245],[-61.43008256,8.60332477],[-61.4157598,8.60924721],[-61.39974415,8.61310947],[-61.38724411,8.61096382],[-61.36925232,8.60388267],[-61.34516311,8.59881866],[-61.32788861,8.59233844],[-61.3133738,8.59017134],[-61.29254591,8.58293533],[-61.26841104,8.57821214],[-61.26015234,8.57815444],[-61.25575042,8.57918382],[-61.23802924,8.58858407],[-61.23412573,8.58991456],[-61.23335731,8.59007013],[-61.22153604,8.58907938],[-61.21782923,8.59016371],[-61.21542072,8.59126806],[-61.21435225,8.59245527],[-61.20999932,8.59697616],[-61.20965862,8.59746206],[-61.20678186,8.60252225],[-61.20178306,8.61328125],[-61.1972692,8.62674725],[-61.19747806,8.64563155],[-61.19605911,8.65222335],[-61.19574726,8.65299535],[-61.19125366,8.65853322],[-61.19110405,8.65880835],[-61.19058597,8.66089797],[-61.19052684,8.67049265],[-61.19140875,8.67445683],[-61.19247365,8.67696965],[-61.19789076,8.68103278],[-61.19511342,8.66558266],[-61.19350612,8.66442466],[-61.19672155,8.66525543],[-61.19762683,8.66818881],[-61.19842803,8.68007302],[-61.19970572,8.68420017],[-61.19961143,8.68736255],[-61.1979897,8.69339097],[-61.19608331,8.69798565],[-61.18198621,8.72974205],[-61.17102373,8.74362922],[-61.15549445,8.76441491],[-61.15085864,8.77453744],[-61.14810526,8.77786446],[-61.14422405,8.7890625],[-61.14004576,8.79461694],[-61.13165092,8.80152786],[-61.13061166,8.80223155],[-61.11670804,8.80836391],[-61.11373627,8.81129587],[-61.11289942,8.81285524],[-61.11162317,8.81706166],[-61.10855985,8.83117175],[-61.10441613,8.85573173],[-61.10451794,8.87065506],[-61.10486436,8.87158978],[-61.10655975,8.87413204],[-61.10852635,8.87607002],[-61.11170351,8.87846446],[-61.11286855,8.87916505],[-61.11334884,8.87807834],[-61.11316991,8.86573505],[-61.11449444,8.86026526],[-61.11553621,8.85811615],[-61.1171478,8.85621273],[-61.11737084,8.85605526],[-61.12466776,8.85253537],[-61.12545288,8.85201907],[-61.12661111,8.85030365],[-61.13383031,8.84815073],[-61.13566506,8.84768558],[-61.1384114,8.84768391],[-61.14572406,8.85093153],[-61.14982104,8.84990704],[-61.15188253,8.84775853],[-61.15372014,8.83323502],[-61.15016162,8.82266211],[-61.15013182,8.81989396],[-61.15050316,8.81398976],[-61.15326774,8.80650246],[-61.15573215,8.80377603],[-61.15981901,8.80336523],[-61.16302156,8.80403924],[-61.16353881,8.80424142],[-61.16977644,8.80922234],[-61.17489338,8.81107533],[-61.18662036,8.81131578],[-61.19699347,8.80948937],[-61.20541644,8.80475473],[-61.20778465,8.8038007],[-61.21868765,8.80028045],[-61.21930301,8.80039501],[-61.21950412,8.80086172],[-61.21429157,8.80317247],[-61.21524751,8.80336583],[-61.20370555,8.80670798],[-61.20309246,8.80695665],[-61.19487417,8.81117106],[-61.18419385,8.81338572],[-61.17149341,8.8108412],[-61.16183436,8.80503845],[-61.15676773,8.80471742],[-61.15413761,8.80675805],[-61.15183342,8.81528294],[-61.15185595,8.82379401],[-61.15686572,8.8365097],[-61.15714145,8.84351397],[-61.15024066,8.85125411],[-61.1448189,8.85224581],[-61.13665605,8.84898031],[-61.12005925,8.85597002],[-61.11588335,8.85999036],[-61.11571336,8.86028624],[-61.11429942,8.86687124],[-61.1144098,8.87570286],[-61.11782277,8.88994205],[-61.11660504,8.89228368],[-61.11025774,8.89591956],[-61.10441685,8.90304995],[-61.10304475,8.91543972],[-61.10302174,8.91626096],[-61.10402024,8.91805196],[-61.10401845,8.92048991],[-61.10376811,8.92260921],[-61.10021353,8.93761146],[-61.10034597,8.93840015],[-61.10184574,8.93943715],[-61.10189271,8.93943536],[-61.10331535,8.93895876],[-61.11188698,8.93271065],[-61.11831427,8.9254086],[-61.12457514,8.92498434],[-61.12593305,8.92527866],[-61.12991965,8.92798376],[-61.13308823,8.92919564],[-61.13559973,8.92988157],[-61.13923967,8.92980695],[-61.13969708,8.92974687],[-61.14347494,8.92790174],[-61.14486647,8.92742264],[-61.15046823,8.92287421],[-61.15195048,8.92401314],[-61.15279806,8.92395091],[-61.16541517,8.92238021],[-61.171875,8.92103791],[-61.17767656,8.91802287],[-61.18354106,8.91459036],[-61.18538952,8.91304863],[-61.18727875,8.91063595],[-61.18869412,8.90821517],[-61.19065773,8.90326965],[-61.19188404,8.89939141],[-61.19143117,8.89309216],[-61.19155073,8.89255655],[-61.19300127,8.88835275],[-61.19421744,8.88667107],[-61.19679534,8.88369906],[-61.20285523,8.88079357],[-61.20641363,8.88058054],[-61.20901275,8.87872505],[-61.20931995,8.8782202],[-61.21047425,8.87179601],[-61.20971382,8.86676896],[-61.21295786,8.86406076],[-61.2133249,8.86389697],[-61.21847093,8.86251152],[-61.22271836,8.86195874],[-61.22387505,8.86195862],[-61.22872007,8.86275256],[-61.23129296,8.86358726],[-61.23116076,8.86440337],[-61.23099565,8.86455441],[-61.21672153,8.86414742],[-61.21198845,8.86653495],[-61.21089828,8.86852312],[-61.21160233,8.87523055],[-61.21029735,8.87951064],[-61.20869827,8.88115287],[-61.20111322,8.88303995],[-61.19495404,8.88785851],[-61.19478464,8.88809276],[-61.19280255,8.89277756],[-61.19326365,8.90055156],[-61.19185615,8.90548217],[-61.19048214,8.90856957],[-61.18887591,8.91145206],[-61.18528688,8.91487098],[-61.17668128,8.92072451],[-61.1715095,8.92365944],[-61.17100048,8.92377186],[-61.15371251,8.92497373],[-61.15070558,8.92583942],[-61.14966464,8.92621183],[-61.14879107,8.92676604],[-61.14956462,8.9272598],[-61.14929712,8.92739964],[-61.14267015,8.93061364],[-61.13839197,8.93216026],[-61.13258362,8.93131554],[-61.12691045,8.92773724],[-61.12653232,8.92763257],[-61.12081885,8.92692721],[-61.11686575,8.92859995],[-61.11632991,8.9289391],[-61.11186612,8.9346261],[-61.10501206,8.93952262],[-61.10209095,8.9464221],[-61.10160387,8.94691324],[-61.10085988,8.95191836],[-61.0996716,8.95548975],[-61.09833312,8.95777786],[-61.09104192,8.96609283],[-61.08349896,8.98256755],[-61.07817996,8.98827422],[-61.07666934,8.98947156],[-61.06898642,8.99333715],[-61.06768632,8.99524665],[-61.05252898,8.99794757],[-61.05223966,8.99819195],[-61.05162072,9.00011504],[-61.05320334,9.00305915],[-61.05164695,9.00657654],[-61.05145657,9.00687206],[-61.04465878,9.0098685],[-61.04270315,9.01236701],[-61.04266441,9.01354766],[-61.04318166,9.01422095],[-61.04352927,9.01335895],[-61.04635716,9.01311386],[-61.05149114,9.01374126],[-61.05300045,9.01425886],[-61.05663812,9.01649225],[-61.05680442,9.01742852],[-61.05636466,9.01797366],[-61.05517316,9.01808321],[-61.05256212,9.01554418],[-61.04948938,9.01484132],[-61.04858804,9.01469827],[-61.04309213,9.01538861],[-61.02901864,9.02892244],[-61.02227747,9.03765225],[-61.00482011,9.05065322],[-61.00401235,9.05557334],[-61.00689101,9.06464434],[-61.00245523,9.07354331],[-61.00322151,9.08357775],[-61.00209916,9.0883584],[-61.00031424,9.09170377],[-61.00004363,9.09106183],[-60.98839092,9.09732544],[-60.98920691,9.09941745],[-60.99319077,9.10322046],[-60.99262786,9.11064017],[-60.98855364,9.11610878],[-60.9862684,9.12378836],[-60.98296535,9.12925351],[-60.97102416,9.13366151],[-60.96063018,9.15304732],[-60.95656586,9.15865827],[-60.95047343,9.17170477],[-60.95014894,9.17223001],[-60.94869792,9.17429233],[-60.94610655,9.17317533],[-60.94603276,9.17329836],[-60.94168782,9.1826477],[-60.94419014,9.18313611],[-60.94888437,9.179986],[-60.94904828,9.17558503],[-60.95022762,9.17778897],[-60.94724512,9.18402803],[-60.94759834,9.18546546],[-60.95610392,9.18719244],[-60.98549724,9.17575085],[-60.99147201,9.17304015],[-60.99177825,9.17285371],[-61.00261974,9.1613543],[-61.01300037,9.15322995],[-61.03135777,9.14523947],[-61.03330851,9.14389074],[-61.03594124,9.140625],[-61.03633285,9.140625],[-61.03641796,9.13987768],[-61.04172015,9.13272285],[-61.06334305,9.10940552],[-61.06672192,9.10769784],[-61.07386041,9.10053301],[-61.07470977,9.09940124],[-61.07510865,9.09504676],[-61.08236635,9.08552778],[-61.08662498,9.07463646],[-61.08877385,9.07059932],[-61.09119105,9.06733656],[-61.09361577,9.06442177],[-61.10361731,9.05550015],[-61.10469925,9.05319583],[-61.10923111,9.04966116],[-61.11525238,9.04250288],[-61.11859226,9.03965962],[-61.12122154,9.03860414],[-61.12184525,9.03888536],[-61.12206674,9.03934348],[-61.12155235,9.04052424],[-61.11747217,9.04252708],[-61.10979032,9.05144501],[-61.10820854,9.05561554],[-61.09498751,9.07545996],[-61.09135473,9.08422017],[-61.08870685,9.08482087],[-61.07751751,9.09942114],[-61.04472375,9.13229084],[-61.03943884,9.140625],[-61.03961515,9.140625],[-61.03948307,9.14086425],[-61.03977561,9.14092374],[-61.04480422,9.140625],[-61.0576241,9.13305128],[-61.07005203,9.12146234],[-61.06644595,9.12739945],[-61.05697882,9.13691282],[-61.05459332,9.140625],[-61.05525184,9.1416738],[-61.06878614,9.14204943],[-61.07265317,9.14289784],[-61.07683778,9.14561725],[-61.08041525,9.14641356],[-61.08605731,9.14149201],[-61.09704316,9.13972938],[-61.0978806,9.13936198],[-61.10058177,9.13792753],[-61.10118902,9.13745725],[-61.10218513,9.13564753],[-61.10289824,9.13248384],[-61.10290146,9.13143265],[-61.10163772,9.12331116],[-61.10150695,9.12276506],[-61.09961545,9.11866903],[-61.09964645,9.11536551],[-61.10114098,9.11277163],[-61.10400534,9.10997403],[-61.10448635,9.10971618],[-61.11952841,9.10414743],[-61.11982083,9.10394847],[-61.1212548,9.10132623],[-61.12060297,9.09945047],[-61.12263513,9.09852386],[-61.13155031,9.09818482],[-61.14911616,9.09539783],[-61.16699541,9.09041321],[-61.16172695,9.09390652],[-61.12802911,9.10087395],[-61.11609244,9.10718083],[-61.10763335,9.11015522],[-61.10191965,9.1147294],[-61.10050285,9.11784565],[-61.10130525,9.12084556],[-61.10292637,9.12152851],[-61.11587095,9.10997272],[-61.11994934,9.10817826],[-61.12431443,9.10905051],[-61.13100207,9.11450255],[-61.13596141,9.11705232],[-61.14420176,9.11766565],[-61.14966846,9.11715806],[-61.15547705,9.11508357],[-61.16298115,9.10717106],[-61.18098271,9.09992695],[-61.18757725,9.09969282],[-61.19576025,9.10513258],[-61.19767213,9.10490787],[-61.19895101,9.10313904],[-61.19820905,9.09443796],[-61.1996932,9.08858311],[-61.20510745,9.08151305],[-61.21298015,9.07706165],[-61.22285998,9.07854891],[-61.23410451,9.08459103],[-61.24175978,9.09146845],[-61.24690223,9.09384167],[-61.24981058,9.09361494],[-61.25385773,9.09121644],[-61.25630331,9.08803034],[-61.26077902,9.07883346],[-61.26141906,9.07300246],[-61.263677,9.06736231],[-61.27094865,9.05960774],[-61.27168095,9.05741894],[-61.27150786,9.05503011],[-61.26903236,9.05193186],[-61.25940371,9.04991496],[-61.25798178,9.04844665],[-61.25774825,9.04478121],[-61.25916004,9.04171216],[-61.26242554,9.03854716],[-61.2655344,9.03773046],[-61.27613127,9.04226387],[-61.28159785,9.04336357],[-61.29096365,9.04330063],[-61.29751885,9.04523027],[-61.29992783,9.04250002],[-61.30053103,9.03630996],[-61.29564905,9.03169918],[-61.29298604,9.02497113],[-61.2909342,9.02280533],[-61.28372872,9.01997435],[-61.28396738,9.01298237],[-61.29287696,9.00773835],[-61.29877222,9.00622475],[-61.31219625,9.00647056],[-61.32569253,9.00911653],[-61.34873104,9.00787616],[-61.34920275,9.00767493],[-61.35251415,9.00570822],[-61.3556236,9.00157535],[-61.35660422,8.98189402],[-61.36252022,8.96732914],[-61.36958992,8.96091497],[-61.38268948,8.95385695],[-61.39102864,8.94616425],[-61.39420402,8.94619334],[-61.39775336,8.94884717],[-61.40263665,8.96023464],[-61.40578401,8.95894635],[-61.41019034,8.95482135],[-61.41871822,8.95202005],[-61.42125464,8.95885253],[-61.42425513,8.96176255],[-61.42933273,8.96408474],[-61.43395734,8.96437645],[-61.43936348,8.96061218],[-61.44691265,8.94824207],[-61.46320772,8.93446076],[-61.47726965,8.92979312],[-61.47726655,8.93127263],[-61.47700071,8.93147731],[-61.46341515,8.93641007],[-61.44939041,8.94726646],[-61.44516444,8.95223343],[-61.44025147,8.96229196],[-61.43702924,8.96484375],[-61.43326688,8.96589315],[-61.42714596,8.96484375],[-61.42360055,8.96306682],[-61.42011535,8.95968068],[-61.41748631,8.95455933],[-61.40810835,8.96118355],[-61.40320671,8.96254015],[-61.40089595,8.96203482],[-61.39646435,8.95036316],[-61.39449668,8.94784355],[-61.3914268,8.94785583],[-61.38217068,8.95640087],[-61.36917806,8.96347976],[-61.36319125,8.97048247],[-61.36025083,8.97583926],[-61.35830784,8.98314166],[-61.35821652,9.00121248],[-61.35566998,9.00567675],[-61.35227835,9.00816965],[-61.34678435,9.00988162],[-61.32931173,9.01105964],[-61.31747687,9.00932205],[-61.30844843,9.00945711],[-61.30275452,9.0079658],[-61.29530585,9.00923705],[-61.28839743,9.01341391],[-61.28716016,9.01432455],[-61.28529787,9.01594293],[-61.28486025,9.01688373],[-61.2850461,9.01958847],[-61.29084265,9.02116525],[-61.29490244,9.02363634],[-61.29518437,9.02393305],[-61.29598367,9.02982843],[-61.30188286,9.03532445],[-61.30173957,9.04141211],[-61.30061007,9.04394436],[-61.29710674,9.0464555],[-61.29069448,9.04447901],[-61.27531064,9.04399514],[-61.26783872,9.03965127],[-61.26525545,9.03904808],[-61.26238477,9.03965282],[-61.2608633,9.04119921],[-61.25916088,9.04479027],[-61.25957227,9.04877996],[-61.27110493,9.05104864],[-61.27319491,9.05373502],[-61.27334011,9.05672824],[-61.27003312,9.06352282],[-61.26527047,9.06853461],[-61.26162565,9.08087528],[-61.2581526,9.08778143],[-61.25527191,9.09176016],[-61.25049555,9.09480906],[-61.24271774,9.09412754],[-61.23897374,9.10396135],[-61.23886156,9.10509396],[-61.23920524,9.10637903],[-61.24095523,9.10862935],[-61.24457955,9.10906565],[-61.25872946,9.09954214],[-61.27364826,9.09764814],[-61.28662574,9.08642101],[-61.29290283,9.08300364],[-61.29541337,9.08356142],[-61.29621816,9.08342671],[-61.29994833,9.08136284],[-61.3065418,9.08132446],[-61.30682421,9.08178937],[-61.30548763,9.08316576],[-61.30511105,9.08335185],[-61.29968142,9.0834558],[-61.29308403,9.08636284],[-61.28976953,9.0856744],[-61.28427506,9.08975935],[-61.27986658,9.09589374],[-61.27704871,9.09760058],[-61.27594197,9.09814656],[-61.26841545,9.10028982],[-61.26105726,9.10050654],[-61.25814915,9.10142195],[-61.25765502,9.10160315],[-61.24970055,9.10764158],[-61.24722111,9.10923862],[-61.24381483,9.11051953],[-61.24235058,9.11028886],[-61.2406584,9.10956836],[-61.23986721,9.10878384],[-61.23814261,9.10652375],[-61.23801553,9.10588443],[-61.23828781,9.10357881],[-61.24154878,9.09499407],[-61.239995,9.09153044],[-61.22415304,9.08234251],[-61.21581805,9.08078635],[-61.21217966,9.08094382],[-61.20723581,9.08263135],[-61.20694995,9.08277965],[-61.20312905,9.08622813],[-61.20287752,9.08661234],[-61.20030594,9.09351993],[-61.20035553,9.10407746],[-61.19851935,9.10612416],[-61.19342375,9.10566628],[-61.18780065,9.10231924],[-61.18319476,9.10185611],[-61.17231333,9.10522628],[-61.16643262,9.1083889],[-61.15347445,9.11843777],[-61.14744914,9.11997771],[-61.13458765,9.11880314],[-61.13336492,9.11843574],[-61.12933755,9.11630285],[-61.12498462,9.11191654],[-61.12249374,9.11125255],[-61.12203586,9.11118841],[-61.11894345,9.11210847],[-61.11352575,9.11487877],[-61.10438573,9.12337732],[-61.10387492,9.12548876],[-61.10608804,9.13050413],[-61.10667896,9.1387639],[-61.10004973,9.14909053],[-61.09601331,9.15296924],[-61.09485126,9.15352643],[-61.09140372,9.15449417],[-61.08982933,9.15454483],[-61.08666074,9.15380037],[-61.0856781,9.15353501],[-61.07802737,9.14762986],[-61.07121098,9.14598095],[-61.06781566,9.1454643],[-61.06395531,9.14535642],[-61.0597651,9.14705801],[-61.05111468,9.14724815],[-61.04453981,9.1437273],[-61.03855288,9.14441574],[-61.03697085,9.14494598],[-61.03474617,9.14620304],[-61.03453398,9.14640963],[-61.03269446,9.14985776],[-61.029603,9.14983964],[-61.02649605,9.15126896],[-61.02583694,9.15262926],[-61.00966775,9.16372216],[-61.00494981,9.17071295],[-60.99810576,9.17687857],[-60.99754548,9.17962551],[-60.99945617,9.18153715],[-60.99892914,9.18260455],[-60.9910711,9.18433535],[-60.98799312,9.18773365],[-60.98069501,9.19211495],[-60.96912253,9.19653881],[-60.96010685,9.20225906],[-60.93544412,9.21422315],[-60.92617142,9.22168326],[-60.92541933,9.22552657],[-60.91246176,9.23295105],[-60.90619707,9.23530185],[-60.89380026,9.23779035],[-60.88681471,9.24059403],[-60.87468314,9.24760366],[-60.86335015,9.25778866],[-60.85043645,9.26677656],[-60.84612322,9.26860595],[-60.83653235,9.26794946],[-60.82325697,9.27067685],[-60.82008624,9.27580905],[-60.81941688,9.29523134],[-60.81650186,9.30147564],[-60.81246376,9.29443383],[-60.8111366,9.29385507],[-60.80919921,9.29486215],[-60.80895186,9.29366195],[-60.81045556,9.29196954],[-60.80944872,9.29023325],[-60.80915165,9.29034925],[-60.80520058,9.29218316],[-60.80166614,9.2956984],[-60.79816616,9.30089474],[-60.79798806,9.30111063],[-60.78904462,9.3101145],[-60.786731,9.31405354],[-60.78555191,9.31640625],[-60.78552377,9.31640625],[-60.78272545,9.32550693],[-60.78241265,9.32854354],[-60.78244257,9.33146822],[-60.78530836,9.34374201],[-60.79096651,9.35973382],[-60.79375613,9.36567545],[-60.80422938,9.38409805],[-60.8203125,9.40820312],[-60.8203125,9.40848207],[-60.85407412,9.44380415],[-60.85570717,9.44540525],[-60.86136591,9.44919085],[-60.88124466,9.46844506],[-60.89184225,9.47670436],[-60.89736044,9.48053217],[-60.90459788,9.48425186],[-60.91184688,9.48688722],[-60.91634977,9.48792565],[-60.92260134,9.48793876],[-60.93118334,9.4921875],[-60.93183553,9.49297202],[-60.93694615,9.49477565],[-60.94450355,9.49602664],[-60.95800161,9.49370825],[-60.95950651,9.49325311],[-60.96031523,9.4921875],[-60.96036482,9.48917353],[-60.95999217,9.48857081],[-60.94733751,9.47413707],[-60.94563007,9.47189414],[-60.94123495,9.4641453],[-60.94000745,9.4615581],[-60.93309534,9.44121575],[-60.93021727,9.42979944],[-60.93011975,9.42899322],[-60.92985356,9.42316401],[-60.93160665,9.41337752],[-60.93874741,9.40110755],[-60.94190121,9.39158297],[-60.94173455,9.38422668],[-60.93661881,9.36758196],[-60.93579102,9.3602705],[-60.93717587,9.34109163],[-60.94203901,9.31603682],[-60.94010985,9.30569041],[-60.94333351,9.30210376],[-60.95197892,9.30219495],[-60.95489836,9.29784131],[-60.95649004,9.28997374],[-60.95774651,9.26370835],[-60.95914054,9.25668323],[-60.96251535,9.24844336],[-60.96804035,9.24248397],[-60.97677755,9.23524725],[-60.99589896,9.22573233],[-60.99951744,9.2267642],[-61.01420736,9.22482264],[-61.0228585,9.21946323],[-61.02438414,9.21887362],[-61.04177666,9.21453524],[-61.04908872,9.20957494],[-61.05891645,9.20548296],[-61.05929303,9.2056905],[-61.05949974,9.20601177],[-61.05600715,9.20868981],[-61.04173064,9.21573281],[-61.02399933,9.21990395],[-61.01284885,9.22626364],[-60.99273968,9.22889125],[-60.97791946,9.23718822],[-60.96757555,9.24500954],[-60.96334052,9.24986041],[-60.95910335,9.26052535],[-60.95847845,9.28770554],[-60.95534194,9.30054867],[-60.95129955,9.30382216],[-60.9457128,9.30278015],[-60.94342506,9.30321574],[-60.94193566,9.30422294],[-60.94160342,9.30487073],[-60.94119215,9.30671394],[-60.94119155,9.30788875],[-60.94343841,9.31459725],[-60.94331694,9.31929624],[-60.93969858,9.33305967],[-60.93755674,9.36204326],[-60.94362593,9.3830564],[-60.94385982,9.39073956],[-60.94199944,9.39912605],[-60.93294585,9.41904342],[-60.93230247,9.42543161],[-60.94055533,9.45235622],[-60.94070745,9.45276845],[-60.94724906,9.46667302],[-60.94792247,9.46779442],[-60.95181143,9.47058475],[-60.96019733,9.47322595],[-60.9622184,9.47522104],[-60.96328986,9.48194981],[-60.96436977,9.48280811],[-60.96443713,9.48283446],[-60.97291565,9.48110211],[-60.97906983,9.47707975],[-60.98064864,9.47270966],[-60.98018265,9.46330845],[-60.98090875,9.46327114],[-60.98230267,9.47137964],[-60.97989345,9.48164105],[-60.97926497,9.48284042],[-60.977373,9.48462474],[-60.97067857,9.48719156],[-60.96616912,9.49167132],[-60.96625483,9.4921875],[-60.96597195,9.4921875],[-60.96464384,9.50280404],[-60.96489477,9.50382733],[-60.9668045,9.50646734],[-60.98223484,9.52064717],[-60.99722505,9.53013384],[-61.00822496,9.53884137],[-61.02346325,9.54344535],[-61.02654934,9.54335058],[-61.06221378,9.55751491],[-61.07057786,9.55880094],[-61.07301843,9.56095326],[-61.08088124,9.56109238],[-61.08711326,9.56375873],[-61.09502697,9.56145585],[-61.10134375,9.56145597],[-61.10413778,9.5623914],[-61.10528386,9.56505716],[-61.1113553,9.56574535],[-61.12339687,9.56989992],[-61.1329838,9.57574475],[-61.15505433,9.58404016],[-61.16339695,9.5888592],[-61.171875,9.59235477],[-61.17882562,9.59523785],[-61.18587935,9.59704125],[-61.18841255,9.59887564],[-61.19604886,9.60079241],[-61.20312798,9.60172975],[-61.20619166,9.60157585],[-61.20780981,9.60041153],[-61.21085393,9.59774947],[-61.21056294,9.59600425],[-61.20189798,9.58910024],[-61.20075393,9.58631194],[-61.20136094,9.58121586],[-61.19905758,9.57572865],[-61.20154262,9.55325997],[-61.20182538,9.54009032],[-61.18550515,9.49915051],[-61.18431973,9.4921875],[-61.18551564,9.48429263],[-61.18887496,9.47837675],[-61.20083773,9.46591914],[-61.20871675,9.45466316],[-61.2167536,9.44604695],[-61.22332084,9.43512833],[-61.22539854,9.43036151],[-61.22859192,9.41367245],[-61.23780525,9.38462615],[-61.24092412,9.37903798],[-61.26724935,9.35629475],[-61.28094268,9.34225023],[-61.28563464,9.33634365],[-61.29136133,9.32150388],[-61.29480875,9.31640625],[-61.29714048,9.31680262],[-61.29228985,9.3249166],[-61.29194367,9.32818878],[-61.28724134,9.33888614],[-61.27211428,9.35486591],[-61.24242675,9.38150012],[-61.22992384,9.41544676],[-61.2278105,9.42813647],[-61.22572577,9.43430912],[-61.22405231,9.43763924],[-61.22134101,9.44266176],[-61.21877873,9.44596004],[-61.2035377,9.46518946],[-61.19198656,9.47731185],[-61.18974555,9.48058641],[-61.18660665,9.48611832],[-61.18648446,9.48655045],[-61.18632937,9.4939332],[-61.18814421,9.50148535],[-61.20295775,9.53643215],[-61.2032696,9.55929124],[-61.20107961,9.57543254],[-61.20299256,9.5797466],[-61.20318305,9.57981801],[-61.20771575,9.58082855],[-61.21376944,9.58031487],[-61.2169559,9.58207285],[-61.22461462,9.59092152],[-61.22716975,9.59232616],[-61.23186445,9.59232616],[-61.24092674,9.58991623],[-61.24550426,9.59098923],[-61.26340115,9.60318828],[-61.27923155,9.61109936],[-61.28861284,9.61800396],[-61.29625225,9.6200186],[-61.30483985,9.6253103],[-61.30817556,9.62556767],[-61.31088781,9.62748122],[-61.31561613,9.62754226],[-61.32280386,9.63021505],[-61.32477105,9.62953615],[-61.32870817,9.63060045],[-61.33062696,9.63238764],[-61.33107245,9.63646591],[-61.33499324,9.640118],[-61.3353281,9.64388955],[-61.33269191,9.64194965],[-61.32584774,9.64288688],[-61.30837035,9.64143205],[-61.30656433,9.63967204],[-61.30744314,9.63439095],[-61.3043102,9.62918961],[-61.29803085,9.62503505],[-61.28879595,9.62087238],[-61.27979696,9.6130532],[-61.26703846,9.6066395],[-61.2437644,9.59128165],[-61.23879528,9.5912683],[-61.23002636,9.59367883],[-61.22695506,9.59318662],[-61.22071624,9.58898973],[-61.21560907,9.58205617],[-61.21356726,9.58133364],[-61.20378327,9.58277714],[-61.20324576,9.58300483],[-61.20258892,9.58657706],[-61.20396745,9.58910096],[-61.2048738,9.59034824],[-61.21137691,9.59352243],[-61.21446514,9.59635782],[-61.21703804,9.60334754],[-61.21793318,9.60536706],[-61.23723304,9.63094616],[-61.24149632,9.63515556],[-61.2493242,9.64044595],[-61.25463355,9.64581192],[-61.26956105,9.65599775],[-61.28230965,9.66681087],[-61.28387725,9.66796875],[-61.28569853,9.66836345],[-61.28610528,9.66862535],[-61.31612623,9.69314075],[-61.33756805,9.71473265],[-61.3490715,9.72419083],[-61.37360883,9.75001824],[-61.38090324,9.7535851],[-61.38493752,9.76004446],[-61.39515221,9.76732731],[-61.39828146,9.77348375],[-61.40079463,9.77296186],[-61.40146542,9.77566421],[-61.40455437,9.77872944],[-61.40768707,9.77908945],[-61.40672982,9.78170502],[-61.40897572,9.78281951],[-61.41092324,9.78776765],[-61.41504133,9.79125547],[-61.41607428,9.79490125],[-61.42442024,9.80266011],[-61.43024623,9.80469668],[-61.43179572,9.80675185],[-61.43621945,9.80766034],[-61.43189931,9.81238866],[-61.43188405,9.81274736],[-61.43483973,9.81243086],[-61.43433726,9.8142904],[-61.43451774,9.81509232],[-61.43573833,9.81645393],[-61.43650007,9.81698477],[-61.43826032,9.81763101],[-61.44142401,9.81750715],[-61.44392037,9.82087755],[-61.44806576,9.82182992],[-61.44937873,9.82471514],[-61.45659292,9.82554436],[-61.46164811,9.82401991],[-61.47088087,9.82526481],[-61.47723055,9.82793784],[-61.48161292,9.82761204],[-61.48944366,9.83220351],[-61.49761105,9.84094524],[-61.49914992,9.84096813],[-61.50145376,9.84266603],[-61.50190735,9.84375],[-61.50486243,9.84717405],[-61.50519276,9.84738922],[-61.50911558,9.84676886],[-61.50898957,9.84375],[-61.50871825,9.84375],[-61.50871825,9.84333146],[-61.49259818,9.82845044],[-61.48710728,9.82362652],[-61.48420358,9.81986284],[-61.4703989,9.81904018],[-61.46256125,9.81631386],[-61.46129882,9.81405163],[-61.45763504,9.81302845],[-61.45776725,9.81124425],[-61.45590281,9.80834317],[-61.45203722,9.80724847],[-61.45178962,9.80669594],[-61.45233405,9.80610085],[-61.45467651,9.80529118],[-61.45504045,9.80234873],[-61.45194805,9.79447424],[-61.44927394,9.79206753],[-61.45104528,9.79078031],[-61.44713068,9.78582621],[-61.44867134,9.78564405],[-61.45203841,9.78791606],[-61.45221806,9.78725505],[-61.44454324,9.77876556],[-61.42587435,9.76440823],[-61.41868734,9.75266922],[-61.4175539,9.74749231],[-61.42373848,9.75751495],[-61.42618763,9.75838244],[-61.42555165,9.75481307],[-61.42710304,9.75563323],[-61.42807961,9.76018012],[-61.42995727,9.76227486],[-61.46036732,9.7857033],[-61.46383715,9.79068947],[-61.48141301,9.80226338],[-61.49492228,9.81437755],[-61.50319886,9.81746125],[-61.50495887,9.81848538],[-61.5120002,9.82343662],[-61.5234375,9.83286834],[-61.53674126,9.84375],[-61.53703535,9.84375],[-61.54438114,9.84995592],[-61.5470376,9.85171974],[-61.56239855,9.86014736],[-61.56279516,9.86039758],[-61.57031357,9.86659086],[-61.58125556,9.87233865],[-61.582479,9.87399876],[-61.60433567,9.88162386],[-61.63690746,9.89851165],[-61.64086831,9.8997606],[-61.65249181,9.90058243],[-61.66522396,9.90039063],[-61.67179394,9.89867926]],[[-60.79484916,9.26799285],[-60.79606056,9.26506126],[-60.79026032,9.2612257],[-60.78537488,9.259709],[-60.77663565,9.25571418],[-60.77156901,9.2516216],[-60.76963377,9.2510277],[-60.76812828,9.25100934],[-60.76475155,9.25273156],[-60.76216185,9.25574422],[-60.759166,9.25728905],[-60.75871885,9.25792873],[-60.75849891,9.25899828],[-60.76101732,9.26518917],[-60.76116443,9.26547015],[-60.76607895,9.27267945],[-60.76787496,9.27474987],[-60.78112745,9.28456807],[-60.78496051,9.28468704],[-60.79035056,9.27572918],[-60.79210103,9.27068233],[-60.79484916,9.26799285]],[[-60.84720206,9.26242125],[-60.84739721,9.26280975],[-60.85061824,9.26131916],[-60.85092032,9.26112855],[-60.86448932,9.24735165],[-60.86679435,9.24535513],[-60.87062013,9.24370611],[-60.87070155,9.2434144],[-60.86978221,9.2418437],[-60.86948764,9.24162972],[-60.86399293,9.24076295],[-60.85805762,9.23758066],[-60.85714936,9.23767054],[-60.85170186,9.24250627],[-60.84943283,9.24428403],[-60.84817576,9.24952114],[-60.84720206,9.26242125]],[[-60.80718315,9.23764396],[-60.80909407,9.23657465],[-60.81101382,9.23458552],[-60.81078923,9.23313975],[-60.80984175,9.23150825],[-60.80945051,9.23123717],[-60.80503762,9.22991765],[-60.80185008,9.22993875],[-60.79856825,9.23211575],[-60.79483068,9.23285031],[-60.79267323,9.23740602],[-60.79309344,9.24035001],[-60.794649,9.24171853],[-60.79875577,9.24181223],[-60.79925024,9.24192262],[-60.80309022,9.24040425],[-60.80718315,9.23764396]],[[-60.7770859,9.23301947],[-60.78452551,9.22482896],[-60.79178035,9.22180021],[-60.7978518,9.21711683],[-60.80203903,9.21503282],[-60.80752885,9.21398377],[-60.81255317,9.21185231],[-60.8210932,9.2071768],[-60.83120632,9.20458543],[-60.83990824,9.20087457],[-60.84151065,9.19801974],[-60.84496582,9.18958175],[-60.84769535,9.17921674],[-60.85540986,9.12680328],[-60.86057925,9.11807144],[-60.86584806,9.11381853],[-60.86607015,9.11346388],[-60.86709237,9.11149156],[-60.86710501,9.11115646],[-60.86587155,9.10832214],[-60.86206984,9.10670364],[-60.86177695,9.10621595],[-60.85321295,9.10894775],[-60.85158098,9.10775256],[-60.85011804,9.1091634],[-60.84975576,9.10931873],[-60.84028435,9.11223185],[-60.83713448,9.11367774],[-60.83249843,9.11629891],[-60.82388926,9.12223697],[-60.81046283,9.13523722],[-60.80305004,9.14683867],[-60.79915547,9.1491791],[-60.79774916,9.15341365],[-60.79894865,9.15313303],[-60.79710913,9.15722716],[-60.79558575,9.16010475],[-60.79293597,9.16310418],[-60.79173315,9.16693676],[-60.78891015,9.17056513],[-60.78819203,9.17127764],[-60.78002906,9.17734695],[-60.77728105,9.17879927],[-60.76733553,9.18099976],[-60.76398826,9.1794908],[-60.75359714,9.18050277],[-60.75267637,9.17905414],[-60.74424374,9.17704666],[-60.74330318,9.17684293],[-60.73538053,9.17639518],[-60.73442841,9.17659974],[-60.73188937,9.17899561],[-60.73149288,9.18241382],[-60.74244738,9.20519745],[-60.74676836,9.21206021],[-60.74825597,9.21408725],[-60.75108254,9.21798944],[-60.76448035,9.23113275],[-60.77318275,9.23486352],[-60.77387154,9.23485637],[-60.7770859,9.23301947]],[[-60.79136086,9.16047096],[-60.79976785,9.14177585],[-60.81067705,9.12594664],[-60.81122494,9.12430727],[-60.81117821,9.12400711],[-60.80985236,9.12281585],[-60.80698836,9.11702585],[-60.79951441,9.11052334],[-60.79873753,9.11007977],[-60.79262984,9.10861218],[-60.78914773,9.10840285],[-60.78642321,9.10893714],[-60.78553498,9.10945594],[-60.79032254,9.11124885],[-60.78795373,9.11220205],[-60.78811038,9.11380184],[-60.78776026,9.11400521],[-60.77419066,9.11358261],[-60.76883495,9.12068975],[-60.75992882,9.12797475],[-60.75820816,9.1293838],[-60.75353456,9.13635194],[-60.75301993,9.13948011],[-60.75605071,9.14295006],[-60.75976562,9.14940357],[-60.76124144,9.15301847],[-60.76952815,9.17371654],[-60.76975405,9.17397678],[-60.77237511,9.17407763],[-60.77491224,9.17333686],[-60.78169167,9.17016375],[-60.78762984,9.16568828],[-60.79117894,9.16082656],[-60.79136086,9.16047096]],[[-60.74517047,9.11463475],[-60.74468911,9.11251688],[-60.74121642,9.10290766],[-60.74589455,9.08331537],[-60.73960495,9.07651234],[-60.73778617,9.07440817],[-60.73743057,9.07426095],[-60.73037624,9.07374132],[-60.71622884,9.07861602],[-60.71567714,9.07887781],[-60.70479703,9.08766162],[-60.70263386,9.09128571],[-60.70164442,9.09963477],[-60.69684815,9.10728872],[-60.69564867,9.11346734],[-60.6960988,9.10599935],[-60.69961667,9.09891367],[-60.69956005,9.09852827],[-60.69916046,9.09812701],[-60.69632268,9.09734881],[-60.69406331,9.09771073],[-60.69364274,9.09787691],[-60.68694293,9.10214305],[-60.68677211,9.1023072],[-60.68512034,9.10529125],[-60.68306875,9.11341751],[-60.68270445,9.1219753],[-60.6825968,9.12268054],[-60.68118656,9.12546086],[-60.68124998,9.12765133],[-60.68151295,9.12910736],[-60.68479741,9.13518143],[-60.69041777,9.140625],[-60.6905961,9.140625],[-60.69912982,9.15420496],[-60.70185876,9.15670204],[-60.70628345,9.15946186],[-60.70885694,9.16049862],[-60.71281791,9.16113627],[-60.71441793,9.16086554],[-60.71574116,9.16038287],[-60.72169626,9.15462625],[-60.72588873,9.15085483],[-60.72727394,9.14749134],[-60.72624505,9.14472556],[-60.72854114,9.14331365],[-60.73252261,9.13400686],[-60.7340126,9.13152325],[-60.74460375,9.11950707],[-60.74533474,9.1176064],[-60.74517047,9.11463475]],[[-60.69524026,9.0798552],[-60.70055366,9.07348454],[-60.70185363,9.06877756],[-60.70620131,9.06310892],[-60.70757794,9.05783296],[-60.70693541,9.05278957],[-60.70939231,9.05405176],[-60.71126223,9.05263805],[-60.71604347,9.04247475],[-60.72173226,9.0358541],[-60.72256017,9.03385842],[-60.72275054,9.03302681],[-60.72201347,9.03026998],[-60.71996415,9.02844107],[-60.71921122,9.02825522],[-60.71596575,9.02854466],[-60.71294665,9.02858424],[-60.70985985,9.02958941],[-60.7049247,9.03328705],[-60.70470071,9.03576446],[-60.7033267,9.03329134],[-60.70256341,9.03297114],[-60.70091093,9.03341353],[-60.69911456,9.03458965],[-60.69713485,9.03706205],[-60.69528305,9.04211545],[-60.68856287,9.04887652],[-60.68272674,9.05299282],[-60.67919147,9.0594511],[-60.67864573,9.06105864],[-60.67752063,9.0676918],[-60.67762494,9.07149816],[-60.67869055,9.07533395],[-60.68002164,9.07800806],[-60.68239272,9.08032036],[-60.68878865,9.08346212],[-60.69524026,9.0798552]],[[-60.7589643,9.05148542],[-60.75698197,9.05635834],[-60.75691462,9.05680704],[-60.75760543,9.06003535],[-60.75893581,9.06151497],[-60.75904214,9.06163335],[-60.76767707,9.0638144],[-60.77156055,9.06448305],[-60.77960563,9.06380117],[-60.78038394,9.06369162],[-60.78911924,9.06122971],[-60.78998435,9.0617665],[-60.78870547,9.06344175],[-60.78897226,9.06376612],[-60.78969812,9.06383514],[-60.79281926,9.06344485],[-60.80138111,9.06105816],[-60.80905771,9.0569396],[-60.81113505,9.05524552],[-60.81263614,9.05375373],[-60.81689787,9.04658902],[-60.82183731,9.03526711],[-60.82208061,9.03249455],[-60.83402407,9.02755964],[-60.84338284,9.02209795],[-60.84604168,9.01763928],[-60.85165155,9.01403022],[-60.85214162,9.01308477],[-60.85193765,9.01238072],[-60.84010231,9.00042725],[-60.82902181,8.99464512],[-60.82400036,8.98988211],[-60.8203125,8.98856032],[-60.8203125,8.98828125],[-60.81540823,8.98896265],[-60.81507933,8.98922837],[-60.81156731,8.99333501],[-60.81208622,8.99751914],[-60.80716383,8.99907005],[-60.80598152,9.00242054],[-60.8026371,9.00425518],[-60.80216467,9.00627923],[-60.79728305,9.00784194],[-60.79168916,9.01255631],[-60.79181421,9.01375282],[-60.77771175,9.02831554],[-60.77641273,9.03074765],[-60.77803564,9.03361833],[-60.77531421,9.04007554],[-60.77167761,9.04360998],[-60.76349318,9.04713118],[-60.7589643,9.05148542]],[[-60.71687484,9.00414062],[-60.71647251,9.00394774],[-60.71575046,9.00394917],[-60.70874643,9.00764644],[-60.70741665,9.0107491],[-60.71095681,9.02114367],[-60.71396697,9.02406776],[-60.71430325,9.02429593],[-60.71859145,9.02165902],[-60.72203541,9.01822555],[-60.72219515,9.01618874],[-60.72622192,9.01287031],[-60.71872187,9.00798702],[-60.71687484,9.00414062]],[[-60.79626048,8.99072897],[-60.80091774,8.9879868],[-60.80190897,8.98611474],[-60.80238497,8.97913182],[-60.80193984,8.97810245],[-60.80117464,8.97817731],[-60.79605067,8.98166955],[-60.79268575,8.98594296],[-60.79436254,8.98977184],[-60.79626048,8.99072897]],[[-60.79245317,8.98193586],[-60.80136621,8.97425234],[-60.80254066,8.97117293],[-60.80817008,8.96484375],[-60.80845261,8.96484375],[-60.80982733,8.96326196],[-60.81299615,8.95805097],[-60.81633174,8.95571995],[-60.81914604,8.95035195],[-60.8203125,8.94698656],[-60.822824,8.93726146],[-60.82060575,8.92382741],[-60.8203125,8.92299104],[-60.81309175,8.92363894],[-60.80229235,8.91999996],[-60.79937637,8.9220829],[-60.79724574,8.91945481],[-60.79666364,8.9194355],[-60.79355752,8.91999352],[-60.79059613,8.92229056],[-60.78423583,8.92291343],[-60.78228867,8.92405105],[-60.77745712,8.92390037],[-60.77720022,8.92389452],[-60.77300644,8.92564845],[-60.76770318,8.92913401],[-60.76618171,8.93507016],[-60.76648116,8.93534124],[-60.77014065,8.93597114],[-60.77260566,8.93807304],[-60.77419603,8.93785095],[-60.77691352,8.9394561],[-60.77812076,8.94417381],[-60.78072035,8.94471705],[-60.78186095,8.94323516],[-60.78399885,8.93267155],[-60.78449392,8.93212867],[-60.78802812,8.92912877],[-60.79031062,8.92881024],[-60.78513885,8.93288291],[-60.78513527,8.93289006],[-60.7777276,8.96136224],[-60.77751911,8.96175504],[-60.77541411,8.96484375],[-60.77513182,8.96484375],[-60.77456284,8.96574795],[-60.77066302,8.96864855],[-60.77261674,8.97281384],[-60.77703404,8.9785161],[-60.77740932,8.97888863],[-60.78068745,8.98033047],[-60.78150904,8.98241484],[-60.78491151,8.98305416],[-60.78330207,8.98532331],[-60.78370488,8.98614764],[-60.78636396,8.98703706],[-60.78750861,8.98709846],[-60.78935146,8.98630834],[-60.79245317,8.98193586]],[[-60.66912901,8.94661212],[-60.66882765,8.94468331],[-60.67032015,8.94321406],[-60.68360591,8.94037342],[-60.68464875,8.93997932],[-60.68760085,8.93725932],[-60.68783593,8.93430698],[-60.68752432,8.93351352],[-60.68318582,8.92692995],[-60.68067086,8.92613244],[-60.67867637,8.92692721],[-60.66695785,8.93633533],[-60.6645931,8.93976617],[-60.66452324,8.94013727],[-60.66523445,8.94223416],[-60.66575742,8.94666386],[-60.66631043,8.94744158],[-60.66677535,8.94762945],[-60.66912901,8.94661212]],[[-60.68797183,8.94080126],[-60.69255185,8.94191277],[-60.70095098,8.93878615],[-60.70101893,8.93848348],[-60.69923055,8.93481171],[-60.69353986,8.93456686],[-60.69235897,8.93518257],[-60.68848002,8.9384886],[-60.68787813,8.94029892],[-60.68797183,8.94080126]],[[-60.83510625,8.91719246],[-60.83044922,8.92111754],[-60.82799351,8.92178512],[-60.82530642,8.92420733],[-60.82397151,8.92637837],[-60.82479942,8.93147385],[-60.82446587,8.93962288],[-60.82405245,8.94158685],[-60.8203125,8.95256686],[-60.81719387,8.95884585],[-60.81297064,8.96484375],[-60.81268823,8.96484375],[-60.81008422,8.9690907],[-60.80785787,8.97757757],[-60.80966878,8.97867894],[-60.81069016,8.97785711],[-60.81193054,8.98181915],[-60.8203125,8.97879457],[-60.8203125,8.97851563],[-60.82678461,8.97246635],[-60.82827997,8.97043598],[-60.83160758,8.96484375],[-60.83503854,8.95589626],[-60.84154975,8.94738924],[-60.84599614,8.94512665],[-60.8481065,8.94246233],[-60.85823905,8.94065082],[-60.86010122,8.94007015],[-60.86451101,8.93740678],[-60.86562502,8.93631876],[-60.86797738,8.93318272],[-60.87028933,8.92563581],[-60.8765856,8.92102635],[-60.88266957,8.91471672],[-60.88661945,8.90975797],[-60.89263356,8.89839351],[-60.89503324,8.89853442],[-60.89867496,8.89511645],[-60.90682042,8.89106691],[-60.91736305,8.88063204],[-60.9268285,8.87511003],[-60.93514204,8.87171864],[-60.9415946,8.8706423],[-60.95144951,8.86603665],[-60.95545685,8.86233377],[-60.96035922,8.86265111],[-60.96162653,8.86239183],[-60.96328735,8.86157787],[-60.9639647,8.85912573],[-60.96376824,8.85817373],[-60.96021152,8.85537326],[-60.95607603,8.84720588],[-60.95452631,8.84543896],[-60.95143497,8.84368694],[-60.95067203,8.84354246],[-60.93905807,8.84277952],[-60.91884303,8.84427965],[-60.90299141,8.83957088],[-60.89401054,8.84209788],[-60.89164746,8.84380066],[-60.89253342,8.8450762],[-60.89177895,8.84816074],[-60.88518572,8.84850025],[-60.87684941,8.85259891],[-60.86870682,8.86093438],[-60.86900222,8.86603653],[-60.85294843,8.87568855],[-60.84703863,8.87698257],[-60.83460271,8.87352824],[-60.83264112,8.87360573],[-60.83226311,8.87386584],[-60.83084071,8.87693095],[-60.83266687,8.87979925],[-60.83085394,8.88710797],[-60.83231545,8.88808227],[-60.83470178,8.88741243],[-60.83921528,8.88999784],[-60.84284592,8.89366937],[-60.84600544,8.8937633],[-60.84598827,8.89579976],[-60.84918594,8.89803696],[-60.84916484,8.90302145],[-60.84647024,8.90462577],[-60.8453027,8.90667081],[-60.84841847,8.91592717],[-60.84765232,8.9165163],[-60.84453106,8.91520631],[-60.83590496,8.91692102],[-60.83510625,8.91719246]],[[-60.84711134,8.91442335],[-60.84341848,8.91252446],[-60.84277058,8.9127326],[-60.8428874,8.91336822],[-60.84471822,8.91491938],[-60.84711134,8.91442335]],[[-60.79902744,8.91258883],[-60.79871512,8.91239941],[-60.79570735,8.91246223],[-60.79526031,8.91340482],[-60.79558527,8.91369796],[-60.79867935,8.91409397],[-60.79943538,8.91364706],[-60.79902744,8.91258883]],[[-60.8203125,8.88922977],[-60.82698822,8.88217735],[-60.82902098,8.87906313],[-60.82892644,8.8783977],[-60.82853794,8.87793911],[-60.82616484,8.87849045],[-60.8203125,8.88337052],[-60.8203125,8.88364947],[-60.81978142,8.88383234],[-60.81356776,8.88969874],[-60.81314206,8.89109302],[-60.81331933,8.89136744],[-60.81618166,8.89142907],[-60.81685865,8.89123964],[-60.8203125,8.88922977]],[[-60.74659276,8.88781095],[-60.75865233,8.88007498],[-60.76230848,8.88022506],[-60.76427841,8.88260555],[-60.76634204,8.88183796],[-60.76910996,8.87781775],[-60.77312887,8.87504995],[-60.77501535,8.87498832],[-60.77901304,8.86886275],[-60.78062606,8.87100935],[-60.79476595,8.86960411],[-60.79523826,8.87151694],[-60.79621303,8.87161088],[-60.79775584,8.86991394],[-60.80126536,8.86864984],[-60.80351198,8.86972702],[-60.80762804,8.86780071],[-60.81367743,8.86693537],[-60.81901264,8.85926187],[-60.8203125,8.85574782],[-60.82045901,8.85530913],[-60.82066083,8.84899294],[-60.82228911,8.84054124],[-60.82204485,8.83133447],[-60.82146215,8.83037305],[-60.81790352,8.82987583],[-60.81010234,8.82436347],[-60.806831,8.81977367],[-60.80403745,8.81744575],[-60.80345154,8.81728745],[-60.79528403,8.81674671],[-60.79409242,8.81682003],[-60.792207,8.81743526],[-60.79031396,8.81925595],[-60.78922057,8.82296026],[-60.78535211,8.82866025],[-60.78520691,8.82927561],[-60.78520107,8.83192074],[-60.78713107,8.8358072],[-60.7831912,8.84535491],[-60.78412032,8.84880221],[-60.78411067,8.84961963],[-60.78333735,8.85163414],[-60.78280735,8.85213888],[-60.78013575,8.85458136],[-60.77387261,8.85736311],[-60.76682603,8.85715187],[-60.76310432,8.86187315],[-60.75583518,8.8658303],[-60.75064647,8.87163568],[-60.74496222,8.87366867],[-60.74290955,8.87575996],[-60.73986936,8.87707317],[-60.73461282,8.87893558],[-60.73290706,8.88051295],[-60.73230505,8.88091326],[-60.73265433,8.88484335],[-60.73156953,8.88753045],[-60.73366904,8.88943446],[-60.74072278,8.89040411],[-60.74116182,8.89041162],[-60.74425936,8.88964474],[-60.74470675,8.88940251],[-60.74659276,8.88781095]],[[-60.71691835,8.85906673],[-60.72120476,8.85695052],[-60.72104311,8.85511076],[-60.72577345,8.85207725],[-60.72383738,8.84823763],[-60.71522665,8.84492743],[-60.71486175,8.84505868],[-60.71254444,8.84637475],[-60.70969403,8.85133088],[-60.71319926,8.85792756],[-60.71621072,8.85888827],[-60.71691835,8.85906673]],[[-60.72717416,8.85092998],[-60.7292484,8.8517704],[-60.7303946,8.85073733],[-60.73049605,8.85072744],[-60.73306358,8.85272074],[-60.7374047,8.85438001],[-60.74369013,8.85236955],[-60.76167345,8.84147906],[-60.77249277,8.82916307],[-60.78312874,8.81914544],[-60.78667784,8.81392121],[-60.78996837,8.79928625],[-60.78974783,8.79893422],[-60.78294241,8.79898417],[-60.78218782,8.79904616],[-60.77655184,8.80036986],[-60.77448571,8.80287612],[-60.77311206,8.80758274],[-60.77047241,8.81095648],[-60.76707113,8.81392252],[-60.76259696,8.81626022],[-60.75777316,8.81804252],[-60.75538433,8.81860661],[-60.74735534,8.81954086],[-60.73971844,8.82444262],[-60.72615194,8.82955396],[-60.72326052,8.83090746],[-60.71707976,8.83436024],[-60.71547675,8.83736014],[-60.71957552,8.84042871],[-60.71904635,8.84195375],[-60.72489345,8.84892964],[-60.72679782,8.85074401],[-60.72717416,8.85092998]],[[-60.61483598,8.83509505],[-60.61444676,8.83473992],[-60.61326075,8.83488035],[-60.61133838,8.83512795],[-60.60915315,8.83716273],[-60.60745168,8.83990347],[-60.60617495,8.84283614],[-60.60604477,8.84326363],[-60.60628986,8.8444277],[-60.60652626,8.84456813],[-60.6162039,8.83779502],[-60.61483598,8.83509505]],[[-60.77356076,8.80015576],[-60.79535961,8.79314232],[-60.79571986,8.79288351],[-60.81539106,8.77523065],[-60.8203125,8.77315843],[-60.82408488,8.77005124],[-60.8254261,8.76171017],[-60.83688533,8.74583483],[-60.84280276,8.7396878],[-60.86320424,8.72559178],[-60.86599493,8.71750236],[-60.8631134,8.71850312],[-60.85405695,8.72637856],[-60.84641397,8.73183441],[-60.84315574,8.7334702],[-60.84129035,8.73400915],[-60.83512604,8.73382425],[-60.82784212,8.7300142],[-60.82474697,8.72994006],[-60.81854248,8.73249233],[-60.81096184,8.73361266],[-60.79767084,8.73723221],[-60.79532492,8.73822415],[-60.79364014,8.7391566],[-60.79226661,8.74097598],[-60.79220045,8.74104238],[-60.78399944,8.74498737],[-60.78372705,8.74533725],[-60.78372395,8.74873185],[-60.78329313,8.74978495],[-60.77936685,8.75768375],[-60.77933264,8.75782967],[-60.77700114,8.7616893],[-60.77451098,8.76276267],[-60.76940668,8.76218367],[-60.76894176,8.76244533],[-60.76693118,8.76585042],[-60.76547492,8.76689255],[-60.76462305,8.76761365],[-60.76329851,8.76960802],[-60.7558825,8.77569294],[-60.75367725,8.77998626],[-60.75018823,8.78153634],[-60.74858224,8.78200543],[-60.7431885,8.78225768],[-60.74275947,8.78222775],[-60.73597336,8.78072274],[-60.71889281,8.78147745],[-60.71131766,8.7799921],[-60.7060374,8.78202784],[-60.70491505,8.78105831],[-60.69916904,8.78100216],[-60.68524384,8.78408802],[-60.68448496,8.78441846],[-60.68378747,8.78643036],[-60.6854434,8.7890625],[-60.68533504,8.7890625],[-60.68469942,8.79137003],[-60.68640268,8.79350555],[-60.69004846,8.79459083],[-60.69248736,8.7968024],[-60.69367862,8.79700673],[-60.69553614,8.79657555],[-60.69740546,8.79414272],[-60.6960386,8.79865098],[-60.69296563,8.80289698],[-60.69994056,8.81070161],[-60.70259452,8.81553686],[-60.70471275,8.81621993],[-60.70458996,8.81786144],[-60.70738542,8.8218013],[-60.70980155,8.82322085],[-60.71323967,8.82730424],[-60.71368504,8.82762575],[-60.71763515,8.8281188],[-60.72157431,8.82622063],[-60.73320723,8.82276893],[-60.74184954,8.81925511],[-60.74250436,8.81897998],[-60.74738896,8.81574881],[-60.75988424,8.81384361],[-60.76030183,8.81369877],[-60.76934385,8.81005406],[-60.77015305,8.80941415],[-60.77106321,8.80813515],[-60.77139628,8.80337524],[-60.77152967,8.8029145],[-60.7732594,8.80034673],[-60.77356076,8.80015576]],[[-60.63963997,8.79974616],[-60.64312565,8.79401696],[-60.64834332,8.7890625],[-60.64848125,8.7890625],[-60.64825475,8.77851784],[-60.64935601,8.77721047],[-60.64663374,8.77402067],[-60.64439487,8.77516806],[-60.64124846,8.77378857],[-60.63739264,8.77458346],[-60.63611758,8.77589285],[-60.63098776,8.7890625],[-60.63083577,8.7890625],[-60.63044381,8.79035854],[-60.63011265,8.79835701],[-60.63518095,8.80737495],[-60.63932824,8.8096348],[-60.64178085,8.80648196],[-60.63951421,8.80272722],[-60.63963997,8.79974616]],[[-60.6774193,8.75177407],[-60.66017962,8.77526736],[-60.66009545,8.77901006],[-60.66161597,8.78253746],[-60.66837525,8.78149426],[-60.67911351,8.77229547],[-60.68354034,8.76723075],[-60.68517041,8.76019442],[-60.69402552,8.75067747],[-60.69811106,8.74808514],[-60.71886492,8.73939848],[-60.73354542,8.73630083],[-60.74408627,8.73079717],[-60.74793804,8.73039675],[-60.75156903,8.72846305],[-60.75461936,8.72802043],[-60.75526464,8.73030531],[-60.76062596,8.73154616],[-60.76448405,8.72739196],[-60.77394247,8.72086465],[-60.77381074,8.71832037],[-60.77652633,8.71488905],[-60.77734184,8.71297657],[-60.77728164,8.71086061],[-60.77619064,8.71043205],[-60.769032,8.71230304],[-60.76317406,8.71227062],[-60.75811422,8.70893717],[-60.75230694,8.70690536],[-60.75183237,8.70683372],[-60.74529803,8.70733714],[-60.7431339,8.70884526],[-60.73724532,8.70662117],[-60.72945321,8.70510757],[-60.72613394,8.70486891],[-60.71684873,8.70625544],[-60.71575046,8.70672286],[-60.70619655,8.70634007],[-60.69514406,8.70853758],[-60.69481194,8.70880473],[-60.69447196,8.71989691],[-60.69007075,8.72194123],[-60.6878463,8.7303375],[-60.68224478,8.73976171],[-60.6774193,8.75177407]],[[-60.73463023,8.70064342],[-60.76091814,8.70721805],[-60.76120293,8.707322],[-60.77149224,8.70529962],[-60.78116536,8.70204484],[-60.783342,8.70041025],[-60.78600383,8.69552696],[-60.79041135,8.6821022],[-60.7930752,8.67649436],[-60.79721785,8.66898584],[-60.80391347,8.66077971],[-60.80496514,8.65964365],[-60.80856347,8.65665495],[-60.80885816,8.65647101],[-60.81193554,8.65540028],[-60.81498814,8.65155804],[-60.81427872,8.64044595],[-60.80492532,8.63508737],[-60.78972995,8.63009024],[-60.78937697,8.63008761],[-60.77827728,8.63201773],[-60.7767632,8.63372636],[-60.77650285,8.63386107],[-60.77361751,8.63451517],[-60.76401174,8.63752627],[-60.76308477,8.63862252],[-60.7615931,8.63885403],[-60.75870776,8.63911414],[-60.74820673,8.63788485],[-60.73610651,8.63946497],[-60.72957373,8.63814163],[-60.71610832,8.63796735],[-60.69481802,8.64143515],[-60.68271577,8.64050376],[-60.67284727,8.64347982],[-60.67221463,8.6438781],[-60.67193437,8.64437306],[-60.67190003,8.65778446],[-60.66735566,8.66912115],[-60.66462457,8.68011284],[-60.66893888,8.67993045],[-60.67040455,8.68272662],[-60.67318678,8.684587],[-60.67617035,8.68925941],[-60.68004274,8.69192672],[-60.68123555,8.69427311],[-60.68161225,8.69457436],[-60.68921745,8.69764924],[-60.69084394,8.697878],[-60.69303441,8.69706965],[-60.69439256,8.69582045],[-60.69474363,8.69281721],[-60.69660556,8.69472015],[-60.70142126,8.69313276],[-60.70374513,8.69074213],[-60.70424736,8.69330955],[-60.70529664,8.69358206],[-60.70941782,8.69230783],[-60.72025144,8.69277382],[-60.73659205,8.68985212],[-60.73556674,8.69176233],[-60.73233473,8.69277024],[-60.71006787,8.69468296],[-60.70776641,8.69584918],[-60.70764256,8.69839466],[-60.71080208,8.70110667],[-60.73463023,8.70064342]],[[-60.64288533,8.68385422],[-60.66076231,8.67748105],[-60.669613,8.65518618],[-60.66933095,8.65053081],[-60.66509163,8.64278054],[-60.66408825,8.64150298],[-60.66023481,8.63971496],[-60.65700185,8.63902295],[-60.65087962,8.63808417],[-60.64943123,8.63910866],[-60.64804375,8.63767421],[-60.64402676,8.63631535],[-60.64346576,8.63624108],[-60.63787186,8.63723981],[-60.63529325,8.63501465],[-60.62867093,8.63301754],[-60.6283313,8.63296485],[-60.61287105,8.6372416],[-60.60712445,8.64029241],[-60.60078704,8.63804913],[-60.60013914,8.63796687],[-60.59628844,8.63870227],[-60.59256244,8.64029014],[-60.58744132,8.64372325],[-60.58493435,8.64594054],[-60.58328605,8.64756334],[-60.58113158,8.65176523],[-60.57901192,8.65356088],[-60.57418191,8.66357923],[-60.57503855,8.66645265],[-60.57539165,8.66684055],[-60.58118784,8.66768956],[-60.58427906,8.67092693],[-60.58906984,8.67305255],[-60.59413242,8.67404175],[-60.59829462,8.67321575],[-60.60004878,8.67214775],[-60.60033774,8.67171752],[-60.60032702,8.66849875],[-60.60177171,8.66818202],[-60.60402155,8.67364383],[-60.60350525,8.67639744],[-60.60811031,8.67557871],[-60.61298561,8.67288911],[-60.61449754,8.67449522],[-60.61613417,8.67158401],[-60.61821842,8.67458308],[-60.62186944,8.67538857],[-60.62290776,8.67697394],[-60.62802124,8.67867875],[-60.63031805,8.68103552],[-60.63253331,8.68224621],[-60.63531721,8.68342447],[-60.63876081,8.68284011],[-60.63900125,8.68317628],[-60.64288533,8.68385422]],[[-60.74174452,8.63297605],[-60.74221766,8.63315463],[-60.74411738,8.63234425],[-60.74433506,8.63189125],[-60.74310064,8.63090765],[-60.74250484,8.63103104],[-60.74191594,8.63131773],[-60.74136317,8.63240957],[-60.74174452,8.63297605]],[[-60.73939955,8.63095105],[-60.74117625,8.62875426],[-60.74120295,8.62826145],[-60.73915017,8.62730527],[-60.73867691,8.62730777],[-60.73676896,8.62781394],[-60.7365154,8.62806475],[-60.73593593,8.62945676],[-60.73939955,8.63095105]],[[-60.73201573,8.6284734],[-60.74208736,8.62492597],[-60.74381244,8.62338006],[-60.74380946,8.62303007],[-60.74030757,8.62190115],[-60.73979855,8.62261891],[-60.73914576,8.62341476],[-60.73373997,8.62571788],[-60.73222625,8.62790787],[-60.73201573,8.6284734]],[[-60.81553686,8.61838281],[-60.79306424,8.62401605],[-60.78193831,8.62242711],[-60.77897501,8.62350702],[-60.77674603,8.62311876],[-60.77464676,8.62369955],[-60.77480304,8.62529504],[-60.77191961,8.62680972],[-60.77376091,8.62963283],[-60.77846575,8.62823105],[-60.78019512,8.62899077],[-60.78153956,8.62707424],[-60.79334188,8.62909925],[-60.80446875,8.63331795],[-60.81458604,8.63917375],[-60.8164891,8.6385771],[-60.8203125,8.63448656],[-60.82240486,8.62677658],[-60.82250655,8.62620652],[-60.8203125,8.62193084],[-60.81553686,8.61838281]],[[-60.96892416,8.62413192],[-60.97337055,8.62640238],[-60.99725831,8.62545908],[-61.00461495,8.62914753],[-61.00504053,8.62927675],[-61.00911915,8.62967014],[-61.01128876,8.62941134],[-61.01654983,8.62831855],[-61.02271891,8.62495065],[-61.02346826,8.62430882],[-61.02351367,8.62151742],[-61.01927495,8.61776817],[-61.01487935,8.61690128],[-61.00382376,8.61096191],[-60.99485743,8.61014485],[-60.99452305,8.60999894],[-60.98844934,8.60644925],[-60.98684835,8.60434425],[-60.98644423,8.60417616],[-60.98556125,8.60464156],[-60.9815135,8.60561085],[-60.98233414,8.60612845],[-60.97516024,8.61690426],[-60.96804535,8.62198186],[-60.96790492,8.62238336],[-60.96858037,8.62374067],[-60.96892416,8.62413192]],[[-60.92400372,8.61350441],[-60.92442691,8.61328125],[-60.92456794,8.61300206],[-60.9273895,8.61300206],[-60.92753065,8.61328125],[-60.92843735,8.61345565],[-60.92978776,8.61328125],[-60.93035197,8.61328125],[-60.93091643,8.61328125],[-60.93164706,8.61225903],[-60.92902374,8.60941207],[-60.92191422,8.60743678],[-60.92068517,8.60918427],[-60.91871703,8.60975993],[-60.92400372,8.61350441]],[[-60.95734656,8.60491264],[-60.95613372,8.60962236],[-60.95845532,8.60891712],[-60.95892096,8.60852206],[-60.96051264,8.60674655],[-60.96183956,8.60342038],[-60.96070015,8.603163],[-60.95734656,8.60491264]],[[-60.9502995,8.60316741],[-60.95738876,8.60257673],[-60.96517003,8.59985876],[-60.974316,8.58972633],[-60.9757055,8.58704567],[-60.97503436,8.58492947],[-60.97009182,8.58660674],[-60.96045518,8.58697033],[-60.94041514,8.58511186],[-60.93614233,8.58927035],[-60.93582141,8.58805871],[-60.93749416,8.58577013],[-60.93520093,8.58511257],[-60.93353057,8.59090745],[-60.9307065,8.59364212],[-60.93038535,8.59596801],[-60.93527114,8.59624958],[-60.93629384,8.59712565],[-60.93596411,8.5988847],[-60.92865264,8.60135436],[-60.93325055,8.60338128],[-60.94647515,8.60377955],[-60.9502995,8.60316741]],[[-60.92808187,8.58889306],[-60.92768717,8.58863342],[-60.91553915,8.59263384],[-60.91371822,8.59429574],[-60.91373622,8.59459186],[-60.9152323,8.59536564],[-60.91943157,8.59447718],[-60.92383134,8.59545326],[-60.92423046,8.59527242],[-60.92741954,8.59211028],[-60.92830348,8.58988035],[-60.92808187,8.58889306]],[[-60.95817614,8.58532083],[-60.95898676,8.58568764],[-60.96248353,8.58463287],[-60.96311915,8.58407283],[-60.96300101,8.58358002],[-60.95782971,8.5797168],[-60.95622814,8.57649887],[-60.9536314,8.57582605],[-60.95257318,8.57580316],[-60.94833493,8.57715487],[-60.94393396,8.58166492],[-60.94639981,8.583076],[-60.95553434,8.58491576],[-60.95817614,8.58532083]],[[-60.99707615,8.57868612],[-60.99345255,8.58994246],[-60.98878777,8.59646118],[-60.98801255,8.600389],[-60.98816335,8.60066283],[-60.99734211,8.60404205],[-61.00190008,8.60466146],[-61.01189435,8.61328125],[-61.03062367,8.62058926],[-61.03132856,8.62075281],[-61.03627813,8.62105536],[-61.04357946,8.61792946],[-61.05505657,8.61558652],[-61.06480205,8.61879241],[-61.06954455,8.62175643],[-61.07002175,8.62186372],[-61.08318245,8.62298083],[-61.09174871,8.62229311],[-61.09340775,8.62187326],[-61.09679258,8.61983955],[-61.10105455,8.61328125],[-61.11289156,8.60218763],[-61.11649632,8.59610176],[-61.11879182,8.59417701],[-61.13013256,8.57367361],[-61.13041377,8.57338977],[-61.14423621,8.56363702],[-61.15881765,8.55757153],[-61.15956235,8.55654466],[-61.15966296,8.55592966],[-61.15859866,8.55280852],[-61.15588784,8.54949832],[-61.15074575,8.55070305],[-61.14761996,8.54312336],[-61.14190352,8.54263651],[-61.13669884,8.53885257],[-61.13418257,8.53967464],[-61.12304473,8.55010951],[-61.11906946,8.54980671],[-61.11396551,8.54577422],[-61.1114645,8.53948176],[-61.10837543,8.53660345],[-61.10404146,8.5295372],[-61.10092056,8.53062904],[-61.09828377,8.53010154],[-61.09498537,8.52608824],[-61.09263182,8.52676785],[-61.0786134,8.54181063],[-61.0681833,8.54276133],[-61.06441367,8.54744363],[-61.06150734,8.54933155],[-61.05546236,8.54652464],[-61.04086936,8.54339254],[-61.03654254,8.53923404],[-61.03237903,8.53249538],[-61.02955616,8.52943575],[-61.02916038,8.52938402],[-61.02862716,8.52960086],[-61.0217185,8.53918493],[-61.02019322,8.53972554],[-61.01348436,8.54730308],[-61.01103175,8.54925072],[-61.01065564,8.54946852],[-61.00123417,8.55312335],[-61.00036633,8.55374455],[-60.99724305,8.55682075],[-60.99598146,8.56033027],[-60.99588895,8.56375957],[-60.99590623,8.56516075],[-60.99651694,8.56501114],[-60.9977324,8.5637753],[-60.99928522,8.55987012],[-60.99973416,8.55971146],[-61.00147974,8.56207204],[-61.00182748,8.5627557],[-61.0031954,8.56797731],[-61.00145793,8.56903636],[-61.00055563,8.57434237],[-60.99707615,8.57868612]],[[-61.01930654,8.53230321],[-61.02454925,8.52234554],[-61.02604473,8.51851737],[-61.02515256,8.51695085],[-61.01986325,8.51477468],[-61.01487982,8.51119006],[-61.01036406,8.50984705],[-61.00556874,8.51005602],[-61.0036056,8.51213074],[-61.00330734,8.51222122],[-60.99513638,8.51286387],[-60.99225378,8.51359928],[-60.99135375,8.51459861],[-60.98908234,8.51988327],[-60.98912787,8.52946663],[-60.99097621,8.53342915],[-60.99093413,8.53586805],[-60.99293804,8.53744555],[-60.99470663,8.54141295],[-60.99510491,8.5416615],[-60.99957585,8.54209185],[-61.00485551,8.54137647],[-61.00814831,8.54376495],[-61.00896835,8.54386926],[-61.00978851,8.54340982],[-61.0130583,8.54106605],[-61.01674986,8.5365895],[-61.01930654,8.53230321]],[[-61.03061247,8.52807307],[-61.03639007,8.53465843],[-61.03747404,8.53786993],[-61.04030168,8.54121494],[-61.05556321,8.5451498],[-61.06073987,8.54793513],[-61.06233132,8.5475353],[-61.06817877,8.54100633],[-61.07492292,8.54144704],[-61.07829714,8.54043806],[-61.09271562,8.52510047],[-61.09490275,8.52486396],[-61.09831452,8.52896225],[-61.10555267,8.52948904],[-61.10872161,8.53535664],[-61.11278403,8.53954315],[-61.11534596,8.54537153],[-61.11992466,8.54943967],[-61.12294543,8.54879773],[-61.12734187,8.54370666],[-61.13500917,8.53796065],[-61.13630235,8.53774512],[-61.13872552,8.53825176],[-61.13909745,8.53849125],[-61.14211071,8.54175985],[-61.14858115,8.54226518],[-61.15072405,8.54921555],[-61.15779173,8.54941416],[-61.16264164,8.55649924],[-61.16275752,8.5566107],[-61.17514968,8.55865145],[-61.19089747,8.57139885],[-61.20338714,8.57595956],[-61.21381116,8.58112955],[-61.21630931,8.58170056],[-61.21900284,8.58172405],[-61.22853291,8.57957697],[-61.25138414,8.56992316],[-61.25604618,8.5669049],[-61.25606096,8.56687355],[-61.25598431,8.55726707],[-61.26172304,8.54794848],[-61.26511383,8.53473616],[-61.27285385,8.52392602],[-61.27906072,8.50636935],[-61.27958846,8.50334513],[-61.27763605,8.49989545],[-61.27467334,8.49833584],[-61.26938212,8.49880254],[-61.26425314,8.50173068],[-61.25351191,8.50421667],[-61.24617147,8.50824833],[-61.23744476,8.50966954],[-61.23237717,8.50856972],[-61.2262398,8.50040472],[-61.22299004,8.49793231],[-61.21632147,8.4979068],[-61.21055651,8.50075614],[-61.20582676,8.51388121],[-61.20083666,8.51665664],[-61.19491744,8.51520681],[-61.18472922,8.50532806],[-61.17956614,8.50279713],[-61.17810702,8.50278854],[-61.17371261,8.50306225],[-61.1722728,8.50449264],[-61.16795647,8.50569308],[-61.16549635,8.50570345],[-61.15169775,8.50247014],[-61.13926697,8.49725175],[-61.13514328,8.49668241],[-61.11640668,8.49702108],[-61.10091364,8.50048101],[-61.08423436,8.50007558],[-61.08374143,8.50008881],[-61.07697356,8.50100577],[-61.07621574,8.50122833],[-61.05835366,8.51141024],[-61.04627693,8.51652062],[-61.03484142,8.51931512],[-61.03400266,8.51992547],[-61.0301311,8.52546585],[-61.02999055,8.52590966],[-61.03013015,8.52713644],[-61.03061247,8.52807307]],[[-61.18700421,8.50150526],[-61.19430065,8.51032996],[-61.20086002,8.51186717],[-61.20245874,8.51137185],[-61.20374835,8.50906885],[-61.20747542,8.49900603],[-61.21124697,8.49593747],[-61.21689713,8.49389195],[-61.22046685,8.49365461],[-61.22486782,8.49488807],[-61.23407483,8.50461221],[-61.23925376,8.50662065],[-61.24438155,8.50571835],[-61.25440538,8.50018775],[-61.25468814,8.50009096],[-61.26470256,8.49827528],[-61.27323794,8.49436104],[-61.27358246,8.49428391],[-61.27705395,8.49460328],[-61.28199947,8.49750912],[-61.28229356,8.49790776],[-61.28359961,8.5013659],[-61.28357768,8.50541174],[-61.27997041,8.51438141],[-61.27905703,8.52013004],[-61.27623284,8.52604675],[-61.27113712,8.53221726],[-61.26636624,8.54481006],[-61.26224506,8.55141115],[-61.26024055,8.55880356],[-61.26142168,8.56292605],[-61.2622565,8.56377733],[-61.26770127,8.56765032],[-61.27048457,8.56974006],[-61.27136803,8.57008243],[-61.27619743,8.57169974],[-61.29973722,8.57646763],[-61.30310917,8.57663155],[-61.31202841,8.57682455],[-61.33288264,8.57367027],[-61.35510397,8.57347715],[-61.36853647,8.57156754],[-61.37096703,8.57167482],[-61.37344074,8.57186794],[-61.39164746,8.57517242],[-61.39358091,8.57568741],[-61.40981352,8.58186722],[-61.42044735,8.58302593],[-61.42491758,8.58289707],[-61.42808604,8.58259666],[-61.44631481,8.57435703],[-61.46254671,8.56967914],[-61.47209454,8.5656023],[-61.48407292,8.56598854],[-61.50225771,8.56487274],[-61.51532125,8.56680393],[-61.53249466,8.57097316],[-61.53578484,8.57040823],[-61.53709733,8.57227516],[-61.55180097,8.57004082],[-61.55762792,8.56718361],[-61.56459963,8.56481755],[-61.56575406,8.56326365],[-61.5585469,8.55574834],[-61.55930567,8.55339682],[-61.55744052,8.54767752],[-61.55096388,8.54387724],[-61.54185212,8.53996623],[-61.53486645,8.53763807],[-61.52408505,8.53574383],[-61.51142514,8.53522825],[-61.50218737,8.53790641],[-61.49314928,8.53540695],[-61.49106038,8.52969551],[-61.49130178,8.52441084],[-61.49318802,8.51897192],[-61.49310052,8.51463604],[-61.49295795,8.51412165],[-61.48958504,8.50888145],[-61.48627365,8.50560296],[-61.48295724,8.50369167],[-61.47800791,8.5020256],[-61.46917641,8.50220168],[-61.46381676,8.50098515],[-61.43842173,8.49159992],[-61.43383515,8.48816228],[-61.42889822,8.47982621],[-61.42586303,8.47793031],[-61.42257965,8.47931826],[-61.41957974,8.47761607],[-61.40803885,8.4763602],[-61.39401805,8.47776043],[-61.39322805,8.47788668],[-61.38339293,8.48078871],[-61.37197792,8.49020493],[-61.3661803,8.49114704],[-61.36517703,8.49102294],[-61.35768485,8.48847747],[-61.35449874,8.48847127],[-61.35348666,8.48798406],[-61.3510915,8.48114932],[-61.34613395,8.47219503],[-61.34324634,8.46795154],[-61.33961415,8.46610534],[-61.33510017,8.46654642],[-61.32471037,8.47297776],[-61.32357526,8.47409582],[-61.32181525,8.47637153],[-61.3155446,8.48842573],[-61.31192112,8.49051321],[-61.30429077,8.48916233],[-61.30173552,8.4901669],[-61.30019593,8.48969221],[-61.299878,8.48934507],[-61.29968882,8.48678005],[-61.29692614,8.48032022],[-61.29597783,8.47868693],[-61.29498816,8.47742927],[-61.29247272,8.47601151],[-61.27803254,8.47495472],[-61.25296402,8.46515298],[-61.24788547,8.46492136],[-61.22532725,8.47606266],[-61.21637177,8.47874224],[-61.20049608,8.47837496],[-61.19519544,8.47966361],[-61.19289267,8.48180723],[-61.18788671,8.49239016],[-61.18294084,8.49767625],[-61.18331134,8.49882925],[-61.18700421,8.50150526]],[[-61.23268151,8.46646965],[-61.24490571,8.45964324],[-61.24535716,8.4592092],[-61.24537516,8.45815742],[-61.24474215,8.45676196],[-61.24391866,8.45594013],[-61.24167776,8.45497215],[-61.23792386,8.45554376],[-61.23647714,8.45794606],[-61.23200965,8.46141148],[-61.23116004,8.46224713],[-61.22862804,8.46765506],[-61.22896194,8.46797538],[-61.23268151,8.46646965]],[[-61.56583714,8.56075335],[-61.56948495,8.56254923],[-61.56975496,8.56240451],[-61.56910157,8.56064224],[-61.56777585,8.55941093],[-61.56240904,8.55565464],[-61.56583714,8.56075335]],[[-61.56890523,8.57136536],[-61.55588412,8.57718301],[-61.55605781,8.57754755],[-61.57124317,8.58431184],[-61.57156396,8.58449495],[-61.58395922,8.59344137],[-61.58594024,8.59437513],[-61.58808696,8.59493303],[-61.61414754,8.59914064],[-61.61705565,8.59986007],[-61.61979258,8.59988844],[-61.62677288,8.59913707],[-61.64121604,8.59569585],[-61.64720654,8.59352386],[-61.64960527,8.59243417],[-61.65008235,8.59170008],[-61.64967978,8.59100223],[-61.64481986,8.58743048],[-61.63476944,8.57396924],[-61.62306786,8.57009757],[-61.62165225,8.56980693],[-61.61299121,8.56898856],[-61.60849011,8.57028294],[-61.59668064,8.57050896],[-61.58790505,8.56900346],[-61.57589316,8.56870031],[-61.56890523,8.57136536]],[[-61.70532668,8.59898376],[-61.71383595,8.60097492],[-61.7182641,8.60128343],[-61.72306287,8.60142791],[-61.75057256,8.59971035],[-61.77801347,8.60244656],[-61.77866721,8.60270691],[-61.78402805,8.59955764],[-61.78932464,8.59512663],[-61.79144335,8.58900201],[-61.78003383,8.58510745],[-61.77731836,8.58547485],[-61.77493107,8.58841097],[-61.77199745,8.58927143],[-61.76627576,8.58541822],[-61.75251245,8.58557165],[-61.74781275,8.58466876],[-61.74192846,8.58039916],[-61.73852146,8.57930243],[-61.73810005,8.57930291],[-61.73475266,8.58067715],[-61.72959697,8.58451295],[-61.71605134,8.59046614],[-61.69649804,8.59365106],[-61.70281875,8.59806514],[-61.70532668,8.59898376]],[[-61.81725323,8.5988667],[-61.83151042,8.60237002],[-61.85211205,8.59999287],[-61.86185765,8.60436261],[-61.87110543,8.61141002],[-61.87557006,8.61264658],[-61.88868427,8.61049104],[-61.89553845,8.61156464],[-61.89934313,8.61357367],[-61.90876603,8.62384558],[-61.91634226,8.62814021],[-61.92235005,8.62999475],[-61.9326694,8.62915576],[-61.93862951,8.62735415],[-61.94585204,8.62841356],[-61.96204233,8.62029743],[-61.96571207,8.61914063],[-61.97268355,8.61837971],[-61.97580695,8.61861277],[-61.98090804,8.62010443],[-61.98971736,8.62447202],[-61.99352241,8.6284337],[-61.99985266,8.63197541],[-62.01370811,8.64795804],[-62.02578354,8.65255833],[-62.04865778,8.66439855],[-62.06587684,8.67070222],[-62.08426011,8.68247044],[-62.09277654,8.68495917],[-62.10142755,8.68582594],[-62.10439706,8.68579388],[-62.11035931,8.68467855],[-62.12013996,8.68047321],[-62.12293112,8.67901194],[-62.12864733,8.67424226],[-62.13060057,8.66712797],[-62.12921965,8.64774001],[-62.12959003,8.63211167],[-62.12969732,8.63183904],[-62.14078796,8.61328125],[-62.14906776,8.60543334],[-62.15039766,8.60258782],[-62.16513336,8.59016883],[-62.1761862,8.58390451],[-62.18894243,8.5843333],[-62.18895352,8.58424282],[-62.18899298,8.58392084],[-62.18834686,8.58212852],[-62.18772376,8.58186245],[-62.17666435,8.57920265],[-62.16824114,8.57209957],[-62.16538727,8.57079482],[-62.16488206,8.57066905],[-62.14522517,8.57175708],[-62.14550734,8.57552278],[-62.14148772,8.57909214],[-62.13680553,8.59161127],[-62.12794995,8.60212052],[-62.11948824,8.60739255],[-62.11269045,8.60789394],[-62.10342693,8.61043942],[-62.09811306,8.61046147],[-62.09068155,8.60681021],[-62.08361065,8.59994662],[-62.05432916,8.59651065],[-62.04100263,8.58972776],[-62.03726757,8.58579802],[-62.03472841,8.57930672],[-62.03490782,8.57415342],[-62.03134286,8.56227863],[-62.02983355,8.54283834],[-62.02850103,8.54067087],[-62.02534187,8.53882611],[-62.01772594,8.53797591],[-62.01081192,8.53928435],[-62.00490963,8.54160321],[-61.99477744,8.54851913],[-61.99115372,8.54931903],[-61.97078371,8.54827917],[-61.96040416,8.54233575],[-61.95867026,8.53863764],[-61.95126653,8.537081],[-61.91462445,8.54114926],[-61.90753305,8.54005182],[-61.90079415,8.53613496],[-61.89150596,8.53760135],[-61.87765443,8.53632724],[-61.87138093,8.53954983],[-61.86192834,8.54761112],[-61.85394895,8.55284166],[-61.84660304,8.56191134],[-61.83537745,8.57056475],[-61.82897055,8.57432854],[-61.8161329,8.57691336],[-61.81189001,8.57931781],[-61.80111706,8.59116435],[-61.79948521,8.59328711],[-61.79998183,8.59355402],[-61.81244075,8.59629071],[-61.81725323,8.5988667]],[[-61.9677633,8.53996313],[-61.96822655,8.54021394],[-61.96819055,8.54132283],[-61.96376145,8.54021263],[-61.96611834,8.54201198],[-61.97250414,8.54444957],[-61.97540474,8.54455721],[-61.98339367,8.54574025],[-61.98526585,8.54543805],[-61.98605514,8.54524255],[-61.99156475,8.54130304],[-61.98775661,8.54027104],[-61.97869122,8.54073656],[-61.9738723,8.53991532],[-61.97112954,8.54123223],[-61.97137582,8.53910971],[-61.96388721,8.53784716],[-61.9677633,8.53996313]],[[-62.09718382,8.60485327],[-62.10453141,8.60602665],[-62.11445868,8.60008633],[-62.11915541,8.59585011],[-62.11189663,8.59563053],[-62.08670592,8.59619606],[-62.08671951,8.59646702],[-62.0870769,8.59761393],[-62.09718382,8.60485327]],[[-62.19511771,8.58407986],[-62.19679534,8.58565843],[-62.1989938,8.58545375],[-62.19649065,8.58365345],[-62.19536042,8.58376276],[-62.19511771,8.58407986]],[[-62.27183557,8.58454263],[-62.2798326,8.59166896],[-62.28150475,8.59430826],[-62.28522146,8.59679496],[-62.28375781,8.60003698],[-62.28510785,8.60125577],[-62.28885853,8.60231841],[-62.29272735,8.60239947],[-62.29758501,8.60135031],[-62.29806292,8.60121644],[-62.30426085,8.59816706],[-62.31666052,8.58870494],[-62.31952965,8.5861907],[-62.32877982,8.57573593],[-62.32205856,8.57287455],[-62.31773925,8.57369006],[-62.30568647,8.57089841],[-62.30206943,8.5712074],[-62.29219747,8.57301581],[-62.29154181,8.57501721],[-62.28934217,8.57415032],[-62.27358711,8.58262408],[-62.27183557,8.58454263]],[[-62.26686728,8.5709902],[-62.26856744,8.56817532],[-62.26809537,8.5676403],[-62.26692283,8.56768584],[-62.2648437,8.56923306],[-62.26469576,8.56975424],[-62.26546538,8.57186592],[-62.26609123,8.57209492],[-62.26686728,8.5709902]],[[-62.19359195,8.58889926],[-62.18776774,8.58485162],[-62.17683005,8.58484912],[-62.16793346,8.58942211],[-62.16460013,8.59157681],[-62.16275644,8.59333718],[-62.16318572,8.59342051],[-62.16375506,8.59366214],[-62.16282964,8.59506834],[-62.16431212,8.59551334],[-62.17364395,8.5934],[-62.18913305,8.59093034],[-62.19359195,8.58889926]],[[-62.15715277,8.61328125],[-62.15715277,8.61342072],[-62.15692711,8.61355102],[-62.15675783,8.61353242],[-62.15664506,8.61345792],[-62.15658855,8.61328125],[-62.15432715,8.61415565],[-62.14497995,8.6199578],[-62.14210844,8.62253022],[-62.13856935,8.62620187],[-62.13732195,8.62909734],[-62.13692641,8.63093805],[-62.13686764,8.63706243],[-62.14084876,8.65601361],[-62.14132285,8.65876806],[-62.14163435,8.66615498],[-62.14043724,8.6757797],[-62.13592374,8.68868053],[-62.13426948,8.69293988],[-62.13209975,8.69714463],[-62.12661624,8.70425391],[-62.12668645,8.70459294],[-62.12694407,8.70503747],[-62.14431477,8.69782364],[-62.16039765,8.68052447],[-62.18071258,8.66629458],[-62.18962514,8.65587854],[-62.19161046,8.65612102],[-62.19477046,8.65399265],[-62.20198536,8.64132237],[-62.20606196,8.63086712],[-62.21635306,8.62071943],[-62.22091937,8.61328125],[-62.22163975,8.61169445],[-62.21909225,8.61162424],[-62.21040547,8.61074007],[-62.18729424,8.61157584],[-62.17174017,8.60834098],[-62.15715277,8.61328125]],[[-62.20318878,8.64751613],[-62.19693637,8.65806365],[-62.19148076,8.66314995],[-62.17648041,8.67354906],[-62.17380154,8.67687178],[-62.17349517,8.67889082],[-62.18237591,8.67686784],[-62.18587017,8.67507696],[-62.22204804,8.64857686],[-62.22521937,8.64356363],[-62.22684455,8.63657916],[-62.22684455,8.62765062],[-62.22524881,8.62069857],[-62.22235584,8.62185216],[-62.21285152,8.63119233],[-62.21188426,8.63245165],[-62.20971727,8.63624442],[-62.20962644,8.63904583],[-62.20923114,8.63990045],[-62.20318878,8.64751613]],[[-62.16866672,8.67760014],[-62.16776895,8.67748284],[-62.16429341,8.6789571],[-62.16232026,8.68032777],[-62.15975034,8.68287003],[-62.14927137,8.69640541],[-62.15506637,8.69330037],[-62.16188204,8.68793261],[-62.16644895,8.68395531],[-62.16707933,8.68307126],[-62.16880345,8.67857552],[-62.16866672,8.67760014]],[[-62.16206276,8.69525385],[-62.15830767,8.69857705],[-62.16237271,8.69949782],[-62.17367315,8.69664013],[-62.17507255,8.69593406],[-62.17823231,8.69387102],[-62.17911303,8.69290125],[-62.18111134,8.68937945],[-62.18068802,8.68812573],[-62.17990744,8.68788457],[-62.17796195,8.68794978],[-62.17278564,8.68950784],[-62.16745877,8.69217467],[-62.16206276,8.69525385]],[[-62.10089385,8.69215143],[-62.08920205,8.68879414],[-62.08945501,8.69051993],[-62.09435081,8.69472528],[-62.09627461,8.69538403],[-62.09666204,8.69556224],[-62.10063386,8.69399214],[-62.10138035,8.69324136],[-62.10124755,8.69235635],[-62.10089385,8.69215143]],[[-61.97649646,8.62325454],[-61.97446775,8.62301743],[-61.96829081,8.62407684],[-61.96421945,8.62514317],[-61.95372844,8.62895834],[-61.95414615,8.63062096],[-61.95833814,8.63285196],[-61.96772706,8.6418128],[-61.96999371,8.64268506],[-61.97208643,8.64627814],[-61.97530401,8.6481868],[-61.98120821,8.65452385],[-61.98457778,8.65725195],[-61.99331677,8.66259253],[-61.99506974,8.66309547],[-61.99798453,8.66382182],[-62.00126696,8.66341042],[-62.00733423,8.66125095],[-62.01133096,8.65877736],[-62.01186025,8.65825415],[-62.01346374,8.65527546],[-62.01346815,8.65500581],[-62.00788832,8.64751792],[-62.00769305,8.64731681],[-61.99991703,8.64145756],[-61.99611688,8.63643014],[-61.99198604,8.63434196],[-61.98622668,8.62863672],[-61.98467422,8.62742734],[-61.97871006,8.62395215],[-61.97649646,8.62325454]],[[-61.89146674,8.61265457],[-61.89119136,8.61247396],[-61.88254082,8.61313975],[-61.89033842,8.61459053],[-61.89687812,8.61661208],[-61.89362204,8.61328125],[-61.89146674,8.61265457]],[[-61.81186748,8.60243785],[-61.80141854,8.59941983],[-61.79730678,8.59935975],[-61.7954452,8.59995627],[-61.79280496,8.60103393],[-61.79059315,8.60296524],[-61.79057443,8.6033653],[-61.79524708,8.60870075],[-61.79765713,8.61027122],[-61.80184495,8.61176968],[-61.80411875,8.61218274],[-61.80970788,8.61055815],[-61.81137252,8.60973895],[-61.81329334,8.60852242],[-61.81522727,8.60663176],[-61.81563854,8.60555196],[-61.81186748,8.60243785]],[[-61.68525255,8.60833025],[-61.67647541,8.60493994],[-61.67565894,8.60491073],[-61.66236615,8.60559487],[-61.64992964,8.60832155],[-61.65763307,8.61223185],[-61.67665982,8.61741245],[-61.67762136,8.61759245],[-61.68724418,8.61822915],[-61.69137597,8.61851072],[-61.69781792,8.61767113],[-61.69984603,8.61561835],[-61.68604612,8.60856736],[-61.68525255,8.60833025]],[[-61.78677356,8.60810494],[-61.78781736,8.60830891],[-61.78863144,8.60760605],[-61.78803647,8.60585594],[-61.78756511,8.60519815],[-61.78637636,8.60512602],[-61.78308892,8.60670233],[-61.78315401,8.60702205],[-61.78677356,8.60810494]],[[-61.55945694,8.57378983],[-61.55563807,8.57346642],[-61.54956186,8.57527196],[-61.55517972,8.57589281],[-61.55945694,8.57378983]],[[-61.39158428,8.57997894],[-61.38411737,8.57937813],[-61.37914801,8.58122337],[-61.38357484,8.58169556],[-61.38687336,8.5823822],[-61.39219201,8.58435631],[-61.39904964,8.58409882],[-61.39766073,8.58229625],[-61.39158428,8.57997894]],[[-61.35312796,8.58109474],[-61.34600997,8.57851982],[-61.32901812,8.58212471],[-61.32808495,8.58259666],[-61.32804155,8.58328342],[-61.33904386,8.58903396],[-61.34529376,8.58929145],[-61.34937382,8.59227407],[-61.36185205,8.59491336],[-61.38950098,8.60547066],[-61.39575112,8.60469806],[-61.39479625,8.60143661],[-61.39253914,8.59980583],[-61.38490045,8.59645843],[-61.36723375,8.58418465],[-61.36193883,8.58208168],[-61.36033285,8.58169556],[-61.35312796,8.58109474]],[[-61.18240654,8.56790757],[-61.16105855,8.56027532],[-61.15593338,8.56081855],[-61.14857304,8.56504047],[-61.14461744,8.56820154],[-61.14172626,8.57104003],[-61.13808143,8.57617486],[-61.13131487,8.58079398],[-61.12052846,8.60124993],[-61.11406887,8.60733354],[-61.10951924,8.61397874],[-61.10099065,8.62202215],[-61.0944339,8.62642455],[-61.08763015,8.62772524],[-61.07344615,8.62713945],[-61.06000245,8.62335527],[-61.04305005,8.62075532],[-61.03345525,8.62435722],[-61.02640557,8.62946963],[-61.02218986,8.62931633],[-61.01123178,8.63181031],[-61.00392902,8.63561845],[-60.99936557,8.63994372],[-60.99926496,8.64020121],[-61.00146687,8.64892983],[-61.00491715,8.65037012],[-61.01247442,8.64389777],[-61.01606154,8.64294136],[-61.02323735,8.64294541],[-61.02848494,8.64557695],[-61.03534961,8.64645493],[-61.040555,8.64515698],[-61.04582846,8.6413753],[-61.05383813,8.63812077],[-61.06219316,8.63708246],[-61.06295896,8.63712215],[-61.06616294,8.63756525],[-61.07397115,8.64170277],[-61.08539474,8.64566076],[-61.09634543,8.65281951],[-61.10408115,8.65510428],[-61.11131883,8.65510428],[-61.12229967,8.65012336],[-61.13931894,8.64880347],[-61.15167952,8.6520015],[-61.16400576,8.65768278],[-61.16462386,8.65788543],[-61.17152321,8.65984774],[-61.1739912,8.65997136],[-61.17766893,8.66028965],[-61.17801785,8.66022718],[-61.18262565,8.65811551],[-61.18304765,8.65777302],[-61.18371511,8.65483606],[-61.18457174,8.6307199],[-61.1861248,8.62119532],[-61.19334841,8.60190892],[-61.20093167,8.5909301],[-61.20114708,8.59058321],[-61.20200884,8.58717775],[-61.19644844,8.58637965],[-61.19594336,8.58556545],[-61.19814527,8.58473933],[-61.19816363,8.58384073],[-61.19058895,8.57860732],[-61.18615174,8.57160997],[-61.18240654,8.56790757]],[[-61.1945194,8.64500415],[-61.19143546,8.65601015],[-61.19413507,8.65382636],[-61.19507921,8.65163398],[-61.19522858,8.65121341],[-61.19667804,8.64379632],[-61.19646275,8.64238346],[-61.19590235,8.64242554],[-61.1945194,8.64500415]],[[-61.13617742,8.6513766],[-61.13387752,8.65131187],[-61.12966204,8.65186024],[-61.12744296,8.65243494],[-61.11201215,8.65786576],[-61.10579216,8.65829766],[-61.09188426,8.65431142],[-61.07860804,8.64657521],[-61.07027185,8.64412105],[-61.06141198,8.63978791],[-61.05460775,8.64043725],[-61.04880071,8.64269423],[-61.04340363,8.64860904],[-61.04000962,8.64978135],[-61.03311086,8.65006292],[-61.03241527,8.6499058],[-61.02666414,8.64651406],[-61.02299941,8.64538395],[-61.01944292,8.64528978],[-61.01686645,8.64613962],[-61.01057518,8.64904702],[-61.00834107,8.65233743],[-61.00459146,8.65364826],[-61.00259972,8.65521598],[-61.00110376,8.65748787],[-60.99985111,8.66122031],[-60.99312627,8.67090631],[-60.99290848,8.67160642],[-60.99291384,8.67469835],[-60.99305165,8.67510986],[-60.99519157,8.67780244],[-60.99336398,8.68417454],[-60.98866987,8.68466544],[-60.98653471,8.68367243],[-60.98421204,8.68060136],[-60.98274398,8.68039978],[-60.98170972,8.68096066],[-60.98042691,8.68551302],[-60.97770107,8.68843245],[-60.97505271,8.68942368],[-60.96792984,8.68946135],[-60.96341455,8.69243407],[-60.96141922,8.69492173],[-60.95847774,8.70356226],[-60.94858527,8.7079221],[-60.94238043,8.71292603],[-60.93221951,8.72645354],[-60.91600955,8.73567021],[-60.91381705,8.73786676],[-60.91260993,8.73951495],[-60.91104126,8.74295175],[-60.91116404,8.74445283],[-60.91243327,8.74533606],[-60.91287422,8.74547052],[-60.92127383,8.74420857],[-60.92693102,8.74450004],[-60.93373787,8.73339844],[-60.93527198,8.73191261],[-60.94035923,8.72838211],[-60.94387233,8.72729433],[-60.94449747,8.7268821],[-60.95026243,8.72399962],[-60.95314765,8.72336733],[-60.96508086,8.72376573],[-60.96874964,8.72329247],[-60.97130585,8.722368],[-60.97287047,8.72190857],[-60.97707033,8.71895671],[-60.98774397,8.71684122],[-60.99172008,8.71459317],[-61.00476217,8.71702075],[-61.01287365,8.71427834],[-61.02238917,8.71375716],[-61.03291702,8.71643996],[-61.0476135,8.72502124],[-61.05241835,8.72597504],[-61.05881786,8.72563827],[-61.05920947,8.72554183],[-61.06524372,8.72174656],[-61.06568015,8.72110116],[-61.06721044,8.71828043],[-61.06769943,8.71612823],[-61.06697631,8.71365035],[-61.0671041,8.71303284],[-61.06846118,8.7114892],[-61.07396531,8.71162248],[-61.07629156,8.70998633],[-61.07672524,8.70883405],[-61.07422054,8.70255017],[-61.07432282,8.70181203],[-61.07571292,8.6990571],[-61.07778907,8.69745827],[-61.07841897,8.69733906],[-61.08722508,8.69942558],[-61.10425425,8.69980741],[-61.11836874,8.70500565],[-61.13223875,8.70015085],[-61.13462973,8.69610155],[-61.13760054,8.69845462],[-61.14284337,8.69862497],[-61.15478206,8.68808746],[-61.16212058,8.68546104],[-61.16519654,8.68523276],[-61.17020774,8.6903789],[-61.17369366,8.69245744],[-61.17401111,8.69258893],[-61.18160152,8.69361246],[-61.18220413,8.69340396],[-61.18360281,8.69070113],[-61.18344331,8.67982686],[-61.18506277,8.66875935],[-61.18506265,8.66801465],[-61.1838026,8.66273415],[-61.182832,8.66133642],[-61.18282735,8.66133344],[-61.17803144,8.66191697],[-61.171875,8.66155136],[-61.16670108,8.66068268],[-61.16553307,8.66040075],[-61.14630043,8.65348923],[-61.13617742,8.6513766]],[[-61.19365156,8.68365777],[-61.19402027,8.69868815],[-61.19876528,8.68683135],[-61.19893396,8.6851567],[-61.19785261,8.68311381],[-61.19419193,8.68319762],[-61.19365156,8.68365777]],[[-61.18183374,8.69566727],[-61.17312098,8.69360876],[-61.17030084,8.69221342],[-61.16366446,8.68589532],[-61.15366781,8.690328],[-61.14237726,8.70105481],[-61.13688254,8.69890893],[-61.13502276,8.69672978],[-61.13198721,8.70114267],[-61.12771833,8.70221925],[-61.12369311,8.70475817],[-61.12259686,8.70501125],[-61.11851144,8.70560682],[-61.11757791,8.70560503],[-61.10229456,8.70042121],[-61.08623958,8.70024765],[-61.0812391,8.69851637],[-61.07760477,8.69871986],[-61.07625067,8.69940221],[-61.07516003,8.70216095],[-61.07787228,8.70855475],[-61.07704842,8.7110337],[-61.07401752,8.7122606],[-61.06892145,8.71207762],[-61.06829131,8.71805382],[-61.06603003,8.72284663],[-61.06028116,8.72645664],[-61.04904163,8.72682405],[-61.04397571,8.7251358],[-61.03739536,8.72019744],[-61.02160156,8.71895087],[-61.01625657,8.71632552],[-61.01228666,8.71622694],[-61.00017691,8.72206807],[-60.99677575,8.72230482],[-60.98973465,8.72008443],[-60.98665655,8.71966374],[-60.98048425,8.71909702],[-60.97919285,8.71952283],[-60.97561467,8.72202003],[-60.97527575,8.72255266],[-60.97277737,8.72652805],[-60.9657042,8.73079038],[-60.95885801,8.73694611],[-60.94706011,8.74074125],[-60.9439249,8.74316275],[-60.94026053,8.74905741],[-60.93916833,8.75260162],[-60.93917096,8.75298262],[-60.94035256,8.75660396],[-60.94378662,8.75875974],[-60.94414735,8.75932622],[-60.94468725,8.76078355],[-60.94472706,8.76354766],[-60.94318998,8.76506686],[-60.93782616,8.76509798],[-60.92390847,8.77246106],[-60.92321181,8.77292192],[-60.9148674,8.78123987],[-60.91236711,8.78696752],[-60.91440725,8.79257774],[-60.91597033,8.79239976],[-60.91886294,8.7890625],[-60.91963017,8.7890625],[-60.92019463,8.7890625],[-60.92301607,8.7890625],[-60.92809474,8.7890625],[-60.93255842,8.78934145],[-60.94005585,8.78799582],[-60.94022751,8.7890625],[-60.93989003,8.78941298],[-60.93570673,8.79076946],[-60.92375827,8.78998172],[-60.91550696,8.79399943],[-60.91492772,8.79452574],[-60.91409314,8.7960186],[-60.9127388,8.80394256],[-60.91217661,8.81214166],[-60.90699697,8.82010996],[-60.90485728,8.82193685],[-60.90121436,8.82391036],[-60.89543521,8.82610965],[-60.8789854,8.82777405],[-60.86760223,8.83179057],[-60.86524057,8.83412552],[-60.86151016,8.84416842],[-60.85717297,8.85173047],[-60.85652125,8.85203505],[-60.85127795,8.85247827],[-60.83978331,8.84780562],[-60.83455038,8.84910226],[-60.82828605,8.85705388],[-60.82627225,8.86459362],[-60.82600296,8.86961961],[-60.82612038,8.87016654],[-60.83055055,8.86924565],[-60.83357584,8.86796284],[-60.83519936,8.86749601],[-60.85413957,8.86711538],[-60.85975897,8.86560285],[-60.86082912,8.86502194],[-60.86282694,8.86351275],[-60.86777794,8.85415781],[-60.87585485,8.84740973],[-60.90041566,8.83561134],[-60.90292025,8.83495831],[-60.90921152,8.83484948],[-60.91872311,8.83586645],[-60.92308021,8.83497405],[-60.92335093,8.83478403],[-60.93187547,8.82733345],[-60.9357568,8.82158697],[-60.94317055,8.81615674],[-60.94844604,8.8148036],[-60.95467424,8.81450665],[-60.95715034,8.81677437],[-60.96013212,8.81619895],[-60.9667263,8.81738782],[-60.96729708,8.81755686],[-60.97064674,8.82092321],[-60.97647846,8.82373798],[-60.98560166,8.82421148],[-60.99253166,8.82066643],[-60.99670267,8.81420302],[-61.00430667,8.80888271],[-61.00902176,8.80893588],[-61.0131042,8.81131494],[-61.01780677,8.81191242],[-61.02802515,8.80828524],[-61.03171802,8.80333042],[-61.05016935,8.7890625],[-61.04706454,8.79415417],[-61.04684341,8.79436541],[-61.04094636,8.79961908],[-61.03594911,8.80402756],[-61.02668238,8.81012213],[-61.02594376,8.81048894],[-61.01861715,8.81302798],[-61.01531744,8.81302953],[-61.00959516,8.81025255],[-61.00295627,8.81144452],[-60.99908865,8.81379092],[-60.99491262,8.82101774],[-60.98929524,8.82448995],[-60.98818696,8.82477665],[-60.97457921,8.82497275],[-60.96729064,8.81968355],[-60.95627904,8.81727505],[-60.95330727,8.81727088],[-60.94971275,8.81803203],[-60.94074762,8.8220247],[-60.93479991,8.82607853],[-60.93236315,8.82811606],[-60.92922533,8.83217621],[-60.92823374,8.83635592],[-60.92856395,8.83664405],[-60.93046176,8.83802176],[-60.94458056,8.83736265],[-60.94862676,8.83809447],[-60.95361316,8.84063303],[-60.95761776,8.84093034],[-60.97934234,8.83402205],[-60.98453915,8.83094454],[-60.99295783,8.83105075],[-60.99978161,8.82812226],[-61.00270307,8.82787597],[-61.00593185,8.82787454],[-61.00694621,8.82818675],[-61.01247466,8.83239901],[-61.02455533,8.83553803],[-61.03368771,8.82857656],[-61.03628385,8.82430804],[-61.03755414,8.82445014],[-61.04229605,8.82107401],[-61.05250812,8.81814384],[-61.05666935,8.81561172],[-61.06026816,8.81495821],[-61.06642902,8.81219137],[-61.06716752,8.81086135],[-61.07678914,8.80721152],[-61.07778764,8.80668867],[-61.08905876,8.79830074],[-61.10198891,8.79331565],[-61.10241473,8.79305065],[-61.108657,8.78775132],[-61.11145473,8.78412461],[-61.11400485,8.78003812],[-61.11936665,8.76855087],[-61.12720084,8.76523793],[-61.12750244,8.76486254],[-61.12952244,8.76218271],[-61.13185012,8.75522304],[-61.15407646,8.74031913],[-61.15869975,8.7362951],[-61.16171205,8.73332083],[-61.17363012,8.71976364],[-61.17918098,8.71213961],[-61.17998993,8.71010566],[-61.18199456,8.70266175],[-61.18201053,8.69575036],[-61.18183374,8.69566727]],[[-61.16352212,8.73472035],[-61.15987742,8.73967016],[-61.16534817,8.73636246],[-61.16612887,8.73368061],[-61.16498482,8.73381114],[-61.16352212,8.73472035]],[[-61.13651621,8.75953674],[-61.12780726,8.77522242],[-61.12094176,8.7826184],[-61.10629237,8.79438508],[-61.10353792,8.80269635],[-61.10185218,8.80295873],[-61.10147154,8.80337536],[-61.09842658,8.80840194],[-61.097229,8.80963755],[-61.09383714,8.81180251],[-61.09267664,8.81217945],[-61.07950485,8.81178868],[-61.06510091,8.81615877],[-61.05593765,8.82152557],[-61.05174208,8.82880294],[-61.04803336,8.83201754],[-61.03707635,8.83643973],[-61.03107131,8.83671355],[-61.02183235,8.83957207],[-61.01242363,8.84377944],[-61.00980985,8.84587264],[-61.00874794,8.84846175],[-61.00835764,8.84883153],[-61.00281775,8.8529253],[-61.00250685,8.85313904],[-60.99646807,8.85391521],[-60.996001,8.85412741],[-60.98900127,8.86044908],[-60.98840821,8.86071813],[-60.98101366,8.86284626],[-60.98021674,8.86291564],[-60.97150981,8.86182082],[-60.97090673,8.86168051],[-60.96700954,8.85972798],[-60.965873,8.86024976],[-60.96278977,8.86335504],[-60.96243286,8.86352074],[-60.95570254,8.86348915],[-60.94723213,8.87003493],[-60.93625283,8.87436044],[-60.93088305,8.8749361],[-60.92019224,8.88032913],[-60.91076016,8.89118445],[-60.90333784,8.89456236],[-60.89503145,8.90070605],[-60.89187074,8.90175867],[-60.88298595,8.92133045],[-60.87368405,8.92906046],[-60.86157703,8.94519865],[-60.85617471,8.96484375],[-60.85614443,8.96526217],[-60.84936547,8.97322893],[-60.84976685,8.97480655],[-60.85339272,8.9772073],[-60.85373902,8.97733855],[-60.8585602,8.97631645],[-60.86506343,8.98203075],[-60.86993158,8.98195767],[-60.87128484,8.98544693],[-60.87055707,8.98602355],[-60.86555755,8.98444724],[-60.86128116,8.98524201],[-60.85814524,8.98710382],[-60.85208297,8.98356736],[-60.84816778,8.9836905],[-60.84648848,8.98561442],[-60.84851921,8.98727381],[-60.84498644,8.98782134],[-60.84458268,8.98803473],[-60.84409606,8.98945868],[-60.84420443,8.99007273],[-60.84970176,8.99672103],[-60.8535856,9.00055861],[-60.85942185,9.00579941],[-60.86398494,9.00916564],[-60.87839305,9.01838565],[-60.88828516,9.02233136],[-60.88187993,9.02197444],[-60.87241435,9.01734245],[-60.87351346,9.01997924],[-60.87747037,9.02394414],[-60.87798774,9.02423036],[-60.88434804,9.02757752],[-60.89204383,9.03007627],[-60.90145373,9.03228271],[-60.90389228,9.03227413],[-60.91055202,9.03124213],[-60.92169881,9.02783024],[-60.92808652,9.02469265],[-60.93340015,9.02349496],[-60.93593705,9.02226734],[-60.94109094,9.0194025],[-60.94470072,9.01674104],[-60.95950937,9.00231254],[-60.96077931,9.00036871],[-60.96064591,8.99879718],[-60.96038747,8.99831104],[-60.95776916,8.99601614],[-60.95166194,8.993312],[-60.94980884,8.99180806],[-60.9454571,8.98675835],[-60.94519913,8.98619127],[-60.94666171,8.98046625],[-60.94797683,8.97882414],[-60.96344805,8.97435987],[-60.97689056,8.97540104],[-60.98792541,8.97081196],[-60.98977876,8.96630085],[-60.99012184,8.96166766],[-60.98832035,8.96047378],[-60.99138427,8.95848],[-60.99418497,8.95029545],[-60.99215448,8.93483424],[-60.99515116,8.92667222],[-61.00996363,8.91017306],[-61.01390386,8.91006732],[-61.01653635,8.90638423],[-61.01998174,8.89470816],[-61.03668332,8.87657833],[-61.04763842,8.85734451],[-61.05503356,8.85231423],[-61.05713928,8.84667182],[-61.05674088,8.83994722],[-61.06066728,8.83047593],[-61.06455696,8.82825971],[-61.07657576,8.82622921],[-61.084324,8.82781637],[-61.09022057,8.82725882],[-61.09872675,8.81953514],[-61.10457945,8.81059325],[-61.12109137,8.79989672],[-61.13270664,8.79518068],[-61.13477802,8.79341424],[-61.13693583,8.79119194],[-61.14005923,8.78472304],[-61.14199662,8.77691722],[-61.147053,8.76744795],[-61.15007007,8.75739813],[-61.15216064,8.75379336],[-61.15878487,8.74712396],[-61.15940154,8.74485123],[-61.15915024,8.74401391],[-61.15884995,8.74386942],[-61.15532541,8.74308717],[-61.15483534,8.74332392],[-61.13706601,8.75898671],[-61.13651621,8.75953674]],[[-61.09956586,8.82536864],[-61.09382856,8.8303982],[-61.0879091,8.83225668],[-61.08309436,8.83286798],[-61.06764984,8.83181751],[-61.06403434,8.83295238],[-61.06139863,8.83924532],[-61.06223834,8.84436727],[-61.06000125,8.85319555],[-61.04913914,8.86227834],[-61.03981245,8.87998521],[-61.0347259,8.88611793],[-61.02393794,8.89522862],[-61.02043617,8.90672123],[-61.01570916,8.91442812],[-61.00919378,8.91999805],[-61.00433755,8.92246544],[-61.00154853,8.92590165],[-61.00073421,8.92740881],[-61.00054586,8.92778075],[-60.99897313,8.94460952],[-60.9977293,8.94767523],[-60.99719048,8.95943487],[-60.99744463,8.95936537],[-61.01539075,8.95567524],[-61.01875615,8.95350945],[-61.02511418,8.94210374],[-61.03061342,8.92090321],[-61.03075063,8.92055774],[-61.03354597,8.9156363],[-61.03703201,8.91062725],[-61.03979945,8.90721965],[-61.04803968,8.89907587],[-61.05223346,8.89577937],[-61.05930221,8.89189434],[-61.06130314,8.89209378],[-61.06161594,8.89242864],[-61.06153285,8.89338827],[-61.05397737,8.89625907],[-61.04837751,8.90041566],[-61.03774202,8.91277742],[-61.03061676,8.92709792],[-61.02788973,8.94356501],[-61.02257633,8.95196974],[-61.01716483,8.956532],[-61.01670837,8.95681703],[-61.01332247,8.95803165],[-61.00703692,8.95951295],[-61.00140321,8.95986438],[-61.00067556,8.96003425],[-60.99720204,8.96170795],[-60.99690986,8.96186912],[-60.99612606,8.96670067],[-60.99545431,8.97109461],[-60.99468231,8.97299325],[-60.98999202,8.98083413],[-60.98744166,8.98327196],[-60.97917724,8.98752141],[-60.972826,8.98931611],[-60.96855402,8.99455273],[-60.95818865,9.01307344],[-60.95113552,9.02091372],[-60.94298375,9.02646255],[-60.92835426,9.03412914],[-60.91491866,9.03845441],[-60.9070636,9.0392735],[-60.90118194,9.03869236],[-60.88618052,9.03366697],[-60.88538921,9.03357887],[-60.87990665,9.03405142],[-60.87945783,9.03439295],[-60.87550724,9.03686845],[-60.86811972,9.04429925],[-60.86782396,9.04895806],[-60.86076713,9.06622076],[-60.85780537,9.06787193],[-60.85229564,9.07690883],[-60.85114741,9.07937872],[-60.84779596,9.08863521],[-60.84775841,9.0991106],[-60.84794033,9.09953034],[-60.84868574,9.10052621],[-60.84896243,9.10059094],[-60.85089803,9.10043931],[-60.85151541,9.10016727],[-60.85295391,9.09872007],[-60.85414612,9.10005117],[-60.86287785,9.0994271],[-60.88130414,9.0845741],[-60.88936663,9.08056915],[-60.89380825,9.07910526],[-60.89760005,9.07815516],[-60.90940022,9.07654297],[-60.91307366,9.07815385],[-60.9155339,9.08074045],[-60.91742313,9.08099985],[-60.93063188,9.07400823],[-60.94605577,9.07103694],[-60.95101273,9.06679976],[-60.95369375,9.05927026],[-60.97379601,9.03429663],[-60.99021184,9.02096593],[-61.00225925,9.01445794],[-61.00914288,9.00700748],[-61.01354742,9.00387824],[-61.01721418,8.99755144],[-61.02182984,8.99333954],[-61.02717042,8.98992455],[-61.03972626,8.98809457],[-61.0461539,8.98889506],[-61.05366981,8.99426627],[-61.06296074,8.98994505],[-61.06415665,8.98720396],[-61.07445908,8.98283815],[-61.08049452,8.97678852],[-61.08367574,8.97273648],[-61.08662605,8.96665835],[-61.08747447,8.95861042],[-61.0907799,8.94747293],[-61.10012031,8.92480457],[-61.10046268,8.90565705],[-61.10134566,8.90198803],[-61.10148728,8.90165818],[-61.10592556,8.89463115],[-61.11311173,8.89180934],[-61.11483431,8.88964844],[-61.11483896,8.88687682],[-61.11405516,8.88538623],[-61.11153412,8.88315213],[-61.10231137,8.87510407],[-61.10161567,8.87482941],[-61.10105193,8.87301064],[-61.10078883,8.87113667],[-61.10130882,8.86244535],[-61.1059947,8.83384204],[-61.1044445,8.82666647],[-61.10360563,8.82533991],[-61.10263002,8.82470214],[-61.10053265,8.8249104],[-61.09956586,8.82536864]],[[-61.04188764,8.99361312],[-61.03846335,8.99288416],[-61.02051878,8.99765718],[-61.01849055,9.00206184],[-61.00955451,9.01100338],[-61.00438476,9.01834357],[-61.00250697,9.02216077],[-61.00241816,9.03080964],[-61.00015116,9.03576577],[-60.99699247,9.03828692],[-60.98941445,9.03851855],[-60.9875288,9.04035163],[-60.98536944,9.04621458],[-60.98559332,9.05088925],[-60.98402715,9.05323255],[-60.98060215,9.05497515],[-60.97352624,9.06118464],[-60.96368372,9.06170774],[-60.95536935,9.0651195],[-60.95037436,9.07271135],[-60.94256282,9.08154845],[-60.93318117,9.08868265],[-60.92886555,9.08981407],[-60.92277086,9.08962631],[-60.92226732,9.08950734],[-60.91850233,9.08775938],[-60.91813755,9.08750534],[-60.9119699,9.08215702],[-60.91144621,9.08196044],[-60.90635526,9.08127761],[-60.90095866,9.08237827],[-60.89132214,9.08599973],[-60.88146198,9.09229958],[-60.87175131,9.09612882],[-60.8673526,9.09992361],[-60.86711454,9.10183763],[-60.86894655,9.11009324],[-60.86884296,9.11088014],[-60.86488736,9.11699736],[-60.86134398,9.11975825],[-60.85779774,9.12712777],[-60.85592234,9.13604963],[-60.85164297,9.17365134],[-60.84854317,9.18859732],[-60.84867156,9.19009733],[-60.85182512,9.19401705],[-60.85226691,9.1944772],[-60.85699034,9.19478095],[-60.86084545,9.1966356],[-60.86264384,9.19719362],[-60.87362301,9.19651485],[-60.87411451,9.19637597],[-60.88291657,9.19314182],[-60.89452684,9.18688464],[-60.90747213,9.18283582],[-60.91434312,9.17955256],[-60.926476,9.17581904],[-60.93791413,9.17561352],[-60.94433618,9.1728034],[-60.94455338,9.17251945],[-60.94749284,9.16755891],[-60.94784284,9.16472995],[-60.95195508,9.16082454],[-60.95616615,9.15242553],[-60.95929635,9.15002024],[-60.96359384,9.140625],[-60.96835375,9.13346446],[-60.97249818,9.12959063],[-60.98168182,9.12589276],[-60.98431063,9.12349224],[-60.99107766,9.10505533],[-60.98664713,9.09990072],[-60.98673368,9.09625006],[-60.99042761,9.09287715],[-60.99544513,9.09123695],[-61.00053775,9.0855484],[-60.99993575,9.07270503],[-61.00315702,9.06567931],[-61.00050044,9.05490816],[-61.00248492,9.04815626],[-61.01450717,9.04013276],[-61.02540064,9.02739167],[-61.03121185,9.02407146],[-61.03718603,9.01847184],[-61.04406071,9.00848353],[-61.05041885,9.00538623],[-61.05120945,9.00265014],[-61.04874861,8.99794066],[-61.04835284,8.99736452],[-61.04188764,8.99361312]],[[-60.90050924,9.19299924],[-60.90188575,9.19412601],[-60.91042411,9.19145465],[-60.91221762,9.19490695],[-60.91253602,9.19512427],[-60.91400576,9.19523263],[-60.91795301,9.19555366],[-60.92531443,9.19546616],[-60.92561901,9.19537663],[-60.92859173,9.19216394],[-60.93109691,9.19169116],[-60.9314568,9.19044983],[-60.93524754,9.18988061],[-60.93600023,9.18691337],[-60.93788457,9.18633926],[-60.93896484,9.18438935],[-60.93981361,9.17999995],[-60.93961811,9.17971706],[-60.93139625,9.17894721],[-60.92753041,9.17947924],[-60.91568196,9.18430698],[-60.90050924,9.19299924]],[[-60.89216268,9.19633651],[-60.88843083,9.19827843],[-60.88862681,9.20047236],[-60.88873851,9.20072877],[-60.89333034,9.19805574],[-60.89263797,9.19632375],[-60.89216268,9.19633651]],[[-60.88457107,9.19912446],[-60.88105452,9.19899642],[-60.86773133,9.20199943],[-60.85164106,9.20180655],[-60.84784186,9.20273042],[-60.84459376,9.20437491],[-60.84225845,9.20791733],[-60.82507086,9.21764696],[-60.83013082,9.21858931],[-60.83661664,9.22513735],[-60.84136653,9.22562933],[-60.8419311,9.22597468],[-60.84385955,9.225003],[-60.84752905,9.22568095],[-60.85111475,9.22385228],[-60.85200632,9.22194767],[-60.85404801,9.22232938],[-60.86250818,9.21873093],[-60.86402154,9.21663284],[-60.86595213,9.21679938],[-60.86647475,9.21647465],[-60.86803544,9.21376658],[-60.88351512,9.20606875],[-60.88655305,9.20035243],[-60.88457107,9.19912446]],[[-60.89913118,9.22513771],[-60.89451396,9.22751832],[-60.88679755,9.22812152],[-60.87823665,9.23517811],[-60.87659323,9.23559785],[-60.87637615,9.23586822],[-60.87621605,9.23750305],[-60.87524247,9.24102914],[-60.88979661,9.23647654],[-60.90563631,9.23337173],[-60.91213048,9.22916472],[-60.91562426,9.22532618],[-60.91622365,9.22292983],[-60.90687621,9.22344184],[-60.89913118,9.22513771]],[[-60.9162811,9.22866118],[-60.91640484,9.22890603],[-60.91685915,9.22883105],[-60.9170593,9.22874904],[-60.91720104,9.2286092],[-60.9173032,9.22843015],[-60.91744101,9.22828901],[-60.91761172,9.22818816],[-60.91774213,9.22805882],[-60.91784275,9.22789156],[-60.9180268,9.22772014],[-60.91836345,9.22747862],[-60.91877151,9.22708738],[-60.91903114,9.22668445],[-60.91907787,9.22633827],[-60.91883492,9.22613287],[-60.91837943,9.22622836],[-60.91783893,9.22656667],[-60.91745806,9.2268399],[-60.91718745,9.2272042],[-60.91701305,9.22736812],[-60.91668844,9.22760344],[-60.91633272,9.22798276],[-60.91620231,9.22835505],[-60.9162811,9.22866118]],[[-60.84391761,9.10285294],[-60.84511292,9.10049295],[-60.84539068,9.09927881],[-60.84615994,9.08693457],[-60.84621727,9.08661675],[-60.85030282,9.07749164],[-60.85122085,9.07567883],[-60.85847652,9.06580031],[-60.86563253,9.05249763],[-60.86768734,9.04310465],[-60.86702895,9.04141128],[-60.87326753,9.03762913],[-60.87792194,9.03329182],[-60.87843585,9.03188956],[-60.87832832,9.03156972],[-60.8687849,9.02507842],[-60.86159825,9.01813173],[-60.85755837,9.01640511],[-60.85716367,9.01639616],[-60.84871423,9.01925933],[-60.84212184,9.02454865],[-60.83789575,9.02704251],[-60.82456398,9.03350711],[-60.82412374,9.03384387],[-60.82233894,9.03617597],[-60.8203125,9.04101563],[-60.81828928,9.04811251],[-60.81104696,9.05664062],[-60.80319274,9.06217885],[-60.79131806,9.06520176],[-60.78502023,9.06984162],[-60.7851212,9.07154214],[-60.7907474,9.07178056],[-60.79409432,9.07355523],[-60.79361784,9.07505953],[-60.79700875,9.07500935],[-60.80234981,9.07335222],[-60.80617821,9.06956065],[-60.80825603,9.07035243],[-60.81341291,9.0637902],[-60.81403625,9.06458175],[-60.81130886,9.06878507],[-60.81107664,9.07159245],[-60.81221735,9.07248127],[-60.81631863,9.06985462],[-60.81928265,9.07154882],[-60.81930006,9.07183182],[-60.81701052,9.07534742],[-60.81294382,9.07660174],[-60.81253934,9.07697165],[-60.8099395,9.08105278],[-60.8141309,9.08142221],[-60.81612468,9.08302236],[-60.81627226,9.08601606],[-60.81620181,9.0868082],[-60.8136121,9.09457994],[-60.81344295,9.10767806],[-60.81194818,9.11147535],[-60.80879176,9.11427486],[-60.80877042,9.11484325],[-60.81046617,9.12000155],[-60.81098986,9.12072897],[-60.81195247,9.12123835],[-60.8148185,9.12157846],[-60.81650293,9.12117147],[-60.82726026,9.11443996],[-60.837641,9.10989296],[-60.84391761,9.10285294]],[[-60.75469637,9.08522522],[-60.75253892,9.08405101],[-60.75199616,9.08405352],[-60.74708295,9.08604956],[-60.74695206,9.08630145],[-60.74413812,9.09868705],[-60.74357855,9.10300505],[-60.74384105,9.10495102],[-60.74551165,9.10951447],[-60.74722326,9.1107887],[-60.74986994,9.11055374],[-60.75154114,9.10933495],[-60.75193036,9.10866535],[-60.75908566,9.0970422],[-60.75951481,9.095577],[-60.75981176,9.09389043],[-60.75788951,9.08847213],[-60.75469637,9.08522522]],[[-60.91869974,9.08360755],[-60.92217457,9.0847913],[-60.92653418,9.08476555],[-60.93370366,9.08292615],[-60.94088066,9.07618403],[-60.94089282,9.07589924],[-60.93794882,9.07396865],[-60.93534005,9.07356262],[-60.92410564,9.07844114],[-60.92190123,9.08021021],[-60.91845953,9.08234787],[-60.91846287,9.08328152],[-60.91869974,9.08360755]],[[-60.99895835,9.03591585],[-60.99978662,9.02246952],[-60.99354243,9.02406287],[-60.98024332,9.03164864],[-60.96180081,9.05434406],[-60.95982051,9.05712283],[-60.95813441,9.05968547],[-60.95803857,9.06004643],[-60.95827997,9.06127763],[-60.95902514,9.06173432],[-60.97104502,9.06022584],[-60.98432398,9.05199635],[-60.98513365,9.04978526],[-60.98473704,9.04423988],[-60.98712516,9.03963423],[-60.98929048,9.03775287],[-60.99751377,9.03735614],[-60.99895835,9.03591585]],[[-60.96494651,8.99343371],[-60.96831417,8.98519397],[-60.97189808,8.98100615],[-60.97507608,8.97955847],[-60.98511064,8.97871041],[-60.98628771,8.97819221],[-60.987836,8.9773854],[-60.98919165,8.97541976],[-60.98965454,8.97460794],[-60.98977184,8.97252071],[-60.98967254,8.97214043],[-60.98895931,8.97170126],[-60.98803592,8.97210896],[-60.98084187,8.97606206],[-60.97461545,8.97815514],[-60.95933294,8.97946465],[-60.95582545,8.98024237],[-60.95490837,8.98056686],[-60.94783783,8.98555458],[-60.94721854,8.98784578],[-60.9493196,8.98997533],[-60.95490992,8.99381971],[-60.96088791,8.99556506],[-60.96201575,8.99672246],[-60.96277285,8.99720967],[-60.96494651,8.99343371]],[[-60.95148921,8.98034132],[-60.95059657,8.98024201],[-60.94726145,8.98192871],[-60.94740546,8.98463273],[-60.94756663,8.98491764],[-60.95132411,8.98195314],[-60.95148921,8.98034132]],[[-60.97177935,8.98658502],[-60.97488904,8.98748088],[-60.97846115,8.98641586],[-60.9788866,8.98570776],[-60.97872186,8.98503315],[-60.97637248,8.98457313],[-60.97480452,8.9845798],[-60.97317827,8.98497105],[-60.97230005,8.98542333],[-60.97177935,8.98658502]],[[-60.83318973,8.98740137],[-60.82884586,8.98528326],[-60.82801342,8.98539603],[-60.82485986,8.98657215],[-60.82549596,8.98841882],[-60.82775831,8.99094212],[-60.83036506,8.99299502],[-60.83430195,8.99435604],[-60.83758521,8.99439454],[-60.83778703,8.99418664],[-60.83581495,8.98981714],[-60.83379161,8.98781884],[-60.83318973,8.98740137]],[[-60.85000157,8.98232257],[-60.84979486,8.98103964],[-60.84926593,8.98083365],[-60.84887016,8.98095405],[-60.84716833,8.98251605],[-60.84982121,8.98270094],[-60.85000157,8.98232257]],[[-60.83852005,8.97802114],[-60.84591246,8.97421384],[-60.84922361,8.96943188],[-60.85401344,8.96520174],[-60.85391557,8.96484375],[-60.85419798,8.96484375],[-60.8542279,8.96393752],[-60.85775876,8.95347941],[-60.85827875,8.95079577],[-60.8592689,8.94488001],[-60.85794532,8.94424331],[-60.85420072,8.94454408],[-60.850968,8.94518232],[-60.84876585,8.94592345],[-60.84304631,8.94924605],[-60.83814442,8.95442641],[-60.83351994,8.96331501],[-60.83301961,8.96484375],[-60.83225524,8.96793306],[-60.832322,8.96854556],[-60.83379424,8.97126293],[-60.83253682,8.97527134],[-60.83274615,8.97620082],[-60.83421862,8.97816265],[-60.83549464,8.97851193],[-60.83737397,8.97848606],[-60.83852005,8.97802114]],[[-60.9899348,8.85482836],[-60.99519992,8.85180044],[-61.00008535,8.84714735],[-61.00874805,8.84107578],[-61.01343155,8.83884001],[-61.01425755,8.83758914],[-61.01424587,8.83705628],[-61.01369894,8.83554995],[-61.0107758,8.83267343],[-61.00745225,8.83042598],[-60.99935722,8.82959211],[-60.98775864,8.83419645],[-60.97545123,8.83681572],[-60.96622384,8.84175336],[-60.96581686,8.84188986],[-60.95787251,8.84199226],[-60.95656073,8.84238946],[-60.9558953,8.84308922],[-60.95646346,8.84440374],[-60.96435165,8.85444582],[-60.9667263,8.85651147],[-60.97064745,8.85817945],[-60.97559476,8.85968328],[-60.98115957,8.85720408],[-60.98703301,8.85610068],[-60.9899348,8.85482836]],[[-60.99980247,8.8515259],[-61.00017774,8.85202265],[-61.00361633,8.85097218],[-61.00784123,8.84844005],[-61.00861335,8.84651828],[-61.00737214,8.84605396],[-61.00320566,8.8473984],[-60.99977136,8.85102463],[-60.99980247,8.8515259]],[[-61.0460304,8.82536221],[-61.04498148,8.82511723],[-61.04119921,8.82555366],[-61.03715217,8.82742572],[-61.03189516,8.83478916],[-61.03851497,8.83434856],[-61.04344714,8.83180463],[-61.04431951,8.83118713],[-61.0469352,8.82742941],[-61.04679167,8.82605064],[-61.0460304,8.82536221]],[[-61.09885514,8.80032134],[-61.09634721,8.79975343],[-61.08715177,8.80332363],[-61.07944834,8.80733407],[-61.07758164,8.80982804],[-61.08234084,8.81007826],[-61.08600152,8.81107545],[-61.09182036,8.81110477],[-61.09296977,8.81059802],[-61.09713864,8.80741191],[-61.09859765,8.80321395],[-61.09885514,8.80032134]],[[-61.12537456,8.76749873],[-61.1242094,8.76745355],[-61.12113476,8.76833165],[-61.12065911,8.76857364],[-61.11909723,8.77024961],[-61.11861825,8.77095068],[-61.11475694,8.78177285],[-61.11787283,8.78074765],[-61.12073255,8.77808213],[-61.12142313,8.77709806],[-61.1254791,8.76990426],[-61.12570405,8.76925921],[-61.12537456,8.76749873]],[[-60.94490504,8.81866956],[-60.9504019,8.81604171],[-60.94866025,8.81531966],[-60.94384754,8.81672656],[-60.94165134,8.81820893],[-60.94163728,8.81878507],[-60.94242501,8.81944203],[-60.94316316,8.81881726],[-60.94490504,8.81866956]],[[-60.82346284,8.86556911],[-60.82155323,8.85965765],[-60.8203125,8.85993302],[-60.8203125,8.86021197],[-60.81655145,8.86529982],[-60.81640065,8.86558223],[-60.81356156,8.87177396],[-60.81393886,8.87205136],[-60.8203125,8.87053573],[-60.82073605,8.87053573],[-60.82181954,8.8695569],[-60.82295108,8.86840856],[-60.8236109,8.86611807],[-60.82346284,8.86556911]],[[-60.80856538,8.87220538],[-60.80756056,8.87196207],[-60.79878128,8.87627268],[-60.80036163,8.8767426],[-60.80209351,8.87619245],[-60.80391085,8.87494051],[-60.80822015,8.87313032],[-60.80856538,8.87220538]],[[-60.81103241,8.87477171],[-60.81017435,8.87681723],[-60.81121361,8.87733781],[-60.81402946,8.87535751],[-60.81405771,8.87498677],[-60.81103241,8.87477171]],[[-60.82127595,8.85862184],[-60.82378614,8.86473131],[-60.82570016,8.86320496],[-60.82890105,8.8544296],[-60.83170903,8.85057163],[-60.83596194,8.84743071],[-60.84224594,8.84772825],[-60.85277462,8.85204864],[-60.85667813,8.8512994],[-60.86260116,8.83607995],[-60.86602378,8.83002806],[-60.85661912,8.82853985],[-60.85559523,8.82888508],[-60.85373425,8.82949066],[-60.83146155,8.82905114],[-60.82481444,8.83018768],[-60.82427645,8.83039248],[-60.82312191,8.83156228],[-60.82313633,8.84054124],[-60.82192934,8.84725177],[-60.82186186,8.84783244],[-60.82229662,8.85728943],[-60.82127595,8.85862184]],[[-60.82495701,8.82635915],[-60.84135282,8.82524717],[-60.84389401,8.82435203],[-60.84478343,8.8238883],[-60.84961951,8.81761122],[-60.85375154,8.81497645],[-60.85416162,8.81477368],[-60.8580718,8.81368804],[-60.86537194,8.81386364],[-60.86897147,8.81163454],[-60.87082756,8.80708206],[-60.87036717,8.80594194],[-60.86967957,8.80512595],[-60.86884308,8.8051064],[-60.86783052,8.80556393],[-60.86506975,8.80827606],[-60.86229801,8.80923295],[-60.84664273,8.81060863],[-60.82947552,8.81565261],[-60.82518685,8.82057655],[-60.81850636,8.81982386],[-60.81673098,8.82049167],[-60.82076144,8.82582045],[-60.82180893,8.8260498],[-60.82495701,8.82635915]],[[-60.81993592,8.81908667],[-60.82245672,8.82012308],[-60.82485676,8.82001877],[-60.82791245,8.81568933],[-60.82779253,8.81536102],[-60.82569575,8.81517816],[-60.82514823,8.81531274],[-60.8203125,8.81780136],[-60.81993592,8.81908667]],[[-60.81833065,8.81854355],[-60.82477212,8.81486011],[-60.82783735,8.81398964],[-60.82977724,8.81482244],[-60.84189618,8.81007981],[-60.85392463,8.80806518],[-60.86202586,8.80786824],[-60.86901665,8.80372155],[-60.8730067,8.80408823],[-60.87351835,8.80380476],[-60.87621331,8.80053723],[-60.88626564,8.79527855],[-60.89525795,8.78755665],[-60.89992583,8.78059781],[-60.90384674,8.77711892],[-60.91570926,8.75660014],[-60.92531121,8.74950707],[-60.92547011,8.7476449],[-60.91967964,8.74612284],[-60.91246057,8.74658895],[-60.90876043,8.74504101],[-60.90270531,8.74813104],[-60.89365566,8.74811327],[-60.88633633,8.75460374],[-60.88673055,8.76121855],[-60.88511038,8.76449943],[-60.88253963,8.76624894],[-60.86249948,8.76649153],[-60.85270894,8.76991391],[-60.85003746,8.77229083],[-60.83890045,8.77757466],[-60.81826711,8.78293204],[-60.81301284,8.78814101],[-60.81272602,8.78862512],[-60.81189573,8.79454494],[-60.81048775,8.79812646],[-60.80981207,8.79926956],[-60.80467975,8.80416274],[-60.80311942,8.80667818],[-60.80276823,8.80778456],[-60.80228555,8.81146574],[-60.80248201,8.81189942],[-60.80550826,8.81400645],[-60.81000757,8.81702125],[-60.81833065,8.81854355]],[[-60.80130565,8.80455685],[-60.79924774,8.79869974],[-60.79466701,8.80066133],[-60.79212821,8.80524051],[-60.79471886,8.81121111],[-60.79842806,8.81194186],[-60.8013941,8.81096995],[-60.80130565,8.80455685]],[[-60.80167544,8.79924655],[-60.80311537,8.80451131],[-60.80972588,8.79822361],[-60.80992878,8.79784965],[-60.81214023,8.78836691],[-60.81342018,8.78695035],[-60.81295645,8.78659332],[-60.81211746,8.78660762],[-60.80788767,8.7890625],[-60.80256462,8.79627347],[-60.80167544,8.79924655]],[[-60.81920445,8.78121698],[-60.81915581,8.78001416],[-60.81822312,8.78005195],[-60.81536126,8.78135324],[-60.81366766,8.78392112],[-60.81467021,8.78439224],[-60.81920445,8.78121698]],[[-60.85239875,8.76847148],[-60.86358345,8.76525605],[-60.88220882,8.76555705],[-60.88603926,8.76164305],[-60.88545656,8.75556326],[-60.87681234,8.75722492],[-60.86479557,8.75698936],[-60.86237454,8.75562787],[-60.85428131,8.75740004],[-60.84691358,8.76024342],[-60.84387231,8.76202714],[-60.84082627,8.7645092],[-60.84078336,8.76583552],[-60.83333123,8.76978302],[-60.82817924,8.76894367],[-60.82726896,8.76956463],[-60.82178545,8.77777934],[-60.82182658,8.77809095],[-60.82766354,8.77836943],[-60.82824957,8.7784723],[-60.83665884,8.77646875],[-60.83906865,8.77506006],[-60.85239875,8.76847148]],[[-60.83206677,8.76945984],[-60.83260143,8.76956081],[-60.83668423,8.7672683],[-60.84609425,8.76010716],[-60.84137654,8.75951612],[-60.83574033,8.76109147],[-60.83134007,8.76007044],[-60.83079624,8.76018715],[-60.83013833,8.76154864],[-60.8291229,8.76368678],[-60.82887948,8.76822686],[-60.83206677,8.76945984]],[[-60.83110273,8.75907898],[-60.83605552,8.76057327],[-60.84109426,8.7589581],[-60.84896755,8.75901127],[-60.85427523,8.75656307],[-60.86231995,8.75477266],[-60.87681234,8.75638795],[-60.88454056,8.75471365],[-60.89352858,8.74724162],[-60.9010601,8.74720526],[-60.90677536,8.74469745],[-60.91165328,8.73607051],[-60.92569435,8.72820926],[-60.93002856,8.72392142],[-60.93073952,8.72167492],[-60.92932165,8.72075987],[-60.92520332,8.72187674],[-60.92483616,8.72203946],[-60.91583264,8.72716785],[-60.91510487,8.72761858],[-60.91072714,8.73081481],[-60.91023755,8.73096025],[-60.88743126,8.7355206],[-60.88308966,8.73878193],[-60.86415803,8.74673736],[-60.85657454,8.74587715],[-60.84953237,8.74743712],[-60.84444797,8.74723661],[-60.83405304,8.75365508],[-60.83110273,8.75907898]],[[-60.84750664,8.74556065],[-60.85113335,8.74401701],[-60.85141206,8.74398851],[-60.85233223,8.74519718],[-60.85688281,8.74489021],[-60.86909938,8.74310112],[-60.87283671,8.74205673],[-60.87340081,8.74179542],[-60.88922203,8.73285627],[-60.89566445,8.73275256],[-60.90784955,8.73071826],[-60.91072643,8.72997725],[-60.91451657,8.72726595],[-60.91510463,8.72678196],[-60.92484033,8.72120357],[-60.93411756,8.71872485],[-60.94751024,8.70511854],[-60.95761621,8.70245755],[-60.95838094,8.70170116],[-60.95879471,8.70045137],[-60.95973217,8.69215608],[-60.96340311,8.68910205],[-60.97707236,8.68651211],[-60.9791429,8.6847167],[-60.98032296,8.68003964],[-60.98209155,8.67852581],[-60.98524535,8.67966855],[-60.98883915,8.68311167],[-60.99184561,8.68257463],[-60.99302018,8.68120635],[-60.99290764,8.67865956],[-60.9907639,8.67418385],[-60.99070346,8.67035472],[-60.99522448,8.66546917],[-61.00017107,8.65443838],[-61.00017202,8.65211821],[-60.99021304,8.65178502],[-60.98739016,8.65334976],[-60.98367524,8.65825963],[-60.97984707,8.66122103],[-60.97163403,8.66545713],[-60.96272933,8.66705465],[-60.94890785,8.66637313],[-60.93921125,8.66722727],[-60.93440068,8.66800284],[-60.93053627,8.67023981],[-60.92028046,8.68021345],[-60.91219592,8.68474305],[-60.91026735,8.68768513],[-60.9069612,8.68989551],[-60.90596366,8.69271004],[-60.89250314,8.69943404],[-60.88574457,8.70684242],[-60.86900592,8.71711254],[-60.86676717,8.72189283],[-60.86726224,8.72483587],[-60.85087895,8.73756254],[-60.84590554,8.74420571],[-60.84583652,8.74456215],[-60.84750664,8.74556065]],[[-60.8444432,8.73081934],[-60.87147796,8.71146977],[-60.87615275,8.70504093],[-60.88102293,8.70137966],[-60.89685523,8.69389355],[-60.8994863,8.69173944],[-60.90391242,8.69083714],[-60.90983725,8.68400121],[-60.90928221,8.68184745],[-60.91180444,8.68191254],[-60.91879666,8.67880964],[-60.92405784,8.67273533],[-60.92964876,8.66853666],[-60.93274641,8.66679585],[-60.93980765,8.66543555],[-60.94520426,8.66280997],[-60.96457148,8.66431081],[-60.97170985,8.6621567],[-60.97198021,8.66204596],[-60.98883176,8.65041995],[-60.99855435,8.64758456],[-60.99870396,8.64384532],[-60.99802744,8.64197946],[-60.99681926,8.64020514],[-60.99609375,8.63963234],[-60.97719955,8.63566315],[-60.96314001,8.62686563],[-60.96207535,8.62647355],[-60.95823872,8.62680304],[-60.94942653,8.63023675],[-60.94795763,8.63064444],[-60.94253075,8.63116956],[-60.93452716,8.63077533],[-60.93399668,8.63067365],[-60.92057645,8.62670314],[-60.91752303,8.6267035],[-60.91504455,8.62776935],[-60.91367185,8.63017476],[-60.91316771,8.63190961],[-60.91114163,8.64799106],[-60.90735686,8.65116835],[-60.89888573,8.65537035],[-60.89605236,8.65619254],[-60.89165497,8.65644395],[-60.87785375,8.65282094],[-60.87335861,8.65265214],[-60.86777031,8.65404093],[-60.86625874,8.65582466],[-60.8567996,8.65382206],[-60.85171306,8.65815425],[-60.83004391,8.65634966],[-60.82176352,8.65630984],[-60.81875706,8.65660036],[-60.81422353,8.65805864],[-60.81317425,8.65856767],[-60.80815935,8.66446042],[-60.80362034,8.67031074],[-60.79890585,8.67763066],[-60.79315102,8.69017005],[-60.79300904,8.69051003],[-60.78999448,8.70032787],[-60.79019046,8.70513594],[-60.79142523,8.7072829],[-60.79170561,8.70747316],[-60.79652846,8.70812285],[-60.79697704,8.70825005],[-60.79767477,8.70958793],[-60.79675627,8.71300006],[-60.79588461,8.71308613],[-60.79283416,8.71185851],[-60.79114926,8.71267176],[-60.78939235,8.71717835],[-60.79063976,8.71776736],[-60.79556513,8.71554828],[-60.80262196,8.71260095],[-60.80520165,8.70762241],[-60.80711091,8.70977986],[-60.81910884,8.70597124],[-60.81951332,8.70595086],[-60.8203125,8.70703125],[-60.8203125,8.70731032],[-60.82068992,8.70883405],[-60.82045352,8.70926344],[-60.8203125,8.70926344],[-60.80701876,8.71236086],[-60.79604101,8.72000146],[-60.79494214,8.72035146],[-60.78532445,8.72482371],[-60.7822715,8.73033726],[-60.78196847,8.73091221],[-60.79315591,8.73412001],[-60.79449534,8.734375],[-60.80803967,8.73235726],[-60.80933833,8.73208535],[-60.81694937,8.7288444],[-60.82637465,8.72771513],[-60.82926154,8.72771025],[-60.83004904,8.72941744],[-60.83943546,8.73155534],[-60.84408951,8.73097265],[-60.8444432,8.73081934]],[[-60.78231561,8.73250222],[-60.78036034,8.73237741],[-60.77944815,8.73272276],[-60.77273536,8.73870444],[-60.77354002,8.74202836],[-60.77818763,8.74284327],[-60.78047776,8.74333465],[-60.79253685,8.73696291],[-60.79280841,8.73679876],[-60.79308856,8.73582935],[-60.79294765,8.73572564],[-60.78231561,8.73250222]],[[-60.78265297,8.74226105],[-60.78093052,8.74360573],[-60.78106153,8.74437165],[-60.78163946,8.74495125],[-60.78233206,8.74538195],[-60.79108036,8.73963273],[-60.79192066,8.73775566],[-60.79170036,8.73778296],[-60.78265297,8.74226105]],[[-60.78103697,8.74544775],[-60.76761484,8.74115336],[-60.75837088,8.74287903],[-60.74933624,8.74205685],[-60.74741971,8.74219],[-60.74044502,8.74361503],[-60.72851884,8.75113845],[-60.72441495,8.75740194],[-60.71860528,8.76038742],[-60.71742678,8.76261032],[-60.71563935,8.76347327],[-60.7152549,8.77555895],[-60.72059357,8.778988],[-60.73524344,8.77873886],[-60.73888171,8.77910686],[-60.74566674,8.78044152],[-60.75027883,8.77988184],[-60.75267255,8.77876985],[-60.75638866,8.77432036],[-60.76363373,8.76771355],[-60.76542318,8.76598883],[-60.76965427,8.76113081],[-60.77541161,8.76158524],[-60.77751768,8.76002002],[-60.7787801,8.75775147],[-60.77880013,8.75758815],[-60.77942395,8.75461686],[-60.78323185,8.74818611],[-60.78290308,8.74751782],[-60.78103697,8.74544775]],[[-60.71306181,8.76717651],[-60.71161032,8.76689327],[-60.70832407,8.76859558],[-60.70689106,8.77325916],[-60.71325338,8.7691704],[-60.71306181,8.76717651]],[[-60.7688179,8.73402452],[-60.77372396,8.73027873],[-60.77413845,8.72986436],[-60.77709365,8.72465563],[-60.77685344,8.71916962],[-60.77511203,8.71988833],[-60.76428175,8.73125625],[-60.76317215,8.73172402],[-60.76124775,8.73253262],[-60.76090753,8.73296964],[-60.76201236,8.73418736],[-60.76449645,8.73552763],[-60.76845837,8.73415875],[-60.7688179,8.73402452]],[[-60.81913137,8.70822024],[-60.81906664,8.70689523],[-60.81797767,8.70691514],[-60.81588018,8.70750678],[-60.81534243,8.70850205],[-60.81705666,8.70907402],[-60.81872427,8.70840478],[-60.81913137,8.70822024]],[[-60.77247584,8.71043885],[-60.76432514,8.70929801],[-60.76433551,8.71031177],[-60.76487946,8.71110356],[-60.76728284,8.71170366],[-60.76855028,8.71180177],[-60.77247584,8.71043885]],[[-60.84393084,8.65476418],[-60.84637356,8.65245366],[-60.84133267,8.65014994],[-60.83514643,8.64908254],[-60.8203125,8.64955354],[-60.82106662,8.65120494],[-60.82497072,8.65296662],[-60.83117747,8.65520716],[-60.83507502,8.65555418],[-60.83995235,8.65562534],[-60.84199536,8.65547502],[-60.84393084,8.65476418]],[[-60.98386335,8.63597274],[-60.99295294,8.63836253],[-60.99855304,8.63281476],[-61.00115657,8.63153315],[-61.00138271,8.63084245],[-61.00126958,8.62989581],[-61.00070822,8.62894547],[-60.99731314,8.62757838],[-60.99408376,8.62689197],[-60.99231327,8.62676382],[-60.97130644,8.62911451],[-60.97268403,8.63113618],[-60.97596467,8.6333307],[-60.97902322,8.63473594],[-60.98386335,8.63597274]],[[-60.87554562,8.70954525],[-60.87356293,8.71231568],[-60.87755466,8.71077943],[-60.87800026,8.71035278],[-60.87892735,8.70848107],[-60.87861514,8.70817876],[-60.87751305,8.70830142],[-60.87554562,8.70954525]],[[-60.93280315,8.73580551],[-60.92676485,8.74995792],[-60.91683924,8.75855565],[-60.90781426,8.77276421],[-60.90623164,8.77703285],[-60.89818907,8.78717375],[-60.88561726,8.79816985],[-60.88035262,8.80026138],[-60.87472343,8.80469668],[-60.87106204,8.81161284],[-60.86877727,8.81365526],[-60.86474252,8.81584096],[-60.85632765,8.81542504],[-60.84943426,8.82020223],[-60.84824884,8.82297254],[-60.84900248,8.8238641],[-60.86249256,8.82372487],[-60.86339855,8.82375681],[-60.8705945,8.82530916],[-60.88255692,8.82473743],[-60.88594162,8.82416177],[-60.89435327,8.82108712],[-60.89983237,8.81843698],[-60.90263474,8.81650627],[-60.90502608,8.8144958],[-60.90544581,8.81399286],[-60.90894115,8.80813754],[-60.91004133,8.8041296],[-60.91149116,8.79747164],[-60.91068542,8.78672087],[-60.91403305,8.78003538],[-60.92315984,8.77063954],[-60.93639612,8.76389492],[-60.94272578,8.76287627],[-60.94275105,8.76074314],[-60.93998528,8.75810206],[-60.93776405,8.75282848],[-60.93826592,8.74787843],[-60.94018984,8.74368036],[-60.94248855,8.74109721],[-60.94837356,8.73804355],[-60.95426214,8.73657763],[-60.95978725,8.73379862],[-60.96618545,8.72829795],[-60.96818745,8.72399807],[-60.96782637,8.72344124],[-60.96539104,8.72432244],[-60.95327651,8.72392881],[-60.95056331,8.72453702],[-60.94477928,8.72744024],[-60.94410765,8.72783971],[-60.94194365,8.72842157],[-60.94137394,8.7287997],[-60.93954492,8.73197901],[-60.93280315,8.73580551]],[[-60.99556124,8.72089231],[-60.99684274,8.72091556],[-61.00011206,8.72073543],[-61.00228453,8.71824181],[-60.99432886,8.71603656],[-60.98897052,8.7173686],[-60.99152255,8.71952856],[-60.99287105,8.72020161],[-60.99556124,8.72089231]],[[-61.02192914,8.71830785],[-61.03107071,8.71952343],[-61.03376257,8.71911645],[-61.03429782,8.71963513],[-61.03501773,8.71894741],[-61.03490841,8.71846342],[-61.03215873,8.71683776],[-61.02650583,8.71518946],[-61.02212048,8.71431506],[-61.01585293,8.71458805],[-61.01562023,8.71503651],[-61.01563334,8.71542025],[-61.01778734,8.71610916],[-61.02159774,8.71825302],[-61.02192914,8.71830785]],[[-60.99227416,8.60356557],[-60.99116242,8.60344195],[-60.98972964,8.60352254],[-60.98947585,8.60391986],[-60.98953772,8.6046046],[-60.99397814,8.60803723],[-60.99847925,8.60929072],[-61.00108445,8.60921001],[-61.0024755,8.60874176],[-61.00252795,8.60840666],[-61.00081825,8.60580051],[-60.99227416,8.60356557]],[[-60.77114284,8.63236988],[-60.77016401,8.62667572],[-60.7714473,8.62352264],[-60.76089621,8.62348676],[-60.75922644,8.62384665],[-60.7574228,8.62519145],[-60.75579596,8.62775254],[-60.7570703,8.62456536],[-60.75556493,8.62367141],[-60.74709415,8.62502861],[-60.74380565,8.62744415],[-60.75393474,8.62620687],[-60.75215197,8.62970555],[-60.75300026,8.63126886],[-60.75432634,8.62974656],[-60.7595005,8.62765205],[-60.75989091,8.62771285],[-60.76233661,8.62934005],[-60.76601541,8.62938535],[-60.76632094,8.62958145],[-60.76752317,8.63118207],[-60.76788771,8.63429594],[-60.77061725,8.6340394],[-60.77114284,8.63236988]],[[-60.80533004,9.136904],[-60.80394137,9.14114821],[-60.81435275,9.13016164],[-60.81539786,9.12791145],[-60.81519878,9.12739003],[-60.81413054,9.12736106],[-60.80989993,9.12963796],[-60.80533004,9.136904]],[[-60.85622883,9.26105285],[-60.85700595,9.26122522],[-60.86275876,9.2572664],[-60.86302102,9.25700283],[-60.8657639,9.25362146],[-60.86554086,9.25305235],[-60.86396503,9.25238276],[-60.86365712,9.25252843],[-60.85886073,9.25624812],[-60.85582817,9.25922537],[-60.85576916,9.26078773],[-60.85622883,9.26105285]],[[-61.08288717,9.14913511],[-61.08865333,9.15312445],[-61.09592593,9.15053272],[-61.09974146,9.14469278],[-61.10063934,9.14184332],[-61.10037553,9.140625],[-61.10000944,9.14040184],[-61.09570622,9.14137375],[-61.08668315,9.14260721],[-61.08370447,9.14560735],[-61.08251142,9.14715326],[-61.08233476,9.14756846],[-61.08288717,9.14913511]],[[-61.05615902,9.13668942],[-61.05611742,9.13448644],[-61.05578744,9.13451254],[-61.04974592,9.13786471],[-61.04844832,9.13914633],[-61.04879677,9.1401813],[-61.04960465,9.140625],[-61.04950643,9.140625],[-61.05076206,9.14133155],[-61.05355787,9.140625],[-61.05355787,9.14048553],[-61.05597186,9.13714182],[-61.05615902,9.13668942]],[[-61.09979403,9.06137145],[-61.09874344,9.06131756],[-61.09665215,9.06283283],[-61.09165895,9.06804037],[-61.08779478,9.075266],[-61.08351457,9.08838916],[-61.08514047,9.08748317],[-61.08693516,9.08504784],[-61.09945023,9.06820607],[-61.10063636,9.06349671],[-61.10064125,9.06317687],[-61.10009456,9.06154001],[-61.09979403,9.06137145]],[[-61.15547752,8.83758175],[-61.155074,8.83721447],[-61.15449655,8.83724976],[-61.15327954,8.8390882],[-61.15270412,8.84263611],[-61.15295553,8.84679115],[-61.15516245,8.84530425],[-61.15629268,8.8427515],[-61.15655267,8.84136033],[-61.15547752,8.83758175]],[[-62.08278024,8.74144244],[-62.08403265,8.74199295],[-62.09091866,8.74016726],[-62.10520947,8.73416877],[-62.10575247,8.73385596],[-62.11057937,8.72888923],[-62.11198127,8.72549581],[-62.11162615,8.72502553],[-62.1053158,8.72594285],[-62.10296524,8.72642851],[-62.09011042,8.73191965],[-62.08552086,8.73646593],[-62.08278024,8.74144244]],[[-62.05220532,8.82583904],[-62.05241787,8.82601094],[-62.05705392,8.82335043],[-62.05720007,8.82002854],[-62.05584228,8.81998146],[-62.05438805,8.82098651],[-62.05242395,8.82420325],[-62.05220532,8.82583904]],[[-61.78192866,9.25082696],[-61.78368807,9.25851142],[-61.78481865,9.25304568],[-61.78504395,9.2489475],[-61.78462756,9.24531186],[-61.78396964,9.24326706],[-61.78175998,9.2399255],[-61.77874684,9.23746455],[-61.77836335,9.23769832],[-61.77755165,9.24031842],[-61.7779597,9.24564075],[-61.78192866,9.25082696]],[[-61.55576825,9.60681868],[-61.55629146,9.60792112],[-61.56262374,9.60541856],[-61.56595683,9.60347748],[-61.56706345,9.60236895],[-61.57061362,9.59523368],[-61.57048845,9.59487581],[-61.56801605,9.59405971],[-61.5643959,9.59626544],[-61.55795705,9.60289133],[-61.55576825,9.60681868]],[[-61.63794374,9.83514655],[-61.63935125,9.83649552],[-61.64119172,9.83639371],[-61.64208221,9.83598554],[-61.64272153,9.83529985],[-61.64320195,9.83377421],[-61.64316273,9.83334374],[-61.64213264,9.83318162],[-61.63947606,9.83360875],[-61.63878393,9.83389008],[-61.63794374,9.83514655]],[[-61.64106834,9.86308932],[-61.64122355,9.86421168],[-61.64427304,9.86416614],[-61.64254665,9.86261368],[-61.64165306,9.86262071],[-61.64106834,9.86308932]],[[-61.82542932,9.76696587],[-61.82163274,9.76596606],[-61.81488645,9.76649225],[-61.81056273,9.76800597],[-61.81027067,9.76832294],[-61.80558395,9.77918696],[-61.80503297,9.78092945],[-61.80426407,9.78539968],[-61.80741274,9.79498875],[-61.81035984,9.80135262],[-61.81419075,9.80389714],[-61.81626415,9.80471635],[-61.81921625,9.80376542],[-61.82333064,9.80316043],[-61.83004963,9.7891587],[-61.83216524,9.78174651],[-61.83161843,9.77589464],[-61.82882214,9.76943314],[-61.82542932,9.76696587]],[[-61.64516795,9.51021612],[-61.64516473,9.50783455],[-61.64481938,9.50796437],[-61.64345133,9.51321125],[-61.64516795,9.51021612]],[[-62.27448285,8.56045377],[-62.27338564,8.56034315],[-62.26861334,8.56172705],[-62.26701701,8.56288171],[-62.26672328,8.56317627],[-62.26540816,8.56648922],[-62.26688945,8.56737292],[-62.27128387,8.56581867],[-62.27541423,8.56181443],[-62.27554393,8.56085408],[-62.27448285,8.56045377]],[[-62.44709766,8.54708254],[-62.44769084,8.54718351],[-62.46400166,8.54429674],[-62.47200525,8.54077613],[-62.47945476,8.53624284],[-62.48323274,8.53340101],[-62.48980248,8.52730382],[-62.48995876,8.52547801],[-62.48974776,8.52480614],[-62.48794115,8.52406251],[-62.48747253,8.52407563],[-62.46773183,8.52587664],[-62.43860042,8.52204227],[-62.42939425,8.52263403],[-62.41542137,8.5271728],[-62.42729735,8.53148615],[-62.43302786,8.53500462],[-62.43506956,8.53637874],[-62.43486476,8.53948164],[-62.4375633,8.54336751],[-62.43936408,8.54450321],[-62.44709766,8.54708254]],[[-62.45804512,8.54708576],[-62.45595932,8.54800284],[-62.46361578,8.54665208],[-62.46134687,8.54621685],[-62.45804512,8.54708576]],[[-62.5365206,8.48725796],[-62.53260672,8.48725212],[-62.52745855,8.48933554],[-62.52669942,8.48982513],[-62.50911546,8.5053879],[-62.51036537,8.50594592],[-62.52180564,8.49969137],[-62.53187633,8.49182224],[-62.53519464,8.49022198],[-62.53746748,8.4889245],[-62.5365206,8.48725796]],[[-61.01736331,8.50141096],[-61.0141623,8.50071263],[-61.00946641,8.50400448],[-61.01043296,8.50548232],[-61.01407433,8.50643372],[-61.01925886,8.50571954],[-61.01736331,8.50141096]]]]},"geometry_name":"the_geom","properties":{"mrgid":8433,"geoname":"Venezuelan Exclusive Economic Zone","mrgid_ter1":2201,"pol_type":"200NM","mrgid_sov1":2201,"territory1":"Venezuela","iso_ter1":"VEN","sovereign1":"Venezuela","mrgid_ter2":null,"mrgid_sov2":null,"territory2":null,"iso_ter2":null,"sovereign2":null,"mrgid_ter3":null,"mrgid_sov3":null,"territory3":null,"iso_ter3":null,"sovereign3":null,"x_1":-65.91423,"y_1":12.78887,"mrgid_eez":8433,"area_km2":472546,"iso_sov1":"VEN","iso_sov2":null,"iso_sov3":null,"un_sov1":862,"un_sov2":null,"un_sov3":null,"un_ter1":862,"un_ter2":null,"un_ter3":null}}],"totalFeatures":2,"numberMatched":2,"numberReturned":2,"timeStamp":"2026-04-02T06:35:08.025Z","crs":{"type":"name","properties":{"name":"urn:ogc:def:crs:EPSG::4326"}}}