{"type":"FeatureCollection","features":[{"type":"Feature","id":"iho.39","geometry":{"type":"MultiPolygon","coordinates":[[[[56.08699912,27.10830579],[56.08874035,27.11032355],[56.09145224,27.11029351],[56.08922625,27.11159086],[56.09041452,27.11657524],[56.09238732,27.11989784],[56.09438264,27.11894655],[56.09402788,27.12066257],[56.09728515,27.12663376],[56.1055541,27.13332164],[56.10722256,27.13254344],[56.10705423,27.13479304],[56.11725044,27.1446141],[56.11767185,27.14499044],[56.12521601,27.14972794],[56.13272762,27.15228045],[56.13484144,27.15282667],[56.13995075,27.15378988],[56.14739096,27.15419543],[56.15036523,27.15424287],[56.17303097,27.15349984],[56.18066931,27.15422475],[56.18826067,27.15252948],[56.19088662,27.15044892],[56.19144213,27.14638054],[56.18851626,27.13690436],[56.18602824,27.13781095],[56.18617141,27.13662875],[56.18846321,27.1356976],[56.19733381,27.13541782],[56.19976962,27.12932396],[56.20180345,27.12839127],[56.19989967,27.13056076],[56.19899142,27.13547063],[56.20054924,27.13655007],[56.20264637,27.13608611],[56.20366752,27.13765836],[56.20240366,27.14245892],[56.20417666,27.14546025],[56.20371592,27.15307605],[56.20453835,27.14827323],[56.20634055,27.14737606],[56.20457232,27.14658546],[56.20546257,27.14275765],[56.20885205,27.1426357],[56.21272576,27.14622438],[56.21289217,27.14345264],[56.21441817,27.14274764],[56.21455514,27.14216268],[56.21379507,27.14019096],[56.21321857,27.14006281],[56.21035016,27.14132845],[56.20701325,27.14051056],[56.20463252,27.13922906],[56.20540345,27.13785446],[56.20572913,27.13763106],[56.20752728,27.13788426],[56.20819545,27.1363312],[56.21007323,27.13595724],[56.21710396,27.13899457],[56.22179985,27.14215946],[56.22211838,27.15249372],[56.21968007,27.15959346],[56.22098458,27.16200304],[56.2213273,27.16217947],[56.22270894,27.16024756],[56.22164857,27.15905833],[56.22287071,27.15089703],[56.23035514,27.15441],[56.23196924,27.15647233],[56.23499835,27.15433276],[56.23453295,27.15724421],[56.23475742,27.15755546],[56.23673713,27.15927613],[56.24139786,27.16233373],[56.25,27.16657364],[56.26266384,27.17240345],[56.2733438,27.17578864],[56.27677405,27.17677414],[56.27723765,27.17683446],[56.27858055,27.17588842],[56.28312886,27.17842603],[56.28588951,27.17828512],[56.28742552,27.17938077],[56.29003096,27.17886424],[56.29153562,27.18021977],[56.29517257,27.18004346],[56.29720664,27.18115687],[56.29893875,27.18060493],[56.31125712,27.18275654],[56.31872344,27.18286955],[56.32061136,27.18501055],[56.32752836,27.18452406],[56.33169603,27.18667781],[56.33690524,27.18588805],[56.34968364,27.18978131],[56.3635447,27.18616462],[56.36631107,27.18763733],[56.3704977,27.18795025],[56.37267482,27.18653095],[56.37132132,27.1851629],[56.38271427,27.18228495],[56.38784492,27.18299913],[56.39251494,27.18055534],[56.39612925,27.18329263],[56.40245545,27.18568623],[56.40363026,27.18867028],[56.40410721,27.18859208],[56.40443671,27.18762887],[56.40236473,27.1832931],[56.39624381,27.18150175],[56.3935281,27.17824185],[56.39352083,27.17527747],[56.39902377,27.17273915],[56.40012944,27.17407811],[56.40209341,27.17322552],[56.40554404,27.17628968],[56.41600156,27.17051232],[56.42360747,27.16832125],[56.42965603,27.16967738],[56.43245578,27.17301941],[56.43412447,27.17326105],[56.43721426,27.17079258],[56.43936324,27.17129827],[56.44070828,27.16898072],[56.44845116,27.16609776],[56.45200324,27.16528463],[56.45440674,27.16651785],[56.46887743,27.16274071],[56.47919321,27.16398406],[56.48521876,27.16681361],[56.48948193,27.16715455],[56.48967946,27.16825116],[56.49207234,27.1664263],[56.50021613,27.16846526],[56.5029633,27.16718304],[56.50697064,27.16858435],[56.51008117,27.16747487],[56.51259935,27.16849625],[56.51361501,27.16609287],[56.51925933,27.16655171],[56.52042937,27.16451526],[56.52272475,27.16441154],[56.52141798,27.16906536],[56.51792502,27.17198241],[56.52095544,27.17194283],[56.52181315,27.17420101],[56.52967155,27.17431796],[56.52998042,27.17333424],[56.52793884,27.17256093],[56.52765274,27.17101073],[56.5303328,27.16849196],[56.53209162,27.16953695],[56.53091526,27.16629827],[56.53466487,27.16459155],[56.53859377,27.16616571],[56.5378077,27.16390467],[56.54380345,27.16285396],[56.54502034,27.15997553],[56.54664636,27.16000712],[56.5478636,27.15809035],[56.55221212,27.15600085],[56.55881393,27.15655255],[56.56135654,27.15958047],[56.56288517,27.1585139],[56.56532776,27.16069674],[56.56743574,27.15781891],[56.56917882,27.15722811],[56.57038116,27.16122115],[56.57250452,27.16130245],[56.57418644,27.16271985],[56.57602,27.16272271],[56.57684648,27.16154492],[56.57665014,27.16331887],[56.57922578,27.16474664],[56.57911181,27.16680324],[56.58270454,27.16748595],[56.58264875,27.16619873],[56.58393061,27.16586053],[56.58662987,27.17063701],[56.59007525,27.17310262],[56.59013855,27.17545116],[56.59332001,27.17623687],[56.59614491,27.18106091],[56.59482884,27.17540705],[56.59196961,27.17484903],[56.59126067,27.17056775],[56.58871627,27.17031586],[56.58711696,27.16868997],[56.58758426,27.16702855],[56.58790326,27.16677606],[56.59505534,27.1622684],[56.59566331,27.16231978],[56.5984441,27.16450906],[56.59901536,27.16473413],[56.6015625,27.16489947],[56.60564756,27.16620636],[56.60580397,27.16956925],[56.6085968,27.16733932],[56.60686255,27.16566086],[56.60644054,27.1614145],[56.60852885,27.16099656],[56.61034512,27.16320455],[56.61323857,27.15802705],[56.61589623,27.15985215],[56.61707044,27.15904152],[56.6189326,27.16067755],[56.62116158,27.1589334],[56.62361205,27.15922165],[56.62424076,27.157884],[56.62594664,27.15805316],[56.62603438,27.15390635],[56.62864447,27.15387893],[56.63324833,27.15155542],[56.63637221,27.15258706],[56.63779736,27.15147591],[56.63783836,27.14745915],[56.63979566,27.14706361],[56.64112234,27.14751863],[56.64153445,27.14813995],[56.64255965,27.15413105],[56.6428653,27.15490651],[56.64786124,27.16427755],[56.65140808,27.16586077],[56.65717757,27.16543066],[56.66084254,27.16949427],[56.66226804,27.17267716],[56.66117537,27.17877483],[56.66380763,27.18485332],[56.66429806,27.18330491],[56.66244543,27.17832935],[56.66357076,27.17289376],[56.66085291,27.16669095],[56.6546756,27.16235888],[56.64994574,27.16387916],[56.64769363,27.16077042],[56.6482712,27.15899026],[56.65001714,27.15886974],[56.64864802,27.15697014],[56.65083885,27.15669918],[56.64943743,27.1530472],[56.65181983,27.15291417],[56.65418434,27.14888072],[56.65428472,27.14882636],[56.65463197,27.14875412],[56.65501904,27.14934421],[56.65325785,27.15103483],[56.66151917,27.15257168],[56.66564655,27.15810323],[56.67007434,27.15564418],[56.67562544,27.15539694],[56.67027998,27.15232384],[56.67222035,27.14984035],[56.67566907,27.1490612],[56.67659175,27.15050673],[56.67887676,27.15007472],[56.67967641,27.14939797],[56.67706013,27.14734554],[56.67770958,27.1463238],[56.68012595,27.14516413],[56.68310595,27.14596713],[56.68491447,27.14923263],[56.68647003,27.14814746],[56.68674004,27.14537001],[56.68905425,27.14404917],[56.69214785,27.1469959],[56.69402635,27.14413404],[56.69611013,27.14454293],[56.70011175,27.14997995],[56.70349026,27.14483833],[56.70330715,27.14978385],[56.70464325,27.1524322],[56.70702863,27.15370965],[56.71376956,27.15124285],[56.70921874,27.15059531],[56.70883226,27.14921975],[56.71328664,27.14902794],[56.71545506,27.15181076],[56.71827722,27.15174794],[56.71965277,27.15067005],[56.71917653,27.14719105],[56.72216582,27.14635551],[56.72311914,27.14770806],[56.72127271,27.14890873],[56.72090435,27.15345895],[56.72652364,27.14838612],[56.72724438,27.14521861],[56.72889388,27.14620054],[56.7328757,27.13965762],[56.74027312,27.14065123],[56.73908484,27.13858211],[56.73786485,27.13948715],[56.73665953,27.13836718],[56.73820865,27.13656354],[56.73662555,27.13118684],[56.73927116,27.13140881],[56.73751175,27.12992024],[56.73742127,27.12948871],[56.73840702,27.12905753],[56.74397337,27.12806904],[56.74975252,27.12875605],[56.75160301,27.13235927],[56.74969196,27.13343084],[56.74544024,27.13291526],[56.74452901,27.13546181],[56.74558735,27.13689232],[56.74806082,27.13649225],[56.75093806,27.13785171],[56.75519645,27.13696218],[56.75697696,27.13205397],[56.75511515,27.13111424],[56.75426996,27.12835634],[56.75850451,27.12934661],[56.75763476,27.13160157],[56.75832653,27.13331211],[56.76153374,27.13358474],[56.76468682,27.13583374],[56.76496017,27.13390112],[56.76977575,27.13603663],[56.77089071,27.13066435],[56.77126765,27.13039875],[56.77329171,27.12981856],[56.77658975,27.13037205],[56.77800357,27.12770021],[56.78068841,27.12966442],[56.78094363,27.12934494],[56.78081131,27.12530684],[56.7847532,27.12341726],[56.78796303,27.12004662],[56.78806555,27.12003541],[56.78836441,27.12071335],[56.79239714,27.12305975],[56.79452002,27.12158787],[56.80385387,27.12370122],[56.80432355,27.13044083],[56.80693102,27.1343832],[56.81018603,27.13571525],[56.80710447,27.13336515],[56.80530047,27.12957931],[56.80577934,27.12458992],[56.80435216,27.12061942],[56.80737674,27.11455226],[56.80351126,27.11882937],[56.80105126,27.11934614],[56.80042911,27.11922967],[56.79703104,27.11797571],[56.79523957,27.11669922],[56.78984141,27.11177182],[56.7897557,27.11157143],[56.78973222,27.10976934],[56.79462492,27.11270428],[56.79705215,27.11236036],[56.79809535,27.10831606],[56.80050278,27.1061635],[56.80055463,27.10305703],[56.81444156,27.09056926],[56.81354427,27.08896005],[56.81716216,27.08503127],[56.81757665,27.08490336],[56.82651126,27.08698285],[56.82720804,27.0869776],[56.83168972,27.08573866],[56.83372843,27.08611095],[56.83400345,27.08662081],[56.83371878,27.08763075],[56.83001721,27.09054387],[56.8316797,27.0986613],[56.82594991,27.10048616],[56.83172774,27.10021675],[56.8359375,27.09751666],[56.83594346,27.09358025],[56.83179808,27.09216547],[56.83133781,27.09066331],[56.83496678,27.08826518],[56.83565593,27.08638453],[56.8304795,27.08366382],[56.83029628,27.08340561],[56.83009684,27.08246136],[56.83158195,27.07995665],[56.83478916,27.07976735],[56.83607066,27.07835865],[56.83476508,27.07613385],[56.83591485,27.07460702],[56.83831453,27.07539034],[56.83886135,27.07434821],[56.84220433,27.07500792],[56.84360135,27.07402837],[56.84505665,27.07548785],[56.84392333,27.07986796],[56.84415424,27.08028746],[56.84636188,27.08020735],[56.84641576,27.0812993],[56.84674645,27.08146632],[56.84776068,27.08131933],[56.85086262,27.07907414],[56.85186267,27.07606483],[56.84914362,27.07545435],[56.84756994,27.07370055],[56.84764826,27.07318234],[56.8505069,27.07310915],[56.85348415,27.0703125],[56.85366154,27.0703125],[56.85066915,27.06853068],[56.84904063,27.06502461],[56.85027862,27.06212604],[56.85290742,27.06104314],[56.85042405,27.05426633],[56.85071397,27.05419576],[56.85567963,27.0558269],[56.85663331,27.05715954],[56.85770237,27.0565567],[56.86368716,27.05909693],[56.86756611,27.06314445],[56.8714745,27.06364691],[56.86088562,27.05627024],[56.86078954,27.05618596],[56.86148715,27.05574167],[56.86265075,27.05152333],[56.86010444,27.04866815],[56.85893488,27.04782474],[56.85600471,27.04691076],[56.85618865,27.04666543],[56.85786271,27.04643011],[56.86022782,27.04779267],[56.86755097,27.04910612],[56.86996603,27.04839623],[56.86985385,27.04702783],[56.85918236,27.04460454],[56.85819137,27.04543996],[56.85048497,27.04563582],[56.84656966,27.04794836],[56.84269798,27.04766417],[56.8415786,27.04762435],[56.83705485,27.04514766],[56.83649921,27.04394615],[56.83660293,27.04359186],[56.84156895,27.04267216],[56.8424015,27.03698671],[56.84612751,27.03470576],[56.85385382,27.02515936],[56.86080205,27.02083504],[56.86220252,27.02041984],[56.86546504,27.02039421],[56.86632717,27.02159393],[56.86924946,27.02177584],[56.87395585,27.0186069],[56.87530112,27.02106047],[56.87892377,27.02321696],[56.87464631,27.01743686],[56.86722505,27.01461613],[56.86722565,27.01442027],[56.86965883,27.01051354],[56.87408066,27.00698864],[56.87742054,27.00534618],[56.87888765,27.00553215],[56.87910605,27.00714791],[56.8833425,27.01176095],[56.88420737,27.01637638],[56.88980806,27.02348483],[56.89256525,27.02421546],[56.89448202,27.02128351],[56.89680314,27.02070856],[56.902933,27.02478683],[56.90404654,27.02330422],[56.90467608,27.03189421],[56.90620971,27.03511405],[56.90412247,27.01603794],[56.90510762,27.01506674],[56.90472484,27.01269865],[56.90736353,27.01161981],[56.90899634,27.00858355],[56.90494263,27.00860214],[56.90451968,27.0070219],[56.90624142,27.00348854],[56.91009307,26.99990368],[56.91511643,26.99831796],[56.91620564,27.00061882],[56.91718221,26.998546],[56.91644037,26.99735832],[56.91794133,26.99546325],[56.92451692,26.993909],[56.9264816,26.99490273],[56.9290235,26.99428165],[56.92869186,26.99598765],[56.93022895,26.99781835],[56.92751253,27.00067091],[56.93234861,26.99903536],[56.93122697,27.00123191],[56.92963457,27.00244296],[56.92813325,27.0021162],[56.92644525,27.00465083],[56.92415357,27.00560367],[56.9247055,27.00636125],[56.92791915,27.00602412],[56.92899263,27.00736105],[56.92794812,27.01002693],[56.93180537,27.00852156],[56.92749333,27.01453626],[56.92840707,27.01484334],[56.93193924,27.01126564],[56.93680728,27.00883257],[56.93679905,27.01219785],[56.93033457,27.02109027],[56.93005717,27.02308166],[56.93540406,27.01922321],[56.94171011,27.01050484],[56.9435693,27.00982225],[56.94391882,27.00980926],[56.94519413,27.01120055],[56.94355345,27.01232886],[56.94172895,27.01636624],[56.94214356,27.01829362],[56.94627881,27.01452136],[56.94661093,27.01454115],[56.94577277,27.02090085],[56.94845045,27.01604164],[56.94991362,27.01645291],[56.94996703,27.01775622],[56.95103645,27.01774311],[56.95180476,27.01716554],[56.95197845,27.01408768],[56.953125,27.01395094],[56.95343781,27.01911271],[56.953125,27.01981032],[56.95100927,27.02111435],[56.95126641,27.02189791],[56.95238471,27.02142847],[56.953125,27.02622771],[56.95525301,27.02626574],[56.95637548,27.02400351],[56.95613635,27.02003515],[56.95727944,27.01907468],[56.95840645,27.02080011],[56.95843661,27.02921307],[56.96452296,27.02899075],[56.96497977,27.02882457],[56.96172106,27.02853036],[56.96013653,27.02587354],[56.96119881,27.02354682],[56.95932984,27.01830626],[56.96249831,27.01804423],[56.95639777,27.01529002],[56.95641327,27.01204014],[56.953125,27.01088154],[56.95080686,27.00943851],[56.95007765,27.00797546],[56.95144165,27.00736237],[56.95110095,27.0045706],[56.953125,27.00362706],[56.95359123,27.00631475],[56.95444834,27.00450897],[56.95654666,27.00521576],[56.95548606,27.00593877],[56.95570982,27.00791407],[56.95760465,27.00913155],[56.95837355,27.00740314],[56.95844758,27.01123595],[56.96123385,27.01163411],[56.96578932,27.01588905],[56.96704388,27.02148294],[56.97055936,27.02073383],[56.96810555,27.01945746],[56.96830511,27.01591051],[56.96869326,27.01547694],[56.97045612,27.01659107],[56.97281003,27.01610386],[56.96952724,27.01521504],[56.96902585,27.01430452],[56.96917307,27.01400077],[56.97211206,27.01340318],[56.97152925,27.01222467],[56.97327173,27.01029074],[56.97531831,27.01069641],[56.97275746,27.0096662],[56.97056484,27.01289094],[56.96701646,27.01408184],[56.96163535,27.00901365],[56.96164501,27.00631595],[56.96290314,27.00575733],[56.96180022,27.00266051],[56.95843792,27.00098038],[56.95707726,26.99898422],[56.95566845,26.99908292],[56.95424473,26.99703681],[56.95597851,26.99293005],[56.95986021,26.99528301],[56.96288335,26.99479616],[56.96031511,26.99368191],[56.95694804,26.98917258],[56.95723963,26.98736143],[56.96026695,26.98617291],[56.96181297,26.98406506],[56.95756996,26.98603475],[56.95839941,26.98288131],[56.95685816,26.98248124],[56.95436096,26.98461294],[56.95461488,26.98207283],[56.953125,26.98242176],[56.95133317,26.98350334],[56.95098996,26.9833039],[56.94876575,26.98084295],[56.94849062,26.97893667],[56.95000994,26.97717977],[56.953125,26.97767854],[56.953125,26.97739947],[56.95422542,26.97591925],[56.95356548,26.97459698],[56.95400596,26.97420084],[56.95602131,26.97337532],[56.95822501,26.97372305],[56.95950937,26.97222364],[56.96120405,26.97182071],[56.96324003,26.97184861],[56.96895862,26.97336423],[56.9665817,26.97156835],[56.96575356,26.96846092],[56.96488464,26.96798921],[56.95577335,26.9705739],[56.95520794,26.97058511],[56.9539504,26.96831763],[56.95361435,26.96823812],[56.953125,26.96902895],[56.95002008,26.97030735],[56.94892395,26.97319877],[56.94503474,26.97169006],[56.94349265,26.97334731],[56.94385374,26.97623706],[56.94304061,26.97577465],[56.94221997,26.97406852],[56.94203067,26.97199917],[56.94443154,26.96803892],[56.94127893,26.96562815],[56.94269693,26.96352327],[56.94406498,26.96331656],[56.94257545,26.95988464],[56.93966794,26.96057773],[56.93968511,26.95648408],[56.94235694,26.95896947],[56.94387496,26.95922208],[56.94427586,26.95897818],[56.94701266,26.95322466],[56.95012045,26.95219147],[56.9527812,26.94895375],[56.95240796,26.94740212],[56.953125,26.94587052],[56.95328534,26.94594061],[56.95543575,26.94152296],[56.95556343,26.94108772],[56.95514393,26.94015014],[56.953125,26.93917406],[56.95092595,26.94266307],[56.95081866,26.94540727],[56.94995105,26.94591451],[56.9492805,26.94603121],[56.94706821,26.94421363],[56.94545007,26.94701624],[56.94352341,26.9441303],[56.94393265,26.94150305],[56.94306004,26.94101906],[56.94246697,26.94090164],[56.93634593,26.94454825],[56.93559611,26.94786835],[56.92554057,26.95602107],[56.92466223,26.96025443],[56.92237091,26.96297646],[56.92298555,26.96845424],[56.92004144,26.96887684],[56.91757655,26.96676564],[56.91652906,26.96905553],[56.91290081,26.96690261],[56.91250086,26.96618295],[56.91299701,26.96392655],[56.91553021,26.96047378],[56.91360104,26.95547676],[56.91574192,26.95478022],[56.91515851,26.95324135],[56.92271304,26.94130135],[56.92406607,26.93597031],[56.92851794,26.93255985],[56.92755854,26.92788541],[56.92891335,26.92130804],[56.92619288,26.91947365],[56.92785704,26.91588306],[56.93394005,26.90803444],[56.93439865,26.90778196],[56.9395709,26.90576005],[56.94303727,26.90619516],[56.94576705,26.90527976],[56.94862628,26.90636742],[56.95107055,26.90527165],[56.953125,26.90541291],[56.95583987,26.90609455],[56.953125,26.90318084],[56.953125,26.90290165],[56.95017457,26.89930844],[56.94639516,26.8988378],[56.94466746,26.89976501],[56.94393921,26.89832962],[56.94044673,26.90160644],[56.9387809,26.89999557],[56.93873715,26.89690292],[56.94123936,26.89453125],[56.94156253,26.89453125],[56.94765723,26.89121163],[56.953125,26.890625],[56.95610034,26.88957727],[56.96270835,26.88524747],[56.97049701,26.87880421],[56.97081006,26.87852871],[56.97515845,26.87339294],[56.97804666,26.87203252],[56.98093736,26.86760604],[56.99091232,26.85779083],[57.00403738,26.84035611],[57.00801384,26.8370887],[57.01417661,26.82380974],[57.01591694,26.82247806],[57.01897955,26.81263077],[57.02179945,26.80776322],[57.02804995,26.78706944],[57.03101253,26.77283776],[57.04069996,26.75401604],[57.04878295,26.73281002],[57.05093753,26.73088718],[57.05097055,26.72784007],[57.05499995,26.71875],[57.05513108,26.71875],[57.05747735,26.71425152],[57.05761075,26.71114445],[57.05989027,26.70805085],[57.06057405,26.70246541],[57.06599188,26.6876235],[57.07102811,26.66127843],[57.07606435,26.63493335],[57.07787025,26.63013351],[57.08074355,26.59398735],[57.08504486,26.56781495],[57.08507776,26.55705905],[57.08414197,26.54296875],[57.08422124,26.54296875],[57.08387697,26.53851235],[57.08200872,26.52561975],[57.07807577,26.50757384],[57.08215058,26.50487375],[57.07867944,26.49882185],[57.07937264,26.49779534],[57.08061981,26.49930525],[57.08152843,26.49881005],[57.08138955,26.49575937],[57.08318412,26.49211061],[57.08281505,26.48294115],[57.07858431,26.47512126],[57.07669401,26.46444392],[57.07277131,26.46381235],[57.07078564,26.46235454],[57.07422388,26.45856583],[57.07428002,26.45492744],[57.07081425,26.45241773],[57.07035935,26.45221472],[57.06788957,26.45214868],[57.06751585,26.45185113],[57.06588471,26.44889486],[57.0640583,26.44039345],[57.06432807,26.43677664],[57.06750035,26.43064344],[57.06766093,26.42815042],[57.06477046,26.42502797],[57.06434274,26.42374885],[57.06571197,26.42232931],[57.06310213,26.41953838],[57.06405938,26.41699254],[57.06242382,26.40555251],[57.06353104,26.39727795],[57.05904055,26.39590275],[57.0614897,26.39132237],[57.06184018,26.37328124],[57.06406581,26.37294292],[57.06643701,26.37041962],[57.06596065,26.3671875],[57.06587017,26.36284316],[57.06677568,26.36111665],[57.06935155,26.35984147],[57.06880152,26.35555005],[57.07175124,26.35444963],[57.06976986,26.35093224],[57.07186055,26.34941995],[57.07179213,26.34550631],[57.07201004,26.34499514],[57.07522297,26.34245551],[57.07634985,26.3392719],[57.07846344,26.33728731],[57.07879353,26.33664155],[57.07969284,26.33018196],[57.0821892,26.32626033],[57.08984518,26.31781864],[57.09134507,26.31828105],[57.09455085,26.32375777],[57.09538114,26.32331252],[57.09559524,26.3218652],[57.09216118,26.31683767],[57.09367251,26.3121978],[57.09500325,26.31161666],[57.09506047,26.30916905],[57.09936452,26.30548668],[57.10291874,26.30663383],[57.11062086,26.30639565],[57.10994744,26.30407214],[57.10683227,26.30415535],[57.10584104,26.30226731],[57.10725272,26.30111313],[57.11031091,26.30354714],[57.11286461,26.30378222],[57.11346614,26.29731154],[57.11717701,26.29451513],[57.11608684,26.29079998],[57.11779106,26.28687942],[57.11577654,26.27958202],[57.11655724,26.2750262],[57.12586784,26.26373148],[57.12908936,26.26241982],[57.12906861,26.25546408],[57.13680017,26.24488485],[57.13773274,26.24138427],[57.13722146,26.23404825],[57.13943541,26.22984374],[57.15159476,26.2268995],[57.15947306,26.22334755],[57.17673266,26.21285701],[57.17832625,26.20949554],[57.18579781,26.21002364],[57.19370735,26.20044637],[57.19371676,26.19140625],[57.19381475,26.19140625],[57.19487381,26.18652225],[57.20607805,26.17810345],[57.21948755,26.17351961],[57.22173297,26.17132294],[57.22510195,26.15754735],[57.22509694,26.15687537],[57.22452807,26.15252697],[57.22137964,26.14492178],[57.21613586,26.13713086],[57.20691454,26.12711418],[57.19803655,26.1120609],[57.19313347,26.10869741],[57.19110167,26.10191011],[57.18378675,26.09653068],[57.18359005,26.096228],[57.18298066,26.09350455],[57.18298173,26.09084713],[57.18368197,26.08933878],[57.18409956,26.08913755],[57.18584776,26.08978522],[57.18575418,26.08582711],[57.18786895,26.08249533],[57.18742383,26.07827556],[57.19041145,26.0770992],[57.18923724,26.07029367],[57.19136274,26.06369734],[57.19036567,26.05624378],[57.18697643,26.05120671],[57.18799424,26.03622305],[57.18812346,26.03560483],[57.19051075,26.03108227],[57.19904447,26.02341485],[57.20216155,26.02186191],[57.19804072,26.015625],[57.19759655,26.01458645],[57.19929397,26.01129925],[57.2025398,26.00839901],[57.20932448,26.00507963],[57.21352494,26.00446892],[57.21957493,25.9999541],[57.21924925,25.99927735],[57.22644961,25.9993757],[57.23391485,25.9953289],[57.2391175,25.99589026],[57.24092913,25.9889369],[57.24636126,25.98508275],[57.24839616,25.98093784],[57.25411451,25.97499657],[57.25536156,25.97279573],[57.25567234,25.96940506],[57.25242531,25.96869755],[57.25282657,25.96751761],[57.26012337,25.95941257],[57.26453435,25.94880962],[57.27096176,25.9418056],[57.27924991,25.92535102],[57.28508294,25.90098953],[57.2839334,25.89935505],[57.28478241,25.89866304],[57.28413534,25.89437461],[57.28557253,25.89306402],[57.28862512,25.87946022],[57.28998566,25.8779093],[57.28957581,25.87482333],[57.29242575,25.86239076],[57.29239011,25.85637343],[57.29662693,25.83984375],[57.29664123,25.83984375],[57.29748964,25.83726275],[57.29791164,25.82891035],[57.30063164,25.81676626],[57.30100906,25.80675757],[57.3038491,25.80827081],[57.3046875,25.80831456],[57.30621564,25.8079704],[57.30860114,25.80909097],[57.3111515,25.81163824],[57.31143773,25.8115015],[57.3115952,25.80940556],[57.31662321,25.80827725],[57.32695091,25.80028343],[57.33060014,25.79390752],[57.33575177,25.79181576],[57.3364048,25.78912401],[57.33998156,25.78551722],[57.33635163,25.78441131],[57.33458686,25.78207254],[57.33034873,25.78211653],[57.32305396,25.78351164],[57.31624877,25.78624284],[57.31150496,25.78662264],[57.31104505,25.78676701],[57.3046875,25.79017854],[57.30174744,25.79213154],[57.29947865,25.79420745],[57.29663491,25.79913366],[57.25301032,25.80661744],[57.20938573,25.81410122],[57.16576113,25.82158501],[57.12213654,25.82906879],[57.07851195,25.83655257],[57.03488735,25.84403635],[56.99126276,25.85152013],[56.94763816,25.85900392],[56.90401357,25.8664877],[56.86038898,25.87397148],[56.81676438,25.88145526],[56.77313979,25.88893905],[56.7295152,25.89642283],[56.6858906,25.90390661],[56.64226601,25.91139039],[56.59864142,25.91887418],[56.55501682,25.92635796],[56.51139223,25.93384174],[56.46776764,25.94132552],[56.46988845,25.94269514],[56.46515965,25.9428997],[56.46412992,25.94267213],[56.46568092,25.9416835],[56.45549626,25.94343067],[56.45874774,25.94537926],[56.45882964,25.94573605],[56.45823085,25.94609416],[56.45527625,25.94460845],[56.45451832,25.94416821],[56.45359254,25.94253945],[56.44430137,25.94138455],[56.44335783,25.93934274],[56.44085574,25.93924332],[56.43793154,25.93585396],[56.4359318,25.93561888],[56.43154514,25.93649423],[56.42807317,25.93900347],[56.42775238,25.93935871],[56.42540038,25.94409037],[56.42488384,25.94609714],[56.42494583,25.95110261],[56.42798257,25.95374978],[56.42646754,25.95803273],[56.42774463,25.96029878],[56.42617846,25.96335435],[56.42593491,25.96359718],[56.42483115,25.96238816],[56.41974938,25.96100163],[56.41890717,25.96327305],[56.41857731,25.96341968],[56.41662955,25.96392965],[56.41604161,25.96387684],[56.41248286,25.96283722],[56.41109562,25.96385515],[56.41100597,25.96622324],[56.4073863,25.96602976],[56.40110767,25.96911812],[56.40100837,25.96941304],[56.40222144,25.97070074],[56.40470707,25.97138476],[56.40333855,25.97240746],[56.40397167,25.97487998],[56.40609074,25.97559643],[56.40844071,25.97465432],[56.41163671,25.97642505],[56.41146004,25.9784739],[56.40921795,25.97894204],[56.40934658,25.98248231],[56.41197586,25.98376262],[56.41385233,25.98273981],[56.42011416,25.98313987],[56.41985404,25.99105406],[56.42467976,25.99144387],[56.42912078,25.98575985],[56.43118143,25.98575652],[56.43178165,25.98449051],[56.43373895,25.98539126],[56.43112063,25.99075425],[56.42941356,25.99194372],[56.42936051,25.99378252],[56.42665601,25.99462605],[56.42530727,25.99627614],[56.42749786,25.99921513],[56.42730916,26.00087786],[56.42357063,26.00143337],[56.42158484,26.00428402],[56.42151988,26.00459361],[56.42420244,26.01164365],[56.42206085,26.015625],[56.42298615,26.015625],[56.42383897,26.01759625],[56.42657006,26.01885831],[56.42728245,26.02535045],[56.42496252,26.02521873],[56.42104566,26.02184784],[56.41642475,26.02079844],[56.41476333,26.0209403],[56.41302967,26.02341425],[56.41289914,26.02028847],[56.41157401,26.01929045],[56.40568244,26.02387011],[56.40598905,26.02756405],[56.40550804,26.02779663],[56.40080905,26.02598143],[56.39818716,26.0273689],[56.39774764,26.0270555],[56.39596665,26.02525115],[56.39581287,26.02261448],[56.39299941,26.0187515],[56.39265156,26.01853192],[56.38963926,26.01874804],[56.38593876,26.02054834],[56.38475454,26.02165496],[56.38484788,26.02213311],[56.38516212,26.02293503],[56.38548696,26.02313328],[56.38960636,26.02334452],[56.39098585,26.02474654],[56.39123201,26.02524066],[56.39100826,26.02634156],[56.38844812,26.02902222],[56.39383972,26.03262198],[56.39201331,26.03366685],[56.38807642,26.03331566],[56.38531303,26.03616977],[56.38541377,26.03730762],[56.38808608,26.03787923],[56.38849461,26.03822756],[56.39000022,26.04102445],[56.3904922,26.04135251],[56.39462304,26.04049611],[56.39725375,26.04446864],[56.39933121,26.04417825],[56.40056801,26.04249442],[56.40163851,26.0450778],[56.40418422,26.04471517],[56.40455866,26.04483294],[56.40700924,26.04667723],[56.40730345,26.04872417],[56.40812504,26.04878187],[56.41023147,26.04847515],[56.41127455,26.0405848],[56.41342485,26.04123855],[56.41847205,26.03954864],[56.41947341,26.04214537],[56.42259312,26.04162014],[56.42468631,26.04247165],[56.4239794,26.04466283],[56.42638516,26.04612434],[56.43050206,26.04246545],[56.43431234,26.04359186],[56.43801725,26.04331267],[56.43877876,26.04469526],[56.43672705,26.05036831],[56.43924415,26.05249441],[56.43970263,26.05443454],[56.43546498,26.05791783],[56.44155431,26.06634927],[56.44079173,26.07173121],[56.44833577,26.07065213],[56.4529469,26.07400656],[56.45465851,26.07160187],[56.46195924,26.07939565],[56.46772754,26.08224845],[56.46884477,26.08256066],[56.47336078,26.08180368],[56.4746989,26.08211637],[56.47635961,26.08343995],[56.47619975,26.08385336],[56.4737308,26.08570707],[56.47260463,26.08839047],[56.46877718,26.08800161],[56.46566391,26.08547294],[56.46596014,26.08466816],[56.45930088,26.08403385],[56.45606565,26.08977926],[56.45340204,26.08764625],[56.45273483,26.09039605],[56.45168686,26.08937323],[56.44829833,26.08909142],[56.4468683,26.09400153],[56.44410622,26.08920825],[56.43813264,26.08556592],[56.43608701,26.09243596],[56.43372905,26.09091234],[56.43391192,26.08940232],[56.43171763,26.08827984],[56.4321177,26.08734524],[56.42899013,26.08521295],[56.42736852,26.08521843],[56.42169821,26.08168697],[56.41534114,26.08018124],[56.41043436,26.08431017],[56.41052008,26.08604836],[56.40895391,26.08693016],[56.41262257,26.09061408],[56.4108839,26.09370041],[56.41116881,26.09579051],[56.41303575,26.09707344],[56.41191184,26.09825397],[56.41147625,26.10307884],[56.40344036,26.09828043],[56.40081215,26.09441853],[56.39842224,26.09356177],[56.39851105,26.09722745],[56.39705956,26.09818566],[56.39777243,26.10015607],[56.39694965,26.10127735],[56.3984127,26.10660148],[56.39685965,26.10664296],[56.39608336,26.10867655],[56.39072835,26.10387754],[56.38848674,26.10031414],[56.38603032,26.09973204],[56.38537323,26.09334815],[56.38776934,26.09050405],[56.3844279,26.08958137],[56.38340104,26.08750451],[56.3787024,26.08631933],[56.37568784,26.08943975],[56.37457395,26.09415674],[56.36860597,26.09245551],[56.36589861,26.09507215],[56.36988592,26.10013163],[56.37228334,26.10122585],[56.37185645,26.10509443],[56.36995351,26.10860431],[56.37286913,26.11053026],[56.3741914,26.11009145],[56.37472916,26.11454105],[56.37666285,26.11597705],[56.37473702,26.11853755],[56.37568581,26.12021041],[56.37826025,26.12090063],[56.37778366,26.12345004],[56.37914813,26.12743866],[56.37766123,26.13000596],[56.37552333,26.13006318],[56.37481582,26.13154185],[56.37584555,26.13237906],[56.37411201,26.13399684],[56.36968696,26.13011932],[56.36939144,26.12679553],[56.36643696,26.12586892],[56.36524868,26.12677205],[56.35852242,26.12083375],[56.3573997,26.1229037],[56.35501564,26.12042952],[56.35388291,26.11657512],[56.35443854,26.11453795],[56.35153794,26.11036766],[56.34881735,26.10989487],[56.34758866,26.10838461],[56.34729016,26.10608435],[56.34885597,26.10390592],[56.34704936,26.09952331],[56.34378755,26.10099947],[56.34322608,26.09777987],[56.33840692,26.09593523],[56.33286774,26.09629881],[56.33216655,26.09847331],[56.33726132,26.10538375],[56.33478534,26.10518765],[56.33400142,26.10647166],[56.3362596,26.11116016],[56.33617365,26.11677682],[56.3382467,26.11979282],[56.34048021,26.12010801],[56.34188366,26.12230134],[56.33938682,26.12483418],[56.33614695,26.12554622],[56.33529544,26.12802684],[56.33690417,26.12943506],[56.33921146,26.12864435],[56.34071195,26.13038754],[56.34308016,26.13029361],[56.34147406,26.13257801],[56.34325588,26.13463807],[56.34400713,26.14034224],[56.34740043,26.14477253],[56.34821522,26.14817774],[56.34689093,26.14774466],[56.34520686,26.14350831],[56.33865917,26.13802338],[56.33775437,26.13596535],[56.33459842,26.13440132],[56.33335757,26.13575065],[56.33409464,26.14000118],[56.3329215,26.14132237],[56.33295941,26.14380872],[56.33499217,26.14672911],[56.33503497,26.14928865],[56.33121002,26.15241575],[56.32691157,26.15381265],[56.3267709,26.15819788],[56.32725275,26.15919483],[56.32773542,26.15984845],[56.33071685,26.15948486],[56.33251381,26.1642971],[56.33851767,26.16371286],[56.34286392,26.16195452],[56.34509873,26.16371965],[56.34798777,26.16315985],[56.35003853,26.16667163],[56.35320985,26.16583025],[56.35869718,26.16868281],[56.35896885,26.17024624],[56.35693145,26.17117977],[56.35708594,26.17204845],[56.36169612,26.17149961],[56.36316025,26.17452836],[56.36089361,26.17715156],[56.35588765,26.17697155],[56.35415244,26.17810571],[56.35521317,26.18175042],[56.35970354,26.18872476],[56.36590767,26.18921363],[56.36522055,26.19140625],[56.36532235,26.19140625],[56.36475873,26.19379461],[56.36477184,26.19407845],[56.36550641,26.19614184],[56.36796415,26.19687665],[56.36832333,26.19676685],[56.37302494,26.19322872],[56.37424111,26.19779003],[56.37516952,26.19799292],[56.37585151,26.19653297],[56.37739325,26.19681966],[56.3776561,26.19719315],[56.37545252,26.19909894],[56.37576342,26.19939208],[56.38051152,26.20141995],[56.38488376,26.20084655],[56.38630605,26.20044327],[56.38687193,26.2000581],[56.38877594,26.19659925],[56.38908911,26.19648492],[56.39022076,26.19724703],[56.39518535,26.19685435],[56.39581001,26.19620013],[56.39730644,26.19320226],[56.39720905,26.19140625],[56.39694488,26.19047141],[56.4007225,26.18884647],[56.39965665,26.18638444],[56.40042067,26.18449342],[56.40001404,26.18377376],[56.39851606,26.18286693],[56.39392436,26.18198216],[56.39053822,26.18276834],[56.39044178,26.18466926],[56.39005888,26.18481767],[56.38593257,26.18508816],[56.38553858,26.18496263],[56.38357496,26.18178284],[56.3858304,26.1797086],[56.38346875,26.17791235],[56.38065541,26.17792285],[56.37979341,26.17611325],[56.37748182,26.17661011],[56.37979555,26.17418206],[56.37855005,26.17228973],[56.38307941,26.17233706],[56.38274205,26.17030656],[56.38471913,26.16959655],[56.38534725,26.16722143],[56.38233316,26.16404581],[56.3846879,26.15837097],[56.38149464,26.15643883],[56.38275731,26.15539372],[56.38255847,26.15337586],[56.38206637,26.1544106],[56.38113475,26.15228593],[56.37868571,26.15101492],[56.37843597,26.14993644],[56.37877345,26.14964426],[56.38181973,26.15136182],[56.38285112,26.15141952],[56.38491404,26.15023506],[56.38819695,26.15903652],[56.39137125,26.16013002],[56.39298952,26.15913427],[56.39390433,26.16026175],[56.39402115,26.16052377],[56.39360404,26.16347671],[56.39015841,26.16285026],[56.39118624,26.1698364],[56.38930023,26.17294991],[56.39320755,26.17417681],[56.39464605,26.17764163],[56.39846635,26.17862141],[56.39985943,26.17838585],[56.40113175,26.17612374],[56.4043169,26.17607367],[56.40415585,26.18010998],[56.40920484,26.18599045],[56.41579187,26.18850541],[56.41969538,26.18339932],[56.41682196,26.18189704],[56.41792262,26.1801002],[56.41660392,26.17610931],[56.41882062,26.17262506],[56.41629767,26.17117441],[56.41372061,26.17251766],[56.41080594,26.16704762],[56.41175377,26.16501844],[56.41004968,26.16287553],[56.41485608,26.16137826],[56.41551781,26.15845466],[56.41183555,26.15594864],[56.41035068,26.15050852],[56.41597092,26.15204716],[56.41751623,26.14866877],[56.41922534,26.14802337],[56.41996431,26.14563668],[56.41996443,26.14463353],[56.41912103,26.14295197],[56.41712844,26.1414932],[56.41759324,26.14002967],[56.41974497,26.14070201],[56.42145026,26.13838315],[56.42372131,26.13835335],[56.42462444,26.13756835],[56.42509961,26.13704705],[56.42534494,26.13286841],[56.42685485,26.13301277],[56.42751145,26.13132346],[56.4294399,26.13234735],[56.43058503,26.13062274],[56.43097794,26.13070238],[56.43525386,26.13446093],[56.43604136,26.13710928],[56.43783796,26.13776004],[56.43937683,26.13738132],[56.43881881,26.13575435],[56.43988526,26.13455605],[56.44472933,26.13761425],[56.44502377,26.13426662],[56.44864917,26.13514745],[56.44994235,26.13665581],[56.44884992,26.1381011],[56.45150685,26.13864315],[56.45285285,26.1370517],[56.45523894,26.13710392],[56.45668674,26.13496971],[56.45811212,26.13651097],[56.46019733,26.13639283],[56.46062243,26.13407123],[56.4619863,26.13585174],[56.46594334,26.1350764],[56.46995235,26.13834763],[56.47441793,26.13512325],[56.4741559,26.13101161],[56.47287762,26.12906456],[56.47371697,26.12813354],[56.47427094,26.12818301],[56.48215628,26.13397551],[56.48280752,26.13231516],[56.48491037,26.13311434],[56.48784888,26.13081706],[56.48805058,26.13595581],[56.48601413,26.13739645],[56.48496556,26.13644612],[56.4854542,26.13771582],[56.48389244,26.13987625],[56.48526502,26.14078116],[56.48509872,26.14663994],[56.48461103,26.14705515],[56.48365557,26.14499485],[56.48022008,26.14343226],[56.47812128,26.14061844],[56.47661746,26.14170945],[56.47325623,26.14118171],[56.47301734,26.14149213],[56.47249424,26.14376485],[56.47414136,26.15172255],[56.47177553,26.15333056],[56.47082806,26.15283716],[56.47163784,26.15614462],[56.46938026,26.15689576],[56.46966255,26.15899515],[56.46867085,26.15950441],[56.46951985,26.16288376],[56.46931076,26.1631875],[56.46730697,26.16340935],[56.46513915,26.16119802],[56.46280992,26.16259408],[56.45935881,26.16161633],[56.45973766,26.16626334],[56.4594419,26.16675401],[56.45867181,26.16655564],[56.45399654,26.16445374],[56.45237815,26.16002226],[56.45095396,26.15907562],[56.45079434,26.15635514],[56.44803703,26.15522015],[56.44698024,26.1549921],[56.44528675,26.15533924],[56.44483924,26.15583563],[56.44336295,26.16033065],[56.43821538,26.16115165],[56.43795872,26.16143978],[56.44075,26.16664433],[56.43982852,26.16893911],[56.44146776,26.17426252],[56.44063294,26.17488801],[56.43750465,26.17328846],[56.43636036,26.17409897],[56.43629634,26.17566848],[56.43783736,26.17683852],[56.435467,26.17927742],[56.43966222,26.17937517],[56.44033277,26.18159795],[56.43788362,26.18493795],[56.43963325,26.18785834],[56.4387325,26.18975174],[56.43537748,26.19093084],[56.43540883,26.19140625],[56.43526185,26.19140625],[56.43437612,26.19257402],[56.43448961,26.19302416],[56.43635237,26.19420195],[56.43921494,26.19373822],[56.44008195,26.19342077],[56.44116795,26.19140625],[56.44193065,26.19140625],[56.44422662,26.189695],[56.44437528,26.18833041],[56.44498384,26.18857455],[56.44596815,26.19140625],[56.44583046,26.19140625],[56.44700563,26.19456494],[56.44532561,26.19921505],[56.44217265,26.20135295],[56.44205284,26.20330417],[56.44753551,26.20455551],[56.45030177,26.20294726],[56.45119965,26.20690703],[56.45004916,26.20881772],[56.45379746,26.21070445],[56.45377958,26.21424794],[56.45872176,26.21728087],[56.46055722,26.21767843],[56.46293604,26.21626377],[56.46655798,26.21643305],[56.46760333,26.21591485],[56.47152543,26.21297503],[56.47042334,26.21152437],[56.47289491,26.21040285],[56.47297287,26.21004915],[56.47311711,26.20515704],[56.47303915,26.20438457],[56.47243845,26.20354724],[56.47210395,26.20343363],[56.46971667,26.20362782],[56.47028184,26.20135653],[56.46681404,26.19844365],[56.46649551,26.19795465],[56.46531534,26.19450474],[56.46555793,26.1938678],[56.46620536,26.19385243],[56.46886253,26.19692492],[56.47234428,26.19585383],[56.47381532,26.19461906],[56.47341645,26.19347405],[56.47089851,26.19274485],[56.47248447,26.19165456],[56.47205567,26.19140625],[56.47178125,26.18714142],[56.47198224,26.18676436],[56.47433746,26.18530273],[56.47570252,26.18519151],[56.47659647,26.18563426],[56.47714496,26.18823433],[56.47751153,26.18849921],[56.48125112,26.18982863],[56.48161232,26.18994021],[56.48618102,26.18870127],[56.48509955,26.19140625],[56.484375,26.19140625],[56.48705566,26.19370091],[56.48599315,26.19842064],[56.48432791,26.20192277],[56.48005748,26.20403385],[56.48077488,26.20660651],[56.47707796,26.21018612],[56.47656095,26.21206927],[56.47844005,26.21325314],[56.47836697,26.21927345],[56.47547317,26.22136176],[56.47488725,26.22309136],[56.47852325,26.22720122],[56.48334157,26.22836494],[56.48610532,26.23056877],[56.48867786,26.23069143],[56.49328613,26.2338438],[56.48987532,26.23406112],[56.48857403,26.23127174],[56.48164594,26.22966015],[56.48073804,26.23135662],[56.48137724,26.23857415],[56.47553384,26.23528743],[56.47313762,26.23678005],[56.46998072,26.23668122],[56.46916056,26.23785055],[56.46577311,26.23719895],[56.46548486,26.23732471],[56.46507585,26.23949754],[56.46285474,26.24067211],[56.46262908,26.24673951],[56.46222568,26.24700415],[56.46055067,26.24653423],[56.45958555,26.24526405],[56.45768142,26.2467525],[56.45817745,26.24371445],[56.4562149,26.24283123],[56.45627105,26.24206257],[56.45721233,26.24108708],[56.45883715,26.24209857],[56.45977652,26.24006808],[56.45857894,26.23733926],[56.46227336,26.23318505],[56.45873904,26.23323095],[56.4574635,26.23196936],[56.45508635,26.23305166],[56.45455205,26.23260784],[56.45566022,26.22995877],[56.45751715,26.22946346],[56.45670855,26.22712111],[56.45632374,26.22686374],[56.44567478,26.22268772],[56.4406532,26.22616565],[56.43606472,26.22514701],[56.43536901,26.23122883],[56.43312204,26.23350465],[56.42492104,26.23008871],[56.42354286,26.23216295],[56.42524183,26.23446214],[56.42444813,26.23870981],[56.42530584,26.24400985],[56.42352712,26.2471683],[56.42434144,26.24871194],[56.41904032,26.24472392],[56.41542923,26.24333477],[56.41396511,26.24466348],[56.41183496,26.24305463],[56.41108322,26.24315405],[56.40342355,26.24893308],[56.40326834,26.24966455],[56.40350843,26.24995875],[56.41080046,26.25226581],[56.41218185,26.25541246],[56.40752065,26.25325751],[56.40299642,26.2536602],[56.39501405,26.25928652],[56.39496088,26.26063311],[56.39560485,26.26161015],[56.39599633,26.26173055],[56.40072024,26.26132965],[56.40164995,26.26361322],[56.41081798,26.26405108],[56.41157925,26.26529181],[56.41032112,26.26722324],[56.41220355,26.26910567],[56.41218781,26.26939785],[56.40822208,26.27139771],[56.40846801,26.27288258],[56.40520334,26.27331281],[56.40335786,26.27933347],[56.39832711,26.27778137],[56.39615035,26.28112912],[56.39599693,26.28161645],[56.39599931,26.28400612],[56.39644253,26.28557098],[56.39754486,26.28735685],[56.39967251,26.28934646],[56.40016317,26.28960931],[56.40237832,26.29009306],[56.40469325,26.28987586],[56.40780115,26.28886127],[56.40726984,26.28837144],[56.40963984,26.28706801],[56.40927577,26.29173625],[56.41484594,26.29177022],[56.41612303,26.29296315],[56.41962516,26.29294157],[56.42374897,26.28741515],[56.43329465,26.28645158],[56.43170822,26.29023814],[56.43228686,26.29199862],[56.42939305,26.2949872],[56.42943275,26.29985046],[56.42726076,26.29984021],[56.42357695,26.30195582],[56.42439532,26.30758417],[56.42466855,26.30770934],[56.42744434,26.30788052],[56.42931712,26.30534625],[56.43304944,26.30415416],[56.43412912,26.30653954],[56.43625975,26.30733383],[56.43702066,26.30983615],[56.44141126,26.30938101],[56.44222891,26.30764532],[56.44971943,26.31103051],[56.45072246,26.30174828],[56.45228684,26.30287123],[56.45238388,26.30569565],[56.45617795,26.31148303],[56.46692455,26.31760371],[56.47273052,26.31672537],[56.47338092,26.31755257],[56.48070693,26.31591153],[56.49236476,26.31914723],[56.49894202,26.31860006],[56.50014877,26.31596327],[56.49759078,26.31015575],[56.49821591,26.30887675],[56.5042901,26.31243837],[56.51032352,26.30936003],[56.51432645,26.3095268],[56.51976836,26.31426012],[56.52160227,26.31827521],[56.5192641,26.32278955],[56.51251638,26.31986928],[56.5113306,26.32173121],[56.50691402,26.32094967],[56.50509512,26.32180166],[56.50490165,26.32218921],[56.50494826,26.32459974],[56.50875604,26.33238113],[56.50370467,26.34077704],[56.50345731,26.34133101],[56.50280261,26.34561872],[56.50279677,26.34599662],[56.50343013,26.35089457],[56.50492275,26.35380507],[56.50676107,26.35477436],[56.50692892,26.35665858],[56.50653887,26.35719943],[56.50410831,26.35658574],[56.50214744,26.35533035],[56.49762428,26.3605324],[56.49950027,26.35705495],[56.49869382,26.35545921],[56.50111103,26.35356283],[56.50016725,26.35172868],[56.49556625,26.35018027],[56.49647307,26.34768641],[56.49569786,26.34612393],[56.48660755,26.34869993],[56.48298144,26.34850335],[56.48096573,26.35080981],[56.47738874,26.35202265],[56.47613466,26.35181725],[56.47569025,26.35083294],[56.47557247,26.35007441],[56.47594857,26.34852564],[56.48040545,26.34779036],[56.48024225,26.34544838],[56.48255694,26.34295356],[56.48731172,26.34350407],[56.48802447,26.34131002],[56.49015152,26.34258711],[56.49165475,26.34195101],[56.49036646,26.33832383],[56.49050522,26.33758616],[56.49199641,26.33457506],[56.49527144,26.3332448],[56.49878812,26.32861876],[56.49893534,26.32761681],[56.49832177,26.32452822],[56.49407542,26.32263482],[56.49176276,26.31990576],[56.49001062,26.31953537],[56.48957956,26.31951022],[56.4878329,26.32222795],[56.48141825,26.32396805],[56.47926593,26.3228749],[56.47290528,26.32642448],[56.47092986,26.32522094],[56.46873045,26.32073867],[56.46451592,26.32358444],[56.46098566,26.32330096],[56.46000135,26.32138801],[56.45900893,26.32126784],[56.45866478,26.32135141],[56.45801735,26.32430065],[56.45973885,26.32581055],[56.46040905,26.32857418],[56.46050787,26.33666611],[56.45611835,26.33513665],[56.45328152,26.33272338],[56.45218813,26.32758641],[56.45043302,26.32696164],[56.44957864,26.32851005],[56.44604504,26.32919204],[56.44471383,26.32686782],[56.44091356,26.32700634],[56.43990111,26.33077467],[56.43751132,26.33305347],[56.43892133,26.33790624],[56.43674004,26.3401643],[56.43655562,26.34465206],[56.43807554,26.34747243],[56.44034052,26.34857833],[56.44065154,26.35119486],[56.43671322,26.34818482],[56.43534672,26.34526324],[56.43242574,26.3477782],[56.42994428,26.35224116],[56.42888963,26.35212052],[56.42876315,26.34946644],[56.42449355,26.34732854],[56.41642022,26.34068954],[56.41158152,26.33785355],[56.40967345,26.33962607],[56.40922344,26.34078646],[56.40921843,26.34111452],[56.41078854,26.34277284],[56.41155493,26.34662986],[56.41043866,26.35009694],[56.41054344,26.35057497],[56.41405153,26.35223913],[56.41113007,26.35509098],[56.41012585,26.35835075],[56.41178942,26.35988915],[56.41782546,26.35932565],[56.418437,26.36427867],[56.41613364,26.36604965],[56.41598976,26.3671875],[56.41597235,26.3671875],[56.41580617,26.3686105],[56.41539097,26.36916852],[56.41214097,26.37202787],[56.41158485,26.37184143],[56.40912175,26.3671875],[56.40884018,26.3671875],[56.4088124,26.36643267],[56.40731752,26.36561096],[56.40247488,26.35717177],[56.39798331,26.35606182],[56.39709568,26.35727966],[56.39749885,26.36311984],[56.39948964,26.36465585],[56.39978731,26.36537683],[56.39982593,26.3671875],[56.39977992,26.3671875],[56.39988291,26.36981952],[56.39728975,26.37045073],[56.39655626,26.37035382],[56.39500427,26.36967301],[56.39470875,26.36907685],[56.39417493,26.3671875],[56.39423072,26.3671875],[56.39337206,26.36313498],[56.39153266,26.36021543],[56.39101815,26.35986495],[56.3844316,26.35859227],[56.38529205,26.36122024],[56.38794208,26.36313915],[56.38705897,26.36371863],[56.38708127,26.36621094],[56.38763547,26.3671875],[56.38924634,26.36788094],[56.38903606,26.37660086],[56.3882246,26.37666214],[56.38097572,26.37412691],[56.38103676,26.36963105],[56.37953925,26.3671875],[56.37931025,26.3671875],[56.37941265,26.36616087],[56.37663782,26.36656237],[56.37458026,26.36562181],[56.37278271,26.3671875],[56.37237728,26.3671875],[56.37667942,26.3746109],[56.37781131,26.3810029],[56.37980092,26.38466024],[56.37981606,26.38720655],[56.37861824,26.38836718],[56.37707651,26.38668108],[56.37673461,26.38322687],[56.37221312,26.37756205],[56.37038386,26.37003505],[56.36785364,26.36668921],[56.36758721,26.36605155],[56.36749637,26.36312127],[56.36930847,26.36119676],[56.36929536,26.35335934],[56.36783254,26.35221076],[56.3686012,26.34964693],[56.36553347,26.34385645],[56.36383724,26.34332144],[56.36208475,26.34023893],[56.36240816,26.33684218],[56.36040056,26.33381855],[56.36270905,26.33279598],[56.36600482,26.33341122],[56.36649597,26.33259714],[56.36482692,26.32873881],[56.36529601,26.32718515],[56.36357665,26.32573164],[56.36390114,26.31640768],[56.35841954,26.31340802],[56.35657501,26.31482887],[56.35709024,26.31744146],[56.35492635,26.31814516],[56.35460961,26.32015133],[56.35180068,26.32003343],[56.34695387,26.31380224],[56.34145784,26.3097676],[56.33800602,26.31514907],[56.33809042,26.31668711],[56.33659995,26.31708133],[56.32971263,26.31347585],[56.32753825,26.31099343],[56.32545483,26.30796003],[56.32370675,26.30151176],[56.33632112,26.29591262],[56.33917606,26.2929039],[56.34049165,26.28719091],[56.34909987,26.28691757],[56.34894562,26.28248978],[56.35096991,26.28126132],[56.34920394,26.27526987],[56.35271275,26.27786922],[56.35685575,26.27790582],[56.35638428,26.27938461],[56.35850287,26.2800709],[56.36016405,26.27914774],[56.36019361,26.27622771],[56.36541116,26.27572966],[56.36769223,26.27669895],[56.36874247,26.27327216],[56.36190546,26.26924586],[56.36951876,26.26283467],[56.37475777,26.26200116],[56.37582457,26.2592746],[56.37533665,26.25599456],[56.36872697,26.24810553],[56.36523175,26.25000322],[56.36522174,26.25204694],[56.36075103,26.25323474],[56.35802054,26.25011551],[56.35543752,26.25161111],[56.35240865,26.25034678],[56.34680104,26.25253212],[56.34614527,26.25467825],[56.34749007,26.25717771],[56.34642506,26.25929165],[56.34774256,26.26029706],[56.34875154,26.26641464],[56.34161806,26.26811802],[56.33856416,26.27267516],[56.33658063,26.27378702],[56.33756328,26.27532935],[56.33628595,26.27787006],[56.32972574,26.27707946],[56.32486057,26.28501725],[56.32294035,26.28526914],[56.32107306,26.2873311],[56.31921017,26.2854588],[56.31562054,26.27440906],[56.31430221,26.26537013],[56.31608045,26.26314783],[56.31880975,26.26211822],[56.31893885,26.2598896],[56.31499004,26.25966537],[56.31402254,26.25848246],[56.31404483,26.25713718],[56.31815314,26.25241542],[56.31793797,26.24951196],[56.31997478,26.24825347],[56.31953037,26.24539995],[56.31842673,26.24238551],[56.31513226,26.24085295],[56.31400931,26.24120796],[56.31408703,26.24460757],[56.31125104,26.24366665],[56.30871165,26.24088645],[56.30892825,26.23643565],[56.30367517,26.23012698],[56.30222166,26.21763682],[56.30602765,26.21211946],[56.30399287,26.2052201],[56.3087213,26.20108962],[56.30970001,26.19865155],[56.31642282,26.1994493],[56.31874681,26.19784164],[56.32067514,26.2010231],[56.32410276,26.20120132],[56.33399427,26.20464134],[56.33611774,26.20909536],[56.3388046,26.2088747],[56.33947635,26.20974696],[56.33898544,26.21361423],[56.34013832,26.21861517],[56.34211171,26.21892977],[56.34651196,26.21371627],[56.34748602,26.21391082],[56.34979141,26.21829212],[56.35248256,26.21805668],[56.35337114,26.22098482],[56.35674202,26.2202208],[56.35627568,26.22531176],[56.35837996,26.22612953],[56.36013544,26.22431946],[56.36337793,26.23341465],[56.36697042,26.23504806],[56.36858916,26.23525715],[56.37118304,26.23194325],[56.37054956,26.22832465],[56.37295783,26.2283957],[56.37381792,26.22709417],[56.37266684,26.21942771],[56.3736037,26.21829176],[56.37603974,26.22363305],[56.37707055,26.22993445],[56.37561536,26.23153281],[56.37740338,26.23480773],[56.37686467,26.23617077],[56.3791666,26.23758471],[56.37989235,26.24133158],[56.38217044,26.24061596],[56.38060796,26.23696268],[56.38235605,26.23333263],[56.38256133,26.22859466],[56.38423455,26.23152781],[56.38492,26.23702323],[56.38942206,26.24154282],[56.39108777,26.24118137],[56.39350903,26.23849356],[56.39414716,26.23560751],[56.39109266,26.22722721],[56.39328527,26.22730684],[56.39530754,26.23023176],[56.39742446,26.22948945],[56.40246522,26.23202014],[56.40404165,26.22873616],[56.40628624,26.23191035],[56.40892673,26.22935522],[56.41031778,26.22959352],[56.41197693,26.22697651],[56.40915072,26.2251302],[56.41250682,26.22223163],[56.41260231,26.22052395],[56.40704072,26.21823251],[56.40526974,26.21918106],[56.40133417,26.21796691],[56.40819764,26.21461797],[56.41273296,26.21084201],[56.41566062,26.21017516],[56.41743684,26.2071892],[56.41552985,26.20363462],[56.41384494,26.20381308],[56.41118038,26.20618117],[56.40773177,26.20576143],[56.40679336,26.20773065],[56.40210724,26.20735693],[56.40333641,26.20435047],[56.40753627,26.20070922],[56.40839708,26.19735932],[56.40715885,26.19618535],[56.40096307,26.19542873],[56.39821374,26.19903564],[56.39278972,26.20074058],[56.39151883,26.20409954],[56.39205396,26.20728183],[56.38814473,26.20734155],[56.38739395,26.20841944],[56.384498,26.20601034],[56.3802073,26.20888555],[56.37840354,26.20686054],[56.37506533,26.20796704],[56.37470245,26.20598304],[56.37171256,26.20728207],[56.37093317,26.20565808],[56.36893022,26.20624185],[56.36827624,26.20465422],[56.36486602,26.20429242],[56.3604418,26.20912445],[56.35844111,26.20950627],[56.35934865,26.20731378],[56.35798895,26.20525825],[56.35837722,26.20300162],[56.35141695,26.20085561],[56.35232711,26.19715571],[56.35453677,26.19599736],[56.35175157,26.19439495],[56.34741056,26.19460344],[56.34946954,26.19140625],[56.34969223,26.19140625],[56.34945667,26.18878877],[56.35061324,26.18824387],[56.34785545,26.18680775],[56.34850264,26.18545854],[56.34833431,26.1848948],[56.3466953,26.18206227],[56.34426534,26.18012357],[56.34360135,26.18008161],[56.33747113,26.1819241],[56.33719325,26.18230093],[56.33547175,26.18509746],[56.33628726,26.18902385],[56.33579242,26.19140625],[56.33541751,26.19192195],[56.33271921,26.19115245],[56.33103442,26.19035304],[56.32866776,26.19072282],[56.32800364,26.18930817],[56.32935953,26.18781555],[56.32679236,26.18586457],[56.32348228,26.18689883],[56.3209604,26.19076407],[56.31960976,26.18864465],[56.30937076,26.19140625],[56.30637968,26.19260764],[56.30379474,26.19102764],[56.30376446,26.18845654],[56.30406523,26.18799496],[56.30544865,26.18656933],[56.30625045,26.18621755],[56.31090414,26.18741834],[56.31276095,26.18693626],[56.31316364,26.18364096],[56.30804765,26.18227231],[56.30535007,26.18354297],[56.29945505,26.18311286],[56.29382002,26.18851376],[56.2931689,26.19140625],[56.29289615,26.19140625],[56.29231882,26.19261205],[56.29537344,26.19796073],[56.29485703,26.20106864],[56.29300368,26.20267546],[56.29404891,26.20779157],[56.29262126,26.21116126],[56.28954935,26.20425665],[56.28669155,26.2020874],[56.28789842,26.20050585],[56.28627825,26.19767117],[56.28388524,26.19846678],[56.28475332,26.20258307],[56.28309417,26.20485616],[56.28578854,26.20916152],[56.2851485,26.21250164],[56.28775406,26.21769178],[56.28731847,26.21989334],[56.28558397,26.22065544],[56.28189445,26.21613503],[56.27778375,26.21518421],[56.27584577,26.20973515],[56.27399695,26.21012223],[56.27253985,26.21570528],[56.26907444,26.21572626],[56.26822543,26.213835],[56.26701772,26.21350694],[56.26663315,26.21362114],[56.26593065,26.21441186],[56.26657736,26.21725667],[56.26626635,26.21752715],[56.26473105,26.21811056],[56.26212251,26.21706414],[56.26183224,26.2168684],[56.2574445,26.21279263],[56.25756502,26.21020865],[56.25549471,26.20925903],[56.25560606,26.20834947],[56.25119007,26.20818615],[56.25364125,26.20770335],[56.25382066,26.20502114],[56.25238585,26.20480645],[56.25,26.20528924],[56.24503207,26.20539665],[56.24497235,26.20823967],[56.24336672,26.21013892],[56.24222207,26.21097565],[56.23611414,26.21224272],[56.23468912,26.21446252],[56.23225522,26.21359575],[56.22942364,26.21142077],[56.22767544,26.19909775],[56.22388184,26.19595325],[56.22287583,26.19569027],[56.2218312,26.19655836],[56.22152185,26.19871056],[56.22175705,26.19959247],[56.2236315,26.20184004],[56.22411132,26.20488107],[56.22113132,26.20983756],[56.2211827,26.21068275],[56.22456741,26.2169528],[56.22385895,26.21985078],[56.22206545,26.22167385],[56.22117436,26.22681046],[56.21867084,26.23154807],[56.21442497,26.22980475],[56.21334863,26.23039484],[56.21433532,26.23296964],[56.21644735,26.23374605],[56.21873271,26.23706436],[56.21774888,26.24371958],[56.21922624,26.25335407],[56.21531796,26.25642538],[56.21228576,26.25645614],[56.20983255,26.25439286],[56.20821941,26.25445187],[56.20486164,26.25090611],[56.2040745,26.24736178],[56.20490694,26.24486685],[56.20160592,26.24423885],[56.19697321,26.24067891],[56.19609106,26.23710966],[56.19581103,26.23678553],[56.18724978,26.23030734],[56.18642557,26.22921264],[56.18428087,26.22510815],[56.18418884,26.22476494],[56.18462574,26.21943247],[56.18309462,26.21170735],[56.18033922,26.20496321],[56.17842495,26.20390332],[56.17809844,26.19709814],[56.17601955,26.19140625],[56.17577434,26.19140625],[56.17569327,26.19114006],[56.17683041,26.18575478],[56.17538703,26.17655873],[56.17305458,26.17335761],[56.16823876,26.16046166],[56.16314328,26.15752435],[56.1592319,26.15025902],[56.15492594,26.14584196],[56.14829326,26.14476335],[56.14732635,26.14601016],[56.14776075,26.14992511],[56.14404714,26.14923012],[56.13562346,26.13697636],[56.12359786,26.11250675],[56.12114728,26.1109097],[56.11914623,26.10733855],[56.11619997,26.10697043],[56.11463082,26.10392761],[56.11155105,26.10220075],[56.11236632,26.09988797],[56.11151898,26.09717906],[56.11034524,26.09684432],[56.10820603,26.09239447],[56.10504735,26.09085083],[56.10268354,26.08802617],[56.098719,26.07507515],[56.09623694,26.07418752],[56.09077084,26.06911886],[56.08780897,26.05759621],[56.08714032,26.05650175],[56.08647156,26.05600834],[56.08513415,26.05583656],[56.08470404,26.05598676],[56.08422637,26.05701685],[56.08448923,26.05555773],[56.08613718,26.05510712],[56.08670604,26.05134964],[56.08616114,26.04905605],[56.08327115,26.04869115],[56.08551621,26.04828346],[56.08460856,26.04414225],[56.08415484,26.04407775],[56.08229184,26.04557991],[56.08190966,26.04557991],[56.08257854,26.04427087],[56.08296072,26.04362714],[56.08523285,26.04330015],[56.08499944,26.04132044],[56.08481896,26.0407747],[56.08360386,26.04078937],[56.08243811,26.04139435],[56.08161724,26.04413807],[56.0818963,26.04137945],[56.08445775,26.04003715],[56.08421588,26.03711724],[56.08247101,26.03044808],[56.07974565,26.03002036],[56.08196211,26.02959263],[56.08140385,26.02680445],[56.07926965,26.02792561],[56.07872784,26.03050721],[56.07866216,26.03025627],[56.07882643,26.0277338],[56.0809679,26.02624226],[56.08098424,26.02221286],[56.07887721,26.015625],[56.07917905,26.015625],[56.07935607,26.01471126],[56.07783794,26.01348495],[56.07767761,26.01278937],[56.07753825,26.00762093],[56.07089925,25.98973405],[56.07052195,25.98905623],[56.06679821,25.98819125],[56.06608212,25.98577726],[56.06148756,25.98062754],[56.05683315,25.9832561],[56.05152237,25.98030555],[56.05235791,25.97885716],[56.05737031,25.98143208],[56.05874264,25.98035932],[56.05355132,25.97424376],[56.04555535,25.97494125],[56.05223846,25.97182977],[56.05104506,25.96490967],[56.05754065,25.9571743],[56.05622816,25.95410585],[56.05275023,25.95363367],[56.05281568,25.95133245],[56.05478454,25.9496212],[56.05701566,25.9496212],[56.0593785,25.94684768],[56.05944276,25.94038367],[56.05531073,25.93829155],[56.05143964,25.93138754],[56.05032432,25.92572272],[56.05248952,25.92436552],[56.05229247,25.91675341],[56.05570555,25.90400755],[56.05787015,25.90052605],[56.05203211,25.89857864],[56.04803073,25.8947432],[56.04711235,25.89137971],[56.03766382,25.89185166],[56.03622091,25.89014053],[56.03700793,25.88831115],[56.03497457,25.88654101],[56.03563046,25.88406265],[56.03253055,25.88216436],[56.02336586,25.88288236],[56.02336586,25.88488865],[56.01818454,25.88630486],[56.01713514,25.88506568],[56.01562655,25.88595092],[56.01319063,25.88293481],[56.00598717,25.86754024],[56.00644624,25.86624205],[56.00900424,25.86641896],[56.01064384,25.86382258],[56.00821495,25.86228836],[56.00632203,25.86215937],[56.00434601,25.86370456],[56.0039525,25.86323261],[56.00168192,25.85917628],[56.00205076,25.85786283],[55.98782301,25.83620656],[55.98290586,25.83284307],[55.97602224,25.82351983],[55.97294092,25.82346082],[55.9765079,25.82981765],[55.97623956,25.82986593],[55.97163081,25.8233428],[55.96841872,25.82298875],[55.96776307,25.82228065],[55.96782875,25.82098246],[55.96992636,25.82281172],[55.97510505,25.82298875],[55.97064745,25.81915307],[55.96671414,25.81779587],[55.96559977,25.81632066],[55.96527207,25.81933022],[55.96710765,25.82307446],[55.96553433,25.82363784],[55.96435428,25.81956625],[55.96101105,25.81974316],[55.96048665,25.8164978],[55.95694685,25.81531763],[55.95530796,25.81224906],[55.95019495,25.81136405],[55.95373785,25.80419183],[55.95165265,25.79850555],[55.95224845,25.79678893],[55.95522737,25.79576957],[55.96654737,25.79523325],[55.96517706,25.79078066],[55.95409536,25.79324842],[55.95354962,25.79207265],[55.95397615,25.78911781],[55.96368766,25.78659654],[55.96422374,25.78209043],[55.96613038,25.78101754],[55.96577287,25.77533126],[55.96225774,25.77570665],[55.95212817,25.77216625],[55.95373666,25.77635038],[55.95135367,25.77715504],[55.94897091,25.77640414],[55.94438374,25.77930093],[55.94521785,25.77736974],[55.94891131,25.77468753],[55.95194948,25.76921582],[55.95230687,25.76728463],[55.95111537,25.76680183],[55.94646883,25.7712543],[55.94343054,25.77061045],[55.93955827,25.77141523],[55.93759251,25.77366817],[55.9385457,25.77812076],[55.95147288,25.79099536],[55.95188987,25.7938385],[55.94992483,25.79813003],[55.95177186,25.80408454],[55.94998455,25.80757141],[55.9453969,25.80011475],[55.94313288,25.79732525],[55.93890297,25.79276562],[55.93783057,25.79287291],[55.93413687,25.78686476],[55.91847146,25.76937675],[55.91532612,25.76826096],[55.9076333,25.75704241],[55.90586484,25.75516176],[55.8984375,25.74804676],[55.89716852,25.74655998],[55.89308441,25.74400377],[55.88958585,25.74084866],[55.89128912,25.74385822],[55.88342786,25.73884237],[55.88264191,25.73822284],[55.88192117,25.73680663],[55.88427961,25.73848844],[55.88473821,25.73727858],[55.88231432,25.73530185],[55.87438774,25.73182035],[55.87392914,25.72981405],[55.87020183,25.72642398],[55.85524094,25.71847784],[55.85061896,25.71872056],[55.84924364,25.72202504],[55.84976757,25.72562444],[55.85998881,25.73205638],[55.86706305,25.73423982],[55.86863518,25.73595095],[55.86830771,25.73660004],[55.86706305,25.73665905],[55.84838676,25.72603762],[55.84832144,25.72172987],[55.84530854,25.71848452],[55.84085464,25.71818936],[55.83830023,25.71565211],[55.83692467,25.714944],[55.83535266,25.71464884],[55.82277715,25.71559298],[55.82153273,25.71895647],[55.81832862,25.71748126],[55.81570852,25.71854353],[55.81269526,25.71759927],[55.80784798,25.71895647],[55.80254233,25.71889746],[55.80162525,25.71683216],[55.80948555,25.71612406],[55.81511903,25.71718633],[55.81642902,25.71541595],[55.80719304,25.71346867],[55.8008393,25.71571112],[55.79900515,25.71264255],[55.80077374,25.71158052],[55.80005324,25.71034133],[55.79612303,25.71382284],[55.79933274,25.71925163],[55.79854655,25.72361815],[55.79049206,25.71069527],[55.78093052,25.70320117],[55.77608025,25.69702137],[55.77750886,25.69616306],[55.77922332,25.69693565],[55.78093767,25.69500434],[55.78608108,25.69710732],[55.79036725,25.69354534],[55.78970063,25.69182873],[55.78655744,25.69015503],[55.78608108,25.69384575],[55.78374755,25.69440365],[55.78141403,25.68972576],[55.78346193,25.68903923],[55.78612876,25.69002616],[55.78155684,25.68646431],[55.77631831,25.69144237],[55.77493715,25.69148541],[55.77684224,25.69547653],[55.77555633,25.69620597],[55.77269876,25.68869591],[55.76712775,25.67985535],[55.75565267,25.66560745],[55.75284374,25.66363335],[55.74898672,25.66401947],[55.74551094,25.6671524],[55.74446344,25.66981316],[55.74646306,25.67165852],[55.74593937,25.67264545],[55.74170184,25.67384708],[55.73913074,25.67341804],[55.73846424,25.67491996],[55.73827291,25.67569256],[55.73832047,25.67775238],[55.73874974,25.67891121],[55.74003541,25.68032742],[55.74298751,25.68204403],[55.74360633,25.68225861],[55.75003493,25.68251598],[55.74493957,25.68367481],[55.7400825,25.68165767],[55.73927295,25.68097115],[55.73770154,25.67848206],[55.73746335,25.6769371],[55.73765385,25.67517746],[55.73865378,25.67324626],[55.73998725,25.67140102],[55.74198723,25.67067134],[55.74189186,25.66908348],[55.74055862,25.66856861],[55.7409873,25.66792476],[55.74527276,25.6640625],[55.74862945,25.66040385],[55.74773657,25.65824735],[55.74662983,25.65686345],[55.73988116,25.64987886],[55.72688794,25.64097405],[55.72360313,25.63951492],[55.71930504,25.63923585],[55.71120596,25.63498783],[55.69842815,25.63073874],[55.69502497,25.62861443],[55.69430506,25.62772918],[55.69399583,25.6262809],[55.69423974,25.62619495],[55.69503701,25.62716603],[55.69575095,25.62730014],[55.69661355,25.62671006],[55.69685161,25.62681735],[55.69757736,25.62920451],[55.69836283,25.62967646],[55.70012975,25.62920451],[55.69986784,25.62643111],[55.69653034,25.62342155],[55.69473946,25.62520802],[55.69600666,25.62271345],[55.68965745,25.62041223],[55.68684506,25.61756146],[55.68088913,25.61445224],[55.67800987,25.61634064],[55.67853343,25.61350822],[55.67146635,25.60973156],[55.67087746,25.60878754],[55.66976512,25.60176551],[55.66633725,25.59546614],[55.65606368,25.58931506],[55.64880276,25.58742595],[55.64672315,25.5858556],[55.64518297,25.57827473],[55.6367619,25.5687046],[55.63533473,25.56299675],[55.63338423,25.56149483],[55.63590562,25.55986404],[55.63833177,25.55454254],[55.64032996,25.55381286],[55.64442933,25.54727626],[55.64674616,25.54643154],[55.64826453,25.54963303],[55.64915407,25.5479604],[55.64763534,25.54488242],[55.64152884,25.54248857],[55.63366926,25.5355283],[55.6329174,25.53741646],[55.62603188,25.53951144],[55.61811805,25.53567576],[55.61295104,25.53514481],[55.60765326,25.53272545],[55.60039341,25.53508568],[55.59542274,25.53496766],[55.59588051,25.53378761],[55.59221792,25.53136826],[55.58338833,25.52841783],[55.57979095,25.52877176],[55.57128894,25.53290236],[55.56779671,25.53090477],[55.5659728,25.52467692],[55.56422555,25.52534926],[55.56363678,25.53573477],[55.55977821,25.53791821],[55.55945122,25.54499924],[55.55984282,25.54918885],[55.56396484,25.55804014],[55.56717014,25.57084501],[55.56717014,25.57391345],[55.56422663,25.58064043],[55.56455374,25.58347285],[55.56638575,25.58506596],[55.56756341,25.58465302],[55.56821775,25.58182061],[55.57351732,25.58123052],[55.57881701,25.58288264],[55.58038723,25.58483005],[55.58221924,25.59067178],[55.58136857,25.59149802],[55.58156502,25.59857905],[55.57992923,25.60577798],[55.57947123,25.60542405],[55.57220864,25.59397626],[55.55729938,25.58535945],[55.54680955,25.56698787],[55.54176676,25.55643082],[55.53847861,25.55340517],[55.53314996,25.54086316],[55.51958394,25.51728117],[55.51454997,25.51025355],[55.51208878,25.50960481],[55.50988674,25.50698948],[55.50957775,25.50165474],[55.50598526,25.5008527],[55.50563765,25.5002948],[55.506024,25.49607575],[55.50092506,25.48829985],[55.49988234,25.48627746],[55.49524724,25.48066366],[55.49331594,25.48143077],[55.49578798,25.47630513],[55.49645662,25.47598314],[55.49739242,25.47622454],[55.50608242,25.48056984],[55.51022685,25.48016751],[55.51414847,25.47811556],[55.5166887,25.47497737],[55.51744616,25.47236216],[55.51758003,25.47043097],[55.51744616,25.46898258],[55.51539636,25.46379256],[55.51512885,25.46359146],[55.51392567,25.46375227],[55.51615393,25.46918392],[55.51544094,25.47433364],[55.50982583,25.47900081],[55.50483465,25.47924221],[55.49690223,25.47437394],[55.49449575,25.47533953],[55.49182177,25.4816159],[55.49560976,25.47248304],[55.50808775,25.46584451],[55.50683987,25.46359146],[55.49422824,25.47043097],[55.48937082,25.48254132],[55.49030674,25.47859836],[55.48772204,25.47481644],[55.4847362,25.47658682],[55.48041344,25.47562122],[55.48536003,25.47244275],[55.48206234,25.46632731],[55.47615016,25.46951652],[55.47731471,25.47794664],[55.47395301,25.46113718],[55.47716141,25.45952785],[55.47707236,25.45840144],[55.46598041,25.44303226],[55.46107948,25.43743992],[55.45324182,25.42939317],[55.45137346,25.42787445],[55.44896507,25.42617464],[55.44473314,25.4258126],[55.44553661,25.42493784],[55.4466567,25.42450905],[55.44789195,25.42455184],[55.45079112,25.42618275],[55.45644546,25.42463768],[55.46842074,25.42991626],[55.47393346,25.43626785],[55.47873306,25.43532371],[55.48628914,25.4308176],[55.49237216,25.43004513],[55.49622154,25.42862892],[55.49802732,25.42747021],[55.49821734,25.42682636],[55.4944632,25.42468071],[55.49047124,25.42686927],[55.48833275,25.42674065],[55.48486364,25.42339325],[55.47588193,25.42738426],[55.47626197,25.42897224],[55.47421861,25.43094635],[55.47250783,25.42957306],[55.47241271,25.42699814],[55.48357844,25.42120445],[55.48258054,25.41944504],[55.46903837,25.42656887],[55.45981765,25.42296398],[55.45862985,25.42021751],[55.46323872,25.41489601],[55.46371126,25.41000354],[55.46171606,25.41013241],[55.46190596,25.41330814],[55.46014822,25.41614056],[55.45796275,25.41588295],[55.45620501,25.41000354],[55.45744026,25.40845871],[55.45986307,25.40884495],[55.46109843,25.40751445],[55.45763016,25.40468216],[55.45625246,25.40142047],[55.45744026,25.39961815],[55.46684694,25.39824486],[55.4666568,25.39554107],[55.45791531,25.39639938],[55.45416224,25.39824486],[55.45330703,25.40159225],[55.45577943,25.42223453],[55.45126545,25.42369366],[55.4474169,25.42201996],[55.4466567,25.42013156],[55.44409084,25.41884422],[55.44347322,25.41931617],[55.44542134,25.42249203],[55.44380581,25.42403686],[55.44219041,25.42541015],[55.43549085,25.41412353],[55.41962278,25.39429665],[55.41881526,25.39343834],[55.41164207,25.38871765],[55.4101696,25.38854587],[55.41064465,25.38949013],[55.41031206,25.38983345],[55.40983701,25.38953304],[55.40304375,25.38300991],[55.39800835,25.38086414],[55.39648831,25.37974834],[55.39113426,25.37546468],[55.39190614,25.37375617],[55.39128876,25.37291944],[55.38982105,25.37225187],[55.38964283,25.36690664],[55.38476706,25.36162186],[55.37839985,25.35761201],[55.37778235,25.35667062],[55.37716496,25.35422981],[55.37755096,25.35217238],[55.38387156,25.34546161],[55.38439393,25.34342575],[55.38263094,25.34000325],[55.38259852,25.33888221],[55.38325143,25.33758402],[55.38955915,25.33125401],[55.38633192,25.32679081],[55.38410044,25.32498825],[55.38305593,25.32494545],[55.37973225,25.32679081],[55.37655115,25.33228385],[55.37674888,25.33453057],[55.37710917,25.33312702],[55.37771392,25.33251154],[55.37924516,25.33300102],[55.37971532,25.33344066],[55.37941384,25.33440888],[55.37819386,25.33436406],[55.37757003,25.33548415],[55.37675942,25.33465039],[55.37727726,25.34053445],[55.37596881,25.35377645],[55.37716496,25.35837913],[55.38357055,25.36280751],[55.38773835,25.36741006],[55.38835382,25.37220621],[55.38831735,25.37337256],[55.38411105,25.37483704],[55.38526857,25.37661552],[55.3865422,25.37616205],[55.38522994,25.37717342],[55.38330054,25.37459314],[55.37029564,25.36727071],[55.37299705,25.36814225],[55.37434757,25.36723566],[55.38249016,25.37197793],[55.38526857,25.36943245],[55.37755072,25.36346996],[55.37573695,25.36444616],[55.37222505,25.35918105],[55.3670541,25.3614825],[55.36859775,25.36992073],[55.36624515,25.36280751],[55.36755705,25.35304415],[55.36886942,25.35185873],[55.35561275,25.33000934],[55.35625386,25.32893121],[55.35925102,25.33059406],[55.3620404,25.33056724],[55.36770797,25.32659757],[55.37224805,25.32517612],[55.37319756,25.32380807],[55.37328672,25.31613696],[55.37204015,25.31455445],[55.36975527,25.31407166],[55.36640227,25.31586885],[55.36488903,25.31801462],[55.36370206,25.32233286],[55.36571991,25.32353985],[55.36661005,25.3264904],[55.36393952,25.32616854],[55.36334598,25.32284248],[55.36299002,25.32686591],[55.36132824,25.32850206],[55.35547078,25.32842147],[55.35512686,25.31763911],[55.35819316,25.31522512],[55.35987437,25.31334746],[55.36244953,25.31245697],[55.36320961,25.31155574],[55.36377931,25.30988204],[55.36339951,25.3080368],[55.36268735,25.30726433],[55.36183274,25.30674934],[55.35969627,25.30679226],[55.35570145,25.31170833],[55.35323966,25.31400204],[55.35314476,25.31589031],[55.35124576,25.31631935],[55.35081863,25.31589031],[55.34953666,25.31198502],[55.35081863,25.30876625],[55.35205293,25.30696392],[55.35756004,25.30228615],[55.35774946,25.3010416],[55.35532796,25.29842365],[55.35276461,25.29838085],[55.35058093,25.29979706],[55.34759033,25.30730724],[55.34744775,25.30953884],[55.34872961,25.31567574],[55.35262215,25.32031047],[55.35205245,25.32185554],[55.35453355,25.32654405],[55.35401726,25.3277322],[55.35236156,25.32802177],[55.35107982,25.32674253],[55.34886324,25.32712865],[55.34883654,25.32519746],[55.34814215,25.3241837],[55.34619272,25.32399046],[55.3467803,25.32220423],[55.34648645,25.32157648],[55.34402955,25.32051444],[55.34445691,25.31843841],[55.34270942,25.31576145],[55.34028316,25.3125],[55.33008575,25.29939187],[55.33699846,25.30704427],[55.33818233,25.30603051],[55.33679366,25.30361652],[55.33075714,25.29725921],[55.32910991,25.29624844],[55.32755244,25.29631555],[55.32915425,25.29803204],[55.32930267,25.30048633],[55.32869446,25.2981528],[55.32549036,25.29533637],[55.32273126,25.29915857],[55.32117367,25.29935968],[55.31970525,25.29762983],[55.31788075,25.29762983],[55.31721306,25.29807234],[55.31552207,25.30084836],[55.31516612,25.30177367],[55.31498814,25.30374515],[55.31574464,25.30483151],[55.32010567,25.30527413],[55.32566845,25.30382574],[55.32620251,25.30394626],[55.32718146,25.30652118],[55.32878351,25.30547524],[55.32933497,25.30542696],[55.32998514,25.30595803],[55.33002961,25.30676258],[55.32746577,25.30931354],[55.32767105,25.3125],[55.3293972,25.31626582],[55.32943273,25.31941998],[55.32722497,25.32186615],[55.32758105,25.32820702],[55.33092833,25.32627583],[55.33075035,25.32669425],[55.32505286,25.33120024],[55.32199061,25.33100724],[55.31583095,25.33284175],[55.31219852,25.33715475],[55.31223404,25.33963323],[55.30764043,25.34423578],[55.30845964,25.34516931],[55.29652834,25.35405266],[55.2946763,25.35324812],[55.29417765,25.35218585],[55.29424894,25.34877408],[55.29588723,25.3439784],[55.29367936,25.33982635],[55.29442716,25.33831346],[55.29328763,25.33673644],[55.29328835,25.33103943],[55.29368007,25.33042777],[55.29681385,25.33078194],[55.30109262,25.32919395],[55.30194163,25.33226252],[55.30422056,25.33252001],[55.30941951,25.32910824],[55.32042277,25.32852876],[55.32199144,25.32770598],[55.32547927,25.3246665],[55.32711744,25.31864762],[55.32601094,25.31575084],[55.32220113,25.31414151],[55.32198751,25.3136909],[55.32252145,25.3125],[55.32290924,25.3125],[55.32393277,25.31090665],[55.32326531,25.30837202],[55.31463182,25.30607867],[55.31262922,25.30374515],[55.31289613,25.29972196],[55.31111598,25.29618144],[55.30777836,25.29525602],[55.3072443,25.29477322],[55.30728877,25.29416966],[55.30871296,25.2919569],[55.31365275,25.29252005],[55.31489837,25.29111195],[55.32259774,25.29626191],[55.32468927,25.29445136],[55.3104043,25.28374934],[55.29596663,25.27595472],[55.29491842,25.27559197],[55.29476953,25.27537572],[55.29501235,25.27056873],[55.29205501,25.26791585],[55.29172826,25.26710296],[55.29227114,25.26632261],[55.29365122,25.26566684],[55.29527247,25.26564372],[55.29766452,25.2669239],[55.30230916,25.2671653],[55.30730975,25.26567864],[55.31462944,25.25893903],[55.31653655,25.25883687],[55.32136774,25.25552976],[55.31979287,25.25432277],[55.32096398,25.2532407],[55.32870364,25.24883366],[55.32927096,25.24825132],[55.33296454,25.23992383],[55.33752775,25.23553252],[55.33724785,25.23360884],[55.33948457,25.23383605],[55.345842,25.22980213],[55.34761715,25.22783351],[55.34882987,25.22598255],[55.34816575,25.22319305],[55.35100961,25.21113396],[55.35015583,25.20602703],[55.34944427,25.20431042],[55.34730995,25.20126343],[55.34470141,25.19928932],[55.33085108,25.19087791],[55.32878017,25.19289923],[55.32980895,25.19422746],[55.32887125,25.19585991],[55.32764423,25.19487882],[55.32651508,25.19574904],[55.32905912,25.19878447],[55.32475615,25.19767261],[55.32356834,25.19455004],[55.31735468,25.19066942],[55.31724572,25.19342828],[55.32026684,25.19592202],[55.32032192,25.19631481],[55.31881416,25.19638026],[55.31842315,25.19666958],[55.3183192,25.19774091],[55.31877327,25.19842625],[55.33248305,25.20433128],[55.33303332,25.20486832],[55.33564222,25.20804405],[55.33659303,25.21217763],[55.34463394,25.22005975],[55.34418786,25.22565508],[55.33688164,25.23125875],[55.33698726,25.23320615],[55.33549952,25.23229122],[55.33407307,25.23297965],[55.32795572,25.23837435],[55.32457805,25.2473706],[55.31285286,25.25627816],[55.30754101,25.26257873],[55.30225575,25.26513755],[55.29191601,25.26452851],[55.29024923,25.26547003],[55.29092515,25.26900756],[55.29406035,25.27105165],[55.29423046,25.27238846],[55.29326796,25.27597284],[55.29150045,25.28157413],[55.27426612,25.26858151],[55.27420294,25.26563644],[55.27538943,25.26477814],[55.28682625,25.27276027],[55.28806007,25.2713871],[55.28316355,25.26473236],[55.2848376,25.26484776],[55.28280878,25.26175785],[55.28334284,25.26327872],[55.28174114,25.26339936],[55.27501464,25.25630236],[55.27019906,25.26163197],[55.27106845,25.26902676],[55.26670241,25.27512073],[55.26641762,25.28211594],[55.26333284,25.28327465],[55.2609601,25.28263092],[55.25996351,25.28194416],[55.2595365,25.28091431],[55.25996351,25.27821064],[55.25887203,25.27748096],[55.25835001,25.27276027],[55.25910926,25.27357566],[55.2618618,25.27323234],[55.26043797,25.26743877],[55.25602472,25.26889801],[55.25612044,25.27237415],[55.25426984,25.26447773],[55.25517142,25.26319015],[55.26838636,25.26067972],[55.27514815,25.25377035],[55.27066421,25.24952173],[55.26603794,25.25291204],[55.26330984,25.25020826],[55.26749814,25.24654984],[55.26571882,25.24465084],[55.26557624,25.24407935],[55.26524866,25.24317277],[55.26623166,25.24353898],[55.26409495,25.23726332],[55.26316094,25.23592222],[55.26294208,25.23751152],[55.26187122,25.23429751],[55.25814712,25.23406136],[55.25974834,25.23386025],[55.25983715,25.23237157],[55.25957024,25.23180842],[55.25828063,25.23019898],[55.25637138,25.2298491],[55.25605595,25.22650564],[55.25361061,25.22577345],[55.25321043,25.22754371],[55.25329936,25.22585392],[55.25111997,25.22424448],[55.25267673,25.22456634],[55.25350296,25.22285652],[55.25032794,25.21753371],[55.24968755,25.21676123],[55.24492466,25.21275401],[55.24588525,25.21181238],[55.24571192,25.21124518],[55.24512494,25.2104969],[55.24313712,25.21054506],[55.24415112,25.21336961],[55.24277687,25.21059334],[55.24169636,25.21042454],[55.24288356,25.20991755],[55.24249685,25.20842075],[55.23894584,25.20486617],[55.23717701,25.20494735],[55.23828256,25.20406365],[55.23726892,25.20179451],[55.23641515,25.20065975],[55.2311331,25.19397306],[55.22859871,25.19307995],[55.22603774,25.18740714],[55.22363687,25.18680346],[55.2216897,25.18434131],[55.22102273,25.18134785],[55.21766162,25.17922366],[55.21784842,25.17668903],[55.21518087,25.17569923],[55.21662128,25.17497504],[55.21560764,25.17330945],[55.21406066,25.17217481],[55.21342063,25.17330945],[55.21488762,25.17661655],[55.21299386,25.17270577],[55.21142018,25.17275405],[55.20949733,25.16690695],[55.19954562,25.15412176],[55.19772506,25.15410483],[55.19886601,25.15364885],[55.19693995,25.15191865],[55.19623334,25.15238077],[55.1953125,25.15014315],[55.19211602,25.14525282],[55.18886375,25.14470363],[55.19022656,25.14391243],[55.1903007,25.14371121],[55.18972301,25.14259815],[55.18945587,25.14248884],[55.18832705,25.14338308],[55.18818224,25.14180684],[55.18651986,25.14058912],[55.18590057,25.14180684],[55.18455255,25.14153862],[55.18481922,25.14041197],[55.18631554,25.14021087],[55.18632746,25.14003122],[55.18618536,25.13851583],[55.18483651,25.13671875],[55.18474555,25.13672936],[55.18159032,25.13273025],[55.18084371,25.13195765],[55.17863047,25.13153136],[55.1795994,25.13110483],[55.17876077,25.12957335],[55.16705358,25.11699915],[55.16317427,25.11456835],[55.16500843,25.11462057],[55.16243255,25.11227834],[55.16216244,25.11232801],[55.16211474,25.11037481],[55.15921545,25.10916781],[55.15839922,25.10680997],[55.15667415,25.10720634],[55.15762794,25.10623002],[55.15667415,25.10484064],[55.15604269,25.10548785],[55.15591025,25.10441291],[55.15467823,25.10303545],[55.15321493,25.10378516],[55.15255845,25.10447848],[55.15245426,25.10691476],[55.15213203,25.10729492],[55.14720917,25.11123765],[55.14914656,25.11366785],[55.14772475,25.11501956],[55.14527202,25.11258948],[55.14292586,25.11452067],[55.14271283,25.11799693],[55.14084637,25.11596906],[55.13602984,25.11738527],[55.14077544,25.11920393],[55.14745855,25.11928427],[55.14749396,25.12050736],[55.14020657,25.12029815],[55.13475001,25.11822224],[55.14121985,25.12182713],[55.14747632,25.12305021],[55.14788497,25.12425721],[55.14237511,25.12353301],[55.13363004,25.11915565],[55.13805592,25.12351692],[55.14735198,25.12739527],[55.14728141,25.12840915],[55.13880253,25.12543201],[55.13240361,25.11994421],[55.13643825,25.12586653],[55.14587724,25.13116121],[55.14559281,25.13211071],[55.14169991,25.13108075],[55.13718474,25.12813556],[55.13142538,25.12081325],[55.13382494,25.12725055],[55.14068663,25.13378441],[55.14040208,25.13513625],[55.13377166,25.12955177],[55.13003886,25.12169826],[55.13078535,25.12755632],[55.13471377,25.13405788],[55.13394928,25.13499141],[55.13085628,25.13103235],[55.12858081,25.12280881],[55.12804747,25.13225555],[55.12715876,25.13211071],[55.12653673,25.12914956],[55.12676775,25.12435365],[55.12426126,25.13009906],[55.12339044,25.12749195],[55.12090182,25.12720215],[55.12131047,25.12520671],[55.11919534,25.12486875],[55.11889315,25.12390316],[55.12536335,25.12287307],[55.11963987,25.12198806],[55.11674273,25.12034655],[55.1271764,25.12148905],[55.12081313,25.11913955],[55.11565864,25.11558294],[55.11535645,25.1142472],[55.11668944,25.11403787],[55.12324774,25.11897862],[55.12877548,25.12037873],[55.12138152,25.11588871],[55.11631596,25.11007905],[55.11612046,25.10869503],[55.11636925,25.10838926],[55.11743557,25.10819614],[55.12232315,25.11493921],[55.12349617,25.11596906],[55.12991261,25.11946142],[55.13001931,25.11928427],[55.12314057,25.11271834],[55.120386,25.10462344],[55.12179005,25.10492921],[55.12486458,25.11304021],[55.13104963,25.11852801],[55.12616181,25.11107683],[55.12482894,25.10362565],[55.12580645,25.10396361],[55.12854326,25.11328161],[55.13216913,25.11762667],[55.12943184,25.11007905],[55.12934315,25.10394752],[55.13055158,25.10433376],[55.13099587,25.11151135],[55.13343096,25.11685431],[55.13220465,25.1111412],[55.13319993,25.10500956],[55.13462174,25.10542798],[55.13353765,25.11017561],[55.13465726,25.11585653],[55.13479948,25.11584043],[55.13691461,25.11207461],[55.13547492,25.10959625],[55.1400249,25.10919392],[55.14811122,25.10294974],[55.14946997,25.10245693],[55.15215588,25.10242534],[55.15236783,25.10052502],[55.14596856,25.09310603],[55.14482236,25.09240866],[55.14242554,25.09429026],[55.14239216,25.09427273],[55.14073813,25.09155571],[55.14093363,25.09074557],[55.14115858,25.09067047],[55.14260375,25.09364235],[55.14503455,25.09179711],[55.14267051,25.08833694],[55.14511704,25.08652651],[55.14620554,25.08694887],[55.14762711,25.08391142],[55.14003074,25.07872117],[55.13923121,25.07598543],[55.13705456,25.07515788],[55.13622403,25.07293046],[55.13389504,25.07200098],[55.13159847,25.06909478],[55.12430191,25.07223713],[55.12431824,25.07486296],[55.12293375,25.07295978],[55.12405336,25.07198095],[55.12286878,25.07004964],[55.10944176,25.05536187],[55.10533404,25.05248046],[55.10287333,25.05363595],[55.10534692,25.05180442],[55.10793602,25.05415905],[55.10904634,25.05385721],[55.10451651,25.05045748],[55.10187411,25.05267024],[55.10337865,25.05124211],[55.10278654,25.05022275],[55.08877444,25.03458822],[55.08382475,25.03048182],[55.08077812,25.03244376],[55.08264434,25.03007281],[55.07669103,25.02363944],[55.07399726,25.02266312],[55.07184243,25.02677762],[55.04709983,25.02234936],[55.04620135,25.02050126],[55.04336286,25.02005064],[55.04617584,25.02022231],[55.05225503,25.00568211],[55.05052364,25.00257874],[55.05271673,24.99675572],[55.05506325,24.99438465],[55.07141387,25.00843656],[55.07545364,25.00460112],[55.05764151,24.98873591],[55.06048822,24.98172724],[55.07891464,24.99762726],[55.08179975,24.99504697],[55.05521595,24.97208464],[55.0528717,24.97458446],[55.05085945,24.97428954],[55.0490545,24.97597933],[55.054618,24.98123646],[55.04671991,25.00138521],[55.04333711,25.00278532],[55.04277766,25.00486136],[55.04392302,25.00529575],[55.04213834,25.00531995],[55.03787255,25.01530051],[55.03707707,25.01724505],[55.03828692,25.02061391],[55.0381211,25.02057636],[55.03654635,25.01712155],[55.04527807,24.99685764],[55.03676713,24.99299514],[55.03550053,24.99574184],[55.03544116,24.99549496],[55.03618705,24.99299514],[55.03079653,24.99252582],[55.03195655,24.99728537],[55.03059971,24.99565184],[55.03004026,24.99132407],[55.02551556,24.99012852],[55.02614057,24.98739195],[55.02476466,24.98720086],[55.02355516,24.98948407],[55.02579105,24.99201894],[55.01610732,24.98503697],[55.01578164,24.98509598],[55.0151633,24.9866451],[55.01488662,24.98834145],[55.01547253,24.99251652],[55.01579797,24.99331295],[55.02003884,24.99769711],[55.02332807,25.00593495],[55.02353013,25.00703323],[55.02369893,25.01359987],[55.02265716,25.01741946],[55.02077162,25.02201664],[55.01959062,25.02169478],[55.01826751,25.02368236],[55.01922655,25.02464795],[55.01388812,25.03006065],[55.00913405,25.03292263],[55.00027704,25.03581405],[54.99200594,25.03646314],[54.98957992,25.03625655],[54.98892856,25.03197837],[54.99558783,25.03286362],[55.00333774,25.03141785],[55.01058292,25.02767074],[55.01540184,25.02224195],[55.01712751,25.02306807],[55.01836491,25.02110612],[55.01680195,25.02004933],[55.01776254,25.02007353],[55.0192275,25.01529384],[55.01942265,25.00712097],[55.01691556,25.00009894],[55.01525533,24.99741423],[55.01433265,24.99754596],[55.01571035,24.99585974],[55.01407671,24.99270546],[55.01285744,24.99299514],[55.01210666,24.99016821],[55.01290548,24.98509884],[55.01414835,24.98525965],[55.01469612,24.98421371],[55.00637114,24.97962713],[55.0046432,24.97994888],[55.00398028,24.98093605],[55.00505948,24.98289394],[55.00385904,24.98559773],[54.99536443,24.9998188],[54.99396455,25.00141203],[54.9924345,25.00058591],[54.99168575,25.00185454],[54.9935739,25.00262165],[54.99940121,25.00197256],[55.00760496,24.99722242],[55.00773525,24.99905157],[55.00229895,25.00235605],[54.99240267,25.00374281],[54.99237025,25.00445092],[55.00269008,25.00480485],[55.00985265,25.00206113],[55.01092684,25.00235605],[55.01050365,25.00362468],[55.00178003,25.00625074],[54.99191546,25.00563097],[54.99136198,25.0063982],[55.00060785,25.00893545],[55.01105845,25.00698817],[55.01216543,25.00784385],[55.00969088,25.00937808],[55.00311434,25.01023364],[54.99604917,25.00952566],[54.99074245,25.00748992],[54.99012387,25.00808001],[54.99520266,25.01138437],[55.00054204,25.01288915],[55.01089513,25.01159096],[55.0117743,25.01229894],[55.00969052,25.01380384],[55.0018115,25.01430535],[54.99595106,25.01297772],[54.98960233,25.0094372],[54.98882091,25.00996816],[54.99666715,25.01607561],[55.00868273,25.01861286],[55.00764084,25.01988173],[54.99930537,25.01852453],[54.99171901,25.0146594],[54.98823476,25.01141393],[54.98849535,25.01339066],[54.99396503,25.01902604],[55.00392795,25.02300906],[55.00200701,25.02401233],[54.99569023,25.02162242],[54.98676872,25.01412833],[54.98807097,25.01884902],[54.99549484,25.02551687],[54.99481106,25.02693307],[54.98738718,25.02085531],[54.98514056,25.0162822],[54.98439181,25.01654756],[54.98507547,25.02168143],[54.98266578,25.01884902],[54.97999585,25.01896703],[54.98041916,25.01763928],[54.96954441,25.01822937],[54.96983743,25.01684272],[54.97504687,25.01687217],[54.98061454,25.01527905],[54.98113561,25.01427591],[54.97084665,25.01448226],[54.96619081,25.01300704],[54.96612561,25.01141393],[54.97550285,25.01333165],[54.98087513,25.01277113],[54.98198211,25.01144338],[54.97071672,25.00937808],[54.96374965,25.00465751],[54.96540988,25.00359535],[54.97328854,25.00893545],[54.98338091,25.01011574],[54.98338091,25.00899446],[54.97755337,25.00784385],[54.96987021,25.00386083],[54.96495426,24.99822545],[54.96664715,24.99778295],[54.97214913,25.00359535],[54.97631633,25.00595558],[54.98448777,25.00784385],[54.98465061,25.00713575],[54.97787905,25.00412643],[54.9731909,24.99996614],[54.97000086,24.99515712],[54.96951246,24.99170494],[54.97091246,24.99188197],[54.97504663,24.99999583],[54.97862744,25.00309372],[54.98549604,25.00595558],[54.98559368,25.00492287],[54.97934306,25.00046778],[54.97559905,24.99586523],[54.97348344,24.98931515],[54.97504592,24.98904955],[54.97953761,24.9984616],[54.98656952,25.00391984],[54.98051417,24.99480295],[54.97882175,24.98733842],[54.98061645,24.98779583],[54.98233736,24.99506855],[54.98803413,25.00223815],[54.98438227,24.99521613],[54.98467541,24.98680735],[54.9864006,24.98719084],[54.98591232,24.99415386],[54.98708415,24.99754691],[54.99033904,25.00117588],[54.99069715,24.99710441],[55.00234902,24.97850001],[54.99818492,24.97565472],[54.9918704,24.97379601],[54.98760641,24.97828054],[54.98597884,24.97745454],[54.98226845,24.97907722],[54.98217082,24.98164415],[54.98002255,24.98087704],[54.97201514,24.98247015],[54.96303105,24.98760402],[54.95964551,24.99141002],[54.96021616,24.99207008],[54.95844197,24.99147272],[54.957551,24.99255705],[54.95718467,24.9933573],[54.95721316,24.99344575],[54.95889545,24.99441767],[54.95752335,24.99575317],[54.95672154,24.99842942],[54.95625985,25.00196862],[54.95641387,25.00569952],[54.95714498,25.00889003],[54.95808375,25.01174104],[54.96250582,25.01900732],[54.96226597,25.02076936],[54.96517611,25.02339256],[54.97510707,25.02861488],[54.98049641,25.02989841],[54.98515284,25.03336513],[54.98619545,25.03265524],[54.98622751,25.03268647],[54.98673224,25.0356518],[54.98647165,25.03588784],[54.97935665,25.03653693],[54.97613275,25.03628612],[54.97286034,25.03540087],[54.96952248,25.03368974],[54.9664942,25.03106368],[54.96520817,25.02936733],[54.95478082,25.01333427],[54.95252812,25.00514162],[54.95243192,25.00114906],[54.95342624,24.99577928],[54.95436883,24.99319911],[54.95463812,24.99276316],[54.95639002,24.99220133],[54.95657933,24.99171853],[54.95592058,24.98995495],[54.96181107,24.98373616],[54.97039235,24.97911215],[54.97255826,24.97840405],[54.98052347,24.97691274],[54.98305643,24.97725594],[54.98396766,24.97703075],[54.98589694,24.97582912],[54.98748446,24.97395694],[54.98752582,24.97247362],[54.98657715,24.97093666],[54.98245907,24.9684906],[54.97237706,24.9651432],[54.96541905,24.96546495],[54.96201122,24.96437073],[54.95874524,24.96102333],[54.93701923,24.94100332],[54.91605914,24.9278841],[54.91330576,24.92355824],[54.90308416,24.91377354],[54.8993932,24.9117136],[54.89470828,24.91016865],[54.89243686,24.91139173],[54.88931358,24.91126287],[54.87546802,24.90173566],[54.87111783,24.90026975],[54.87149382,24.89922523],[54.86943567,24.89890325],[54.86979055,24.89658594],[54.86680996,24.89677894],[54.86886811,24.89793766],[54.86858416,24.89903212],[54.85985517,24.89529836],[54.85801005,24.90006196],[54.85630691,24.89986885],[54.85758436,24.89941835],[54.85935855,24.89471912],[54.85864878,24.89356041],[54.85581005,24.89336717],[54.85339725,24.89491224],[54.85431993,24.89755154],[54.85233283,24.89484775],[54.85630691,24.89201546],[54.85446632,24.88901174],[54.85155213,24.88866794],[54.85240364,24.88667238],[54.85193205,24.88375413],[54.85162485,24.88347507],[54.84807467,24.88525617],[54.84381676,24.8904705],[54.84190071,24.88989115],[54.84090698,24.88918304],[54.83977163,24.88705873],[54.84076524,24.88763797],[54.8424108,24.88662684],[54.84295285,24.88570285],[54.84282315,24.88448381],[54.83998454,24.88081455],[54.83089995,24.87347603],[54.82912612,24.87006426],[54.82685566,24.86896992],[54.82515275,24.87102985],[54.82579136,24.87225294],[54.82352078,24.87057924],[54.82458508,24.87090111],[54.82337904,24.86916304],[54.82564938,24.86768246],[54.82430124,24.86549366],[54.82061183,24.86465692],[54.81912184,24.86369133],[54.8194766,24.86253262],[54.81507754,24.86092317],[54.81216848,24.85815525],[54.80627954,24.85770464],[54.80635035,24.86066568],[54.80805325,24.86195326],[54.80627954,24.87070787],[54.80564094,24.87051475],[54.80713093,24.862082],[54.80564094,24.86085892],[54.80564094,24.85570896],[54.80471861,24.85512972],[54.79492426,24.85512972],[54.79235137,24.85110235],[54.78860152,24.85024703],[54.78736603,24.85122228],[54.7873224,24.8496443],[54.77967596,24.84587014],[54.77962744,24.84779167],[54.78394783,24.84849346],[54.78510094,24.85063756],[54.78419161,24.85073173],[54.78306651,24.8488934],[54.77927673,24.84840596],[54.77819955,24.8452332],[54.77304494,24.84409261],[54.76987457,24.84449768],[54.76828766,24.84610665],[54.76579285,24.85420215],[54.76473904,24.85453355],[54.76499951,24.84859335],[54.76435232,24.84551752],[54.76182592,24.83912444],[54.76190674,24.83887601],[54.76383245,24.83799827],[54.76440585,24.83625484],[54.76456237,24.82677054],[54.76675224,24.82199371],[54.76790833,24.81523621],[54.76970971,24.81243956],[54.77335894,24.81062651],[54.7721616,24.81034744],[54.77139986,24.80497766],[54.77120781,24.80403614],[54.76456237,24.79929411],[54.7543447,24.80211854],[54.75031126,24.80009615],[54.75023377,24.79103017],[54.74796772,24.79022825],[54.74673855,24.79120445],[54.74646437,24.79722965],[54.73859537,24.80103755],[54.73544943,24.80081224],[54.73311842,24.80243838],[54.73115337,24.80150354],[54.73055303,24.80309474],[54.72113514,24.80697],[54.7140063,24.81416702],[54.70937943,24.81383812],[54.70886695,24.81378448],[54.70835984,24.8134191],[54.70398664,24.80203664],[54.69373775,24.78515625],[54.68878984,24.77694333],[54.68425834,24.77268934],[54.67908216,24.77047253],[54.68164694,24.76843536],[54.68064845,24.76669192],[54.67742264,24.76920235],[54.67742264,24.76717997],[54.67442715,24.7629261],[54.66843653,24.75678921],[54.67803705,24.75372064],[54.67719233,24.75302327],[54.66636264,24.75602198],[54.65599275,24.74751413],[54.64301527,24.74158645],[54.64217055,24.73879695],[54.64278495,24.73642576],[54.64332247,24.73614693],[54.6438601,24.73621655],[54.64739227,24.74151671],[54.64792991,24.74088895],[54.64862156,24.73231125],[54.65292096,24.73733234],[54.66459095,24.74298108],[54.66819966,24.74242318],[54.67034936,24.73921525],[54.67004216,24.73830867],[54.66919756,24.7379601],[54.65929353,24.73677444],[54.64723957,24.72931266],[54.64355445,24.72994018],[54.64401495,24.73335743],[54.63527155,24.727162],[54.6368947,24.72308445],[54.63589776,24.71908545],[54.63685346,24.71889114],[54.63654017,24.72077787],[54.63782263,24.72282135],[54.63962531,24.72200584],[54.64039302,24.71970892],[54.64278662,24.71913087],[54.64386153,24.71940994],[54.64209557,24.72059536],[54.64240265,24.72164154],[54.64639497,24.72261775],[54.65430295,24.71766651],[54.65852356,24.70720577],[54.66228485,24.70762432],[54.66259491,24.71417964],[54.66458785,24.71424925],[54.66543221,24.71215725],[54.66566253,24.70246375],[54.66305256,24.70253336],[54.66190112,24.70608997],[54.65798616,24.70608997],[54.65790951,24.70497417],[54.65248895,24.70490456],[54.6523236,24.69964743],[54.6531502,24.70436811],[54.65933835,24.70441103],[54.65913773,24.70058084],[54.65459955,24.70048082],[54.65461242,24.69446194],[54.65528464,24.69365764],[54.66357374,24.69445384],[54.66479373,24.68613505],[54.65939474,24.68220031],[54.65584374,24.67607951],[54.65483594,24.67707932],[54.6526103,24.67610288],[54.65092194,24.67707932],[54.65291715,24.67924106],[54.65214968,24.68014765],[54.64729345,24.67965805],[54.64351296,24.67855144],[54.64087164,24.67679274],[54.64048564,24.67652023],[54.63887262,24.67372584],[54.63915026,24.67356896],[54.64413154,24.67683446],[54.64190114,24.67303216],[54.64529824,24.67402387],[54.64818096,24.67262113],[54.64835036,24.67211008],[54.64809227,24.67080832],[54.64699435,24.67031348],[54.64311445,24.6718682],[54.64425838,24.6682502],[54.64251614,24.66269791],[54.64279234,24.66218507],[54.64372885,24.66173792],[54.65298295,24.65994871],[54.65426111,24.66044176],[54.65585601,24.67394876],[54.65864468,24.67458045],[54.66121018,24.67369235],[54.66143191,24.67101336],[54.66326737,24.67113495],[54.66211224,24.66849542],[54.65923476,24.66903555],[54.66004181,24.66688478],[54.66586006,24.6659497],[54.66849816,24.66357255],[54.67262685,24.66280866],[54.67222714,24.66173518],[54.66999543,24.66078675],[54.66905665,24.66078675],[54.65926147,24.66209614],[54.66065848,24.65828776],[54.66583824,24.65446115],[54.66203618,24.65430296],[54.66060305,24.65244675],[54.65683162,24.65185463],[54.65020966,24.65338874],[54.64713132,24.65231717],[54.64496636,24.65410364],[54.64388251,24.65355325],[54.64104927,24.64858162],[54.64353871,24.64650905],[54.64598131,24.64617395],[54.64625585,24.64445722],[54.64137983,24.64079261],[54.64607406,24.64255488],[54.64648092,24.64063275],[54.64875364,24.64226317],[54.65449965,24.63853812],[54.63436866,24.62126005],[54.63086355,24.62270582],[54.61969852,24.62274432],[54.61100924,24.6182096],[54.61064637,24.61667061],[54.60735345,24.61767852],[54.60332274,24.61045277],[54.60723543,24.60033774],[54.61108506,24.59868336],[54.61119401,24.59823155],[54.60976315,24.59808874],[54.60727966,24.59871912],[54.60593176,24.59959674],[54.60403013,24.60420644],[54.59986496,24.609375],[54.59886456,24.61338818],[54.60050964,24.62018132],[54.59891677,24.62167227],[54.59961247,24.62496054],[54.60562944,24.62602615],[54.60645652,24.62698245],[54.61324728,24.62685394],[54.61482453,24.63155544],[54.61126268,24.63689077],[54.61179531,24.64043951],[54.60983193,24.64312196],[54.61009586,24.64607716],[54.61186123,24.6474148],[54.61116505,24.64982164],[54.60817945,24.65240204],[54.61031675,24.65403724],[54.60964322,24.65575814],[54.61155093,24.66041195],[54.60073125,24.67143047],[54.60318685,24.67338324],[54.60786772,24.67205822],[54.61354601,24.67233706],[54.61362267,24.67442918],[54.60848153,24.67938066],[54.60817456,24.68210041],[54.60640967,24.68182135],[54.60556555,24.68126345],[54.59282756,24.67031467],[54.58093393,24.66564226],[54.56681466,24.65050936],[54.55637884,24.64241982],[54.55660903,24.63990915],[54.56029224,24.63907242],[54.56666124,24.64004874],[54.57731307,24.64507842],[54.57831955,24.6441282],[54.57757235,24.64232707],[54.58234131,24.64150596],[54.58172107,24.63909495],[54.57871187,24.63866615],[54.57835317,24.63497925],[54.57480872,24.63436031],[54.57346725,24.63293266],[54.57046938,24.63401961],[54.57222915,24.63014782],[54.57052445,24.62957704],[54.57191503,24.6262598],[54.56956792,24.62389874],[54.56629944,24.62406838],[54.56579554,24.62325096],[54.57153535,24.62059367],[54.57061136,24.62350821],[54.57138765,24.62406683],[54.57472205,24.61958754],[54.57739913,24.61919653],[54.57582128,24.6154803],[54.57872605,24.61143756],[54.57739615,24.609375],[54.57618356,24.60716414],[54.57796872,24.60672271],[54.57713497,24.60375226],[54.57732177,24.60335565],[54.57957995,24.60007441],[54.58454931,24.59681118],[54.58820522,24.58967984],[54.589064,24.58901954],[54.58982515,24.58867586],[54.59124756,24.58876324],[54.59159994,24.58901608],[54.59370542,24.59173071],[54.59659314,24.59171498],[54.59862101,24.59085405],[54.59978795,24.58871555],[54.60079324,24.59084785],[54.60534024,24.59390044],[54.61095726,24.59489727],[54.61337471,24.5970124],[54.61739051,24.59787083],[54.61580455,24.60191524],[54.62886298,24.60582995],[54.63600385,24.60543191],[54.63422692,24.60280335],[54.63914585,24.60036635],[54.64169931,24.59688306],[54.63988245,24.58832705],[54.63285994,24.57999182],[54.62972546,24.57885087],[54.63431895,24.57383084],[54.63012195,24.56352234],[54.62537122,24.56333005],[54.62305415,24.56063664],[54.61527741,24.56746745],[54.61303544,24.56678534],[54.61325252,24.56573105],[54.61721683,24.56412172],[54.62308002,24.55972612],[54.62350285,24.55934465],[54.62367737,24.55763793],[54.62348115,24.55682898],[54.62242115,24.55574095],[54.62002075,24.55486953],[54.61929691,24.55634224],[54.62131715,24.55850875],[54.61895478,24.56160784],[54.61666703,24.56229043],[54.61782086,24.55399263],[54.61206067,24.55003202],[54.61298347,24.54767644],[54.6106441,24.54446721],[54.6097157,24.53988337],[54.60963666,24.53919816],[54.60983431,24.53896856],[54.61123133,24.53958785],[54.60931683,24.53608823],[54.60931516,24.53535736],[54.61137664,24.53229177],[54.60772216,24.52650595],[54.60419917,24.5233072],[54.60522854,24.52139425],[54.60146105,24.5203706],[54.59886205,24.5164144],[54.59320712,24.51149106],[54.58301151,24.50700486],[54.5725615,24.50913048],[54.56844711,24.50872266],[54.56072891,24.51029432],[54.54879797,24.51346087],[54.53954041,24.51639485],[54.53063095,24.52033865],[54.52568853,24.51988137],[54.52458835,24.52014208],[54.52236807,24.52096188],[54.52230644,24.52106392],[54.52548456,24.52283585],[54.52582586,24.52466905],[54.52483034,24.52511156],[54.52044523,24.52459013],[54.52172744,24.52132094],[54.51662898,24.52258623],[54.51553178,24.52310407],[54.51276624,24.52503026],[54.50950515,24.52901781],[54.50827897,24.52901781],[54.50405586,24.53385174],[54.50186574,24.53444338],[54.49684584,24.54285514],[54.4921875,24.54771197],[54.4921875,24.55050206],[54.48633134,24.55566573],[54.48550606,24.56093574],[54.4867928,24.56224465],[54.48601043,24.56429052],[54.48770881,24.56910241],[54.47755301,24.5681535],[54.47549283,24.56920373],[54.47144747,24.56922054],[54.47503531,24.56557643],[54.47550702,24.56312335],[54.46978474,24.56607521],[54.46950364,24.56093264],[54.46695161,24.55937505],[54.4657799,24.55625725],[54.462062,24.55448806],[54.45978355,24.54787564],[54.46055305,24.54355085],[54.46470344,24.53970218],[54.46333063,24.53807783],[54.46382725,24.53553247],[54.46949661,24.53183484],[54.47072482,24.52683795],[54.47333705,24.52580261],[54.47557735,24.52161562],[54.47357094,24.52040684],[54.47150362,24.52275348],[54.46957362,24.52022886],[54.47223568,24.51821804],[54.47290242,24.51442337],[54.47436285,24.51377034],[54.47632647,24.5096209],[54.47679544,24.50684941],[54.47583163,24.50487804],[54.48467243,24.50095928],[54.48452795,24.49947977],[54.48186445,24.49723232],[54.47615123,24.50165451],[54.47538495,24.49785674],[54.47711456,24.49473333],[54.47482622,24.49485266],[54.47399425,24.49250126],[54.47790873,24.49144554],[54.47752571,24.49041832],[54.47920144,24.48973048],[54.47966957,24.48958814],[54.48407114,24.48969078],[54.48803496,24.48793673],[54.4921875,24.48883915],[54.49387324,24.48939717],[54.50376928,24.48841226],[54.50450122,24.48816097],[54.50783813,24.4865309],[54.50917983,24.48372674],[54.51989186,24.48434806],[54.52383244,24.48338687],[54.52816427,24.48015237],[54.52882338,24.47846568],[54.52993548,24.48008537],[54.53719652,24.48204625],[54.54138136,24.4846245],[54.54679537,24.4851402],[54.55007827,24.48480821],[54.54857922,24.48366988],[54.55193687,24.48277164],[54.55989873,24.48278856],[54.56264293,24.48147345],[54.56322575,24.48000968],[54.56623435,24.48185551],[54.57849574,24.48206878],[54.5822612,24.48172772],[54.58200204,24.47912383],[54.58392096,24.48149455],[54.58652306,24.47773433],[54.58379185,24.47087336],[54.57034648,24.45772874],[54.57159901,24.44913018],[54.57378042,24.44797862],[54.57510662,24.44877505],[54.57484138,24.45094764],[54.59011543,24.45529282],[54.59546471,24.45271754],[54.59547186,24.45452034],[54.59669185,24.45538926],[54.60125268,24.45490646],[54.60325694,24.45362544],[54.60530305,24.45423973],[54.60983574,24.45916653],[54.61132145,24.45913172],[54.61257374,24.45689857],[54.61155474,24.45312023],[54.61038804,24.45398915],[54.60264552,24.45225108],[54.60349393,24.44848526],[54.60200906,24.44771278],[54.59882724,24.44838881],[54.5958575,24.44607127],[54.58949363,24.44549203],[54.58747852,24.44356084],[54.58397841,24.4431746],[54.5818572,24.44105017],[54.57093275,24.43940866],[54.56965995,24.43815351],[54.56753874,24.4386363],[54.56732655,24.43728435],[54.55155027,24.43226564],[54.54746866,24.432199],[54.54524171,24.43359375],[54.54456997,24.4357717],[54.54312074,24.43359375],[54.54461205,24.43056726],[54.54114103,24.42988145],[54.54054165,24.43103492],[54.53462422,24.42934084],[54.53304565,24.42875505],[54.53318715,24.42727435],[54.53120744,24.42701685],[54.53115726,24.42798984],[54.5308212,24.42694795],[54.52168405,24.42376614],[54.49207902,24.42497313],[54.49066067,24.42507184],[54.48841155,24.424088],[54.48686504,24.42215681],[54.48673236,24.42103016],[54.49057615,24.4116559],[54.48969245,24.40469563],[54.48615944,24.40070534],[54.47909546,24.39579427],[54.48108292,24.39383256],[54.49050617,24.39211595],[54.48231971,24.39222336],[54.47737253,24.3941009],[54.47189522,24.39007747],[54.47242522,24.38809276],[54.47448647,24.38868284],[54.47501671,24.38412297],[54.486678,24.38444495],[54.48685467,24.38594687],[54.48838603,24.38589334],[54.48926938,24.38970196],[54.49922276,24.38921916],[54.49981165,24.39007747],[54.50358105,24.39034581],[54.50352216,24.39168692],[54.51600814,24.39216971],[54.51748037,24.38621521],[54.52148545,24.38626885],[54.52154434,24.38465953],[54.51753926,24.38460577],[54.51724493,24.38337195],[54.51253331,24.38337195],[54.51235664,24.38428402],[54.50110745,24.38315737],[54.50104845,24.38401568],[54.49415767,24.38374746],[54.49415767,24.38267458],[54.48932827,24.38240635],[54.48844492,24.38337195],[54.4830265,24.38315737],[54.48296761,24.38219178],[54.47084928,24.38286364],[54.46691441,24.38131595],[54.46677613,24.37021887],[54.46548235,24.36911404],[54.46659684,24.36585355],[54.46555626,24.36445534],[54.46237195,24.36429441],[54.45653355,24.34358275],[54.45622158,24.33977711],[54.46002185,24.33257997],[54.45785046,24.33266544],[54.45439601,24.33515644],[54.45093691,24.32437897],[54.45078433,24.32355165],[54.4512434,24.31874216],[54.45143175,24.31820786],[54.45526433,24.31454647],[54.45846605,24.31334496],[54.46731806,24.31463242],[54.48850656,24.31471825],[54.48860073,24.31574821],[54.49378014,24.31600571],[54.49387431,24.31497574],[54.51214337,24.31566226],[54.51252007,24.31660652],[54.51741695,24.31686401],[54.51751125,24.31609154],[54.52551568,24.31600571],[54.52532744,24.31222916],[54.51854706,24.31197154],[54.51817036,24.31446075],[54.48944831,24.31368816],[54.48775315,24.31102753],[54.48794162,24.30373192],[54.44904888,24.30261612],[54.43558323,24.28750992],[54.41590464,24.27197444],[54.38182175,24.25618172],[54.37513948,24.25489426],[54.37156165,24.25970066],[54.36483181,24.26049745],[54.36072302,24.2624793],[54.36001825,24.26237536],[54.35833097,24.2619642],[54.35666013,24.26013041],[54.35651982,24.25988555],[54.35725355,24.2578125],[54.3570652,24.2578125],[54.35761714,24.25335741],[54.35747826,24.25292516],[54.35487556,24.2517004],[54.35440362,24.25183594],[54.35321605,24.25579107],[54.35273635,24.25618625],[54.35092628,24.25665295],[54.35016453,24.25664055],[54.35037553,24.25342548],[54.34988677,24.25355124],[54.34951317,24.25374723],[54.34514272,24.2578125],[54.34532464,24.26045144],[54.34284067,24.25979686],[54.34261,24.25992215],[54.33653772,24.26531756],[54.33578515,24.26577008],[54.33137465,24.26754856],[54.32476938,24.26742935],[54.32395363,24.26705718],[54.321316,24.26446033],[54.32109594,24.26409566],[54.31839502,24.2578125],[54.31824052,24.2578125],[54.31583595,24.25291407],[54.31606555,24.25278974],[54.32007456,24.2578125],[54.32028377,24.25673986],[54.32359648,24.2578125],[54.32359648,24.25795186],[54.32443285,24.25798905],[54.32451451,24.2578125],[54.32413161,24.25547826],[54.32318807,24.25375545],[54.31686485,24.24637282],[54.31405735,24.24629211],[54.30616498,24.242437],[54.30102372,24.24210536],[54.29362714,24.24720085],[54.29071796,24.24708521],[54.28897583,24.2454195],[54.28820622,24.24531233],[54.28591466,24.24559045],[54.28427064,24.24622965],[54.28414404,24.24941397],[54.27708137,24.25373018],[54.27678525,24.25399613],[54.27513576,24.2578125],[54.27494693,24.2578125],[54.27498376,24.25851631],[54.27096891,24.26102245],[54.27512014,24.26364195],[54.28619134,24.26450574],[54.28820992,24.26192105],[54.29376423,24.26113105],[54.29774177,24.25923705],[54.30458605,24.26077175],[54.30643153,24.26585758],[54.3025763,24.2701627],[54.30339551,24.27740657],[54.30819607,24.28133643],[54.30914545,24.28376186],[54.30835974,24.28589582],[54.30578995,24.28696525],[54.31111145,24.28832674],[54.31152165,24.28852546],[54.31501615,24.29065704],[54.31640625,24.29220212],[54.31640625,24.29403615],[54.31284571,24.29736555],[54.3096168,24.29293954],[54.30927575,24.29307103],[54.30635345,24.29787827],[54.3002094,24.30201256],[54.29304016,24.31155026],[54.29275954,24.31206465],[54.28940415,24.32037234],[54.28947425,24.32838655],[54.28324056,24.33605528],[54.28134191,24.3424077],[54.27917373,24.34128535],[54.27341592,24.34811783],[54.27073038,24.34761024],[54.26707005,24.35035634],[54.26736593,24.34798956],[54.27085042,24.34500623],[54.26964045,24.34444416],[54.26849616,24.34061384],[54.26765263,24.34071708],[54.26757884,24.34390795],[54.26530957,24.34410346],[54.26211357,24.35174525],[54.26471841,24.35115993],[54.26637125,24.35339832],[54.26573503,24.35848653],[54.24915802,24.37480867],[54.24632871,24.37532711],[54.24492884,24.37708366],[54.24333465,24.38231754],[54.24326634,24.38574266],[54.24529994,24.38931727],[54.24346423,24.39229465],[54.24365914,24.39528346],[54.24652064,24.39998972],[54.25533772,24.40358257],[54.25778008,24.40920258],[54.25630903,24.41264558],[54.25985551,24.41298366],[54.26039147,24.41354692],[54.26070476,24.41581964],[54.26004243,24.41676474],[54.2557404,24.41705906],[54.24322045,24.41343427],[54.24265945,24.41319597],[54.24079096,24.41174138],[54.23953974,24.40816855],[54.23270452,24.39975393],[54.22427177,24.39240825],[54.22035086,24.38974261],[54.21387994,24.38644671],[54.20569062,24.38343775],[54.20331407,24.38288832],[54.20156717,24.38275373],[54.19742584,24.38468003],[54.19421101,24.38345754],[54.19341385,24.38202965],[54.19564486,24.38279402],[54.19675875,24.38114774],[54.19885647,24.38131166],[54.19246554,24.37398314],[54.19066894,24.3695178],[54.1908977,24.36769497],[54.19225025,24.36581576],[54.19613802,24.36359978],[54.19867194,24.36542654],[54.20673645,24.36424375],[54.21143818,24.36766315],[54.21366692,24.36647403],[54.22112894,24.36823606],[54.23317838,24.36771548],[54.23827398,24.36376393],[54.24250925,24.36235046],[54.24787724,24.35879004],[54.25080895,24.35934806],[54.25791943,24.35293233],[54.25875235,24.34308696],[54.26083016,24.34110725],[54.26355517,24.33516014],[54.26114583,24.33340991],[54.26423395,24.32856131],[54.26419175,24.32325172],[54.26668644,24.32152426],[54.26770914,24.31821954],[54.27268767,24.31495082],[54.27652264,24.31070805],[54.28568816,24.29250622],[54.29414666,24.28000152],[54.29367125,24.27832425],[54.29600954,24.27167892],[54.29294312,24.26691031],[54.29262555,24.26679826],[54.28505266,24.26649153],[54.27746201,24.26807904],[54.25628126,24.27782941],[54.25304616,24.27703476],[54.24536741,24.26805675],[54.2483654,24.27716684],[54.25125825,24.27870893],[54.25641263,24.27870917],[54.27691352,24.26912117],[54.28239536,24.2676506],[54.28677833,24.26848686],[54.28963995,24.27060163],[54.29143095,24.27273643],[54.29143715,24.27608037],[54.28749168,24.28669083],[54.28550291,24.28855705],[54.28470671,24.28740811],[54.28272605,24.28861642],[54.27892447,24.29506135],[54.27517045,24.29895675],[54.27380216,24.30188227],[54.27388012,24.30558014],[54.27203465,24.30550027],[54.26642382,24.31308484],[54.25908065,24.31888914],[54.25301695,24.32070482],[54.25238621,24.32464027],[54.24705517,24.32687664],[54.24813986,24.32741797],[54.24443054,24.33147216],[54.24444962,24.33438325],[54.23988461,24.34063804],[54.23311925,24.34419823],[54.23044908,24.34762204],[54.22858262,24.34810317],[54.22685611,24.34635794],[54.22623014,24.34811044],[54.22060287,24.35249305],[54.21821022,24.35760164],[54.21574271,24.35878682],[54.20442307,24.35375154],[54.20351171,24.35215855],[54.17657673,24.33816957],[54.17141283,24.33348417],[54.18390405,24.34075844],[54.19957328,24.34629512],[54.20841575,24.35273993],[54.21393132,24.35425007],[54.21570873,24.35330641],[54.21052372,24.35046816],[54.20401287,24.34494472],[54.20569444,24.34885705],[54.199054,24.34074831],[54.19769525,24.34301198],[54.19658804,24.34249485],[54.19675314,24.34004676],[54.19414473,24.33869088],[54.1903789,24.33713782],[54.1840384,24.33692098],[54.17505348,24.33122826],[54.1721282,24.33088064],[54.16544998,24.32375503],[54.16505814,24.32212472],[54.16505957,24.31062651],[54.16575635,24.30905795],[54.16804504,24.30695546],[54.16854048,24.30655551],[54.17216933,24.30560017],[54.17448091,24.30248177],[54.17714906,24.30119574],[54.18385208,24.30265725],[54.18565905,24.30265093],[54.18879807,24.30164814],[54.19488287,24.29825842],[54.19722331,24.29326725],[54.20037818,24.29176986],[54.20072305,24.29110265],[54.20004296,24.28784347],[54.20089972,24.28543091],[54.19889915,24.28623736],[54.19791424,24.28531075],[54.20229447,24.27946031],[54.20232391,24.27718067],[54.19887161,24.2817291],[54.19513011,24.28399396],[54.19212115,24.28892553],[54.19346833,24.28922284],[54.19492435,24.29399025],[54.19395375,24.29687464],[54.18600321,24.30087733],[54.179811,24.30008256],[54.17977536,24.29984581],[54.18877363,24.29136872],[54.18690383,24.28637683],[54.19118476,24.27663434],[54.19195366,24.27522862],[54.1926589,24.27447355],[54.19754446,24.27158165],[54.19786668,24.27120626],[54.19678438,24.27066922],[54.20068908,24.26866186],[54.20193446,24.26565266],[54.19804013,24.26776135],[54.19526494,24.26644516],[54.19333124,24.2632302],[54.19288731,24.26311076],[54.1891669,24.2651124],[54.18738437,24.26634026],[54.18802333,24.26766634],[54.18600643,24.26942205],[54.18300414,24.27022445],[54.17982185,24.27467775],[54.17752635,24.28115034],[54.17049456,24.28435075],[54.16172337,24.29807734],[54.15297866,24.30535007],[54.14985633,24.30903316],[54.1492666,24.31011724],[54.14867365,24.31577504],[54.14885795,24.31838465],[54.14936245,24.321033],[54.14958656,24.32143843],[54.15141904,24.3225044],[54.15093374,24.32657814],[54.15063524,24.32747114],[54.14812398,24.32963145],[54.1474992,24.32973444],[54.14629352,24.32930863],[54.140625,24.32617176],[54.11990726,24.31329334],[54.10530531,24.30115116],[54.10131264,24.29852128],[54.09823334,24.29789543],[54.09744656,24.29621077],[54.08898938,24.29560065],[54.08987093,24.29202592],[54.09520471,24.28649747],[54.09701192,24.28217661],[54.09848165,24.28165436],[54.09852242,24.27752197],[54.09643197,24.27638865],[54.09865355,24.27452254],[54.09647083,24.27176785],[54.09413695,24.27483964],[54.09206676,24.27268791],[54.09073854,24.27313125],[54.08975184,24.27098095],[54.08749676,24.27213132],[54.08391261,24.26977491],[54.08532822,24.26418185],[54.08693826,24.26332617],[54.08650005,24.26163757],[54.08424532,24.26228285],[54.08298254,24.26496041],[54.08247995,24.26535225],[54.08122432,24.26582086],[54.08039224,24.26547432],[54.08099866,24.26316476],[54.08580506,24.26074481],[54.08668697,24.26066732],[54.09707427,24.26224494],[54.10539722,24.26219916],[54.10637736,24.26207316],[54.11036313,24.26021326],[54.11839557,24.25919187],[54.12043083,24.2578125],[54.12075412,24.2578125],[54.12243605,24.25715864],[54.12394953,24.25392592],[54.11718476,24.25694478],[54.11922026,24.25539553],[54.1190685,24.25430214],[54.11175346,24.25576532],[54.11115742,24.25294626],[54.11082053,24.25283206],[54.10646355,24.25496173],[54.10353124,24.25296426],[54.10147405,24.25088346],[54.10127044,24.25051153],[54.10126984,24.24614477],[54.10255754,24.24453914],[54.09781826,24.24486792],[54.10435665,24.23788321],[54.10566711,24.23781621],[54.1037271,24.24081886],[54.10772407,24.23852718],[54.10714746,24.23672593],[54.10679925,24.23640263],[54.10134172,24.23660708],[54.10048747,24.23986936],[54.09633255,24.23819494],[54.10229266,24.23521864],[54.10586596,24.23461843],[54.11092317,24.22978866],[54.11053026,24.22886395],[54.11358035,24.22798443],[54.12890255,24.22882462],[54.13234234,24.22773266],[54.13337684,24.22712004],[54.13623154,24.22365534],[54.13635695,24.22334421],[54.13527513,24.22070312],[54.13123906,24.2206763],[54.12978828,24.21840715],[54.13035405,24.21714544],[54.12246776,24.21267056],[54.11968052,24.21258485],[54.11890781,24.21413016],[54.11730075,24.21386743],[54.11502266,24.21581697],[54.10535061,24.21810305],[54.10478306,24.21848476],[54.09726334,24.22786665],[54.09561014,24.23144507],[54.09040165,24.23071778],[54.08565176,24.22858787],[54.07514203,24.23088372],[54.07685077,24.23217821],[54.07627463,24.23289931],[54.07369304,24.23077571],[54.07139003,24.23242724],[54.06874287,24.23242986],[54.06499386,24.22883737],[54.06163955,24.23136783],[54.05813885,24.22943938],[54.0592283,24.22702146],[54.05856311,24.22043204],[54.06887484,24.21658576],[54.07688522,24.21595967],[54.07810795,24.21484375],[54.08647347,24.21327555],[54.08844912,24.21030486],[54.09763098,24.20421195],[54.09656477,24.19967794],[54.08957398,24.20087826],[54.07724583,24.20789933],[54.07614195,24.20980334],[54.07107866,24.21146595],[54.06180012,24.21107674],[54.05849266,24.21322167],[54.05274832,24.21249151],[54.05240572,24.20957768],[54.04902613,24.20832193],[54.04708552,24.20551991],[54.05275071,24.19946861],[54.05873883,24.19952714],[54.06804192,24.20138764],[54.07321608,24.19919062],[54.07495427,24.19712806],[54.07706964,24.18623805],[54.07229292,24.1822437],[54.06926835,24.18371475],[54.06803536,24.18566847],[54.06900811,24.18760121],[54.07102025,24.18697643],[54.07163084,24.18798304],[54.07027197,24.19905555],[54.06671166,24.19970357],[54.05615795,24.19847095],[54.05199647,24.19924855],[54.04541481,24.20415235],[54.04053485,24.21128786],[54.03126323,24.20343316],[54.03054821,24.19968152],[54.02662384,24.19801641],[54.02602255,24.19832194],[54.02563393,24.20278311],[54.02547157,24.20308804],[54.02468491,24.20262885],[54.02403724,24.20111406],[54.02391934,24.20019913],[54.02466965,24.19664395],[54.02435064,24.19624925],[54.02154481,24.19410873],[54.02043188,24.19713616],[54.01933253,24.19711471],[54.01580536,24.19199085],[54.01317036,24.19017982],[54.01317763,24.18665063],[54.01382554,24.183586],[54.01572597,24.18073237],[54.02545905,24.17742312],[54.02940834,24.17416203],[54.04121971,24.16794992],[54.03746355,24.16793716],[54.03469682,24.16970062],[54.02950704,24.17009306],[54.02347565,24.1740185],[54.02237678,24.17364514],[54.02280974,24.17133641],[54.03990233,24.1652081],[54.05197108,24.16287935],[54.05579138,24.16099334],[54.06068182,24.16102636],[54.07073796,24.16577864],[54.07876575,24.17407274],[54.08802557,24.18059444],[54.09921658,24.18348896],[54.09748936,24.1878736],[54.09816337,24.19192565],[54.10085535,24.19228256],[54.09846425,24.19417465],[54.09729433,24.19852304],[54.09888327,24.20329905],[54.10421371,24.19570875],[54.10448623,24.19190073],[54.10275543,24.18863165],[54.10248041,24.18728912],[54.10282385,24.18596673],[54.10318315,24.18590605],[54.11081874,24.19090295],[54.11963391,24.19235444],[54.12570047,24.19592655],[54.12691665,24.19622254],[54.13719726,24.19427288],[54.13839376,24.19451964],[54.140625,24.19642854],[54.140625,24.19754458],[54.13909101,24.19914508],[54.13223422,24.2013818],[54.12279046,24.20651543],[54.11852145,24.21116614],[54.12246776,24.21183348],[54.13038385,24.21595967],[54.13308418,24.21597433],[54.13748193,24.21241617],[54.13798356,24.21021593],[54.140625,24.20954227],[54.14325833,24.20807266],[54.14363635,24.20721376],[54.14394641,24.20559061],[54.14225614,24.20490634],[54.14464951,24.19723642],[54.14935696,24.19594264],[54.15598726,24.19695711],[54.16527605,24.19450486],[54.16896236,24.19453478],[54.16961086,24.19249523],[54.16952121,24.1919229],[54.1682862,24.19054365],[54.1650815,24.19015062],[54.16513348,24.18681991],[54.16262925,24.18515241],[54.15176082,24.18353546],[54.14414442,24.17719436],[54.140625,24.17717636],[54.13866222,24.1771692],[54.12909722,24.17288744],[54.12817037,24.17061603],[54.12953985,24.16451931],[54.12869275,24.16109204],[54.12182403,24.15675116],[54.10520935,24.14990497],[54.09208214,24.15314472],[54.0897696,24.14797974],[54.08945537,24.14760995],[54.08705544,24.14710057],[54.08587146,24.14713252],[54.08446395,24.14771545],[54.08049941,24.15370548],[54.07755876,24.15414405],[54.07412255,24.15300846],[54.07280803,24.14983201],[54.06784463,24.14835465],[54.06526828,24.14481032],[54.06162095,24.14483023],[54.05881524,24.14713001],[54.05879235,24.15028691],[54.05517995,24.15256667],[54.04242551,24.15687382],[54.03017402,24.15934873],[54.02274525,24.16258585],[54.02106702,24.16113591],[54.02179432,24.15938497],[54.02688491,24.15793562],[54.04037035,24.14658034],[54.04921091,24.13474882],[54.04325128,24.13132334],[54.0398252,24.13134491],[54.03985524,24.12990308],[54.03924465,24.12978065],[54.03657854,24.12977242],[54.03383636,24.13060951],[54.03136206,24.13257825],[54.02684164,24.13777971],[54.02243686,24.13849604],[54.02212083,24.13878346],[54.0164386,24.14576375],[54.01562977,24.14865744],[54.00596786,24.15981615],[54.00565076,24.15971506],[54.00510335,24.15863812],[54.00530803,24.15829206],[54.00977898,24.15279353],[54.01012123,24.14859557],[54.02231646,24.13462615],[54.0223397,24.13124263],[54.02557743,24.12811506],[54.02785766,24.1288588],[54.02809775,24.12601912],[54.01969242,24.12123215],[54.01051044,24.12180614],[54.00856733,24.11973155],[54.00170386,24.11689091],[53.99435341,24.11502755],[53.99182045,24.115574],[53.98183036,24.10902333],[53.97976553,24.10987675],[53.97202766,24.10804355],[53.96438611,24.10270882],[53.95564604,24.10348058],[53.95247245,24.10162365],[53.94847822,24.10251224],[53.94556177,24.1004194],[53.94390035,24.10077023],[53.94361031,24.10189343],[53.93663895,24.10148096],[53.92864025,24.09994554],[53.9253,24.09847856],[53.92424393,24.09619784],[53.92237711,24.09986246],[53.91381991,24.09909534],[53.91089964,24.11898684],[53.90841258,24.11823177],[53.90682566,24.11484826],[53.90818906,24.11281836],[53.90961695,24.11323154],[53.91193354,24.09833896],[53.88278234,24.09413326],[53.85363114,24.08992755],[53.85532367,24.08203125],[53.8569411,24.06257796],[53.85410297,24.06360257],[53.84876537,24.06873632],[53.82901704,24.07608736],[53.83168161,24.07176864],[53.83120751,24.06851935],[53.83632445,24.0690695],[53.83702862,24.06770694],[53.83925808,24.06793332],[53.83950067,24.06560826],[53.83495605,24.06423271],[53.83163047,24.06444478],[53.82913876,24.06713808],[53.82372355,24.06832588],[53.82728124,24.06320751],[53.82729626,24.06263256],[53.82686985,24.06180322],[53.81879425,24.05497396],[53.81840098,24.05479324],[53.8134588,24.0538789],[53.80078065,24.0538727],[53.79621255,24.05643582],[53.7890625,24.05859375],[53.78751481,24.05907202],[53.77609253,24.05998886],[53.761518,24.05995917],[53.74977374,24.05750716],[53.73497164,24.05778623],[53.71992517,24.06113446],[53.70891082,24.06547987],[53.70598614,24.06868792],[53.69462132,24.06049955],[53.68094432,24.05447531],[53.68056607,24.05434144],[53.66412616,24.05043864],[53.63917995,24.04634643],[53.63005865,24.04523027],[53.62555325,24.04527545],[53.62382317,24.0464704],[53.61404407,24.04241073],[53.60553145,24.04244006],[53.60005355,24.0440135],[53.58263087,24.04585254],[53.57877445,24.04671192],[53.57359302,24.05076742],[53.57252383,24.05196905],[53.57211244,24.05294526],[53.57161903,24.05902863],[53.57005644,24.06128156],[53.55434716,24.07472491],[53.54704034,24.07796144],[53.54477358,24.08109045],[53.54242301,24.08188581],[53.54248035,24.08203125],[53.54205155,24.08203125],[53.54235196,24.08441162],[53.5393846,24.08844376],[53.53611136,24.09047294],[53.53577185,24.09062684],[53.52815247,24.09039474],[53.52592802,24.09196341],[53.52028656,24.08949447],[53.51773202,24.09002531],[53.51747406,24.09185863],[53.51575124,24.09036446],[53.51494765,24.09046114],[53.51438308,24.09061253],[53.49514556,24.10174012],[53.4930886,24.09986246],[53.49208951,24.10029173],[53.49420536,24.10383224],[53.49291217,24.10683632],[53.49079645,24.10463691],[53.49220705,24.10334945],[53.49126673,24.10211563],[53.48709381,24.10200834],[53.48856306,24.10925031],[53.48618555,24.10331023],[53.48149717,24.10162985],[53.47851217,24.09798503],[53.47228324,24.09782398],[53.47234166,24.10431504],[53.46775734,24.10442233],[53.46336222,24.11367714],[53.46585465,24.11648273],[53.46021926,24.11896992],[53.44989455,24.12606263],[53.44724762,24.12474644],[53.44728363,24.12643385],[53.44591057,24.12360728],[53.44488847,24.12404227],[53.44548476,24.12682164],[53.45699358,24.13962984],[53.44548047,24.12792611],[53.44392896,24.12458086],[53.44110084,24.12677753],[53.43994737,24.12688625],[53.4375,24.12611604],[53.42788434,24.12311375],[53.42541802,24.12199271],[53.41708064,24.11551845],[53.41121113,24.11228955],[53.41022527,24.11201584],[53.39625275,24.10940444],[53.38996255,24.109375],[53.38570535,24.10968351],[53.37985027,24.11185658],[53.37283731,24.11191297],[53.37218785,24.11080015],[53.36639142,24.10860145],[53.35730624,24.10620594],[53.35446703,24.10660982],[53.3499577,24.10168326],[53.34869015,24.10103595],[53.34532952,24.10072541],[53.34126782,24.10083544],[53.33580101,24.10386443],[53.33305085,24.10734045],[53.33135855,24.10753357],[53.31781971,24.11718965],[53.31739664,24.11738265],[53.31591582,24.11718965],[53.3146466,24.11680341],[53.31443501,24.11603093],[53.31517541,24.11429274],[53.31157923,24.11603093],[53.31115615,24.11438942],[53.31168485,24.1137135],[53.31517541,24.11245823],[53.32205057,24.11139595],[53.32226205,24.11023724],[53.32141602,24.10685766],[53.31866586,24.10000205],[53.31538701,24.09633267],[53.30785894,24.09212172],[53.29280984,24.11004424],[53.29258072,24.11286855],[53.28807294,24.11994696],[53.28772998,24.12291074],[53.28497922,24.12604892],[53.28581965,24.12894297],[53.28203726,24.13120937],[53.28104377,24.13525415],[53.27817833,24.13696277],[53.27332592,24.13546336],[53.27156842,24.13738132],[53.27049863,24.13692784],[53.27126265,24.13487065],[53.26201654,24.13065147],[53.26022077,24.12869895],[53.25903642,24.12137651],[53.26140535,24.11461186],[53.28982735,24.10819614],[53.29277182,24.10906792],[53.30728614,24.09142435],[53.30533862,24.08957362],[53.29973257,24.08783555],[53.28714585,24.09362912],[53.27953017,24.09507751],[53.25943947,24.09362912],[53.2463212,24.09411192],[53.24124312,24.09507751],[53.23235643,24.09913301],[53.21870911,24.12076235],[53.21755075,24.12659347],[53.20951056,24.13580394],[53.20876491,24.13548195],[53.2096163,24.13282466],[53.20817363,24.13234103],[53.20611966,24.13899446],[53.20128381,24.14644515],[53.1961447,24.14955354],[53.19158375,24.14952385],[53.18425345,24.15312052],[53.17994225,24.15318084],[53.17543852,24.15720904],[53.17379475,24.16152215],[53.17110133,24.16048253],[53.17010534,24.16320705],[53.16894054,24.16123712],[53.16587603,24.16124845],[53.16344762,24.16468096],[53.15562105,24.16407847],[53.14777112,24.16720533],[53.14566374,24.17016113],[53.14253235,24.17072654],[53.13896894,24.17059314],[53.13800526,24.16827095],[53.13624096,24.16735935],[53.13628757,24.16520762],[53.13215351,24.16456723],[53.13267815,24.16141665],[53.13124156,24.15605271],[53.13451254,24.15105843],[53.13451266,24.14160216],[53.12946546,24.13619387],[53.12392724,24.13379538],[53.10474646,24.13501513],[53.0859375,24.12954915],[53.08520651,24.12803972],[53.07135344,24.12283564],[53.07035685,24.12255585],[53.05929804,24.12058961],[53.05282927,24.12072241],[53.05161047,24.12435734],[53.04656661,24.12518716],[53.04338264,24.12821233],[53.03630233,24.13035917],[53.02587044,24.13649726],[53.02547586,24.13666093],[53.01372528,24.13955295],[53.00815332,24.14324343],[53.00438344,24.14345765],[53.00058782,24.14516437],[52.99571705,24.14498818],[52.99207425,24.14652395],[52.98448348,24.15097845],[52.9843775,24.15369475],[52.98098671,24.15647912],[52.97690666,24.15475404],[52.9763149,24.15075338],[52.96715105,24.14323652],[52.95545363,24.13883352],[52.94240832,24.13197541],[52.93344164,24.13123345],[52.92840898,24.13211036],[52.92299175,24.13639164],[52.92104125,24.13969553],[52.91800535,24.14117897],[52.91728282,24.14231861],[52.91830385,24.14360094],[52.91626584,24.14529645],[52.90657973,24.143121],[52.90113795,24.13755584],[52.89386415,24.13402498],[52.88510227,24.13360107],[52.87985754,24.13220727],[52.87759852,24.13002217],[52.87417364,24.13162041],[52.86780477,24.13190722],[52.86305726,24.13005185],[52.8581835,24.13090527],[52.85525572,24.13263035],[52.84450734,24.14621484],[52.83872747,24.14695203],[52.83267891,24.14597797],[52.83149457,24.14437366],[52.82094634,24.14199054],[52.81026673,24.13631594],[52.8091011,24.13471544],[52.79147434,24.13080835],[52.78400886,24.12822127],[52.78064942,24.12588787],[52.78002572,24.12748754],[52.77885532,24.12639511],[52.77089477,24.12510157],[52.76691484,24.12519884],[52.76427734,24.12593722],[52.76382315,24.12622273],[52.76235962,24.12873495],[52.75761056,24.13033521],[52.75732172,24.13403702],[52.75419164,24.13422835],[52.74932945,24.13663626],[52.75006795,24.13974905],[52.74589014,24.14093316],[52.74241936,24.14533734],[52.73500144,24.15056396],[52.73478425,24.15142214],[52.734375,24.15429676],[52.73355436,24.15046704],[52.734375,24.14536834],[52.734375,24.14369404],[52.734375,24.14341521],[52.73345792,24.14383376],[52.73234928,24.15085363],[52.73040354,24.15091693],[52.73126912,24.14303505],[52.73108447,24.14194763],[52.73047113,24.14114785],[52.72892415,24.14056385],[52.72638071,24.14065742],[52.72321081,24.14142585],[52.7224766,24.14204276],[52.72222304,24.14282477],[52.72260547,24.16281974],[52.72425962,24.16404283],[52.72360766,24.16568446],[52.72300518,24.16604555],[52.72146523,24.16617584],[52.72121716,24.16567957],[52.72146285,24.14155436],[52.71514714,24.14261126],[52.71682274,24.16132414],[52.71855783,24.16875601],[52.71062195,24.17591023],[52.71681345,24.16725361],[52.71562243,24.16082954],[52.71361291,24.16237688],[52.71209312,24.16216516],[52.71243215,24.16088665],[52.71572328,24.15923405],[52.71447074,24.14470923],[52.71285427,24.14122546],[52.71158934,24.14324117],[52.70672452,24.14276075],[52.70326674,24.14551854],[52.68230581,24.14479291],[52.68031871,24.14324415],[52.68160701,24.13815093],[52.67734647,24.13524926],[52.67191148,24.13448024],[52.67001092,24.13582778],[52.66922498,24.14078403],[52.66311514,24.1508677],[52.65597594,24.15978742],[52.64160883,24.1668998],[52.63393116,24.16872346],[52.63253951,24.17674005],[52.63329184,24.18104625],[52.62707186,24.18624425],[52.6266458,24.18800795],[52.63307285,24.19377863],[52.62622535,24.18960106],[52.61858404,24.19107294],[52.6180408,24.19127345],[52.6145581,24.19471586],[52.60933125,24.19664085],[52.60210872,24.19858813],[52.60159195,24.19858813],[52.59860063,24.19803536],[52.59268594,24.19639897],[52.59134805,24.19583034],[52.57535005,24.18600953],[52.56918466,24.18496203],[52.57103574,24.18238902],[52.57170665,24.17545748],[52.56926107,24.1600244],[52.56524086,24.15013945],[52.56667316,24.14740264],[52.57020545,24.14520586],[52.57340968,24.14050961],[52.57350373,24.13994884],[52.57297611,24.13818407],[52.57212925,24.1375879],[52.56303632,24.13218951],[52.56272066,24.13203084],[52.54115438,24.12393326],[52.51958811,24.11583567],[52.51385665,24.11168182],[52.51127553,24.10825217],[52.49819303,24.10045433],[52.47461486,24.10045373],[52.47181725,24.09546781],[52.46921694,24.09274304],[52.46669495,24.09182703],[52.46367192,24.09151781],[52.45711684,24.09210992],[52.45201886,24.09498715],[52.45131934,24.09668314],[52.44219375,24.10150194],[52.44123816,24.10688734],[52.44675004,24.11025906],[52.44815516,24.11706102],[52.44770765,24.11824954],[52.44531465,24.12078011],[52.44165576,24.12174165],[52.43801451,24.1215986],[52.43425155,24.12024331],[52.43273556,24.11943746],[52.43100882,24.11565804],[52.43088496,24.11488736],[52.43115365,24.11282945],[52.43257356,24.11059976],[52.43516433,24.10876036],[52.43348944,24.10519505],[52.43766916,24.10387218],[52.44001484,24.09992254],[52.44351852,24.09980702],[52.44570684,24.09883893],[52.44993544,24.09615505],[52.45770144,24.09020185],[52.45975947,24.08606887],[52.45985055,24.08300781],[52.45954466,24.08203125],[52.45941162,24.08203125],[52.45663393,24.07500517],[52.44950175,24.06760216],[52.43189895,24.05770457],[52.41355824,24.04896486],[52.40930355,24.04878652],[52.40850627,24.04716933],[52.39702475,24.04564881],[52.39622581,24.04557025],[52.39335108,24.04657078],[52.39150131,24.04409885],[52.38769495,24.04425526],[52.3828125,24.04157364],[52.37838745,24.04101562],[52.37580311,24.0378679],[52.35181224,24.02703571],[52.34785473,24.02296841],[52.34131932,24.02183986],[52.33905876,24.01929045],[52.33378255,24.01791096],[52.33195806,24.01692164],[52.33176482,24.01665604],[52.33114052,24.01347363],[52.32749104,24.01048148],[52.32734215,24.01022017],[52.32495415,24.00250995],[52.31737852,23.99866867],[52.27729785,23.98360491],[52.26662624,23.98049808],[52.26302242,23.98043084],[52.25931287,23.9777081],[52.25166547,23.97495651],[52.22923976,23.96935683],[52.20681405,23.96375716],[52.20018208,23.9623996],[52.18814683,23.96040893],[52.1571995,23.96090806],[52.14720476,23.95901382],[52.14010406,23.95901382],[52.11951864,23.96309817],[52.11900473,23.96323323],[52.11136067,23.96573067],[52.10614431,23.96902335],[52.0988878,23.96895254],[52.09730434,23.97085285],[52.09534311,23.96965885],[52.09628475,23.96777308],[52.0951097,23.96662223],[52.09028065,23.96479392],[52.08664525,23.95981514],[52.08353508,23.95905697],[52.07219541,23.96258235],[52.06196344,23.96291995],[52.05032456,23.96853328],[52.04511595,23.96937251],[52.04453075,23.96964514],[52.03820586,23.97348344],[52.03125,23.98102665],[52.03125,23.98158467],[52.02516532,23.98777735],[52.0249089,23.98800945],[52.01942193,23.9912889],[52.01687837,23.99037743],[52.01785827,23.98831975],[52.01361632,23.98535216],[52.00848365,23.98524892],[52.00203955,23.98237574],[51.99539948,23.98172867],[51.99390674,23.97994232],[51.99365473,23.98297644],[51.99020255,23.98301005],[51.98410165,23.98539865],[51.98185873,23.98553574],[51.98322988,23.98286974],[51.98075867,23.98330832],[51.97952175,23.98494041],[51.97025716,23.98494327],[51.96994913,23.9863131],[51.96199048,23.98930943],[51.95743108,23.99423385],[51.95541024,23.99977636],[51.95788634,24.00078011],[51.95547485,24.00346625],[51.95307386,24.00380576],[51.94772244,24.00063086],[51.93529475,24.00057793],[51.92634344,23.99709976],[51.92097282,23.99007416],[51.91721892,23.98852456],[51.91250098,23.99299181],[51.90595496,23.99236608],[51.90568018,23.98490512],[51.90990055,23.98059297],[51.91645265,23.97815537],[51.91759896,23.97681963],[51.91751838,23.97619855],[51.91645253,23.97519386],[51.91603231,23.97507751],[51.91369796,23.97486305],[51.90262604,23.97902977],[51.89415705,23.98003042],[51.89136004,23.98155928],[51.89079034,23.98063302],[51.88551843,23.98027325],[51.88401544,23.97873032],[51.88232923,23.97917426],[51.88095093,23.97767854],[51.87653601,23.97775292],[51.86669815,23.98142564],[51.85054564,23.98217225],[51.83290517,23.98579955],[51.8320657,23.98618031],[51.81467021,23.99812901],[51.8096745,24.00286245],[51.80131805,24.00649846],[51.80046356,24.00728905],[51.79954302,24.00881004],[51.79982877,24.01019037],[51.79264224,24.01724768],[51.78966045,24.02132165],[51.78595817,24.02746415],[51.78353691,24.03249955],[51.78365731,24.03697956],[51.7817018,24.04369032],[51.78244138,24.04791975],[51.78085363,24.05493307],[51.78263593,24.05972958],[51.7846328,24.06115651],[51.78525603,24.06854725],[51.78988636,24.06750035],[51.79094684,24.06615102],[51.79195797,24.06700885],[51.79112196,24.06834686],[51.78748083,24.06929624],[51.78625822,24.07109165],[51.78561652,24.07271397],[51.78610802,24.07802081],[51.78558338,24.08203125],[51.7854619,24.08203125],[51.78420675,24.09158456],[51.78096974,24.09866512],[51.78143275,24.10545945],[51.77820373,24.11513448],[51.77924275,24.11734438],[51.77529967,24.11986744],[51.77648973,24.12119853],[51.77456987,24.12660587],[51.77288544,24.12666321],[51.77189076,24.12802267],[51.7688812,24.13550425],[51.76704896,24.14591145],[51.76268005,24.15516937],[51.76285374,24.16496408],[51.76744854,24.16361856],[51.76945186,24.16639435],[51.76880527,24.16743815],[51.76572955,24.16635013],[51.76290774,24.16916561],[51.76386786,24.17176664],[51.76725042,24.17223895],[51.76708591,24.18095601],[51.77021861,24.18625307],[51.77361894,24.18940043],[51.77650452,24.18940461],[51.77804422,24.19391632],[51.77393436,24.20463574],[51.7731539,24.21521378],[51.77607822,24.21748686],[51.77785575,24.22322714],[51.77973795,24.22366226],[51.78175676,24.22622597],[51.77560115,24.23664665],[51.77483594,24.23981297],[51.77482724,24.24482954],[51.77601302,24.25023556],[51.77915764,24.25283265],[51.77933848,24.253196],[51.78035235,24.2578125],[51.78216755,24.26271296],[51.77629554,24.27337241],[51.76946247,24.27652991],[51.76614523,24.28036582],[51.75605285,24.28331375],[51.75455952,24.28540897],[51.74854612,24.28728831],[51.74813867,24.28843296],[51.74502253,24.28934705],[51.74518633,24.29152322],[51.74327075,24.29394138],[51.74287534,24.29407716],[51.74113905,24.29362297],[51.74070096,24.29281521],[51.74247122,24.29206932],[51.74269021,24.29171467],[51.74192643,24.28926492],[51.74499261,24.28786194],[51.74499452,24.28635824],[51.73569787,24.27771473],[51.73396206,24.27322972],[51.72889495,24.2679795],[51.72865248,24.26465774],[51.72703624,24.26210427],[51.72415066,24.25992465],[51.72374761,24.2578125],[51.7230978,24.2578125],[51.72144032,24.25684226],[51.72170114,24.25477183],[51.71754324,24.25320733],[51.71492112,24.24765193],[51.71487701,24.23899436],[51.71823871,24.23032832],[51.71984482,24.22903514],[51.72023404,24.22222817],[51.72198248,24.22084868],[51.72212303,24.21989131],[51.72174835,24.21888876],[51.7198981,24.21598756],[51.71597087,24.21269393],[51.71431375,24.21164191],[51.71036434,24.21044362],[51.70665658,24.21007085],[51.70469618,24.21188867],[51.70437491,24.21199954],[51.70017993,24.21199274],[51.69960368,24.21297765],[51.69553638,24.21322441],[51.69421303,24.21375775],[51.69256151,24.21529114],[51.69118893,24.21866906],[51.68926597,24.22757745],[51.68896377,24.22952735],[51.68911505,24.23348534],[51.69063377,24.24009967],[51.68784344,24.24469995],[51.68842375,24.25010967],[51.68831694,24.25053692],[51.68274462,24.2578125],[51.68244123,24.2578125],[51.68179142,24.25891244],[51.68019545,24.26666975],[51.6796875,24.26729906],[51.6796875,24.26757812],[51.67691135,24.27270687],[51.67522657,24.27361703],[51.6749202,24.27560067],[51.67382336,24.27661824],[51.67346787,24.27672684],[51.67102444,24.2759757],[51.66992855,24.27776265],[51.66839361,24.28390884],[51.67201912,24.28555417],[51.67110741,24.29279554],[51.66499341,24.29817295],[51.66491628,24.29971814],[51.66153252,24.30329311],[51.66251504,24.31055582],[51.66141415,24.31211758],[51.66132855,24.31630945],[51.65728736,24.32096577],[51.65579426,24.32572746],[51.65409565,24.32624686],[51.65099955,24.32102334],[51.65339124,24.31653035],[51.6542598,24.31011605],[51.65250647,24.30894792],[51.64967072,24.3096863],[51.64919341,24.30737436],[51.65601182,24.30542147],[51.65845251,24.30233443],[51.65800977,24.29669023],[51.65960097,24.29351294],[51.66688931,24.2894845],[51.66702104,24.2836951],[51.66951084,24.2751013],[51.66836655,24.26185823],[51.67203808,24.2578125],[51.67235053,24.2578125],[51.67308903,24.25345075],[51.67323542,24.2472167],[51.67228985,24.24118876],[51.66780865,24.23324394],[51.66471386,24.23086786],[51.66513646,24.22435558],[51.65970886,24.22210455],[51.65727925,24.21819591],[51.6523509,24.21816194],[51.64843261,24.21567726],[51.64407694,24.20606244],[51.64386201,24.20583844],[51.64072013,24.20423174],[51.63413405,24.20465136],[51.63341844,24.20509744],[51.63205552,24.20820785],[51.63201916,24.21156073],[51.63740397,24.21225107],[51.64139962,24.21024323],[51.64661038,24.21778905],[51.64455235,24.21892261],[51.64346135,24.2225244],[51.64070857,24.22305024],[51.63974535,24.22597074],[51.63770652,24.22714317],[51.63735414,24.22758245],[51.6344825,24.23203623],[51.63407874,24.23312545],[51.63418972,24.24932361],[51.62955165,24.2578125],[51.62950802,24.2578125],[51.62904584,24.25906718],[51.62921846,24.26760471],[51.62879515,24.27223301],[51.62745023,24.27529287],[51.62765646,24.27857316],[51.62903512,24.28392935],[51.63317943,24.28735328],[51.63149166,24.29402065],[51.63174236,24.29665864],[51.63217855,24.29757965],[51.63291061,24.29847014],[51.63534605,24.29933083],[51.63907826,24.29830337],[51.64084518,24.29888761],[51.6361202,24.30264246],[51.63408673,24.302616],[51.63346982,24.30522156],[51.63367724,24.30574274],[51.63572288,24.30659795],[51.63835824,24.3043437],[51.64055991,24.30514824],[51.64196372,24.31128693],[51.64081085,24.31343031],[51.63832653,24.31489158],[51.63834894,24.31849885],[51.63672626,24.32132566],[51.62868488,24.32630897],[51.63171422,24.33185565],[51.62743092,24.33770835],[51.62121427,24.35142386],[51.61708832,24.35574186],[51.61085045,24.35564101],[51.60450745,24.36673915],[51.60514414,24.36996353],[51.60270286,24.36946416],[51.59418476,24.37611544],[51.59032536,24.37677526],[51.58951473,24.37466967],[51.59224772,24.36850095],[51.59177947,24.36702597],[51.58171964,24.36204541],[51.58404303,24.35931277],[51.58484232,24.35484445],[51.58991826,24.35500157],[51.59273756,24.35270071],[51.59351432,24.34581125],[51.59544933,24.34182906],[51.59533775,24.33885968],[51.59103346,24.33251071],[51.59148502,24.32658696],[51.59305274,24.32623482],[51.59333766,24.32178223],[51.59469736,24.32127702],[51.59486318,24.31732285],[51.59300947,24.30981052],[51.5972054,24.3088274],[51.59619701,24.30413544],[51.59682596,24.30079842],[51.59918296,24.2975316],[51.59908044,24.28680098],[51.60346746,24.28419971],[51.604339,24.28162825],[51.60433877,24.28087294],[51.60108662,24.27302003],[51.60010326,24.2663486],[51.59958005,24.26517367],[51.59853387,24.26421177],[51.59728575,24.26983631],[51.59698844,24.26946843],[51.59754336,24.26553535],[51.59594905,24.25963163],[51.59573996,24.25928891],[51.59422815,24.25869131],[51.59165704,24.25937355],[51.59058833,24.25809395],[51.58782125,24.25512946],[51.58231056,24.25309873],[51.57443857,24.25276065],[51.56718063,24.25090384],[51.55369258,24.24919283],[51.54880142,24.24863481],[51.54396856,24.24863446],[51.53989816,24.24923086],[51.53462875,24.2511456],[51.53166926,24.2543081],[51.53019714,24.25862432],[51.52707577,24.26003575],[51.52321815,24.26793301],[51.5220139,24.26762795],[51.51669967,24.27078295],[51.51381075,24.27849615],[51.51183486,24.28012025],[51.51185656,24.28288186],[51.50448382,24.28777075],[51.49972308,24.29651475],[51.49386263,24.29948366],[51.49030435,24.30743063],[51.48827446,24.30798066],[51.48712826,24.30721962],[51.47501171,24.31020594],[51.47242725,24.31502748],[51.47081792,24.31579661],[51.46023226,24.31457305],[51.44965434,24.31633043],[51.44556725,24.32013655],[51.44702744,24.32214522],[51.44186306,24.32499504],[51.4399544,24.32506764],[51.43853104,24.32288861],[51.42206347,24.32290995],[51.4068017,24.32592416],[51.40464938,24.32755494],[51.40529692,24.32634866],[51.40351975,24.32547498],[51.39437354,24.32390797],[51.38277745,24.32000422],[51.37619495,24.31152344],[51.37612927,24.30845344],[51.37363362,24.30481732],[51.3722651,24.2989397],[51.36350322,24.29151845],[51.35666275,24.28913105],[51.35258782,24.28853393],[51.33409142,24.28992724],[51.328125,24.29157364],[51.32468176,24.29362905],[51.32261455,24.29235268],[51.3157202,24.29402173],[51.30659771,24.29249632],[51.30323195,24.29023135],[51.30343211,24.29210496],[51.29205263,24.30004024],[51.28868592,24.31501925],[51.28867281,24.33516467],[51.2871598,24.33820832],[51.28827608,24.34420001],[51.28950322,24.34777832],[51.29083931,24.35023415],[51.29314828,24.35205436],[51.29795885,24.35411167],[51.29998302,24.35365176],[51.30120134,24.35304546],[51.30145073,24.35255778],[51.30293381,24.34766626],[51.30453205,24.34893954],[51.30538738,24.35423505],[51.30444264,24.36363578],[51.30646527,24.36636221],[51.30909717,24.37931347],[51.30997002,24.39119935],[51.31273782,24.39513743],[51.31126344,24.40164316],[51.32180667,24.43025017],[51.32211876,24.43067074],[51.32475925,24.43359375],[51.32505977,24.43359375],[51.32797158,24.43610477],[51.328125,24.43610477],[51.328125,24.43638384],[51.33001244,24.43775201],[51.33029294,24.43924963],[51.33350253,24.44092655],[51.34020138,24.44720745],[51.34823823,24.45185065],[51.36380374,24.46538055],[51.37664366,24.46508944],[51.37995315,24.47251272],[51.38681304,24.47768605],[51.39175797,24.47861493],[51.39620137,24.48727584],[51.40055645,24.49127245],[51.40605235,24.49422038],[51.41080427,24.49533153],[51.41149402,24.49950016],[51.41281557,24.50033355],[51.41533446,24.50626147],[51.41549063,24.50907445],[51.41364157,24.51089084],[51.41401744,24.51844156],[51.41707587,24.52738416],[51.42348433,24.53461516],[51.42878771,24.536798],[51.43249536,24.53674304],[51.43645906,24.53598237],[51.43611085,24.53359902],[51.43443751,24.53203428],[51.43617594,24.53075981],[51.43984473,24.53434861],[51.44296396,24.53299451],[51.44500744,24.53366292],[51.44607556,24.53253245],[51.44548666,24.53499341],[51.44325566,24.53529406],[51.44192815,24.54176652],[51.44404006,24.54605198],[51.44758487,24.55078268],[51.45211411,24.55572331],[51.45316982,24.55643964],[51.45597625,24.55818057],[51.46082735,24.55646431],[51.46379221,24.55666852],[51.46648777,24.55826282],[51.46982443,24.55686545],[51.46859133,24.55534601],[51.47012162,24.55473173],[51.47308195,24.55740774],[51.47192228,24.55882227],[51.47295666,24.55969834],[51.48222685,24.55961525],[51.48706436,24.55788112],[51.48766124,24.56011093],[51.48539984,24.56070256],[51.48492205,24.56142604],[51.48488104,24.56250155],[51.48554111,24.56399775],[51.48791814,24.56602526],[51.48826635,24.56621206],[51.49070108,24.56568956],[51.49165964,24.56661332],[51.49304974,24.56562996],[51.49679244,24.56710446],[51.49982011,24.56978774],[51.50224745,24.56979024],[51.50326014,24.57209277],[51.50519454,24.57122087],[51.50542295,24.57152116],[51.50503838,24.57463408],[51.50117266,24.57574916],[51.49628913,24.58088565],[51.49500585,24.58102834],[51.49435675,24.57818973],[51.49358213,24.57742846],[51.49253035,24.57726121],[51.49191856,24.57754338],[51.49192023,24.57921994],[51.48602533,24.58247638],[51.48479354,24.58381975],[51.48465323,24.58639312],[51.48749638,24.58745396],[51.48564434,24.59131646],[51.48304415,24.59448743],[51.47966623,24.59533465],[51.47720373,24.59736466],[51.4762243,24.59533083],[51.47799814,24.59307384],[51.47610116,24.59028423],[51.47203541,24.59145701],[51.47019815,24.59005511],[51.46619725,24.59087837],[51.4631294,24.58970845],[51.45911241,24.58982885],[51.45921767,24.58773375],[51.46202207,24.58488357],[51.46163416,24.58316135],[51.45728672,24.57972348],[51.45290172,24.57969665],[51.45078242,24.58342326],[51.44953382,24.59034586],[51.45371306,24.59568524],[51.45208597,24.59912145],[51.45011616,24.59977651],[51.44987774,24.60316551],[51.45118105,24.60402095],[51.45526254,24.60296476],[51.45291364,24.60530603],[51.45278025,24.60814905],[51.45130682,24.60588646],[51.45053935,24.60609412],[51.45032132,24.60642624],[51.45134044,24.609375],[51.45144784,24.609375],[51.45146358,24.6098932],[51.44738865,24.61284435],[51.44346547,24.62077892],[51.44148266,24.62099707],[51.44075882,24.62294555],[51.44016957,24.62298501],[51.43625963,24.62141502],[51.43280304,24.62310565],[51.43141854,24.62268257],[51.43097973,24.62235725],[51.43041623,24.61945903],[51.43302357,24.61799705],[51.43287587,24.61761272],[51.43081987,24.61545122],[51.42982304,24.61218762],[51.42901242,24.61168933],[51.42577148,24.61163366],[51.42404628,24.61459923],[51.41939914,24.61512697],[51.4178735,24.61310673],[51.41527081,24.61431014],[51.41268611,24.61386692],[51.40669882,24.62020326],[51.40668833,24.62055171],[51.40923345,24.62200892],[51.40933597,24.62367237],[51.40865541,24.62529886],[51.40189874,24.62574983],[51.40038955,24.62554753],[51.39721572,24.62361693],[51.39718354,24.62327135],[51.39865506,24.61881566],[51.39788425,24.61504865],[51.40114236,24.61379445],[51.40233171,24.61061573],[51.40200508,24.6001147],[51.38831484,24.58720922],[51.38388026,24.57825124],[51.38339233,24.57787538],[51.37055135,24.57257616],[51.36692536,24.57251394],[51.36208665,24.57080686],[51.36062717,24.57009482],[51.35616446,24.56615996],[51.35536754,24.56210518],[51.35246384,24.56045294],[51.35051155,24.55676055],[51.34741116,24.55486846],[51.34606111,24.55258775],[51.34669757,24.55036652],[51.34712326,24.54986894],[51.35289347,24.54567385],[51.35224116,24.54398406],[51.34854352,24.54210162],[51.34623766,24.53826225],[51.34795082,24.53812027],[51.34852171,24.53696716],[51.34733057,24.53417563],[51.34503984,24.53501403],[51.34525144,24.52948058],[51.33745384,24.52712274],[51.33521354,24.52496934],[51.32953083,24.52452636],[51.32964361,24.52173221],[51.328125,24.52008915],[51.32094073,24.51642835],[51.32091391,24.51494467],[51.31730092,24.51385355],[51.31467187,24.50998485],[51.31300366,24.50884187],[51.30609632,24.5064702],[51.30456543,24.50621116],[51.30254412,24.50638497],[51.30096972,24.50707364],[51.30075645,24.50736201],[51.29837596,24.51134348],[51.29572535,24.52092922],[51.30111682,24.52737296],[51.30194807,24.53557491],[51.30129838,24.54672396],[51.30290723,24.54761875],[51.30083025,24.55186665],[51.30110848,24.55508316],[51.29967213,24.55932105],[51.30065596,24.56325984],[51.2993468,24.5659852],[51.29932344,24.57008958],[51.30768168,24.58852327],[51.31625974,24.59431303],[51.31638467,24.59919024],[51.31898177,24.60333455],[51.31679285,24.60708272],[51.30596638,24.60372722],[51.30228794,24.59778905],[51.29685736,24.59522796],[51.29229498,24.60026336],[51.29223895,24.60315347],[51.29021013,24.60572255],[51.28810763,24.60239112],[51.28785706,24.60357368],[51.28536022,24.60486925],[51.28380895,24.60248745],[51.27901077,24.60727251],[51.28117061,24.61339426],[51.28320324,24.61307061],[51.28485966,24.61420321],[51.28635478,24.61340344],[51.28573954,24.61644423],[51.28235972,24.62008941],[51.28100216,24.61982262],[51.27836084,24.61405158],[51.27594161,24.61192167],[51.27364683,24.61247695],[51.26860225,24.61703587],[51.26702487,24.61570835],[51.26055408,24.61454487],[51.25411797,24.61157346],[51.25344574,24.61150324],[51.25095236,24.61360943],[51.24572432,24.61514485],[51.24251747,24.61406457],[51.24123538,24.61222315],[51.23992682,24.61232805],[51.23560357,24.61326242],[51.23319316,24.61449087],[51.23128486,24.61697197],[51.2300359,24.61639881],[51.22954774,24.61432862],[51.22899795,24.61422634],[51.22748184,24.61509621],[51.21873164,24.62240386],[51.21949792,24.62588024],[51.22139597,24.62734854],[51.22082865,24.62911665],[51.22045755,24.62935615],[51.21572173,24.62922466],[51.21559227,24.62941635],[51.21630526,24.63224161],[51.2181164,24.63256681],[51.21858776,24.63513875],[51.22476625,24.63795292],[51.22424865,24.63915813],[51.22249556,24.63875473],[51.22049141,24.64087892],[51.22134197,24.64250505],[51.2236917,24.64236903],[51.22571385,24.64602256],[51.22703135,24.64502704],[51.22571766,24.64365804],[51.22776234,24.64385271],[51.22829545,24.63980424],[51.23256445,24.63846684],[51.23818147,24.64192975],[51.24011898,24.64632678],[51.24028301,24.64646685],[51.24297404,24.6479367],[51.24701953,24.64896595],[51.25200546,24.64878094],[51.25251484,24.64860296],[51.25936472,24.64454937],[51.25887334,24.64797592],[51.26030385,24.65072036],[51.26087844,24.65124393],[51.26879025,24.65454745],[51.27193415,24.65450144],[51.27374506,24.65303504],[51.27500093,24.65091383],[51.2761991,24.64561331],[51.27510643,24.64234722],[51.27674615,24.64227283],[51.28332174,24.64754331],[51.28427267,24.65713465],[51.28563094,24.65756202],[51.28660655,24.65610802],[51.28494585,24.65894556],[51.28400052,24.66515875],[51.28511024,24.66531825],[51.28967285,24.66045952],[51.29049194,24.66138887],[51.28971875,24.66568065],[51.28709912,24.67017984],[51.29062974,24.67248452],[51.29249597,24.67076325],[51.29325295,24.66149151],[51.29525125,24.65885591],[51.28895986,24.63908684],[51.28783202,24.63785088],[51.28647256,24.63963366],[51.28415716,24.63737595],[51.28381574,24.63246775],[51.28560925,24.63126564],[51.28655183,24.62879205],[51.28694701,24.62865508],[51.28795505,24.62961781],[51.28702605,24.63411236],[51.29158223,24.63825607],[51.29247475,24.64412844],[51.2917304,24.64467072],[51.29321516,24.64794552],[51.29385865,24.64897656],[51.29696786,24.65076315],[51.30043602,24.64877272],[51.30025017,24.64472306],[51.3033154,24.63968515],[51.30415392,24.64023101],[51.30635107,24.63502777],[51.30670655,24.63795674],[51.30767322,24.63757408],[51.30810678,24.63866246],[51.30731893,24.64226723],[51.30930781,24.64195704],[51.31056547,24.64446306],[51.31317532,24.64325404],[51.31314886,24.64068925],[51.3162564,24.63813782],[51.31600332,24.64376402],[51.32033181,24.63730586],[51.3228538,24.63801515],[51.32213926,24.64160502],[51.32513785,24.64363801],[51.32736826,24.64213395],[51.32644844,24.64020944],[51.33327794,24.63048208],[51.33406985,24.62761521],[51.33596444,24.62769747],[51.33702922,24.62910998],[51.34007704,24.62815416],[51.34031951,24.62925804],[51.33763766,24.63172996],[51.34120154,24.63091302],[51.34130502,24.63236427],[51.33904195,24.63339984],[51.33788455,24.63632214],[51.33561897,24.63645971],[51.33300185,24.63854086],[51.33340752,24.63928115],[51.33491707,24.63854074],[51.33633041,24.64061785],[51.33889437,24.64942944],[51.34106481,24.65275943],[51.34284365,24.65275311],[51.34427547,24.6565485],[51.34680784,24.65613937],[51.34649706,24.65165234],[51.34313035,24.64950025],[51.34322405,24.64679873],[51.3452003,24.64417481],[51.34346616,24.64360213],[51.34557855,24.64217377],[51.34445775,24.63884294],[51.34420037,24.62927246],[51.34169436,24.62241173],[51.34170854,24.61517811],[51.34772313,24.61753845],[51.34863281,24.61880088],[51.34985578,24.62178516],[51.34802222,24.62495387],[51.34766972,24.62883067],[51.34932256,24.62627888],[51.35092962,24.62617826],[51.35038257,24.63480794],[51.35231996,24.63434684],[51.35174584,24.63926435],[51.35433304,24.64163804],[51.35691977,24.63856387],[51.35427892,24.62863088],[51.35553885,24.61986375],[51.35348237,24.61591625],[51.34832335,24.61130405],[51.34648335,24.60645247],[51.34473765,24.60492003],[51.34456134,24.60851288],[51.34578741,24.60891163],[51.34556222,24.61011875],[51.34680748,24.61013663],[51.34803116,24.61590767],[51.34255886,24.61406696],[51.34409368,24.60048938],[51.34105146,24.6015166],[51.34017372,24.60434568],[51.33504474,24.60643494],[51.33456147,24.609375],[51.33559084,24.61130881],[51.33066821,24.61293352],[51.328125,24.61244404],[51.32682705,24.61092305],[51.32681894,24.60462225],[51.32519853,24.59975696],[51.32603967,24.59663081],[51.33018017,24.59336627],[51.33100677,24.58174813],[51.33594787,24.57843125],[51.33819962,24.57377613],[51.33616865,24.56011033],[51.33214021,24.55688226],[51.33577716,24.55609417],[51.33977413,24.55722046],[51.34964073,24.56642008],[51.35215271,24.57047474],[51.36027205,24.57502615],[51.3609513,24.57719505],[51.36348546,24.57922244],[51.36930013,24.57946491],[51.37305665,24.58141196],[51.37395525,24.58352613],[51.37332106,24.58578146],[51.37471366,24.58702075],[51.37389565,24.59303415],[51.37654316,24.59295213],[51.37727833,24.59199584],[51.37800205,24.59327567],[51.37614441,24.60094273],[51.37732565,24.60213375],[51.37666094,24.61039126],[51.3821305,24.62266827],[51.38390934,24.62924266],[51.38397634,24.63466072],[51.38750768,24.63650537],[51.38878024,24.63511407],[51.39222634,24.63521445],[51.39075768,24.64024496],[51.39261115,24.64293802],[51.39415836,24.63841927],[51.39335704,24.63479125],[51.39754164,24.63505328],[51.40531003,24.63823616],[51.41096175,24.63814235],[51.41791153,24.63992751],[51.41815138,24.64004803],[51.42415535,24.65130401],[51.42767584,24.65230417],[51.42792642,24.65112436],[51.43021941,24.65180624],[51.43483996,24.65633225],[51.44017541,24.67254925],[51.44137037,24.68087184],[51.44844282,24.69974494],[51.45118117,24.71116435],[51.45947492,24.72638214],[51.46795976,24.73622775],[51.47901535,24.75368905],[51.48188567,24.76222134],[51.48195136,24.76271534],[51.4812963,24.77946603],[51.48195887,24.78246224],[51.48365915,24.78515625],[51.48393095,24.78515625],[51.48973691,24.79559946],[51.49275434,24.81608486],[51.50387096,24.83470857],[51.51080132,24.85298646],[51.51304746,24.85673606],[51.51582873,24.85936582],[51.53265107,24.87063813],[51.53833997,24.87797141],[51.53913891,24.8807857],[51.54038727,24.88095772],[51.55264771,24.89614618],[51.55472887,24.89630008],[51.55758643,24.89940667],[51.55701256,24.90257156],[51.55804753,24.90441573],[51.56131125,24.90370894],[51.56249964,24.90181243],[51.56367135,24.90211511],[51.56395412,24.90244055],[51.56423545,24.90339887],[51.56205904,24.90554905],[51.5622251,24.90596914],[51.56817186,24.91557932],[51.56833625,24.91571915],[51.57203031,24.91394794],[51.57209611,24.91411734],[51.56887007,24.91703021],[51.56997406,24.91888726],[51.57137513,24.91951752],[51.57297444,24.91780233],[51.57464075,24.91778648],[51.57228684,24.92060971],[51.58285224,24.93789601],[51.58477545,24.94304252],[51.59307802,24.95316207],[51.59579194,24.9609375],[51.59595275,24.9609375],[51.59590137,24.96197236],[51.59303248,24.96386874],[51.59242165,24.96399415],[51.58965218,24.96195555],[51.58712375,24.96339238],[51.58282244,24.96355295],[51.58250654,24.96390033],[51.58247626,24.96586573],[51.58424544,24.97029126],[51.5905472,24.97707105],[51.59664631,24.98165274],[51.59957707,24.98187876],[51.60051918,24.98240793],[51.60264421,24.98454583],[51.60635757,24.98338652],[51.6091578,24.9862926],[51.61305904,24.99391866],[51.61933184,24.99567187],[51.62331867,24.99963868],[51.62541401,25.01212585],[51.62701225,25.01353765],[51.62911975,25.01998794],[51.6290127,25.02130568],[51.62888253,25.0216099],[51.62069178,25.02937901],[51.61769927,25.03446603],[51.61327863,25.05478215],[51.60831106,25.06370604],[51.60925257,25.06612277],[51.61203146,25.06566465],[51.61421132,25.06959367],[51.61558831,25.07494736],[51.61838591,25.07875037],[51.62025392,25.0840075],[51.62059546,25.09010231],[51.62246025,25.09193635],[51.61881375,25.10402274],[51.62058055,25.10923553],[51.62116385,25.12196708],[51.6175704,25.13333213],[51.61811793,25.13671875],[51.61837196,25.13671875],[51.62078595,25.13998914],[51.62199306,25.14635491],[51.61539173,25.1561985],[51.61236358,25.15764511],[51.60920823,25.16206658],[51.61063015,25.16451895],[51.61307037,25.16568983],[51.6186341,25.16126895],[51.61796272,25.16365135],[51.61278176,25.16685772],[51.61225355,25.16873097],[51.61391604,25.17106736],[51.61190248,25.17325282],[51.61846018,25.17647123],[51.61705077,25.17827177],[51.61860955,25.18211782],[51.61783648,25.1848458],[51.62106466,25.18981552],[51.61963713,25.19803762],[51.62034464,25.20506072],[51.62163722,25.20619237],[51.62561977,25.20496345],[51.62606525,25.20677364],[51.62134993,25.20817816],[51.62086225,25.21163738],[51.61751866,25.21280253],[51.60484624,25.22498405],[51.60218287,25.22954047],[51.60198045,25.23189604],[51.60238194,25.23557377],[51.60025418,25.23937225],[51.60052133,25.24218845],[51.61805046,25.24814296],[51.62143183,25.25039613],[51.61564767,25.24830401],[51.61858416,25.25055695],[51.61902916,25.25240767],[51.61573684,25.25635064],[51.61929607,25.25586784],[51.62071991,25.25152254],[51.62232161,25.25240767],[51.62597001,25.25063753],[51.63130903,25.25240767],[51.62036395,25.27707064],[51.60941887,25.30173361],[51.60461366,25.30004382],[51.60229945,25.29489386],[51.59606981,25.28757155],[51.59402287,25.29199708],[51.59046316,25.29489386],[51.58628035,25.29336512],[51.58966231,25.28459418],[51.58886135,25.28555977],[51.58628297,25.28564036],[51.58138585,25.2907902],[51.5814749,25.29328465],[51.58476746,25.29425025],[51.58165276,25.29400885],[51.58272076,25.29618144],[51.58104309,25.29603692],[51.58200884,25.2972275],[51.57853794,25.29980242],[51.57729197,25.29923916],[51.58005095,25.29827344],[51.57764804,25.29843438],[51.57706916,25.29357708],[51.57285964,25.29381001],[51.56881726,25.29637456],[51.56875086,25.29450035],[51.56441152,25.28996885],[51.56265521,25.28846216],[51.56073332,25.28978968],[51.55953002,25.28960764],[51.55859566,25.28898597],[51.55846441,25.28827918],[51.56068766,25.28722787],[51.55764592,25.28583121],[51.55701637,25.28564835],[51.55555165,25.28692424],[51.55512726,25.28890324],[51.55486405,25.28906441],[51.55108798,25.28894246],[51.55076396,25.28906262],[51.54913855,25.29055035],[51.54890597,25.29090178],[51.54930043,25.29357851],[51.54816246,25.29460025],[51.54842937,25.29532397],[51.55272973,25.29835403],[51.55566645,25.29416966],[51.55717945,25.29489386],[51.55210686,25.30495214],[51.55646753,25.30648112],[51.55922627,25.30117035],[51.56207407,25.30245781],[51.55913734,25.30849266],[51.54997087,25.30463028],[51.55255175,25.29980242],[51.54863596,25.29811263],[51.54658926,25.30108976],[51.54489815,25.30036557],[51.54578817,25.29803204],[51.54454231,25.2974689],[51.54258442,25.29964137],[51.54071546,25.29939997],[51.54044855,25.29803204],[51.54258442,25.29819298],[51.54391933,25.2967447],[51.54329038,25.29540098],[51.53969598,25.29501164],[51.53853917,25.29147995],[51.53826046,25.29125011],[51.53743196,25.29132903],[51.53636432,25.29178095],[51.53598773,25.29231334],[51.53645074,25.29422522],[51.53490984,25.29554045],[51.53344202,25.29200852],[51.52562654,25.29467404],[51.52177918,25.29702938],[51.52119064,25.29778326],[51.51918542,25.30206621],[51.51879954,25.30454183],[51.52193105,25.3125],[51.52227151,25.3125],[51.52925205,25.31580436],[51.53938878,25.31770468],[51.539258,25.32318795],[51.54215097,25.32383513],[51.53750205,25.33229184],[51.52768314,25.33154178],[51.52554846,25.33221495],[51.52288866,25.33524001],[51.52292061,25.33798015],[51.52442801,25.34053946],[51.52978504,25.34277141],[51.53229284,25.34909594],[51.53234625,25.35387576],[51.52662921,25.35377908],[51.52646875,25.35580695],[51.52871287,25.35933125],[51.53085005,25.36020041],[51.53149128,25.36300063],[51.5326668,25.36338675],[51.53453684,25.36208332],[51.53250778,25.36415935],[51.53111732,25.36947012],[51.52876627,25.37038743],[51.53015554,25.37342894],[51.52919376,25.37516713],[51.53305554,25.37646532],[51.53859746,25.38351953],[51.54201746,25.38429201],[51.53833032,25.38458157],[51.53662026,25.38863707],[51.53560185,25.39274085],[51.53982425,25.39703774],[51.53570867,25.40205896],[51.53501391,25.40780425],[51.54821575,25.40775585],[51.54848301,25.41070104],[51.53565514,25.41214943],[51.5366708,25.42059827],[51.53886032,25.42446065],[51.53249884,25.43913782],[51.53645456,25.43937921],[51.53597355,25.44217944],[51.52535605,25.44285583],[51.52392697,25.44483686],[51.52115154,25.44603455],[51.51935315,25.45211506],[51.51644111,25.45536351],[51.52180028,25.45494902],[51.53878474,25.44360626],[51.54056847,25.44427097],[51.54283142,25.44342315],[51.54175663,25.44632554],[51.5441612,25.44730723],[51.54476571,25.45022666],[51.54096925,25.44826055],[51.53720546,25.44876945],[51.5359714,25.44718814],[51.53165722,25.44871223],[51.51419425,25.46104884],[51.51306891,25.467893],[51.51073241,25.47154617],[51.50840056,25.47255003],[51.51716971,25.47747743],[51.52311516,25.47930026],[51.52764094,25.47932315],[51.53532887,25.4766283],[51.53689313,25.47764325],[51.52691054,25.48027945],[51.52418625,25.48027933],[51.5231148,25.48013687],[51.50803602,25.47358501],[51.50728941,25.47372842],[51.49490964,25.47857237],[51.49211204,25.48503888],[51.49171424,25.48828125],[51.49169266,25.48828125],[51.49164057,25.49172115],[51.49171925,25.49456394],[51.48857951,25.49633205],[51.48647845,25.50009727],[51.48374236,25.50076044],[51.47806716,25.50456655],[51.47774601,25.5090692],[51.47626531,25.51186705],[51.47600818,25.5153321],[51.47628021,25.51740897],[51.47894752,25.52302265],[51.4809767,25.52594161],[51.48334241,25.52618885],[51.48597503,25.53037572],[51.49172544,25.55189252],[51.49302232,25.55502236],[51.49662685,25.55512202],[51.49608314,25.55878806],[51.49727023,25.56347704],[51.49984765,25.5665642],[51.49592614,25.56748533],[51.49159324,25.56586814],[51.48984754,25.56705952],[51.48970854,25.56740511],[51.49117661,25.57051766],[51.48911345,25.57213414],[51.48721862,25.57615876],[51.48980641,25.57832074],[51.48928034,25.58081806],[51.49195874,25.58502722],[51.49129498,25.58825576],[51.48953795,25.58876765],[51.48953593,25.59015083],[51.48998284,25.59170091],[51.49260068,25.59484613],[51.49375892,25.59898293],[51.49437296,25.59974587],[51.49722135,25.60062575],[51.49993968,25.60378277],[51.50276053,25.60395825],[51.50375557,25.60543895],[51.50747454,25.60599554],[51.51406026,25.60599661],[51.51644206,25.6051687],[51.51470172,25.60899985],[51.5190984,25.61417413],[51.52685344,25.61463225],[51.52770364,25.61388302],[51.53515422,25.61712217],[51.53821635,25.6160953],[51.54356444,25.62011743],[51.54283452,25.62161934],[51.54329991,25.62185025],[51.54407847,25.62167644],[51.54586577,25.61914992],[51.54668474,25.61931145],[51.54791236,25.62121522],[51.54878736,25.62389815],[51.54924715,25.63030744],[51.54872906,25.63197577],[51.54808736,25.63385153],[51.55256903,25.63807702],[51.55189764,25.63923836],[51.55311871,25.64160311],[51.55145144,25.65084755],[51.55475307,25.65553761],[51.55500436,25.65841675],[51.55484354,25.65929437],[51.55431235,25.65993094],[51.55219042,25.65987802],[51.55178666,25.66008735],[51.55044615,25.66185784],[51.54984474,25.66199565],[51.54670882,25.66051245],[51.54606926,25.66083634],[51.54567134,25.66318035],[51.54100001,25.6636976],[51.53854704,25.66199183],[51.53735912,25.66202116],[51.53656447,25.66237605],[51.53652704,25.6640625],[51.5367105,25.6640625],[51.53678656,25.66714764],[51.53355014,25.66916907],[51.53256357,25.67271304],[51.53407991,25.67561746],[51.53736484,25.67585611],[51.53864133,25.67701387],[51.5400722,25.68369245],[51.53744936,25.68463886],[51.53009021,25.68426406],[51.52807236,25.68100083],[51.52684772,25.68531525],[51.51740873,25.68526852],[51.51612604,25.68850994],[51.51362252,25.68676412],[51.51023936,25.68673456],[51.50808322,25.68752992],[51.50526035,25.69029522],[51.50504136,25.69081605],[51.50609672,25.69288814],[51.51281536,25.69639385],[51.51462841,25.69689214],[51.51599324,25.69680607],[51.51829386,25.69464755],[51.52153134,25.69741738],[51.53640723,25.70287621],[51.53711867,25.70393932],[51.54131675,25.70342767],[51.54432476,25.70460522],[51.54449391,25.70270431],[51.55025792,25.69961774],[51.55278707,25.69486702],[51.55233824,25.69395077],[51.54769564,25.69505501],[51.54712606,25.69404912],[51.54788935,25.69101131],[51.54985738,25.69137454],[51.54882348,25.69049001],[51.54991984,25.6901406],[51.55096137,25.68623924],[51.54768717,25.68735445],[51.54541457,25.68649864],[51.5475775,25.67998064],[51.56412375,25.68129122],[51.56787717,25.67991936],[51.56985354,25.67711294],[51.57185674,25.67784882],[51.57642663,25.67406011],[51.57718134,25.67484856],[51.57636225,25.67747796],[51.58073831,25.67941904],[51.58094394,25.67967296],[51.58213472,25.68178141],[51.58274722,25.68387461],[51.58237386,25.68836117],[51.58325362,25.68983257],[51.58558333,25.6902945],[51.58558905,25.69059277],[51.58176613,25.69013607],[51.58238125,25.69232094],[51.58542156,25.69266176],[51.58173275,25.69305825],[51.58147395,25.69631088],[51.58371067,25.69891012],[51.58886063,25.70057595],[51.58725393,25.70436096],[51.59085202,25.70962965],[51.59265935,25.70967603],[51.59153402,25.71182716],[51.59554505,25.72010446],[51.58977926,25.72645712],[51.58919215,25.73401666],[51.58764935,25.73598886],[51.58372164,25.73652315],[51.57842565,25.73983908],[51.57633615,25.73858094],[51.57568336,25.73473465],[51.57211304,25.73430204],[51.5699501,25.73133564],[51.5696789,25.72652018],[51.56656015,25.72855937],[51.56084275,25.72923076],[51.55448222,25.73359263],[51.55174065,25.73369634],[51.54919505,25.73881352],[51.54408622,25.74155676],[51.54409432,25.74285543],[51.54186273,25.74006546],[51.54030597,25.74134004],[51.53821492,25.74823415],[51.54759574,25.74426115],[51.54863274,25.74217558],[51.55116975,25.74089634],[51.55680704,25.74112797],[51.55880594,25.74251926],[51.56168103,25.74269783],[51.56334555,25.74846494],[51.56399405,25.76046693],[51.56987214,25.77031696],[51.57232451,25.77212572],[51.57084072,25.77444684],[51.57498217,25.77328694],[51.57737911,25.77059054],[51.5759449,25.76266384],[51.57327688,25.76337314],[51.57175088,25.76109445],[51.57248616,25.75821567],[51.57430053,25.76150346],[51.57591474,25.76097286],[51.57513905,25.75594234],[51.57316101,25.75457037],[51.57317674,25.75285315],[51.57498133,25.75423276],[51.57864416,25.75279021],[51.58147717,25.75464034],[51.58209932,25.75774527],[51.58731973,25.75953591],[51.58840394,25.76380765],[51.59223545,25.76683056],[51.59421301,25.77024996],[51.59338546,25.76415396],[51.59263158,25.76500654],[51.58703876,25.75753582],[51.58293545,25.75770533],[51.58275986,25.75511408],[51.58857036,25.75758362],[51.59467602,25.76241684],[51.59372115,25.76149535],[51.59475315,25.76089203],[51.59427261,25.75930035],[51.59113741,25.75682294],[51.59382713,25.75726306],[51.59510195,25.75878882],[51.59650767,25.76566136],[51.59409833,25.77218974],[51.59658062,25.77807975],[51.59594548,25.78956544],[51.59756315,25.79456794],[51.59758067,25.80055642],[51.59143054,25.81244516],[51.58967423,25.81675887],[51.58798254,25.82389641],[51.58753967,25.82826436],[51.58907294,25.83546627],[51.58747435,25.83984375],[51.58733666,25.83984375],[51.58683777,25.84212983],[51.58560717,25.85186172],[51.58967364,25.85264337],[51.58442354,25.85294855],[51.58468902,25.85539985],[51.58272946,25.86112964],[51.57854545,25.86786306],[51.57420075,25.88504148],[51.57449567,25.89240682],[51.57482016,25.89410126],[51.57518935,25.89490414],[51.57642984,25.89498985],[51.57642984,25.89863765],[51.57728863,25.89902401],[51.57700241,25.90430248],[51.57779086,25.90576935],[51.57806552,25.90590501],[51.58500802,25.90715384],[51.61846435,25.92287564],[51.61872327,25.92304206],[51.61917996,25.92501485],[51.61478364,25.92196715],[51.61230755,25.92481685],[51.61198795,25.92370176],[51.61372316,25.92172396],[51.61322892,25.92114651],[51.61289656,25.92096365],[51.58501112,25.90799165],[51.58422911,25.90771317],[51.58045244,25.90729904],[51.58135474,25.91150367],[51.57937574,25.91270697],[51.57950544,25.91384804],[51.58967423,25.92213786],[51.59482217,25.92521405],[51.59580052,25.92543495],[51.59794652,25.92452371],[51.60054386,25.92527676],[51.60304618,25.92272305],[51.60633576,25.92393816],[51.60672152,25.92438984],[51.60641003,25.92569923],[51.60241616,25.92922044],[51.59022474,25.92552257],[51.59226084,25.92974925],[51.60053456,25.93631983],[51.60354042,25.93633234],[51.60521436,25.93578053],[51.62202203,25.92900574],[51.62339115,25.92891896],[51.62330234,25.92982948],[51.60424054,25.93771327],[51.60047126,25.93834555],[51.57572865,25.91747856],[51.57345736,25.91670597],[51.57172596,25.91835058],[51.55686176,25.92497957],[51.54203773,25.92931116],[51.53673816,25.9322561],[51.53599894,25.93429506],[51.53342211,25.93434334],[51.53755581,25.92946696],[51.53717995,25.92830825],[51.53250945,25.93390882],[51.52440286,25.93960583],[51.52574503,25.94052315],[51.53165042,25.93612957],[51.53422725,25.93521225],[51.53395891,25.93593645],[51.52080595,25.94675124],[51.51602793,25.94950306],[51.50497115,25.9525001],[51.49631262,25.95421326],[51.48825026,25.95396197],[51.488222,25.96123326],[51.48648632,25.95408654],[51.45644987,25.94871044],[51.46036482,25.95161617],[51.45845938,25.95568526],[51.45861506,25.95132387],[51.45529664,25.94983065],[51.45259404,25.95060694],[51.44915867,25.94752192],[51.43554223,25.94877815],[51.42012286,25.95531654],[51.41508722,25.95865071],[51.40612733,25.96450651],[51.40324306,25.96456838],[51.40070236,25.96921265],[51.40089905,25.98090327],[51.39888716,25.98871136],[51.40018928,25.99703991],[51.39937007,26.00992405],[51.39901233,26.01081252],[51.39105904,26.015625],[51.3908596,26.015625],[51.38356996,26.01911223],[51.37919986,26.02164364],[51.3746984,26.02590883],[51.37494957,26.02839875],[51.379951,26.02544534],[51.38057196,26.02680063],[51.37024856,26.03571022],[51.36648405,26.04300117],[51.36222637,26.04629982],[51.3567301,26.05541575],[51.35661924,26.06459618],[51.36055005,26.06575525],[51.36424768,26.06398284],[51.36536527,26.06471467],[51.36488104,26.0660907],[51.3625108,26.06689096],[51.35693622,26.06682098],[51.3570441,26.07045162],[51.3600347,26.07480216],[51.35706568,26.08165336],[51.35758424,26.08545125],[51.35677636,26.08632612],[51.36033201,26.09970784],[51.36000657,26.10102296],[51.35844314,26.10340345],[51.34997845,26.10622835],[51.34627581,26.10962224],[51.34036791,26.1113801],[51.33595133,26.11505771],[51.33554018,26.11815524],[51.33357513,26.1175462],[51.33088565,26.11837912],[51.33014512,26.11869943],[51.328125,26.12109375],[51.328125,26.12137282],[51.32717013,26.12256563],[51.32642066,26.12300706],[51.31802416,26.12615216],[51.31476223,26.13010836],[51.30967498,26.13318884],[51.30464447,26.13560343],[51.30398643,26.13581324],[51.29645515,26.13751698],[51.29296231,26.13735211],[51.28727365,26.14003134],[51.27900445,26.14169681],[51.26895165,26.14896262],[51.26247406,26.15014183],[51.26116467,26.15325642],[51.26180017,26.15535545],[51.26363754,26.15317655],[51.26307344,26.15569246],[51.26563191,26.15524542],[51.26632404,26.15543234],[51.26716793,26.15610921],[51.26595581,26.15691745],[51.26563954,26.15703034],[51.26003184,26.15550604],[51.26036382,26.15402424],[51.259377,26.1539669],[51.25762963,26.15566444],[51.24982655,26.15845025],[51.24443114,26.15778756],[51.24165356,26.15686226],[51.23995662,26.15592992],[51.23896837,26.15508795],[51.23921144,26.15368855],[51.23336351,26.14468825],[51.22422326,26.14011848],[51.22108912,26.14082324],[51.21849322,26.14337885],[51.21530211,26.14458597],[51.21112561,26.14100826],[51.20741522,26.13962877],[51.20858037,26.14349115],[51.21073163,26.1448189],[51.21082115,26.14570403],[51.20907342,26.14610624],[51.20629478,26.14369225],[51.20454705,26.13954842],[51.19837272,26.14036202],[51.19047463,26.13926673],[51.18926466,26.14043355],[51.18900895,26.14548051],[51.18730772,26.14674521],[51.18688464,26.14662373],[51.18536985,26.14296532],[51.18280065,26.14183641],[51.18159521,26.13938355],[51.18407977,26.13629508],[51.18743932,26.13508427],[51.18436122,26.12922883],[51.18156886,26.12843466],[51.17923653,26.12587762],[51.17349136,26.12401223],[51.17300475,26.12173164],[51.16951203,26.12106848],[51.16094315,26.11577487],[51.1570363,26.1118139],[51.15696955,26.10897815],[51.15483522,26.10498297],[51.15478253,26.10153437],[51.15652132,26.09855366],[51.15494537,26.0975641],[51.15333366,26.09412885],[51.15317464,26.09366786],[51.15354824,26.08885217],[51.15340364,26.08849406],[51.1515311,26.08575964],[51.15048397,26.08485997],[51.12921405,26.07256091],[51.1285876,26.07222176],[51.12392735,26.07057977],[51.12130785,26.07100737],[51.12013805,26.07158184],[51.11931837,26.0729804],[51.1196475,26.07521606],[51.11692238,26.07990456],[51.11341524,26.07995784],[51.11220765,26.08119512],[51.11155117,26.08103037],[51.10853207,26.07882357],[51.10655332,26.0746448],[51.10329771,26.07360923],[51.10252154,26.07069182],[51.10214448,26.07042182],[51.09769738,26.06846035],[51.09539235,26.06825936],[51.09424174,26.06869042],[51.09250212,26.0701282],[51.09231424,26.07042456],[51.09228933,26.07210815],[51.08617306,26.07280076],[51.07938087,26.06461895],[51.07991564,26.06215215],[51.07363951,26.05725014],[51.06703711,26.05419624],[51.05358875,26.05131137],[51.04069078,26.04465306],[51.03390872,26.04433072],[51.03358662,26.04393876],[51.03357518,26.04327774],[51.03844345,26.04065752],[51.0388025,26.04013586],[51.03949702,26.03503656],[51.04080462,26.03412616],[51.03851962,26.03224945],[51.03948414,26.02952695],[51.03864586,26.02676237],[51.03655565,26.02598405],[51.03753042,26.02328014],[51.03655517,26.02178693],[51.03866017,26.01902294],[51.03867602,26.015625],[51.03887653,26.015625],[51.03882277,26.01404214],[51.03766191,26.01293373],[51.03426886,26.01315928],[51.03537405,26.00904417],[51.03233075,26.00413156],[51.03357673,26.00265622],[51.03274035,26.00030637],[51.03423083,25.99569428],[51.03263354,25.99092364],[51.0367372,25.98784471],[51.03280401,25.98496306],[51.02780712,25.98448694],[51.02509534,25.98643315],[51.02359843,25.98597455],[51.02404034,25.97795475],[51.02186108,25.97505021],[51.02193224,25.97061634],[51.02319944,25.96862316],[51.01741421,25.9651587],[51.01620364,25.96593177],[51.01175475,25.96282125],[51.00977445,25.96065462],[51.00953054,25.95800412],[51.00572145,25.95800376],[51.00596035,25.95938957],[51.00226283,25.96251714],[51.00244975,25.96532035],[50.9994148,25.96514416],[50.99951017,25.96776271],[50.99824917,25.96940076],[50.99962723,25.97082782],[50.99973774,25.97365415],[50.99671972,25.97695744],[50.99957395,25.98213601],[50.99746585,25.98029566],[50.99466276,25.98226166],[50.99331856,25.98489451],[50.99026155,25.98249662],[50.98867965,25.9832797],[50.98874223,25.97860217],[50.98620641,25.97488046],[50.98747504,25.96919715],[50.98924124,25.96721244],[50.98866952,25.95974934],[50.98965871,25.957762],[50.99257302,25.95694613],[50.99323165,25.95429218],[50.99183071,25.94959986],[50.9938215,25.94477773],[50.9924556,25.93636203],[50.99466515,25.92687345],[50.99637997,25.92499125],[50.99460304,25.92325044],[50.99582672,25.91823614],[50.99311936,25.91522646],[50.9935534,25.91340041],[50.99146283,25.91153383],[50.99279654,25.90910971],[50.99154305,25.9077965],[50.99186814,25.90440702],[50.99151361,25.9030441],[50.99036586,25.90092647],[50.98745072,25.89986157],[50.98790824,25.89794147],[50.98759651,25.89751005],[50.98452425,25.89540672],[50.9820683,25.89439487],[50.98133445,25.89431572],[50.97688484,25.89513278],[50.97861826,25.89275754],[50.97902203,25.88816035],[50.97733748,25.88616073],[50.9765625,25.88616073],[50.97516167,25.88602126],[50.97420025,25.88223648],[50.97082675,25.88101315],[50.97078252,25.88074195],[50.97299123,25.87778366],[50.9765625,25.87611604],[50.9765625,25.87583697],[50.97709024,25.87588811],[50.9817276,25.86909831],[50.98164082,25.86870718],[50.98015225,25.86678696],[50.9765625,25.86579227],[50.9765625,25.86551344],[50.97423422,25.86385047],[50.97071922,25.86391652],[50.97025955,25.86413074],[50.96949565,25.86812365],[50.97015011,25.87098515],[50.96823442,25.87199068],[50.96653581,25.87075043],[50.96484268,25.86824703],[50.96422195,25.86460674],[50.96596122,25.86486542],[50.96473861,25.86240017],[50.95803952,25.85666311],[50.96067727,25.85043442],[50.96066892,25.84992695],[50.95820105,25.84497285],[50.95703125,25.83984375],[50.95684123,25.8393507],[50.95785785,25.83554792],[50.95493865,25.83389723],[50.95786607,25.83363843],[50.95766234,25.83088517],[50.95981133,25.82897615],[50.96186197,25.82897615],[50.96310806,25.82601857],[50.96504521,25.82557404],[50.96609366,25.82352293],[50.96930933,25.82553756],[50.9765625,25.82589281],[50.97837472,25.82620704],[50.97903252,25.82611883],[50.98044407,25.82472456],[50.98358107,25.82494605],[50.98342144,25.82189965],[50.98577082,25.82077003],[50.98526704,25.81874585],[50.98714018,25.81405795],[50.98372304,25.80550015],[50.98892975,25.80422413],[50.98977792,25.79952157],[50.98602545,25.79329944],[50.97933054,25.79161751],[50.98090112,25.78171456],[50.98340094,25.77776468],[50.97911096,25.77409995],[50.9765625,25.77315843],[50.9765625,25.77287936],[50.97384775,25.77161634],[50.97263706,25.77128375],[50.97018385,25.77127993],[50.96826613,25.77220404],[50.96874917,25.76853645],[50.96744263,25.76631892],[50.96250975,25.76456785],[50.95748675,25.76501453],[50.95633304,25.76183605],[50.95325995,25.76301575],[50.95151258,25.76169276],[50.95234764,25.76413012],[50.95517135,25.76327908],[50.95437014,25.76495671],[50.95544481,25.76607263],[50.95461416,25.76668966],[50.95611274,25.76707137],[50.95616937,25.77160096],[50.95514333,25.77267313],[50.960464,25.77904975],[50.95973194,25.78693855],[50.95672405,25.79057586],[50.95485365,25.79129255],[50.95546365,25.79310775],[50.95152736,25.7952944],[50.94891214,25.79859233],[50.94765031,25.80291843],[50.94722915,25.80326831],[50.94513154,25.80250311],[50.94325292,25.80321956],[50.94020402,25.80800045],[50.93863845,25.80756438],[50.93737495,25.80864596],[50.93284547,25.80921662],[50.93246627,25.80922985],[50.92959785,25.80794275],[50.92576694,25.79798675],[50.92429745,25.79683304],[50.92383826,25.79427791],[50.92157245,25.79300845],[50.92113996,25.79070795],[50.91977084,25.78925562],[50.91933382,25.78892302],[50.91332674,25.78651476],[50.91220343,25.78484046],[50.91188896,25.78469932],[50.90862811,25.78439057],[50.90816224,25.78413081],[50.90684974,25.78250611],[50.90668666,25.78213882],[50.90806055,25.78061283],[50.90659595,25.77865744],[50.90734625,25.77373862],[50.90470231,25.76760077],[50.90593648,25.76682925],[50.90512955,25.76534486],[50.90638626,25.76059306],[50.90758657,25.75681758],[50.90789485,25.75632095],[50.91035747,25.75460172],[50.91043794,25.75160706],[50.9136641,25.75024295],[50.9128561,25.74727178],[50.91313636,25.746966],[50.91822815,25.74617994],[50.91600966,25.74445105],[50.91775036,25.74256706],[50.91602087,25.74146903],[50.91586637,25.73761702],[50.90752375,25.73177254],[50.90536225,25.73237205],[50.90429223,25.7309376],[50.90196073,25.73044312],[50.90114152,25.72886312],[50.90224695,25.72337174],[50.89703512,25.72022033],[50.89661872,25.71760344],[50.89464664,25.71658444],[50.89289975,25.71256375],[50.89262056,25.70806515],[50.8940165,25.70710766],[50.89181924,25.70444274],[50.89634812,25.70300484],[50.89955175,25.69881344],[50.89710736,25.69685674],[50.8980937,25.69636178],[50.89752316,25.69365704],[50.89953935,25.68654645],[50.90251446,25.68208683],[50.90007508,25.67822683],[50.89953423,25.67610145],[50.89927888,25.67317271],[50.90026045,25.66472506],[50.90074134,25.6640625],[50.90111721,25.6640625],[50.90134084,25.66354191],[50.90070391,25.66209388],[50.90085661,25.66157508],[50.90435684,25.65439355],[50.90177524,25.65361845],[50.90170693,25.64885211],[50.90651643,25.64422262],[50.90723026,25.64217174],[50.90645862,25.64082456],[50.90665984,25.64052284],[50.90948546,25.64031255],[50.91276133,25.6348201],[50.91914678,25.62961805],[50.92587447,25.62780726],[50.92652333,25.6251471],[50.92894936,25.62214065],[50.92942071,25.62199557],[50.93361807,25.62257326],[50.93664801,25.62155521],[50.94552946,25.62734365],[50.95143712,25.62338972],[50.95965421,25.62209237],[50.96080255,25.62374735],[50.96475995,25.6235131],[50.97292364,25.62722981],[50.97482765,25.62999094],[50.97454977,25.63223195],[50.9765625,25.6328125],[50.9765625,25.63309145],[50.97713804,25.63306594],[50.977409,25.63239312],[50.9765625,25.63113844],[50.9765625,25.63030136],[50.97669828,25.6303302],[50.97864747,25.6279335],[50.97864544,25.62766492],[50.97767735,25.62536562],[50.9765625,25.62472093],[50.97391307,25.62333083],[50.97001302,25.61735904],[50.96655238,25.61577284],[50.96521831,25.61276495],[50.96841311,25.61046183],[50.96972716,25.6072824],[50.96998477,25.6012454],[50.96522665,25.59680593],[50.9534322,25.59603763],[50.95032477,25.59956574],[50.94856143,25.59922194],[50.94527614,25.60563195],[50.94205773,25.60843945],[50.94242346,25.61376214],[50.94118655,25.61248922],[50.93984306,25.61407173],[50.93886864,25.61179006],[50.94058394,25.61066306],[50.94094574,25.60893595],[50.93994963,25.60692191],[50.93581033,25.60717487],[50.93384945,25.61290455],[50.93146181,25.61198175],[50.93010914,25.61263144],[50.92803466,25.61101902],[50.93148887,25.60926151],[50.93168664,25.60533667],[50.92785561,25.60185754],[50.92385674,25.60262096],[50.91969585,25.59871388],[50.91927874,25.59654021],[50.92300332,25.59417081],[50.92180121,25.5916574],[50.92488742,25.59102571],[50.91863,25.58465767],[50.91442704,25.5843482],[50.91754115,25.58272851],[50.9137516,25.58107042],[50.91587627,25.57770395],[50.91480315,25.57462168],[50.91962755,25.56794023],[50.91284633,25.56135595],[50.91280365,25.55439091],[50.91075921,25.54999852],[50.91135705,25.54507887],[50.90706706,25.54144311],[50.90822208,25.53870595],[50.91247165,25.5359143],[50.91373277,25.53283477],[50.91200292,25.52742004],[50.90603924,25.52310455],[50.90533102,25.52116287],[50.91079927,25.51609087],[50.91091084,25.51285994],[50.90884185,25.51301062],[50.90777194,25.51162386],[50.89740253,25.51805675],[50.89713025,25.5210011],[50.89891434,25.52616417],[50.89518201,25.53017771],[50.89063466,25.53217256],[50.89021182,25.53674662],[50.88453245,25.53730106],[50.88342345,25.53847671],[50.87992024,25.53738618],[50.8776859,25.54078317],[50.87971997,25.54214931],[50.87933803,25.54410601],[50.87356615,25.54376233],[50.86992455,25.54192984],[50.86808658,25.54361975],[50.86806536,25.54857433],[50.87171042,25.56285346],[50.86934924,25.56864727],[50.86955583,25.57201934],[50.86696696,25.57112122],[50.86431944,25.57164955],[50.86006308,25.57433212],[50.86053777,25.58220017],[50.8596009,25.58384371],[50.86360538,25.58982623],[50.86799562,25.59224248],[50.87142205,25.59862506],[50.87425256,25.61229825],[50.87756085,25.61563134],[50.87928605,25.61954224],[50.87831068,25.62382984],[50.87939584,25.62502027],[50.87947655,25.63133264],[50.87407064,25.63302135],[50.87243354,25.63266432],[50.871333,25.63073015],[50.86983228,25.63109815],[50.86887097,25.63251305],[50.86674297,25.63293791],[50.86473966,25.63920295],[50.86196887,25.64068556],[50.85594237,25.6389991],[50.84917235,25.6401062],[50.84680617,25.64865351],[50.8481878,25.65277088],[50.84748018,25.65352285],[50.84642816,25.65344441],[50.84347785,25.65174043],[50.84246516,25.64855182],[50.84487581,25.64464867],[50.84237933,25.64255536],[50.84462523,25.63824165],[50.84177554,25.63479471],[50.83651102,25.63400817],[50.84130764,25.63151395],[50.84254372,25.62924457],[50.84120524,25.62892056],[50.84164071,25.62696445],[50.84692645,25.62479937],[50.84668922,25.62328231],[50.84289658,25.62537766],[50.83607197,25.62499452],[50.83672464,25.62175226],[50.84308505,25.61607575],[50.84246051,25.61503506],[50.83677793,25.6202023],[50.83491647,25.62339556],[50.82807231,25.62251794],[50.82321918,25.62338233],[50.82129407,25.61913693],[50.81851888,25.61759722],[50.81783664,25.61909318],[50.81965387,25.62176776],[50.81703961,25.62263441],[50.81526947,25.62176633],[50.81546831,25.61900115],[50.81384325,25.61749876],[50.80848324,25.61739326],[50.8052659,25.61557198],[50.80299187,25.61652744],[50.80068612,25.61589825],[50.79860055,25.60989654],[50.79294634,25.60061705],[50.79426801,25.59880614],[50.79696941,25.59813046],[50.79688251,25.59530366],[50.79867351,25.59372282],[50.80624783,25.59212005],[50.81637073,25.59926677],[50.82362056,25.59952235],[50.82783627,25.59723771],[50.82788086,25.59365523],[50.82627118,25.59243476],[50.82956064,25.58677125],[50.82903576,25.58495903],[50.83302081,25.57968593],[50.83486795,25.57518745],[50.83422446,25.57297707],[50.83554316,25.57188714],[50.83616424,25.56490874],[50.83200085,25.56115127],[50.83517516,25.55684185],[50.83513415,25.55390346],[50.82995713,25.54511404],[50.82332504,25.54251266],[50.82404637,25.53983664],[50.82003272,25.53190506],[50.81887758,25.52637661],[50.82029223,25.52474582],[50.82648742,25.52499592],[50.82838237,25.51962197],[50.83236384,25.51701903],[50.83585966,25.51258326],[50.83623946,25.51196635],[50.83628118,25.50765753],[50.83238792,25.50432825],[50.83765972,25.49981844],[50.84298575,25.49289131],[50.84320855,25.49185502],[50.84267914,25.49070156],[50.84190166,25.49027121],[50.84005773,25.49100721],[50.83974981,25.49100876],[50.83682382,25.48973715],[50.83418405,25.49043155],[50.83434737,25.48925376],[50.83278358,25.48828125],[50.83303595,25.48828125],[50.83557987,25.48537898],[50.83652306,25.48258054],[50.84232545,25.47977364],[50.84332633,25.47597396],[50.84786856,25.4745692],[50.84697306,25.4719007],[50.84902525,25.46954668],[50.84781945,25.46670091],[50.83919835,25.46246791],[50.83573401,25.46292067],[50.83353066,25.46172607],[50.82472706,25.46586621],[50.82438481,25.46627367],[50.82076705,25.48265457],[50.82263374,25.48452687],[50.82338786,25.48663104],[50.82319844,25.48828125],[50.82122314,25.49502671],[50.82092798,25.49542665],[50.81426394,25.49768162],[50.81309903,25.50137055],[50.81432104,25.50428164],[50.81168735,25.50712407],[50.80954504,25.51734507],[50.80908203,25.51811993],[50.80596447,25.51967847],[50.80272663,25.52638638],[50.79968822,25.52995205],[50.79940295,25.53008068],[50.79219794,25.52963006],[50.79048586,25.53123951],[50.78951657,25.52878416],[50.78406537,25.52776325],[50.78278136,25.52460897],[50.77828705,25.52119732],[50.77479172,25.52081096],[50.75924015,25.50433147],[50.75728917,25.50449765],[50.75680447,25.50393701],[50.756621,25.50336492],[50.75646627,25.50204301],[50.75801337,25.49946356],[50.75866795,25.50114083],[50.7593894,25.50061381],[50.76191795,25.503304],[50.76508856,25.50173545],[50.76840413,25.49598372],[50.76793015,25.49097204],[50.76939726,25.48828125],[50.76945233,25.48828125],[50.76454592,25.47952473],[50.76143694,25.46898878],[50.76163948,25.46215642],[50.75795794,25.44949555],[50.75440395,25.44175744],[50.75583768,25.43462241],[50.75000691,25.42452562],[50.75068104,25.41897571],[50.75496066,25.42002726],[50.75919747,25.41378272],[50.75893033,25.41193545],[50.75746107,25.41145492],[50.75737882,25.40841544],[50.7540189,25.4041934],[50.75371623,25.40159202],[50.75851941,25.40033925],[50.76340961,25.39460576],[50.76313615,25.3925091],[50.75891685,25.38835764],[50.75896585,25.38166726],[50.76059616,25.37773275],[50.76238584,25.36616945],[50.76116967,25.36468625],[50.76263881,25.36260462],[50.76218176,25.35553324],[50.75932765,25.35178566],[50.76038063,25.35033262],[50.76504076,25.35056508],[50.7659775,25.34069753],[50.76486647,25.33367658],[50.76689816,25.33121491],[50.76614773,25.32403517],[50.76725841,25.32210422],[50.76827466,25.3125],[50.76942694,25.30477226],[50.76929831,25.30275726],[50.76821351,25.29572475],[50.76368666,25.28894365],[50.76280832,25.27930594],[50.76392853,25.27602684],[50.76389575,25.2696408],[50.76187921,25.26493883],[50.76359403,25.26138485],[50.76269567,25.25371432],[50.76512277,25.24170172],[50.76414824,25.23949313],[50.76603651,25.23825026],[50.76757753,25.23484838],[50.76405454,25.21751714],[50.76596546,25.21415675],[50.76583612,25.20993483],[50.76769114,25.20868635],[50.76433754,25.20095158],[50.76665461,25.19509625],[50.76617014,25.18481004],[50.76773167,25.18376708],[50.77224767,25.17004073],[50.77528143,25.15496027],[50.77328467,25.14878476],[50.77497315,25.14475334],[50.77497315,25.14375973],[50.77328408,25.13873994],[50.77338266,25.13671875],[50.77361107,25.13390875],[50.77064455,25.11879885],[50.77059317,25.11097777],[50.77438211,25.1063838],[50.78457844,25.10105562],[50.79554605,25.08936965],[50.79747891,25.0852046],[50.79103768,25.08305931],[50.79064035,25.08178914],[50.79841781,25.08420861],[50.80007577,25.08064043],[50.80531895,25.07484245],[50.8057394,25.06850648],[50.81086648,25.05678678],[50.81337225,25.03808773],[50.81121802,25.03451288],[50.80244041,25.02696156],[50.79970944,25.02251995],[50.80091214,25.02098846],[50.79685354,25.01181865],[50.79654074,25.00182605],[50.79795694,24.99946821],[50.79619586,24.99479544],[50.79625154,24.99164927],[50.79708898,24.98336744],[50.80077267,24.98103225],[50.80419874,24.97386825],[50.80890071,24.96885181],[50.80922866,24.96855736],[50.81282437,24.96721876],[50.81425655,24.96300375],[50.81453812,24.96263313],[50.81709707,24.9609375],[50.81829774,24.9609375],[50.82021201,24.95981932],[50.82275295,24.95701694],[50.82297754,24.9565804],[50.82505047,24.94549716],[50.8283776,24.93788516],[50.82865036,24.93751705],[50.82981706,24.93672836],[50.83611095,24.9356302],[50.83762717,24.93417394],[50.83901107,24.92937171],[50.85056543,24.91950333],[50.84940267,24.91233814],[50.84951508,24.91195953],[50.85819495,24.90223181],[50.85852301,24.89644921],[50.85740387,24.89195895],[50.85981667,24.88912737],[50.85920966,24.88144636],[50.86190414,24.88032126],[50.86192918,24.8799777],[50.85957277,24.87781942],[50.85884225,24.86903834],[50.85680687,24.86631787],[50.86033082,24.86063766],[50.86031151,24.85766101],[50.85714448,24.84136987],[50.85428524,24.83812106],[50.85336375,24.8318969],[50.85705137,24.81987321],[50.86365807,24.81225336],[50.86557162,24.81180525],[50.86715555,24.80693293],[50.86853302,24.80581927],[50.86957753,24.80146742],[50.86835635,24.79124057],[50.86581373,24.78894198],[50.86412024,24.78554511],[50.86397648,24.78515625],[50.86359131,24.78078127],[50.86063445,24.77440536],[50.86060131,24.7707715],[50.85585654,24.76486683],[50.8553797,24.76454496],[50.82639682,24.74946606],[50.81169784,24.74445903],[50.80269587,24.74358761],[50.79882216,24.74666107],[50.79678965,24.74594367],[50.79140592,24.74675906],[50.78599894,24.73784065],[50.78382742,24.73559976],[50.77860725,24.73322821],[50.77839625,24.73297441],[50.77515936,24.72580886],[50.77393091,24.72477424],[50.7722193,24.72305191],[50.77203786,24.72014058],[50.77178764,24.71976328],[50.77044547,24.72022748],[50.7698704,24.71805036],[50.7698729,24.71750796],[50.77075613,24.71490443],[50.77436543,24.70995295],[50.77559316,24.70149624],[50.77577555,24.69735718],[50.77497804,24.69729984],[50.77254283,24.69790745],[50.77166891,24.70390022],[50.77252567,24.70795441],[50.76681375,24.72063756],[50.76860082,24.7234416],[50.76830912,24.72518122],[50.76553464,24.73061645],[50.76358807,24.74965465],[50.76086831,24.75574136],[50.75872612,24.75693321],[50.75300098,24.76341391],[50.75254226,24.76439142],[50.75081074,24.76999402],[50.74933255,24.78046465],[50.74769247,24.78340316],[50.74770927,24.78515625],[50.74761665,24.78515625],[50.74719524,24.80380285],[50.74939477,24.80895841],[50.74885344,24.81487882],[50.74792385,24.81849885],[50.74190676,24.82208204],[50.73602438,24.82871151],[50.73161423,24.83768904],[50.73191535,24.83939612],[50.72917902,24.84339881],[50.72882044,24.84447813],[50.72898078,24.84657192],[50.73153961,24.85174227],[50.72976875,24.85970688],[50.72824228,24.86121082],[50.72942901,24.86784983],[50.72888637,24.87098241],[50.7259742,24.87454641],[50.71824026,24.87774956],[50.71818852,24.88279283],[50.71327186,24.88902903],[50.71115446,24.88744414],[50.70430982,24.89111757],[50.69284606,24.88818598],[50.68736291,24.88880086],[50.68639505,24.88991702],[50.67328024,24.91085374],[50.67478406,24.92424655],[50.67481506,24.94320631],[50.66884875,24.94840217],[50.66571534,24.95474315],[50.66151345,24.95937967],[50.66095531,24.9609375],[50.66101825,24.9609375],[50.65855527,24.97167957],[50.6560322,24.97617137],[50.65480471,24.97811878],[50.65312684,24.97958672],[50.64902878,24.98178685],[50.64758956,24.98463404],[50.64711428,24.98505545],[50.63977671,24.98981583],[50.63446546,24.99511266],[50.63030732,25.00161338],[50.6296916,25.00300765],[50.625,25.01618302],[50.625,25.01674104],[50.61817026,25.02355266],[50.6113677,25.03724313],[50.61147201,25.03889215],[50.60088253,25.04585004],[50.60002375,25.05064905],[50.59431922,25.05911863],[50.58913827,25.06196892],[50.58778155,25.06319845],[50.58540988,25.06804204],[50.58234584,25.07063913],[50.58083177,25.07124281],[50.57703865,25.07096994],[50.57509232,25.06774294],[50.5745455,25.06112814],[50.57566404,25.05383384],[50.57337546,25.04891217],[50.58040106,25.03891695],[50.58254766,25.03709066],[50.58794534,25.03656995],[50.5926491,25.03205252],[50.59129095,25.03159237],[50.58811045,25.03291297],[50.58523536,25.03074455],[50.58250523,25.03159165],[50.58095825,25.03365612],[50.57839215,25.03407383],[50.57591581,25.03215337],[50.57558727,25.03226602],[50.57012534,25.03733218],[50.56538248,25.03861415],[50.56488955,25.03918648],[50.56203926,25.04356146],[50.56135142,25.04604864],[50.56135404,25.04659367],[50.56223321,25.05253971],[50.56430805,25.0578171],[50.56457174,25.06348586],[50.56482792,25.06422722],[50.56523895,25.06444526],[50.56580687,25.06322801],[50.56494093,25.05900085],[50.56573176,25.05873787],[50.56604922,25.05879235],[50.56694317,25.05921006],[50.56722498,25.06185961],[50.56974065,25.06306457],[50.56950521,25.06691766],[50.56461167,25.07182872],[50.56099916,25.07882321],[50.56004834,25.08433747],[50.56104231,25.08673966],[50.55976951,25.08886635],[50.55734408,25.11170173],[50.55043685,25.12112141],[50.55013621,25.12172234],[50.54948735,25.12657893],[50.54593074,25.13341224],[50.54565191,25.13498342],[50.54580176,25.13671267],[50.54581356,25.13671875],[50.54716778,25.13970494],[50.55390966,25.14370024],[50.55607975,25.14665616],[50.55744696,25.15032876],[50.55933821,25.15896857],[50.55967903,25.16420186],[50.55964637,25.1678009],[50.55779755,25.18004561],[50.55194354,25.19888985],[50.5458343,25.20484304],[50.53285098,25.21403921],[50.52492237,25.22614861],[50.52139831,25.2341665],[50.51996434,25.24958193],[50.53219211,25.26991665],[50.53324795,25.27329755],[50.53170764,25.27617002],[50.53309953,25.28067553],[50.53013205,25.28550887],[50.52896905,25.29063761],[50.53099144,25.29478264],[50.53099144,25.29830432],[50.52756083,25.30677998],[50.52671027,25.3125],[50.52622914,25.3125],[50.52190793,25.32938063],[50.51532936,25.33541095],[50.50928795,25.34444582],[50.50941086,25.35503721],[50.50485766,25.3692106],[50.5046972,25.36955655],[50.50234222,25.37405956],[50.4964354,25.37782705],[50.49285126,25.38190353],[50.49234462,25.39237344],[50.49489725,25.39628315],[50.49497116,25.39713395],[50.49469554,25.39868963],[50.49224401,25.40544856],[50.48737085,25.40917325],[50.48636818,25.41313875],[50.48619068,25.41342175],[50.48370147,25.41573715],[50.47886765,25.41793764],[50.46783125,25.42604137],[50.46668673,25.42737198],[50.46815586,25.42766404],[50.46789086,25.42837846],[50.46387065,25.42981923],[50.46338177,25.43159938],[50.44992805,25.44307172],[50.4400475,25.44255185],[50.43147624,25.44370174],[50.4309926,25.44383657],[50.42540491,25.44733763],[50.42324901,25.44904685],[50.41794944,25.45433462],[50.40911233,25.4661926],[50.40725756,25.46786141],[50.39877558,25.47091687],[50.39372313,25.48036945],[50.38855553,25.4816097],[50.38788664,25.48211181],[50.38586712,25.48597586],[50.38640654,25.48828125],[50.38629615,25.48828125],[50.38629615,25.48869967],[50.38827765,25.4906944],[50.38982952,25.49154258],[50.39126515,25.49176586],[50.39261818,25.49174118],[50.39336813,25.49123275],[50.39380276,25.48922575],[50.39497507,25.48941457],[50.39610946,25.49232602],[50.3960731,25.49537802],[50.39584076,25.49623537],[50.39372885,25.49997401],[50.39082754,25.50174355],[50.38935554,25.50572073],[50.38180494,25.51365352],[50.38115275,25.51363981],[50.37995255,25.51244175],[50.38249743,25.50959885],[50.38262033,25.50712824],[50.37710655,25.5036422],[50.36383045,25.50438285],[50.36098301,25.50312257],[50.36099112,25.50269902],[50.36385786,25.49319124],[50.36810303,25.49206924],[50.3725841,25.48881066],[50.37269115,25.48828125],[50.37282562,25.48828125],[50.37869024,25.48088717],[50.37858248,25.47843683],[50.38146031,25.47583866],[50.38230324,25.46328342],[50.37909007,25.45833755],[50.37908876,25.45575261],[50.38073945,25.45075476],[50.38266528,25.44735181],[50.38293493,25.44705355],[50.38958621,25.44436264],[50.39254415,25.44182396],[50.39251971,25.44408691],[50.38905835,25.44903731],[50.38652575,25.45114458],[50.38466036,25.45073354],[50.38379765,25.45341766],[50.38729894,25.45703793],[50.38813055,25.45740128],[50.38916552,25.4575175],[50.39188707,25.45680678],[50.39430857,25.45571518],[50.39514518,25.45490015],[50.39542794,25.45430458],[50.39744425,25.44662774],[50.40059185,25.44030726],[50.40082157,25.43611991],[50.40643656,25.42452574],[50.40469825,25.4162724],[50.40814316,25.40974092],[50.40824747,25.40941834],[50.40761912,25.40867913],[50.40707493,25.40855801],[50.40004754,25.41097856],[50.39889383,25.4131906],[50.39932942,25.41783023],[50.39895773,25.41842413],[50.39379835,25.42023695],[50.39340425,25.42094922],[50.39241612,25.42688632],[50.38868725,25.43163264],[50.38771737,25.43386304],[50.38707936,25.43636143],[50.38714504,25.43681264],[50.38802362,25.43682218],[50.38968384,25.43533373],[50.39063287,25.43681097],[50.38855445,25.44367945],[50.38091803,25.44702697],[50.37101078,25.44828331],[50.36514175,25.45510626],[50.36198986,25.46637845],[50.34709954,25.47469723],[50.34583235,25.48117435],[50.34212351,25.48767626],[50.34134245,25.48828125],[50.33917141,25.48887086],[50.33875036,25.48917866],[50.33687532,25.49206865],[50.33644044,25.49287295],[50.33277261,25.50260162],[50.32718694,25.50452006],[50.31908214,25.51187217],[50.31626415,25.51230645],[50.31200087,25.51513946],[50.31055784,25.52424562],[50.31000233,25.52580845],[50.30843425,25.52915025],[50.30736816,25.53059816],[50.30341935,25.53292275],[50.30301416,25.53351557],[50.30314267,25.53556633],[50.30617523,25.53847694],[50.30877995,25.53953946],[50.31778121,25.53937232],[50.31940222,25.54046476],[50.31213784,25.54038584],[50.31035435,25.54145706],[50.30947137,25.54393804],[50.30023062,25.54779017],[50.2965157,25.54722524],[50.28938723,25.54834127],[50.28136754,25.55322421],[50.2734375,25.55552447],[50.27316976,25.55569816],[50.26727545,25.56560397],[50.26006734,25.57323813],[50.25694883,25.58322454],[50.25652921,25.58969915],[50.25437951,25.59108961],[50.25368524,25.59398663],[50.24972725,25.59310627],[50.24863875,25.59460926],[50.2448678,25.59581482],[50.23195362,25.60358608],[50.22377217,25.61672211],[50.21674836,25.62451816],[50.21645617,25.62656784],[50.21792853,25.62913096],[50.21410286,25.63207126],[50.21104884,25.63743246],[50.21107435,25.63941765],[50.21348405,25.64276028],[50.21698534,25.64317811],[50.21636963,25.64642406],[50.22041941,25.65053856],[50.21750033,25.65481508],[50.21770132,25.65723813],[50.21531916,25.66211522],[50.21252465,25.6640625],[50.21247113,25.6640625],[50.21103632,25.66529691],[50.20972121,25.66822326],[50.2090317,25.67585075],[50.21012807,25.67904794],[50.21042526,25.67934275],[50.21309638,25.67715764],[50.21325183,25.67757726],[50.21313405,25.67804015],[50.21166563,25.68019307],[50.20231402,25.68816471],[50.2020843,25.68798566],[50.19672513,25.67901897],[50.19784784,25.67177975],[50.19553852,25.66571665],[50.196069,25.6640625],[50.19582784,25.6640625],[50.19567776,25.66232824],[50.18862331,25.66049981],[50.18686104,25.6640625],[50.18678474,25.6640625],[50.18564391,25.66649735],[50.18578911,25.66740978],[50.18648255,25.66864204],[50.18920112,25.67057395],[50.18745017,25.67443585],[50.18626487,25.67534804],[50.18199027,25.67354858],[50.17669582,25.67910147],[50.17140627,25.68138516],[50.16819596,25.68505275],[50.16625285,25.68532991],[50.16179633,25.68874753],[50.16037166,25.69184661],[50.15618646,25.69450676],[50.14948416,25.70953405],[50.14596701,25.71212733],[50.14336288,25.71938515],[50.14327061,25.72593355],[50.1383363,25.72805917],[50.13470066,25.73117411],[50.13542533,25.74026835],[50.13611281,25.74081826],[50.13804603,25.74048114],[50.14270866,25.73515725],[50.14572525,25.72919047],[50.14599264,25.72576058],[50.14918125,25.72579527],[50.16002572,25.73099744],[50.16447806,25.73018754],[50.17262888,25.71914637],[50.17561185,25.71202874],[50.17590106,25.70716703],[50.18671584,25.70587325],[50.18887484,25.70379162],[50.19416833,25.70183241],[50.19596601,25.69874644],[50.19494605,25.69147933],[50.2005347,25.69189668],[50.20856047,25.69079733],[50.21132183,25.68817341],[50.21971512,25.67402256],[50.22102332,25.67429686],[50.2200011,25.6781522],[50.22185898,25.68067515],[50.22721446,25.68328476],[50.23054051,25.68396211],[50.23122513,25.68407905],[50.23468184,25.683483],[50.23496437,25.68321204],[50.24303687,25.67038035],[50.24318302,25.67003536],[50.24426711,25.66578031],[50.24375415,25.6640625],[50.24335825,25.66278994],[50.24352884,25.66247964],[50.24749756,25.65890062],[50.24600685,25.65066958],[50.24594963,25.64727545],[50.24685812,25.64466941],[50.24786651,25.64403331],[50.24805856,25.64426315],[50.24770045,25.64588654],[50.25044155,25.65263486],[50.25549138,25.65231347],[50.25598145,25.65212965],[50.25809395,25.65062988],[50.25914145,25.64884567],[50.25767636,25.64717913],[50.25767493,25.64688921],[50.25899756,25.64549601],[50.25739014,25.64478302],[50.25619841,25.63731778],[50.25776482,25.62222815],[50.25788248,25.62141085],[50.2593044,25.616189],[50.25918448,25.62423325],[50.25941086,25.62476885],[50.26112115,25.62624514],[50.26320064,25.62432492],[50.26408184,25.62200308],[50.26331365,25.61919916],[50.26462066,25.61051917],[50.26821125,25.62398303],[50.27006876,25.62590551],[50.26899421,25.6287806],[50.26336646,25.63266563],[50.26237583,25.63554716],[50.26295733,25.64402354],[50.26590395,25.65514815],[50.26416135,25.6640625],[50.26415324,25.6640625],[50.26325834,25.66950357],[50.26457453,25.67150283],[50.26505756,25.67144191],[50.26711845,25.66658533],[50.26741231,25.66693485],[50.26693034,25.67003703],[50.26588202,25.67148328],[50.26503432,25.67224932],[50.26058066,25.67376673],[50.25552738,25.67755592],[50.25406492,25.67705846],[50.24943984,25.67935336],[50.24406922,25.68265653],[50.24074745,25.68594134],[50.23573697,25.69282424],[50.23530567,25.6934936],[50.23344004,25.70090926],[50.23049617,25.70667314],[50.22983444,25.70861864],[50.22910714,25.72223294],[50.22879922,25.72331691],[50.22351146,25.7331264],[50.22387791,25.73532665],[50.21890426,25.74179876],[50.21479225,25.74578524],[50.21297574,25.74658501],[50.20440245,25.74811161],[50.19220924,25.75293207],[50.18380547,25.76211464],[50.16911197,25.78641021],[50.16331136,25.7919085],[50.16159141,25.79841912],[50.15503991,25.80545485],[50.14844096,25.81655037],[50.14076924,25.82168806],[50.13922691,25.82615185],[50.13538396,25.83070004],[50.13626885,25.8347584],[50.13482904,25.83591414],[50.13510263,25.83984375],[50.1342386,25.83984375],[50.13273478,25.84151745],[50.12971735,25.84730852],[50.12967885,25.85125721],[50.12924564,25.85253847],[50.12829697,25.85419631],[50.12757373,25.85369945],[50.12594795,25.85516405],[50.11945725,25.86403072],[50.11759722,25.86761391],[50.11742341,25.87465394],[50.11171496,25.87902451],[50.10842526,25.88327551],[50.11034727,25.8839401],[50.10800707,25.8908025],[50.11025596,25.89185226],[50.11066997,25.89330363],[50.11053216,25.89358366],[50.10618615,25.89406395],[50.10239792,25.89963973],[50.10630941,25.90147495],[50.10345435,25.90185285],[50.10274124,25.90260005],[50.10265207,25.9031769],[50.10371161,25.90471435],[50.10309374,25.91070187],[50.10455131,25.91394091],[50.11297381,25.92626214],[50.11335313,25.92653215],[50.12261283,25.92996645],[50.12820756,25.93001175],[50.13017654,25.92798507],[50.13330448,25.93027043],[50.12009943,25.93887508],[50.11851835,25.94015038],[50.11651623,25.94338036],[50.11517274,25.94625843],[50.11447382,25.94874024],[50.11696696,25.95944631],[50.11960256,25.96434665],[50.11943865,25.96613121],[50.11871946,25.96828425],[50.11548436,25.97315395],[50.10791945,25.98114324],[50.10627961,25.98453665],[50.10394323,25.98716843],[50.10266316,25.98766911],[50.0993793,25.98646212],[50.07996964,25.98524332],[50.07487535,25.98567855],[50.07245982,25.98741472],[50.0655961,25.98892117],[50.06491935,25.98924935],[50.06156647,25.99396384],[50.06080377,26.00107622],[50.05439961,26.00331807],[50.05032277,26.00339186],[50.04566157,26.00598347],[50.04156935,26.00855804],[50.03941512,26.0107342],[50.03664804,26.0151757],[50.03658235,26.015625],[50.03647435,26.015625],[50.03335178,26.02260923],[50.03461087,26.015625],[50.03503215,26.015625],[50.03808391,26.01032507],[50.03823257,26.00779128],[50.03801096,26.00722384],[50.03671265,26.00479341],[50.02920258,26.00010002],[50.02757871,25.99685502],[50.02370906,25.99515331],[50.01942122,25.98552835],[50.01785552,25.98393333],[50.01547313,25.98255014],[50.01227856,25.98177505],[50.00668406,25.9820677],[50.00313807,25.98400712],[50.00167537,25.98604405],[49.99990022,25.99089706],[49.99767578,25.99988306],[49.99871361,26.00321376],[49.99666512,26.00737691],[49.99744988,26.01125336],[50.00120175,26.01520586],[50.00124013,26.015625],[50.00047183,26.01728392],[50.00202036,26.01971054],[50.00201726,26.02241671],[50.00043273,26.02445817],[50.00086212,26.03490853],[49.99897075,26.04359186],[50.00067806,26.05283165],[49.99865365,26.05650961],[49.9998275,26.0604074],[49.99955285,26.0684334],[50.00192118,26.07379115],[50.00139666,26.07711804],[50.00335777,26.08050311],[50.00709665,26.08161104],[50.00945747,26.08073092],[50.00960863,26.07873845],[50.01300263,26.07847333],[50.01461816,26.08044207],[50.01291084,26.08109784],[50.01435804,26.08497405],[50.01142585,26.08981705],[50.0071336,26.09343481],[50.00467408,26.09480727],[49.99966395,26.09483647],[49.99059224,26.10296833],[49.98836923,26.11019027],[49.98805964,26.11586845],[49.99243772,26.12544405],[50.00628614,26.14557982],[50.00831246,26.16040528],[50.01034307,26.16646624],[50.02245712,26.18093503],[50.02156723,26.19140625],[50.02165532,26.19140625],[50.02560401,26.19319057],[50.02729785,26.19596541],[50.03031731,26.19780302],[50.03002656,26.19904387],[50.03191471,26.20057666],[50.03362274,26.20145094],[50.03672993,26.20150065],[50.03847528,26.20055556],[50.03929877,26.19950926],[50.03820491,26.19713032],[50.03884494,26.19589651],[50.04544497,26.19377136],[50.04849172,26.19221365],[50.04900944,26.19140625],[50.04951823,26.19140625],[50.05369782,26.18692374],[50.05740774,26.18695438],[50.05931497,26.18520725],[50.06317723,26.17736304],[50.06262124,26.17337167],[50.06501424,26.17131758],[50.06601095,26.16476011],[50.06853724,26.16087794],[50.06946886,26.15649021],[50.07628953,26.14128697],[50.07710123,26.13703883],[50.07618666,26.13410938],[50.07735717,26.13346756],[50.07661748,26.13182545],[50.07974982,26.12532902],[50.07919467,26.12445867],[50.08309674,26.12524283],[50.08852231,26.12243438],[50.09074461,26.12327301],[50.09196854,26.12316036],[50.09294426,26.12257504],[50.0925467,26.12179017],[50.09443903,26.12093842],[50.09473276,26.12056613],[50.09608674,26.11713254],[50.10166061,26.11177182],[50.10265744,26.1086899],[50.10445714,26.10777688],[50.10529983,26.10353851],[50.10764325,26.10229194],[50.1075654,26.09862936],[50.10983872,26.09765017],[50.11365032,26.09258056],[50.11387813,26.09222472],[50.11695004,26.08224845],[50.12098551,26.07819521],[50.12103844,26.07603157],[50.11931252,26.07565176],[50.12023544,26.0734272],[50.11794102,26.07071424],[50.11641514,26.07098198],[50.11920571,26.06523752],[50.11942375,26.05691493],[50.12541115,26.05429983],[50.12578714,26.05395496],[50.13081098,26.04730415],[50.13271737,26.04366624],[50.13453233,26.03320265],[50.13314283,26.03056145],[50.13359368,26.03017414],[50.13756752,26.03027523],[50.14402103,26.03186381],[50.14658165,26.03286314],[50.15479672,26.03816593],[50.15517902,26.03860784],[50.15660954,26.04122937],[50.15682137,26.04198277],[50.15421426,26.04845357],[50.1542083,26.048967],[50.15660357,26.05072486],[50.1555984,26.05449295],[50.15357697,26.05629492],[50.15520644,26.05710697],[50.15251803,26.05678678],[50.14984715,26.06842077],[50.15472233,26.06881762],[50.15166974,26.07128251],[50.15112925,26.07509542],[50.15314758,26.07543361],[50.15206075,26.07637036],[50.15234888,26.08049655],[50.15390468,26.08342433],[50.15716064,26.08527744],[50.15826166,26.08899224],[50.16259754,26.09278321],[50.16252995,26.09582412],[50.15982962,26.10038722],[50.16087663,26.10109878],[50.16043711,26.10870302],[50.1615442,26.11564863],[50.16451025,26.11892045],[50.16298234,26.11961186],[50.16488481,26.12642717],[50.16755807,26.13127196],[50.17004836,26.13039136],[50.17043138,26.13147438],[50.16976965,26.13284385],[50.16791523,26.13270545],[50.16824591,26.13496184],[50.16988695,26.13532221],[50.17302001,26.13359904],[50.17313576,26.12947154],[50.17161036,26.12825203],[50.16626,26.12749016],[50.16551375,26.12619173],[50.17260051,26.12781918],[50.17522383,26.13114083],[50.17456973,26.13325024],[50.16891015,26.13636506],[50.17139566,26.14123356],[50.17326283,26.14083946],[50.17396426,26.14180327],[50.17340982,26.1437366],[50.1672554,26.14454257],[50.16438627,26.14737511],[50.16601205,26.16814613],[50.16773355,26.17424011],[50.16974175,26.17535591],[50.16926372,26.18067741],[50.16562963,26.18067741],[50.16535985,26.18261707],[50.16629171,26.19140625],[50.16619694,26.19140625],[50.16794407,26.20316744],[50.17552221,26.19140625],[50.17591918,26.19140625],[50.17930532,26.18522644],[50.17949653,26.1831665],[50.17892265,26.18230808],[50.17567122,26.18093491],[50.16993308,26.18059146],[50.17012441,26.17535591],[50.17280221,26.17484093],[50.17634058,26.17630005],[50.18370438,26.17432594],[50.19030321,26.16720188],[50.19291532,26.16057456],[50.19292045,26.16029537],[50.19155455,26.15768385],[50.18310142,26.15300083],[50.18468845,26.15087676],[50.18508172,26.15081656],[50.1869663,26.15094817],[50.19134283,26.15357745],[50.19328725,26.15649641],[50.19541764,26.15557063],[50.19696975,26.16169655],[50.20088255,26.16162038],[50.20151508,26.16642725],[50.21348393,26.17969573],[50.21680462,26.18208551],[50.21976364,26.18143642],[50.21946776,26.18273461],[50.21387827,26.18462276],[50.22015822,26.18370831],[50.22081566,26.18459344],[50.22074985,26.18518353],[50.21506202,26.18624556],[50.22005951,26.18683565],[50.22071695,26.18813396],[50.21437144,26.18801594],[50.21391118,26.18898952],[50.21414137,26.18925512],[50.21963215,26.18937314],[50.22094715,26.19058275],[50.22094715,26.19140625],[50.22107875,26.19173336],[50.21757984,26.19190431],[50.21746206,26.19244146],[50.21802115,26.19312012],[50.22100151,26.19363785],[50.22040761,26.21955872],[50.22069454,26.21970892],[50.22153175,26.21968734],[50.22159064,26.2200036],[50.22071433,26.22109008],[50.21594512,26.22129667],[50.22045124,26.22203434],[50.22084594,26.22330296],[50.21443212,26.22283101],[50.21443212,26.22374547],[50.22071433,26.2245717],[50.22087872,26.22507334],[50.22028673,26.22572243],[50.21508992,26.22522068],[50.21525443,26.22613537],[50.22051692,26.22654855],[50.22081304,26.22684348],[50.22028673,26.22787607],[50.21466231,26.22755158],[50.21466231,26.22828925],[50.22041833,26.22873175],[50.22005653,26.23002994],[50.21525443,26.22973502],[50.21522152,26.23053145],[50.21999073,26.23082662],[50.22051692,26.23185933],[50.21462941,26.23233128],[50.22038496,26.23357046],[50.22008896,26.23460305],[50.21660245,26.23439658],[50.21712875,26.23537016],[50.22018754,26.23548818],[50.22012174,26.23634386],[50.21749055,26.23628485],[50.21719456,26.23784864],[50.22334504,26.23835015],[50.22031915,26.23885167],[50.22141683,26.25567973],[50.22019041,26.25718391],[50.21904516,26.26955914],[50.22271967,26.27955425],[50.22396433,26.28676414],[50.22319853,26.28925324],[50.22645354,26.29345894],[50.22530246,26.29852295],[50.22922826,26.30075455],[50.22769618,26.30719185],[50.23028147,26.31792057],[50.22864342,26.32874095],[50.22438812,26.34100366],[50.23110211,26.34295201],[50.23237312,26.34500504],[50.22377241,26.35151243],[50.22057795,26.36582518],[50.22635436,26.36744487],[50.23842514,26.37070656],[50.23382676,26.37825966],[50.21559584,26.37278032],[50.21368384,26.37571895],[50.21362245,26.37848306],[50.22018576,26.38106203],[50.21856284,26.38521135],[50.21708846,26.38697362],[50.21136641,26.38514793],[50.20758045,26.38731384],[50.20519924,26.38694465],[50.20181894,26.39305925],[50.20160055,26.39384115],[50.20265794,26.39592636],[50.2108258,26.40006065],[50.20699275,26.40615463],[50.22040784,26.41302097],[50.21571255,26.42023075],[50.19511092,26.40993106],[50.18332458,26.41808498],[50.17528164,26.42137146],[50.17009556,26.42616045],[50.16998565,26.42644644],[50.17055953,26.42906356],[50.17310607,26.43042541],[50.18166602,26.42724895],[50.18318617,26.42749441],[50.18267834,26.43190241],[50.18478167,26.42938936],[50.18801224,26.42937267],[50.18761253,26.43075693],[50.18318045,26.43345785],[50.18822432,26.43253446],[50.18831885,26.43713951],[50.18946934,26.43919945],[50.19233644,26.43925476],[50.19333541,26.44292712],[50.19597626,26.44289005],[50.19674325,26.4449501],[50.19377136,26.44752502],[50.19353414,26.45225894],[50.18602955,26.45761454],[50.18881571,26.46064985],[50.19078875,26.45879447],[50.19319904,26.46021545],[50.19599652,26.46432698],[50.19703996,26.46843863],[50.20114863,26.46683693],[50.20171607,26.4647485],[50.20290315,26.46469092],[50.20662916,26.470191],[50.20648491,26.47253335],[50.20820212,26.47402167],[50.21306765,26.47213185],[50.21407771,26.47269237],[50.22046232,26.50186813],[50.21943355,26.50151193],[50.21935332,26.49892926],[50.21740353,26.50106132],[50.21404445,26.49772131],[50.21401274,26.48796141],[50.2158643,26.4893198],[50.21694052,26.48861361],[50.21392846,26.47586465],[50.21231091,26.47337973],[50.21044922,26.47435951],[50.20748901,26.48024595],[50.20406496,26.48088253],[50.20225382,26.47851324],[50.20071244,26.48169553],[50.1975404,26.48058605],[50.19755936,26.48217666],[50.20121884,26.48260021],[50.19919503,26.48362935],[50.19913495,26.48537636],[50.20229924,26.48460376],[50.20262611,26.4829241],[50.20862818,26.4831773],[50.21267176,26.50289166],[50.20745552,26.50248468],[50.20308435,26.48656416],[50.20125425,26.48924935],[50.20573652,26.50983286],[50.19916415,26.51488805],[50.19813037,26.51445282],[50.19749904,26.50734341],[50.19593775,26.50727975],[50.19653153,26.50263762],[50.19385684,26.49083924],[50.19323325,26.4896059],[50.18906951,26.49071515],[50.19051313,26.49480581],[50.18910778,26.4974339],[50.19071031,26.49871635],[50.19211984,26.50506485],[50.18753707,26.50545585],[50.19095194,26.52243912],[50.19230306,26.5247159],[50.1980679,26.52435136],[50.19095135,26.52506566],[50.18151057,26.48389161],[50.18224466,26.48266268],[50.18073165,26.48123562],[50.18022311,26.47793436],[50.18771935,26.47346413],[50.18795001,26.47179937],[50.19071662,26.4700098],[50.18098664,26.45775115],[50.16653144,26.42708957],[50.15545905,26.42697084],[50.15757668,26.42375994],[50.15719116,26.42354095],[50.15306377,26.42369091],[50.15222883,26.42387187],[50.13958275,26.42875504],[50.14107132,26.42967594],[50.13480318,26.43232596],[50.13365495,26.43420053],[50.13339031,26.43512595],[50.13190866,26.44322157],[50.13337237,26.47013545],[50.13483608,26.49704933],[50.12181735,26.49976492],[50.12046862,26.49251294],[50.11551428,26.48989844],[50.11837328,26.48941565],[50.11675513,26.48801565],[50.1176182,26.48618102],[50.11481321,26.48651886],[50.11664724,26.48473263],[50.11764443,26.48089588],[50.11541641,26.47023666],[50.11265445,26.4693644],[50.11044383,26.47079885],[50.10943961,26.47034132],[50.11261725,26.46727467],[50.1130805,26.4630686],[50.11108315,26.45935667],[50.11074758,26.45906925],[50.10889125,26.45791614],[50.10425496,26.45710671],[50.09941483,26.45888734],[50.09811616,26.46081805],[50.09736145,26.46508777],[50.09726763,26.47240508],[50.09849584,26.47977126],[50.09753728,26.48288417],[50.09792864,26.48429811],[50.09938502,26.4857465],[50.10040975,26.48618102],[50.10256732,26.48656726],[50.10370004,26.48642242],[50.10531807,26.48560154],[50.10440123,26.48328423],[50.10472465,26.48280144],[50.10666645,26.48256004],[50.10699022,26.48453951],[50.10639691,26.48555326],[50.10526407,26.48647058],[50.10375392,26.48700166],[50.10181212,26.48709834],[50.10019398,26.48671198],[50.09734094,26.48495102],[50.09541881,26.47849345],[50.09296358,26.47956896],[50.09018266,26.47876465],[50.08770204,26.48174465],[50.08542657,26.47979856],[50.08385241,26.46894515],[50.07565451,26.46802783],[50.07397413,26.46631634],[50.07320106,26.46653724],[50.06975794,26.47029746],[50.07099652,26.47272718],[50.06743968,26.47534966],[50.06116736,26.48817646],[50.05436277,26.49049354],[50.05008864,26.49801016],[50.04394281,26.49750912],[50.04206037,26.49876225],[50.04168797,26.49959338],[50.04085851,26.50232446],[50.04406691,26.50403845],[50.04308212,26.50466073],[50.04385936,26.50686443],[50.04157805,26.50943422],[50.03769422,26.510975],[50.03717577,26.51272964],[50.03983021,26.51436114],[50.0399394,26.51641488],[50.04133475,26.51686776],[50.03960156,26.51765943],[50.04055226,26.51799142],[50.04056811,26.52104545],[50.03861105,26.52198887],[50.03811705,26.52200305],[50.03503704,26.52099121],[50.03469455,26.52103508],[50.03419888,26.52159595],[50.03402257,26.52196825],[50.03294504,26.52815175],[50.03171921,26.52895045],[50.03545105,26.52902985],[50.03580356,26.52996385],[50.03300846,26.53227794],[50.03378224,26.53428924],[50.03152585,26.53533268],[50.02871764,26.53932452],[50.02805996,26.54296875],[50.02762437,26.54296875],[50.02187395,26.55563951],[50.02321744,26.56352508],[50.02137876,26.57326031],[50.01910317,26.57358885],[50.01707685,26.57795775],[50.01793861,26.57930684],[50.01742041,26.58327687],[50.02103138,26.58455372],[50.02212322,26.58815861],[50.02136457,26.59566867],[50.01262867,26.62533402],[50.01487517,26.63903487],[50.01687455,26.64095962],[50.01459265,26.64336741],[50.01518404,26.64741385],[50.01624286,26.64725745],[50.01698494,26.64946616],[50.01667011,26.65722203],[50.01604211,26.65830481],[50.01248181,26.65792346],[50.01133096,26.65921354],[50.00799334,26.65861571],[50.00820005,26.66050756],[50.00489354,26.66045606],[50.00492752,26.66154122],[50.00266814,26.66261041],[50.00038791,26.66237354],[50.00050151,26.66103303],[49.99905205,26.65990293],[49.99749577,26.65979505],[49.99718034,26.6598798],[49.99261224,26.66277993],[49.99213314,26.66361487],[49.98987913,26.66866624],[49.98800743,26.69182467],[49.98863125,26.70521748],[49.98776257,26.71051562],[49.98890352,26.71312511],[49.98831928,26.71875],[49.98787284,26.71937692],[49.98785436,26.7200489],[49.99136174,26.7266649],[49.99714673,26.7307198],[49.99865913,26.73627532],[50.00104976,26.73698044],[50.00156236,26.74511707],[50.00218391,26.74559402],[50.00276375,26.74549782],[50.0033009,26.74460244],[50.00069571,26.73489416],[50.00069916,26.73438895],[50.00147724,26.73291934],[50.00237787,26.73335433],[50.00518346,26.73958886],[50.00526786,26.73915148],[50.00555754,26.73432601],[50.00229526,26.72828221],[50.00324464,26.72272062],[50.00355005,26.72227943],[50.00770974,26.72346211],[50.00816071,26.72008777],[50.00687504,26.71875],[50.00901914,26.71850586],[50.00921965,26.71875],[50.00902724,26.71889257],[50.01226366,26.71991003],[50.01600802,26.71919274],[50.01593745,26.71875],[50.01608252,26.71875],[50.01535296,26.71826577],[50.01683795,26.71753836],[50.01694226,26.71722341],[50.01955032,26.70548105],[50.01976216,26.70495975],[50.02321327,26.69982564],[50.02347481,26.69711316],[50.02491903,26.69455123],[50.02774405,26.69356906],[50.02792013,26.68876314],[50.03576803,26.67480636],[50.03924227,26.67179525],[50.044734,26.67038834],[50.04441845,26.66852272],[50.04502404,26.66866934],[50.04879022,26.67452025],[50.05018651,26.67902482],[50.05651224,26.68314624],[50.05811811,26.68254793],[50.06045926,26.68372023],[50.06794918,26.68943465],[50.06987166,26.68752503],[50.08152056,26.68570042],[50.09132695,26.68635428],[50.10182667,26.68445373],[50.1032325,26.68344545],[50.10573864,26.67463315],[50.10876155,26.67816222],[50.1120038,26.67832005],[50.11545324,26.68010926],[50.11647892,26.68308902],[50.11960495,26.68342662],[50.12033117,26.6832726],[50.12323582,26.68219864],[50.12575912,26.68012512],[50.12607265,26.67970705],[50.13434136,26.66726923],[50.14553535,26.65474474],[50.14614451,26.65378356],[50.14777017,26.64796555],[50.15127933,26.64399207],[50.15191531,26.64008701],[50.15254545,26.63889265],[50.15517724,26.6366595],[50.15401912,26.63335323],[50.15940845,26.62966347],[50.16171384,26.62922633],[50.16171253,26.62646484],[50.16295695,26.62625515],[50.16417515,26.62673485],[50.16434372,26.62683415],[50.16367006,26.63469815],[50.1638931,26.63499534],[50.16968513,26.63640475],[50.17100644,26.63513935],[50.17114472,26.6354984],[50.17099404,26.63613677],[50.16939175,26.63959241],[50.16911221,26.63703024],[50.16576386,26.63612676],[50.16363585,26.63722336],[50.162467,26.63916075],[50.16296935,26.64101422],[50.15919328,26.64582026],[50.16696596,26.64782202],[50.1681931,26.64674354],[50.16832602,26.65328217],[50.16774511,26.6538887],[50.16707373,26.65412915],[50.16683805,26.64905226],[50.15888965,26.64701295],[50.14981663,26.65375233],[50.14401841,26.65867877],[50.13683498,26.66643357],[50.12376738,26.68497348],[50.11848247,26.68989277],[50.11044586,26.69338918],[50.10521555,26.69858325],[50.10488164,26.70180571],[50.10710335,26.70657325],[50.10418653,26.70823264],[50.10047495,26.70834041],[50.09136415,26.71200156],[50.08790874,26.71225584],[50.08096707,26.71875],[50.08062506,26.71875],[50.07822371,26.72054422],[50.07409537,26.72502947],[50.07208824,26.72921705],[50.07220376,26.73191464],[50.06877983,26.73542261],[50.06806111,26.73823273],[50.06190217,26.74311435],[50.06207466,26.74459994],[50.05825734,26.74654722],[50.05794156,26.74859297],[50.05084074,26.75198126],[50.04566777,26.75637305],[50.04001856,26.76534927],[50.04053736,26.76692271],[50.03808355,26.77104986],[50.03628266,26.77196276],[50.03218055,26.77769303],[50.02208257,26.78519726],[50.01616645,26.79310822],[50.01599693,26.79355848],[50.02896839,26.83012432],[50.04193985,26.86669016],[50.04351687,26.8695631],[50.04743946,26.87076426],[50.05054331,26.86758804],[50.05022204,26.87006426],[50.04815125,26.87259471],[50.04239023,26.87015045],[50.02879214,26.83249408],[50.01519406,26.79483771],[50.00815797,26.80320573],[50.00433588,26.81061661],[50.00041163,26.81406832],[49.99887455,26.81397212],[49.99715233,26.8209573],[49.99080348,26.82302356],[49.98325884,26.82745242],[49.97867095,26.83200157],[49.97423565,26.83319545],[49.96262646,26.84023547],[49.95562506,26.84695876],[49.95520687,26.85202014],[49.938802,26.85455954],[49.921875,26.85491073],[49.90040612,26.85580802],[49.89346528,26.85738993],[49.8920964,26.85607254],[49.88844621,26.85605633],[49.87550378,26.85806644],[49.86890256,26.86016047],[49.86729336,26.86112273],[49.86597311,26.86230457],[49.86553144,26.86314094],[49.86489606,26.86627185],[49.85707831,26.86828816],[49.84597051,26.87455046],[49.8563838,26.89219284],[49.8578732,26.89368582],[49.86015475,26.89345551],[49.85968745,26.89453125],[49.85900664,26.89453125],[49.85867655,26.89520371],[49.85880935,26.89546514],[49.86068678,26.89484966],[49.86109006,26.89544415],[49.85973835,26.89683378],[49.86189282,26.89683521],[49.86070955,26.89826095],[49.86233866,26.89851475],[49.86100483,26.89966047],[49.86390364,26.89894414],[49.86383665,26.90006268],[49.86133528,26.90105796],[49.86082828,26.90114915],[49.85922635,26.90033448],[49.85650444,26.89453125],[49.85656238,26.89453125],[49.85600615,26.89325774],[49.85300374,26.89059424],[49.85324013,26.88873386],[49.84578598,26.87606883],[49.83664477,26.87717521],[49.83604884,26.87737787],[49.82702053,26.88203526],[49.81609344,26.88479495],[49.81318915,26.88609755],[49.81201494,26.88679576],[49.80502796,26.89265883],[49.79843736,26.89453125],[49.79770195,26.89453125],[49.79401493,26.89556551],[49.79017365,26.89539325],[49.78926587,26.89703977],[49.78929591,26.89751387],[49.79438341,26.89992964],[49.80080163,26.89879167],[49.80155504,26.89951801],[49.79516351,26.9005959],[49.78895366,26.89839995],[49.78176963,26.90217161],[49.78755724,26.89833188],[49.78922403,26.89520657],[49.78709114,26.89544213],[49.78653955,26.89818084],[49.78179443,26.89914167],[49.76873875,26.90697634],[49.77363265,26.91638148],[49.77837706,26.91892755],[49.77242148,26.91647315],[49.76704013,26.90758657],[49.76453245,26.90924001],[49.76496732,26.91153467],[49.75243807,26.91893232],[49.74622858,26.92501533],[49.74404955,26.92498565],[49.73796153,26.92926896],[49.73356855,26.93666256],[49.734483,26.93708324],[49.73662603,26.93488562],[49.73679233,26.93595696],[49.73122215,26.94216955],[49.71939886,26.94468737],[49.70871174,26.94841325],[49.70635128,26.95200956],[49.70055211,26.95461345],[49.69912088,26.95905936],[49.70617127,26.96418417],[49.70538104,26.96869361],[49.70514023,26.96427894],[49.69716465,26.96005762],[49.69167042,26.96414626],[49.68705821,26.97165728],[49.68821907,26.97368824],[49.69091403,26.97330463],[49.69405222,26.97809625],[49.69025648,26.98182774],[49.69683707,26.98258531],[49.69749534,26.97910666],[49.69928098,26.97828865],[49.69768202,26.98148334],[49.70036507,26.98201001],[49.69732702,26.9829725],[49.69058227,26.98266053],[49.68214631,26.97810674],[49.67717302,26.97691381],[49.66929388,26.98307586],[49.66783106,26.98500216],[49.66676402,26.98696268],[49.66559827,26.99356592],[49.66763294,26.99610555],[49.67017448,26.99677145],[49.67278171,26.99645984],[49.67329895,26.99485254],[49.67452264,26.99479473],[49.67448783,26.99802136],[49.66886544,26.99875641],[49.67296207,27.00002253],[49.67145014,27.00189602],[49.67513895,27.00315034],[49.67010403,27.00553954],[49.66763306,27.01116848],[49.6682204,27.01314676],[49.67003036,27.01356375],[49.67172384,27.01201427],[49.67989194,27.01095426],[49.67772841,27.0121628],[49.68101323,27.01394737],[49.68219864,27.01271117],[49.68078005,27.01017845],[49.68189895,27.01020324],[49.68304193,27.01217675],[49.68715978,27.01428151],[49.69832706,27.02437985],[49.70024347,27.03148425],[49.69726717,27.02469301],[49.68534505,27.0144037],[49.68217444,27.01540375],[49.68210125,27.01815498],[49.69346356,27.02925026],[49.68988085,27.03316844],[49.6826483,27.02826524],[49.67820072,27.02435923],[49.67826295,27.02320456],[49.67603505,27.02289152],[49.67454624,27.02531087],[49.67249894,27.0237658],[49.66491222,27.02295136],[49.65202296,27.02377665],[49.66433907,27.03408837],[49.66288185,27.03530455],[49.65015745,27.02418423],[49.64630675,27.02409315],[49.63803518,27.03389311],[49.63607085,27.04339314],[49.63284564,27.04975176],[49.62647104,27.05400693],[49.62660217,27.05545378],[49.62991714,27.05623043],[49.63020444,27.05735397],[49.62413526,27.05559277],[49.6188668,27.05538797],[49.62694836,27.06030631],[49.62834227,27.06233382],[49.64788151,27.0703125],[49.64864635,27.0703125],[49.65729606,27.07446826],[49.6606276,27.07543266],[49.66119826,27.07553196],[49.66331363,27.07504523],[49.665187,27.07305455],[49.66701317,27.07368624],[49.66732538,27.07382715],[49.66810906,27.07799125],[49.67108762,27.08027577],[49.67235804,27.07335484],[49.67720866,27.07352126],[49.67895997,27.07797134],[49.6784358,27.08324754],[49.68265295,27.08359957],[49.68372595,27.08505023],[49.68712854,27.08590746],[49.69093275,27.08563113],[49.69167125,27.0734241],[49.69668436,27.07460403],[49.69698656,27.08539152],[49.70078385,27.08551466],[49.70075035,27.07889974],[49.70360625,27.07059514],[49.70300996,27.08677447],[49.71719897,27.08632874],[49.72043335,27.07907915],[49.72616744,27.07070625],[49.72366703,27.07796204],[49.7216953,27.0800091],[49.7179749,27.08832562],[49.71745217,27.08891678],[49.71667671,27.0891211],[49.7159214,27.08791351],[49.70303523,27.08826685],[49.70243084,27.0989691],[49.69298327,27.09933031],[49.68689835,27.09925306],[49.68602562,27.0989542],[49.68475163,27.09129548],[49.68211043,27.08830404],[49.64065504,27.07120371],[49.63689625,27.07114947],[49.63537025,27.0703125],[49.63528502,27.06950915],[49.63243234,27.06775713],[49.63208461,27.06757855],[49.61919141,27.06225801],[49.61745882,27.06207681],[49.61608064,27.06295908],[49.61604261,27.06338418],[49.61955071,27.06792295],[49.61984563,27.06805122],[49.63393307,27.07006764],[49.63474464,27.0703125],[49.63477302,27.07098961],[49.61457825,27.06875634],[49.60805345,27.0712496],[49.60539854,27.07686365],[49.60076261,27.07481325],[49.59616256,27.07952011],[49.59428263,27.07952011],[49.59290326,27.08082902],[49.59033334,27.08551836],[49.58319235,27.09234893],[49.58165514,27.09744835],[49.58162713,27.09810162],[49.58371782,27.10010386],[49.58362675,27.10060835],[49.58269036,27.10302293],[49.57858658,27.10385656],[49.57835901,27.10419047],[49.57838893,27.10869992],[49.57599545,27.11029875],[49.57476354,27.11295831],[49.57368386,27.11537385],[49.5703125,27.12667406],[49.57147336,27.13472211],[49.57139218,27.13523555],[49.5703125,27.13755584],[49.5703125,27.13783467],[49.56877875,27.13904214],[49.56756365,27.14309895],[49.56755435,27.14346874],[49.56877852,27.15052998],[49.57015586,27.15262282],[49.5703125,27.15262282],[49.5703125,27.15318084],[49.57273257,27.15726781],[49.57302988,27.15763473],[49.57779992,27.15919483],[49.57826543,27.15962565],[49.57974541,27.16168916],[49.5791893,27.16421926],[49.58074903,27.16486454],[49.58142555,27.16415787],[49.58536315,27.16819441],[49.58480597,27.17242873],[49.58624554,27.17922461],[49.58322144,27.18190098],[49.5836277,27.18310225],[49.58776462,27.18308234],[49.58880556,27.18409646],[49.58568943,27.18412113],[49.58434665,27.18543255],[49.58453953,27.18573916],[49.58886492,27.18543518],[49.59060943,27.18377244],[49.59188306,27.1847949],[49.58844101,27.18928325],[49.58464265,27.18729663],[49.589558,27.20680284],[49.61229634,27.19157767],[49.61232936,27.18763328],[49.61080384,27.18627524],[49.61233234,27.18457806],[49.61221504,27.15774596],[49.61402667,27.15811574],[49.61295116,27.16084766],[49.61295116,27.17316902],[49.61412263,27.17426586],[49.61277628,27.17618573],[49.61292613,27.19210374],[49.60739863,27.19709313],[49.60022604,27.20088697],[49.58996522,27.20856833],[49.58998144,27.20891023],[49.59773612,27.23748386],[49.59882605,27.24609375],[49.59919083,27.24609375],[49.60020971,27.24961126],[49.60078371,27.25064445],[49.60719597,27.25527132],[49.61145794,27.2571001],[49.61070871,27.25792074],[49.61293745,27.26244533],[49.6148591,27.26384437],[49.61917496,27.27246451],[49.62108684,27.27328968],[49.62215996,27.27680385],[49.62727356,27.28339577],[49.62660551,27.2848407],[49.62496924,27.2840116],[49.62354386,27.28000891],[49.60900485,27.25781977],[49.59924924,27.25059986],[49.59824908,27.24609375],[49.59788597,27.24609375],[49.58782613,27.20274401],[49.58169246,27.18320048],[49.5823307,27.18162966],[49.57792604,27.18265176],[49.57639718,27.18186581],[49.57434607,27.17808235],[49.5703125,27.17438614],[49.5703125,27.17410707],[49.56671953,27.16972208],[49.55978978,27.16624296],[49.55879557,27.16467226],[49.55419302,27.16345251],[49.55330026,27.16375315],[49.54613495,27.17640924],[49.54199016,27.17869663],[49.53940713,27.18161404],[49.53127456,27.1833899],[49.52791417,27.18812931],[49.53407562,27.19482696],[49.53710067,27.19240165],[49.53931665,27.19200468],[49.54595613,27.19385481],[49.54901814,27.19631445],[49.55116594,27.20421481],[49.55116594,27.20990801],[49.54739988,27.21984553],[49.544348,27.22235012],[49.54249716,27.23479891],[49.54228568,27.23512948],[49.53967595,27.23653364],[49.53406835,27.23496175],[49.52986515,27.23529065],[49.52396286,27.24331415],[49.51500344,27.24215055],[49.51412463,27.24358094],[49.51267958,27.23782551],[49.51117754,27.23624432],[49.51027441,27.23678863],[49.50815892,27.24160576],[49.508044,27.24211836],[49.5095067,27.24412346],[49.50949955,27.24444914],[49.50827205,27.24609375],[49.50816131,27.24609375],[49.50568306,27.25406516],[49.50526023,27.25934041],[49.50274992,27.26542234],[49.50073194,27.27021611],[49.49844515,27.27138865],[49.49538124,27.27682555],[49.49501085,27.28664005],[49.49853313,27.29520845],[49.49770916,27.29412401],[49.49352562,27.29399562],[49.48739314,27.28976607],[49.47973466,27.28798997],[49.47209597,27.28304052],[49.47072506,27.27773797],[49.47339165,27.27748454],[49.47860205,27.27396297],[49.4814471,27.26768672],[49.48180831,27.26218426],[49.47220695,27.25135851],[49.47112155,27.24609375],[49.47098506,27.24609375],[49.46303463,27.23531032],[49.46324158,27.23501647],[49.46397686,27.23484385],[49.47333515,27.23828125],[49.47827387,27.23827136],[49.48252237,27.23671532],[49.48518884,27.23195255],[49.48989415,27.22900414],[49.49174798,27.22526586],[49.49696934,27.22097552],[49.5000962,27.22091508],[49.49964964,27.22477865],[49.50061953,27.22514558],[49.50252521,27.22075534],[49.50672615,27.21710384],[49.50705504,27.21300805],[49.51134825,27.20453],[49.51790404,27.20474076],[49.52451158,27.20320725],[49.52879202,27.20053506],[49.53253305,27.19611788],[49.52827835,27.19017744],[49.52809954,27.19000971],[49.52402282,27.1893146],[49.52286875,27.18653524],[49.52134216,27.18501317],[49.51708186,27.18329895],[49.51463127,27.18099415],[49.50650513,27.1710726],[49.50163436,27.16874576],[49.50122464,27.16703606],[49.49710846,27.16421854],[49.49582016,27.16164541],[49.49664724,27.15918422],[49.4950695,27.15774155],[49.49558246,27.15430403],[49.49752855,27.14933038],[49.50100005,27.14663053],[49.49892735,27.14490533],[49.50207031,27.13798261],[49.50225413,27.13768935],[49.51273394,27.12733424],[49.52143145,27.12052166],[49.52103925,27.11770272],[49.51768637,27.11644244],[49.51474476,27.11315227],[49.51423931,27.11302221],[49.50883162,27.11867976],[49.50537467,27.12066495],[49.50144291,27.12112653],[49.49269295,27.12850833],[49.48064995,27.13163161],[49.47986984,27.13163316],[49.47296238,27.1302191],[49.46873283,27.12713707],[49.46539366,27.12619138],[49.46295571,27.12391841],[49.45614135,27.12077236],[49.45222497,27.11525035],[49.44388974,27.11490965],[49.44319057,27.11786926],[49.44435155,27.13044083],[49.45153594,27.1349014],[49.44936585,27.13680768],[49.44932985,27.14132011],[49.44682193,27.147686],[49.44364154,27.15023375],[49.44129956,27.14909542],[49.43945098,27.15102518],[49.43226612,27.15018928],[49.43165064,27.14934695],[49.43382394,27.14763665],[49.43112171,27.14829505],[49.42809403,27.14649975],[49.42618775,27.14264846],[49.42621386,27.13988638],[49.42509174,27.13976002],[49.42441857,27.13508832],[49.42552555,27.13106251],[49.42346084,27.13043296],[49.41970921,27.13186681],[49.41425323,27.12396801],[49.41414416,27.12120092],[49.41096461,27.12482762],[49.41112947,27.1285547],[49.40994382,27.12683666],[49.40994394,27.12445295],[49.41297698,27.11867166],[49.41443765,27.11130285],[49.41649783,27.10728145],[49.41573095,27.10638607],[49.41095936,27.11101127],[49.40228498,27.11468017],[49.39993823,27.11758423],[49.39838886,27.12522161],[49.39942026,27.1329962],[49.39606571,27.127653],[49.39021385,27.12316406],[49.38338077,27.12582266],[49.37949657,27.12478852],[49.37706733,27.12535357],[49.3748641,27.12880802],[49.37338448,27.13528538],[49.38190508,27.13382065],[49.38420784,27.13871157],[49.38152766,27.14118302],[49.37774158,27.14166737],[49.37119615,27.13845885],[49.36949205,27.13913596],[49.36911011,27.13984931],[49.36938727,27.14132524],[49.36960936,27.14172161],[49.37270916,27.14626086],[49.37951624,27.1476618],[49.38225317,27.15014243],[49.38689387,27.14941072],[49.39063478,27.14253044],[49.39197504,27.14343512],[49.39052761,27.14930654],[49.39127314,27.15029144],[49.3923403,27.15008664],[49.39227974,27.14747596],[49.39512324,27.14416957],[49.39582932,27.14369512],[49.40047991,27.1440258],[49.40079117,27.14439023],[49.4008311,27.15296066],[49.40228987,27.15867758],[49.40826154,27.17047024],[49.40880191,27.17257583],[49.40757692,27.17565346],[49.41296327,27.18299854],[49.41466331,27.18914115],[49.41486132,27.19236505],[49.41407025,27.19415915],[49.41044486,27.19705915],[49.40560186,27.19918597],[49.40250695,27.19878554],[49.40196824,27.20150125],[49.40095365,27.20194805],[49.39261186,27.20470333],[49.38429725,27.20547664],[49.38238776,27.20749414],[49.38151825,27.20765185],[49.37925982,27.20613873],[49.37902784,27.19838452],[49.37691247,27.20157504],[49.37530637,27.20213783],[49.36594307,27.20133233],[49.36077285,27.19064617],[49.36214602,27.1787914],[49.35688448,27.17503536],[49.35471666,27.16145504],[49.35167944,27.16037726],[49.35038805,27.16085815],[49.34954274,27.16170967],[49.34841835,27.17039633],[49.34859622,27.17625546],[49.35045791,27.17813802],[49.35057914,27.17992103],[49.34933054,27.18368816],[49.34909761,27.18680251],[49.34948111,27.19125533],[49.34964502,27.19181633],[49.35369694,27.19733977],[49.35409558,27.19991541],[49.34708464,27.20100915],[49.34435594,27.20022285],[49.34052467,27.18818414],[49.33566034,27.18233311],[49.33121216,27.18140221],[49.32930005,27.18585026],[49.33308208,27.19532645],[49.33064926,27.19710505],[49.33626926,27.19887006],[49.33819926,27.20164466],[49.33413136,27.20729268],[49.33242786,27.2141695],[49.33317006,27.21574068],[49.33135915,27.21915674],[49.32638323,27.22095406],[49.32483733,27.22303855],[49.32373166,27.22369742],[49.32133484,27.22361755],[49.32094347,27.22459817],[49.31925035,27.22977614],[49.31870401,27.23284042],[49.31987715,27.24241054],[49.32003522,27.24280906],[49.32233524,27.24609375],[49.32220876,27.24678886],[49.32734275,27.24902701],[49.32701063,27.25874364],[49.32546306,27.2644062],[49.31535816,27.27723396],[49.31602597,27.29227293],[49.31519747,27.29415131],[49.31695747,27.30307937],[49.31293094,27.30682731],[49.3144294,27.3123281],[49.31201935,27.31520164],[49.31372261,27.31973314],[49.32230675,27.31825948],[49.32231784,27.32238615],[49.31945956,27.32562482],[49.3132658,27.32774913],[49.31282902,27.32814193],[49.30848491,27.33489406],[49.30257845,27.33812702],[49.29493392,27.33684754],[49.29353845,27.33696544],[49.29158795,27.33751738],[49.29057086,27.33834922],[49.29068553,27.34065783],[49.28326297,27.34262764],[49.27921236,27.33885443],[49.27677035,27.33960712],[49.27603626,27.33764005],[49.27263117,27.33972442],[49.26613748,27.33636343],[49.2622385,27.33649635],[49.25582302,27.33346093],[49.25317061,27.33370721],[49.24987233,27.33155656],[49.24942505,27.32709515],[49.25169432,27.32571006],[49.25195324,27.32521951],[49.25164366,27.32416201],[49.25122726,27.32336032],[49.24123454,27.31467795],[49.23963702,27.31384063],[49.23674893,27.31250715],[49.22986984,27.31202006],[49.22634447,27.31042886],[49.22547197,27.31032264],[49.22261345,27.31141341],[49.22242308,27.31179965],[49.2219578,27.31391287],[49.22334325,27.31609142],[49.23037016,27.31591153],[49.23428535,27.31741714],[49.23418534,27.31849325],[49.22864068,27.3193984],[49.22579575,27.31801891],[49.2248615,27.31935942],[49.22714376,27.32102644],[49.23020518,27.32094002],[49.23535025,27.32308126],[49.23625255,27.33578122],[49.24192464,27.34373641],[49.23988402,27.34750235],[49.24053574,27.35517025],[49.23463392,27.35555291],[49.23100913,27.36072195],[49.23324275,27.36787403],[49.23344517,27.36818361],[49.23802948,27.37327433],[49.24402726,27.37495208],[49.24723327,27.37341142],[49.24750304,27.36986494],[49.24412096,27.36959553],[49.24231577,27.36788964],[49.24751151,27.3688637],[49.25246632,27.36531556],[49.25478935,27.37012148],[49.26024628,27.37651455],[49.26190233,27.37779701],[49.26855576,27.37823296],[49.27245951,27.38657904],[49.27162147,27.38825393],[49.27141047,27.38847125],[49.26694036,27.39097607],[49.26458228,27.39204907],[49.26060843,27.39238083],[49.25497162,27.3951745],[49.25324523,27.39885604],[49.25469053,27.40094423],[49.25214636,27.40005136],[49.24999487,27.40327275],[49.25017941,27.40561676],[49.25268435,27.40860486],[49.24893725,27.40852904],[49.24888873,27.41027272],[49.24614728,27.41039896],[49.24465776,27.41224778],[49.2435137,27.40920222],[49.23757815,27.40696514],[49.23242497,27.40870535],[49.23259461,27.40420115],[49.23593307,27.39346135],[49.23549855,27.38683605],[49.23258185,27.38124228],[49.22582257,27.38055074],[49.21875,27.37779021],[49.21011364,27.37558746],[49.20349252,27.37546754],[49.20192242,27.37621832],[49.20187557,27.37652016],[49.20548034,27.38267004],[49.20318937,27.38890016],[49.20364082,27.3941735],[49.20576084,27.39470995],[49.20411563,27.39682245],[49.2039715,27.39950848],[49.20277464,27.39969981],[49.20148814,27.39555776],[49.19886363,27.39427292],[49.19804537,27.39115942],[49.19575632,27.39333212],[49.18714392,27.39375615],[49.18541861,27.39505923],[49.17998457,27.39593852],[49.17977297,27.39664733],[49.18302202,27.39745724],[49.18703783,27.39703703],[49.18302381,27.39840806],[49.17799592,27.39791656],[49.17437017,27.40310764],[49.17316234,27.40239024],[49.17074645,27.40308595],[49.16521704,27.41041052],[49.15638983,27.40976882],[49.15429986,27.41229963],[49.14398777,27.41433322],[49.14173555,27.41842365],[49.13414192,27.41294134],[49.13291097,27.41081512],[49.13060474,27.41288424],[49.13487423,27.41889322],[49.13556767,27.421875],[49.13541901,27.421875],[49.13673615,27.42669475],[49.13691103,27.42704415],[49.13992333,27.43096066],[49.14027071,27.43126917],[49.14619541,27.43380964],[49.15063512,27.43225777],[49.15540326,27.43228805],[49.15986347,27.42875588],[49.16245484,27.42344224],[49.16451025,27.42271173],[49.16710246,27.42667055],[49.16879988,27.43541634],[49.17325604,27.44104886],[49.17914176,27.44517565],[49.18472564,27.44645774],[49.18949652,27.44540226],[49.18992484,27.44501996],[49.19163394,27.44233465],[49.19293118,27.43700051],[49.19324303,27.42852914],[49.19274294,27.42641675],[49.19195771,27.42536545],[49.1876744,27.421875],[49.18029976,27.41702735],[49.18062794,27.41626525],[49.19184351,27.42005777],[49.1942662,27.421875],[49.19453681,27.421875],[49.19835067,27.4249413],[49.20322716,27.43008745],[49.20393717,27.43117726],[49.20921028,27.44237125],[49.21481931,27.44698656],[49.21875,27.44698656],[49.22095895,27.44702351],[49.22269654,27.44640064],[49.22704947,27.44387436],[49.22821712,27.44122183],[49.23414147,27.43675673],[49.23486114,27.43591225],[49.23533845,27.43473065],[49.23520041,27.43035388],[49.23725855,27.42819476],[49.24280715,27.42974651],[49.24701798,27.43287802],[49.24926817,27.43890965],[49.25317144,27.44122827],[49.25694227,27.44659305],[49.26022685,27.4417783],[49.25991225,27.44075525],[49.25695646,27.44056904],[49.25473964,27.44250131],[49.25767243,27.43635642],[49.26281321,27.43611658],[49.26833224,27.43167043],[49.27229154,27.43085468],[49.28443813,27.43970013],[49.29013705,27.4593786],[49.29314053,27.46063006],[49.29867673,27.46059704],[49.30040586,27.45970786],[49.30068743,27.45928657],[49.30060005,27.45526803],[49.30113161,27.45257545],[49.30356574,27.44652474],[49.30355835,27.44320405],[49.30332136,27.44201362],[49.29917955,27.43635106],[49.29897344,27.43597245],[49.29649532,27.43001008],[49.29661608,27.42877376],[49.29753423,27.42683327],[49.30123246,27.4311763],[49.30604041,27.43058526],[49.31109655,27.43210626],[49.31103253,27.42762101],[49.31225824,27.42489767],[49.3129971,27.43564653],[49.31218934,27.44231975],[49.31585348,27.44508052],[49.30903232,27.45253146],[49.3067224,27.45765877],[49.30525875,27.46456635],[49.3070302,27.47037613],[49.30613506,27.47334981],[49.30223823,27.47712052],[49.29117703,27.47886145],[49.28275895,27.48180234],[49.27566648,27.48702562],[49.27412736,27.4888581],[49.27309287,27.49355495],[49.26909304,27.49867523],[49.26544762,27.50635815],[49.26550436,27.51219642],[49.25647426,27.52296007],[49.25408328,27.52450514],[49.24841654,27.52791631],[49.24684632,27.52839625],[49.22303486,27.53313625],[49.22111261,27.53381658],[49.21875,27.53515625],[49.21507502,27.53723121],[49.21479523,27.53758717],[49.21586406,27.53895771],[49.21515417,27.5403589],[49.20688164,27.54457414],[49.19375074,27.54324782],[49.1743288,27.5432775],[49.15742052,27.53913677],[49.13768744,27.53774714],[49.12344384,27.53825486],[49.11148202,27.54110634],[49.10450685,27.54104614],[49.10138035,27.54280627],[49.09659433,27.54327965],[49.09446955,27.54550123],[49.09097242,27.54671586],[49.08922696,27.54952145],[49.08093154,27.55434895],[49.076213,27.55579865],[49.07294071,27.56051743],[49.05907536,27.56515706],[49.05358076,27.56516445],[49.04876745,27.56693482],[49.03804564,27.56821895],[49.03721285,27.56984782],[49.03155983,27.57037485],[49.02632737,27.57300818],[49.02272737,27.57942545],[49.02142477,27.57965255],[49.01680946,27.58576715],[49.01504707,27.58635795],[49.01300204,27.59110737],[49.00978935,27.59328258],[49.00802422,27.59634685],[49.0064069,27.59667373],[49.00649166,27.59765625],[49.00630164,27.59765625],[48.99640381,27.60756171],[48.99591911,27.60819328],[48.99544561,27.60952485],[48.99566436,27.61001813],[48.99726546,27.61086941],[48.99516094,27.61290193],[48.99478507,27.61317277],[48.96799707,27.62260044],[48.96708417,27.62268865],[48.96452975,27.62218893],[48.95895815,27.61805415],[48.94677865,27.61268544],[48.93572533,27.60525882],[48.92340565,27.60274303],[48.92283118,27.60228956],[48.91957712,27.59883571],[48.91943395,27.59765625],[48.91907275,27.59765625],[48.91888142,27.595559],[48.92248428,27.59494507],[48.92575514,27.59167397],[48.92625761,27.59052944],[48.92652583,27.5892148],[48.92563033,27.58588862],[48.92291415,27.58293617],[48.92566133,27.57957625],[48.92562795,27.5757066],[48.92223597,27.57269227],[48.91760898,27.57175541],[48.90884805,27.56671357],[48.90270591,27.5649358],[48.89451206,27.56748545],[48.89535582,27.56944585],[48.89910436,27.57133555],[48.89841044,27.57363796],[48.89706075,27.57352126],[48.89706707,27.58017755],[48.89824736,27.58324814],[48.89649451,27.58730435],[48.89648676,27.58818448],[48.89872885,27.59237886],[48.89866126,27.59765625],[48.89875007,27.59808016],[48.90113366,27.60179031],[48.90184188,27.60695922],[48.90426266,27.61258078],[48.90449524,27.61296713],[48.91035175,27.62118626],[48.91508925,27.62307704],[48.91551733,27.62447238],[48.91503406,27.62489891],[48.89950538,27.63011062],[48.89811575,27.63024485],[48.89703882,27.62999451],[48.89648986,27.62873971],[48.89642155,27.62346673],[48.89609325,27.62274945],[48.89234996,27.61906755],[48.89110017,27.61288452],[48.88653135,27.60930324],[48.88506985,27.60355067],[48.88255525,27.59978235],[48.87778544,27.59840894],[48.87788844,27.59765625],[48.87756455,27.59765625],[48.87624884,27.59629893],[48.87227666,27.59550595],[48.86905181,27.59550381],[48.8671875,27.59598207],[48.8649863,27.59765625],[48.86466944,27.59765625],[48.86122263,27.60342717],[48.86105275,27.60823655],[48.86022115,27.60873473],[48.8569169,27.60879445],[48.85415792,27.60664523],[48.85105038,27.60661423],[48.84530473,27.60816455],[48.84291935,27.60972965],[48.84040153,27.61606455],[48.84113956,27.61865664],[48.84235644,27.62118125],[48.85108626,27.62754893],[48.85579324,27.62532616],[48.86165822,27.62644315],[48.86337638,27.62344408],[48.86219335,27.61913991],[48.86356664,27.61419213],[48.8671875,27.61439717],[48.87136507,27.61407304],[48.87173116,27.61374891],[48.87205231,27.61088872],[48.87408614,27.60780501],[48.87378883,27.61594701],[48.87498426,27.61961615],[48.87291575,27.62299693],[48.87080693,27.62524974],[48.86891854,27.62608695],[48.8671875,27.62611604],[48.86576402,27.62606752],[48.86382294,27.63173556],[48.85746431,27.63801455],[48.85541296,27.64190972],[48.85528255,27.64235485],[48.85790896,27.64402747],[48.85801995,27.64481795],[48.85759115,27.64530051],[48.85287011,27.64563584],[48.85337543,27.64118338],[48.85428286,27.64097643],[48.85412514,27.64071441],[48.85351884,27.64046752],[48.85172105,27.64077497],[48.85140598,27.64100707],[48.85119188,27.64267647],[48.85376215,27.64860427],[48.85409117,27.64878857],[48.86293852,27.65206456],[48.8661983,27.65198505],[48.8671875,27.65150654],[48.86826396,27.65149915],[48.87051392,27.65035295],[48.87089074,27.65003943],[48.87189972,27.64822876],[48.87205446,27.64627194],[48.87029004,27.64758742],[48.86943114,27.64758325],[48.8671875,27.64676344],[48.86628175,27.64619565],[48.8671875,27.64229906],[48.8711704,27.63842463],[48.87170756,27.63800383],[48.87395847,27.63742804],[48.87920582,27.64164186],[48.87974644,27.64226055],[48.88106012,27.64634407],[48.88419735,27.64759517],[48.88075423,27.65109766],[48.87785864,27.66618586],[48.87759781,27.66651392],[48.86970544,27.66270733],[48.8671875,27.66238844],[48.8671875,27.66210926],[48.85831463,27.66040492],[48.85511947,27.65640306],[48.85437262,27.65626562],[48.84736681,27.65811336],[48.84693706,27.65849876],[48.8464601,27.66114998],[48.84721136,27.66193485],[48.84900844,27.66205347],[48.85285425,27.66020596],[48.85433745,27.66057217],[48.85424995,27.66726267],[48.85216272,27.67370713],[48.85319304,27.67839277],[48.85644722,27.68287325],[48.85652995,27.68950462],[48.8530122,27.69592786],[48.84721816,27.69954014],[48.84746778,27.70160377],[48.84470344,27.70614052],[48.84430325,27.70638454],[48.84341156,27.70598197],[48.84298623,27.7040838],[48.84527481,27.70156455],[48.84537125,27.69863248],[48.84301984,27.69294512],[48.84279776,27.69255793],[48.83418727,27.68675745],[48.83238745,27.68173015],[48.83187354,27.68127835],[48.83074546,27.68080282],[48.82828534,27.68068433],[48.82639825,27.68146777],[48.82607234,27.68182194],[48.82449234,27.68714166],[48.82187104,27.68869007],[48.8209784,27.69197905],[48.82029426,27.69290054],[48.81697536,27.69501436],[48.81572413,27.69826496],[48.81667972,27.70361435],[48.81919396,27.71016753],[48.82129288,27.71413171],[48.82595003,27.71933186],[48.82434201,27.72567463],[48.82589114,27.73209918],[48.82162905,27.73529065],[48.81629443,27.74273133],[48.81578386,27.74311101],[48.81219053,27.74438155],[48.81107616,27.74454892],[48.80784702,27.74400914],[48.80840635,27.74232113],[48.80969954,27.74358428],[48.8098706,27.74261606],[48.80510282,27.73620045],[48.80464113,27.73245406],[48.80536664,27.73035288],[48.80915332,27.72938013],[48.81004751,27.72591281],[48.80381048,27.71997964],[48.80452144,27.71499181],[48.80268312,27.71144485],[48.79646564,27.70863998],[48.79500484,27.70571053],[48.79304254,27.70464516],[48.78833938,27.70479262],[48.78358436,27.70868444],[48.78350043,27.71132684],[48.78788686,27.71986771],[48.79129636,27.72178805],[48.79508007,27.72995436],[48.79551911,27.73509347],[48.79865944,27.74185455],[48.79955232,27.75818503],[48.80007553,27.75963128],[48.80130124,27.76083064],[48.80415034,27.76182377],[48.80447316,27.76224995],[48.80855417,27.77045548],[48.80833137,27.7734375],[48.80791044,27.77385604],[48.80744958,27.78986144],[48.80849445,27.7994076],[48.80641365,27.80303085],[48.80690634,27.80922091],[48.81138003,27.8191781],[48.82209313,27.82678115],[48.82857323,27.82395875],[48.82983017,27.81347215],[48.82655001,27.8068006],[48.82652164,27.80348515],[48.83026326,27.7933768],[48.83026397,27.79059768],[48.82167172,27.78162634],[48.81221044,27.77701914],[48.81572294,27.77469635],[48.81525564,27.7734375],[48.81433523,27.77072024],[48.81842411,27.76719665],[48.81863391,27.76645267],[48.81773424,27.75990045],[48.81759048,27.75956345],[48.81601107,27.75837576],[48.81321204,27.75768065],[48.81224263,27.75770652],[48.80686665,27.75895774],[48.80219746,27.75743878],[48.80186832,27.75714636],[48.80236304,27.75585377],[48.80530655,27.75177467],[48.80597425,27.75131345],[48.80950642,27.75030828],[48.81850851,27.74987566],[48.82125235,27.75095904],[48.82170606,27.75122285],[48.83292413,27.76193035],[48.83695793,27.76412165],[48.83494306,27.76718926],[48.82969427,27.76956141],[48.83067775,27.7734375],[48.83061242,27.7734375],[48.83070564,27.7746824],[48.83618546,27.78696573],[48.83605921,27.79131246],[48.83291447,27.7952888],[48.83281195,27.79866302],[48.84091115,27.81303167],[48.84551525,27.81544244],[48.85113084,27.81653333],[48.86308861,27.80064166],[48.86376882,27.79648066],[48.8671875,27.79492176],[48.86764717,27.79496264],[48.86992765,27.79152012],[48.86984611,27.79057026],[48.8671875,27.78571415],[48.8671875,27.78543532],[48.86515796,27.78334963],[48.86505878,27.78300154],[48.86552691,27.7790271],[48.86531675,27.77828312],[48.86365163,27.7763921],[48.85993552,27.7734375],[48.85931897,27.7734375],[48.84999764,27.7690227],[48.84767926,27.76622236],[48.84300494,27.76501465],[48.84270167,27.76453376],[48.84275472,27.76376855],[48.84324753,27.76275051],[48.84645653,27.76018012],[48.85078585,27.76067627],[48.85301662,27.76129961],[48.85428297,27.76198638],[48.85455775,27.7626996],[48.85456514,27.76578498],[48.85354698,27.76684463],[48.85377252,27.76771355],[48.85408485,27.76819432],[48.85602605,27.76962721],[48.85765386,27.76947045],[48.85795105,27.76915967],[48.8577013,27.76835144],[48.85419881,27.76716232],[48.85498106,27.76586115],[48.85672081,27.76338184],[48.85874581,27.76386774],[48.85754097,27.75074124],[48.85371065,27.74539363],[48.85775781,27.74197412],[48.85823357,27.74134004],[48.85861361,27.73955464],[48.85831726,27.73825288],[48.85801184,27.73760021],[48.85343802,27.73358536],[48.85258853,27.73318565],[48.84103656,27.73033273],[48.84007955,27.72446454],[48.84402525,27.72213304],[48.85180104,27.72886515],[48.85366213,27.73016357],[48.86100805,27.73329365],[48.8671875,27.73856032],[48.8671875,27.73883915],[48.87014246,27.74184787],[48.87718725,27.74543655],[48.87655556,27.74706113],[48.8785516,27.75094795],[48.88466012,27.75638282],[48.88855481,27.76283884],[48.89027154,27.76647234],[48.89026356,27.76963866],[48.89236653,27.7734375],[48.89272702,27.7734375],[48.89471901,27.77799761],[48.89485037,27.77870238],[48.89419496,27.78125894],[48.89394665,27.77779472],[48.89178097,27.7734375],[48.8917371,27.7734375],[48.88964462,27.76960456],[48.88752711,27.76879525],[48.88592017,27.77210212],[48.88004947,27.77219927],[48.87899303,27.77289677],[48.87885356,27.7734375],[48.87883282,27.7734375],[48.8736155,27.78074121],[48.87565684,27.79457033],[48.88310707,27.80986702],[48.88513756,27.81256425],[48.88995993,27.80989003],[48.89040661,27.80974364],[48.89260864,27.80987215],[48.89265633,27.81031525],[48.88604808,27.81424952],[48.88751066,27.81717956],[48.88702035,27.81979108],[48.88262057,27.82284141],[48.88221276,27.82768464],[48.88405752,27.82997346],[48.88404775,27.83423185],[48.8736608,27.83774424],[48.87242782,27.83845937],[48.8671875,27.84235477],[48.8671875,27.84263384],[48.85433352,27.85434115],[48.84714496,27.85734916],[48.84323216,27.86084521],[48.83266807,27.86321461],[48.82412767,27.86785173],[48.82068694,27.88055944],[48.81807733,27.88599312],[48.81981134,27.89606452],[48.82132065,27.89861536],[48.82391441,27.89938414],[48.82395315,27.90085304],[48.80206084,27.90066385],[48.79393017,27.90458608],[48.78574026,27.91588116],[48.77738452,27.92087364],[48.77291203,27.93177998],[48.76443195,27.9376384],[48.76282835,27.94397986],[48.75115597,27.94921875],[48.74989891,27.94981468],[48.74420941,27.95924461],[48.74245155,27.96498275],[48.74245155,27.96824396],[48.74298966,27.97025645],[48.74699533,27.97826135],[48.75073946,27.97854495],[48.75259352,27.98265076],[48.75966561,27.98259282],[48.76053953,27.98160696],[48.76399362,27.98184001],[48.76906204,27.97698235],[48.7602663,27.97370183],[48.75519025,27.97399211],[48.75365603,27.97266805],[48.74958193,27.97225451],[48.75104106,27.97157443],[48.7602663,27.97286475],[48.76406705,27.97486424],[48.77049995,27.9758743],[48.78559005,27.98643363],[48.79019356,27.98843443],[48.79274976,27.99175513],[48.79284894,27.99210834],[48.79358256,27.99727905],[48.79322267,27.99867487],[48.79278183,27.99911487],[48.78915775,28.00150633],[48.78023314,28.00119567],[48.7706604,28.00212955],[48.76956725,28.00247335],[48.76884258,28.00314283],[48.76863432,28.00392985],[48.76977706,28.00522542],[48.76922333,28.00625253],[48.76659763,28.00341964],[48.75187945,28.00663507],[48.75217652,28.01378596],[48.74935687,28.0081619],[48.74764955,28.00738895],[48.72343349,28.01091588],[48.69921744,28.0144428],[48.69871438,28.01457643],[48.69406533,28.01621652],[48.68892336,28.02012086],[48.68686247,28.02215505],[48.68657362,28.0227741],[48.68666732,28.02612054],[48.68599117,28.02732933],[48.6851356,28.02796721],[48.68197835,28.02913845],[48.6812247,28.02850616],[48.68127871,28.02844656],[48.68311775,28.02660835],[48.68289566,28.02588081],[48.68255591,28.02520525],[48.68153536,28.02398014],[48.67817485,28.02248085],[48.6775465,28.02241302],[48.66346085,28.02238035],[48.66242528,28.02253997],[48.66031206,28.02329111],[48.65822434,28.02533984],[48.64509201,28.02720165],[48.64457321,28.03310037],[48.64507294,28.03455722],[48.64890265,28.03813767],[48.65028143,28.04254592],[48.65270185,28.04349363],[48.65350234,28.04338038],[48.65442765,28.04252565],[48.65427744,28.04078746],[48.64896965,28.03572023],[48.64697385,28.02760422],[48.65756273,28.02671754],[48.66360331,28.02312708],[48.66761625,28.02312076],[48.67150331,28.02503455],[48.67753875,28.02448034],[48.6802386,28.02631176],[48.68052542,28.02699041],[48.68010175,28.02740765],[48.66600847,28.03116345],[48.66348481,28.03473616],[48.66498005,28.04378033],[48.66322315,28.04755771],[48.65725315,28.05351913],[48.65057695,28.05672491],[48.64976382,28.05724394],[48.63888466,28.06516612],[48.63839173,28.06559408],[48.63158846,28.0729568],[48.62137794,28.08746874],[48.62119305,28.08782935],[48.62072945,28.09329641],[48.62060845,28.09363055],[48.61903715,28.09503734],[48.61566818,28.10315537],[48.61597395,28.10650074],[48.61628068,28.10683167],[48.62286115,28.10873115],[48.62317395,28.1087296],[48.62492096,28.10851824],[48.62658787,28.10690868],[48.63288331,28.10587275],[48.6335808,28.10610187],[48.63315058,28.10723567],[48.63026786,28.10800517],[48.62970471,28.10948157],[48.63816404,28.11370945],[48.63360274,28.11384737],[48.62618744,28.11091816],[48.61935747,28.10985136],[48.61572826,28.10818446],[48.61497366,28.10807407],[48.61340356,28.10851586],[48.6119858,28.10959506],[48.61006153,28.11272681],[48.60992575,28.11317825],[48.61007261,28.11491513],[48.61060858,28.11573195],[48.61111903,28.11601377],[48.61538422,28.11663306],[48.61038494,28.11736941],[48.60849047,28.125],[48.60865772,28.125],[48.61084092,28.14087033],[48.60934687,28.15499687],[48.61110842,28.15800226],[48.61053038,28.16374648],[48.612396,28.16754711],[48.61246586,28.17304027],[48.61291647,28.17454612],[48.61515164,28.18155742],[48.61611307,28.18366754],[48.62089825,28.19131315],[48.62133825,28.19176614],[48.62554824,28.19548845],[48.62979615,28.19620943],[48.63053524,28.19579005],[48.63179862,28.19415951],[48.63344705,28.18984807],[48.63306391,28.18806696],[48.63486254,28.19204664],[48.6347959,28.19549763],[48.62871683,28.20244217],[48.6281234,28.20386517],[48.62920344,28.20464361],[48.62823713,28.20613861],[48.61764944,28.2106359],[48.61504126,28.21276605],[48.61254716,28.21772754],[48.61215961,28.22123325],[48.60709155,28.22564626],[48.60388267,28.23112321],[48.58990335,28.24451125],[48.58557725,28.25261676],[48.57449937,28.25800407],[48.56811345,28.26321602],[48.54592443,28.27680266],[48.54286265,28.27949262],[48.54114926,28.28131056],[48.53495085,28.28953075],[48.53338087,28.29238355],[48.53020728,28.30078125],[48.53018105,28.30078125],[48.52605271,28.30987263],[48.51862085,28.32112837],[48.515625,28.328125],[48.515625,28.32868302],[48.51443398,28.33149314],[48.51348507,28.3406409],[48.51348507,28.34183657],[48.51546645,28.35407364],[48.515625,28.35407364],[48.515625,28.35491073],[48.52771926,28.38423693],[48.53629696,28.39614105],[48.53889263,28.39707041],[48.54221487,28.40055907],[48.5439949,28.40344918],[48.54432344,28.4069283],[48.54133892,28.40950346],[48.54126215,28.41155577],[48.53876126,28.41473198],[48.53831422,28.41498911],[48.53280902,28.41511023],[48.53222477,28.41531241],[48.53083611,28.41605222],[48.52913678,28.41724753],[48.52846861,28.41385603],[48.52426195,28.41409588],[48.52153611,28.41292596],[48.51949143,28.41107714],[48.51736677,28.40774763],[48.515625,28.40262282],[48.515625,28.40178573],[48.51383686,28.40042353],[48.51430523,28.39806676],[48.51031816,28.38980246],[48.50621235,28.38590431],[48.50587261,28.38573062],[48.49572384,28.38594401],[48.48278725,28.38183534],[48.47917104,28.37914288],[48.47499156,28.38139164],[48.47252607,28.38036072],[48.46933377,28.38147175],[48.46878874,28.38415074],[48.47054136,28.38897896],[48.48049474,28.39644635],[48.48157513,28.3967303],[48.48458016,28.39664173],[48.48621237,28.39408565],[48.48612785,28.39366221],[48.48433232,28.39177155],[48.48357236,28.39132905],[48.47946227,28.38997602],[48.47826314,28.38858807],[48.47830331,28.38818455],[48.48142576,28.38621235],[48.48414946,28.38560951],[48.48454428,28.38579226],[48.4871279,28.38964856],[48.49043596,28.39167964],[48.50689924,28.38982844],[48.50921094,28.39322472],[48.50906682,28.40018904],[48.50918734,28.40051818],[48.51240146,28.4050405],[48.51314676,28.40918922],[48.51333714,28.40949333],[48.51546645,28.41099334],[48.515625,28.41099334],[48.515625,28.41127217],[48.51983511,28.41353846],[48.52341092,28.414397],[48.52623522,28.4170475],[48.52717376,28.41855276],[48.52635193,28.41945386],[48.52632844,28.41945171],[48.52227211,28.4182955],[48.515625,28.42159593],[48.51478934,28.42182183],[48.50968385,28.42564118],[48.50041676,28.43652666],[48.49922156,28.44185543],[48.49969375,28.44754362],[48.50189435,28.45210683],[48.50202596,28.45769692],[48.50448465,28.46246946],[48.50098717,28.46716833],[48.49661374,28.47505105],[48.49660444,28.4765625],[48.49658716,28.4765625],[48.49626994,28.47781813],[48.49698198,28.48374808],[48.50102401,28.49437737],[48.48091495,28.49863446],[48.46425796,28.50669765],[48.45902574,28.51271474],[48.45428288,28.51594126],[48.44662654,28.52615202],[48.43139434,28.53402412],[48.42970884,28.53535116],[48.42406344,28.54219615],[48.42230666,28.54740846],[48.41853607,28.54999554],[48.41725004,28.55503094],[48.41285992,28.55887413],[48.40420783,28.56931865],[48.40208554,28.57267415],[48.40079784,28.57576001],[48.40177524,28.58086896],[48.39889395,28.58468175],[48.39851105,28.59499586],[48.38875544,28.60640132],[48.38901424,28.60880697],[48.38988292,28.60607874],[48.39128995,28.60526383],[48.39080274,28.61566114],[48.38726401,28.61618662],[48.38638318,28.61881995],[48.38626814,28.61958206],[48.38841534,28.63449752],[48.39168847,28.63415956],[48.39218736,28.63027215],[48.39406705,28.63443506],[48.39127994,28.64419305],[48.39109373,28.64695704],[48.39188004,28.65234375],[48.39197421,28.65234375],[48.39309335,28.65728927],[48.39178813,28.65780103],[48.39204895,28.66315317],[48.39371085,28.66361225],[48.39354634,28.66413045],[48.38775217,28.67573261],[48.38169873,28.6845839],[48.38415682,28.68175137],[48.38940334,28.68146181],[48.3834964,28.68271697],[48.38001084,28.68654716],[48.37942386,28.68780255],[48.38294613,28.68725526],[48.38672912,28.68545294],[48.38698185,28.68429422],[48.39045286,28.68406355],[48.39126623,28.68436384],[48.39105654,28.68462944],[48.38869786,28.68443894],[48.39006758,28.68642914],[48.3900249,28.68736804],[48.38963962,28.68841934],[48.38727534,28.69095683],[48.38606465,28.691504],[48.38463366,28.69189024],[48.3797909,28.69111764],[48.37935054,28.69143963],[48.37869477,28.69579875],[48.37953055,28.7005378],[48.38184226,28.70351422],[48.38604367,28.70184183],[48.38840687,28.70385027],[48.38671494,28.70581615],[48.38131726,28.70706785],[48.38253832,28.71033895],[48.38259077,28.71640694],[48.39039564,28.73321772],[48.39172256,28.73312807],[48.39483047,28.74099016],[48.39691544,28.742118],[48.39676762,28.74405694],[48.3942275,28.74455965],[48.38727236,28.74249601],[48.37834036,28.74165726],[48.3636018,28.74165797],[48.3576225,28.74309885],[48.34681022,28.74641502],[48.34030223,28.74911475],[48.31843007,28.76146924],[48.30859864,28.76759303],[48.2988286,28.77590561],[48.29633725,28.77884293],[48.28585005,28.79536521],[48.28329635,28.80039072],[48.27986574,28.81014454],[48.27984238,28.81043816],[48.28135586,28.828125],[48.28125,28.828125],[48.28039587,28.85354555],[48.28051722,28.85436392],[48.28150225,28.858904],[48.28501284,28.8609004],[48.28492868,28.86386156],[48.28628802,28.86490941],[48.28433645,28.86690354],[48.28657985,28.87429011],[48.28954065,28.87755466],[48.28936195,28.88016868],[48.28305542,28.88384545],[48.27451587,28.88386512],[48.27335787,28.88398135],[48.26183665,28.8858124],[48.26063812,28.88613546],[48.24633276,28.89126337],[48.2439332,28.89241385],[48.23509383,28.89777815],[48.23239326,28.90038383],[48.2314105,28.90216815],[48.23290777,28.90297651],[48.23198688,28.90447021],[48.22267461,28.90912294],[48.21186221,28.9178071],[48.20606673,28.93687904],[48.20588636,28.93715584],[48.20350564,28.94066274],[48.19808996,28.94737947],[48.1856662,28.95585954],[48.18445301,28.95736635],[48.18399215,28.95826924],[48.18594801,28.96050036],[48.18295646,28.96019566],[48.18095994,28.96476054],[48.17906296,28.96615195],[48.17428923,28.97671485],[48.17472124,28.98045266],[48.17255616,28.98165035],[48.17059863,28.98524058],[48.16948843,28.98791647],[48.1640625,29.00279021],[48.1640625,29.00390625],[48.1643815,29.00390625],[48.1640625,29.00725436],[48.16047907,29.01431906],[48.16191936,29.01658452],[48.16007304,29.01872826],[48.15957141,29.02052033],[48.15875041,29.02608585],[48.15864503,29.02861273],[48.15874922,29.02881336],[48.16129827,29.02955317],[48.16390288,29.03571415],[48.1640625,29.03571415],[48.1640625,29.03627217],[48.16458023,29.03679371],[48.17369974,29.04050875],[48.17559874,29.03754628],[48.17644405,29.03798616],[48.17277801,29.04433918],[48.17184961,29.04362083],[48.17278457,29.04159296],[48.16553307,29.03799105],[48.16656935,29.04112303],[48.16545343,29.04146504],[48.1640625,29.03934145],[48.1640625,29.03850436],[48.1611129,29.03199851],[48.16041934,29.03054261],[48.16019225,29.03031135],[48.15763986,29.0302273],[48.15748453,29.03662515],[48.15875316,29.03734195],[48.16217434,29.03664243],[48.16086113,29.03855181],[48.16290808,29.03797436],[48.16339612,29.03886223],[48.16143274,29.03996491],[48.15947545,29.03936577],[48.15973866,29.04151595],[48.15641296,29.04232085],[48.15502584,29.04717565],[48.15656543,29.04827011],[48.16104066,29.04831254],[48.1640625,29.04408467],[48.16639686,29.04548228],[48.16639352,29.04569471],[48.1640625,29.04743302],[48.16380382,29.04738557],[48.16240835,29.05075073],[48.15310192,29.05125403],[48.15232074,29.05719948],[48.1524322,29.05769086],[48.15508294,29.05991554],[48.15330636,29.06264842],[48.16113186,29.06522405],[48.16333795,29.06277871],[48.16369045,29.06309998],[48.16367304,29.06357503],[48.15999317,29.07242405],[48.15915966,29.07307672],[48.15899897,29.07295454],[48.16146791,29.06686556],[48.15304625,29.06368744],[48.15150964,29.06422544],[48.14969587,29.07259905],[48.14807475,29.07465196],[48.14459991,29.07410645],[48.14630043,29.07733941],[48.14262331,29.08073163],[48.14162827,29.08463538],[48.13932586,29.08640814],[48.14224875,29.09253192],[48.14118946,29.09359777],[48.13789165,29.09308457],[48.13943768,29.09597695],[48.13791764,29.10134351],[48.13936591,29.10287893],[48.13976586,29.10591352],[48.13825858,29.10856473],[48.14005554,29.11170506],[48.13730752,29.11612546],[48.1379503,29.1178956],[48.13700235,29.11919844],[48.13878822,29.12076855],[48.15220487,29.12446487],[48.14927006,29.13000238],[48.15072834,29.12502146],[48.13820434,29.12126076],[48.13575387,29.12206602],[48.13642705,29.12562716],[48.13352144,29.13118494],[48.13372171,29.13780081],[48.13155591,29.14666104],[48.13155472,29.14922786],[48.13379955,29.15060926],[48.12779462,29.15135455],[48.12673688,29.15673637],[48.12756193,29.15814865],[48.12472165,29.15955722],[48.12463558,29.16023242],[48.12523985,29.16423643],[48.13059771,29.1651808],[48.13105345,29.16564286],[48.1311053,29.16689467],[48.12856138,29.16853023],[48.12825203,29.17067182],[48.12519336,29.16982794],[48.12522006,29.17111754],[48.12585855,29.17151928],[48.12891567,29.17199075],[48.12931347,29.17361546],[48.12888145,29.17427182],[48.12807965,29.1745795],[48.12621057,29.17290497],[48.12556493,29.17317545],[48.12503302,29.17355657],[48.12421846,29.17791796],[48.12268555,29.17667532],[48.12125695,29.17733753],[48.12131345,29.1796875],[48.12123585,29.1796875],[48.11778963,29.18695176],[48.11770666,29.19079435],[48.11475706,29.19212115],[48.11480987,29.19656014],[48.10933268,29.20885026],[48.10573912,29.22047687],[48.10410964,29.22115755],[48.10238731,29.22480071],[48.10333776,29.23343551],[48.10147452,29.23478305],[48.10038495,29.23706758],[48.09623015,29.24764884],[48.09173346,29.26077473],[48.09096885,29.26434493],[48.09087884,29.26535141],[48.0920459,29.26855755],[48.08921945,29.27318728],[48.08867323,29.27383506],[48.08808482,29.27868557],[48.08807945,29.27908266],[48.08960354,29.28311777],[48.0895437,29.28619194],[48.08835483,29.28722966],[48.08840394,29.29582715],[48.08855343,29.30008936],[48.09054971,29.30076635],[48.08903718,29.30309868],[48.08903945,29.30371976],[48.0900017,29.31071234],[48.09009826,29.31104386],[48.09173465,29.31289911],[48.09106255,29.31829226],[48.09121943,29.31876993],[48.09380794,29.32044864],[48.09157073,29.32184911],[48.09529281,29.32511055],[48.09451723,29.32633591],[48.09199047,29.32658756],[48.09333456,29.32735574],[48.09255576,29.33055234],[48.09458101,29.33328676],[48.09597886,29.34109461],[48.09970224,29.34310865],[48.09855843,29.34583604],[48.10175896,29.34683132],[48.10174882,29.35061908],[48.09799814,29.35288095],[48.08950734,29.35108173],[48.08593178,29.34826004],[48.07019711,29.34310627],[48.06851685,29.34436154],[48.06895685,29.34575641],[48.06655693,29.34383857],[48.06327665,29.34526825],[48.0618366,29.34345496],[48.06587684,29.34195566],[48.05809581,29.34061861],[48.05664456,29.34116864],[48.05632997,29.34273136],[48.05199563,29.34467137],[48.04628718,29.34506857],[48.04263544,29.34624445],[48.04179561,29.34666288],[48.04183376,29.34795737],[48.03698802,29.34880042],[48.03678954,29.34987783],[48.0331254,29.35083175],[48.02902806,29.35456193],[48.02843595,29.35546875],[48.02582812,29.36001635],[48.02518225,29.36188543],[48.02546835,29.36303544],[48.02908361,29.36351693],[48.0290153,29.36675715],[48.02724981,29.36699724],[48.02432454,29.36499167],[48.02177107,29.36719096],[48.01025677,29.37124467],[48.00654864,29.37423551],[48.00655794,29.3765496],[48.00893795,29.37908936],[48.00465441,29.37928045],[48.00443888,29.37972295],[48.00339186,29.38631475],[48.00599337,29.39106476],[48.00616825,29.39160836],[48.00571537,29.3927263],[48.00441635,29.39317214],[48.00389385,29.39193285],[48.00250244,29.39153183],[48.00191724,29.39153421],[47.9953804,29.39304066],[47.99434674,29.39187455],[47.98809874,29.39063215],[47.97901464,29.39227557],[47.97846818,29.39214027],[47.97960305,29.39025235],[47.97713661,29.38712156],[47.97790301,29.38483751],[47.9753741,29.38504624],[47.97307682,29.3821454],[47.97041845,29.38265741],[47.96808457,29.37833893],[47.96563005,29.37744272],[47.96039951,29.36844873],[47.96081626,29.36672032],[47.95636392,29.36334658],[47.95620513,29.36178768],[47.95214474,29.36023355],[47.94896543,29.35726714],[47.94153416,29.35546875],[47.94129956,29.35546875],[47.94139695,29.35472465],[47.93868041,29.35459363],[47.93761384,29.35411584],[47.92972076,29.34876907],[47.92526674,29.34693933],[47.92479265,29.34687102],[47.92200255,29.3475461],[47.92083514,29.34852874],[47.92045164,29.34906065],[47.92056382,29.35135734],[47.92555594,29.35394025],[47.93055666,29.35294437],[47.93103945,29.3542999],[47.93090355,29.35455835],[47.92915654,29.35466683],[47.92915475,29.35546875],[47.92904711,29.35546875],[47.9290961,29.3564589],[47.92989504,29.35830653],[47.93212891,29.35765743],[47.93242431,29.35838687],[47.92425108,29.36224926],[47.91538882,29.35770035],[47.908939,29.35752857],[47.90687096,29.35928822],[47.90056884,29.35546875],[47.90071702,29.35435295],[47.91443765,29.34547424],[47.91367245,29.34457254],[47.90982723,29.34428537],[47.90944564,29.34216773],[47.90890896,29.3417114],[47.89378917,29.33135772],[47.89196503,29.32903314],[47.89038181,29.32814312],[47.88830066,29.32760811],[47.88046765,29.32680762],[47.87460923,29.32385302],[47.87391651,29.32371426],[47.86543643,29.32317925],[47.86123633,29.31978393],[47.84852326,29.32006288],[47.83279204,29.32416451],[47.82924795,29.32612741],[47.82876051,29.32815587],[47.82531023,29.33055401],[47.82512307,29.3311094],[47.82649004,29.35217762],[47.82530725,29.35546875],[47.82119358,29.36273491],[47.82537735,29.36396623],[47.83184791,29.37156606],[47.84440005,29.37882292],[47.8469851,29.38156462],[47.85152376,29.38081765],[47.84933567,29.38442886],[47.84959435,29.38608921],[47.84113002,29.38836098],[47.84089458,29.38627911],[47.83990932,29.38617122],[47.83414555,29.39392662],[47.83522093,29.39132142],[47.83368611,29.39002144],[47.83719385,29.38846207],[47.83758211,29.38797891],[47.83770156,29.38512301],[47.83737576,29.38486242],[47.83422053,29.38369215],[47.83217597,29.38515306],[47.83243537,29.38209558],[47.82622302,29.38080776],[47.82597828,29.37979496],[47.8202455,29.37855673],[47.81955552,29.37730265],[47.8125,29.375],[47.80441916,29.37103725],[47.80385566,29.37087464],[47.80082762,29.37272215],[47.80060196,29.37310827],[47.79986155,29.37331152],[47.79526114,29.37058842],[47.79323065,29.37235785],[47.79328954,29.37820244],[47.78270435,29.37637484],[47.78114808,29.37220228],[47.77809608,29.37212801],[47.77193761,29.36979556],[47.76334536,29.37111914],[47.76234734,29.37304354],[47.75364792,29.37635744],[47.75182498,29.37472093],[47.74830306,29.37472093],[47.7411257,29.37012172],[47.73573041,29.36863816],[47.73133445,29.36516201],[47.73060763,29.36479294],[47.72710311,29.36436665],[47.72318423,29.36110878],[47.72045422,29.35999274],[47.71505141,29.35996246],[47.70991886,29.36124361],[47.70819581,29.36180937],[47.70453775,29.3656553],[47.70456386,29.3692826],[47.70244098,29.37491345],[47.70309615,29.37730062],[47.71419525,29.3792237],[47.7151829,29.39469016],[47.71554017,29.39518201],[47.72048831,29.39868855],[47.72392583,29.39937305],[47.73001075,29.4035176],[47.73035526,29.40368998],[47.73525143,29.40510392],[47.74002874,29.40454602],[47.74310982,29.40149725],[47.74144304,29.39795673],[47.74342287,29.39664125],[47.74442554,29.39397681],[47.74507785,29.39527488],[47.74955451,29.39651465],[47.75731325,29.41212702],[47.75776064,29.41267061],[47.76611304,29.41668427],[47.77188075,29.42621052],[47.77868843,29.43140471],[47.78138804,29.43403375],[47.78469563,29.43789971],[47.79812264,29.45689011],[47.80133164,29.45954955],[47.80256104,29.46381605],[47.80554032,29.46484697],[47.81169951,29.46986604],[47.8125,29.46986604],[47.8125,29.47042406],[47.81364834,29.47140348],[47.82009304,29.47437572],[47.83635807,29.48820794],[47.83822346,29.48832953],[47.84621108,29.49413502],[47.85057795,29.49772716],[47.85167468,29.49973476],[47.8638159,29.50813222],[47.87844253,29.51735806],[47.90215147,29.53125],[47.90231526,29.53125],[47.90228415,29.53139198],[47.92337596,29.54270422],[47.95190585,29.55689013],[47.98525715,29.56811666],[47.99071217,29.57126224],[47.99101627,29.57136404],[48.00131178,29.57043004],[48.01050603,29.57219756],[48.01560426,29.57279408],[48.02404702,29.57310271],[48.03227532,29.57279408],[48.06550193,29.56661832],[48.10190272,29.55685496],[48.11292541,29.55222094],[48.12543333,29.54441082],[48.12829685,29.54439604],[48.12854111,29.54279912],[48.13801765,29.53719354],[48.13946855,29.53525305],[48.14738238,29.53125],[48.14773297,29.53125],[48.15134096,29.52992821],[48.15200913,29.52755153],[48.15233207,29.52722466],[48.15736151,29.52403545],[48.15952873,29.52163815],[48.1629616,29.51689756],[48.1640625,29.51367176],[48.16710711,29.51137114],[48.16823375,29.51122415],[48.16982722,29.51159632],[48.17422306,29.51902342],[48.17546308,29.52337682],[48.18135846,29.52827108],[48.18046784,29.52930617],[48.18135238,29.53125],[48.18138385,29.53125],[48.18132234,29.53413653],[48.19171727,29.54671013],[48.17834043,29.56656337],[48.17830992,29.56704783],[48.18666482,29.57102215],[48.18722928,29.57124102],[48.18973064,29.5708822],[48.18964803,29.57126784],[48.18795896,29.57303071],[48.17597926,29.56793976],[48.17493701,29.56881165],[48.18564892,29.57437324],[48.18439376,29.57640576],[48.18295002,29.57603324],[48.18342304,29.57450736],[48.17596471,29.57074034],[48.17404175,29.57332551],[48.17402411,29.57544541],[48.16622818,29.58518732],[48.1640625,29.58872771],[48.16389906,29.58921444],[48.15767944,29.59923625],[48.15372467,29.60975444],[48.1519438,29.61960936],[48.14910913,29.62186837],[48.14801598,29.62678254],[48.13971794,29.63797164],[48.13066626,29.65764833],[48.12356007,29.66590321],[48.11843634,29.67653048],[48.11539495,29.68678212],[48.10935342,29.69470692],[48.10525453,29.70703125],[48.10493314,29.70800781],[48.10464573,29.71758986],[48.10677695,29.72934568],[48.1061964,29.73198271],[48.09490275,29.74298656],[48.09249306,29.74346244],[48.09163547,29.74195707],[48.08642328,29.74492741],[48.08541274,29.74468851],[48.08482945,29.74219835],[48.08380175,29.74234974],[48.08286846,29.74480772],[48.08031583,29.7455399],[48.07721806,29.75322998],[48.07487774,29.75580776],[48.06275404,29.75944793],[48.05579984,29.76464665],[48.05219603,29.77421534],[48.04809773,29.7798053],[48.04041791,29.79925096],[48.03013587,29.81681442],[48.02692223,29.82293522],[48.02274334,29.83250964],[48.01873291,29.84282446],[48.01470935,29.85514915],[48.01209545,29.86629927],[48.01141882,29.87848771],[48.01206136,29.8828125],[48.01178312,29.8828125],[48.01506603,29.89609516],[48.01636374,29.90211487],[48.02170205,29.91447043],[48.02111936,29.92592072],[48.0221194,29.93395185],[48.02598274,29.94549692],[48.01056755,29.95551634],[48.01001585,29.95605898],[48.00862074,29.95825934],[48.00827527,29.95946872],[48.00795376,29.96608293],[48.01174915,29.97621012],[48.01363885,29.98583925],[48.01329494,29.98835135],[48.01300037,29.98864937],[48.01024592,29.98936307],[48.00447083,29.98930335],[47.96972144,29.9969995],[47.96036446,30.00192404],[47.9544028,30.00886047],[47.95257962,30.02201414],[47.95267975,30.03414845],[47.95046747,30.03484726],[47.94648588,30.03913665],[47.94651234,30.04251027],[47.94145977,30.04634643],[47.93566275,30.05372918],[47.92826748,30.06005383],[47.92950642,30.06236064],[47.93196416,30.06345165],[47.93513107,30.06035221],[47.93516052,30.05859375],[47.9404155,30.05174994],[47.95031321,30.04094195],[47.95265925,30.04026663],[47.9541893,30.04662192],[47.95515955,30.06158316],[47.95521772,30.06731451],[47.95339572,30.07320237],[47.93778825,30.10346258],[47.93358207,30.10695624],[47.92796326,30.10750306],[47.91959405,30.11137962],[47.91148448,30.1189841],[47.91029108,30.12246347],[47.90723407,30.12372637],[47.90729797,30.12732244],[47.90360796,30.13272166],[47.89699995,30.1566323],[47.89438272,30.16224551],[47.89378691,30.17905486],[47.89460886,30.18147886],[47.89107311,30.18765283],[47.87960851,30.20183444],[47.87720084,30.20328116],[47.87494326,30.20789027],[47.87181926,30.21011961],[47.87392235,30.21078551],[47.87337375,30.21223998],[47.86823046,30.21667802],[47.86538124,30.21634102],[47.87105966,30.21186924],[47.86774301,30.21293926],[47.86138725,30.22025645],[47.86149752,30.22430801],[47.86703074,30.22974074],[47.87147522,30.23747265],[47.86289978,30.24313974],[47.85593832,30.25192821],[47.84891725,30.25570345],[47.84552801,30.26210046],[47.84442544,30.26920617],[47.83492315,30.28301287],[47.83591843,30.28747475],[47.83814216,30.28224194],[47.84561646,30.27231383],[47.85210645,30.25617874],[47.85723996,30.25408256],[47.86653495,30.24341023],[47.87404287,30.23912692],[47.87312222,30.2336719],[47.86934495,30.23083341],[47.86453807,30.22322726],[47.87560272,30.21390486],[47.87812924,30.21068633],[47.88430464,30.20642555],[47.88658512,30.20453656],[47.8871479,30.20148838],[47.8954004,30.19387305],[47.89561248,30.19349301],[47.89979565,30.18484652],[47.90140414,30.1759181],[47.90234935,30.17555737],[47.90082753,30.16450727],[47.91140962,30.12964737],[47.92348671,30.11533475],[47.93380964,30.11232805],[47.93924236,30.10934353],[47.94522834,30.10202575],[47.95747328,30.07714844],[47.95936382,30.07237744],[47.96037352,30.06812406],[47.96049964,30.05947065],[47.96206367,30.05651951],[47.96004188,30.05376112],[47.95989132,30.05010235],[47.96197557,30.04882312],[47.96226108,30.04843962],[47.96647084,30.04199195],[47.96727264,30.04000175],[47.96867657,30.02781332],[47.97279394,30.01766455],[47.97355044,30.01218414],[47.97511566,30.00846612],[47.97929728,30.00509357],[47.98450995,30.00284004],[48.00137711,30.00056696],[48.01094937,30.00133801],[48.01967072,30.00558031],[48.02046454,30.00624096],[48.03021014,30.01607752],[48.03161478,30.01725507],[48.04498506,30.02637327],[48.04736948,30.02756536],[48.06090724,30.03243303],[48.06138074,30.03257811],[48.07544255,30.03592646],[48.09951282,30.03683031],[48.13429403,30.03355408],[48.14179277,30.03568482],[48.1640625,30.03571415],[48.16744292,30.03571415],[48.18281817,30.03456855],[48.19721615,30.03158653],[48.20524526,30.02923942],[48.23795485,30.01715255],[48.26633668,30.00255346],[48.29061157,29.98636711],[48.31488645,29.97018075],[48.34134007,29.95664477],[48.34495103,29.95210826],[48.35453224,29.94950688],[48.36321783,29.94382155],[48.36764562,29.93894625],[48.38278317,29.93405044],[48.39803052,29.92668188],[48.43699276,29.91583514],[48.44186795,29.91157961],[48.45524871,29.91297603],[48.45858407,29.91158116],[48.48640585,29.90851164],[48.49003053,29.90820313],[48.51384234,29.90715897],[48.515625,29.90736604],[48.51559043,29.90739346],[48.52034485,29.90806365],[48.52090836,29.90799952],[48.54094374,29.90353191],[48.54544437,29.90423405],[48.55383217,29.90151382],[48.56439936,29.90150654],[48.57885277,29.90237308],[48.58744407,29.90490282],[48.59758592,29.90923095],[48.59813344,29.90964305],[48.60188436,29.91304874],[48.60227954,29.91638172],[48.60914648,29.91651905],[48.60898864,29.92089844],[48.61173594,29.92365861],[48.61159253,29.92699397],[48.61304021,29.92781913],[48.61310995,29.92788267],[48.60072565,29.9352231],[48.59490371,29.93771195],[48.57138121,29.94443452],[48.54795027,29.94870162],[48.515625,29.95786834],[48.50200546,29.96431768],[48.48074532,29.97772092],[48.45948517,29.99112415],[48.45159125,29.9978857],[48.44745004,30.00557256],[48.44515145,30.01502407],[48.44508517,30.04685807],[48.44375408,30.05390036],[48.43728864,30.06989241],[48.42888975,30.07988811],[48.41302204,30.09397161],[48.39144456,30.10689485],[48.3832494,30.11540031],[48.37999642,30.12184274],[48.37999654,30.12847078],[48.38343334,30.13636994],[48.3870517,30.14104354],[48.40316355,30.15555251],[48.4052999,30.15804064],[48.41317081,30.16985774],[48.41537464,30.17622054],[48.41537464,30.18369591],[48.41419733,30.18707144],[48.41211855,30.1912595],[48.40535176,30.20050228],[48.39929664,30.20689166],[48.37944734,30.22248137],[48.37096655,30.22982538],[48.35339355,30.2456398],[48.34678447,30.25237155],[48.33092195,30.27096021],[48.31505942,30.28954887],[48.30009961,30.30422986],[48.29442942,30.31150031],[48.29181004,30.31307232],[48.28101075,30.32615197],[48.26816571,30.33532774],[48.25943732,30.33879101],[48.25887895,30.33893526],[48.25353086,30.3393836],[48.25279164,30.33924246],[48.24159586,30.33349705],[48.23298681,30.32421875],[48.22136855,30.31571794],[48.21514475,30.3136456],[48.21182597,30.31362402],[48.20264065,30.31724334],[48.19618273,30.32399833],[48.19093478,30.33544993],[48.18630373,30.36030877],[48.18190432,30.37670195],[48.18130124,30.38957596],[48.17310166,30.41015625],[48.17055511,30.41272187],[48.16356313,30.41735196],[48.15784597,30.42056656],[48.14933324,30.42390227],[48.14894295,30.42404223],[48.14189363,30.42613173],[48.12531555,30.42794192],[48.11615312,30.43048644],[48.11280406,30.43194687],[48.10921144,30.43392873],[48.10233176,30.43857253],[48.09832025,30.44232857],[48.08857644,30.44566226],[48.08819425,30.44684875],[48.08789575,30.44835091],[48.08809483,30.44950962],[48.08889115,30.45036793],[48.09063232,30.45109713],[48.09466684,30.45129252],[48.09658265,30.45282447],[48.10277355,30.45284593],[48.10309684,30.45256686],[48.1175065,30.45054734],[48.12438881,30.44873154],[48.12896335,30.44721735],[48.14092135,30.44204235],[48.14186406,30.44152296],[48.1640625,30.42717636],[48.16448033,30.42749083],[48.16670001,30.42938232],[48.17048192,30.43064904],[48.18975306,30.43543327],[48.1974647,30.43380845],[48.20708442,30.42998481],[48.20898354,30.433483],[48.20900202,30.43956566],[48.21218097,30.44243193],[48.22016597,30.44536686],[48.23815632,30.45455575],[48.24506021,30.46005344],[48.25903678,30.46770561],[48.27072573,30.47790563],[48.27741265,30.47882414],[48.28345215,30.48185146],[48.28736222,30.48733175],[48.29023182,30.49707222],[48.30503595,30.50884175],[48.30715728,30.5116508],[48.30647194,30.51596832],[48.31554115,30.52531993],[48.32570732,30.53303564],[48.32886744,30.53710234],[48.33036435,30.53939664],[48.33410621,30.54853106],[48.33442962,30.54976582],[48.33929646,30.57616305],[48.34121835,30.57962906],[48.34204125,30.58087325],[48.34499967,30.583588],[48.34938467,30.5859375],[48.36222625,30.59043133],[48.36355007,30.59137595],[48.36390495,30.59349525],[48.36223495,30.59749985],[48.35617852,30.60588253],[48.35281956,30.60859871],[48.35203457,30.60886681],[48.35048854,30.60934663],[48.34115815,30.60878587],[48.33361375,30.60517693],[48.3263005,30.60481608],[48.32399225,30.60625017],[48.32437885,30.61224306],[48.32759953,30.61772776],[48.3330425,30.62116075],[48.34461784,30.62344706],[48.34542835,30.62459016],[48.34254575,30.62818384],[48.32939851,30.63742423],[48.32624185,30.64248502],[48.32189476,30.6550914],[48.32387137,30.66480506],[48.32772303,30.67085445],[48.33820248,30.68181467],[48.37155676,30.71057117],[48.37373722,30.71066105],[48.38152707,30.71595323],[48.38950562,30.72378707],[48.39091182,30.7266227],[48.39712191,30.72964585],[48.41310537,30.74297595],[48.42629993,30.75107884],[48.42705786,30.76093912],[48.42514062,30.77211511],[48.42804801,30.78171384],[48.43261266,30.78704023],[48.43787885,30.78959095],[48.44831407,30.78809392],[48.44645858,30.79113197],[48.43583322,30.79380107],[48.4333024,30.79596841],[48.43288135,30.80780137],[48.43646705,30.81623077],[48.45458615,30.83006418],[48.47161841,30.83322907],[48.47411287,30.83619285],[48.47349846,30.84247613],[48.46912527,30.84925175],[48.46319354,30.85460496],[48.45768845,30.85650444],[48.45103335,30.85322416],[48.42822433,30.83825386],[48.41741431,30.83401108],[48.41061127,30.83489001],[48.40902007,30.83648276],[48.40885961,30.84122884],[48.41037333,30.84666181],[48.42548215,30.86343515],[48.427688,30.87205446],[48.43004453,30.87390256],[48.43463051,30.87413454],[48.44408584,30.86750007],[48.45035934,30.86788285],[48.45376813,30.87057793],[48.45564127,30.87500644],[48.45566952,30.88019347],[48.45379591,30.88529575],[48.44592488,30.88999903],[48.42355025,30.8950057],[48.41552877,30.89452422],[48.40147805,30.88865316],[48.39498174,30.88933492],[48.39397097,30.89276981],[48.39681435,30.90722644],[48.39592671,30.91537094],[48.39312243,30.92034233],[48.38341486,30.92583704],[48.38011611,30.92636633],[48.37672257,30.92335224],[48.36789024,30.90973866],[48.36308455,30.90657258],[48.35959125,30.90644014],[48.35563481,30.90838897],[48.34870136,30.91749465],[48.3459419,30.92829227],[48.3465451,30.93789685],[48.35981035,30.96196592],[48.35896444,30.97953343],[48.36209703,30.98352134],[48.37702954,30.98652124],[48.38095152,30.99009085],[48.38232517,30.99429452],[48.38052237,30.99933243],[48.37620294,31.00307274],[48.37489045,31.00207376],[48.36383307,31.01354015],[48.36183214,31.01718855],[48.36226678,31.02288282],[48.36589015,31.02675092],[48.37538958,31.02982616],[48.38032424,31.02950406],[48.39138031,31.02518284],[48.40106392,31.02448976],[48.40564585,31.02802444],[48.40854001,31.03459585],[48.40732682,31.03948104],[48.40471125,31.04275072],[48.39801061,31.04841042],[48.38824844,31.053406],[48.37752128,31.06325686],[48.37126148,31.07216322],[48.36871862,31.08119404],[48.36968005,31.09602547],[48.37344873,31.10505021],[48.38259125,31.11521268],[48.39097095,31.12122631],[48.41031885,31.12825155],[48.41624606,31.13235974],[48.42618012,31.14365602],[48.43127644,31.14501584],[48.44312584,31.14161694],[48.44992888,31.14121318],[48.45694423,31.1438812],[48.46048236,31.15406251],[48.46320188,31.16894674],[48.46926367,31.18127048],[48.47271383,31.18461204],[48.47685397,31.18585503],[48.48183155,31.18441367],[48.48701072,31.17828774],[48.49209356,31.1664083],[48.49436212,31.16378891],[48.49714947,31.1627388],[48.50117827,31.16245055],[48.50405347,31.16358185],[48.50889826,31.16950595],[48.515625,31.17522323],[48.515625,31.17243302],[48.515625,31.17215395],[48.51362133,31.16925955],[48.50632525,31.16243017],[48.50270104,31.16105187],[48.49565577,31.16130125],[48.49226928,31.16334891],[48.48765647,31.16946328],[48.48203015,31.18035507],[48.47762811,31.18432367],[48.47379041,31.18356383],[48.47070158,31.18094826],[48.46580863,31.16694117],[48.46243775,31.14969671],[48.45872796,31.14315236],[48.44892311,31.13928938],[48.42776334,31.14307964],[48.42600322,31.14223564],[48.42151821,31.1348803],[48.41590571,31.12882328],[48.39257777,31.11831105],[48.38933444,31.11826158],[48.37973964,31.11045825],[48.37324762,31.1003381],[48.37126184,31.09465158],[48.37126255,31.08080375],[48.37392676,31.07145214],[48.38685393,31.05776715],[48.40583754,31.04570746],[48.40734363,31.0438987],[48.40605497,31.04236651],[48.41023028,31.03825784],[48.41048872,31.03484631],[48.40846634,31.02879083],[48.4025501,31.02335715],[48.39302886,31.02281845],[48.37562334,31.02871025],[48.36777008,31.02585328],[48.36379075,31.0222404],[48.36329031,31.01929164],[48.36554253,31.01470995],[48.38192236,31.00066137],[48.38322616,30.99321687],[48.37871206,30.98635125],[48.36424518,30.98276484],[48.3598448,30.97949207],[48.36157537,30.9646157],[48.35878265,30.95611334],[48.34844613,30.9375],[48.34685731,30.93226373],[48.34685731,30.92814624],[48.349159,30.92132413],[48.35450137,30.91188371],[48.35829687,30.9080137],[48.36232495,30.90725291],[48.36771011,30.91077638],[48.37562323,30.92661595],[48.38131785,30.92714667],[48.38714898,30.92544234],[48.39424515,30.92080736],[48.39656734,30.91729665],[48.39811277,30.90722644],[48.39632404,30.89298105],[48.39721465,30.88984942],[48.40050304,30.88941002],[48.41548002,30.89592636],[48.42352498,30.89589667],[48.446509,30.89142072],[48.4544332,30.88607252],[48.45710981,30.87697411],[48.45585108,30.87097621],[48.45210445,30.86758316],[48.44512343,30.86635721],[48.43307984,30.87315941],[48.42937481,30.87266874],[48.42643094,30.86219931],[48.41509914,30.85069227],[48.41049445,30.84325814],[48.4097867,30.83782005],[48.41214216,30.8351773],[48.41771901,30.83543825],[48.42354286,30.83793235],[48.42976296,30.84104097],[48.45016265,30.85518205],[48.45713604,30.85762835],[48.46232605,30.85711074],[48.46929288,30.85099614],[48.47545874,30.84166002],[48.47595716,30.83766258],[48.47439265,30.83338654],[48.45011044,30.82563663],[48.44133925,30.81823504],[48.43422484,30.80875373],[48.43353057,30.80186605],[48.43532574,30.79527426],[48.44923675,30.79266024],[48.45070124,30.79143405],[48.45070124,30.78892302],[48.44785404,30.78679275],[48.44240773,30.78814673],[48.43658006,30.78791678],[48.4334197,30.78655255],[48.42801213,30.77910483],[48.42638898,30.77410316],[48.42901885,30.75845015],[48.42907894,30.75412858],[48.42754996,30.75058925],[48.40326333,30.73263991],[48.3971163,30.72657192],[48.37099117,30.70585012],[48.34486604,30.68512833],[48.32979274,30.67067635],[48.32551944,30.663697],[48.32351494,30.65773666],[48.32351494,30.65281045],[48.32805002,30.64135313],[48.33363366,30.63516021],[48.34493196,30.62902665],[48.34729254,30.62578547],[48.3456068,30.62298524],[48.33531785,30.62003565],[48.32831276,30.61608803],[48.32545996,30.6120038],[48.32543385,30.60630631],[48.33128285,30.60665214],[48.34467041,30.61099684],[48.35021305,30.61101878],[48.35574281,30.6081686],[48.36414838,30.59860194],[48.36594427,30.59607816],[48.36569071,30.59227526],[48.36349726,30.58987308],[48.35090435,30.58367598],[48.34119987,30.57698917],[48.339715,30.5731945],[48.33706045,30.54967964],[48.33444166,30.53975236],[48.31152105,30.51810134],[48.309237,30.51515055],[48.30847037,30.51063192],[48.30299783,30.50428641],[48.29215205,30.49617362],[48.28990865,30.49316394],[48.28984034,30.48870754],[48.28755093,30.4839648],[48.28306806,30.47984326],[48.27904213,30.47798777],[48.27293336,30.47794986],[48.2709341,30.47694635],[48.26259458,30.46854305],[48.24869382,30.46089852],[48.23809147,30.45274937],[48.21215165,30.44137704],[48.20975387,30.43825138],[48.21080005,30.43140936],[48.2079699,30.42925346],[48.20588171,30.42895114],[48.19412541,30.43326485],[48.18757224,30.43412316],[48.16834092,30.4280709],[48.16554344,30.42643285],[48.1653372,30.42626822],[48.17931557,30.40915096],[48.18317497,30.40116584],[48.18495643,30.39241385],[48.18411195,30.38099754],[48.19017756,30.36026382],[48.19594038,30.33353925],[48.19877374,30.32686675],[48.20363283,30.32036161],[48.2103039,30.31633556],[48.21845031,30.31674325],[48.22718883,30.32320547],[48.23939013,30.33641815],[48.24916375,30.34160304],[48.26442075,30.34047615],[48.27274704,30.33636618],[48.28699505,30.32488596],[48.30712998,30.3026098],[48.32148695,30.28899336],[48.3409152,30.26733428],[48.36034346,30.24567521],[48.37558258,30.23169756],[48.40303922,30.20969796],[48.41631591,30.19412303],[48.41924155,30.18417335],[48.4192425,30.17711902],[48.41620445,30.16845477],[48.40928614,30.15638936],[48.38709462,30.13374472],[48.38518155,30.13031852],[48.38418663,30.12269986],[48.38708591,30.11525071],[48.38882387,30.11356032],[48.39953101,30.10632885],[48.41850925,30.09579265],[48.43097007,30.08617365],[48.43755245,30.07909942],[48.44501114,30.06819272],[48.44906497,30.05702746],[48.45114434,30.04326773],[48.45127034,30.00881064],[48.45374918,30.00282252],[48.45764566,29.9977231],[48.46394265,29.99250495],[48.4894067,29.978109],[48.51487076,29.96371305],[48.53556442,29.95709932],[48.55805695,29.95235586],[48.57468188,29.95058417],[48.59802771,29.94384575],[48.62171114,29.93122971],[48.62271655,29.93559253],[48.6242485,29.93248165],[48.62697184,29.93074894],[48.62939835,29.92907166],[48.62983084,29.92889762],[48.63726103,29.92767978],[48.64018571,29.92574227],[48.64072013,29.92563546],[48.64120471,29.92577505],[48.64106035,29.92854393],[48.64333534,29.92768276],[48.64623833,29.92905736],[48.64927304,29.92806375],[48.65001226,29.92922795],[48.65391695,29.92982304],[48.65765584,29.93480742],[48.66100144,29.93557835],[48.66220582,29.93328166],[48.66621435,29.93334854],[48.67502964,29.92776835],[48.67918336,29.92247415],[48.67980897,29.92228973],[48.68283224,29.92247725],[48.6868062,29.92924046],[48.6868031,29.93290627],[48.68392205,29.93765187],[48.68396854,29.94153714],[48.67893815,29.95361948],[48.67756271,29.96414626],[48.67785156,29.98033035],[48.67599034,29.98628902],[48.67690253,29.98689795],[48.680462,29.98547566],[48.68166125,29.98763597],[48.68766272,29.98027146],[48.69195116,29.97916806],[48.6918087,29.97725511],[48.69617665,29.9778825],[48.69506681,29.97507072],[48.6918385,29.97542894],[48.69240415,29.97364211],[48.69798017,29.97409177],[48.70003808,29.9781934],[48.69986475,29.97864711],[48.68874717,29.98845863],[48.68905425,29.99166572],[48.69472921,29.99590695],[48.69582653,30.0023247],[48.69455767,30.00472641],[48.69468796,30.00599205],[48.69604933,30.00794613],[48.69620025,30.00969231],[48.69560301,30.01026595],[48.69022846,30.01430428],[48.68697345,30.01914716],[48.68246901,30.04055476],[48.68171394,30.04289246],[48.67996717,30.04429007],[48.67372382,30.04739165],[48.67157114,30.04805434],[48.65862215,30.05045474],[48.65226614,30.05324948],[48.65028226,30.05450392],[48.64770722,30.05673611],[48.64393055,30.06214261],[48.64317405,30.06361747],[48.63848364,30.07738125],[48.63833141,30.07773435],[48.63477051,30.08332944],[48.63044393,30.08666146],[48.62601626,30.08823097],[48.61139858,30.09033406],[48.59489226,30.09628963],[48.58662045,30.10275817],[48.57003975,30.12411261],[48.56528425,30.13507044],[48.56436658,30.14058554],[48.56531715,30.14432287],[48.56894636,30.14834631],[48.57797825,30.15401781],[48.58455133,30.16055334],[48.58841693,30.17095435],[48.58873916,30.18251467],[48.58772933,30.18658006],[48.58611786,30.19151425],[48.58433807,30.19517767],[48.58402348,30.19560707],[48.58039486,30.19963717],[48.57766485,30.20197165],[48.57064462,30.20520365],[48.57003546,30.20540166],[48.55822253,30.20839667],[48.55260372,30.20839667],[48.54859197,30.20752251],[48.54511261,30.20653963],[48.53646171,30.20252538],[48.53277242,30.20036626],[48.515625,30.18833697],[48.515625,30.18805802],[48.50907123,30.18536902],[48.50843215,30.18625355],[48.50843811,30.18656123],[48.51546383,30.19001114],[48.515625,30.19001114],[48.51934958,30.19201016],[48.53508616,30.2034415],[48.53632116,30.20409656],[48.54386234,30.20746541],[48.54980791,30.20919967],[48.55362892,30.20985091],[48.56063902,30.20905113],[48.57153022,30.20626342],[48.57829905,30.20309663],[48.58092821,30.20081925],[48.58643377,30.19380474],[48.58998346,30.1851387],[48.59013546,30.18458962],[48.59092545,30.17850876],[48.59092867,30.17747581],[48.59035015,30.17010415],[48.58613574,30.16004574],[48.58463013,30.15798378],[48.57934487,30.15299702],[48.56911612,30.1462574],[48.5662235,30.14267147],[48.56622457,30.13831425],[48.56896544,30.13122988],[48.57290804,30.12344921],[48.57680905,30.11785924],[48.58882451,30.10308301],[48.59308147,30.09973264],[48.59692955,30.09750688],[48.60127223,30.09556961],[48.60973275,30.09297991],[48.62626696,30.08991075],[48.63461351,30.0859133],[48.64231873,30.07605612],[48.64685345,30.06186521],[48.65130007,30.05669105],[48.65595317,30.05444992],[48.67512965,30.04972255],[48.68161655,30.04622161],[48.68490064,30.04198217],[48.68815184,30.03445315],[48.69019616,30.02280724],[48.69051504,30.02217341],[48.69500256,30.01754856],[48.69687152,30.01780272],[48.70124841,30.01922274],[48.70412302,30.01925206],[48.70650434,30.02115452],[48.70944285,30.01952255],[48.71193123,30.01954496],[48.71607935,30.02243197],[48.71629226,30.02273405],[48.71823561,30.02622771],[48.71839225,30.02953923],[48.7225039,30.02998447],[48.72256792,30.03748465],[48.7228899,30.03833008],[48.72879183,30.04697716],[48.74033904,30.05601847],[48.74248111,30.05901217],[48.7399863,30.06950486],[48.74025953,30.07404876],[48.74341357,30.08340442],[48.74255824,30.08994365],[48.73952258,30.09637141],[48.73371661,30.10308635],[48.72575867,30.11785257],[48.72329736,30.12926507],[48.71762538,30.13788593],[48.71576941,30.14301634],[48.71540582,30.15213621],[48.71429574,30.15426135],[48.70522213,30.15887582],[48.69888175,30.16963887],[48.69135427,30.17707813],[48.68655956,30.18728864],[48.68273616,30.19187558],[48.67547214,30.19524562],[48.65816092,30.19649053],[48.65686333,30.19739604],[48.65530086,30.19934213],[48.65521991,30.19985783],[48.65561306,30.20115745],[48.65860295,30.20518827],[48.65928364,30.20629346],[48.65900123,30.20807695],[48.65490556,30.21417177],[48.65454245,30.2146039],[48.64356124,30.22258902],[48.64157164,30.22723091],[48.63747287,30.23064697],[48.63764024,30.23114502],[48.63820434,30.23224688],[48.63851094,30.23251331],[48.64068747,30.23134625],[48.64195275,30.23001862],[48.64530373,30.22387862],[48.65479624,30.21772838],[48.65906405,30.21127725],[48.66245556,30.20869124],[48.67545724,30.20836794],[48.68916035,30.2017585],[48.70410931,30.19888175],[48.71657085,30.19367635],[48.72278631,30.18983173],[48.7375499,30.1755383],[48.74484634,30.17068827],[48.74522614,30.17052305],[48.74691534,30.17101991],[48.75327444,30.17413533],[48.75565875,30.17627954],[48.75787163,30.18534851],[48.75883198,30.18695462],[48.75974774,30.1880089],[48.76227856,30.18996406],[48.76919758,30.19304648],[48.76891124,30.19228721],[48.7645421,30.19053066],[48.75967836,30.18675137],[48.75522804,30.1744734],[48.74763715,30.17001188],[48.74631393,30.16868544],[48.74658775,30.16699195],[48.75200236,30.15248096],[48.75248432,30.15176487],[48.77520311,30.12852955],[48.78660464,30.11267281],[48.79512668,30.10529435],[48.81086922,30.09329557],[48.81899107,30.08738065],[48.83958435,30.07641947],[48.85234511,30.0635792],[48.85642397,30.06086814],[48.86135066,30.05973923],[48.87564886,30.05996037],[48.88124621,30.05736208],[48.88243222,30.05502737],[48.88217771,30.05130994],[48.87042391,30.04060566],[48.87045574,30.03699577],[48.87377322,30.03398383],[48.89056158,30.02768457],[48.89564228,30.02103066],[48.89573336,30.02095592],[48.89986098,30.02067685],[48.91282022,30.02402496],[48.92267406,30.02821493],[48.92461038,30.02961385],[48.92870855,30.03353417],[48.93455934,30.04168308],[48.9331876,30.04239976],[48.92835116,30.03621376],[48.92441273,30.03403604],[48.92618024,30.03968096],[48.92742503,30.04229355],[48.93471837,30.05423915],[48.93487275,30.05457044],[48.93608344,30.05859375],[48.93646884,30.05859375],[48.93874085,30.06827962],[48.94061077,30.06928241],[48.93965375,30.07048547],[48.94088674,30.07720482],[48.93967295,30.08032095],[48.93993068,30.08765328],[48.93879986,30.08854163],[48.93996155,30.09027362],[48.93866384,30.09455252],[48.93681598,30.09541047],[48.93425775,30.10125017],[48.93387914,30.10183525],[48.93100727,30.10509265],[48.9284904,30.10740542],[48.92772484,30.10783446],[48.91826224,30.11188614],[48.90696383,30.12006915],[48.90599167,30.12202585],[48.90619957,30.12251711],[48.90677953,30.12237477],[48.92283332,30.11137021],[48.92470777,30.11052036],[48.929111,30.11023057],[48.9297204,30.11071455],[48.93224692,30.11312044],[48.94187975,30.12790787],[48.94203234,30.12819815],[48.94460344,30.13680875],[48.94476843,30.13742495],[48.94996881,30.17072546],[48.95029104,30.18169618],[48.94610214,30.19210625],[48.93510616,30.20771825],[48.93492126,30.20801032],[48.93220246,30.21390903],[48.93203485,30.21439123],[48.93070245,30.21897125],[48.93075442,30.22569752],[48.93314207,30.22876585],[48.93337512,30.22962177],[48.93290353,30.23187435],[48.93131304,30.234375],[48.93110788,30.234375],[48.91353846,30.26066816],[48.91322172,30.26108491],[48.91199994,30.26136601],[48.91193616,30.25725615],[48.91113412,30.25666547],[48.90929174,30.25558865],[48.90627921,30.25574505],[48.90244424,30.25775981],[48.89442635,30.26293945],[48.89410353,30.26321852],[48.88439226,30.27189302],[48.8766129,30.28104115],[48.8671875,30.30133915],[48.86702096,30.30129313],[48.86690354,30.30159736],[48.86031497,30.31157255],[48.85568583,30.31508422],[48.84890461,30.32362592],[48.83340275,30.33174515],[48.82091784,30.33200014],[48.81441116,30.32966983],[48.81134892,30.32734966],[48.80032921,30.30957174],[48.79509056,30.30532312],[48.7866863,30.30113626],[48.77431762,30.29889607],[48.7344321,30.29850864],[48.73400843,30.29806566],[48.73325014,30.29497325],[48.7329241,30.27590501],[48.73834443,30.26436925],[48.73712111,30.25533116],[48.73748934,30.25155354],[48.73780131,30.25066495],[48.74692774,30.24116182],[48.74812663,30.23969364],[48.75093341,30.23505235],[48.75114751,30.22811902],[48.74767101,30.21941936],[48.74635565,30.20775116],[48.75002885,30.20373404],[48.75989115,30.19740903],[48.76361513,30.19561934],[48.76972651,30.19486678],[48.76975882,30.19453466],[48.76946153,30.19374636],[48.76917911,30.19444954],[48.76806617,30.19504905],[48.76196945,30.19554031],[48.76146853,30.19581056],[48.74979365,30.20315838],[48.74579775,30.20712054],[48.74702644,30.21936822],[48.75018072,30.22783935],[48.75021482,30.23367751],[48.74996591,30.23532951],[48.74845421,30.23801422],[48.73914516,30.24713278],[48.73684394,30.25099516],[48.73702252,30.26435447],[48.73163271,30.27584708],[48.73195088,30.29437804],[48.73275936,30.29845822],[48.73277986,30.29873097],[48.73259532,30.29950404],[48.73063338,30.30293727],[48.72898185,30.3122735],[48.72685397,30.31414187],[48.72517705,30.31465852],[48.71670926,30.3136456],[48.71004224,30.31412005],[48.70538187,30.31613362],[48.69713545,30.32264626],[48.69358885,30.32933176],[48.6970216,30.34055662],[48.6970216,30.34527683],[48.69110644,30.35670066],[48.68078637,30.36902452],[48.67820454,30.37047601],[48.66754842,30.37130952],[48.66287875,30.37405336],[48.65210605,30.38653445],[48.65115595,30.38867748],[48.65176141,30.38930321],[48.65229321,30.38912284],[48.65505445,30.38652515],[48.65830004,30.38289952],[48.66455102,30.37424517],[48.67014301,30.37196112],[48.67813134,30.37162495],[48.68030226,30.37078631],[48.68211734,30.36972737],[48.68402314,30.36819744],[48.69247115,30.35823774],[48.69294167,30.35762095],[48.6967988,30.35093606],[48.69895864,30.34434307],[48.69895864,30.34029198],[48.69547582,30.33155966],[48.69547474,30.3288455],[48.6980319,30.32499683],[48.70752311,30.31729484],[48.71112382,30.31578481],[48.71276283,30.31531966],[48.72792912,30.31586683],[48.73229516,30.3113358],[48.73359334,30.30320144],[48.73483455,30.30135393],[48.73586786,30.30089915],[48.73736703,30.30090523],[48.74636591,30.30242574],[48.77647865,30.30192685],[48.78860331,30.30499601],[48.79406977,30.30869317],[48.79769385,30.31201506],[48.79849422,30.31313372],[48.80855775,30.33025396],[48.81575644,30.33392644],[48.82228374,30.3353492],[48.82871866,30.33557367],[48.83371484,30.33507085],[48.83793437,30.33419657],[48.83989274,30.33349335],[48.84765625,30.33004797],[48.86702621,30.31866777],[48.8671875,30.31863844],[48.87233782,30.31755185],[48.87499475,30.31755221],[48.87778127,30.31811023],[48.88045812,30.3211627],[48.88247192,30.32727766],[48.88062155,30.32844675],[48.87669945,30.32690597],[48.87445354,30.32839024],[48.87272477,30.33175003],[48.87295747,30.33691943],[48.87523592,30.3375951],[48.87222588,30.34010637],[48.87406731,30.34445035],[48.87146294,30.34699023],[48.87372375,30.34703398],[48.87659848,30.35211301],[48.88070655,30.35419464],[48.88016081,30.36203742],[48.88033485,30.36258864],[48.88370621,30.36845911],[48.88859355,30.37375975],[48.90112495,30.37804067],[48.90178263,30.37860382],[48.90386903,30.38112211],[48.90692985,30.38934004],[48.91209185,30.39824867],[48.9242357,30.40873551],[48.92545176,30.40937543],[48.92723393,30.41015625],[48.93090212,30.41015625],[48.94076645,30.41266727],[48.96619093,30.41207814],[48.97012794,30.41174376],[48.97521114,30.41015625],[48.97598135,30.41015625],[49.00099385,30.40437067],[49.00829542,30.39919853],[49.01068413,30.39886081],[49.02557695,30.40871191],[49.02860284,30.41015625],[49.02954662,30.41015625],[49.03169477,30.41138995],[49.03738081,30.41519141],[49.03897905,30.41753471],[49.03886652,30.41779161],[49.03391933,30.42473352],[49.03311825,30.42792547],[49.0280323,30.42893457],[49.02364874,30.43140328],[49.02021611,30.43376112],[49.01735461,30.43863094],[49.01581681,30.43944883],[49.01489222,30.43967736],[49.01437068,30.43958902],[49.01321745,30.43775153],[49.00802386,30.43657482],[49.00664115,30.43645716],[48.99609506,30.4378283],[48.99274075,30.43343258],[48.99154305,30.42841518],[48.99119425,30.42824447],[48.99081016,30.42885625],[48.99241364,30.43407643],[48.99500275,30.43904281],[49.00869524,30.43837464],[49.01312697,30.44080305],[49.01360977,30.44094491],[49.01697564,30.4409579],[49.01788163,30.44077027],[49.01846981,30.4404546],[49.02232623,30.43511927],[49.03449166,30.42883694],[49.0375967,30.42258835],[49.04172885,30.41774154],[49.05274868,30.42247045],[49.05309248,30.42269504],[49.05536282,30.4254986],[49.0555464,30.42604935],[49.05529153,30.42791104],[49.05490112,30.42850387],[49.05336761,30.42892575],[49.05233383,30.43127954],[49.05204701,30.43036246],[49.03882325,30.43782175],[49.03386521,30.44207644],[49.02719045,30.45413208],[49.00686765,30.46287656],[49.00510848,30.4630928],[49.00084007,30.46266258],[48.99197471,30.45940912],[48.98721135,30.45877492],[48.96015394,30.46004665],[48.95909166,30.46024764],[48.95496261,30.46211362],[48.95296347,30.46389031],[48.95111227,30.46666658],[48.94969475,30.46975708],[48.94990313,30.47759438],[48.94662631,30.48012745],[48.9326117,30.48350811],[48.91889477,30.48322952],[48.91148162,30.48093307],[48.90582931,30.48078871],[48.90033782,30.48474157],[48.89995861,30.48513555],[48.89765418,30.48846698],[48.89655936,30.49081743],[48.89884722,30.50178587],[48.89720917,30.50512695],[48.89578783,30.5061357],[48.8933897,30.50710571],[48.89181948,30.50752413],[48.88650048,30.50694561],[48.87990534,30.49834692],[48.87797093,30.4977653],[48.88448226,30.50660086],[48.88630903,30.50778365],[48.88901865,30.50837052],[48.89180744,30.50836265],[48.89340687,30.50793874],[48.89790344,30.50593376],[48.89981914,30.50292957],[48.89988744,30.4976536],[48.90313637,30.48994041],[48.90839934,30.48544514],[48.90891671,30.48526084],[48.91336036,30.48484361],[48.92399538,30.48918653],[48.92856753,30.48988128],[48.94330025,30.48765814],[48.95107865,30.48376775],[48.95698166,30.48879004],[48.96049547,30.49057054],[48.96410263,30.49172485],[48.97334683,30.49300432],[48.97426808,30.49351931],[48.97652161,30.49636316],[48.97667277,30.49658406],[48.98145998,30.4995079],[48.98145056,30.49996352],[48.97868311,30.50165975],[48.97491765,30.50143182],[48.97465062,30.50182927],[48.97571897,30.50247014],[48.97837853,30.50271726],[48.97919405,30.50260043],[48.98384285,30.50090468],[48.98440695,30.50099754],[48.9891541,30.50443482],[48.99747395,30.50582981],[49.00843692,30.50506318],[49.01451063,30.50284767],[49.02902615,30.50545514],[49.03861737,30.50580382],[49.04234183,30.50545394],[49.04555607,30.50671065],[49.05972242,30.50562966],[49.06016004,30.50573874],[49.06076944,30.50631535],[49.05985928,30.51078105],[49.05760801,30.51324534],[49.05857515,30.51336145],[49.05891883,30.51321244],[49.06093395,30.51127434],[49.06100512,30.50841701],[49.06702554,30.49958205],[49.06683564,30.48053932],[49.07142174,30.46558034],[49.07711971,30.46293724],[49.07915413,30.45858395],[49.07617915,30.45779836],[49.07083642,30.46002758],[49.06237543,30.45765126],[49.0404613,30.4611423],[49.03647256,30.46003735],[49.03208137,30.45635164],[49.03190434,30.45493758],[49.04025352,30.44297946],[49.05268157,30.43774021],[49.0589745,30.43150795],[49.06132472,30.42598164],[49.06416333,30.42385435],[49.06998956,30.42313528],[49.07109988,30.42111993],[49.08277285,30.4219743],[49.08543324,30.42403805],[49.08802462,30.42228186],[49.08933365,30.42429078],[49.09370935,30.42335284],[49.10325861,30.42642856],[49.10857117,30.42560267],[49.11055076,30.42731345],[49.11426175,30.42809677],[49.11431801,30.43094313],[49.11775363,30.43829834],[49.11619306,30.44289875],[49.10843265,30.44929433],[49.10183334,30.45238006],[49.10072792,30.45246685],[49.09956265,30.45068765],[49.09682262,30.45111907],[49.09525061,30.44983184],[49.0939455,30.45087302],[49.09633517,30.45337665],[49.08067906,30.45739424],[49.08084393,30.46278465],[49.08425105,30.46377337],[49.08903432,30.46126163],[49.09926474,30.45867896],[49.10077715,30.45537925],[49.10282183,30.45585692],[49.10757184,30.45331907],[49.11022043,30.45348334],[49.10534418,30.46198773],[49.09757245,30.47040164],[49.08843315,30.47653997],[49.07884324,30.47996223],[49.07749724,30.48285735],[49.07875204,30.49285746],[49.08061922,30.49650836],[49.07942557,30.49907315],[49.08070064,30.50112021],[49.07785714,30.50419331],[49.07841241,30.50514102],[49.08570266,30.50238681],[49.09111643,30.50356245],[49.09651995,30.50269032],[49.09913182,30.49738336],[49.11216915,30.49260294],[49.11428988,30.49292266],[49.11630845,30.49708748],[49.12025344,30.49809897],[49.11989486,30.49968624],[49.11632693,30.50106335],[49.11484897,30.50292945],[49.11523557,30.50903606],[49.10950065,30.5124377],[49.10560274,30.5121721],[49.10658026,30.51290715],[49.10857117,30.51331866],[49.1101222,30.51309896],[49.11653996,30.50962663],[49.11698604,30.50348961],[49.12103581,30.50088275],[49.12245905,30.50191486],[49.12495685,30.49567521],[49.12716603,30.49389791],[49.13084054,30.49286127],[49.13192952,30.49348485],[49.12919784,30.4967916],[49.12937665,30.49919581],[49.13343143,30.49357402],[49.14343154,30.49093366],[49.13976037,30.47200203],[49.14227891,30.46619284],[49.14532852,30.46446562],[49.14881384,30.46439052],[49.15338266,30.47309315],[49.15525925,30.48589635],[49.16006112,30.49548996],[49.15594101,30.50196552],[49.15921903,30.50421345],[49.15779233,30.50221264],[49.15971255,30.49797547],[49.16289043,30.49771237],[49.16344345,30.49312794],[49.15863705,30.4901247],[49.15602267,30.48641145],[49.15601146,30.48356593],[49.15793025,30.48355365],[49.16738892,30.49121368],[49.16622925,30.48866165],[49.15969491,30.48337066],[49.16422784,30.48434246],[49.17116153,30.48368931],[49.15769255,30.48093581],[49.15572715,30.47709954],[49.15447116,30.46991694],[49.15683031,30.46927214],[49.15900862,30.46491623],[49.16205835,30.46221244],[49.16388822,30.46176195],[49.16589224,30.46281326],[49.16772211,30.45905817],[49.16894186,30.45875776],[49.17123365,30.45892453],[49.17905915,30.46464396],[49.18091536,30.46460545],[49.18833566,30.46848714],[49.19021988,30.47273326],[49.18420315,30.48090446],[49.19282401,30.47389984],[49.19499505,30.48188925],[49.19715655,30.48312104],[49.19894266,30.48843205],[49.20085275,30.49011111],[49.20565546,30.49144495],[49.20852137,30.49410295],[49.20880151,30.49794436],[49.20492685,30.50333595],[49.20595562,30.50656176],[49.20629191,30.50689816],[49.20686293,30.50655687],[49.20698583,30.50433791],[49.2088474,30.50406563],[49.20860255,30.50210154],[49.21065032,30.49994385],[49.21182644,30.49565971],[49.20488405,30.48950183],[49.2039417,30.48714554],[49.20785928,30.48571396],[49.21294045,30.48586786],[49.20667112,30.48354137],[49.20597386,30.47978628],[49.20906615,30.47822154],[49.21568954,30.47946286],[49.21459615,30.47826028],[49.21619356,30.47335315],[49.21402943,30.47249424],[49.21101177,30.47568595],[49.20675814,30.47099936],[49.20606112,30.46837091],[49.20675814,30.46656835],[49.20945942,30.46296346],[49.21037185,30.46218646],[49.21242774,30.46112871],[49.21422911,30.46145952],[49.21497202,30.46040237],[49.21875,30.46037936],[49.21875,30.46065843],[49.22020996,30.46065426],[49.2212888,30.46227694],[49.21875,30.46512282],[49.21991551,30.46954703],[49.23069286,30.47244263],[49.23343694,30.47123492],[49.23356462,30.47065008],[49.22998631,30.47071934],[49.22098517,30.46746075],[49.22085547,30.46720672],[49.22147715,30.46497786],[49.22518516,30.45995915],[49.22572386,30.45960987],[49.22769904,30.45932615],[49.22800446,30.45943534],[49.23610151,30.46356535],[49.23678875,30.46365464],[49.24087226,30.46134126],[49.24623656,30.46234441],[49.24099398,30.45945406],[49.23699141,30.46173692],[49.23278165,30.46100044],[49.22679067,30.45773864],[49.23019338,30.45407784],[49.22281837,30.45845556],[49.21981263,30.45691943],[49.22016442,30.44980645],[49.22271192,30.44999838],[49.22791636,30.44788873],[49.23287177,30.45000482],[49.23766887,30.45029545],[49.23233604,30.44774103],[49.23242426,30.44562173],[49.22050858,30.44778526],[49.21956527,30.44511366],[49.22273803,30.44427848],[49.22602522,30.44501734],[49.22605371,30.44285548],[49.23201501,30.43956232],[49.23878622,30.44036365],[49.23632026,30.43807912],[49.23574615,30.43567657],[49.23894918,30.43296135],[49.24329877,30.43240345],[49.24479401,30.43070436],[49.25964284,30.43476844],[49.25817394,30.44150865],[49.26008201,30.44381142],[49.26109624,30.44331074],[49.25958753,30.44118345],[49.25984204,30.43869102],[49.26147175,30.43695927],[49.26539505,30.43704355],[49.26732337,30.44268835],[49.26954305,30.44491935],[49.27010381,30.44988477],[49.2716186,30.45141661],[49.27106202,30.44692624],[49.26733863,30.44042277],[49.26763928,30.43774486],[49.26881456,30.43732584],[49.27200091,30.44191861],[49.27789807,30.44599128],[49.27764535,30.45242667],[49.28284764,30.46051538],[49.28344822,30.46063435],[49.28369522,30.46035266],[49.28321552,30.45841086],[49.27911425,30.4530133],[49.27976906,30.44670451],[49.28191376,30.44755292],[49.28615236,30.45252836],[49.28418827,30.44809711],[49.29045951,30.44805408],[49.29475462,30.44323957],[49.29153681,30.44408786],[49.29067326,30.44642568],[49.28853977,30.44763601],[49.28381216,30.44691205],[49.27544665,30.44157314],[49.27552903,30.43990576],[49.27306056,30.43966162],[49.27041817,30.43479192],[49.25791526,30.43142414],[49.24892735,30.42738545],[49.25346434,30.42072761],[49.25780392,30.42036843],[49.25974512,30.42246938],[49.26458251,30.42092323],[49.26377571,30.41995156],[49.26090372,30.42117834],[49.25962925,30.41940606],[49.25498116,30.41783285],[49.25769997,30.41333151],[49.25804412,30.41312206],[49.26237345,30.41065967],[49.26566267,30.41150475],[49.26661015,30.41152275],[49.26764393,30.41085947],[49.2675004,30.4106189],[49.26426911,30.41015625],[49.26437855,30.40853763],[49.26411486,30.40832567],[49.26039505,30.41015625],[49.25673056,30.41135502],[49.25281656,30.41171896],[49.25043285,30.41153204],[49.24912071,30.41055834],[49.24947524,30.41015625],[49.24941886,30.41015625],[49.25009692,30.40837491],[49.25114942,30.40797901],[49.25044918,30.40892231],[49.25200152,30.41015625],[49.25432813,30.40694857],[49.25443494,30.40481615],[49.25305235,30.40404856],[49.24824595,30.40734661],[49.24219883,30.40924525],[49.22787094,30.40869021],[49.22744656,30.40850854],[49.23897207,30.40573013],[49.24129593,30.40649307],[49.24111116,30.40534103],[49.24440205,30.40425515],[49.24499631,30.40329385],[49.24389505,30.40268791],[49.23587334,30.40408266],[49.23547685,30.40379298],[49.24036133,30.40022194],[49.23624218,30.40053451],[49.23584342,30.3973397],[49.23374987,30.39966881],[49.23327744,30.39976966],[49.23061991,30.39907396],[49.22630191,30.40121984],[49.22286201,30.40097928],[49.22084033,30.40220296],[49.21875,30.40094864],[49.21656644,30.39777851],[49.21653163,30.39713991],[49.21674717,30.39573336],[49.21731055,30.39529192],[49.21875,30.39481032],[49.22914088,30.39310658],[49.23583043,30.38904786],[49.2377758,30.38429785],[49.23969054,30.38341415],[49.24294686,30.38379645],[49.23763812,30.38127291],[49.23905015,30.37823153],[49.23863268,30.37809718],[49.23648155,30.37963116],[49.23649168,30.38376594],[49.23490298,30.38389385],[49.23193395,30.38821626],[49.22547245,30.39180183],[49.22373426,30.39043665],[49.22511494,30.38573742],[49.22250307,30.38004041],[49.22466707,30.37798035],[49.22675645,30.37263751],[49.22649527,30.37173617],[49.22400105,30.3686552],[49.22646773,30.36503875],[49.22459114,30.36403477],[49.22663593,30.3625195],[49.23440731,30.36216521],[49.23836136,30.36030853],[49.24015045,30.35868454],[49.23870635,30.35752428],[49.23887575,30.35466063],[49.24032533,30.35335684],[49.23868501,30.35417044],[49.23847723,30.35460508],[49.23756623,30.35965693],[49.23704827,30.36003983],[49.23010802,30.36152601],[49.22566307,30.36032236],[49.22523057,30.35990167],[49.22149396,30.35339272],[49.22156787,30.35300565],[49.22446716,30.34341216],[49.22540665,30.34209001],[49.22600055,30.34172654],[49.23233545,30.34109044],[49.23821962,30.33617806],[49.24008274,30.33401668],[49.23948896,30.33380234],[49.23377752,30.3383826],[49.23114622,30.33953142],[49.22917104,30.34016275],[49.22491825,30.34019983],[49.22300673,30.34204745],[49.22284651,30.3423928],[49.22078001,30.34985042],[49.2199856,30.35035455],[49.21963584,30.3504101],[49.21875,30.34933031],[49.21875,30.34849334],[49.21439886,30.33944714],[49.21459687,30.33665073],[49.2189182,30.3304044],[49.22114384,30.32486355],[49.22607577,30.32035136],[49.22664654,30.31515741],[49.22681737,30.31472874],[49.23092174,30.30752182],[49.23553216,30.30228126],[49.23772097,30.2922163],[49.24648905,30.28740215],[49.24551094,30.28124321],[49.24641705,30.27598548],[49.2512964,30.27267706],[49.25288522,30.26834273],[49.25210023,30.26559055],[49.24735868,30.25969136],[49.24523282,30.25871265],[49.23862934,30.25917733],[49.23513567,30.25695717],[49.23367524,30.25193512],[49.23398542,30.25081873],[49.23617351,30.25136673],[49.23734403,30.25032055],[49.23867595,30.24069691],[49.23837125,30.23504007],[49.23808432,30.234375],[49.23805141,30.23265457],[49.23654067,30.22860098],[49.23625374,30.22825193],[49.22625351,30.22173703],[49.22590804,30.22080505],[49.2260493,30.21952367],[49.22770822,30.21585751],[49.23262036,30.21029735],[49.2457242,30.19861782],[49.24925125,30.19128346],[49.25095665,30.19017196],[49.25072336,30.18418455],[49.25243735,30.17795384],[49.24968493,30.17396748],[49.24902403,30.16433871],[49.24636352,30.1617763],[49.24525464,30.15839458],[49.24666905,30.15138745],[49.24795318,30.15003562],[49.24555266,30.14636636],[49.24287283,30.13579297],[49.24331951,30.13540685],[49.24577594,30.13497233],[49.25861657,30.13521373],[49.26447856,30.13598621],[49.26950335,30.13675857],[49.27681685,30.13989675],[49.29401147,30.13980031],[49.29590976,30.14115214],[49.29618895,30.14385581],[49.30126965,30.14602828],[49.30311215,30.14945614],[49.30422866,30.14742851],[49.32918525,30.14800775],[49.33656061,30.15234232],[49.34385598,30.15361905],[49.36443973,30.15436995],[49.36591625,30.15647292],[49.37008512,30.15399444],[49.37538302,30.15264273],[49.37573028,30.14821172],[49.3736459,30.14295447],[49.37477505,30.14272916],[49.37677264,30.14528275],[49.38333511,30.1469115],[49.38855207,30.15060174],[49.41293645,30.15451217],[49.43126035,30.15873158],[49.44694114,30.15951836],[49.45275176,30.15901065],[49.45956433,30.15757763],[49.46510422,30.15554655],[49.46611941,30.15508246],[49.48053467,30.1426748],[49.49164605,30.13512707],[49.49396455,30.13312376],[49.49573302,30.13106453],[49.49969792,30.12444067],[49.50207531,30.11897075],[49.50224304,30.11827946],[49.50393117,30.10756135],[49.50417304,30.10407364],[49.50425351,30.07686925],[49.5057801,30.06738222],[49.50578535,30.06710768],[49.50440586,30.06525457],[49.50425351,30.05859375],[49.50431395,30.05859375],[49.50499201,30.05233431],[49.50759482,30.04534793],[49.50800335,30.04472268],[49.52448904,30.02709568],[49.53435862,30.01743054],[49.54888213,30.00479114],[49.55299592,30.00146902],[49.55982065,30.00030744],[49.56302893,29.99841034],[49.5703125,30.00027895],[49.57840741,30.00292206],[49.57902575,30.00318885],[49.58309448,30.00583971],[49.58876955,30.0064429],[49.59334683,30.01083767],[49.60296953,30.01455116],[49.60528481,30.01697791],[49.63738966,30.03268325],[49.66454315,30.04871416],[49.67453837,30.05341256],[49.67501664,30.05368865],[49.68170488,30.05859375],[49.68199456,30.05869007],[49.69646037,30.06752896],[49.71133554,30.07555854],[49.73126435,30.08901584],[49.76428401,30.10793793],[49.77155805,30.11034954],[49.77233446,30.11261976],[49.77444696,30.11408877],[49.80898011,30.13321447],[49.83211809,30.14942765],[49.85525608,30.16564083],[49.87722337,30.17936051],[49.90783834,30.19480216],[49.921875,30.20005584],[49.94738495,30.20811784],[49.95454955,30.21001375],[49.97746956,30.21335924],[49.98777366,30.21374071],[50.00314403,30.21285236],[50.01992774,30.21074915],[50.02073455,30.21060193],[50.03330648,30.20650494],[50.03557205,30.20578635],[50.03627098,30.2057178],[50.03988254,30.20654845],[50.04255617,30.20397735],[50.0486865,30.20333135],[50.05947745,30.19891751],[50.06214595,30.19723475],[50.07944214,30.18506265],[50.07987106,30.18468654],[50.08809876,30.17671061],[50.08869731,30.1759932],[50.09835935,30.16047454],[50.10007942,30.15946496],[50.11027014,30.13510537],[50.1161412,30.12818146],[50.11844575,30.12270987],[50.12087286,30.12200534],[50.12413538,30.12334466],[50.12485933,30.1187247],[50.12345636,30.11846995],[50.12332773,30.11778414],[50.12350154,30.11713958],[50.12465477,30.11363685],[50.12790275,30.10951531],[50.13414454,30.0963397],[50.1362462,30.09133863],[50.14094865,30.07791567],[50.14225233,30.07295215],[50.14450777,30.06052434],[50.14454186,30.05859375],[50.14679551,30.03974497],[50.14764535,30.03881621],[50.15134132,30.03888285],[50.15034544,30.03759146],[50.14760447,30.03711867],[50.14669144,30.03555191],[50.14618421,30.02050447],[50.14632761,30.01988506],[50.14738166,30.01845002],[50.15173125,30.01909566],[50.15013647,30.01760542],[50.14671445,30.01714563],[50.14586794,30.01537704],[50.14577842,30.00368595],[50.14677405,30.00178754],[50.14521325,29.99980974],[50.14335525,29.99213755],[50.14358926,29.98513532],[50.14247131,29.98145366],[50.14369404,29.96833146],[50.14165127,29.95553493],[50.13828623,29.94493365],[50.1382606,29.94433427],[50.14073443,29.94275522],[50.14085841,29.93943644],[50.14109623,29.93922317],[50.14599061,29.93800032],[50.14335501,29.93280971],[50.14383352,29.92980504],[50.14421427,29.92941737],[50.14726865,29.93028855],[50.14820826,29.9320333],[50.14908385,29.93247116],[50.15016747,29.93251991],[50.15105021,29.93222773],[50.15701473,29.92708802],[50.16743076,29.92202306],[50.17443156,29.9158107],[50.17715073,29.91540456],[50.17687845,29.91313004],[50.18603694,29.9059993],[50.19648135,29.89445984],[50.19958043,29.89274514],[50.20076811,29.89018214],[50.20433795,29.88747168],[50.20679522,29.8828125],[50.20755971,29.8828125],[50.21505833,29.88207483],[50.21623647,29.88117051],[50.21695328,29.88014126],[50.21548605,29.87737203],[50.21810281,29.87560713],[50.22014892,29.87632513],[50.22256768,29.86944926],[50.22614098,29.86728501],[50.23012423,29.8618561],[50.23317075,29.8601861],[50.24729025,29.84561014],[50.24891472,29.84525716],[50.25077832,29.84025896],[50.25434256,29.83882844],[50.25884116,29.83018243],[50.26042807,29.82967687],[50.25644565,29.82672787],[50.25813413,29.82638323],[50.26113081,29.82770622],[50.26233757,29.82754552],[50.26436341,29.8262887],[50.2664237,29.82382023],[50.26964438,29.81764817],[50.27116394,29.81707907],[50.2734375,29.81305802],[50.27533293,29.81113863],[50.28280985,29.79517114],[50.29951513,29.77165353],[50.30822325,29.7571578],[50.31401575,29.75501323],[50.31775272,29.75039852],[50.32441366,29.73561537],[50.33087432,29.7299211],[50.33173084,29.73060346],[50.33360505,29.72985387],[50.33405447,29.72951531],[50.33881855,29.72415638],[50.34556353,29.72036552],[50.34694004,29.71901345],[50.35651648,29.70703125],[50.36014485,29.70328915],[50.36653781,29.69350135],[50.37662065,29.68655896],[50.38135076,29.68033075],[50.38463402,29.67903197],[50.38718843,29.67649341],[50.39004791,29.67165875],[50.39863527,29.66595876],[50.40177703,29.66102374],[50.40782607,29.65829933],[50.40935802,29.65516305],[50.41791463,29.65192437],[50.42177415,29.64874673],[50.42495155,29.65023696],[50.44210446,29.64280605],[50.44865406,29.63881826],[50.46225834,29.62799728],[50.47003257,29.62118864],[50.47812343,29.61332667],[50.48128986,29.61000073],[50.4865067,29.60257077],[50.48846126,29.60226798],[50.48869705,29.59883583],[50.48889554,29.59853101],[50.49134254,29.59539056],[50.49337971,29.59449196],[50.49867916,29.58663535],[50.49888468,29.58625364],[50.5027101,29.57793367],[50.50286412,29.57746613],[50.50798523,29.55530107],[50.50940645,29.55449617],[50.50908256,29.55199683],[50.51149392,29.54781878],[50.51442921,29.54611266],[50.51744914,29.54607773],[50.51971114,29.54749215],[50.52260005,29.54495084],[50.52578807,29.54438031],[50.52817655,29.54148817],[50.53466117,29.5376271],[50.53467011,29.53641224],[50.53672302,29.53433037],[50.54063785,29.53125],[50.54111171,29.53125],[50.54802406,29.52349734],[50.55314696,29.52038217],[50.55657315,29.51574361],[50.56143785,29.51249492],[50.56578743,29.51153803],[50.56563747,29.50924826],[50.56950486,29.50685024],[50.57278824,29.50245953],[50.57286668,29.50035036],[50.5705111,29.5007956],[50.57077527,29.49928665],[50.58785856,29.48311925],[50.5924437,29.47697115],[50.59552181,29.47781527],[50.59209323,29.48848665],[50.5939635,29.49359477],[50.59636927,29.49529827],[50.59617138,29.497316],[50.59195101,29.50109935],[50.58598125,29.50039351],[50.58447945,29.50325274],[50.58587193,29.50435877],[50.58551276,29.50578225],[50.58283651,29.50667727],[50.58212495,29.50823283],[50.58461595,29.51041758],[50.5794363,29.51181614],[50.57894695,29.51689076],[50.58575284,29.5186429],[50.59444106,29.51250982],[50.59819937,29.50767112],[50.60437536,29.50519025],[50.61078203,29.49845362],[50.61109352,29.49729216],[50.60989118,29.49677801],[50.61310041,29.49537218],[50.61418951,29.49436486],[50.61497796,29.49230933],[50.6149013,29.49157286],[50.61290514,29.48770034],[50.61232817,29.48754716],[50.60547972,29.49126804],[50.60133517,29.48854995],[50.60129821,29.48827708],[50.61128604,29.47092426],[50.61463404,29.46925116],[50.61629891,29.47164905],[50.61300004,29.47653592],[50.61722243,29.47524822],[50.62457907,29.47003424],[50.62212253,29.46649206],[50.62219441,29.46604145],[50.625,29.46372771],[50.62782157,29.46141398],[50.63256025,29.46014106],[50.63389885,29.46028817],[50.63683558,29.46336055],[50.63691175,29.46352077],[50.63538074,29.46712208],[50.62742674,29.47723413],[50.62705958,29.47783315],[50.62583995,29.48162651],[50.6262331,29.4814347],[50.62787175,29.47846687],[50.63564861,29.47086978],[50.63804936,29.46334422],[50.63806868,29.46331167],[50.63995981,29.46186721],[50.64023745,29.46107936],[50.63925731,29.45576346],[50.64947295,29.44120276],[50.64945996,29.4395467],[50.65369058,29.43530095],[50.65816212,29.43509114],[50.66028512,29.43344593],[50.65909374,29.43259335],[50.65547645,29.43336523],[50.65492761,29.43219435],[50.65742922,29.42617035],[50.65739655,29.42292178],[50.65950727,29.41948414],[50.66314232,29.3971945],[50.66496277,29.39447117],[50.66411316,29.39244485],[50.66498911,29.36129308],[50.66377616,29.35724747],[50.66367185,29.35546875],[50.66312015,29.33601165],[50.66523612,29.31526995],[50.66470122,29.29438901],[50.66568828,29.29170454],[50.66636765,29.2913177],[50.66965663,29.29310262],[50.66994762,29.29336321],[50.67674112,29.30075645],[50.68118382,29.3015238],[50.68158555,29.30189896],[50.68264174,29.30713844],[50.68385315,29.30823422],[50.68457556,29.30861914],[50.69836867,29.31358647],[50.70644951,29.31259716],[50.70517027,29.31144547],[50.69935942,29.31202185],[50.69235086,29.30968094],[50.68747747,29.30492306],[50.68189287,29.29407251],[50.67724895,29.29331505],[50.67497814,29.29112065],[50.67343223,29.29176593],[50.66847014,29.29008734],[50.66849506,29.29000366],[50.66895294,29.28976345],[50.67219186,29.29035675],[50.66930592,29.28509736],[50.66952443,29.28028715],[50.67216194,29.27662265],[50.67210746,29.27528775],[50.67195582,29.27497864],[50.66919482,29.27345562],[50.66736794,29.27673554],[50.66690612,29.27702868],[50.66514814,29.27703595],[50.66437805,29.27581561],[50.66404521,29.26952493],[50.66450822,29.26779234],[50.66503978,29.2669934],[50.66933501,29.26480722],[50.67037225,29.26637125],[50.66961575,29.27114117],[50.67193913,29.27084875],[50.67513347,29.27455974],[50.67848134,29.27482104],[50.68522644,29.28365326],[50.69585705,29.28974044],[50.68274665,29.27295744],[50.67855251,29.27071786],[50.67583084,29.27101684],[50.6719383,29.26416993],[50.67215395,29.26008606],[50.67472661,29.25926685],[50.67628968,29.25948346],[50.67559206,29.26150632],[50.67795491,29.26605606],[50.68175924,29.26294231],[50.68128383,29.26157904],[50.68346214,29.25745678],[50.68108654,29.25483835],[50.68068743,29.25110304],[50.68114912,29.25036347],[50.68396366,29.25107205],[50.68470621,29.24988055],[50.67526197,29.24809468],[50.66823435,29.25241232],[50.66489661,29.24751425],[50.65927768,29.24353564],[50.65948415,29.23146832],[50.65767336,29.22826362],[50.64905381,29.19692182],[50.64905405,29.19623494],[50.64981234,29.19321501],[50.64998376,29.19292855],[50.65134966,29.19298196],[50.65174663,29.19317937],[50.65542066,29.19932687],[50.65717506,29.20030534],[50.65669775,29.20455241],[50.65960324,29.20784032],[50.65947425,29.20492971],[50.66106284,29.20424235],[50.65958822,29.19316006],[50.66165757,29.19154465],[50.65990734,29.18474114],[50.66146827,29.18155301],[50.65881634,29.1796875],[50.65842736,29.17710674],[50.65104377,29.17267764],[50.64886963,29.16733384],[50.64722705,29.16713595],[50.64693165,29.16676044],[50.64518023,29.16293025],[50.64506471,29.1623528],[50.64683473,29.16178286],[50.64699602,29.16141582],[50.6476016,29.15696645],[50.65153646,29.15579367],[50.65251446,29.15735686],[50.65354025,29.15692842],[50.6515311,29.14813471],[50.65520096,29.14551175],[50.6561805,29.1424371],[50.66643345,29.1296761],[50.66705525,29.1276021],[50.66566408,29.12479413],[50.6672976,29.12482536],[50.6723628,29.12007105],[50.67300606,29.12114525],[50.67473638,29.12098086],[50.67566586,29.11739337],[50.67328405,29.11629856],[50.67296076,29.11461997],[50.68130577,29.10983968],[50.68217933,29.11053705],[50.68093932,29.11208332],[50.68237782,29.11285627],[50.68469882,29.10871506],[50.69305551,29.10315692],[50.69575763,29.10271966],[50.69614565,29.10272956],[50.69845808,29.10418296],[50.69866705,29.10463953],[50.69994295,29.11175382],[50.70261276,29.11259341],[50.70077455,29.11735451],[50.70275056,29.11641753],[50.70522797,29.11712837],[50.71110106,29.11649191],[50.71809661,29.11826718],[50.71987307,29.11668527],[50.72309005,29.11616683],[50.72652471,29.11939025],[50.74442363,29.12191093],[50.74673426,29.1295464],[50.75518382,29.13105857],[50.77735865,29.12977636],[50.78427744,29.13339555],[50.78271067,29.13696182],[50.77931762,29.13867152],[50.77771735,29.14101636],[50.77538204,29.14152551],[50.77227926,29.14032078],[50.77146661,29.13878787],[50.77141118,29.13583267],[50.77363801,29.13244498],[50.76487863,29.13330412],[50.76110983,29.13605273],[50.76056302,29.14409351],[50.75794113,29.14345455],[50.75254595,29.14481771],[50.75126135,29.14884627],[50.74656451,29.14818966],[50.74411285,29.14904392],[50.74375665,29.15887201],[50.74148357,29.16242731],[50.74391782,29.16213536],[50.7444663,29.16474414],[50.74787664,29.1640439],[50.750458,29.16773403],[50.75308454,29.16747391],[50.75520682,29.16593146],[50.75636685,29.16391683],[50.7559607,29.15873981],[50.75827992,29.15702927],[50.75678885,29.15910041],[50.75945675,29.16147733],[50.7644968,29.16080284],[50.7660377,29.15933096],[50.76745605,29.16142046],[50.77357936,29.15965343],[50.77517545,29.16089475],[50.77691746,29.15770352],[50.77903271,29.16013575],[50.78253925,29.16024566],[50.78432524,29.15886354],[50.78746426,29.16141677],[50.79182112,29.16176784],[50.79332614,29.16047311],[50.79604411,29.16148901],[50.80074668,29.16088402],[50.80483258,29.15779185],[50.80431533,29.15671122],[50.80745232,29.15631104],[50.80907357,29.15777481],[50.80886805,29.15930092],[50.80722892,29.15919554],[50.80852783,29.16155207],[50.81032372,29.16054165],[50.81216383,29.15598512],[50.8138597,29.15780961],[50.81610405,29.15703785],[50.81682193,29.15776062],[50.81780386,29.15496552],[50.82397175,29.15257525],[50.82515657,29.15076971],[50.82998097,29.15175772],[50.83038688,29.1516571],[50.83064735,29.15073204],[50.83000553,29.14943886],[50.82374656,29.14791715],[50.82026613,29.15018356],[50.81827104,29.14331496],[50.81470525,29.13850558],[50.80822206,29.13571036],[50.81462264,29.13752651],[50.81688154,29.13681066],[50.82321823,29.13218784],[50.83401704,29.12735093],[50.84223437,29.12146044],[50.84307945,29.1191709],[50.84610856,29.1186558],[50.84913933,29.11979306],[50.84588575,29.11704075],[50.85040522,29.11622071],[50.84587586,29.11432457],[50.84254885,29.11117363],[50.84257305,29.10449207],[50.84474337,29.10222244],[50.84700966,29.10072887],[50.84752774,29.10053873],[50.85206735,29.1003437],[50.85337734,29.09739935],[50.85577524,29.0955497],[50.85645092,29.09515643],[50.86023188,29.09464991],[50.8625102,29.09504688],[50.86570525,29.10126865],[50.87446344,29.10128415],[50.87778103,29.10475373],[50.88031685,29.10470283],[50.88093352,29.10441995],[50.88382077,29.10266364],[50.88389885,29.09932876],[50.88966155,29.09494865],[50.89203036,29.08972478],[50.89754152,29.08339071],[50.89749551,29.07833445],[50.90037274,29.07432616],[50.89814937,29.07116163],[50.8902328,29.0704869],[50.89046073,29.06937075],[50.90433502,29.07050633],[50.91245675,29.06689644],[50.9210875,29.06606257],[50.9206264,29.06044185],[50.92357421,29.05848145],[50.9183315,29.05862021],[50.91799724,29.0578984],[50.92190385,29.05441844],[50.92135894,29.04961383],[50.92399621,29.04766703],[50.92589664,29.04006624],[50.92387128,29.03841734],[50.92528462,29.03488433],[50.92274475,29.03272521],[50.92198145,29.02463245],[50.91949225,29.02376127],[50.92099357,29.02220404],[50.92011821,29.01915634],[50.92197776,29.01537705],[50.91826427,29.01293337],[50.92028987,29.00534117],[50.91748285,29.00460815],[50.91733181,29.00390625],[50.91416776,28.99963367],[50.92443085,28.99703395],[50.92340744,28.99201167],[50.9283334,28.98925865],[50.92572856,28.98673892],[50.92324066,28.98619032],[50.91710627,28.97589755],[50.91716278,28.96998525],[50.91854012,28.96663225],[50.91709328,28.96501994],[50.91883492,28.96124494],[50.91476238,28.96032941],[50.91459382,28.95818865],[50.91270351,28.95863676],[50.90896225,28.95623684],[50.90411103,28.95910704],[50.90121222,28.95847702],[50.88706362,28.9465034],[50.88940227,28.94409955],[50.89612806,28.94590795],[50.90289903,28.94354332],[50.90343154,28.94130194],[50.90065384,28.93534267],[50.90032637,28.93485093],[50.89742112,28.93297815],[50.89277542,28.9315654],[50.89027512,28.93207312],[50.88773525,28.93380165],[50.88541424,28.93678427],[50.88471508,28.93810701],[50.88471281,28.93856275],[50.88653743,28.94322097],[50.87854683,28.95289624],[50.87896144,28.95383465],[50.88283265,28.95359242],[50.88423765,28.9539963],[50.88544476,28.95499456],[50.88486314,28.95581818],[50.8779211,28.95945787],[50.87389731,28.96417272],[50.87458372,28.96712077],[50.86874974,28.96454036],[50.86584985,28.96596205],[50.86510694,28.96652055],[50.85733795,28.97588217],[50.84811175,28.98158574],[50.84439075,28.98171532],[50.84365702,28.98216355],[50.84081221,28.98470926],[50.83523154,28.99457943],[50.8349241,28.99500394],[50.83116114,28.99845147],[50.83036137,28.99853528],[50.82831013,28.99303257],[50.82771373,28.98641562],[50.82565355,28.98116076],[50.82541096,28.97463608],[50.82087076,28.96871161],[50.81164873,28.96154475],[50.81316674,28.95572257],[50.81169355,28.95387733],[50.80785882,28.931216],[50.80786765,28.93047881],[50.80929875,28.92257082],[50.81736863,28.90595007],[50.82033265,28.90391254],[50.82134366,28.90151274],[50.82519746,28.90215218],[50.82986844,28.89896071],[50.83303142,28.89295042],[50.83479214,28.88435805],[50.83855653,28.87739313],[50.83876371,28.87710452],[50.8411175,28.87620211],[50.84836543,28.8670001],[50.85555935,28.85398686],[50.86012006,28.85224247],[50.86705625,28.84451056],[50.87245262,28.84083092],[50.87478554,28.83553815],[50.88088405,28.828125],[50.88156807,28.82614803],[50.88491535,28.82202005],[50.88553286,28.82147098],[50.88962448,28.81940246],[50.89013874,28.81923401],[50.90271318,28.82247055],[50.90509427,28.82195115],[50.90737045,28.81830394],[50.90959525,28.81961524],[50.91097188,28.82349026],[50.91534436,28.82420993],[50.9181689,28.82246065],[50.91883922,28.82075298],[50.9215337,28.82220113],[50.92812765,28.82011127],[50.93416131,28.82169974],[50.94133866,28.82195616],[50.95473051,28.82002628],[50.96336913,28.81816184],[50.96515322,28.81691384],[50.97656405,28.81614351],[50.98141217,28.81730938],[50.98378825,28.81829655],[50.98433745,28.8186419],[50.98489761,28.81989491],[50.98445416,28.8204056],[50.9825145,28.82110894],[50.9765625,28.81863844],[50.97568536,28.81850362],[50.97382891,28.81959093],[50.96682775,28.82516026],[50.96384776,28.828125],[50.96350634,28.828125],[50.9590286,28.83314884],[50.95562506,28.83527565],[50.94323695,28.84053135],[50.94412196,28.84159291],[50.9490298,28.84181905],[50.95915866,28.84075403],[50.96482527,28.84171975],[50.96784067,28.84046352],[50.97011304,28.84242117],[50.97455156,28.83910966],[50.9765625,28.83816957],[50.97989333,28.83674717],[50.9808526,28.8367573],[50.98320913,28.83762073],[50.97894633,28.84356332],[50.97968125,28.84586394],[50.9765625,28.84570312],[50.975811,28.84563136],[50.97416747,28.84749401],[50.96584117,28.84910226],[50.96570635,28.84953606],[50.9658612,28.85065281],[50.97195268,28.85030794],[50.9765625,28.85072541],[50.9765625,28.85100436],[50.97950435,28.85159147],[50.99356532,28.85041678],[50.99925876,28.84815931],[51.00144303,28.84679341],[51.00667954,28.8411622],[51.00844061,28.83577371],[51.01423597,28.82974625],[51.01477575,28.828125],[51.01502454,28.828125],[51.01801765,28.82263792],[51.02536011,28.81541896],[51.02599192,28.81431711],[51.02706897,28.81176055],[51.02834475,28.79896462],[51.03024936,28.79815102],[51.03285897,28.79169893],[51.03246725,28.78365183],[51.02938521,28.77968037],[51.05037892,28.74650323],[51.05733633,28.72750902],[51.05686474,28.72549295],[51.05811274,28.72448134],[51.05605304,28.72290397],[51.06027365,28.72328401],[51.06346321,28.71834302],[51.06223822,28.71701205],[51.05455518,28.71493316],[51.05145812,28.71557665],[51.05378127,28.71377861],[51.06357706,28.71580911],[51.06757522,28.70420957],[51.06930876,28.70304763],[51.06848693,28.70220864],[51.07159686,28.69002974],[51.07468724,28.66606045],[51.0747838,28.65234375],[51.07492375,28.65234375],[51.07627761,28.62504637],[51.07894826,28.61999691],[51.07883084,28.6031152],[51.08022416,28.59890687],[51.07838082,28.58194542],[51.07627404,28.5746417],[51.07694626,28.57229435],[51.07780421,28.57610154],[51.08038151,28.57547843],[51.08070326,28.56548321],[51.08198774,28.56120896],[51.08067977,28.55872333],[51.08152056,28.55812895],[51.0813477,28.55157042],[51.08785236,28.54539704],[51.08745182,28.53907084],[51.09138966,28.53652775],[51.09265876,28.53160977],[51.09292781,28.52587557],[51.09126067,28.51727653],[51.09060633,28.51651311],[51.08610046,28.51665425],[51.08609462,28.51163363],[51.08624268,28.51125252],[51.08714735,28.51103735],[51.08687794,28.51525414],[51.08814657,28.51527464],[51.08868337,28.51515806],[51.09080112,28.51336455],[51.08807623,28.5114212],[51.09320664,28.51143575],[51.09458697,28.50960398],[51.09494686,28.50321126],[51.09748435,28.50098002],[51.09871316,28.49064446],[51.10094237,28.48812532],[51.10594976,28.48669255],[51.10624981,28.48626304],[51.10951734,28.48089445],[51.10950887,28.4765625],[51.10970604,28.4765625],[51.10970604,28.47558594],[51.11343718,28.47157896],[51.11415565,28.46470904],[51.1167984,28.46282506],[51.11805046,28.45991898],[51.11728025,28.45454693],[51.11975646,28.45019364],[51.11987662,28.44543135],[51.12125576,28.44404554],[51.12285113,28.44442308],[51.12511146,28.44327664],[51.13027775,28.43791652],[51.13056517,28.43070126],[51.13326406,28.42696607],[51.13292456,28.42273235],[51.13416696,28.41914105],[51.13882875,28.41633046],[51.13983047,28.41354954],[51.14262843,28.4113816],[51.14396572,28.40315592],[51.14720857,28.40116894],[51.15246284,28.3946532],[51.16077805,28.38044083],[51.16419864,28.37737107],[51.16841495,28.37095654],[51.17115605,28.36449027],[51.17434275,28.36286271],[51.17630494,28.35031772],[51.18726075,28.34392035],[51.19986343,28.33059251],[51.20389926,28.32579064],[51.20412946,28.3254565],[51.20775712,28.31719542],[51.21510482,28.3135401],[51.21548092,28.31314051],[51.21765864,28.31022561],[51.2207787,28.3028053],[51.22351205,28.30078125],[51.2240169,28.30078125],[51.22669256,28.29249978],[51.23111522,28.29118752],[51.23256075,28.28892303],[51.23662114,28.28634977],[51.23939645,28.28128135],[51.24769545,28.27557242],[51.25284624,28.26685643],[51.26607192,28.25250566],[51.2664628,28.25119424],[51.26490521,28.25070906],[51.2644664,28.25238431],[51.26369965,28.25215662],[51.26390886,28.25015962],[51.26851571,28.25017643],[51.28347397,28.23501492],[51.28896701,28.22615242],[51.28914356,28.22574365],[51.28916955,28.20889854],[51.28674746,28.19718111],[51.28153813,28.18095303],[51.27341473,28.16334403],[51.26930392,28.15287423],[51.26872134,28.14996445],[51.26896751,28.14940965],[51.27079415,28.14790726],[51.27477741,28.14689815],[51.27689636,28.14441133],[51.27804744,28.14442575],[51.27854741,28.14461875],[51.29438424,28.15781581],[51.29629135,28.15898013],[51.29977834,28.15903342],[51.30340934,28.15666854],[51.30642354,28.14777982],[51.31539071,28.14432371],[51.32131791,28.14405763],[51.32484615,28.14105105],[51.32790387,28.14161992],[51.32780862,28.14188063],[51.33430696,28.14827168],[51.33519554,28.14749265],[51.33499074,28.14642942],[51.32964766,28.14050662],[51.328125,28.13978791],[51.32535434,28.13919985],[51.32192242,28.14228857],[51.31593597,28.14220834],[51.30760694,28.144436],[51.29984927,28.15654957],[51.29717767,28.15730071],[51.29185355,28.15391517],[51.28019178,28.14236355],[51.27291322,28.14121473],[51.2702316,28.14228261],[51.26748741,28.14521074],[51.26740885,28.14519334],[51.26548934,28.13938117],[51.26514173,28.13903117],[51.26248884,28.13794386],[51.26090705,28.14253175],[51.25858247,28.14165628],[51.26641965,28.125],[51.26621461,28.125],[51.26850164,28.12009823],[51.27037931,28.11679876],[51.27291083,28.11372304],[51.27464485,28.11312437],[51.27516222,28.11332035],[51.26810968,28.125],[51.26831818,28.125],[51.26800168,28.12569737],[51.26803505,28.12905192],[51.26915932,28.13244224],[51.27005863,28.13309145],[51.27290523,28.13328338],[51.27408326,28.12892663],[51.27244043,28.12629271],[51.27505887,28.125],[51.27570593,28.12421811],[51.27511585,28.12214565],[51.27649343,28.12000787],[51.27696645,28.11959195],[51.28427184,28.11748505],[51.28600252,28.11523604],[51.28817844,28.1170758],[51.29398656,28.11529887],[51.29734266,28.1171751],[51.29827487,28.11710107],[51.298756,28.11428118],[51.30155313,28.11452126],[51.30310214,28.09856093],[51.30884194,28.09351075],[51.31293094,28.09230316],[51.31531096,28.09425116],[51.31520772,28.08970261],[51.31917834,28.08352017],[51.32614613,28.08355391],[51.32471216,28.08052087],[51.328125,28.07226562],[51.33188427,28.07134473],[51.33309424,28.06761205],[51.33651817,28.06512678],[51.34179044,28.05645704],[51.35360074,28.04568195],[51.35089481,28.04173934],[51.35266185,28.04225063],[51.35214067,28.04011941],[51.35771203,28.03383577],[51.36174798,28.02659786],[51.36435664,28.02506995],[51.36315358,28.02265441],[51.36356807,28.02013946],[51.37020075,28.01214325],[51.37390494,28.00380385],[51.37762094,28.00011814],[51.38048351,27.99449146],[51.38239062,27.98788941],[51.38655281,27.98001146],[51.38774824,27.97702003],[51.39572096,27.94921875],[51.39591503,27.94921875],[51.39714265,27.94453251],[51.39750147,27.93575644],[51.3979274,27.93449545],[51.40053606,27.93063915],[51.40244901,27.92944336],[51.40233195,27.92756855],[51.40549576,27.92418754],[51.40578568,27.92393827],[51.4086709,27.92434275],[51.41691113,27.92050946],[51.42478955,27.91999841],[51.42605543,27.91999376],[51.43041527,27.92107892],[51.43360555,27.92257726],[51.43386626,27.92274797],[51.43469715,27.92480457],[51.43466401,27.92779625],[51.43413484,27.92963755],[51.43385136,27.93017411],[51.43127716,27.93186212],[51.42943525,27.93497968],[51.42885447,27.93662143],[51.42914414,27.93868744],[51.42962527,27.93930066],[51.43112743,27.93977034],[51.43381345,27.93874955],[51.43599105,27.94095838],[51.43639791,27.94512391],[51.44181025,27.94635201],[51.44395125,27.94814372],[51.44728124,27.94783974],[51.45214951,27.93844438],[51.45803726,27.93562734],[51.46514773,27.92903876],[51.46975136,27.91952658],[51.47823834,27.91452932],[51.48309743,27.91710305],[51.48622215,27.91716135],[51.49289572,27.91302454],[51.4938333,27.91030455],[51.49097335,27.90450573],[51.48362374,27.90398276],[51.48270035,27.90138817],[51.48420584,27.89921451],[51.48429978,27.90014386],[51.48935318,27.89924562],[51.49188185,27.89444876],[51.49818957,27.89086235],[51.49957037,27.88867235],[51.49904156,27.88238823],[51.5043714,27.87733412],[51.5102607,27.87669611],[51.51169765,27.88323832],[51.51605845,27.88734973],[51.51710367,27.88982987],[51.53449047,27.88727665],[51.54706347,27.88780522],[51.55103505,27.88695753],[51.55719304,27.8841784],[51.58012641,27.8684684],[51.59097743,27.85955763],[51.59225655,27.85612965],[51.59130514,27.85408235],[51.58803284,27.85026264],[51.58377755,27.84982145],[51.58218336,27.84807837],[51.58208382,27.84148395],[51.59503055,27.84294474],[51.60417235,27.84849334],[51.60916352,27.8484863],[51.61554944,27.84623158],[51.62136388,27.84626591],[51.62525117,27.8453238],[51.63122916,27.84299445],[51.65197623,27.8439995],[51.66603756,27.84222055],[51.66973746,27.84085298],[51.67128527,27.83801866],[51.67338312,27.83702338],[51.67562544,27.8319838],[51.6796875,27.83147323],[51.68407845,27.83138585],[51.6845479,27.83128226],[51.69000721,27.82944596],[51.70145905,27.82360923],[51.70246005,27.82347393],[51.73886931,27.83144295],[51.75168705,27.83172023],[51.75744545,27.82772875],[51.75955617,27.82745743],[51.78696716,27.83545065],[51.79895926,27.84053564],[51.81194866,27.84423602],[51.83673072,27.84355056],[51.84819257,27.84513712],[51.85197067,27.84332824],[51.86105466,27.84304333],[51.87155163,27.8392148],[51.87288475,27.83998954],[51.87621951,27.83852065],[51.88467836,27.83892775],[51.90484846,27.83280134],[51.91287053,27.83182466],[51.92193794,27.83314025],[51.9259783,27.83071136],[51.93240345,27.83066642],[51.95124304,27.83712041],[51.96804845,27.84024775],[51.98943281,27.83887315],[51.99674797,27.84065115],[52.00436056,27.84019804],[52.01597381,27.84204626],[52.02983105,27.84263384],[52.03125,27.84235477],[52.03949785,27.84149015],[52.04629242,27.83976078],[52.04742324,27.83925414],[52.05374491,27.83421493],[52.05637574,27.83063066],[52.05727112,27.831779],[52.05731261,27.82991266],[52.05895185,27.82912445],[52.05552101,27.83010411],[52.05572367,27.82870102],[52.05617416,27.82830906],[52.06157458,27.8277539],[52.06558597,27.82470071],[52.06821001,27.82166052],[52.06843412,27.82126117],[52.07249165,27.81211865],[52.07312214,27.81137455],[52.07491934,27.80970967],[52.08067215,27.80562496],[52.08346426,27.80570006],[52.08268976,27.80488277],[52.08953154,27.80140138],[52.09136581,27.79982173],[52.09532607,27.79307902],[52.10127676,27.78674591],[52.11339033,27.78149951],[52.11985004,27.7734375],[52.1200062,27.7734375],[52.12040305,27.77270877],[52.12393665,27.77151382],[52.12865484,27.77098072],[52.13193846,27.76879382],[52.13243043,27.76811922],[52.13809037,27.75687933],[52.1378926,27.75401485],[52.14067566,27.75058091],[52.15629745,27.74021375],[52.15957034,27.73496282],[52.16520858,27.73303413],[52.16464555,27.73202872],[52.16890943,27.73013544],[52.17341805,27.72489893],[52.17970657,27.7224822],[52.18153751,27.71986604],[52.18543327,27.71982384],[52.18773794,27.71441472],[52.19738364,27.70369935],[52.20585835,27.70078528],[52.21130598,27.70126486],[52.22415745,27.69711637],[52.22740531,27.69558263],[52.23410571,27.68873334],[52.23895848,27.68994486],[52.25266588,27.68558431],[52.26119936,27.68255866],[52.26145566,27.68134665],[52.26532471,27.68058074],[52.26830232,27.67756391],[52.27573836,27.6785115],[52.30081892,27.67548954],[52.30414104,27.66957927],[52.30772388,27.66701412],[52.31431973,27.66823876],[52.31925881,27.66437924],[52.32121694,27.66693187],[52.32421207,27.66765857],[52.34611213,27.66498804],[52.35032606,27.66215873],[52.35678363,27.65007806],[52.36034775,27.65049577],[52.36390138,27.65249801],[52.37838745,27.65225208],[52.3828125,27.65206456],[52.38417375,27.65203524],[52.40023553,27.64877617],[52.41121483,27.64892602],[52.41495311,27.64785397],[52.41698241,27.64596093],[52.41818655,27.64774454],[52.41631615,27.64771855],[52.41625905,27.64904678],[52.43305385,27.64729524],[52.43768144,27.64448178],[52.44268274,27.63718522],[52.4472146,27.63331914],[52.44679975,27.63212025],[52.45037794,27.63083005],[52.45333684,27.62632394],[52.45625055,27.62421715],[52.45919526,27.62339127],[52.46853983,27.62580562],[52.47448397,27.62366652],[52.48644614,27.61431944],[52.49017632,27.61351395],[52.49197125,27.61200345],[52.4942404,27.60935533],[52.49660945,27.60385954],[52.49743772,27.60315883],[52.50251567,27.60229301],[52.50550175,27.59949183],[52.50650454,27.59765625],[52.50702286,27.59765625],[52.51366854,27.587466],[52.51797581,27.58360851],[52.52405405,27.57322657],[52.52871752,27.57022655],[52.52869082,27.56654215],[52.53198206,27.56516385],[52.53518665,27.56562567],[52.54138064,27.56215191],[52.54330766,27.55440295],[52.55409658,27.54244971],[52.55548215,27.53890312],[52.56174386,27.53261185],[52.56711495,27.52482486],[52.56916404,27.52380764],[52.56877565,27.52250135],[52.57149076,27.5189532],[52.57511413,27.50791883],[52.58393025,27.49250281],[52.58646297,27.49262786],[52.60247076,27.48099875],[52.60258532,27.47583938],[52.60428786,27.47515655],[52.60879552,27.4690572],[52.61937666,27.46111655],[52.63670254,27.45879555],[52.64155412,27.45434654],[52.64310241,27.45439565],[52.64612246,27.45754278],[52.64858842,27.45846593],[52.65552926,27.45895493],[52.66899085,27.45475185],[52.67324626,27.45230794],[52.6737709,27.45210195],[52.67494535,27.45466101],[52.66872227,27.45916414],[52.67119718,27.45905328],[52.66572642,27.46129727],[52.66848898,27.46171367],[52.67188478,27.46117473],[52.67397654,27.46019781],[52.67516327,27.45881224],[52.67612398,27.45412874],[52.67612755,27.45381117],[52.6749022,27.44993794],[52.67487276,27.44953787],[52.67739105,27.4436599],[52.67651486,27.42313063],[52.67599034,27.421875],[52.67290473,27.41022134],[52.67095304,27.40578115],[52.66590285,27.3980118],[52.66523552,27.39741707],[52.66086805,27.39428437],[52.65888452,27.39390385],[52.65298116,27.39511871],[52.64875925,27.40012562],[52.6394217,27.40290165],[52.62995446,27.40283704],[52.62437355,27.40130115],[52.61940563,27.40199268],[52.60839212,27.40119755],[52.58470213,27.39430678],[52.58051395,27.39259672],[52.57746053,27.39003933],[52.57712472,27.38257325],[52.57913816,27.38034344],[52.58195531,27.37958026],[52.58425355,27.37556863],[52.59472215,27.37149155],[52.59975505,27.36597693],[52.60611534,27.36211085],[52.61342907,27.35549462],[52.61548734,27.35463774],[52.61605406,27.35413337],[52.61869752,27.34877586],[52.62357914,27.34799063],[52.6240046,27.35034585],[52.62691534,27.35153234],[52.63387215,27.34939957],[52.64722598,27.33216524],[52.6538192,27.32753015],[52.65572655,27.32398582],[52.65989792,27.32183564],[52.66022372,27.31847405],[52.66188645,27.31942224],[52.66527772,27.31901526],[52.67235255,27.31327701],[52.67603648,27.31155395],[52.67998075,27.3123219],[52.68601906,27.30753314],[52.68782306,27.30390704],[52.68999481,27.30267775],[52.69434607,27.29266286],[52.7038064,27.28942311],[52.70800865,27.2868911],[52.71064675,27.28674567],[52.71375835,27.28440022],[52.72573125,27.28010416],[52.72889698,27.27766013],[52.734375,27.27539062],[52.74118185,27.27264786],[52.74320054,27.27396286],[52.74766564,27.27082968],[52.74821687,27.270702],[52.75305235,27.27131474],[52.75329745,27.27115452],[52.75836372,27.26407802],[52.76310921,27.26054394],[52.76502538,27.25699675],[52.77596605,27.24807644],[52.77939975,27.24669945],[52.77998352,27.25075281],[52.78534925,27.25136507],[52.78723264,27.25080705],[52.79275954,27.24609375],[52.79296875,27.24609375],[52.79343224,27.24546897],[52.79723811,27.23964703],[52.79735541,27.23674655],[52.79895365,27.23540795],[52.79848206,27.23393476],[52.80127132,27.23310757],[52.80342817,27.22833824],[52.81006372,27.22285068],[52.81305337,27.21884668],[52.81602693,27.21746194],[52.81750703,27.21808684],[52.81788588,27.21783423],[52.81946886,27.21473491],[52.82132876,27.21477401],[52.82173622,27.21423435],[52.82276916,27.20989466],[52.83275402,27.20276618],[52.83651173,27.20064068],[52.84636617,27.19589996],[52.85268116,27.19354868],[52.85315466,27.19343197],[52.85547662,27.19416845],[52.85879123,27.19055474],[52.85942173,27.1902343],[52.8667593,27.18697143],[52.86928213,27.18601573],[52.87216985,27.18621767],[52.87609971,27.18341792],[52.87815714,27.18277121],[52.88111234,27.18306768],[52.88396323,27.179901],[52.90627122,27.17052007],[52.90732217,27.17334497],[52.90969956,27.17390537],[52.91758657,27.16919005],[52.91909826,27.16549397],[52.92649877,27.16232967],[52.92892885,27.15489781],[52.93382382,27.15631461],[52.93829513,27.14921212],[52.94088066,27.15266585],[52.94851804,27.14763165],[52.94981432,27.14830315],[52.95164132,27.14255583],[52.95870936,27.13863206],[52.96036875,27.13839173],[52.96116066,27.14083767],[52.96540165,27.1408962],[52.97453094,27.13497424],[52.97890806,27.13409817],[52.98365545,27.13133144],[52.99020421,27.13083065],[52.99768317,27.12784207],[52.99871671,27.12644494],[53.00607777,27.12469137],[53.00806928,27.12305236],[53.02141762,27.1183542],[53.02464426,27.11991405],[53.02636182,27.11976242],[53.02877867,27.11879575],[53.0338912,27.11502731],[53.03725123,27.11086071],[53.04077792,27.11183321],[53.04896665,27.10905302],[53.05067122,27.10814631],[53.05141854,27.10754335],[53.05511832,27.10262644],[53.06065977,27.10079122],[53.06352627,27.10118353],[53.06537545,27.09924805],[53.06695735,27.09845448],[53.07544851,27.09517455],[53.08054435,27.09393823],[53.08242106,27.09381032],[53.08322644,27.09393263],[53.0859375,27.09598207],[53.08637392,27.09595263],[53.10234082,27.09075332],[53.11318004,27.09339833],[53.11959422,27.09268558],[53.13077915,27.08456612],[53.13444698,27.08651197],[53.13778615,27.0853219],[53.14394832,27.07761455],[53.15787983,27.07402205],[53.1607182,27.0739181],[53.16182435,27.07548368],[53.16308355,27.07536221],[53.16897142,27.0703125],[53.16944921,27.0703125],[53.19418704,27.06207097],[53.2127223,27.05295205],[53.2172755,27.05435872],[53.21808064,27.05168056],[53.22663164,27.04685831],[53.22816551,27.04636645],[53.23111868,27.04647446],[53.23162198,27.04663765],[53.23248816,27.04889846],[53.23427975,27.04927981],[53.23734558,27.04633594],[53.23903561,27.04607475],[53.24026775,27.04740334],[53.24618721,27.04600835],[53.25155342,27.04157364],[53.25680673,27.04210508],[53.26238334,27.04007864],[53.26363802,27.03866816],[53.26746404,27.03849244],[53.27640486,27.03557444],[53.27821541,27.03193855],[53.27978182,27.03164387],[53.28281271,27.02783108],[53.29307723,27.02391517],[53.29701185,27.02430701],[53.30017495,27.02190995],[53.32568598,27.01361942],[53.32698655,27.01240385],[53.32971525,27.01235807],[53.36154604,27.00181711],[53.36323285,26.99793756],[53.36852133,26.99651217],[53.37190795,26.99234951],[53.38606691,26.99490547],[53.39667273,26.99413121],[53.39823127,26.99483955],[53.39875293,26.99477243],[53.41423333,26.99086761],[53.41855311,26.99183393],[53.43015194,26.99012911],[53.4375,26.98549104],[53.4375,26.98521197],[53.4386276,26.98302233],[53.44384563,26.97869992],[53.44446766,26.97856414],[53.44728947,26.97854495],[53.4572829,26.98085725],[53.46009433,26.98046994],[53.46133041,26.97922945],[53.46064556,26.97865498],[53.46512496,26.97561395],[53.47022927,26.96925735],[53.47207975,26.97066057],[53.47260141,26.97042215],[53.47318494,26.96978056],[53.47818768,26.96217537],[53.48241711,26.95081961],[53.48510063,26.93602133],[53.48588276,26.92448807],[53.48508072,26.91890812],[53.48598063,26.90136707],[53.48562503,26.89453125],[53.48344576,26.87645686],[53.48378301,26.86430156],[53.48864961,26.85370862],[53.49500072,26.84647977],[53.49924362,26.84425616],[53.50438845,26.83836937],[53.51027334,26.83467972],[53.51634765,26.83200204],[53.52928162,26.82351685],[53.53648341,26.82194817],[53.54060674,26.81810856],[53.54962826,26.81330633],[53.55483735,26.80832434],[53.55798721,26.80785787],[53.56088603,26.80588663],[53.5629189,26.80437803],[53.56395924,26.80230772],[53.56956267,26.79955053],[53.57938528,26.79119623],[53.57990944,26.79084122],[53.58406568,26.79016137],[53.58400345,26.78754365],[53.58628917,26.78532267],[53.59133875,26.78157496],[53.60163593,26.77461386],[53.60645413,26.7727586],[53.60975826,26.76982057],[53.62552846,26.76393545],[53.62661338,26.76263034],[53.63010633,26.76254582],[53.64356685,26.75831997],[53.66400415,26.74881309],[53.68444145,26.73930621],[53.70072973,26.73339915],[53.70661116,26.72085536],[53.70843744,26.71875],[53.70858061,26.71875],[53.71717322,26.71250784],[53.72157586,26.70801866],[53.7246598,26.70378411],[53.72521007,26.70073307],[53.72625005,26.70015156],[53.72781384,26.69982445],[53.72970104,26.70051718],[53.73007035,26.70098436],[53.72956145,26.70596278],[53.73036647,26.70828307],[53.73270857,26.71129251],[53.73961925,26.71676755],[53.7432065,26.71875],[53.74406254,26.71875],[53.74398482,26.71889532],[53.74818051,26.71997046],[53.76517534,26.72271705],[53.77538395,26.72115242],[53.77687502,26.71875],[53.77750003,26.71875],[53.77985275,26.72049153],[53.78468752,26.71875],[53.78563094,26.71875],[53.7890625,26.71763384],[53.81515276,26.71040893],[53.83354938,26.70767295],[53.85410476,26.71016741],[53.87618744,26.71901965],[53.87672865,26.71896183],[53.88680065,26.72144365],[53.89696813,26.72045827],[53.89826715,26.72146535],[53.9032346,26.72171581],[53.91543746,26.71948111],[53.92355144,26.71913302],[53.93145371,26.72055411],[53.93964195,26.72242534],[53.94323063,26.72380078],[53.95030761,26.73011386],[53.95109522,26.73201454],[53.96709585,26.74404144],[53.96889997,26.74492002],[53.97154236,26.74561131],[53.97514856,26.74554932],[53.9797132,26.74943817],[53.98979843,26.75411391],[54.00765991,26.75357652],[54.00864911,26.75667977],[54.01042712,26.75751483],[54.02249885,26.75656235],[54.03105497,26.75227845],[54.03708315,26.75062644],[54.04322982,26.74597633],[54.04818511,26.73892844],[54.0514065,26.74043274],[54.06326485,26.73481095],[54.06640685,26.73553288],[54.07512987,26.73265064],[54.08544338,26.72651255],[54.0898416,26.72219682],[54.09194398,26.72399044],[54.09634185,26.72228015],[54.0991044,26.71963155],[54.10313904,26.72089922],[54.10956526,26.72034204],[54.11249995,26.71875],[54.11348557,26.71875],[54.12259746,26.71364415],[54.12854111,26.71783555],[54.1329596,26.71785104],[54.13735735,26.71601701],[54.140625,26.71791291],[54.14412224,26.71587205],[54.15255392,26.7136662],[54.16354203,26.71238685],[54.16538501,26.7114681],[54.16617894,26.70891106],[54.17598188,26.71086311],[54.18239355,26.70948672],[54.18971741,26.70610082],[54.19231212,26.70369756],[54.19577515,26.70781446],[54.19971967,26.70785785],[54.20444536,26.70621943],[54.21190453,26.71065843],[54.22581434,26.71099067],[54.22723603,26.71425354],[54.22939885,26.71509326],[54.24115694,26.71537256],[54.24454415,26.71453547],[54.24672341,26.71836126],[54.24731016,26.71875],[54.24781251,26.71875],[54.25112355,26.72093582],[54.25432146,26.72204971],[54.25864577,26.72236335],[54.25874984,26.72474885],[54.26059365,26.72602296],[54.26484394,26.72631288],[54.26989186,26.72820711],[54.27920115,26.7277081],[54.28137255,26.72427297],[54.28207755,26.72588742],[54.28697181,26.72529435],[54.29025555,26.72243094],[54.29101181,26.72335601],[54.28912056,26.72804987],[54.28965116,26.72928166],[54.29403365,26.72184944],[54.2946068,26.72126186],[54.2996875,26.71875],[54.30034101,26.71875],[54.30241704,26.71778536],[54.30712616,26.7139883],[54.31206262,26.71346605],[54.31491411,26.71654606],[54.31533515,26.71629918],[54.31561124,26.71016681],[54.31823492,26.70901513],[54.31978774,26.70577204],[54.32269955,26.70466948],[54.3234086,26.70096695],[54.33349693,26.69075453],[54.33681822,26.68896651],[54.34338951,26.68094313],[54.35405707,26.66060698],[54.35877347,26.65453064],[54.35858047,26.65186691],[54.36096764,26.65354955],[54.36174226,26.65207005],[54.360852,26.65103245],[54.36263311,26.65131021],[54.36424875,26.64968705],[54.37553406,26.62348354],[54.37860346,26.62241352],[54.38140297,26.61981082],[54.3903352,26.60460222],[54.39726508,26.60308373],[54.40350735,26.59627235],[54.41182363,26.59231341],[54.4167912,26.59314692],[54.42180824,26.58963037],[54.43180645,26.58995986],[54.4402107,26.58432877],[54.44620216,26.58614314],[54.45426476,26.58367407],[54.45583653,26.58382523],[54.45678258,26.58402514],[54.45886505,26.58562911],[54.46946788,26.58766711],[54.47389746,26.58904541],[54.48429525,26.59410191],[54.4921875,26.59598207],[54.49431217,26.59676921],[54.50148547,26.59790576],[54.50501835,26.59812927],[54.50727057,26.59740365],[54.50787306,26.5984714],[54.51106024,26.59877217],[54.52418733,26.59839284],[54.53006375,26.59758973],[54.54626012,26.59282207],[54.55286098,26.59288335],[54.56121635,26.58984327],[54.56747091,26.5844959],[54.57784665,26.57243776],[54.57806206,26.57213986],[54.57851434,26.56976283],[54.58685565,26.55789626],[54.59325767,26.54296875],[54.59339023,26.54296875],[54.59842324,26.53196931],[54.60136211,26.52056897],[54.60440016,26.51439273],[54.60600698,26.51327682],[54.60657096,26.50971091],[54.60718954,26.50918841],[54.60847712,26.51071656],[54.61500096,26.50436366],[54.62502694,26.50034845],[54.64238775,26.50300205],[54.65973735,26.50754201],[54.66386521,26.50599587],[54.66468203,26.50646508],[54.66270185,26.50708091],[54.66231203,26.50853443],[54.66389394,26.50881064],[54.66458917,26.51074076],[54.67107391,26.51330686],[54.70343268,26.51392305],[54.71405447,26.51266074],[54.71443176,26.51406932],[54.71666324,26.51296663],[54.7218492,26.51476002],[54.73167253,26.51399755],[54.73412335,26.51560855],[54.73637581,26.51317418],[54.74552023,26.51155484],[54.75448203,26.50819194],[54.75666261,26.50885415],[54.76231825,26.50672984],[54.76383674,26.50729442],[54.76946735,26.50285494],[54.77867222,26.50275087],[54.79052341,26.49594915],[54.79391813,26.49531734],[54.79986036,26.50094104],[54.80517173,26.51265597],[54.81076467,26.51819777],[54.81399596,26.5197463],[54.82974315,26.52223325],[54.84375,26.51785707],[54.84564698,26.51753736],[54.84768021,26.51880264],[54.86108005,26.53622091],[54.86714613,26.53969908],[54.8741523,26.54176295],[54.87520063,26.54296875],[54.87588024,26.54296875],[54.87582707,26.54339063],[54.88359284,26.54780734],[54.88939655,26.54857814],[54.88905156,26.55237067],[54.89049351,26.55662155],[54.89887226,26.56609654],[54.91123056,26.57228971],[54.91882443,26.57836318],[54.93341374,26.58532834],[54.94263816,26.59315562],[54.94529855,26.59425521],[54.95029855,26.59393966],[54.95001364,26.59036875],[54.95108211,26.59075165],[54.95183325,26.59384525],[54.94986451,26.59634376],[54.9509536,26.59970295],[54.96076465,26.61041295],[54.96194375,26.61052847],[54.96310866,26.61296284],[54.96844316,26.61313975],[54.96819305,26.61549544],[54.9718436,26.61852372],[54.97588885,26.61918676],[54.97993636,26.62164223],[54.98633015,26.62193728],[54.99203801,26.62609303],[55.00148547,26.62659407],[55.00317991,26.62586212],[55.00812936,26.62887752],[55.01105404,26.62830555],[55.01359177,26.63130915],[55.02060533,26.63328958],[55.02669525,26.63997686],[55.02958512,26.64140546],[55.05304945,26.6411916],[55.06093383,26.64455163],[55.0649842,26.64883852],[55.07340026,26.66344845],[55.07662535,26.67273235],[55.07953775,26.67604947],[55.08351696,26.67632628],[55.09198046,26.68864071],[55.09851885,26.69528401],[55.11255693,26.70086515],[55.13103485,26.69930613],[55.13927925,26.70036435],[55.14277351,26.70432186],[55.14603615,26.71102572],[55.14849055,26.71378255],[55.15475965,26.71875],[55.15531254,26.71875],[55.15983915,26.72151947],[55.17599106,26.71934974],[55.19124341,26.72239113],[55.1953125,26.72209823],[55.1953125,26.72237706],[55.20001602,26.72300756],[55.20065081,26.72342408],[55.20412683,26.72804308],[55.20445704,26.72820532],[55.21239305,26.72966123],[55.21665633,26.73270953],[55.21758652,26.73402381],[55.22148395,26.7454344],[55.2232002,26.7492547],[55.22640884,26.75380552],[55.22804987,26.76184285],[55.23567796,26.77634847],[55.24290395,26.77948582],[55.24989235,26.77917552],[55.25224233,26.78262842],[55.27738035,26.78396094],[55.29953122,26.78247774],[55.30513263,26.78261161],[55.30766785,26.78367567],[55.31127524,26.78221548],[55.32335007,26.78733146],[55.32804716,26.78573656],[55.33327282,26.78649485],[55.33553636,26.78464174],[55.33698416,26.78511131],[55.34363484,26.77946258],[55.35281897,26.76974285],[55.36705375,26.76162982],[55.37096345,26.75746167],[55.37710166,26.75396836],[55.37757218,26.75383914],[55.38698053,26.75253832],[55.40516531,26.75383163],[55.40722466,26.75309718],[55.41495383,26.75467086],[55.42747521,26.75145435],[55.43191516,26.74924386],[55.43413591,26.74899995],[55.43937314,26.75244522],[55.44073844,26.75050175],[55.44107354,26.75045705],[55.44619155,26.75160146],[55.45977688,26.74949694],[55.46025705,26.7495054],[55.46524632,26.75046766],[55.47603404,26.75719404],[55.49486792,26.76537538],[55.50278032,26.76999295],[55.51808417,26.78030551],[55.51925325,26.78224337],[55.52266157,26.78289282],[55.53794825,26.79718304],[55.54226947,26.79678798],[55.546875,26.79882813],[55.54968905,26.79970467],[55.55728805,26.80443847],[55.55979013,26.80673373],[55.56449616,26.81368852],[55.56452525,26.81410921],[55.56234455,26.81746972],[55.56029415,26.82881582],[55.55777097,26.83049202],[55.55755186,26.83413732],[55.55989862,26.8371526],[55.56811607,26.83973944],[55.57223463,26.84517872],[55.57398987,26.85033071],[55.57383883,26.85070336],[55.57206881,26.85205686],[55.56348598,26.85503447],[55.55754316,26.85045135],[55.55428815,26.85088026],[55.55753314,26.85128903],[55.56074274,26.85508025],[55.56333613,26.85616696],[55.57279634,26.85302043],[55.57336605,26.85310221],[55.57399511,26.85393858],[55.57230592,26.86038876],[55.57066071,26.86161971],[55.5685569,26.86119795],[55.56867445,26.86448824],[55.56402194,26.86530626],[55.56219494,26.86722088],[55.56347811,26.86852837],[55.56262684,26.87041438],[55.56260467,26.87045956],[55.55409884,26.86967683],[55.55416334,26.87005246],[55.55702984,26.87100911],[55.56356502,26.87109935],[55.57595205,26.87195575],[55.57635236,26.87267494],[55.57648134,26.87332821],[55.57378125,26.88238335],[55.57529604,26.88240194],[55.57553971,26.88391447],[55.57270885,26.88706315],[55.57249868,26.88776314],[55.57324576,26.89062798],[55.57470524,26.88662195],[55.5818845,26.88401234],[55.59081745,26.88948882],[55.59031236,26.89453125],[55.59003842,26.89453125],[55.58937383,26.89991426],[55.58922434,26.90030682],[55.58705997,26.90304875],[55.58661854,26.90313304],[55.57789671,26.90045393],[55.57676601,26.90128434],[55.57263744,26.89713526],[55.57253325,26.89778638],[55.57544565,26.90140963],[55.57893467,26.90401781],[55.58569205,26.90501893],[55.58544445,26.90663433],[55.58267617,26.90749097],[55.58234751,26.90810513],[55.58262873,26.90855205],[55.58596945,26.91222036],[55.58679295,26.91254723],[55.58786821,26.91264927],[55.5906285,26.91070056],[55.59608173,26.92052484],[55.59617984,26.92088413],[55.59522426,26.92614675],[55.59482765,26.92660296],[55.58974946,26.92656851],[55.58673954,26.92568016],[55.58617365,26.92539585],[55.58482921,26.92374945],[55.58458376,26.92280233],[55.58494484,26.92057288],[55.58238566,26.92270505],[55.58088267,26.92260265],[55.58047676,26.92234015],[55.57066977,26.91046882],[55.5688647,26.91341007],[55.57507658,26.92273772],[55.57619357,26.92641711],[55.59222496,26.94002485],[55.59510064,26.94093215],[55.60641777,26.95031261],[55.61129201,26.95052016],[55.61896753,26.9527719],[55.62434995,26.95687616],[55.62464452,26.95713651],[55.63047421,26.96530068],[55.63123143,26.97143507],[55.63232112,26.97360051],[55.63320172,26.97474885],[55.63771045,26.97874308],[55.64005995,26.98014832],[55.64728296,26.98307335],[55.64899695,26.98353791],[55.67155647,26.98401391],[55.67271423,26.98411727],[55.67685795,26.98601866],[55.68106091,26.98626006],[55.69693363,26.98458707],[55.70769155,26.98037314],[55.71972156,26.98209441],[55.72765684,26.98169565],[55.73869693,26.97763312],[55.74468386,26.97158384],[55.74875414,26.97256768],[55.75916374,26.98658967],[55.76236236,26.98823345],[55.76336622,26.9878633],[55.76189005,26.98480904],[55.76786256,26.98556316],[55.76987088,26.9868015],[55.77258301,26.99269295],[55.77354836,26.99223304],[55.77501822,26.993384],[55.77517211,26.99445856],[55.77360797,26.99758756],[55.77178323,26.99744904],[55.77063155,27.0017482],[55.76169586,27.01185894],[55.76138806,27.01288927],[55.76321447,27.01447666],[55.76447475,27.01487613],[55.76565611,27.01501095],[55.77115643,27.01386237],[55.76557314,27.01325631],[55.76348555,27.01049697],[55.76719546,27.00662434],[55.77221,27.00493514],[55.77585864,27.00042522],[55.77589107,26.99589014],[55.7760818,26.99559367],[55.77830255,26.99483216],[55.78011847,26.99489248],[55.78083205,26.99517465],[55.78380418,26.99804676],[55.78792131,26.99809945],[55.79056644,26.99967861],[55.80592227,26.99592495],[55.81406558,26.99914467],[55.80944526,27.00979626],[55.80938613,27.01384294],[55.81272841,27.02057421],[55.81102204,27.02627826],[55.81326795,27.02530193],[55.81462657,27.02232695],[55.81417215,27.0184592],[55.81087077,27.01420856],[55.81290591,27.01327622],[55.81213164,27.01217437],[55.81322122,27.0046339],[55.81352127,27.00392687],[55.81753385,27.00269747],[55.81912506,27.00027597],[55.81986475,27.00027692],[55.82663035,27.00003064],[55.82905686,27.00105524],[55.83609354,27.00132322],[55.83665872,27.00146186],[55.84915674,27.00593305],[55.85464084,27.00559497],[55.85655141,27.00749278],[55.85982454,27.00686812],[55.86008441,27.00532985],[55.86330605,27.00536335],[55.87077475,27.00923645],[55.87422824,27.00875497],[55.88199067,27.01514351],[55.88235211,27.01528943],[55.89047015,27.01617563],[55.89251375,27.01732886],[55.89461613,27.0188328],[55.89489043,27.01932621],[55.89366198,27.02109206],[55.89453423,27.02141142],[55.89749444,27.02066195],[55.8984375,27.01702011],[55.89916503,27.01678514],[55.90008807,27.0176692],[55.89986706,27.02005041],[55.905267,27.01838601],[55.90670705,27.01621628],[55.91321957,27.01627004],[55.92629182,27.02076364],[55.93609011,27.02240217],[55.94171131,27.02128208],[55.94868946,27.02207243],[55.95211184,27.02361941],[55.95412123,27.02766013],[55.95689845,27.0297116],[55.95655513,27.03143096],[55.95796144,27.03338778],[55.96305537,27.03337824],[55.96743774,27.02934754],[55.9749124,27.03051674],[55.97021484,27.03121436],[55.96607804,27.03926265],[55.95978045,27.04033566],[55.95888984,27.04486084],[55.95896733,27.04535878],[55.96021342,27.0479722],[55.96684873,27.04982805],[55.96837676,27.04767275],[55.97051787,27.04990804],[55.97084975,27.04684913],[55.97446561,27.05029786],[55.97491968,27.04560947],[55.97594023,27.04965258],[55.98240864,27.04946125],[55.98434424,27.05033576],[55.98535276,27.05319571],[55.9850502,27.05868554],[55.98471713,27.05986381],[55.98323524,27.0607264],[55.98343527,27.06214797],[55.98311555,27.06234372],[55.98072076,27.06150734],[55.98054743,27.06367338],[55.97826695,27.06656134],[55.98001051,27.06835461],[55.98382592,27.0703125],[55.98423696,27.07043302],[56.01882803,27.08630192],[56.02793062,27.08811235],[56.03019524,27.08895886],[56.03532362,27.09206343],[56.04156494,27.09386265],[56.04269493,27.09553587],[56.04421735,27.09518194],[56.04671204,27.09102976],[56.04609728,27.08710313],[56.04859042,27.08778298],[56.04985726,27.08662033],[56.06981432,27.08649147],[56.06478894,27.08674896],[56.06471658,27.08765018],[56.06417441,27.08681345],[56.04964066,27.08707094],[56.04595304,27.09547162],[56.04819453,27.09782124],[56.05141222,27.09205985],[56.06030631,27.09579337],[56.05607605,27.10358262],[56.05828154,27.10474133],[56.06301785,27.09724176],[56.07021272,27.10058916],[56.06576562,27.10747707],[56.06652474,27.10876465],[56.07226622,27.10107672],[56.07938337,27.10144484],[56.0802772,27.09827185],[56.07837296,27.09719884],[56.08051825,27.09756374],[56.08097625,27.09604025],[56.07832468,27.09140396],[56.07525182,27.09053886],[56.07258534,27.09178615],[56.07249045,27.09151256],[56.07494915,27.09038615],[56.07270741,27.08945274],[56.078637,27.09119081],[56.08138585,27.0953536],[56.0796535,27.10233796],[56.08129871,27.10315752],[56.07963395,27.10265183],[56.08000612,27.10463941],[56.07778251,27.10812616],[56.08022904,27.10921526],[56.08141017,27.10838914],[56.08006024,27.11041677],[56.08149445,27.11120546],[56.08280218,27.10970342],[56.08225393,27.1109426],[56.08495355,27.11233187],[56.08699912,27.10830579]],[[56.08699912,27.10830579],[56.0865853,27.10782626],[56.08703721,27.10823083],[56.08699912,27.10830579]],[[56.0865853,27.10782626],[56.0841521,27.10564792],[56.08200383,27.10530186],[56.08402097,27.10511005],[56.08396232,27.10202408],[56.08445191,27.10535407],[56.0865853,27.10782626]],[[55.19623334,25.15238077],[55.19738436,25.15517771],[55.19613993,25.15244186],[55.19623334,25.15238077]],[[55.18832705,25.14338308],[55.18851549,25.14543404],[55.18806934,25.14358723],[55.18832705,25.14338308]],[[55.18851549,25.14543404],[55.18862915,25.14590454],[55.18855596,25.1458745],[55.18851549,25.14543404]],[[55.16216244,25.11232801],[55.16223133,25.11514843],[55.16162992,25.11242592],[55.16216244,25.11232801]],[[55.15604269,25.10548785],[55.15636313,25.10808885],[55.15557516,25.10596705],[55.15604269,25.10548785]],[[51.26003184,26.15550604],[51.25985384,26.15630055],[51.25999272,26.15549541],[51.26003184,26.15550604]],[[56.45333576,27.10203815],[56.44800627,27.09448266],[56.44412684,27.09507823],[56.44576538,27.09269714],[56.44516206,27.09114146],[56.44186723,27.09299648],[56.44194412,27.09556651],[56.44095945,27.09529448],[56.44091594,27.09280694],[56.44404864,27.09069955],[56.44434535,27.09025657],[56.44465482,27.08780742],[56.44437397,27.08722675],[56.44280124,27.08526182],[56.43910944,27.08290637],[56.42641926,27.07603467],[56.42497897,27.07353377],[56.42640674,27.0703125],[56.42774343,27.06767833],[56.42746615,27.06708026],[56.42453825,27.06552207],[56.42407584,27.06538522],[56.42286146,27.06580126],[56.42269051,27.06554222],[56.42237794,27.06456733],[56.42202342,27.05487061],[56.42085755,27.05283701],[56.42726386,27.04436886],[56.44146144,27.03717375],[56.44631887,27.03803551],[56.45979393,27.03304815],[56.47143376,27.03366494],[56.47413456,27.03269255],[56.47473335,27.03277946],[56.47862935,27.03451037],[56.48284304,27.03875506],[56.48544073,27.03871155],[56.48979866,27.04143643],[56.49642825,27.04307938],[56.49447346,27.04498112],[56.49450302,27.04794776],[56.49756575,27.05043662],[56.50170386,27.05937171],[56.50053525,27.0703125],[56.50066841,27.0703125],[56.50058484,27.07138205],[56.49845922,27.07360315],[56.49845922,27.07600212],[56.49675167,27.07756686],[56.49412203,27.07925534],[56.49115133,27.07926261],[56.48922217,27.08288634],[56.48510444,27.08461463],[56.48370326,27.09102797],[56.48204827,27.09258294],[56.48005593,27.09364545],[56.47961485,27.09386361],[56.47874928,27.09375477],[56.4783169,27.09321403],[56.47753215,27.09111845],[56.48202384,27.09120655],[56.48361742,27.08979404],[56.48306525,27.08770025],[56.47916615,27.08685982],[56.47667885,27.08705497],[56.47252011,27.08981001],[56.46011102,27.09182847],[56.45705891,27.09442174],[56.45456302,27.09722865],[56.45333576,27.10203815]],[[56.84929466,27.04957914],[56.84953952,27.04891002],[56.85172057,27.04898095],[56.85207546,27.04965115],[56.85143864,27.05004382],[56.85015655,27.05025005],[56.84929466,27.04957914]],[[56.88330495,27.00240457],[56.88352096,27.00168252],[56.88522816,27.00010347],[56.88384736,26.99793184],[56.88514292,26.99623251],[56.87852561,26.99968863],[56.87492275,26.99990785],[56.88072765,26.99749613],[56.88247454,26.99585271],[56.88180792,26.99402964],[56.88454592,26.99430585],[56.88705385,26.99052787],[56.89950311,26.98343956],[56.89978516,26.98354626],[56.89961791,26.98481321],[56.89641285,26.98767531],[56.89643466,26.99172342],[56.88940501,26.99344921],[56.89384091,26.99361932],[56.89019275,26.99633408],[56.89378154,26.99674678],[56.89300466,26.99888158],[56.89007544,26.99891615],[56.88813627,26.99992275],[56.88361478,27.00389481],[56.88305366,27.00395572],[56.88278306,27.00381577],[56.88330495,27.00240457]],[[56.23528361,26.97963285],[56.23673761,26.98471475],[56.23371482,26.98065007],[56.23231053,26.98076892],[56.22432983,26.98600924],[56.21906805,26.99065292],[56.21729791,26.99383235],[56.21036017,26.99618936],[56.20922744,26.99632096],[56.20883608,26.99619186],[56.20599866,26.9936378],[56.20495594,26.99336946],[56.19009697,26.9910202],[56.18508303,26.99913323],[56.18434811,26.99736726],[56.18671584,26.99299037],[56.18192995,26.99296534],[56.17500198,26.99114394],[56.17392397,26.99114823],[56.17015433,26.99137986],[56.16694295,26.99224496],[56.16537046,26.99307597],[56.15762234,26.99956226],[56.15622377,26.99968803],[56.15162134,26.99859047],[56.14905596,26.99214101],[56.14373314,26.98918521],[56.12276471,26.98300946],[56.09496105,26.98317635],[56.09266496,26.98180175],[56.09148216,26.97864735],[56.08732474,26.97423506],[56.07803404,26.97121394],[56.07243383,26.96768975],[56.06744122,26.96861851],[56.06593776,26.97113955],[56.06584477,26.96566617],[56.06328666,26.96520007],[56.05777001,26.96586525],[56.05289722,26.96907258],[56.04408312,26.95942533],[56.03882837,26.95871246],[56.03347516,26.96089816],[56.02880585,26.95987284],[56.02710462,26.95506537],[56.02463126,26.95334864],[56.01060665,26.95176005],[56.00529206,26.95349705],[55.99775112,26.95386755],[55.99405944,26.95064521],[55.98743832,26.94955516],[55.98553514,26.95039785],[55.98643064,26.95382941],[55.98386586,26.95173991],[55.98222816,26.94461477],[55.98149157,26.94342375],[55.97953844,26.94142985],[55.97560883,26.93838894],[55.97324681,26.93754411],[55.96851063,26.93750632],[55.96782446,26.93764055],[55.96668434,26.93988454],[55.96627426,26.93984497],[55.96217334,26.93797517],[55.96025944,26.93635535],[55.95553195,26.93011296],[55.95542562,26.92983615],[55.95692694,26.92841315],[55.95720875,26.92558527],[55.95681012,26.92533135],[55.95263672,26.92368221],[55.94755113,26.92349386],[55.94707787,26.92333865],[55.94495738,26.92155027],[55.94292092,26.9224025],[55.94231856,26.92438817],[55.9404211,26.91753447],[55.93575656,26.91372263],[55.91927445,26.90729594],[55.90092623,26.90550578],[55.89952075,26.90473843],[55.89870298,26.90167665],[55.8984375,26.90150654],[55.89763606,26.90115881],[55.89497662,26.90026021],[55.89080977,26.89936435],[55.88983285,26.89934111],[55.88107526,26.90003645],[55.87684095,26.89775395],[55.87634754,26.89769244],[55.87176621,26.89767885],[55.86583555,26.89818883],[55.86381066,26.89864552],[55.85451663,26.90173101],[55.85235465,26.90266097],[55.84937108,26.90449226],[55.84300661,26.91062915],[55.84131205,26.91180646],[55.83882356,26.91212237],[55.83722234,26.91433466],[55.83375657,26.91590643],[55.83297515,26.91740775],[55.82863975,26.91764176],[55.81655037,26.92581665],[55.81365264,26.92635357],[55.80997586,26.92925441],[55.80510795,26.93091512],[55.79566681,26.94019914],[55.79298103,26.9413079],[55.79241407,26.94394648],[55.78718877,26.94609952],[55.78302062,26.94740617],[55.78218675,26.94747746],[55.77284765,26.94702315],[55.7651124,26.95040154],[55.75056314,26.95233977],[55.74755514,26.94905901],[55.74186182,26.94626665],[55.73429263,26.94548643],[55.72838521,26.93873978],[55.72914076,26.93755627],[55.73106825,26.93822062],[55.73185456,26.9363178],[55.73084295,26.93500853],[55.73062432,26.92788112],[55.73340392,26.92054641],[55.73758686,26.91898954],[55.739663,26.91509116],[55.74275744,26.91254401],[55.7451812,26.90730095],[55.74828804,26.90548432],[55.75030184,26.90216672],[55.75360692,26.89968193],[55.75441933,26.8967725],[55.75831294,26.89453125],[55.75812495,26.89453125],[55.76260364,26.89226365],[55.76504207,26.88880444],[55.76762545,26.88746095],[55.76691997,26.88309622],[55.7693938,26.88423145],[55.77161467,26.88181531],[55.77291596,26.87906647],[55.77297151,26.87848258],[55.77045572,26.86965716],[55.77113354,26.86481535],[55.76940048,26.85724688],[55.77054906,26.85269713],[55.77328861,26.85007906],[55.77734077,26.84961355],[55.78040671,26.84614456],[55.78091013,26.84258091],[55.77914667,26.84267175],[55.77822912,26.83916604],[55.77908313,26.83611143],[55.78527343,26.8350805],[55.78519535,26.83436286],[55.7785114,26.83434343],[55.77398992,26.83302987],[55.77049243,26.83056498],[55.76432455,26.83059144],[55.76383865,26.8296895],[55.76478815,26.82371044],[55.77051091,26.82155883],[55.76623595,26.82168865],[55.76777315,26.80923748],[55.76569176,26.8062191],[55.76659751,26.80200243],[55.77191162,26.79890478],[55.77514422,26.79430032],[55.77483296,26.79311752],[55.76859367,26.79804695],[55.76632452,26.79849112],[55.7629652,26.79656851],[55.76182008,26.79837883],[55.75981927,26.79822946],[55.75715005,26.79304504],[55.74535155,26.7859869],[55.74472535,26.78367198],[55.7480849,26.78142536],[55.73910975,26.78057766],[55.73675203,26.77576733],[55.73358893,26.77391374],[55.7299993,26.77401245],[55.72835314,26.77525628],[55.73452735,26.77613723],[55.73578465,26.77772212],[55.73709345,26.78157496],[55.73488116,26.78393841],[55.73302531,26.78488767],[55.73070025,26.78295207],[55.72104812,26.78156686],[55.71961772,26.78318346],[55.71632504,26.78411555],[55.70911336,26.78952706],[55.70038497,26.80580938],[55.69755065,26.80704784],[55.68231654,26.78482831],[55.68390298,26.78327537],[55.68743944,26.78420031],[55.68705726,26.7831248],[55.68309414,26.78244305],[55.68037176,26.78357542],[55.67775702,26.7805984],[55.67136455,26.77684045],[55.65955377,26.77296674],[55.65106952,26.77123475],[55.64568484,26.77125454],[55.63999414,26.76868641],[55.63471556,26.76489866],[55.63423944,26.76282155],[55.63633847,26.76239324],[55.64285302,26.76660323],[55.64683413,26.76737344],[55.64481056,26.7651093],[55.63302088,26.75890422],[55.62259722,26.74642825],[55.62024653,26.74433196],[55.61753702,26.74367261],[55.61769998,26.74230266],[55.61256897,26.73803222],[55.612257,26.73780882],[55.60330605,26.73308301],[55.59807074,26.73166883],[55.59435821,26.73249257],[55.59316826,26.73084176],[55.59345865,26.72889876],[55.58862162,26.72549033],[55.58814526,26.72528505],[55.57813728,26.72490394],[55.57236373,26.7231884],[55.57003772,26.72074091],[55.56778133,26.72006404],[55.56781244,26.71875],[55.56808734,26.71875],[55.56801796,26.71772325],[55.56525898,26.71498632],[55.55750453,26.71405625],[55.55357337,26.71124494],[55.54731822,26.70901382],[55.546875,26.70898426],[55.53673935,26.70820987],[55.53534496,26.70860314],[55.53455675,26.71042812],[55.53239965,26.71104014],[55.53176785,26.71092892],[55.52761137,26.70880425],[55.52757478,26.70584166],[55.52456415,26.70259535],[55.5219655,26.70159698],[55.51828945,26.70102966],[55.51011527,26.70253754],[55.49783027,26.70142841],[55.49022627,26.69870865],[55.47780585,26.6900444],[55.47248697,26.69039226],[55.47217202,26.69025791],[55.46773756,26.68556976],[55.46237207,26.68402922],[55.45963287,26.68203783],[55.45859206,26.68167102],[55.45315623,26.68115973],[55.45228457,26.68083537],[55.44819522,26.67785585],[55.43376613,26.67658818],[55.43297315,26.67636168],[55.42776096,26.67250121],[55.42076004,26.67519212],[55.41687202,26.67303705],[55.41314125,26.67459226],[55.41042876,26.67416823],[55.40614903,26.67268086],[55.39612186,26.66425693],[55.37609577,26.65826011],[55.36522496,26.65041995],[55.35523307,26.64864945],[55.33925521,26.64370131],[55.33490205,26.64368725],[55.33300245,26.64528871],[55.33215034,26.64548707],[55.32959545,26.64491332],[55.32925677,26.64502072],[55.32575297,26.64727664],[55.31682146,26.64600325],[55.31033683,26.64660847],[55.30142355,26.65193737],[55.29859746,26.65026045],[55.29127777,26.65020335],[55.28677964,26.65439916],[55.28532052,26.65782225],[55.28200197,26.65828264],[55.28105748,26.65997505],[55.27778506,26.65842354],[55.27315223,26.66008222],[55.27001536,26.65914023],[55.26919735,26.66109157],[55.26898325,26.65945625],[55.26183033,26.65696371],[55.25927186,26.65336394],[55.26095307,26.65165734],[55.2607969,26.64973152],[55.26562762,26.64672625],[55.26763725,26.64388132],[55.26654434,26.64283156],[55.26397061,26.62621462],[55.265239,26.61895692],[55.26729834,26.6146245],[55.26842332,26.61408281],[55.27070606,26.61526346],[55.2757796,26.60754681],[55.27462781,26.59983134],[55.27602661,26.59366226],[55.27539563,26.58850765],[55.27159655,26.58486116],[55.27256846,26.58250713],[55.27121663,26.58111358],[55.26895547,26.58229816],[55.26714087,26.57404816],[55.26887882,26.56627607],[55.27144241,26.56176221],[55.27181876,26.5563699],[55.27812982,26.54368556],[55.27860177,26.54296875],[55.27876568,26.54296875],[55.28077078,26.54054713],[55.28327036,26.53928411],[55.28608632,26.53789234],[55.28769064,26.53741705],[55.29199564,26.53736043],[55.29452205,26.53549612],[55.29570007,26.53635895],[55.29569745,26.53900743],[55.29151034,26.54140294],[55.29153275,26.54296875],[55.29170346,26.54296875],[55.29167032,26.54365122],[55.29520202,26.54702926],[55.29751074,26.54804754],[55.30284405,26.54903555],[55.30414426,26.54913664],[55.30804527,26.54825926],[55.31019747,26.54643452],[55.31718802,26.54426694],[55.31847763,26.54448521],[55.32178736,26.54637575],[55.3233366,26.54797924],[55.32316256,26.54865456],[55.320737,26.54928613],[55.32030225,26.54968095],[55.31806684,26.55293035],[55.33018506,26.57073545],[55.33373415,26.57195735],[55.34726655,26.57146895],[55.35023701,26.56860292],[55.35328007,26.56837785],[55.35427904,26.56587505],[55.35778654,26.56400788],[55.35954976,26.56046617],[55.36368883,26.56445324],[55.36677575,26.56553984],[55.37451673,26.56543493],[55.41349804,26.57508433],[55.42547524,26.57961965],[55.42644393,26.58116567],[55.43290162,26.58333385],[55.43410194,26.58542466],[55.44347632,26.58891273],[55.44486415,26.59037244],[55.45830715,26.59427333],[55.47125816,26.59338236],[55.47278285,26.59147882],[55.47820032,26.59241354],[55.48861516,26.58877456],[55.49059343,26.58903086],[55.49229336,26.59177983],[55.50152147,26.59527957],[55.50226974,26.59548914],[55.51272655,26.59690523],[55.51328135,26.59710455],[55.51579654,26.59907043],[55.51599193,26.59931421],[55.51598835,26.60068953],[55.51763666,26.60141814],[55.51884353,26.60056186],[55.51998568,26.60111177],[55.52123356,26.60196924],[55.52145362,26.60249901],[55.52020884,26.60290992],[55.52294624,26.60516071],[55.52525914,26.61008096],[55.52833545,26.61333025],[55.53549087,26.61715972],[55.54197204,26.61867785],[55.54453528,26.62193084],[55.546875,26.62193084],[55.546875,26.62248886],[55.55651665,26.62503445],[55.57301056,26.6272732],[55.58014834,26.63012862],[55.5811671,26.63249505],[55.59064734,26.63653612],[55.59303856,26.63620806],[55.59700775,26.63892043],[55.60161304,26.63972175],[55.60461211,26.63845921],[55.61618435,26.63903093],[55.62403166,26.64412785],[55.62873054,26.64512956],[55.63055456,26.64620662],[55.63872838,26.65259326],[55.63936198,26.6529299],[55.64677691,26.65484953],[55.65618873,26.66311622],[55.66240346,26.66622293],[55.66500235,26.66989934],[55.66543531,26.67028177],[55.67123473,26.67359805],[55.67343354,26.67631197],[55.68347383,26.68344474],[55.68633831,26.68476236],[55.69048345,26.68615174],[55.69890416,26.68712687],[55.70792544,26.68663347],[55.7143203,26.68551254],[55.71490955,26.68522274],[55.71522891,26.68230712],[55.71556044,26.68192744],[55.71777451,26.68097877],[55.72021413,26.68096435],[55.72082353,26.68158627],[55.72052646,26.68194068],[55.71611011,26.68313468],[55.71620321,26.68518186],[55.71707487,26.68553364],[55.71756315,26.68550622],[55.72035873,26.68404853],[55.7245121,26.68409741],[55.74344516,26.67893004],[55.74706721,26.67892742],[55.74822748,26.68027425],[55.75756466,26.68027413],[55.76381874,26.68197036],[55.79387546,26.69604814],[55.79746485,26.69819474],[55.80147803,26.70074701],[55.80231571,26.70163453],[55.80784833,26.70923364],[55.81631351,26.71326494],[55.82059956,26.71664214],[55.82107496,26.71875],[55.82149434,26.71887815],[55.82523346,26.72122872],[55.82735646,26.72233033],[55.83141136,26.72260642],[55.83229005,26.72422612],[55.83526051,26.72542441],[55.83677673,26.72822332],[55.83710635,26.72840798],[55.84398484,26.72883391],[55.84447694,26.72899854],[55.84533322,26.72949171],[55.84486032,26.73042917],[55.85142243,26.73318625],[55.85199881,26.73332524],[55.86736166,26.7341789],[55.87099075,26.73580396],[55.87408078,26.73538482],[55.87415922,26.73392046],[55.87484133,26.73346925],[55.88109803,26.73277664],[55.89708161,26.72348285],[55.8984375,26.72209823],[55.90289211,26.71942854],[55.90281236,26.71875],[55.9031167,26.71875],[55.91303074,26.70694244],[55.91350865,26.69616985],[55.91563785,26.69049287],[55.91693926,26.68897593],[55.9172914,26.6888169],[55.92037833,26.68877614],[55.92520773,26.68459964],[55.92944932,26.68544543],[55.93500543,26.68827951],[55.93811846,26.68725622],[55.94290328,26.68855131],[55.96006775,26.69802177],[55.96048236,26.69829535],[55.97801447,26.71289456],[55.97855711,26.71492076],[55.97619355,26.71666753],[55.97829545,26.71875],[55.97843754,26.71875],[55.97660041,26.72024775],[55.98095596,26.72680867],[55.98151612,26.72717178],[55.99049056,26.73151004],[55.99765587,26.73255014],[56.00141215,26.73630154],[56.00457966,26.73701656],[56.00290406,26.73820364],[56.00362122,26.73936701],[56.00620568,26.73993743],[56.00635195,26.73823333],[56.01389897,26.74483287],[56.01861882,26.74692357],[56.02485824,26.74695313],[56.02628315,26.75115347],[56.03146195,26.75554276],[56.04293466,26.76014864],[56.04428434,26.76168001],[56.05081952,26.76266706],[56.05429876,26.76998723],[56.05699873,26.7722578],[56.05834925,26.77304673],[56.06177807,26.77316022],[56.06479788,26.77533376],[56.06889355,26.77489138],[56.06961668,26.77522647],[56.07058001,26.77585685],[56.08623517,26.78842282],[56.08765781,26.79007804],[56.08793974,26.79164016],[56.08771276,26.79217935],[56.08738673,26.79250884],[56.08580983,26.79159546],[56.08511054,26.79179096],[56.08438611,26.79233801],[56.08380413,26.79507828],[56.08941937,26.80537295],[56.09487665,26.80701184],[56.10195863,26.81276727],[56.1082623,26.81374025],[56.10758173,26.81599414],[56.10794973,26.81701827],[56.10897827,26.81881726],[56.11460507,26.82533693],[56.11896348,26.82895052],[56.12456155,26.8324095],[56.12956405,26.83069146],[56.13039434,26.83101106],[56.13258743,26.83289826],[56.13313925,26.83359075],[56.13385367,26.83667886],[56.14188397,26.8420186],[56.14171696,26.84431171],[56.14590323,26.85058725],[56.14636004,26.85602617],[56.15506506,26.86921525],[56.15589774,26.87253034],[56.1547451,26.87346375],[56.15608537,26.87675774],[56.15472424,26.87755895],[56.15962207,26.88380265],[56.15755236,26.88555896],[56.16152823,26.89242005],[56.16156244,26.89453125],[56.16179645,26.89453125],[56.16183102,26.89581156],[56.16264558,26.89673626],[56.16694081,26.89856577],[56.16551685,26.90438366],[56.16693532,26.90699482],[56.18681705,26.91726208],[56.18733418,26.91746747],[56.20142782,26.92178822],[56.20560956,26.92243934],[56.21705425,26.92347598],[56.2193433,26.92276692],[56.22220242,26.92374444],[56.23013854,26.92382813],[56.23138964,26.92494404],[56.24295485,26.92469466],[56.24921811,26.92633915],[56.25,26.92633915],[56.25276875,26.92698503],[56.26525545,26.92817247],[56.26564944,26.92835975],[56.26804912,26.93122673],[56.27543604,26.93370485],[56.27950597,26.93961334],[56.28444386,26.94159472],[56.28599262,26.94275665],[56.28665507,26.94375694],[56.28746307,26.946545],[56.28691566,26.94736874],[56.28599715,26.94672227],[56.28506386,26.94489455],[56.28515232,26.94293714],[56.28211057,26.94261384],[56.28235853,26.94694054],[56.28524184,26.94779837],[56.28096807,26.94940233],[56.28111184,26.95441604],[56.27963746,26.95821953],[56.27752805,26.96266627],[56.27360702,26.9648931],[56.27366924,26.96748126],[56.27170551,26.96718073],[56.27181625,26.96493447],[56.27122927,26.96458292],[56.27083147,26.96472943],[56.25796914,26.97247934],[56.25,26.97488844],[56.25,26.97516727],[56.24565816,26.97646213],[56.24728143,26.97870934],[56.24534094,26.98033202],[56.24572825,26.97820795],[56.24344981,26.97705591],[56.23907352,26.97782326],[56.23828745,26.97822976],[56.23825085,26.97874558],[56.24071574,26.98203313],[56.24006116,26.98259616],[56.23738456,26.97890222],[56.23528361,26.97963285]],[[56.31659555,26.83352006],[56.31902826,26.82965994],[56.31967163,26.82894683],[56.32512224,26.82436001],[56.32529604,26.82409954],[56.32509196,26.82150531],[56.32735825,26.82067883],[56.32858956,26.82087147],[56.32989788,26.82174635],[56.33046925,26.82301283],[56.33734357,26.82421875],[56.34083593,26.82415581],[56.34343541,26.82210147],[56.34678233,26.82229733],[56.34873486,26.82289696],[56.34780633,26.82421196],[56.34998202,26.82556498],[56.36601746,26.82762313],[56.3680886,26.82977045],[56.37437344,26.83224082],[56.37389255,26.8336426],[56.37703514,26.83714461],[56.37957168,26.83545315],[56.38070583,26.83686566],[56.3834002,26.83735633],[56.38403547,26.83896887],[56.38796616,26.84120583],[56.39239955,26.84211707],[56.40095985,26.84929538],[56.40601635,26.85582685],[56.41304862,26.86841226],[56.41319621,26.86874044],[56.41374052,26.87513077],[56.41331208,26.87573946],[56.41217184,26.87648356],[56.41147113,26.87513864],[56.40925491,26.87534511],[56.40458775,26.88268864],[56.40203297,26.88429213],[56.40007198,26.8846935],[56.39093745,26.88428736],[56.36953116,26.88560271],[56.35402703,26.88417804],[56.34474587,26.88207924],[56.34399784,26.88168776],[56.32871246,26.86492658],[56.32676184,26.86439288],[56.32701147,26.86331785],[56.32359624,26.86205614],[56.31954277,26.85740387],[56.31724632,26.85739195],[56.31684971,26.85104215],[56.31513035,26.85066998],[56.31508386,26.85032523],[56.31472051,26.83925617],[56.31507993,26.83756196],[56.31659555,26.83352006]],[[56.11067665,26.80956101],[56.11108506,26.80870867],[56.11151147,26.80877817],[56.11325908,26.81230044],[56.1133424,26.81291294],[56.11208844,26.81424284],[56.11166465,26.81448245],[56.11106575,26.81323242],[56.11067665,26.80956101]],[[56.09458566,26.79637945],[56.09469593,26.79605532],[56.09587967,26.79625785],[56.09872818,26.79961622],[56.0985769,26.79989743],[56.09578037,26.79884422],[56.09458566,26.79637945]],[[55.89461744,26.6830976],[55.89201784,26.68651974],[55.88933015,26.68320358],[55.87745476,26.68094575],[55.87756634,26.67703283],[55.87626016,26.67648268],[55.87500846,26.67099905],[55.86883557,26.66729546],[55.86086333,26.65242672],[55.85715592,26.64916277],[55.85607505,26.64326048],[55.85320544,26.63909042],[55.85322893,26.63517976],[55.84987617,26.63399673],[55.84761155,26.62925541],[55.84478772,26.62857997],[55.84394431,26.62548923],[55.84396005,26.62285244],[55.84514165,26.61940014],[55.84957862,26.61600327],[55.85011721,26.61436927],[55.85430133,26.61344957],[55.85704625,26.61057198],[55.85819352,26.61239564],[55.86350882,26.61033428],[55.86735857,26.61278522],[55.86970484,26.61325133],[55.87397993,26.6120162],[55.87959814,26.61464643],[55.88673985,26.61554265],[55.8984375,26.62388384],[55.89871085,26.62405777],[55.90243733,26.62932265],[55.90366066,26.63183606],[55.90377355,26.63211405],[55.90257561,26.63456523],[55.90325892,26.63735068],[55.90965343,26.64845765],[55.90956342,26.65036356],[55.91320682,26.65400863],[55.91525555,26.65982234],[55.91076815,26.66083574],[55.90941775,26.67136633],[55.90462887,26.67469752],[55.90328825,26.67705536],[55.90070081,26.67720795],[55.8984375,26.6796875],[55.89504325,26.68211091],[55.89461744,26.6830976]],[[55.27442157,26.59277165],[55.27418876,26.59323406],[55.27383745,26.59277105],[55.27367485,26.59242106],[55.27351975,26.59200764],[55.27339602,26.59158695],[55.27339411,26.59116852],[55.27347362,26.59080875],[55.27345645,26.59023714],[55.27392256,26.59018254],[55.27418876,26.59067214],[55.27436364,26.59151053],[55.27447605,26.59222531],[55.27442157,26.59277165]],[[55.26951754,26.66187358],[55.27285695,26.66108727],[55.27297962,26.66134882],[55.27249575,26.66207623],[55.27055061,26.66275525],[55.26951754,26.66187358]],[[55.61184442,26.74151981],[55.61357296,26.74716485],[55.60514724,26.74354434],[55.60137308,26.73994875],[55.60128641,26.73949134],[55.60244274,26.73749685],[55.60287631,26.73748076],[55.60671771,26.73890078],[55.60776317,26.73931146],[55.61184442,26.74151981]],[[55.62022805,26.75949144],[55.62015593,26.76158905],[55.61997616,26.76181996],[55.61843753,26.76185822],[55.61381054,26.75843036],[55.60900438,26.75447106],[55.60538912,26.75100803],[55.60514045,26.74920726],[55.60675991,26.74894202],[55.60998523,26.74976218],[55.61087358,26.75012505],[55.61486101,26.75251234],[55.61813843,26.75523806],[55.61849284,26.75568891],[55.62009156,26.75884354],[55.62022805,26.75949144]],[[55.63031685,26.76018512],[55.63095176,26.75992095],[55.63434291,26.76137865],[55.63419998,26.76170325],[55.63203216,26.76286185],[55.63031793,26.76069641],[55.63031685,26.76018512]],[[55.63173664,26.77067375],[55.64349234,26.7771188],[55.64407492,26.77731085],[55.66005731,26.78022242],[55.66251314,26.78100288],[55.66816986,26.78368974],[55.67528415,26.78925431],[55.68697107,26.80263352],[55.69267595,26.81129015],[55.6946063,26.816787],[55.69443274,26.82350278],[55.69452524,26.82408774],[55.69543374,26.82607853],[55.69584155,26.82636476],[55.69760871,26.82694852],[55.69865513,26.82693195],[55.70141995,26.82613194],[55.70403814,26.82346666],[55.70615697,26.81866825],[55.70961535,26.81586862],[55.71249783,26.81590283],[55.72152936,26.82115936],[55.72401655,26.82572901],[55.72641003,26.83401597],[55.72625601,26.83497131],[55.72512853,26.83402836],[55.72379065,26.83430004],[55.72349036,26.83462322],[55.72485781,26.83596194],[55.72469306,26.83654666],[55.72322404,26.83786845],[55.72007418,26.83892465],[55.7123388,26.83883035],[55.69845498,26.84091711],[55.69762504,26.84394515],[55.68904007,26.84394932],[55.68360376,26.84242368],[55.68318856,26.84222805],[55.68147373,26.84081125],[55.68115795,26.8387742],[55.68679643,26.82877707],[55.68556666,26.82403672],[55.68089557,26.81546831],[55.68201506,26.81315684],[55.67944407,26.81526434],[55.68445075,26.82485867],[55.68493521,26.82654333],[55.68499768,26.82966757],[55.68363488,26.83081627],[55.68267834,26.83133078],[55.67801213,26.83131432],[55.6707077,26.83297861],[55.66387475,26.83519638],[55.66131973,26.83597255],[55.6609956,26.83612132],[55.65176082,26.84270167],[55.64422846,26.84427846],[55.64359367,26.84402895],[55.63783693,26.83753347],[55.63728082,26.83638334],[55.63782036,26.82745182],[55.63558543,26.82426536],[55.63721585,26.81932306],[55.63460016,26.82112944],[55.6337893,26.81961691],[55.63773727,26.81688535],[55.64488685,26.81877542],[55.64216018,26.81627286],[55.64493108,26.81294501],[55.64456916,26.80881584],[55.643031,26.80583072],[55.64041507,26.80476177],[55.64192355,26.79087091],[55.63947725,26.79001558],[55.63786185,26.78756142],[55.63771927,26.78271282],[55.63403511,26.77783692],[55.62894344,26.77346265],[55.62608564,26.77277708],[55.62596965,26.77251244],[55.62695312,26.77022862],[55.62769401,26.76998973],[55.62989962,26.76983106],[55.63173664,26.77067375]],[[55.58072853,26.82634592],[55.58050895,26.82662046],[55.57755542,26.82405138],[55.58008385,26.82231176],[55.58046806,26.82267737],[55.58151734,26.82390046],[55.58072853,26.82634592]],[[55.5852741,26.84157312],[55.58438897,26.84220505],[55.58307433,26.83996475],[55.58341205,26.83811903],[55.58831155,26.83626974],[55.58769596,26.8383702],[55.58661306,26.83881307],[55.58470356,26.83888567],[55.5852741,26.84157312]],[[55.6661849,26.83659673],[55.66683304,26.83638835],[55.67308545,26.84307826],[55.67384088,26.84836328],[55.66989207,26.85314202],[55.66697216,26.85411692],[55.66265428,26.85865951],[55.66094744,26.85899365],[55.65901363,26.86696196],[55.65881872,26.86733365],[55.65711975,26.86968064],[55.65175951,26.87587345],[55.63802195,26.86745071],[55.63702083,26.86115146],[55.64147341,26.86036587],[55.64040816,26.85783076],[55.64384246,26.85213006],[55.64290953,26.84896302],[55.64361274,26.84564805],[55.65294731,26.84380436],[55.6661849,26.83659673]],[[55.58512545,26.87553751],[55.58648515,26.87891603],[55.58547318,26.88012445],[55.58196378,26.87767732],[55.58432245,26.87506068],[55.58512545,26.87553751]],[[55.65765548,26.87720156],[55.66063404,26.87455487],[55.66206348,26.86505616],[55.66236126,26.86468661],[55.66388845,26.86443472],[55.66430485,26.86455905],[55.66585135,26.86745715],[55.66926897,26.87071717],[55.67044044,26.87130964],[55.67640388,26.87140608],[55.68586338,26.87618983],[55.68901443,26.88197505],[55.68529666,26.88577986],[55.68531251,26.89453125],[55.68512285,26.89453125],[55.68504667,26.89489436],[55.68319595,26.90110016],[55.67749453,26.90686846],[55.67253435,26.90368032],[55.66865075,26.89516461],[55.66792011,26.89453125],[55.66781235,26.89453125],[55.65972054,26.88618922],[55.65880084,26.88289487],[55.65761793,26.87781107],[55.65765548,26.87720156]],[[55.66383386,26.90073967],[55.66096425,26.90458286],[55.65771806,26.90226436],[55.65321946,26.89453125],[55.65312505,26.89453125],[55.65100586,26.89137805],[55.65007222,26.88734794],[55.65005755,26.88689315],[55.65189743,26.88550246],[55.65234685,26.88552737],[55.65527785,26.88690984],[55.66197717,26.89453125],[55.66379547,26.89709055],[55.66408932,26.89942706],[55.66383386,26.90073967]],[[55.62955856,26.89268172],[55.62899447,26.89279306],[55.62526476,26.89216936],[55.62814474,26.89039826],[55.6295557,26.89078736],[55.6299026,26.89237583],[55.62955856,26.89268172]],[[55.68762505,26.89453125],[55.68777156,26.89445555],[55.68870902,26.89133358],[55.68871975,26.89105666],[55.68757546,26.88895166],[55.68771183,26.88845575],[55.69126332,26.88229036],[55.69114685,26.87919664],[55.69075596,26.8750354],[55.68968415,26.87322545],[55.68242204,26.87179685],[55.6797868,26.86982441],[55.68044293,26.86858702],[55.68571866,26.86837876],[55.68763244,26.86670554],[55.68080235,26.86766517],[55.67752016,26.87076998],[55.67181206,26.87054658],[55.66969872,26.86967635],[55.66356027,26.86276031],[55.66627395,26.85675371],[55.66985786,26.85583031],[55.67320335,26.85742807],[55.67618346,26.86107945],[55.67769575,26.8612411],[55.67439663,26.85708487],[55.67055225,26.85466564],[55.67510045,26.85120642],[55.67628324,26.84629273],[55.67485166,26.84268153],[55.67083228,26.83899605],[55.66925168,26.83604634],[55.66910255,26.83517694],[55.67054594,26.83431697],[55.68018734,26.83261514],[55.67915022,26.83768523],[55.68072104,26.84391916],[55.68369556,26.84588254],[55.69274068,26.84870887],[55.69586325,26.8481456],[55.69963396,26.84952486],[55.70034516,26.85388505],[55.71273792,26.86383045],[55.71364653,26.86747611],[55.71032572,26.86888301],[55.71515155,26.87012136],[55.72213566,26.88634348],[55.72046375,26.88702285],[55.71484435,26.88010001],[55.70771062,26.87610471],[55.71521485,26.88126743],[55.71746814,26.88351107],[55.71947372,26.88689864],[55.71960914,26.88821936],[55.7193644,26.88908625],[55.71551752,26.89152765],[55.71538115,26.89187491],[55.71577513,26.89453125],[55.71614635,26.89746237],[55.71478021,26.91028762],[55.7142024,26.91348875],[55.71097755,26.91702545],[55.70887184,26.91580176],[55.70619214,26.91164315],[55.70343542,26.90156305],[55.70276391,26.90103006],[55.70253158,26.90148067],[55.70265627,26.90546441],[55.70667136,26.91591942],[55.70647001,26.91669321],[55.70729518,26.92835414],[55.70614636,26.93197167],[55.70230484,26.93553746],[55.70093715,26.93019891],[55.69896305,26.92733586],[55.69453835,26.92457116],[55.69365513,26.92242813],[55.68304968,26.91783536],[55.67834878,26.91663015],[55.67466223,26.9175899],[55.67374361,26.91639936],[55.67450225,26.91085601],[55.67491162,26.91027355],[55.68385637,26.90464961],[55.68645752,26.90050304],[55.68759203,26.89771998],[55.68762505,26.89453125]],[[55.60376286,26.9166764],[55.60342777,26.91682053],[55.60176754,26.91657364],[55.59753275,26.91248071],[55.59748638,26.90977573],[55.59960854,26.90803385],[55.59988916,26.90827656],[55.60420823,26.91530895],[55.60376286,26.9166764]],[[55.72655165,26.92397594],[55.72777653,26.92199135],[55.72846556,26.92221582],[55.72915268,26.92358863],[55.72847211,26.92477262],[55.72655165,26.92397594]],[[55.73963475,26.90584457],[55.74087954,26.90578806],[55.74121225,26.90669334],[55.73919225,26.90971911],[55.73788965,26.91018021],[55.73815346,26.90714502],[55.73840153,26.90673506],[55.73963475,26.90584457]],[[55.76085806,26.86864221],[55.76244211,26.86676705],[55.76227355,26.86746538],[55.76102853,26.87066424],[55.760903,26.87092555],[55.76085806,26.86864221]],[[55.75832963,26.86019635],[55.75567734,26.85506344],[55.75523806,26.85381627],[55.7531718,26.84825337],[55.75333273,26.84747064],[55.75468922,26.84540534],[55.75574684,26.8441354],[55.76200783,26.83974385],[55.76551795,26.83402061],[55.77025056,26.83288467],[55.77054954,26.83303845],[55.77270186,26.83689916],[55.77267063,26.83720446],[55.76534545,26.85226882],[55.76514065,26.85732687],[55.76470542,26.85809314],[55.75988495,26.86108565],[55.75832963,26.86019635]],[[55.74618995,26.84885657],[55.74410975,26.85150981],[55.74411201,26.85186934],[55.74574697,26.85150957],[55.74550891,26.85188651],[55.74314678,26.85358667],[55.74191928,26.85205805],[55.74055314,26.8491286],[55.73801458,26.83659983],[55.73822224,26.83630323],[55.74641502,26.83251595],[55.75221634,26.83164787],[55.75642037,26.82874107],[55.75675082,26.82882774],[55.75771511,26.83221996],[55.75746334,26.83544874],[55.75666904,26.83615875],[55.75009656,26.84373927],[55.74599946,26.84560812],[55.74618995,26.84885657]],[[55.74161112,26.83357847],[55.73793125,26.83359122],[55.73773205,26.83333075],[55.73674774,26.81924105],[55.74368775,26.81654346],[55.74487901,26.81674945],[55.74559045,26.81881011],[55.74583483,26.81566107],[55.74743044,26.81504965],[55.75039935,26.81925213],[55.75085294,26.82393181],[55.74832296,26.82798326],[55.74740803,26.82891536],[55.74551475,26.82985234],[55.74452031,26.83024776],[55.74161112,26.83357847]],[[55.74854291,26.81525767],[55.74862444,26.81406021],[55.74653924,26.81354117],[55.75108504,26.80925333],[55.7514714,26.80913532],[55.75422585,26.81100595],[55.75607264,26.80950332],[55.75841713,26.81027353],[55.75233674,26.80825436],[55.75223982,26.80775237],[55.75396895,26.8074553],[55.75418997,26.80607951],[55.75444627,26.80582595],[55.75641835,26.80499661],[55.75759971,26.80481553],[55.75997031,26.80532503],[55.76139033,26.81041491],[55.76138175,26.81207144],[55.76028895,26.81562793],[55.75772941,26.81839752],[55.75581515,26.81852233],[55.75545526,26.81829584],[55.75574744,26.81439924],[55.75538385,26.81430602],[55.7549293,26.81454766],[55.7544502,26.81485474],[55.75476921,26.81946886],[55.75166523,26.82111096],[55.75148344,26.81852222],[55.74878323,26.81600142],[55.74854291,26.81525767]],[[55.74276125,26.80511224],[55.74245977,26.80563796],[55.7380234,26.80850875],[55.73781252,26.80845416],[55.73924363,26.79728222],[55.74043715,26.7972635],[55.74105787,26.79759145],[55.74429297,26.80173516],[55.74429846,26.80204475],[55.74276125,26.80511224]],[[55.75050044,26.80241096],[55.75074065,26.80095506],[55.75341201,26.79972935],[55.75428426,26.7998625],[55.75647402,26.80174065],[55.75640285,26.80204141],[55.75326121,26.80364013],[55.75279725,26.80349517],[55.75050044,26.80241096]],[[55.74866295,26.79980743],[55.74664986,26.80169177],[55.74303305,26.79936945],[55.74255443,26.79859674],[55.74268663,26.7978518],[55.74300337,26.79745245],[55.74546981,26.79694176],[55.74695838,26.79822266],[55.74902093,26.79901862],[55.74866295,26.79980743]],[[55.74666715,26.79717302],[55.74358463,26.79617274],[55.74688125,26.79526401],[55.74802685,26.79553175],[55.74967122,26.7968297],[55.75015974,26.79849625],[55.74666715,26.79717302]],[[55.7308681,26.79672682],[55.73147941,26.79990852],[55.72990501,26.81439745],[55.72891855,26.81965876],[55.72964585,26.83097994],[55.72943711,26.83144164],[55.72815812,26.83202696],[55.72434378,26.82189143],[55.71989572,26.81735218],[55.71200287,26.81457806],[55.71018243,26.8142277],[55.70979285,26.81422353],[55.70660818,26.81629872],[55.70366955,26.81881726],[55.69980657,26.82464194],[55.69799757,26.82564616],[55.69763243,26.81548595],[55.70033824,26.81100297],[55.70623052,26.80784035],[55.71455145,26.79065871],[55.7195816,26.78517246],[55.72036338,26.78474486],[55.72328055,26.78488421],[55.72496593,26.78561342],[55.72541475,26.78602147],[55.73027635,26.79141426],[55.7308681,26.79672682]],[[55.73443544,26.78574717],[55.73716784,26.78242004],[55.73957336,26.78340614],[55.74035203,26.78655875],[55.7438513,26.79173315],[55.74339235,26.79447901],[55.74314034,26.79462814],[55.74171114,26.7947371],[55.74083996,26.79493535],[55.74011254,26.79356325],[55.7380259,26.79290867],[55.73456871,26.78619325],[55.73443544,26.78574717]],[[55.74425745,26.81020868],[55.74431765,26.80788493],[55.74573398,26.80561137],[55.74798143,26.80548501],[55.75031757,26.80613887],[55.75034702,26.80676341],[55.74453115,26.81361604],[55.74425745,26.81020868]],[[55.74278772,26.80980241],[55.74263465,26.81003642],[55.74243712,26.80996752],[55.74254727,26.80956125],[55.74276781,26.80892146],[55.74315965,26.80795002],[55.7437129,26.80702722],[55.74408555,26.80650187],[55.74427867,26.80637586],[55.74435854,26.8065623],[55.74430895,26.80693424],[55.74413812,26.80732036],[55.74392176,26.80770135],[55.74370456,26.80809522],[55.74360383,26.80843973],[55.74347615,26.80875671],[55.74327135,26.80910575],[55.74299157,26.80948865],[55.74278772,26.80980241]],[[55.72617686,26.85349596],[55.72544634,26.85595655],[55.72495854,26.85653734],[55.72164083,26.85710526],[55.71945477,26.85641491],[55.71571612,26.8530128],[55.70312023,26.84677422],[55.70107603,26.8455435],[55.70019126,26.8441534],[55.70027065,26.84343183],[55.70049965,26.8429538],[55.70341814,26.84172034],[55.71730328,26.84148824],[55.72362137,26.84027088],[55.72450805,26.84003925],[55.72790813,26.83684254],[55.724527,26.84641111],[55.72467816,26.84941614],[55.72617686,26.85349596]],[[55.63792086,26.96585321],[55.64418983,26.97001255],[55.64806235,26.97015262],[55.6559273,26.96682632],[55.66295505,26.96610451],[55.67448843,26.97474885],[55.67471266,26.97531295],[55.67448294,26.97609866],[55.67112064,26.97813737],[55.66940916,26.97916913],[55.66300905,26.98153734],[55.66257012,26.98166084],[55.65131843,26.98205137],[55.64984155,26.98215473],[55.64601696,26.98123837],[55.63771045,26.97790611],[55.63248897,26.97262371],[55.63225687,26.97223556],[55.63216448,26.9691807],[55.63343537,26.96751332],[55.63723397,26.96582711],[55.63792086,26.96585321]],[[56.87959218,27.00039875],[56.88167965,26.99950254],[56.88242102,26.99958813],[56.88276362,27.00053024],[56.88132882,27.00192201],[56.87931991,27.00214052],[56.87914121,27.00082946],[56.87959218,27.00039875]],[[56.50948942,26.50116873],[56.51112354,26.50116825],[56.51384842,26.50140905],[56.51428986,26.50171733],[56.51279473,26.50664985],[56.51014388,26.50402546],[56.50993335,26.50354636],[56.50948942,26.50116873]],[[56.52807367,26.4979074],[56.53069162,26.49620891],[56.52884185,26.49868965],[56.52853811,26.49885428],[56.52807367,26.4979074]],[[54.02600634,26.49851716],[54.03652394,26.50160146],[54.03907132,26.501266],[54.04082346,26.50195313],[54.04528618,26.50621641],[54.04964197,26.51456177],[54.05057967,26.51834321],[54.04952741,26.51995313],[54.04987144,26.52328491],[54.04333186,26.52467418],[54.0417006,26.52690065],[54.03936458,26.52758121],[54.03908765,26.52784467],[54.03620875,26.53130245],[54.03698385,26.53275526],[54.03539491,26.53326786],[54.03347993,26.53639424],[54.03308678,26.53664827],[54.02858007,26.53749704],[54.02803504,26.53778207],[54.02628613,26.54014552],[54.0250982,26.54296875],[54.02489316,26.54296875],[54.02413011,26.54516602],[54.02393651,26.55552173],[54.02634501,26.55599368],[54.02705956,26.55727112],[54.02360606,26.56204414],[54.02286458,26.5624721],[54.0193547,26.56195652],[54.01342666,26.56543231],[54.00974226,26.56549025],[54.00782096,26.56355572],[54.00477624,26.56728184],[54.00444722,26.56455243],[53.99814165,26.56426704],[53.99237001,26.56471586],[53.98453975,26.56791246],[53.96931756,26.56953657],[53.96567643,26.57041204],[53.96478474,26.57195806],[53.95949078,26.57451296],[53.95579731,26.57449782],[53.94994128,26.57421064],[53.93825746,26.56978214],[53.92947245,26.56897664],[53.91574764,26.56006146],[53.91297555,26.55553293],[53.91016746,26.55377436],[53.90810525,26.54919517],[53.9031316,26.54705155],[53.90035236,26.55035055],[53.89895427,26.55029035],[53.89802551,26.54710615],[53.89917922,26.54296875],[53.89898407,26.54296875],[53.89901876,26.54171133],[53.90211034,26.53702855],[53.90548074,26.53418934],[53.91204047,26.52099025],[53.91636515,26.51754045],[53.92840946,26.51295793],[53.92875338,26.51274872],[53.93253541,26.50810027],[53.93663228,26.5065521],[53.94209528,26.5071907],[53.94376743,26.50705075],[53.94721746,26.50603151],[53.94774067,26.50576043],[53.95017922,26.50355554],[53.95594955,26.50059974],[53.95871592,26.49985206],[53.95930445,26.49976754],[53.96073735,26.50062454],[53.96512461,26.49840665],[53.96792483,26.49870658],[53.97047615,26.49821222],[53.98077226,26.49500716],[53.98556805,26.49422526],[53.98899877,26.49422026],[53.99805963,26.49457526],[54.00885105,26.49741745],[54.01074123,26.49773824],[54.02506435,26.49839902],[54.02600634,26.49851716]],[[50.07971942,26.54296875],[50.08092082,26.55197096],[50.08271575,26.55281615],[50.08554423,26.56011724],[50.08785367,26.56117654],[50.0887295,26.56351244],[50.08904374,26.57800913],[50.07963324,26.59079742],[50.07943046,26.59612441],[50.07516265,26.59549892],[50.07138133,26.59709442],[50.06492412,26.59687507],[50.06454432,26.59706676],[50.06262934,26.59784937],[50.06374276,26.59907985],[50.06011105,26.59892034],[50.05699921,26.59613848],[50.05398643,26.59542871],[50.05369854,26.59223688],[50.05081022,26.59091878],[50.0510565,26.59249592],[50.04907012,26.59417546],[50.05181944,26.59525442],[50.05179703,26.59568453],[50.05118728,26.59591258],[50.04525721,26.59437478],[50.04283357,26.59509075],[50.04051316,26.59273696],[50.04315293,26.59111476],[50.04292715,26.589607],[50.04253793,26.58945894],[50.03815973,26.58913255],[50.03516305,26.59022427],[50.02900267,26.58883393],[50.02976513,26.58154964],[50.02306151,26.58146656],[50.02239776,26.58136666],[50.02203572,26.58052695],[50.02234817,26.57745087],[50.02363265,26.57656956],[50.02239466,26.57438457],[50.02472866,26.56179786],[50.02850056,26.56010544],[50.03094196,26.55721664],[50.03651857,26.55627143],[50.03665137,26.55203462],[50.03866661,26.54670227],[50.04974973,26.54880524],[50.05719781,26.54479265],[50.06378281,26.54556513],[50.07023227,26.5447849],[50.07036102,26.54296875],[50.07040942,26.54296875],[50.07035434,26.54250956],[50.07517755,26.54190183],[50.0769428,26.54191172],[50.07899094,26.54262912],[50.08395207,26.54083955],[50.0842247,26.54069245],[50.08603084,26.53854477],[50.0864675,26.53862441],[50.08690941,26.53928995],[50.08593214,26.54125643],[50.07961595,26.54282474],[50.07971942,26.54296875]],[[53.66563714,26.6811738],[53.66509426,26.68129981],[53.65901434,26.67984736],[53.65850461,26.68215144],[53.65083575,26.68717146],[53.64613724,26.68823886],[53.63358426,26.68753302],[53.62774551,26.69028151],[53.62768686,26.68884444],[53.62356937,26.68888974],[53.62011063,26.69218886],[53.61549115,26.69256663],[53.61524892,26.69284368],[53.61174464,26.69611835],[53.60483742,26.69571567],[53.59963322,26.69404495],[53.59691215,26.69205475],[53.59653914,26.69156086],[53.59367454,26.68330145],[53.59363902,26.68148744],[53.59646416,26.67221212],[53.59846795,26.66935313],[53.59867275,26.66910315],[53.60584652,26.66382456],[53.60925055,26.66241777],[53.61212945,26.66224706],[53.61277461,26.6619966],[53.61448085,26.66502297],[53.61980867,26.66213143],[53.62356555,26.66207981],[53.62734902,26.66054964],[53.62951875,26.65678775],[53.63487375,26.65704381],[53.63706934,26.65553427],[53.64166665,26.65622211],[53.64922905,26.65546262],[53.65640688,26.65847838],[53.66423166,26.66418433],[53.66655123,26.6695199],[53.67153966,26.67565143],[53.67160893,26.67735851],[53.67122436,26.67802465],[53.66563714,26.6811738]],[[53.30763137,26.78721595],[53.31912005,26.79079425],[53.32291627,26.79231405],[53.32605541,26.79522932],[53.33916557,26.79353786],[53.3411442,26.79208052],[53.35630786,26.78970754],[53.35864127,26.78969467],[53.36071813,26.79022872],[53.36830544,26.79361761],[53.36876774,26.79373384],[53.37363553,26.79340112],[53.37756312,26.79504812],[53.38695681,26.79407287],[53.38803303,26.79313135],[53.38827074,26.79329932],[53.38752532,26.79604065],[53.38868058,26.79744184],[53.38567996,26.80285871],[53.37861311,26.80526376],[53.37333858,26.81071341],[53.36858714,26.81214404],[53.35665715,26.81944382],[53.35164034,26.81988728],[53.34736121,26.82219625],[53.34196508,26.82119441],[53.33364606,26.82626712],[53.33297145,26.82643116],[53.33132875,26.82606256],[53.32871222,26.82308221],[53.32481027,26.82418895],[53.3166728,26.82317555],[53.31128264,26.82437944],[53.3098489,26.82223105],[53.30471313,26.82192504],[53.29999471,26.82458174],[53.27917743,26.82645905],[53.27069747,26.8286072],[53.26669502,26.82768524],[53.24840236,26.83092225],[53.23827052,26.83423555],[53.23383975,26.834396],[53.21860373,26.84072876],[53.20915103,26.8428328],[53.19675171,26.8478018],[53.18995094,26.84752965],[53.17498362,26.85078371],[53.17258215,26.8513118],[53.16640484,26.85097504],[53.16010475,26.84807944],[53.15609157,26.84823775],[53.15552628,26.84722936],[53.15539432,26.84681177],[53.15570831,26.84321976],[53.15591657,26.84266186],[53.15864992,26.83875465],[53.16185248,26.83742392],[53.17015803,26.8268249],[53.17100048,26.82608473],[53.17457974,26.82502615],[53.18407297,26.81774521],[53.21077836,26.80713534],[53.21417224,26.80375481],[53.21458721,26.8035866],[53.21880817,26.80345035],[53.23363852,26.79765487],[53.26023507,26.79114533],[53.26153517,26.79094434],[53.27234375,26.78989947],[53.28872645,26.79098594],[53.29816663,26.78543234],[53.29907095,26.78537595],[53.30763137,26.78721595]],[[53.40360582,26.79380345],[53.40554833,26.78993583],[53.40927422,26.78775013],[53.41019404,26.78753388],[53.41262734,26.78833151],[53.41295886,26.78734994],[53.41614974,26.78733933],[53.41606462,26.78867614],[53.41891694,26.79124546],[53.41767085,26.79404175],[53.4156059,26.79346573],[53.4056046,26.79565418],[53.40366662,26.79665542],[53.40243566,26.7954936],[53.40360582,26.79380345]],[[49.78346574,26.91803348],[49.78254485,26.92014825],[49.78139043,26.92007005],[49.78196967,26.91692734],[49.78166926,26.91627431],[49.77710474,26.91005552],[49.77740467,26.91013217],[49.78346574,26.91803348]],[[49.70780516,26.97132385],[49.70312166,26.98037076],[49.70283616,26.98071945],[49.7022413,26.98014951],[49.70275331,26.97848618],[49.70759225,26.97111082],[49.70780516,26.97132385]],[[49.67330945,26.99084556],[49.67524683,26.99197245],[49.67347002,26.99267995],[49.67255175,26.99278045],[49.67149734,26.99214387],[49.67145705,26.99153864],[49.67330945,26.99084556]],[[49.69755292,27.04019296],[49.69632387,27.04268694],[49.69644284,27.06285107],[49.69752777,27.06926787],[49.69519162,27.06260061],[49.69546366,27.04029703],[49.70425606,27.03443146],[49.70890236,27.03551233],[49.70392084,27.03578865],[49.70350385,27.03597474],[49.69933105,27.03931856],[49.69755292,27.04019296]],[[49.58563495,27.10787678],[49.58692515,27.1150707],[49.59202957,27.12137306],[49.59205115,27.12193894],[49.59192145,27.12241483],[49.58893514,27.12097454],[49.59032714,27.12218821],[49.59152687,27.12486768],[49.59144652,27.12523246],[49.59034598,27.12733066],[49.58642185,27.12837791],[49.57952523,27.11996722],[49.57839215,27.11815131],[49.57791865,27.11627531],[49.58004224,27.1138072],[49.58108747,27.10689676],[49.58386254,27.10625744],[49.58563495,27.10787678]],[[49.59204662,27.12844574],[49.59274685,27.12754452],[49.5939095,27.12773406],[49.59444487,27.12825751],[49.5943799,27.12999415],[49.59204662,27.12844574]],[[49.58764005,27.12959421],[49.59068251,27.1372596],[49.58847952,27.13596988],[49.58615625,27.12935376],[49.58739626,27.12920904],[49.58764005,27.12959421]],[[49.5919584,27.13886857],[49.59254837,27.13951743],[49.59280336,27.14048874],[49.59264815,27.14109421],[49.59223151,27.14136505],[49.59196305,27.14116466],[49.59169781,27.14059651],[49.59145033,27.13984203],[49.5915029,27.13906002],[49.5919584,27.13886857]],[[49.60472274,27.14171886],[49.61105013,27.13940847],[49.61250532,27.13959432],[49.61259568,27.13985348],[49.60601366,27.14282894],[49.59901476,27.14541995],[49.59268785,27.14721203],[49.58856904,27.14841807],[49.58696616,27.14864826],[49.58559501,27.1480633],[49.58606744,27.14659882],[49.58928084,27.14684665],[49.59122205,27.14489663],[49.59272194,27.14587295],[49.59424281,27.14534426],[49.59423077,27.14420867],[49.59722626,27.14415646],[49.59995735,27.14220691],[49.60472274,27.14171886]],[[49.9573189,27.20061803],[49.95654285,27.20102727],[49.95523274,27.19974124],[49.95513475,27.19875026],[49.95522904,27.19708395],[49.95549464,27.19679105],[49.95623434,27.19706845],[49.95809245,27.19941735],[49.9573189,27.20061803]],[[49.57609212,27.29287243],[49.59276247,27.30325365],[49.59896016,27.3055135],[49.60681355,27.30698633],[49.62291443,27.31330752],[49.63283885,27.31495583],[49.63354254,27.31483734],[49.63507974,27.31321013],[49.63510644,27.31091821],[49.63759494,27.31497765],[49.64078331,27.31549656],[49.64276481,27.31489241],[49.64218736,27.31306565],[49.64782441,27.30731285],[49.64452517,27.30611575],[49.6430068,27.30723846],[49.64191592,27.30627167],[49.64478886,27.30326188],[49.6453619,27.29955316],[49.65066338,27.30031025],[49.65188372,27.29857647],[49.65385425,27.29915655],[49.65343344,27.30115116],[49.65002036,27.30253756],[49.65027678,27.30326223],[49.65075445,27.30323863],[49.65866041,27.30184555],[49.65501165,27.30126226],[49.65553951,27.29961646],[49.66934645,27.29938614],[49.68128657,27.29750442],[49.69468045,27.29878175],[49.69628096,27.29792535],[49.69808471,27.29408574],[49.69862151,27.29440081],[49.69646502,27.29893804],[49.6989696,27.30101192],[49.69861925,27.30142713],[49.68990505,27.30314004],[49.68408704,27.30770898],[49.66462803,27.31442356],[49.65556085,27.31503975],[49.65023243,27.31744075],[49.61952746,27.32121766],[49.60906196,27.32386816],[49.59683204,27.32424724],[49.58867836,27.32781184],[49.58018887,27.32916915],[49.57955325,27.32943654],[49.57311213,27.33533454],[49.57275403,27.33576906],[49.5703125,27.34123886],[49.5703125,27.34235477],[49.56929886,27.34362161],[49.56307447,27.34600973],[49.55595481,27.35042691],[49.5540992,27.34939528],[49.55226183,27.35009956],[49.54828775,27.35473061],[49.54787362,27.35486364],[49.54445875,27.35463715],[49.5399332,27.35301244],[49.53611922,27.35362065],[49.53337646,27.3560605],[49.52769256,27.3560667],[49.51050127,27.35052776],[49.50108266,27.34838843],[49.49720454,27.34895444],[49.49669492,27.34886718],[49.49163747,27.34762812],[49.49018037,27.34698915],[49.48704052,27.34532332],[49.48263001,27.34092665],[49.47809243,27.33524084],[49.47642457,27.33042944],[49.47172976,27.3267802],[49.46738935,27.32112086],[49.46754706,27.31721306],[49.46418273,27.30975974],[49.46016765,27.30447376],[49.45960855,27.30068696],[49.4574455,27.29751217],[49.45676124,27.29489744],[49.45727551,27.29004717],[49.45397353,27.28388643],[49.45786416,27.27404761],[49.45734525,27.26942086],[49.45996678,27.26449263],[49.46042776,27.26407766],[49.46840584,27.26037025],[49.46884215,27.26022756],[49.47168326,27.26040077],[49.47158575,27.26196015],[49.46654224,27.26450896],[49.46299613,27.26883435],[49.46240044,27.27563763],[49.46569633,27.27688265],[49.46916115,27.27667284],[49.46864331,27.28053033],[49.46958494,27.28250611],[49.47763407,27.28879893],[49.48123348,27.29025221],[49.48182023,27.29258275],[49.48631215,27.29555905],[49.48623693,27.30090165],[49.4880954,27.30452764],[49.49934065,27.31263197],[49.49851072,27.31437457],[49.49909961,27.31906414],[49.50342333,27.32454288],[49.50400472,27.32505238],[49.51547563,27.33363593],[49.52246511,27.33430243],[49.52475381,27.33580232],[49.53122735,27.33579254],[49.54222214,27.33070648],[49.54361224,27.32990122],[49.54479325,27.32893574],[49.5470916,27.32506442],[49.54911745,27.32729316],[49.55004334,27.32720494],[49.55516136,27.32526135],[49.55643845,27.32400155],[49.55851054,27.32069921],[49.55905998,27.31680322],[49.56085014,27.31564724],[49.56240225,27.31254375],[49.56256425,27.31214583],[49.56180811,27.30998313],[49.56101334,27.30920362],[49.55795097,27.30750322],[49.55608773,27.30800188],[49.55550444,27.30682921],[49.55246246,27.30586815],[49.55146027,27.30586934],[49.54275048,27.30769241],[49.54193377,27.30654645],[49.53564501,27.3045758],[49.53336716,27.30147338],[49.53051794,27.30087745],[49.52996135,27.29984498],[49.53210926,27.29946017],[49.54013944,27.30210745],[49.54781234,27.30242431],[49.55285954,27.30006826],[49.5538069,27.29925632],[49.55469882,27.29802465],[49.55646801,27.29449475],[49.55664468,27.28931546],[49.55985904,27.28932464],[49.56104803,27.28707504],[49.56572545,27.29195523],[49.56902564,27.28971744],[49.56827366,27.28576386],[49.56910944,27.28571212],[49.5703125,27.28655136],[49.5703125,27.28683031],[49.57609212,27.29287243]],[[49.34016156,27.26999044],[49.33771396,27.27410364],[49.33723986,27.27221155],[49.33921206,27.26944661],[49.33655226,27.26680243],[49.33638537,27.26643074],[49.33610094,27.26438892],[49.33639824,27.26379406],[49.33715856,27.26364911],[49.338063,27.26457417],[49.34016156,27.26999044]],[[49.29099083,27.35425675],[49.29436576,27.35624361],[49.29823637,27.35725903],[49.29984021,27.35751832],[49.30554211,27.36340952],[49.31070745,27.36364877],[49.31138182,27.36350918],[49.31356966,27.36132896],[49.31414425,27.36163986],[49.31478524,27.36248541],[49.31627667,27.36559331],[49.31759346,27.37409437],[49.31734335,27.38184464],[49.31553841,27.38419688],[49.31282461,27.38409281],[49.31154525,27.38204885],[49.30969107,27.38222861],[49.30565596,27.38008022],[49.29520667,27.37058592],[49.28384435,27.36504257],[49.28377271,27.36160696],[49.28744304,27.35935843],[49.29099083,27.35425675]],[[49.89428008,27.36496711],[49.89478457,27.36480701],[49.89645684,27.36507607],[49.89850891,27.36731625],[49.90126324,27.37156594],[49.90102434,27.37316382],[49.90070653,27.37331748],[49.89779985,27.37154436],[49.89752913,27.37118685],[49.89493895,27.3676393],[49.89479542,27.36731172],[49.89428008,27.36496711]],[[49.21875,27.42103791],[49.21875,27.42170095],[49.21839952,27.42178535],[49.2181859,27.42173195],[49.21357465,27.42084408],[49.21324182,27.42070508],[49.20992756,27.41810513],[49.21589148,27.40777576],[49.21602666,27.40074718],[49.21483386,27.39768302],[49.21104205,27.39603817],[49.21110105,27.39406216],[49.21165252,27.39334822],[49.21669853,27.39585352],[49.21875,27.39508915],[49.21954143,27.39515555],[49.22014725,27.39383662],[49.22333455,27.39644432],[49.22712147,27.3975749],[49.22593606,27.40303075],[49.22777092,27.40691221],[49.22777116,27.40757978],[49.22682273,27.41501296],[49.22669113,27.41532516],[49.22459435,27.41814065],[49.21875,27.42103791]],[[49.29987967,27.421875],[49.30054033,27.42143333],[49.30287385,27.421875],[49.30254531,27.42294407],[49.29972458,27.42227304],[49.29987967,27.421875]],[[48.86804867,27.63552356],[48.8671875,27.63811386],[48.86601877,27.64213765],[48.86469674,27.64444685],[48.86296976,27.64188731],[48.85966337,27.64255106],[48.85867834,27.64189851],[48.85867703,27.6413486],[48.86589956,27.63525212],[48.86627817,27.63349044],[48.8671875,27.63392854],[48.86804867,27.63552356]],[[49.82091045,27.64876223],[49.82101536,27.65030146],[49.82049394,27.65055811],[49.81963074,27.65073025],[49.8184551,27.64937687],[49.81865728,27.64889956],[49.81938803,27.64843416],[49.82091045,27.64876223]],[[49.83098423,27.72508216],[49.8300873,27.72529233],[49.8222239,27.72079086],[49.82190776,27.717121],[49.82024813,27.71616626],[49.81943107,27.71322656],[49.82320142,27.71292305],[49.82401645,27.71320331],[49.82611072,27.71462035],[49.8295753,27.71828866],[49.83261561,27.72254646],[49.83275497,27.72287691],[49.83098423,27.72508216]],[[50.17885721,27.78032446],[50.17797887,27.78052533],[50.17446947,27.77816772],[50.17462802,27.7777276],[50.17741275,27.77687097],[50.17931283,27.77992856],[50.17885721,27.78032446]],[[51.47495925,27.8232342],[51.47461462,27.82720423],[51.46932864,27.82099593],[51.46949017,27.82074678],[51.47219682,27.81951702],[51.47370005,27.82039034],[51.47404003,27.82090497],[51.47495925,27.8232342]],[[51.56721044,27.83775115],[51.56628346,27.83797407],[51.5612818,27.83375406],[51.56473792,27.83497834],[51.56477797,27.83303034],[51.56514072,27.83289647],[51.56559277,27.83314145],[51.56715286,27.83411765],[51.56722117,27.83718908],[51.56721044,27.83775115]],[[51.46053684,27.85059404],[51.46008313,27.85068798],[51.45910025,27.85008848],[51.45826685,27.84808421],[51.45762134,27.84855807],[51.46174145,27.85590363],[51.45869541,27.86035001],[51.45836604,27.86360681],[51.44412613,27.88155413],[51.42831433,27.89491892],[51.42624497,27.88929665],[51.42834735,27.88712621],[51.43725514,27.86398125],[51.43745685,27.86359584],[51.44223022,27.85927844],[51.44249403,27.85615504],[51.44879246,27.84609878],[51.44901371,27.84580362],[51.45090973,27.84505951],[51.45625556,27.84507501],[51.45676792,27.84528291],[51.45863354,27.84616852],[51.46040392,27.84824932],[51.46079612,27.8498069],[51.46053684,27.85059404]],[[51.41194332,27.9144212],[51.40846252,27.91548717],[51.41226983,27.90690446],[51.41734004,27.90060651],[51.42126918,27.90044093],[51.42256403,27.90058196],[51.42347944,27.90100753],[51.42361915,27.9014374],[51.42332494,27.90335333],[51.41194332,27.9144212]],[[50.17600453,27.99348486],[50.17133033,27.99490607],[50.16993713,27.99485254],[50.16956925,27.99328232],[50.16994381,27.99204814],[50.17174995,27.99022496],[50.17275166,27.99026155],[50.17576337,27.99116182],[50.17600453,27.99348486]],[[48.61294866,28.14463735],[48.61568451,28.14563894],[48.61594653,28.14586926],[48.61892354,28.15024173],[48.61896014,28.15075302],[48.61876476,28.15124595],[48.61511373,28.15024245],[48.61477363,28.14992416],[48.61654162,28.14858425],[48.61550522,28.14688695],[48.61351335,28.14711547],[48.61297452,28.14661646],[48.61258066,28.1449424],[48.61294866,28.14463735]],[[48.63162255,28.16643715],[48.62242353,28.15076303],[48.63943708,28.17235947],[48.64125085,28.17396748],[48.64594841,28.17819393],[48.65029681,28.18012333],[48.64939463,28.18294847],[48.64691055,28.18394995],[48.64592457,28.18331015],[48.64384556,28.17835736],[48.63809276,28.17347014],[48.63593507,28.17312014],[48.63574374,28.17180002],[48.6330142,28.17091274],[48.63453984,28.16835666],[48.63162255,28.16643715]],[[48.65257168,28.68264365],[48.65170515,28.68281353],[48.65075541,28.68221593],[48.65016866,28.67883694],[48.65063953,28.67638755],[48.65108955,28.67656195],[48.65403545,28.6794523],[48.65338814,28.68213046],[48.65257168,28.68264365]],[[51.00921655,28.81696105],[51.00896752,28.81763387],[51.00349414,28.81589437],[51.00117195,28.81800187],[51.00090826,28.81843472],[50.99992216,28.81865191],[50.99838543,28.81778526],[50.99822974,28.81754291],[50.99890304,28.81404603],[50.99899805,28.81545365],[51.00081456,28.81553233],[51.00123835,28.81430793],[51.00376654,28.81360376],[51.00826561,28.81532753],[51.00860965,28.81554914],[51.00921655,28.81696105]],[[48.7772547,28.81705284],[48.77676475,28.81842613],[48.77509952,28.81812572],[48.77549136,28.81675243],[48.77573633,28.81662357],[48.77686274,28.81670952],[48.7772547,28.81705284]],[[50.83889008,28.9919672],[50.84077895,28.99126363],[50.84325182,28.99163878],[50.84558785,28.99439275],[50.83910108,29.00112283],[50.83425593,28.99771535],[50.83781302,28.99489462],[50.83889008,28.9919672]],[[50.87370503,29.00390625],[50.88183844,29.00030196],[50.88483667,29.00159955],[50.88421357,29.00390625],[50.88500297,29.00390625],[50.88755834,29.00548315],[50.88783813,29.00587332],[50.89286256,29.01502895],[50.89728165,29.01661634],[50.89097965,29.02886832],[50.89066303,29.03990364],[50.88663185,29.04757035],[50.88644564,29.05179215],[50.88847756,29.05622685],[50.8875761,29.06310177],[50.88953042,29.06590223],[50.88449395,29.07012987],[50.87150264,29.07443452],[50.86727536,29.07097244],[50.86519003,29.06399691],[50.8673979,29.06214833],[50.86901724,29.05842626],[50.87117124,29.03819561],[50.87093234,29.03503931],[50.86775863,29.02925515],[50.86626232,29.01564264],[50.86639714,29.01480544],[50.86844885,29.00689495],[50.86967647,29.00558031],[50.87256122,29.00390625],[50.87370503,29.00390625]],[[50.73719704,29.06550515],[50.73817897,29.06822932],[50.73174584,29.06784976],[50.73132813,29.06797945],[50.72897172,29.06902182],[50.73109531,29.06618857],[50.73719704,29.06550515]],[[50.72635317,29.06873834],[50.72448814,29.07377076],[50.7227329,29.07409096],[50.72349763,29.07662022],[50.72345078,29.07765734],[50.72186208,29.07981861],[50.72075105,29.07821095],[50.72159111,29.07674336],[50.71696842,29.07753742],[50.71741176,29.07591355],[50.71877456,29.07627666],[50.72072577,29.07214785],[50.72311354,29.07246554],[50.72347844,29.07072175],[50.72635317,29.06873834]],[[48.49580157,29.07196963],[48.49535501,29.07281733],[48.49244595,29.07359695],[48.49089432,29.07323575],[48.49063361,29.07305324],[48.48991287,29.07021844],[48.49359357,29.06922173],[48.49415994,29.06942332],[48.49576461,29.07151771],[48.49580157,29.07196963]],[[50.72089207,29.07937741],[50.72108698,29.08022451],[50.72080696,29.08114493],[50.71950674,29.08110154],[50.71900904,29.08120585],[50.71863723,29.07938147],[50.71900463,29.07839847],[50.71984327,29.0780915],[50.72023881,29.07821095],[50.72089207,29.07937741]],[[50.75209045,29.08200312],[50.75618372,29.07977748],[50.75430524,29.07969785],[50.75287211,29.07850194],[50.75886393,29.07906997],[50.76090443,29.07720435],[50.75925863,29.07778263],[50.75772655,29.07688975],[50.75749886,29.07810843],[50.75634265,29.07692111],[50.7635349,29.07314491],[50.76771855,29.07223594],[50.77118421,29.07331073],[50.77313638,29.07453597],[50.77378023,29.07550287],[50.77393341,29.07600784],[50.77024138,29.07335973],[50.76864696,29.07352126],[50.77050507,29.0741297],[50.76903701,29.07466662],[50.76746094,29.07344532],[50.76343358,29.07409894],[50.76569855,29.0765419],[50.77051377,29.07593191],[50.77074635,29.07866371],[50.77062547,29.07916057],[50.76147556,29.08271813],[50.7526803,29.08671415],[50.75154567,29.08616364],[50.75299394,29.08560085],[50.75170064,29.0826236],[50.75078988,29.08421791],[50.74896908,29.08294642],[50.74688065,29.0843389],[50.74527872,29.08372307],[50.74882984,29.08122826],[50.75209045,29.08200312]],[[50.7329812,29.08418345],[50.73875523,29.0844053],[50.73903465,29.08463764],[50.74227655,29.0858289],[50.74262786,29.08715153],[50.74232841,29.08751023],[50.73831606,29.08869815],[50.73426497,29.08872771],[50.73096657,29.08744371],[50.72994554,29.08560276],[50.73114526,29.0828073],[50.73173034,29.0826261],[50.7329812,29.08418345]],[[50.77791917,29.08171105],[50.77443373,29.07939661],[50.77698421,29.07981503],[50.77747285,29.08065593],[50.77791917,29.08171105]],[[50.87933993,28.99847555],[50.88133097,28.99714935],[50.88267124,28.9973067],[50.87933993,28.99847555]],[[50.85893106,28.99491453],[50.85626078,28.98430944],[50.85697091,28.98083484],[50.85730076,28.98056781],[50.86115384,28.98017716],[50.86734128,28.98487258],[50.87511504,28.98729765],[50.88439941,28.99250936],[50.88383913,28.99481177],[50.88071203,28.99476147],[50.87889802,28.99631691],[50.87498415,28.99646938],[50.86859095,28.99614978],[50.86053956,28.99605656],[50.85893106,28.99491453]],[[50.91022456,28.99530303],[50.90730393,28.99188924],[50.90871692,28.98720145],[50.90913868,28.98725736],[50.91091061,28.9891926],[50.91022456,28.99530303]],[[50.87009311,28.98029566],[50.87409961,28.98026526],[50.87510061,28.98048305],[50.87691057,28.98209631],[50.87712288,28.98246825],[50.87720776,28.98507237],[50.87641168,28.98577011],[50.87324417,28.98500121],[50.87052071,28.98410964],[50.86927855,28.98265517],[50.86904264,28.98192406],[50.87009311,28.98029566]],[[50.86546016,28.96754146],[50.86686623,28.96698725],[50.87077463,28.96712375],[50.87108624,28.96723855],[50.87512517,28.96918011],[50.87547624,28.96956754],[50.8754518,28.97033787],[50.8738327,28.97212577],[50.87025797,28.97219634],[50.86603212,28.97184944],[50.86498272,28.97109616],[50.86451316,28.96911144],[50.86546016,28.96754146]],[[50.89658582,28.96971893],[50.89805651,28.96745181],[50.89850497,28.96749616],[50.89944351,28.97053015],[50.89919174,28.97095942],[50.89828372,28.97020292],[50.89792144,28.97032106],[50.8970685,28.97131574],[50.89623261,28.97050536],[50.89658582,28.96971893]],[[50.89429462,28.96865821],[50.89372134,28.96892095],[50.89190435,28.96865547],[50.89167321,28.96834004],[50.89239335,28.96732187],[50.89398062,28.96661556],[50.89431107,28.96685052],[50.89468586,28.96797681],[50.89429462,28.96865821]],[[50.88170648,28.96735024],[50.88159168,28.96869493],[50.87934828,28.96808672],[50.87955642,28.96563792],[50.87986362,28.96571982],[50.88170648,28.96735024]],[[50.87834847,28.96809733],[50.87807298,28.96830261],[50.87573516,28.96718836],[50.87560046,28.96647906],[50.87730503,28.96499312],[50.87782073,28.96502733],[50.87824523,28.96535397],[50.87834847,28.96809733]],[[50.89424455,28.94391727],[50.8931663,28.94185996],[50.89775634,28.94227076],[50.89786375,28.94263935],[50.89769971,28.94299841],[50.89717126,28.94391584],[50.89424455,28.94391727]],[[50.76938522,29.09241736],[50.76915145,29.09330332],[50.76731348,29.09227121],[50.76731217,29.0893203],[50.76808715,29.08921146],[50.76899576,29.08958423],[50.76918566,29.08993626],[50.76938522,29.09241736]],[[50.77494347,29.09433913],[50.77541268,29.09537196],[50.77265894,29.09686625],[50.77157581,29.09731054],[50.76971722,29.09671915],[50.76940894,29.09642982],[50.76954556,29.0952121],[50.76988816,29.09491468],[50.77494347,29.09433913]],[[50.75060844,29.10489726],[50.7475332,29.10649896],[50.74793172,29.10794926],[50.75291133,29.10552621],[50.7564522,29.10713243],[50.74994397,29.10799623],[50.74421203,29.11164117],[50.74356246,29.11083591],[50.74718082,29.10757935],[50.74158168,29.10805511],[50.74025214,29.10428453],[50.74458694,29.10474265],[50.74584711,29.10343432],[50.74466741,29.10276544],[50.74596453,29.09959877],[50.74663913,29.09966981],[50.74711633,29.10008192],[50.74579835,29.10264862],[50.75060844,29.10489726]],[[50.75423753,29.11065435],[50.75524652,29.11059642],[50.75625837,29.11108386],[50.7564187,29.11206615],[50.75551677,29.11318648],[50.75481093,29.11334777],[50.75335753,29.11198008],[50.75423753,29.11065435]],[[50.7568593,29.11742914],[50.75570261,29.11811185],[50.75415432,29.11723721],[50.75300217,29.11646676],[50.75369155,29.11473763],[50.7524569,29.11472356],[50.75566375,29.11398637],[50.75642061,29.11528385],[50.75520778,29.11642575],[50.75678086,29.1165266],[50.75702214,29.11704934],[50.7568593,29.11742914]],[[50.79495466,29.15527535],[50.79478347,29.15789604],[50.79442203,29.15791476],[50.79293776,29.15153313],[50.79317415,29.15183187],[50.79491901,29.15441644],[50.79495466,29.15527535]],[[50.32443821,29.21118176],[50.32500994,29.2119503],[50.32925606,29.21464515],[50.33213425,29.2144469],[50.33319294,29.21132457],[50.33611035,29.21242177],[50.33809173,29.21441507],[50.33792686,29.21542752],[50.33762348,29.21580565],[50.33163726,29.21724355],[50.33398736,29.22193778],[50.33038664,29.22047305],[50.32885337,29.22107935],[50.32842314,29.22168505],[50.32783866,29.22928715],[50.3287369,29.23020518],[50.32961237,29.23038054],[50.33850825,29.22994697],[50.34023726,29.2210319],[50.34065294,29.22101986],[50.34151125,29.22257447],[50.34151268,29.22642303],[50.33936965,29.23811817],[50.33912444,29.23854232],[50.33831775,29.2388252],[50.3380444,29.23869097],[50.33732545,29.23730302],[50.33820403,29.23225927],[50.33789861,29.23168635],[50.3365674,29.23111391],[50.33429682,29.23106945],[50.33319271,29.23140371],[50.33109164,29.23432922],[50.33051097,29.23482335],[50.32799435,29.23548567],[50.32655692,29.23751545],[50.32655084,29.23795974],[50.32731772,29.24381161],[50.33219457,29.24592924],[50.33234084,29.24712682],[50.33045745,29.248052],[50.33065844,29.25033593],[50.33694506,29.26013064],[50.32857764,29.26461124],[50.32440436,29.26510584],[50.32484186,29.26704812],[50.32314515,29.26495147],[50.31977546,29.2654618],[50.31285763,29.26958573],[50.31191695,29.26685452],[50.30332005,29.27199805],[50.29895401,29.27335668],[50.29692912,29.27296484],[50.29437137,29.27483261],[50.28450835,29.27193153],[50.28239465,29.26849556],[50.28760886,29.26174784],[50.29208088,29.25940132],[50.29449463,29.25430036],[50.29481375,29.25316608],[50.29572618,29.2481848],[50.29459906,29.24654186],[50.29454613,29.24174237],[50.29653037,29.24004054],[50.29697955,29.23578131],[50.29998136,29.23225284],[50.30015242,29.22927117],[50.29703903,29.22664666],[50.29762101,29.22440982],[50.29903173,29.22389734],[50.29887664,29.22704804],[50.30083811,29.22724795],[50.30309248,29.22239566],[50.30159295,29.22011447],[50.30268335,29.22072637],[50.30433345,29.21554124],[50.30711424,29.21452928],[50.31088805,29.20775437],[50.31474364,29.20709658],[50.3208878,29.20811856],[50.32436335,29.20979965],[50.32443821,29.21118176]],[[50.32599735,29.26715445],[50.32618308,29.26636004],[50.32706368,29.26598036],[50.32762134,29.26604116],[50.32879531,29.26682663],[50.32862735,29.26730895],[50.32665241,29.26795971],[50.32599735,29.26715445]],[[50.67579317,29.25278366],[50.67648506,29.25224745],[50.67721653,29.25209928],[50.67783022,29.25229526],[50.67880595,29.25318062],[50.67888057,29.25351334],[50.67729795,29.25561392],[50.67519307,29.25401545],[50.67579317,29.25278366]],[[50.67922163,29.29782534],[50.67891622,29.29828417],[50.67492294,29.29537904],[50.67672515,29.29525328],[50.67931986,29.29563928],[50.67951608,29.29590452],[50.67922163,29.29782534]],[[50.3565042,29.34086525],[50.35509574,29.34207594],[50.35477614,29.34207594],[50.34843314,29.33759463],[50.34814584,29.33721292],[50.34609997,29.33313906],[50.34583283,29.33233416],[50.3466897,29.32859886],[50.34144306,29.31906474],[50.34119535,29.31617975],[50.33901978,29.31435084],[50.33901453,29.31181741],[50.33732223,29.31067944],[50.33830023,29.31019294],[50.33698213,29.30728745],[50.33472753,29.30512786],[50.33453166,29.30457056],[50.33349991,29.30065691],[50.33446002,29.29900086],[50.33531821,29.2990154],[50.33878672,29.30004704],[50.3409394,29.30229795],[50.34231091,29.30489445],[50.35209346,29.32886744],[50.35764813,29.33617246],[50.3565042,29.34086525]],[[48.44080973,29.37939143],[48.44020212,29.37949014],[48.43836927,29.37863565],[48.43735218,29.37602282],[48.43943346,29.37573743],[48.44266975,29.37711406],[48.44314504,29.37883496],[48.44080973,29.37939143]],[[48.39469481,29.39208627],[48.39776552,29.39290643],[48.401335,29.39213586],[48.40479267,29.39394426],[48.40296555,29.3963145],[48.40388048,29.40834248],[48.39978397,29.41212416],[48.38472915,29.42147684],[48.38422275,29.42192245],[48.37576854,29.42952824],[48.37312114,29.43388486],[48.367154,29.43847537],[48.36372423,29.44498754],[48.35990715,29.44646835],[48.35645914,29.45043588],[48.35528564,29.45104313],[48.35401416,29.45144284],[48.34839594,29.45148122],[48.33834577,29.45455682],[48.33547545,29.45796013],[48.33289278,29.45785391],[48.33164215,29.46022725],[48.32694292,29.45905542],[48.32297325,29.46014273],[48.32162476,29.46267986],[48.3228538,29.46482325],[48.31961894,29.46588695],[48.31839383,29.46431661],[48.31738365,29.46465361],[48.31680834,29.46503556],[48.31606805,29.46881056],[48.31494296,29.47204685],[48.31439352,29.47299302],[48.31224442,29.47534227],[48.31137085,29.47551692],[48.31082654,29.47534251],[48.30825531,29.47100353],[48.30189311,29.46850133],[48.29699695,29.46850157],[48.29517484,29.47070766],[48.29037392,29.47067356],[48.28745937,29.46949112],[48.28316784,29.46511602],[48.27617705,29.45469356],[48.27632582,29.45179164],[48.27211201,29.44504213],[48.26737845,29.43142188],[48.26753855,29.42873633],[48.26793885,29.42838526],[48.27438605,29.42686772],[48.28967476,29.43183994],[48.29363584,29.43183684],[48.30896533,29.42610443],[48.31913495,29.43020153],[48.32082808,29.43002987],[48.32758534,29.42431033],[48.33489597,29.42741406],[48.33576524,29.42611575],[48.33873224,29.42540371],[48.3422085,29.42155135],[48.35198772,29.41584003],[48.35386932,29.41105664],[48.35723555,29.40929651],[48.36108804,29.40473986],[48.36139226,29.40122402],[48.37081945,29.40031791],[48.37237,29.39860368],[48.37492681,29.39810133],[48.37582171,29.39646447],[48.37740636,29.39724624],[48.38580096,29.39232755],[48.39258516,29.39160144],[48.39469481,29.39208627]],[[50.61142695,29.46663296],[50.61145234,29.46523666],[50.61275363,29.46382356],[50.61349666,29.46398175],[50.61337686,29.46478713],[50.61142695,29.46663296]],[[50.60473275,29.49569523],[50.60366285,29.49588156],[50.60261404,29.4944669],[50.60277736,29.49415517],[50.60396457,29.49398565],[50.6043452,29.49422181],[50.60539424,29.49510026],[50.60473275,29.49569523]],[[48.25281107,29.48873866],[48.25212073,29.48897207],[48.24736035,29.48814762],[48.25032985,29.48389995],[48.25515711,29.48189938],[48.25557315,29.48202455],[48.25592172,29.48535085],[48.25281107,29.48873866]],[[48.30242431,29.63816202],[48.32540905,29.65973771],[48.33781755,29.67312276],[48.34811592,29.6864928],[48.35613108,29.69879484],[48.36069357,29.70703125],[48.36073184,29.70703125],[48.36804604,29.72193027],[48.37044954,29.72758806],[48.37655151,29.7437011],[48.37805045,29.74964154],[48.37837243,29.76149106],[48.37490797,29.77060544],[48.37380695,29.78667796],[48.37262726,29.78954995],[48.37321234,29.79576027],[48.37307203,29.79623234],[48.36966705,29.80257285],[48.36764336,29.80383217],[48.36249554,29.80603135],[48.36161327,29.8055346],[48.36076295,29.80685926],[48.35919344,29.80592895],[48.35027456,29.80992174],[48.35031235,29.80893505],[48.35504365,29.80582082],[48.35620224,29.80411375],[48.35518992,29.80412376],[48.35381997,29.80461872],[48.34647214,29.80786502],[48.34402132,29.81012833],[48.34020877,29.81398118],[48.32723892,29.83691895],[48.32706046,29.83720315],[48.30263901,29.87484014],[48.29678214,29.8828125],[48.29670334,29.8828125],[48.28664601,29.89610231],[48.27919745,29.90363407],[48.25596893,29.92325741],[48.2327404,29.94288075],[48.22163224,29.95490575],[48.2084496,29.96330655],[48.2119385,29.96267962],[48.22353446,29.95554292],[48.23501074,29.94485915],[48.25268543,29.93161225],[48.26306272,29.92218125],[48.27137804,29.91795135],[48.27341592,29.91465652],[48.29103386,29.90451932],[48.29779458,29.89816594],[48.29699075,29.90085375],[48.27467382,29.91981018],[48.25458443,29.93554604],[48.22818482,29.95591462],[48.21673918,29.96350253],[48.21631336,29.96397614],[48.20254517,29.97063875],[48.17868674,29.97848606],[48.1640625,29.98214281],[48.1640625,29.98242176],[48.15013576,29.98434556],[48.14361894,29.984375],[48.13271976,29.9837867],[48.11951292,29.98081458],[48.11406112,29.97928572],[48.11077273,29.97803175],[48.10774195,29.97549677],[48.10518086,29.9693861],[48.10491312,29.96600091],[48.10538781,29.96275568],[48.10604048,29.96160054],[48.10710084,29.96065342],[48.10892284,29.95988667],[48.11654651,29.9599483],[48.11989665,29.95802832],[48.12180424,29.9532094],[48.11932707,29.94801962],[48.12520516,29.94473255],[48.13178742,29.93695724],[48.13410175,29.93589437],[48.14134598,29.93635356],[48.14736402,29.93299365],[48.14773035,29.93242347],[48.14857507,29.92680955],[48.14193165,29.91363633],[48.14342403,29.90742445],[48.14331722,29.90060675],[48.13836002,29.89499903],[48.14194715,29.89614415],[48.14319551,29.89324844],[48.14581406,29.89030528],[48.14706957,29.89006853],[48.14748216,29.89020574],[48.14637375,29.89285433],[48.15137064,29.89283335],[48.15483773,29.89130223],[48.15997624,29.89546931],[48.1640625,29.89592636],[48.17225265,29.89865875],[48.17945695,29.89719343],[48.18372238,29.90028834],[48.18314505,29.90638721],[48.17795825,29.91089463],[48.17707646,29.91295743],[48.17900705,29.91337287],[48.17593861,29.91528761],[48.18007803,29.91525781],[48.17830706,29.91756141],[48.1773175,29.92262137],[48.17873192,29.92210782],[48.17997634,29.9193058],[48.18003011,29.92436624],[48.18195713,29.92437196],[48.18409312,29.91966605],[48.18554521,29.91926765],[48.18684494,29.92379487],[48.18512154,29.92783475],[48.18591893,29.93152094],[48.18498755,29.93260586],[48.18691337,29.93199396],[48.18776393,29.93402743],[48.18890095,29.93037081],[48.19087207,29.92966068],[48.19230604,29.92289567],[48.1942631,29.92148221],[48.19587564,29.92302561],[48.19629371,29.91866171],[48.19802666,29.92237151],[48.19913924,29.92058265],[48.20292735,29.92117655],[48.20039845,29.91634703],[48.20790732,29.91728067],[48.20855582,29.91637218],[48.20855582,29.91617906],[48.20514905,29.91555798],[48.20332408,29.91215456],[48.20153916,29.91281426],[48.19842875,29.91099775],[48.19593287,29.90466476],[48.19436824,29.90414703],[48.19071674,29.89820695],[48.18828428,29.89706385],[48.18969953,29.89438367],[48.17599762,29.89092004],[48.17668176,29.88830078],[48.18140078,29.88600278],[48.18163836,29.88465154],[48.17916811,29.88341272],[48.17707026,29.88571048],[48.1740185,29.88323557],[48.17402434,29.8828125],[48.1740427,29.8828125],[48.17554772,29.87797046],[48.17554772,29.87731254],[48.17401624,29.87299573],[48.17415273,29.87253952],[48.18026686,29.87245953],[48.18369544,29.87114668],[48.18412101,29.87061202],[48.18395984,29.869735],[48.18045688,29.86982596],[48.18031096,29.86953616],[48.18121028,29.86496627],[48.17941403,29.86753178],[48.17776477,29.86731482],[48.17733753,29.86608315],[48.17028606,29.87034726],[48.17007887,29.87067842],[48.16951835,29.87458766],[48.17075515,29.87546957],[48.16987693,29.87665522],[48.17066157,29.87852883],[48.16926372,29.88001025],[48.17044663,29.88130724],[48.1698575,29.8828125],[48.16984677,29.8828125],[48.16832352,29.88497126],[48.16899574,29.88867283],[48.16876543,29.88928056],[48.16745234,29.89042628],[48.16713667,29.8904798],[48.1640625,29.89034593],[48.162467,29.88981414],[48.16214323,29.88960743],[48.1604979,29.88677073],[48.15604615,29.88489306],[48.15536988,29.8828125],[48.15506446,29.8828125],[48.15515196,29.88267374],[48.15373325,29.88228595],[48.15142512,29.88198745],[48.1489588,29.8828125],[48.14796531,29.8828125],[48.14712751,29.88502264],[48.14133668,29.88777173],[48.14051425,29.88694096],[48.14407754,29.88503504],[48.14474583,29.8828125],[48.14512551,29.88228917],[48.14606655,29.8828125],[48.14603364,29.8828125],[48.14603364,29.88295186],[48.14629126,29.88308215],[48.14648426,29.88306356],[48.14661312,29.88298905],[48.14667737,29.8828125],[48.14670932,29.8828125],[48.14660895,29.88150954],[48.14548421,29.88101125],[48.14016795,29.88093257],[48.13755715,29.88102794],[48.13531983,29.88145888],[48.13289106,29.8828125],[48.13166678,29.88353002],[48.12292898,29.8828125],[48.11973631,29.88148177],[48.11555755,29.88211978],[48.11380434,29.87762225],[48.11163986,29.87834012],[48.11086607,29.87720907],[48.10839426,29.87912548],[48.10420275,29.8783164],[48.10530734,29.87768924],[48.10428548,29.87293994],[48.09848273,29.87023747],[48.10095203,29.87029946],[48.11192191,29.87509596],[48.11670375,29.87499475],[48.12107313,29.88068295],[48.12709022,29.88162315],[48.12946832,29.88043904],[48.12920928,29.87708211],[48.13399196,29.87475336],[48.13731217,29.87459111],[48.13895607,29.87212026],[48.14112031,29.87156725],[48.141047,29.86926663],[48.14989185,29.87103355],[48.15813065,29.86766875],[48.16367531,29.86802781],[48.16193271,29.86714196],[48.16187215,29.86413395],[48.16200411,29.86363184],[48.1640625,29.86272323],[48.16584933,29.86261475],[48.16551805,29.86360657],[48.1640625,29.86356032],[48.1640625,29.86383915],[48.16270447,29.86473083],[48.16358042,29.86551344],[48.1640625,29.86551344],[48.16520095,29.86549365],[48.16951287,29.86311781],[48.16863048,29.86191678],[48.16980302,29.85837126],[48.16967106,29.85780871],[48.16863537,29.85584104],[48.16720033,29.85591066],[48.16696644,29.85555303],[48.16499472,29.85087764],[48.1640625,29.85100436],[48.16317391,29.85104835],[48.1640625,29.84988844],[48.1640625,29.84960926],[48.16481972,29.84898865],[48.16505015,29.84585094],[48.16556394,29.8451581],[48.17367125,29.84116638],[48.17591107,29.84150791],[48.1797291,29.84614682],[48.17831731,29.83969104],[48.17614055,29.83840466],[48.17502916,29.83607566],[48.17916036,29.83192396],[48.17477703,29.83167076],[48.17600274,29.82679641],[48.1699537,29.83019817],[48.16974485,29.83049488],[48.16820598,29.83485055],[48.16996443,29.83650565],[48.1697247,29.83726907],[48.16929042,29.83780074],[48.1640625,29.84068084],[48.16336608,29.8408854],[48.15784907,29.84680295],[48.15870273,29.85226345],[48.1567229,29.85472774],[48.15567708,29.85938847],[48.15548611,29.85962606],[48.15136766,29.86381245],[48.15028477,29.86456645],[48.14813495,29.86489856],[48.14205646,29.86361516],[48.14012766,29.8655498],[48.13761306,29.86535394],[48.13474023,29.86720192],[48.1323688,29.87210906],[48.12405467,29.87140512],[48.12193954,29.87419856],[48.11915624,29.87271762],[48.12474275,29.86645877],[48.11501777,29.86226845],[48.1144644,29.86445916],[48.11307716,29.86516225],[48.11283445,29.86897814],[48.10996366,29.86824966],[48.10580063,29.86965895],[48.10113573,29.86853266],[48.09931445,29.86660576],[48.09924054,29.86625075],[48.10328615,29.86125505],[48.10369384,29.85725451],[48.10600555,29.85502923],[48.10815895,29.85408425],[48.11225677,29.85525215],[48.11068785,29.85365176],[48.11283207,29.85277736],[48.11300957,29.85089266],[48.11565661,29.85094452],[48.11601114,29.84863114],[48.11887264,29.85265255],[48.11901414,29.84940135],[48.11942482,29.84918487],[48.12888825,29.84785807],[48.13238156,29.84353626],[48.13594246,29.84371758],[48.14049578,29.84197152],[48.14386785,29.83787048],[48.14359522,29.83708262],[48.14252925,29.8381201],[48.1410135,29.83737028],[48.14043152,29.83768666],[48.13868356,29.84020495],[48.13687873,29.84084153],[48.1275897,29.84086251],[48.12723851,29.84104455],[48.12440395,29.84674573],[48.12082303,29.84438121],[48.12032723,29.84712613],[48.11649084,29.8454777],[48.11330962,29.84622502],[48.11295295,29.84446371],[48.11180556,29.84468281],[48.11041367,29.84786785],[48.11247575,29.84930932],[48.10430157,29.85316992],[48.09672654,29.86474824],[48.09129775,29.86548853],[48.09177315,29.86275184],[48.08609104,29.86242545],[48.07908714,29.86751008],[48.07261395,29.87052703],[48.05795968,29.86893415],[48.05098701,29.86984932],[48.0514369,29.86702526],[48.04910135,29.86649811],[48.03689063,29.87761366],[48.03455627,29.8828125],[48.03431904,29.8828125],[48.03159511,29.88748634],[48.02771962,29.89143217],[48.02439928,29.89225495],[48.02268112,29.89119232],[48.02243173,29.89099932],[48.02115345,29.88732922],[48.0212115,29.88450646],[48.02176344,29.8828125],[48.02202356,29.8828125],[48.02291036,29.87795091],[48.02706885,29.87096643],[48.02591085,29.86784875],[48.0267657,29.86277628],[48.03034532,29.85972691],[48.03144908,29.85585308],[48.0355072,29.85331857],[48.03111935,29.84837616],[48.03117585,29.84294832],[48.03306818,29.84051061],[48.04043972,29.83666253],[48.04346216,29.83371878],[48.04695356,29.83224344],[48.04954457,29.83150256],[48.07149124,29.83199274],[48.07159543,29.83045745],[48.07819295,29.82631695],[48.08166194,29.82422697],[48.08835816,29.82424808],[48.09544265,29.82780755],[48.09898961,29.82781637],[48.10897601,29.82391024],[48.11562562,29.82474065],[48.10898101,29.82289708],[48.09742081,29.82665443],[48.08802664,29.82257414],[48.08005714,29.82255566],[48.07885921,29.82172883],[48.0778681,29.81179881],[48.07715333,29.80965877],[48.07533634,29.80690086],[48.07362175,29.80477488],[48.06583536,29.80014753],[48.06045175,29.79488218],[48.0755887,29.79983604],[48.06813776,29.79517114],[48.06351316,29.78947306],[48.06447721,29.77638733],[48.06775975,29.77132702],[48.07204247,29.76796532],[48.07755804,29.76682901],[48.08314764,29.76778495],[48.08873975,29.76699007],[48.08940518,29.766837],[48.09056735,29.76509225],[48.09768033,29.76448131],[48.09971571,29.76364756],[48.10646713,29.76006675],[48.10737705,29.75888944],[48.10750401,29.75432467],[48.10652316,29.74739218],[48.11550391,29.7334007],[48.11589324,29.71978211],[48.11995792,29.70834327],[48.12067962,29.70703125],[48.12107945,29.70703125],[48.13131821,29.69956303],[48.13093925,29.69854093],[48.13878191,29.68828106],[48.14478242,29.67843175],[48.14681756,29.67450535],[48.15596604,29.64624965],[48.1640625,29.62583697],[48.17766786,29.60164332],[48.1806401,29.59761655],[48.18462324,29.59281874],[48.18930507,29.58902562],[48.19502676,29.58557987],[48.20755363,29.58250225],[48.22414863,29.58150256],[48.23050594,29.58327091],[48.24842286,29.59209085],[48.25855196,29.59859037],[48.29017615,29.62818384],[48.30242431,29.63816202]],[[48.09327447,29.76053071],[48.09236658,29.76063216],[48.09177721,29.75979221],[48.09121621,29.75838876],[48.0913105,29.75794661],[48.09266925,29.7545104],[48.09305894,29.75388265],[48.0964756,29.75058937],[48.09888077,29.75009072],[48.0980345,29.75853276],[48.09773517,29.75900745],[48.09702456,29.75967181],[48.09327447,29.76053071]],[[48.06454766,29.76286316],[48.0575062,29.76896501],[48.05830407,29.76614225],[48.05896533,29.76559711],[48.06227601,29.7629776],[48.06268072,29.76274824],[48.06677628,29.76162016],[48.06750131,29.76149595],[48.06763124,29.76199186],[48.06454766,29.76286316]],[[48.06168306,29.79212952],[48.06048977,29.79243326],[48.05501723,29.79060066],[48.05500162,29.78689766],[48.0581243,29.78677917],[48.05713117,29.78090715],[48.05790484,29.77843606],[48.05926073,29.77764773],[48.05974305,29.77770197],[48.06035745,29.77851856],[48.06113994,29.78544271],[48.05965686,29.78741515],[48.06204224,29.7905302],[48.0620085,29.79168665],[48.06168306,29.79212952]],[[48.05066943,29.79302454],[48.05399227,29.79384065],[48.05412495,29.79645813],[48.05316567,29.79848444],[48.05290627,29.79878092],[48.05099452,29.79928863],[48.05082321,29.79951775],[48.04796755,29.80485094],[48.04780602,29.80524433],[48.04587317,29.81107485],[48.04680276,29.81210494],[48.04487968,29.81350362],[48.0438323,29.81653881],[48.04098666,29.81829917],[48.04030657,29.81838572],[48.04009151,29.81713724],[48.04202986,29.81403112],[48.04284334,29.80926228],[48.0498085,29.79581785],[48.04985332,29.79333866],[48.05066943,29.79302454]],[[48.04448473,29.81963694],[48.05690861,29.79360521],[48.0685209,29.80335474],[48.07554114,29.81123495],[48.07754147,29.82527101],[48.06164062,29.83043826],[48.06080365,29.83057404],[48.04619408,29.82931256],[48.04533434,29.82941973],[48.04268241,29.83144105],[48.03836071,29.83547545],[48.03523386,29.83574605],[48.034886,29.83135605],[48.0368396,29.82728231],[48.04448473,29.81963694]],[[48.02716005,29.89393592],[48.03702962,29.88751125],[48.03845656,29.88769305],[48.03620362,29.89391375],[48.03536856,29.89492714],[48.03050041,29.90129352],[48.02900195,29.90648222],[48.02569282,29.90664613],[48.02932835,29.90717506],[48.02994907,29.90702915],[48.03370166,29.90432382],[48.03387666,29.90474784],[48.03035867,29.90764165],[48.02747202,29.91010606],[48.02708864,29.90996242],[48.02529228,29.90828896],[48.02181888,29.90333438],[48.02166915,29.90301168],[48.02036536,29.89638793],[48.02051806,29.89603043],[48.02414405,29.89316416],[48.02716005,29.89393592]],[[48.08084404,29.90658295],[48.08844531,29.90215981],[48.09023941,29.89622176],[48.09221983,29.89514506],[48.10019076,29.89757085],[48.10462081,29.89757085],[48.10882342,29.89644325],[48.11570215,29.89205825],[48.11650372,29.89205694],[48.12124097,29.89463651],[48.12456298,29.8999902],[48.12499762,29.90029907],[48.13027942,29.90168917],[48.13354683,29.90465057],[48.13969696,29.91898692],[48.14550924,29.92736733],[48.14563382,29.92809391],[48.14502346,29.93053973],[48.14201045,29.93300343],[48.14102995,29.93340242],[48.134359,29.93334425],[48.13009727,29.93473935],[48.12275922,29.94136286],[48.11633885,29.94501007],[48.11488998,29.94903135],[48.11751771,29.95557666],[48.10952795,29.95678067],[48.10337424,29.95895815],[48.09849584,29.96901691],[48.08988845,29.96369267],[48.07836771,29.95968306],[48.07784951,29.95941424],[48.06897724,29.95421147],[48.06535661,29.95081782],[48.06171846,29.94735241],[48.06054926,29.94483376],[48.06093466,29.95047104],[48.05111265,29.9473536],[48.0426054,29.93953145],[48.04272366,29.93666446],[48.04341257,29.93347335],[48.05407715,29.91161883],[48.05754864,29.91106164],[48.06501651,29.91207993],[48.08084404,29.90658295]],[[48.03256261,29.93102074],[48.03223157,29.93110788],[48.03230154,29.92708015],[48.03484654,29.92477024],[48.03505814,29.92501545],[48.03256261,29.93102074]],[[48.02844024,29.94962847],[48.04276276,29.95828307],[48.06667602,29.96906698],[48.07702827,29.97624123],[48.08483624,29.98061335],[48.08950937,29.98290467],[48.10376894,29.98895991],[48.13195455,29.99965525],[48.13238013,29.99978781],[48.16186392,30.00606477],[48.16305792,30.00681007],[48.16289675,30.00712228],[48.15717626,30.01327026],[48.14907265,30.01793492],[48.10484552,30.02368677],[48.08599114,30.02455354],[48.0705713,30.02368796],[48.05475163,30.01862657],[48.04845548,30.01576865],[48.04263735,30.01200044],[48.03997731,30.00971377],[48.03001583,29.99977684],[48.02706587,29.99727142],[48.01844382,29.9916203],[48.01640952,29.98914647],[48.01619506,29.98855865],[48.01403666,29.97614396],[48.00988555,29.96660471],[48.00975025,29.96021724],[48.00991631,29.95942557],[48.01269042,29.95618153],[48.02286303,29.94970906],[48.02429593,29.94939864],[48.02844024,29.94962847]],[[48.13722634,29.90553856],[48.13753486,29.90497041],[48.13844824,29.90502822],[48.13956666,29.90617895],[48.13924158,29.90646493],[48.13775873,29.90613627],[48.13722634,29.90553856]],[[48.13145697,29.90009975],[48.13180804,29.90005171],[48.13214743,29.90025425],[48.13256717,29.90075934],[48.13316441,29.90155721],[48.13365161,29.90236127],[48.13397527,29.90296841],[48.13400435,29.90339065],[48.13378334,29.90375566],[48.13326502,29.90338504],[48.13290036,29.90290928],[48.13240266,29.90234804],[48.13190842,29.90174305],[48.13144934,29.90104961],[48.13128758,29.9004302],[48.13145697,29.90009975]],[[48.13070154,29.89607012],[48.13258946,29.89598036],[48.13334775,29.89632606],[48.13471925,29.89965797],[48.13070524,29.89642346],[48.13070154,29.89607012]],[[48.0512346,29.90028143],[48.04997635,29.90126264],[48.04655635,29.89801562],[48.04942274,29.89624548],[48.0492841,29.89862072],[48.05131412,29.89997888],[48.0512346,29.90028143]],[[48.04260516,29.89080918],[48.04290867,29.88586545],[48.04426718,29.88626635],[48.04471314,29.8837769],[48.0469383,29.88356352],[48.046875,29.8828125],[48.04708922,29.8828125],[48.04704881,29.88174677],[48.05388081,29.87866235],[48.05315316,29.88222921],[48.05158806,29.8828125],[48.05170405,29.8828125],[48.04865396,29.88652778],[48.04423237,29.89073873],[48.04319036,29.8908782],[48.04260516,29.89080918]],[[48.08007574,29.88499951],[48.08100247,29.88480735],[48.08258641,29.88519692],[48.08285105,29.88660991],[48.08271074,29.88710701],[48.07947087,29.89016724],[48.07855606,29.88819301],[48.08007574,29.88499951]],[[48.10111535,29.88637495],[48.09709823,29.8828125],[48.09657776,29.8828125],[48.09544384,29.88214648],[48.09539485,29.88050461],[48.09696901,29.87947035],[48.09284091,29.87795866],[48.09114754,29.87317991],[48.08987236,29.87249923],[48.09002566,29.87180614],[48.09300613,29.87059855],[48.10003614,29.87316406],[48.10173786,29.87436354],[48.10211062,29.87486231],[48.10346317,29.88016534],[48.10870385,29.87964725],[48.11090457,29.88113332],[48.11233413,29.88010037],[48.11296546,29.88031936],[48.11296701,29.8828125],[48.11126375,29.8828125],[48.11077142,29.88305688],[48.10169387,29.88660264],[48.10111535,29.88637495]],[[48.11277592,29.8698827],[48.11757147,29.86750925],[48.11798334,29.86780906],[48.11735296,29.86989105],[48.11689663,29.87015104],[48.11394215,29.87136376],[48.11633396,29.87252927],[48.11613047,29.87418437],[48.1104753,29.87257421],[48.10828137,29.87039685],[48.10831976,29.87008536],[48.11277592,29.8698827]],[[48.16188526,29.85934377],[48.16302454,29.85770392],[48.16329694,29.85933292],[48.1640625,29.85881686],[48.1640625,29.85853791],[48.16548133,29.8580054],[48.16543984,29.85928702],[48.16795504,29.85936546],[48.1640625,29.86077011],[48.1640625,29.86188614],[48.16188526,29.85934377]],[[48.18765855,29.90731204],[48.18714344,29.90739048],[48.18678594,29.90349615],[48.18717444,29.90361142],[48.18846655,29.90624845],[48.18849885,29.90677202],[48.18765855,29.90731204]],[[48.19040215,29.91219151],[48.19035685,29.91617394],[48.18884385,29.91419327],[48.18882108,29.91113353],[48.18992341,29.91070986],[48.19023931,29.91134393],[48.19040215,29.91219151]],[[48.19264066,29.92136085],[48.19250524,29.92178571],[48.19236922,29.92218041],[48.19223535,29.92249286],[48.19202662,29.92204118],[48.19212782,29.92120492],[48.19230032,29.92077112],[48.19265735,29.92096043],[48.19264066,29.92136085]],[[48.89453244,30.00749183],[48.89481843,30.01037657],[48.891945,30.00872386],[48.88858676,30.00864363],[48.88718736,30.00966764],[48.88673687,30.01041186],[48.88653815,30.01519978],[48.88722646,30.01654124],[48.88836241,30.01976597],[48.88835156,30.02351952],[48.87247253,30.03016341],[48.8681879,30.03316665],[48.8671875,30.03515625],[48.8671875,30.04129457],[48.87651873,30.05023384],[48.87876022,30.05591094],[48.87668407,30.05689025],[48.86096382,30.05666995],[48.85429788,30.05859375],[48.83568728,30.07475567],[48.81424105,30.08708334],[48.79612231,30.1010915],[48.79001117,30.10602665],[48.78378463,30.11172664],[48.77797031,30.11869204],[48.77169526,30.12827325],[48.75186884,30.14770985],[48.74803066,30.15422857],[48.74331355,30.16898775],[48.73350525,30.17625022],[48.71914816,30.1905117],[48.70384717,30.19703424],[48.70181191,30.19788086],[48.68827271,30.20047355],[48.67372096,30.20724845],[48.67231917,30.20756066],[48.66608882,30.20728004],[48.66123283,30.20618737],[48.65987396,30.20460618],[48.65673423,30.19928944],[48.65919948,30.19695735],[48.66981626,30.19698656],[48.67499006,30.19627321],[48.67814052,30.19552934],[48.67853582,30.19537425],[48.68498945,30.19134974],[48.69150364,30.1789062],[48.70086813,30.16897571],[48.70516062,30.16093588],[48.71430135,30.15578771],[48.71518946,30.15463412],[48.71672046,30.15151274],[48.71738052,30.14219916],[48.71823597,30.13993943],[48.72536886,30.12847042],[48.72750735,30.11717772],[48.72780931,30.11650562],[48.73264515,30.1073904],[48.74320281,30.09217882],[48.74470258,30.08137941],[48.74154842,30.07294095],[48.74154842,30.06967211],[48.74336541,30.06470835],[48.74378908,30.05812335],[48.74060595,30.05401194],[48.73271453,30.04842377],[48.72503185,30.03899252],[48.72481,30.038625],[48.72368288,30.03382313],[48.72581637,30.02889776],[48.72616124,30.02849996],[48.72914004,30.02611625],[48.74410415,30.02127242],[48.75076234,30.02015734],[48.75552452,30.01956058],[48.76851165,30.01953125],[48.78654063,30.02176344],[48.80862582,30.02141631],[48.81478906,30.02089667],[48.82300198,30.01946425],[48.84509474,30.01503348],[48.8671875,30.01060271],[48.8671875,30.01032364],[48.88871455,30.00435245],[48.88592565,30.00044084],[48.89001834,30.00186813],[48.89453244,30.00749183]],[[48.89219701,30.01592958],[48.89282835,30.0151962],[48.89374721,30.01519966],[48.89444935,30.01525354],[48.89457345,30.01626456],[48.89310396,30.01757812],[48.89278185,30.01757812],[48.89193702,30.01685727],[48.89219701,30.01592958]],[[49.10656095,30.09577978],[49.11592376,30.09961545],[49.11621535,30.09767616],[49.11462176,30.09763062],[49.1143738,30.0966382],[49.11660588,30.09666502],[49.11759806,30.09910583],[49.11598587,30.10452378],[49.11564493,30.10519445],[49.11452866,30.10581136],[49.11381555,30.10532844],[49.11251354,30.10465801],[49.10817313,30.10441661],[49.10519671,30.10516763],[49.10107315,30.10385335],[49.09958506,30.10304856],[49.09874797,30.10165393],[49.09874797,30.1012516],[49.09995723,30.09701371],[49.10656095,30.09577978]],[[49.15416324,30.13380277],[49.16310155,30.13775635],[49.18875647,30.14318526],[49.20560968,30.14749277],[49.21331978,30.15032518],[49.21454787,30.15244961],[49.21311522,30.15386581],[49.21256936,30.15398383],[49.21215987,30.15185952],[49.20943057,30.15020716],[49.20847535,30.15091527],[49.20240283,30.15020716],[49.20028758,30.14973521],[49.19264567,30.14648974],[49.18623197,30.14483738],[49.18350267,30.14483738],[49.18234277,30.14513254],[49.17722535,30.14837801],[49.17081165,30.14820087],[49.16685426,30.15132844],[49.16576254,30.15056133],[49.16726375,30.14719784],[49.16644502,30.14424741],[49.15423155,30.13551414],[49.15157056,30.13132453],[49.15416324,30.13380277]],[[49.1951493,30.20485377],[49.19456065,30.2144438],[49.19982946,30.21972692],[49.2002809,30.22005534],[49.21207523,30.22442114],[49.21341062,30.23157716],[49.21457481,30.23327112],[49.21616733,30.234375],[49.21610272,30.23451841],[49.21875,30.23521197],[49.22248781,30.23667431],[49.22251821,30.2367624],[49.22378194,30.24721742],[49.224105,30.24805415],[49.22846413,30.25157595],[49.22935212,30.24606657],[49.23506832,30.25823593],[49.23535395,30.25848258],[49.23825896,30.25984347],[49.23922825,30.25999474],[49.24653721,30.26013947],[49.24754715,30.26132512],[49.24969125,30.26471543],[49.25085485,30.26889324],[49.24452007,30.27523518],[49.24380577,30.28576601],[49.24349904,30.28623092],[49.23621798,30.29064822],[49.23293626,30.30321777],[49.22917414,30.30494845],[49.22940397,30.30762064],[49.22430074,30.31873453],[49.22257221,30.3211683],[49.22031581,30.32352817],[49.21961165,30.32355213],[49.21875,30.32254457],[49.21875,30.32198656],[49.21734393,30.32118165],[49.21825206,30.32564092],[49.21578062,30.33205104],[49.21255863,30.33712745],[49.21228838,30.33730376],[49.20888674,30.33569825],[49.21247518,30.3382709],[49.21361876,30.34305096],[49.2134521,30.34386945],[49.20954514,30.34681463],[49.20875013,30.34835815],[49.20536792,30.35616875],[49.19851112,30.35799265],[49.18660486,30.36003113],[49.18243122,30.36176658],[49.18227005,30.36154056],[49.18837166,30.35753346],[49.19459331,30.35114837],[49.19275415,30.34703076],[49.19314778,30.34047604],[49.19284821,30.34044206],[49.19205737,30.34415376],[49.19246805,30.35124624],[49.18849862,30.35393345],[49.19050002,30.35058713],[49.18727231,30.34617031],[49.18871415,30.35197723],[49.18140721,30.35699856],[49.18012142,30.35691965],[49.17833614,30.36257756],[49.17634177,30.36391544],[49.17349565,30.36413002],[49.16915953,30.36123347],[49.16770256,30.35766292],[49.16197968,30.35143018],[49.16182792,30.35282695],[49.16641724,30.35757005],[49.16913915,30.36347806],[49.17232084,30.36492765],[49.17255485,30.36562932],[49.16963243,30.37342012],[49.16946065,30.37355614],[49.16425085,30.37492275],[49.16350472,30.37479401],[49.16156483,30.37260532],[49.15017414,30.372262],[49.14275205,30.36883652],[49.14460075,30.36004496],[49.13849485,30.35611224],[49.13897908,30.35027456],[49.13666427,30.35431588],[49.13293076,30.35269713],[49.12889361,30.35372984],[49.12262285,30.35328066],[49.12023795,30.35426044],[49.11118758,30.35378683],[49.09817433,30.34646487],[49.09279406,30.34485924],[49.09320736,30.34000123],[49.09736145,30.33668804],[49.09515452,30.33541453],[49.09175706,30.34000576],[49.09023845,30.34443498],[49.08459926,30.34862268],[49.08468795,30.35617197],[49.08304167,30.35817003],[49.07819796,30.35898721],[49.07408452,30.36329424],[49.06772971,30.36546946],[49.06723416,30.36401582],[49.07496285,30.35508096],[49.06736934,30.36207414],[49.06737161,30.35608065],[49.07235742,30.34936666],[49.07404256,30.34352326],[49.07331645,30.34296155],[49.07076204,30.34864104],[49.06925714,30.34769595],[49.06926894,30.35030437],[49.06567061,30.35635853],[49.06452203,30.36843085],[49.06223583,30.36973846],[49.05721593,30.36277115],[49.05927157,30.36788487],[49.06086791,30.36914516],[49.06088495,30.37233257],[49.05874324,30.37399232],[49.05548894,30.37431753],[49.04937124,30.37932563],[49.04728866,30.38607836],[49.04158926,30.39273036],[49.04100025,30.39287364],[49.03749073,30.39262795],[49.02988875,30.38837695],[49.02608991,30.38364565],[49.02519393,30.38312113],[49.0239228,30.38258743],[49.01552105,30.38092935],[49.01142895,30.37876093],[49.00778341,30.37869406],[48.99778307,30.3813467],[48.97030997,30.39615917],[48.96590436,30.39719725],[48.96031535,30.39939046],[48.9597882,30.39946365],[48.95612967,30.39791048],[48.94936323,30.39782023],[48.94545114,30.39623487],[48.92772222,30.39781201],[48.92689836,30.39768815],[48.92381024,30.39437425],[48.92354167,30.39351356],[48.92424595,30.38714945],[48.92820251,30.37904572],[48.93634725,30.37029612],[48.93864906,30.36833513],[48.939098,30.36814082],[48.9436779,30.36727107],[48.94425034,30.36675501],[48.94603252,30.36476862],[48.9441148,30.36194706],[48.94439197,30.36136866],[48.94534647,30.36077785],[48.9677124,30.35543907],[48.98357952,30.35010004],[48.98712993,30.3485409],[48.99520445,30.34365022],[48.99996912,30.33819473],[49.00478446,30.33566821],[49.00536716,30.33516216],[49.00951195,30.33080351],[49.01083934,30.32769203],[49.01049006,30.31909597],[49.00705063,30.30984998],[49.00576985,30.30376172],[49.00603426,30.29938412],[49.0067898,30.29587555],[49.00799036,30.29419887],[49.00894093,30.29304016],[49.01464355,30.28879166],[49.03219891,30.28019786],[49.04516971,30.27686656],[49.06394005,30.26680815],[49.07309484,30.2629137],[49.07473445,30.26226461],[49.0886029,30.25913715],[49.09427333,30.25577354],[49.10022521,30.25028575],[49.11675382,30.24686325],[49.1283648,30.24633217],[49.13362706,30.24131656],[49.13232946,30.23978233],[49.13396847,30.23931015],[49.13553917,30.24119854],[49.13765633,30.24131656],[49.14503157,30.23730385],[49.16007614,30.22176325],[49.16156578,30.22055626],[49.18428493,30.20534813],[49.18940604,30.20325601],[49.19313025,30.20349741],[49.19415462,30.20381916],[49.1951493,30.20485377]],[[49.05729651,30.23815155],[49.05589521,30.24245155],[49.04717386,30.24889135],[49.04034507,30.25303137],[49.03631043,30.25445926],[49.03407514,30.25499582],[49.03097057,30.25456655],[49.02579165,30.25107968],[49.02510846,30.25016785],[49.02504635,30.24845123],[49.02852356,30.23970723],[49.03308165,30.23418176],[49.0399487,30.22710085],[49.04165006,30.22602785],[49.04761064,30.22431135],[49.05391955,30.22382855],[49.05485094,30.22420394],[49.05704796,30.22699344],[49.05742061,30.22978306],[49.05729651,30.23418176],[49.05729651,30.23815155]],[[48.94933593,30.31848896],[48.94730556,30.32082021],[48.94386792,30.32097805],[48.94068503,30.31085014],[48.94088376,30.30956256],[48.95022845,30.30295372],[48.95348883,30.29840124],[48.95346427,30.29582906],[48.94826102,30.29413116],[48.95082307,30.28896785],[48.95541585,30.28695488],[48.95732284,30.28961515],[48.96762514,30.28432834],[48.96858025,30.28295147],[48.96583581,30.27651775],[48.97329366,30.27050972],[48.97637475,30.26415825],[48.9776895,30.26353931],[48.98073304,30.26440966],[48.98262954,30.25935197],[48.98134387,30.25634766],[48.98430562,30.25539267],[48.98512054,30.25651932],[48.98392785,30.25832164],[48.98339617,30.26435018],[48.98031485,30.26517916],[48.97643018,30.26834106],[48.97379065,30.27248383],[48.97160423,30.28407085],[48.96146691,30.29007912],[48.95842564,30.29299808],[48.95411241,30.30235291],[48.9507277,30.30630112],[48.95023048,30.31634331],[48.94933593,30.31848896]],[[48.96251512,30.27642393],[48.96228206,30.27647221],[48.96208644,30.27633536],[48.96189082,30.27606177],[48.96178818,30.27583647],[48.96171367,30.27557087],[48.96171367,30.27528942],[48.96174181,30.27502382],[48.96182561,30.27478242],[48.96201193,30.27450883],[48.96225405,30.27442026],[48.96249652,30.27442026],[48.96272945,30.27457321],[48.96293426,30.27477443],[48.96302748,30.27502382],[48.96303678,30.27534556],[48.96303678,30.27561116],[48.96294355,30.27598941],[48.96283185,30.27617455],[48.96251512,30.27642393]],[[48.94114006,30.30391645],[48.94116187,30.30596316],[48.9397701,30.30485535],[48.93983543,30.30324066],[48.94013977,30.30324066],[48.94114006,30.30391645]],[[48.91337097,30.30528724],[48.91337097,30.30649424],[48.91225255,30.30810344],[48.91159987,30.30850577],[48.91020167,30.30906916],[48.9088968,30.30906916],[48.90563416,30.30818403],[48.91197276,30.30359745],[48.91337097,30.30432165],[48.91337097,30.30528724]],[[48.92424536,30.30544281],[48.92499113,30.30535686],[48.92558765,30.3057003],[48.92822218,30.31097877],[48.92911696,30.31192303],[48.93234825,30.31312466],[48.93538237,30.31685817],[48.93428862,30.32926083],[48.93220007,30.33179283],[48.93146491,30.33984244],[48.93711281,30.35608566],[48.93458617,30.35678566],[48.92712796,30.35694647],[48.91912413,30.35672665],[48.91792774,30.35634255],[48.91588604,30.35431206],[48.91469777,30.35187721],[48.91390324,30.34707058],[48.91390324,30.34586894],[48.91549432,30.33466816],[48.92056596,30.32217968],[48.92563725,30.31449795],[48.92489171,30.31123626],[48.92180955,30.30883312],[48.92171025,30.30797482],[48.92424536,30.30544281]],[[48.90292335,30.34946322],[48.90255034,30.34970462],[48.8963958,30.34841704],[48.89574301,30.34785378],[48.89620936,30.34495711],[48.89900684,30.34342825],[48.89975286,30.34350872],[48.90171111,30.34479606],[48.9027369,30.34552026],[48.90292335,30.34946322]],[[48.9577713,30.33571541],[48.95632684,30.33291638],[48.95685291,30.32717073],[48.96220291,30.32043612],[48.96446013,30.31929684],[48.96556485,30.32266104],[48.96317816,30.32945347],[48.96263885,30.33009374],[48.96193552,30.32993674],[48.96205103,30.32653141],[48.96107376,30.32595444],[48.96030354,30.32619071],[48.95828414,30.33004034],[48.95826995,30.33036315],[48.96041095,30.33317041],[48.9577713,30.33571541]],[[48.94767606,30.33482301],[48.94721115,30.33531928],[48.94677854,30.3352077],[48.94284677,30.33248651],[48.94253635,30.33222985],[48.94185901,30.33042288],[48.94614005,30.32599688],[48.9486469,30.32575023],[48.94941413,30.32580066],[48.95040035,30.32681143],[48.95076084,30.3312819],[48.94909143,30.33203554],[48.94767606,30.33482301]],[[49.04361093,30.39652371],[49.0508368,30.39057064],[49.05391133,30.38186955],[49.05778527,30.37704945],[49.06247401,30.3770622],[49.06643212,30.38022506],[49.07019532,30.38136184],[49.07287657,30.38067543],[49.07737124,30.37701452],[49.08752525,30.37732875],[49.09330225,30.37335432],[49.10710871,30.37071896],[49.11060452,30.3747828],[49.11283517,30.37566066],[49.10915136,30.37095773],[49.10595608,30.36914635],[49.09360433,30.37216163],[49.08675253,30.37670362],[49.07907057,30.37530684],[49.08667147,30.36896396],[49.08916283,30.36319387],[49.08671451,30.36306632],[49.08564484,30.35838521],[49.08701813,30.35037351],[49.08909643,30.34748316],[49.09188831,30.34661281],[49.09746706,30.34796464],[49.11046576,30.35488117],[49.11960721,30.35567474],[49.12495017,30.35471594],[49.12777877,30.35558975],[49.12783313,30.35693812],[49.13183308,30.35427415],[49.13565552,30.35584021],[49.14196837,30.36072457],[49.14184356,30.36518276],[49.14022112,30.36812735],[49.12764645,30.36800396],[49.12516618,30.37039125],[49.12516308,30.37960625],[49.12774277,30.38322413],[49.12798584,30.38791645],[49.12336481,30.39260507],[49.12017393,30.39338088],[49.11279178,30.3917886],[49.10107815,30.39174104],[49.08987582,30.39336562],[49.06817818,30.40293431],[49.06172812,30.40590394],[49.06068897,30.40603912],[49.05666602,30.40655851],[49.05209553,30.40567076],[49.04376292,30.39747763],[49.04352176,30.39686131],[49.04361093,30.39652371]],[[49.09287143,30.4033041],[49.09333754,30.40310001],[49.09745073,30.40312946],[49.10305333,30.40122771],[49.11293876,30.40356565],[49.1122539,30.40509844],[49.10751235,30.40666246],[49.10220814,30.41015625],[49.10172391,30.40993297],[49.09886181,30.41140091],[49.09557807,30.41538262],[49.0939157,30.41660202],[49.09184027,30.41624045],[49.0823729,30.41301382],[49.08165562,30.4119482],[49.08291173,30.41015625],[49.08316112,30.41015625],[49.08532345,30.40767527],[49.08723807,30.40630722],[49.09287143,30.4033041]],[[49.14794993,30.41379595],[49.15390205,30.41359103],[49.15977406,30.41542804],[49.16323698,30.41538656],[49.16342855,30.41565967],[49.16711104,30.41873205],[49.16091442,30.42689025],[49.15781975,30.42848575],[49.15666044,30.42800987],[49.15355861,30.42516112],[49.15154254,30.42175198],[49.15252566,30.42053771],[49.14882004,30.41716564],[49.14828765,30.41646314],[49.14753938,30.41439021],[49.14794993,30.41379595]],[[49.18741393,30.42446494],[49.19274604,30.42386496],[49.19137335,30.42596281],[49.19871438,30.42602587],[49.20326686,30.4297173],[49.20345378,30.42790568],[49.19923353,30.42561197],[49.19840217,30.42305398],[49.20222914,30.42309165],[49.20626366,30.42701673],[49.20838988,30.42581224],[49.21629858,30.42946792],[49.21875,30.42885041],[49.22077823,30.43086886],[49.22157681,30.43443215],[49.22157645,30.43497813],[49.22036696,30.43987155],[49.21875,30.44001114],[49.21858728,30.44075441],[49.21542931,30.44676161],[49.21619785,30.45565856],[49.21473324,30.45701635],[49.19967413,30.45987296],[49.19604993,30.46194327],[49.18929172,30.46341884],[49.18570983,30.46269584],[49.18078053,30.45976984],[49.17368233,30.45442092],[49.17354095,30.45400131],[49.17404914,30.45069885],[49.17565155,30.4487524],[49.1804198,30.45083332],[49.17483985,30.44591177],[49.17625034,30.44580376],[49.17760277,30.44331884],[49.17404723,30.43962586],[49.17566848,30.43903232],[49.1776005,30.44068825],[49.17762661,30.43949544],[49.1788485,30.44020414],[49.18025684,30.43873882],[49.17780316,30.43787527],[49.1772474,30.43563688],[49.18079126,30.43711352],[49.18289447,30.43378866],[49.1930269,30.43011844],[49.18621993,30.43075407],[49.18532181,30.42753136],[49.18741393,30.42446494]],[[49.14078546,30.44842124],[49.14100802,30.44924474],[49.13812625,30.45374513],[49.13532913,30.46116531],[49.13509297,30.46239257],[49.13503575,30.46887517],[49.13690758,30.47121334],[49.13721251,30.47258627],[49.13660014,30.47558594],[49.13935578,30.48423254],[49.1396625,30.48592687],[49.13915217,30.48822916],[49.13611066,30.48949063],[49.12474227,30.49221575],[49.12090886,30.49591327],[49.11929715,30.49662125],[49.11769795,30.49610996],[49.11684632,30.49553645],[49.114627,30.49083996],[49.11001205,30.4861145],[49.10379446,30.48456645],[49.103652,30.48408985],[49.10662985,30.47826695],[49.11038351,30.47881174],[49.10620725,30.47498071],[49.10597324,30.46562028],[49.10668361,30.4629004],[49.11073935,30.45724344],[49.11619425,30.45242381],[49.11798763,30.45163846],[49.11889684,30.45150936],[49.12278676,30.45314264],[49.12501907,30.45709693],[49.13054502,30.4505465],[49.13490415,30.44983482],[49.13673425,30.44816136],[49.14018154,30.44828987],[49.14078546,30.44842124]],[[49.1058408,30.47781885],[49.10254753,30.48234582],[49.10221124,30.48521626],[49.10459125,30.48653495],[49.10880983,30.48645985],[49.11095786,30.48982108],[49.11084771,30.49018598],[49.10961485,30.49256694],[49.10767436,30.49365866],[49.09735096,30.4968363],[49.09516954,30.50061154],[49.09410036,30.50146556],[49.09264755,30.50148976],[49.09175313,30.50168765],[49.09085858,30.50127554],[49.08889735,30.49914861],[49.08545816,30.49886131],[49.08518374,30.49868238],[49.08394361,30.49730778],[49.08371425,30.49596035],[49.08414555,30.49542975],[49.08705401,30.49427545],[49.08487308,30.49185288],[49.08302343,30.49441481],[49.08090937,30.49232543],[49.0806396,30.48216283],[49.0808233,30.48186946],[49.08381772,30.48167276],[49.09411752,30.47614872],[49.09798825,30.4733839],[49.10342658,30.46688616],[49.10381353,30.46688592],[49.1058408,30.47781885]],[[49.16601658,30.45357728],[49.16746056,30.45357585],[49.16916335,30.45481014],[49.16876757,30.45635462],[49.16841912,30.45657992],[49.1649338,30.45560348],[49.16601658,30.45357728]],[[49.22130632,30.4302901],[49.21875,30.42857134],[49.20706665,30.42278147],[49.20661295,30.42240381],[49.20651674,30.42209065],[49.20927966,30.42090762],[49.20914865,30.42052448],[49.20601833,30.41615486],[49.20332265,30.41463935],[49.2011162,30.41594267],[49.19999838,30.41556334],[49.19977093,30.41506755],[49.20104611,30.41378653],[49.20433605,30.41232026],[49.20758164,30.41192937],[49.21283484,30.41363597],[49.21786046,30.41363907],[49.21875,30.41462052],[49.22115624,30.41538775],[49.22440803,30.41498184],[49.22489417,30.41511321],[49.2308954,30.41779256],[49.23100543,30.42227876],[49.23459494,30.42575336],[49.23586404,30.42530775],[49.23279917,30.42154121],[49.23325145,30.41912651],[49.23711967,30.41989434],[49.24568915,30.41942465],[49.24972081,30.42070115],[49.25004363,30.42212892],[49.24979866,30.42313063],[49.24512494,30.42698288],[49.23868215,30.42783105],[49.23504007,30.43036997],[49.23147798,30.4333626],[49.22603631,30.43990612],[49.22374177,30.44093883],[49.22318256,30.44105518],[49.22144294,30.44094133],[49.22138321,30.44053757],[49.22356248,30.43364418],[49.22351325,30.43330133],[49.22185945,30.43264484],[49.22130632,30.4302901]],[[49.23336303,30.41614175],[49.23579741,30.41414166],[49.2377007,30.41385615],[49.23907673,30.41410935],[49.24767184,30.41682267],[49.24799955,30.41553545],[49.24639082,30.41437376],[49.24828172,30.41413665],[49.25154436,30.41620004],[49.25029445,30.41815925],[49.24920356,30.41845727],[49.24828637,30.41846466],[49.2332983,30.41653538],[49.23336303,30.41614175]],[[49.24568617,30.41146445],[49.24656451,30.41015625],[49.24780464,30.41015625],[49.24818146,30.41015625],[49.24868846,30.4108777],[49.24597251,30.4117074],[49.24568617,30.41146445]],[[49.22829735,30.40237856],[49.22980165,30.40213084],[49.23178792,30.40220964],[49.23219001,30.40238953],[49.23226285,30.40336156],[49.23178577,30.40428853],[49.22947001,30.40506244],[49.22897816,30.40516365],[49.22707534,30.4035362],[49.22829735,30.40237856]],[[49.12848794,30.36960864],[49.14030433,30.36953735],[49.14430475,30.37251937],[49.14465284,30.37535191],[49.14306104,30.37728298],[49.14181757,30.3781414],[49.13729131,30.38105965],[49.13440633,30.38144577],[49.13157105,30.38427818],[49.13087475,30.38423526],[49.12800825,30.38159156],[49.12694657,30.37909412],[49.12683856,30.37092853],[49.12739277,30.36981583],[49.12848794,30.36960864]],[[49.21433187,30.38032997],[49.21528327,30.37748146],[49.2186414,30.37381232],[49.22046471,30.37122095],[49.22270966,30.36976242],[49.22294533,30.3698281],[49.22425675,30.37209034],[49.22272694,30.37601697],[49.22179425,30.37701476],[49.21847355,30.37806094],[49.21752214,30.38115084],[49.21539533,30.38134384],[49.21461165,30.38090944],[49.21433187,30.38032997]],[[49.18049943,30.37771225],[49.17664385,30.37954521],[49.17930567,30.37462234],[49.17752755,30.36831915],[49.17796278,30.3676486],[49.17973483,30.36652195],[49.18253255,30.36579776],[49.1833719,30.36579776],[49.18545473,30.36705852],[49.18822145,30.36652195],[49.18825245,30.36456394],[49.18871868,30.36421526],[49.19098806,30.36424208],[49.19185853,30.36378622],[49.19509065,30.36079848],[49.19917464,30.35963345],[49.20227265,30.35831451],[49.20404446,30.35826075],[49.20528805,30.35869002],[49.20487046,30.36088943],[49.20278156,30.36543834],[49.20079207,30.36715496],[49.19711161,30.37075984],[49.18855667,30.37342072],[49.18388164,30.37747991],[49.18049943,30.37771225]],[[49.20364916,30.36544907],[49.2049551,30.36496627],[49.20657194,30.36539555],[49.20650971,30.36807776],[49.20402241,30.36738026],[49.20321405,30.36641467],[49.20364916,30.36544907]],[[49.15853047,30.37509441],[49.15693891,30.37728298],[49.15330768,30.37569523],[49.15410364,30.37445056],[49.15534723,30.37419307],[49.15708804,30.37415016],[49.15838134,30.37475097],[49.15853047,30.37509441]],[[49.07735026,30.37318635],[49.07213807,30.37898934],[49.06982136,30.37977254],[49.06830382,30.37915516],[49.06331635,30.37435985],[49.06381023,30.37210441],[49.06544971,30.36982667],[49.06818044,30.36752391],[49.07635045,30.36337936],[49.07756555,30.36051154],[49.07943034,30.35971844],[49.08067131,30.36000454],[49.08350635,30.36019015],[49.08392394,30.36067307],[49.08436036,30.36821222],[49.07735026,30.37318635]],[[49.18358505,30.35704815],[49.18742025,30.35514355],[49.18516016,30.35804963],[49.18252707,30.35914505],[49.18358505,30.35704815]],[[49.19938874,30.20591128],[49.20125115,30.20575035],[49.21256065,30.20734966],[49.21386278,30.21013308],[49.21348107,30.21470904],[49.21192896,30.22012711],[49.21112204,30.22055626],[49.20497596,30.22001982],[49.19920254,30.21664023],[49.19752634,30.21191955],[49.19746423,30.20972013],[49.19777465,30.20778894],[49.19938874,30.20591128]],[[49.20674098,30.50361061],[49.20666897,30.50393176],[49.20643413,30.50364697],[49.20651841,30.50329423],[49.20663452,30.50315225],[49.20673215,30.50329006],[49.20674098,30.50361061]],[[49.16229534,30.49580514],[49.16179121,30.49630606],[49.16073906,30.49509776],[49.16063845,30.49463105],[49.16139293,30.49345374],[49.16177523,30.49378824],[49.16273057,30.49499035],[49.16229534,30.49580514]],[[49.02970815,30.45902586],[49.03597617,30.4637835],[49.03646266,30.4640516],[49.04077327,30.46535182],[49.04236102,30.46560836],[49.05980957,30.46313572],[49.06298506,30.46407461],[49.06376255,30.46529996],[49.06314564,30.47608125],[49.06133366,30.48286295],[49.06127656,30.49088717],[49.06271136,30.49674475],[49.06239545,30.49766231],[49.06097794,30.49961925],[49.05982566,30.50062132],[49.05377185,30.50245857],[49.05268586,30.50271821],[49.03861737,30.50353718],[49.03351831,30.50360703],[49.02902615,30.50364184],[49.02323902,30.50172412],[49.01468766,30.50080752],[49.01353013,30.50034094],[49.00855064,30.49609792],[49.00570154,30.47759426],[49.00570214,30.47718644],[49.00603485,30.46887004],[49.00723076,30.46587563],[49.00747573,30.46567297],[49.01317835,30.46289086],[49.01969278,30.46224153],[49.02970815,30.45902586]],[[49.00357068,30.50148845],[48.99351931,30.50164461],[48.99066865,30.50077498],[48.97764325,30.49516344],[48.97718167,30.49489248],[48.97481596,30.49221027],[48.97364557,30.49178123],[48.96438205,30.49128771],[48.96423256,30.49122334],[48.95533037,30.48570228],[48.95291221,30.4831804],[48.95265663,30.48097622],[48.95499611,30.47094417],[48.95763957,30.46644044],[48.96471632,30.46291971],[48.98546231,30.46286571],[48.98247874,30.46770012],[48.98148882,30.47456658],[48.98300755,30.46820486],[48.98321927,30.46777582],[48.98641741,30.46365774],[48.98928118,30.46236134],[48.99216425,30.46236098],[48.99746418,30.46506667],[49.00404704,30.46637237],[49.00356734,30.48087192],[49.00648415,30.49569213],[49.00928593,30.50008667],[49.00927353,30.50043535],[49.00784504,30.50137198],[49.00691462,30.50147641],[49.00357068,30.50148845]],[[48.16085982,30.42638361],[48.15381896,30.43160141],[48.14365745,30.43755364],[48.13966346,30.43980074],[48.13483155,30.44190943],[48.12748921,30.44440734],[48.11737072,30.44733262],[48.1032052,30.44946778],[48.09412384,30.44950831],[48.09197557,30.4482758],[48.09502101,30.44600594],[48.10995054,30.4403429],[48.14010048,30.43280637],[48.16885626,30.41591394],[48.16374981,30.42360485],[48.16085982,30.42638361]],[[48.10858357,30.44015658],[48.10797823,30.44048774],[48.10720026,30.44019592],[48.10695422,30.43983138],[48.10705733,30.43926704],[48.11091697,30.43445754],[48.11138964,30.43404543],[48.11862087,30.43055511],[48.15009296,30.42575145],[48.14421844,30.42997825],[48.13877392,30.43252122],[48.13183546,30.43464315],[48.10858357,30.44015658]],[[48.45238185,30.85459065],[48.45273387,30.85438311],[48.45290124,30.85459113],[48.45302045,30.85490525],[48.45319486,30.85513556],[48.45346916,30.85526967],[48.45379055,30.85538924],[48.45407295,30.85551298],[48.45424604,30.85603797],[48.45416236,30.85633504],[48.45378006,30.85605121],[48.45344734,30.85595822],[48.45312846,30.85583925],[48.45266771,30.85557115],[48.45252395,30.85531104],[48.45239401,30.85495865],[48.45238185,30.85459065]],[[48.37886977,30.92617345],[48.37789094,30.92672968],[48.37690711,30.92582047],[48.37773943,30.92494106],[48.37804401,30.92512596],[48.37886977,30.92617345]],[[47.96376503,30.04383135],[47.96233535,30.04433775],[47.96068835,30.0408746],[47.95938945,30.03281772],[47.95938885,30.03216624],[47.96083891,30.02267194],[47.96099317,30.02222443],[47.96718764,30.0092566],[47.97102594,30.00617325],[47.9734956,30.00569737],[47.97093034,30.012694],[47.97049201,30.01860452],[47.96674502,30.02580917],[47.96738887,30.03168654],[47.96663344,30.03683627],[47.96631062,30.03828371],[47.96376503,30.04383135]],[[47.79577684,29.3806895],[47.79988003,29.37803555],[47.80216062,29.38207245],[47.80121148,29.38458538],[47.80093122,29.3851819],[47.79986763,29.38313246],[47.79749274,29.38267422],[47.79748476,29.3828963],[47.79983974,29.38682604],[47.79820096,29.386747],[47.79566824,29.38435614],[47.79489791,29.38477075],[47.79324973,29.38739157],[47.79197693,29.38743556],[47.79577684,29.3806895]],[[47.86608994,29.3886404],[47.86659002,29.38671684],[47.86625695,29.38604295],[47.86304724,29.38526356],[47.86481786,29.38349605],[47.86503625,29.38202393],[47.86468005,29.38159692],[47.86226487,29.38018334],[47.86056125,29.38040972],[47.85903025,29.37876368],[47.85378981,29.37824655],[47.85421765,29.37595284],[47.86386621,29.37887394],[47.87027955,29.37939942],[47.87240624,29.38072216],[47.87232232,29.3875792],[47.87216032,29.38783252],[47.86798728,29.38777506],[47.86771142,29.38843727],[47.86703801,29.39046776],[47.86513007,29.39180505],[47.86608994,29.3886404]],[[48.62989247,28.19294083],[48.62966907,28.19584262],[48.62863791,28.1952641],[48.62899256,28.19014716],[48.63112772,28.18816745],[48.63200426,28.18931615],[48.62989247,28.19294083]],[[48.90443146,27.57873893],[48.91230786,27.57799113],[48.90922308,27.58225644],[48.90907502,27.58344603],[48.90988231,27.58635533],[48.91490912,27.59330904],[48.9104768,27.58980215],[48.90923405,27.58813024],[48.90844774,27.58495235],[48.90636075,27.58239245],[48.90443146,27.57873893]],[[49.33321166,27.22547233],[49.3336153,27.22534633],[49.33493173,27.22683537],[49.33717382,27.23740494],[49.34140646,27.24020255],[49.34293675,27.23963904],[49.34655237,27.24064875],[49.34701133,27.24092662],[49.35152745,27.24609375],[49.35237396,27.24724472],[49.35309696,27.25209248],[49.35305774,27.25683081],[49.3523494,27.25779748],[49.35085893,27.25682712],[49.34464133,27.25664413],[49.34228063,27.25593686],[49.3375926,27.25415576],[49.3346312,27.25076151],[49.33426344,27.24609375],[49.33343065,27.24609375],[49.33284521,27.24564946],[49.33178365,27.24247134],[49.33102667,27.2338382],[49.33102655,27.23170066],[49.33162594,27.22821045],[49.33321166,27.22547233]],[[49.43783426,27.24011242],[49.43861282,27.23998046],[49.43894458,27.24017847],[49.43993521,27.24299443],[49.43779075,27.24030042],[49.43783426,27.24011242]],[[49.33945715,27.23173165],[49.33779585,27.22491145],[49.33775103,27.22464621],[49.34373105,27.22933435],[49.34405184,27.23165834],[49.34323704,27.23257196],[49.34222734,27.23261607],[49.33945715,27.23173165]],[[49.35202694,27.22625411],[49.3519479,27.22279024],[49.35013235,27.22122216],[49.34958172,27.2208811],[49.34893846,27.22094297],[49.34745204,27.22281015],[49.34550774,27.22256684],[49.34492254,27.22230601],[49.34111166,27.21749091],[49.34024465,27.21581423],[49.33991075,27.21172082],[49.34039164,27.2096045],[49.34396565,27.20120692],[49.34865785,27.203179],[49.36064196,27.2054131],[49.36943138,27.21218777],[49.37192404,27.21730375],[49.37220144,27.21870196],[49.37207091,27.22040367],[49.37008846,27.22614086],[49.36651754,27.22885644],[49.36033833,27.23010612],[49.35800266,27.23050046],[49.35556114,27.22959411],[49.35202694,27.22625411]],[[49.38757884,27.21204495],[49.38782155,27.21194577],[49.38947737,27.21311736],[49.38785315,27.21332502],[49.38688445,27.21526051],[49.38511395,27.21375322],[49.38757884,27.21204495]],[[49.50362885,27.20778382],[49.50395167,27.20700431],[49.50592804,27.20654714],[49.50483882,27.21142471],[49.50268805,27.20965636],[49.50362885,27.20778382]],[[49.33668912,27.19150257],[49.33693755,27.19141185],[49.3371371,27.19154155],[49.33727765,27.19179261],[49.33742476,27.19207966],[49.33757174,27.19237018],[49.33776653,27.19267786],[49.33801055,27.19303596],[49.33828628,27.19342876],[49.33838832,27.19373083],[49.33827555,27.19389474],[49.33803844,27.1939671],[49.3373214,27.19345701],[49.33707738,27.19331992],[49.33687115,27.19300055],[49.33668482,27.19244266],[49.33655846,27.19187486],[49.33668912,27.19150257]],[[49.49659097,27.17390752],[49.49577475,27.17316687],[49.49686456,27.17115235],[49.49739981,27.17127276],[49.49797964,27.1724205],[49.49659097,27.17390752]],[[49.41665721,27.17375886],[49.41626275,27.17385316],[49.41206062,27.17193341],[49.4117887,27.17161727],[49.40818095,27.16280103],[49.41885865,27.16807616],[49.41892648,27.17175138],[49.41814506,27.17313647],[49.41665721,27.17375886]],[[49.47866082,27.16303504],[49.48017585,27.15997696],[49.48225844,27.15848601],[49.4847368,27.15353894],[49.48547137,27.15106535],[49.48546612,27.15070534],[49.4836328,27.14789402],[49.48804975,27.14246702],[49.48579371,27.13533926],[49.48646092,27.13289106],[49.48937345,27.13208115],[49.49096096,27.13332045],[49.49686432,27.13108826],[49.50456154,27.12522173],[49.50443625,27.12767077],[49.50302744,27.13002205],[49.49995923,27.13380361],[49.4997375,27.13433194],[49.49576724,27.13708258],[49.49425495,27.1466037],[49.49410903,27.14690936],[49.49194574,27.14991498],[49.48828614,27.15248203],[49.48575628,27.15656292],[49.4853549,27.15744126],[49.48312151,27.16618228],[49.48023462,27.16909122],[49.4781388,27.16849601],[49.47774196,27.16774487],[49.47834575,27.16367733],[49.47866082,27.16303504]],[[49.38730764,27.14231145],[49.38721335,27.14260983],[49.38413215,27.14241636],[49.38626707,27.14153755],[49.38685071,27.14162064],[49.38730764,27.14231145]],[[49.38430858,27.14835834],[49.38359582,27.14863396],[49.38330805,27.14832103],[49.38078606,27.14418304],[49.38091695,27.14398301],[49.38912582,27.14302385],[49.38430858,27.14835834]],[[49.57819021,27.20448375],[49.57843745,27.20319331],[49.57894552,27.20325565],[49.58021533,27.20487511],[49.57965267,27.20573974],[49.57899845,27.20600915],[49.57848096,27.20561016],[49.57819021,27.20448375]],[[49.5703125,27.19363844],[49.56980336,27.19150591],[49.57079542,27.19166815],[49.57173395,27.19320405],[49.57083547,27.19470477],[49.5703125,27.19447541],[49.5703125,27.19391727],[49.57050037,27.1938709],[49.57056308,27.19377792],[49.57050037,27.19368494],[49.5703125,27.19363844]],[[49.90577686,26.85943305],[49.90625894,26.85870922],[49.90753067,26.85911477],[49.90804446,26.86205483],[49.90750825,26.86280274],[49.90703595,26.86308646],[49.90580523,26.86139083],[49.90577686,26.85943305]],[[50.58536065,26.48521483],[50.58662343,26.48452401],[50.58690846,26.48471665],[50.58589685,26.48640072],[50.58508575,26.48671555],[50.58456361,26.48616612],[50.58536065,26.48521483]],[[56.53706741,26.47802246],[56.53819633,26.47589564],[56.53863156,26.47596896],[56.53975677,26.47745526],[56.53976083,26.47790945],[56.53877294,26.47897005],[56.53825045,26.47914302],[56.53706741,26.47802246]],[[50.49283802,26.42119634],[50.49317944,26.42000544],[50.49335921,26.41973186],[50.49544382,26.42100334],[50.49567735,26.42090666],[50.49644995,26.42023075],[50.49583912,26.41878235],[50.49693525,26.41755927],[50.49952304,26.42090666],[50.49961293,26.42124474],[50.49941516,26.42269313],[50.49910974,26.42312765],[50.49738455,26.42380345],[50.49689925,26.42380345],[50.49409604,26.42287016],[50.49352086,26.42258036],[50.49285603,26.42155051],[50.49283802,26.42119634]],[[50.48377073,26.4031291],[50.48562741,26.40194893],[50.48727441,26.40350461],[50.48610651,26.4063611],[50.48469901,26.40634775],[50.48377073,26.40625381],[50.48330653,26.40499306],[50.48323154,26.40401423],[50.48377073,26.4031291]],[[56.49311554,26.40247476],[56.49280226,26.40181065],[56.492998,26.40017641],[56.49434125,26.40001154],[56.49810004,26.40093243],[56.49860144,26.40192282],[56.49847543,26.40379596],[56.49646735,26.40569186],[56.49615586,26.40569186],[56.49311554,26.40247476]],[[50.47163105,26.39360452],[50.47308636,26.39247],[50.47394872,26.39254224],[50.47543085,26.39401495],[50.47532296,26.39444935],[50.47351754,26.39570475],[50.47289765,26.39570475],[50.47155023,26.39403903],[50.47163105,26.39360452]],[[56.35185516,26.37463701],[56.35226846,26.3694154],[56.35548484,26.36964035],[56.35675335,26.36871195],[56.35462785,26.3671875],[56.3531996,26.3671875],[56.35044074,26.36533666],[56.34342432,26.35310435],[56.34295094,26.35128915],[56.34348285,26.34723544],[56.34209001,26.33660781],[56.34287298,26.33244574],[56.34496343,26.33053184],[56.34536982,26.33043826],[56.34933543,26.33110273],[56.35206103,26.3346405],[56.35571885,26.33580017],[56.35596395,26.34164464],[56.35748804,26.34395015],[56.35902548,26.35193408],[56.35878956,26.35492671],[56.35663486,26.35621917],[56.35774457,26.35705101],[56.35789633,26.36311865],[56.35853195,26.36450303],[56.36066055,26.3671875],[56.36054444,26.3671875],[56.36098027,26.36766183],[56.36187053,26.36805046],[56.3639698,26.3671875],[56.36435556,26.36719942],[56.36445868,26.36982214],[56.36414802,26.36872268],[56.36207056,26.36947024],[56.36182892,26.36983466],[56.36134756,26.37148714],[56.35794413,26.37306094],[56.35610425,26.37554336],[56.35512662,26.37576044],[56.35185516,26.37463701]],[[54.49022865,26.30512285],[54.48693824,26.30066216],[54.48510361,26.29550087],[54.48538923,26.29228723],[54.48763716,26.29010356],[54.48972273,26.28337395],[54.4921875,26.28208697],[54.4921875,26.28152895],[54.50065923,26.26834714],[54.50427282,26.26625276],[54.50759792,26.25384748],[54.51007736,26.25161505],[54.51280832,26.25271785],[54.51657474,26.25061703],[54.51751196,26.25230873],[54.52030838,26.25170994],[54.52305424,26.25372374],[54.525406,26.25362372],[54.52883375,26.25683665],[54.53625238,26.26998556],[54.54007602,26.2820487],[54.53997684,26.28909457],[54.53919816,26.2928611],[54.53752983,26.29800713],[54.53573334,26.29978585],[54.53567255,26.30257726],[54.53470135,26.30484354],[54.53316402,26.30805564],[54.52957606,26.31246042],[54.52867246,26.3133043],[54.52432966,26.31497264],[54.52118134,26.31612015],[54.51187992,26.31717432],[54.50415182,26.31465745],[54.50331235,26.31337404],[54.49774253,26.31303835],[54.49550545,26.31065524],[54.4921875,26.30970967],[54.4921875,26.30887282],[54.49051023,26.30877686],[54.49036086,26.30852461],[54.49022865,26.30512285]],[[55.2889806,26.25428224],[55.29156864,26.25316906],[55.29275191,26.25005496],[55.29728353,26.24724734],[55.31484461,26.24801195],[55.31679034,26.24699151],[55.32281828,26.24694431],[55.32240164,26.25295174],[55.32395434,26.2535181],[55.3223654,26.25620842],[55.32270813,26.25972235],[55.32380807,26.26269317],[55.32693005,26.26467276],[55.32707155,26.26555705],[55.32634914,26.26611924],[55.32319736,26.26592934],[55.3235656,26.26882494],[55.32255435,26.27105796],[55.31999171,26.27804732],[55.31515527,26.28281343],[55.31355977,26.28351605],[55.31213725,26.28244042],[55.30742633,26.28240144],[55.30204821,26.27719331],[55.29449451,26.27557504],[55.29386473,26.27534807],[55.29204631,26.27408481],[55.29157543,26.27362525],[55.29084325,26.27122796],[55.28867125,26.27077222],[55.28837264,26.27021515],[55.28487945,26.25987482],[55.2889806,26.25428224]],[[55.15105045,26.24503207],[55.14607584,26.24767697],[55.14369881,26.24685216],[55.14044845,26.24913144],[55.13784504,26.24599302],[55.14042163,26.24487865],[55.14073825,26.24019253],[55.14266932,26.23821163],[55.14408576,26.23356175],[55.15336835,26.23609805],[55.15361667,26.23639226],[55.15575707,26.24123323],[55.1553688,26.24214387],[55.15249765,26.24311316],[55.15248644,26.24421883],[55.15269363,26.24484992],[55.15121245,26.24387836],[55.15105045,26.24503207]],[[50.66094124,26.23363495],[50.66094124,26.23552322],[50.65874255,26.23552322],[50.65893388,26.24299037],[50.66267216,26.26700687],[50.66084802,26.27552033],[50.66362214,26.27796638],[50.66462731,26.27766597],[50.66472304,26.2757349],[50.67027533,26.27569187],[50.67022896,26.2792325],[50.66388714,26.27893198],[50.66393495,26.27916813],[50.66615891,26.28307343],[50.67137623,26.28230095],[50.67324674,26.28580356],[50.67326701,26.28644216],[50.67300355,26.28676414],[50.66917443,26.28822315],[50.66922188,26.28910303],[50.67142415,26.28912437],[50.6712805,26.29109848],[50.66888726,26.29148483],[50.67104125,26.29234314],[50.67037106,26.29418838],[50.66874361,26.29350185],[50.66003215,26.29569054],[50.65969706,26.29603386],[50.65950572,26.29792213],[50.66070235,26.29951],[50.66065443,26.30011082],[50.65950572,26.30096912],[50.65902698,26.30084026],[50.65713561,26.29762173],[50.65802121,26.29386663],[50.65548503,26.29234314],[50.65833235,26.29345894],[50.65945733,26.29298675],[50.65955305,26.29270792],[50.65921855,26.29109848],[50.6575911,26.29105556],[50.65912282,26.29011154],[50.657112,26.28706455],[50.65931606,26.28607738],[50.65936196,26.28461826],[50.65850055,26.28354537],[50.65811765,26.28350246],[50.65290034,26.28543365],[50.65203857,26.28521907],[50.65161026,26.28483295],[50.6506052,26.28193605],[50.64271236,26.28577697],[50.63998413,26.28890991],[50.64264095,26.2943387],[50.64477134,26.2960124],[50.64381325,26.29663455],[50.64386117,26.29963875],[50.64568007,26.30225647],[50.64453137,26.29933834],[50.64481914,26.29918814],[50.64603984,26.30120516],[50.64627934,26.30176306],[50.64558434,26.30302894],[50.64242518,26.30367267],[50.64146793,26.30332935],[50.64137244,26.30311477],[50.64242566,26.30290031],[50.64266455,26.29959583],[50.64086986,26.29858732],[50.64089382,26.29824388],[50.64211452,26.29554033],[50.64170766,26.29500377],[50.64012766,26.29242885],[50.63850021,26.29315853],[50.63696837,26.29071236],[50.63835645,26.28985405],[50.63739932,26.28775108],[50.63696837,26.28745067],[50.63546062,26.28702164],[50.6344794,26.28798723],[50.62995577,26.28676414],[50.62962091,26.28843784],[50.62686861,26.28833056],[50.62679684,26.29086244],[50.62583613,26.29082],[50.62557626,26.29081964],[50.62641394,26.29008996],[50.62655735,26.28830898],[50.62583935,26.28824472],[50.62574375,26.28996134],[50.62325466,26.29208565],[50.62397265,26.29534721],[50.62177086,26.29530418],[50.62177086,26.29264355],[50.62536085,26.28852356],[50.62234521,26.28815877],[50.62184262,26.28933895],[50.62294364,26.29079807],[50.62023914,26.29182816],[50.61947334,26.29420996],[50.61808515,26.29178524],[50.62086141,26.29150617],[50.62095714,26.29066944],[50.61925793,26.29062653],[50.61868346,26.28925324],[50.61650562,26.28993976],[50.6161226,26.28908145],[50.61906636,26.28910303],[50.6191622,26.28833056],[50.62160325,26.28929615],[50.62215376,26.28796566],[50.61760676,26.28684986],[50.61846817,26.2849617],[50.61731946,26.28448963],[50.61765456,26.28268707],[50.61459136,26.28354537],[50.61248505,26.28084183],[50.61143231,26.28024101],[50.61018813,26.28015506],[50.60683823,26.28109932],[50.60396636,26.28298748],[50.60209966,26.28264415],[50.60099888,26.28388882],[50.59563994,26.28324497],[50.59133291,26.28753662],[50.59028006,26.29268634],[50.58874857,26.29328716],[50.58606875,26.29217136],[50.57716763,26.29508972],[50.57630622,26.29242885],[50.57764614,26.29054058],[50.58137894,26.29045475],[50.58166587,26.28951073],[50.58070874,26.28719318],[50.57793331,26.28659236],[50.57678473,26.28436077],[50.57745457,26.28324497],[50.57898605,26.28367424],[50.58702576,26.28041256],[50.59238565,26.2729454],[50.59293604,26.26511335],[50.59021378,26.25856864],[50.59398878,26.25580072],[50.59406376,26.25459898],[50.59427905,26.25455606],[50.59563982,26.25779617],[50.59779322,26.25938416],[50.60140622,26.25946987],[50.60207605,26.25914812],[50.60286856,26.25815225],[50.60253048,26.25348318],[50.60408533,26.24919164],[50.6070528,26.24822605],[50.60901427,26.24483585],[50.61241066,26.24159575],[50.61322415,26.24129534],[50.61480296,26.24140263],[50.61870265,26.24361265],[50.61953986,26.2432909],[50.61858296,26.24144554],[50.61999452,26.24337673],[50.61901355,26.24395597],[50.61977923,26.24672413],[50.62054467,26.24693871],[50.62198031,26.24635935],[50.62054467,26.24290454],[50.62085581,26.24281883],[50.62214756,26.24575853],[50.62236774,26.24650955],[50.62086046,26.24775398],[50.62222397,26.25466335],[50.62499952,26.25820386],[50.62478423,26.25329006],[50.625,26.25305414],[50.62906635,26.24868751],[50.6275357,26.24792576],[50.62732017,26.24513614],[50.62765515,26.24464273],[50.6341387,26.24346244],[50.63456917,26.24307632],[50.63574147,26.23747575],[50.63688993,26.24153125],[50.64045453,26.24436367],[50.63846874,26.24438524],[50.63583732,26.2421751],[50.63555014,26.24219644],[50.63456917,26.24404192],[50.63765538,26.24597311],[50.64126802,26.24762535],[50.64182055,26.24718332],[50.64241636,26.24208915],[50.64449775,26.24223936],[50.64497614,26.24539375],[50.64820576,26.24479294],[50.64830136,26.24228227],[50.64543056,26.24208915],[50.64543056,26.24118805],[50.64799047,26.24120951],[50.6464833,26.24024391],[50.64736843,26.23874176],[50.65062225,26.23796928],[50.65064585,26.23777616],[50.64930618,26.23726118],[50.6500957,26.23590934],[50.64861238,26.23455763],[50.65069365,26.2340641],[50.64502394,26.23410702],[50.64492977,26.22586715],[50.63043582,26.22569561],[50.6303879,26.22269154],[50.62828314,26.22110355],[50.62861705,26.22058952],[50.62933552,26.22015953],[50.63220572,26.22307765],[50.63521934,26.2242794],[50.63832855,26.22496605],[50.65289736,26.22505176],[50.65406907,26.22359276],[50.65349507,26.22282016],[50.65533686,26.22286308],[50.65562391,26.22226226],[50.65595865,26.21835697],[50.65576744,26.2178421],[50.65442801,26.21767044],[50.65399754,26.21775615],[50.65318418,26.21934414],[50.65141428,26.21925831],[50.65141428,26.21779907],[50.6543802,26.21153355],[50.65815926,26.20943058],[50.65729821,26.20822895],[50.65820706,26.20779991],[50.6582551,26.20428085],[50.66030323,26.20331955],[50.66051066,26.20299745],[50.66155541,26.20041835],[50.66232073,26.19792926],[50.66246414,26.19719982],[50.66160154,26.19432437],[50.66346681,26.19140625],[50.66657531,26.18466854],[50.67193174,26.18664265],[50.67064035,26.18865955],[50.67556787,26.19140625],[50.66729248,26.20552528],[50.67255366,26.20827186],[50.67700231,26.20466697],[50.67353451,26.20327234],[50.67939365,26.19177103],[50.68646586,26.19489515],[50.68125617,26.20492446],[50.68029952,26.20471001],[50.67910361,26.20642662],[50.67910361,26.21526706],[50.68446243,26.21598208],[50.68455064,26.21963048],[50.69875944,26.21962845],[50.7099508,26.19983375],[50.70860565,26.19935095],[50.70946646,26.19746804],[50.70699143,26.19635761],[50.70981288,26.19142771],[50.71672976,26.18042517],[50.72017324,26.18443251],[50.7160542,26.19140625],[50.69736016,26.22416675],[50.69623005,26.22503567],[50.69429266,26.2257117],[50.66543806,26.22599602],[50.66534245,26.22788417],[50.66677737,26.22805595],[50.66649055,26.23140335],[50.65883625,26.23140335],[50.65874076,26.23354912],[50.66094124,26.23363495]],[[51.21228456,26.18370581],[51.21220195,26.18015575],[51.21443653,26.17896581],[51.21369362,26.17736721],[51.21623802,26.17420042],[51.21571577,26.16963577],[51.21709681,26.16820765],[51.21746004,26.16810083],[51.2180196,26.16854847],[51.21765304,26.17316782],[51.22302353,26.17630994],[51.23668945,26.18021595],[51.24066675,26.18023825],[51.24749064,26.17708063],[51.24825346,26.17759454],[51.23909903,26.18155861],[51.22438371,26.17761016],[51.22185254,26.17718351],[51.21833813,26.1772058],[51.21540296,26.17847586],[51.21492696,26.17925715],[51.21380126,26.18261814],[51.21228456,26.18370581]],[[51.2611562,26.16811395],[51.2598114,26.16574824],[51.25975764,26.1648792],[51.26040387,26.16405845],[51.26088798,26.16396177],[51.26078045,26.16584468],[51.26239431,26.16676211],[51.26287842,26.16681027],[51.26879525,26.16531372],[51.26933324,26.16285145],[51.27368915,26.15956843],[51.28691995,26.14522934],[51.29283607,26.141029],[51.29805315,26.13953233],[51.30079615,26.13740802],[51.29977417,26.13909781],[51.29192305,26.14286363],[51.28294027,26.15010548],[51.27567887,26.15836144],[51.27562523,26.15990627],[51.26981604,26.16338253],[51.2695471,26.16574824],[51.26626587,26.16705167],[51.26298487,26.1684519],[51.26153255,26.16850007],[51.2611562,26.16811395]],[[50.67276096,26.15891933],[50.67170906,26.16012084],[50.66280651,26.15593565],[50.66078687,26.15778744],[50.66061676,26.15879047],[50.66372454,26.16029263],[50.66683233,26.16372585],[50.66831446,26.16312504],[50.6664021,26.1658287],[50.66503167,26.16258407],[50.62853634,26.14510047],[50.62531757,26.15286815],[50.62920475,26.15479934],[50.62774396,26.15880132],[50.62954235,26.1588335],[50.62968576,26.16003513],[50.62786865,26.16029263],[50.62874854,26.16251886],[50.62987697,26.16269577],[50.62982917,26.16578567],[50.62830102,26.16591692],[50.62829912,26.169734],[50.62447393,26.17351055],[50.62593246,26.1744976],[50.62588418,26.17763042],[50.62810791,26.17763042],[50.62798882,26.18005514],[50.62464118,26.18003356],[50.62418687,26.18087053],[50.62572718,26.18401992],[50.625,26.18443084],[50.62418687,26.18526936],[50.62409127,26.18582726],[50.62433052,26.18715763],[50.61037052,26.18627715],[50.59924436,26.17507327],[50.59871805,26.1740489],[50.60051525,26.17278087],[50.59884155,26.17162216],[50.60334051,26.16385448],[50.60276961,26.15918207],[50.60470593,26.15469205],[50.61039484,26.15196705],[50.61087286,26.15256774],[50.61747098,26.14797592],[50.61766231,26.14758956],[50.61598611,26.14531505],[50.61593831,26.14501464],[50.61737251,26.14321232],[50.61632395,26.14153862],[50.6171844,26.14095914],[50.62961376,26.11866474],[50.62751091,26.11649752],[50.62708068,26.11634731],[50.62041366,26.12586176],[50.61849773,26.13235474],[50.61455524,26.138556],[50.61443555,26.13900661],[50.61610877,26.14106655],[50.61598933,26.14151704],[50.61555576,26.14497185],[50.61297441,26.14625931],[50.61201823,26.14870536],[50.60715377,26.14909995],[50.60317397,26.14776134],[50.60255253,26.15175235],[50.59944534,26.15158081],[50.59930146,26.14956367],[50.59767604,26.15170956],[50.59595478,26.15093696],[50.59485531,26.15200984],[50.59456837,26.15625846],[50.59021807,26.16093636],[50.58797073,26.16097915],[50.58624923,26.16329658],[50.57764184,26.1675024],[50.57941115,26.16900444],[50.57611156,26.17273796],[50.57472491,26.17230892],[50.57429445,26.17385375],[50.57196963,26.17508662],[50.57219052,26.17625713],[50.56936932,26.17690074],[50.56769562,26.17994785],[50.56640434,26.17964745],[50.56726515,26.18024814],[50.56597412,26.18149281],[50.56573415,26.18625641],[50.56764734,26.18690014],[50.56721675,26.18870246],[50.56492114,26.18840206],[50.56444287,26.18994713],[50.56721675,26.19067657],[50.56697774,26.19140625],[50.56549513,26.19647014],[50.56195605,26.19586945],[50.56176472,26.19728565],[50.56465948,26.19730747],[50.56477797,26.19792926],[50.56197703,26.19801092],[50.56186044,26.19891644],[50.56319964,26.20076168],[50.56372583,26.20084763],[50.5674088,26.19977474],[50.56831753,26.20286465],[50.56860435,26.19990337],[50.57243085,26.19998932],[50.57099605,26.20179164],[50.58400393,26.2010622],[50.58529735,26.19904506],[50.58893228,26.19732845],[50.58907592,26.19612694],[50.59479928,26.19471073],[50.60149324,26.19668925],[50.60486674,26.19908798],[50.60553634,26.19698524],[50.60735357,26.19689941],[50.60826242,26.19780064],[50.60673201,26.19780064],[50.60520136,26.1993885],[50.60764062,26.20041835],[50.61137116,26.19960296],[50.61275804,26.20101917],[50.61400163,26.20080471],[50.61366677,26.19835854],[50.61467111,26.20089054],[50.6152451,26.20131958],[50.62304056,26.20844364],[50.6230303,26.21464491],[50.62604404,26.21730554],[50.62657022,26.21777773],[50.62598038,26.21820486],[50.62544012,26.21848583],[50.62403512,26.21681213],[50.61681163,26.21578205],[50.61547208,26.21608245],[50.61561573,26.22114646],[50.6126976,26.22114646],[50.61159885,26.22217655],[50.61159718,26.22475135],[50.61437178,26.22492313],[50.61394143,26.22672546],[50.61135805,26.22732627],[50.61102331,26.22616756],[50.61040127,26.22702587],[50.60853565,26.226511],[50.60753107,26.22397888],[50.60518801,26.22363555],[50.60537851,26.22153282],[50.60212553,26.22140396],[50.60045147,26.22324944],[50.60155153,26.22479427],[50.60113215,26.22824275],[50.60011673,26.23440742],[50.59853792,26.23689652],[50.60274804,26.2399435],[50.60274804,26.24093056],[50.59930515,26.23908508],[50.59830034,26.23955715],[50.60083616,26.24067295],[50.59844375,26.24389172],[50.60112333,26.24509335],[50.60208034,26.24341965],[50.60318077,26.24423504],[50.60255885,26.24577987],[50.6041857,26.24693871],[50.6027981,26.24792576],[50.59633326,26.24535084],[50.59279263,26.24625194],[50.59257686,26.24899864],[50.59375274,26.25260353],[50.59347391,26.25264215],[50.59281635,26.25273216],[50.59208345,26.25033498],[50.59141004,26.24989975],[50.5888741,26.24925613],[50.58814883,26.24934185],[50.58678496,26.25047922],[50.58568454,26.24929905],[50.58306515,26.24561906],[50.58563673,26.24599445],[50.58503282,26.24422955],[50.57814825,26.24078035],[50.57657576,26.24058723],[50.57724547,26.24160111],[50.57534921,26.24148846],[50.57506835,26.24284017],[50.57866895,26.24396682],[50.57659316,26.24451387],[50.58063686,26.24505568],[50.58164156,26.24565661],[50.58489501,26.24994266],[50.58590746,26.25118732],[50.58322787,26.25354755],[50.57935214,26.25363338],[50.57791674,26.25264645],[50.57691193,26.25110137],[50.57778954,26.25043631],[50.57661724,26.25075805],[50.57432795,26.24680996],[50.57394516,26.24642372],[50.57293987,26.24698162],[50.57293987,26.24363422],[50.57171905,26.24332845],[50.57432735,26.24256134],[50.57464945,26.24171364],[50.57185662,26.24170303],[50.57341146,26.23899925],[50.57193506,26.23899925],[50.57116282,26.24150991],[50.57006228,26.24116647],[50.56941652,26.23743296],[50.57061255,26.23773325],[50.57173705,26.23625267],[50.56370556,26.23363495],[50.56150484,26.23496532],[50.56850743,26.23794794],[50.56833994,26.24588716],[50.56528461,26.24826896],[50.56432772,26.24835491],[50.56203115,26.24655235],[50.56203115,26.24436367],[50.56217456,26.24367714],[50.56308365,26.24307632],[50.56619358,26.24303341],[50.56619358,26.24002933],[50.56380141,26.2399435],[50.56365776,26.24196053],[50.56209588,26.24198186],[50.56279671,26.23638153],[50.56155264,26.23535144],[50.56011725,26.2421751],[50.55844271,26.24208915],[50.55839467,26.24093056],[50.55997372,26.23582363],[50.55767703,26.23560905],[50.55759728,26.24095202],[50.54720044,26.24152064],[50.54982853,26.24387276],[50.54924834,26.24700296],[50.54742122,26.24745357],[50.54896116,26.24601865],[50.54815376,26.2445569],[50.54495728,26.24522197],[50.54658377,26.24760115],[50.54410183,26.24592483],[50.54470027,26.24316215],[50.54699695,26.24213207],[50.5464015,26.24131668],[50.54035735,26.24427795],[50.53904164,26.24633777],[50.54002202,26.24779701],[50.54083586,26.24577987],[50.54224741,26.24588716],[50.54021394,26.2484622],[50.53827596,26.24835491],[50.53822815,26.24713182],[50.53664923,26.24635935],[50.53583574,26.24719608],[50.53696024,26.24837625],[50.53602731,26.24880552],[50.53578806,26.24880552],[50.53358698,26.24803305],[50.53540516,26.24565125],[50.52772892,26.24260426],[50.5236119,26.2388277],[50.52208304,26.23487937],[50.51949954,26.23702514],[50.51677227,26.23702514],[50.51672435,26.23582363],[50.51289678,26.23685348],[50.51289678,26.23603821],[50.51098311,26.2357378],[50.50576794,26.23642445],[50.50431311,26.23571122],[50.50160551,26.23698235],[50.49825633,26.2357378],[50.48787391,26.23565185],[50.47116184,26.23314667],[50.47160316,26.23578072],[50.47361255,26.23552322],[50.47595584,26.23725045],[50.47819388,26.24419212],[50.46179891,26.23816776],[50.45937681,26.24275446],[50.46832597,26.24283493],[50.471542,26.24724436],[50.47437835,26.24731946],[50.47904921,26.25139105],[50.48135161,26.25469565],[50.48181212,26.25670195],[50.48115432,26.25705588],[50.47944391,26.25611174],[50.47843206,26.25429332],[50.4762789,26.25646591],[50.48337746,26.26324654],[50.48194206,26.26461983],[50.4773488,26.26084316],[50.47189415,26.26247394],[50.46902335,26.26067162],[50.4668051,26.25714183],[50.47103286,26.25397682],[50.46977341,26.25097811],[50.46839178,26.25156808],[50.46615505,26.24967992],[50.457762,26.24801695],[50.45744407,26.24685276],[50.45367098,26.24521673],[50.44924831,26.24484122],[50.44529092,26.24213207],[50.44308984,26.23895645],[50.44337714,26.23620975],[50.44194162,26.23552322],[50.44423831,26.23071671],[50.44232428,26.22899997],[50.43974066,26.22899997],[50.43849647,26.22453678],[50.43790054,26.21692467],[50.44107592,26.21586263],[50.44452524,26.21818542],[50.44672644,26.22153282],[50.44854462,26.21973026],[50.44529092,26.21646881],[50.4453876,26.21200562],[50.44701362,26.20874405],[50.44687021,26.20565414],[50.44897437,26.20638371],[50.44935715,26.20565414],[50.44753981,26.20509624],[50.44997883,26.2016201],[50.45390046,26.20299327],[50.4550482,26.20127666],[50.45562196,26.19964588],[50.45523953,26.19526863],[50.45409155,26.19509685],[50.45351768,26.19423854],[50.45332646,26.19260776],[50.45332646,26.19170666],[50.45437872,26.19029045],[50.45456994,26.18634224],[50.45342207,26.18634224],[50.45418727,26.18067741],[50.45332646,26.17999065],[50.45131791,26.18106365],[50.45060062,26.17917526],[50.45237005,26.17797375],[50.44958627,26.17636442],[50.44916451,26.17406845],[50.44920146,26.17213011],[50.44935107,26.17182052],[50.45098162,26.17166507],[50.45045555,26.16969097],[50.44811237,26.16651535],[50.44616914,26.16660106],[50.44607353,26.16557121],[50.44769931,26.16522777],[50.45114207,26.14934921],[50.4540112,26.14188194],[50.44951618,26.14093781],[50.44749916,26.13904953],[50.44824517,26.13476014],[50.44865561,26.13407135],[50.45257664,26.13681793],[50.45295906,26.13698947],[50.45477617,26.13698947],[50.45515883,26.13681793],[50.45371246,26.13252628],[50.45731056,26.13307655],[50.45848513,26.13233912],[50.45722926,26.13095832],[50.46268475,26.12179744],[50.46411848,26.11810684],[50.46279347,26.11742008],[50.46732378,26.11043942],[50.46627235,26.10961223],[50.46861112,26.10776424],[50.47047496,26.10832214],[50.4701215,26.10647476],[50.47129011,26.10678935],[50.47184217,26.10572505],[50.47077405,26.10456407],[50.47243881,26.10275185],[50.47438025,26.10373116],[50.47569835,26.10169637],[50.47385383,26.10081208],[50.47529542,26.10066795],[50.47834325,26.09765387],[50.47991538,26.08436465],[50.47839475,26.08175206],[50.48019803,26.08149886],[50.48210084,26.07646215],[50.48113883,26.07520843],[50.48026705,26.06237113],[50.48370981,26.05836856],[50.48269618,26.05088067],[50.48218143,26.04892731],[50.48495173,26.04686725],[50.48516417,26.04143262],[50.47864223,26.03167164],[50.47661924,26.02552164],[50.47158635,26.01983428],[50.47273207,26.01829743],[50.47185016,26.015625],[50.47188115,26.01532137],[50.47352505,26.0111618],[50.47276115,26.00626945],[50.47159994,26.00350285],[50.46812987,25.99818635],[50.45777154,25.98678577],[50.45616782,25.98055971],[50.45594156,25.98025918],[50.45381355,25.98112094],[50.45311058,25.98012793],[50.45506084,25.97627521],[50.45423901,25.97442615],[50.45710325,25.97022045],[50.45643485,25.96198082],[50.45813966,25.95465994],[50.46309316,25.94600737],[50.46848953,25.93846142],[50.47133136,25.93510985],[50.47165287,25.93481851],[50.47980237,25.92972326],[50.48533547,25.92834985],[50.49201155,25.92418194],[50.51059425,25.90417385],[50.51655745,25.89936733],[50.52128065,25.88975418],[50.52004015,25.89541912],[50.5153172,25.90202796],[50.51650977,25.90417385],[50.51808417,25.90404511],[50.52137268,25.89945316],[50.52315974,25.89251232],[50.52706623,25.88572001],[50.54772997,25.85480237],[50.54787922,25.85447013],[50.55118251,25.84633482],[50.55121517,25.83984375],[50.55134523,25.83984375],[50.55137801,25.83646572],[50.55261564,25.82888258],[50.55498481,25.82097697],[50.56066155,25.81190574],[50.56037545,25.80787182],[50.56595325,25.80057621],[50.56890845,25.79173565],[50.56619155,25.80147743],[50.56609631,25.80345154],[50.56767297,25.80741632],[50.56939006,25.8100605],[50.5714401,25.81267834],[50.58331084,25.82306385],[50.58674336,25.82829952],[50.58936775,25.82967281],[50.59017825,25.83113194],[50.58955836,25.83709705],[50.59117973,25.83722591],[50.59356368,25.83181846],[50.59759843,25.82915604],[50.59861815,25.83074558],[50.59723532,25.83044517],[50.59508026,25.83297718],[50.59486568,25.83368528],[50.59395981,25.83866346],[50.59419835,25.83986521],[50.59470665,25.84323394],[50.59523106,25.84366322],[50.59814131,25.84327686],[50.59861803,25.84568024],[50.59882343,25.84583044],[50.60205126,25.84713936],[50.60462606,25.84769726],[50.60624731,25.84774005],[50.60709715,25.84673154],[50.60752904,25.84823215],[50.60181284,25.84919918],[50.59642482,25.84748256],[50.59553325,25.84877014],[50.59779835,25.85082996],[50.59852266,25.85486412],[50.60063577,25.85449934],[50.60195577,25.85258961],[50.60657322,25.85334063],[50.60481787,25.85997105],[50.60621548,25.86509943],[50.60624993,25.87280273],[50.60500872,25.87748051],[50.60639286,25.87919712],[50.60548854,25.88696468],[50.60739625,25.89179373],[50.60873437,25.90610504],[50.60997248,25.90604091],[50.61140645,25.91215611],[50.60596704,25.91104031],[50.60572827,25.91284275],[50.61154962,25.92760563],[50.61232245,25.93326855],[50.61387706,25.93482423],[50.61140847,25.93910694],[50.61260176,25.94700325],[50.61471987,25.94730008],[50.61415553,25.95256376],[50.61567307,25.95384872],[50.61532187,25.95528603],[50.61277437,25.95604205],[50.61517882,25.95592976],[50.61517882,25.95807552],[50.61293757,25.95837593],[50.61405945,25.96216941],[50.61293757,25.97056377],[50.61851227,25.97145057],[50.61427414,25.97305286],[50.61575413,25.97648621],[50.61694753,25.97665775],[50.61794984,25.98361015],[50.61704493,25.98648536],[50.61881161,25.98863125],[50.6177901,25.98968053],[50.62091243,25.99914551],[50.62000525,26.00047576],[50.62053096,26.0047245],[50.62093687,26.00536823],[50.62310946,26.00450993],[50.62442267,26.00862968],[50.62217844,26.00912333],[50.62263215,26.01019621],[50.625,26.00961685],[50.62836218,26.00888717],[50.62967551,26.01440191],[50.62499583,26.01564646],[50.62617338,26.03014135],[50.625,26.03236604],[50.62683892,26.03194261],[50.62759984,26.03501356],[50.62974441,26.03409648],[50.63007772,26.03442347],[50.63206351,26.03877318],[50.63206232,26.03933084],[50.62984133,26.04201496],[50.62745547,26.04138565],[50.625,26.04464281],[50.62128055,26.04556906],[50.62154341,26.05076194],[50.61891568,26.06055725],[50.62036085,26.06929064],[50.62496138,26.07038486],[50.62543917,26.07175815],[50.62371922,26.07235897],[50.62338483,26.07600677],[50.6202296,26.07731581],[50.62954831,26.07785225],[50.62863803,26.08545887],[50.62964368,26.08549106],[50.62950051,26.09244335],[50.61956394,26.09321594],[50.62114096,26.09797955],[50.62037635,26.09935284],[50.61789143,26.09939575],[50.61793923,26.10162735],[50.61999404,26.10514641],[50.62359214,26.10821486],[50.62418962,26.10845077],[50.63013947,26.10445964],[50.63128662,26.10533953],[50.62679422,26.10800016],[50.63054585,26.11061811],[50.63422585,26.11057508],[50.63597047,26.10875118],[50.63898134,26.10918045],[50.63831222,26.11154068],[50.63281596,26.11136913],[50.63262475,26.11252785],[50.63570738,26.11218452],[50.63620925,26.11362207],[50.63840783,26.11349344],[50.63879025,26.11699104],[50.63573146,26.12033844],[50.63568366,26.12276316],[50.63286376,26.12265575],[50.63143003,26.12493026],[50.63157737,26.12954891],[50.63422453,26.13020885],[50.63422453,26.13115311],[50.63250363,26.13342762],[50.63073504,26.13351345],[50.63049602,26.13389957],[50.63049602,26.13690364],[50.63106954,26.13831985],[50.63312495,26.13999355],[50.63838315,26.14278305],[50.64106023,26.13904953],[50.64918661,26.14304066],[50.64918804,26.14518046],[50.64647305,26.14777315],[50.64553595,26.15078974],[50.65280914,26.15409756],[50.65956485,26.15359783],[50.66334212,26.15501404],[50.67453015,26.15621555],[50.67642617,26.15430295],[50.67652047,26.15454328],[50.67542112,26.15623176],[50.67241406,26.15690136],[50.67170906,26.15784645],[50.67276096,26.15891933]],[[51.08442545,26.07597435],[51.08511686,26.07578218],[51.0857743,26.07634032],[51.08568513,26.07837105],[51.0838592,26.07781303],[51.08374274,26.07749295],[51.08442545,26.07597435]],[[50.72144353,26.02477658],[50.72159266,26.02450836],[50.72171223,26.02450836],[50.72183144,26.02458894],[50.72183144,26.02483034],[50.72195101,26.02520585],[50.72207046,26.02547395],[50.72215986,26.025635],[50.72236884,26.02579594],[50.72251797,26.02598357],[50.72272694,26.02619815],[50.72269726,26.02646637],[50.72263753,26.02662742],[50.72236884,26.02670777],[50.72215986,26.02662742],[50.72201073,26.02649331],[50.72186136,26.02641285],[50.72171223,26.02627873],[50.72162271,26.02614462],[50.72159266,26.02582276],[50.72156286,26.02552772],[50.72150326,26.02531314],[50.72144353,26.02504492],[50.72144353,26.02477658]],[[51.01396585,25.99950123],[51.01806438,25.99867642],[51.01883614,25.9987843],[51.02021897,25.99969637],[51.01985395,26.00091696],[51.01809144,26.00229585],[51.01465893,26.00367594],[51.01333857,26.00357735],[51.01304555,26.00282908],[51.01396585,25.99950123]],[[50.97783935,25.87226546],[50.9765625,25.86997771],[50.9765625,25.86941958],[50.97783494,25.86808121],[50.97783935,25.87226546]],[[50.61236584,25.85306156],[50.61188912,25.85164535],[50.61236584,25.84954262],[50.61665761,25.84765434],[50.61966157,25.84919918],[50.6213783,25.85310447],[50.62123525,25.85374832],[50.62009025,25.85379124],[50.619614,25.85340488],[50.61765885,25.84975708],[50.61656177,25.84967124],[50.61541748,25.84980011],[50.61451161,25.85044384],[50.61393964,25.85207462],[50.61660945,25.85456371],[50.61632335,25.85490704],[50.61327195,25.85426331],[50.61236584,25.85306156]],[[50.62023342,25.84791184],[50.61808765,25.84615231],[50.61746776,25.84520805],[50.61775386,25.84284782],[50.61932743,25.84091663],[50.62256968,25.84040165],[50.62452483,25.84113121],[50.625,25.84171915],[50.62533534,25.84357727],[50.625,25.84362757],[50.62152076,25.8419466],[50.61994731,25.84267604],[50.61956263,25.84489512],[50.62066245,25.84615231],[50.62405574,25.84641027],[50.625,25.84658146],[50.62538302,25.84683895],[50.62576437,25.84756851],[50.6254307,25.84799755],[50.625,25.84807515],[50.62023342,25.84791184]],[[50.61874592,25.83984375],[50.61641884,25.84065914],[50.61516964,25.84058952],[50.61207652,25.83984172],[50.61030626,25.83978724],[50.61019862,25.83973086],[50.61081624,25.83885658],[50.60910487,25.83830094],[50.60921454,25.83801413],[50.61479771,25.83761215],[50.61544204,25.83763635],[50.61718166,25.83795536],[50.61879158,25.83982456],[50.61874592,25.83984375]],[[50.61982751,25.83799827],[50.61844492,25.8355093],[50.61882615,25.83314896],[50.61982751,25.83229065],[50.62211597,25.83147526],[50.625,25.83154094],[50.62726533,25.83211887],[50.62683618,25.83323467],[50.62626398,25.83349216],[50.625,25.83333898],[50.62345111,25.83306313],[50.62097168,25.83396435],[50.62106705,25.83692551],[50.625,25.83632457],[50.62526286,25.83623874],[50.62602568,25.83692551],[50.62602568,25.83735454],[50.625,25.83825576],[50.62321258,25.83889961],[50.62078094,25.83851326],[50.61982751,25.83799827]],[[50.61217523,25.83010185],[50.60876596,25.83302021],[50.60847998,25.83415735],[50.60819864,25.83446598],[50.60759795,25.83310604],[50.60631025,25.83336353],[50.60640955,25.8329128],[50.60938585,25.82847106],[50.61246121,25.82724798],[50.61217523,25.83010185]],[[50.60515408,25.83263135],[50.60516643,25.83263385],[50.60476112,25.83353507],[50.60515408,25.83263135]],[[50.60515408,25.83263135],[50.60325921,25.83224773],[50.60314786,25.82836092],[50.6039983,25.82542408],[50.60502326,25.82467306],[50.60545862,25.82466388],[50.60661435,25.82733393],[50.60540485,25.83205461],[50.60515408,25.83263135]],[[50.61429668,25.82726955],[50.6151551,25.8251667],[50.61629915,25.82409382],[50.61763418,25.82357883],[50.61930311,25.82362175],[50.61958897,25.82409382],[50.61954141,25.82469463],[50.61606085,25.82726955],[50.61901701,25.82928646],[50.62216365,25.82581043],[50.62383246,25.82555294],[50.62411845,25.82615376],[50.62135315,25.83014476],[50.61863554,25.8310461],[50.6156795,25.83023071],[50.61429668,25.82726955]],[[50.61153138,25.82559586],[50.61062562,25.82581043],[50.60781252,25.82503796],[50.60642993,25.82370746],[50.60609615,25.82297802],[50.60595298,25.82143295],[50.60929048,25.81701267],[50.61067331,25.81727016],[50.61062562,25.81847191],[50.60881364,25.82018852],[50.60824156,25.82276344],[50.61067331,25.82392216],[50.61196053,25.82340705],[50.61258042,25.82259166],[50.61305714,25.81997395],[50.61358166,25.81993103],[50.61434436,25.82108974],[50.61453521,25.82267761],[50.61391544,25.82379341],[50.61343861,25.82448006],[50.61153138,25.82559586]],[[50.60280633,25.82443714],[50.60027933,25.82503796],[50.59794295,25.82430828],[50.59646511,25.82194805],[50.59632194,25.82104683],[50.59675097,25.81954467],[50.59808612,25.8187294],[50.59856296,25.81920135],[50.59918272,25.82297802],[50.60261548,25.82181931],[50.6009469,25.81769943],[50.60228181,25.81645477],[50.60447502,25.82031715],[50.60461795,25.82143295],[50.60366452,25.82387924],[50.60280633,25.82443714]],[[50.61368108,25.83241034],[50.61737251,25.83229065],[50.61761093,25.83267677],[50.61751497,25.83325624],[50.61497247,25.83522296],[50.61436832,25.83546627],[50.61012483,25.83692551],[50.61017251,25.83585262],[50.60998166,25.83555222],[50.60850358,25.83546627],[50.60855126,25.83499432],[50.61368108,25.83241034]],[[50.60137713,25.83705425],[50.60290301,25.83769786],[50.60357726,25.83984375],[50.60304594,25.84100234],[50.60247385,25.84151745],[50.60056663,25.84181786],[50.59951746,25.84160316],[50.59842086,25.84010124],[50.59838498,25.83984375],[50.59870684,25.83791256],[50.59913611,25.83774078],[50.59956515,25.83778381],[50.59930456,25.83984375],[50.59932685,25.84014416],[50.59994674,25.84048736],[50.60085273,25.84022987],[50.60085273,25.83984375],[50.60008967,25.83855617],[50.60135496,25.83984375],[50.60137713,25.84010124],[50.60171092,25.84022987],[50.60280764,25.83984375],[50.60304594,25.83937156],[50.60137713,25.83705425]],[[50.60826504,25.84065914],[50.60850346,25.84044445],[50.61370122,25.84271896],[50.61546552,25.84400654],[50.61603773,25.84512234],[50.61599004,25.84619522],[50.61556077,25.84640968],[50.61305726,25.84585178],[50.61112606,25.84452152],[50.60855114,25.84237576],[50.60950506,25.84173202],[50.60826504,25.84065914]],[[50.68110573,25.80680835],[50.68118322,25.80654681],[50.68149304,25.80658162],[50.68199647,25.80679083],[50.68244195,25.80703485],[50.68275166,25.80731392],[50.68310034,25.80771494],[50.68337154,25.80795884],[50.68352628,25.80808103],[50.68368125,25.8082031],[50.68364263,25.80834246],[50.68339086,25.80837727],[50.68304217,25.80829024],[50.68277121,25.80806363],[50.68220961,25.80766261],[50.68189955,25.80747068],[50.68164778,25.80741835],[50.68143475,25.80729651],[50.68126047,25.80706966],[50.68110573,25.80680835]],[[50.42438257,26.13132465],[50.42447817,26.1345005],[50.41835916,26.1367321],[50.41777563,26.14852416],[50.41878986,26.1540699],[50.41783381,26.15608692],[50.42041874,26.16315091],[50.42205095,26.16454124],[50.42219424,26.16539955],[50.42060244,26.16845453],[50.41970766,26.16960525],[50.41970754,26.17218006],[50.41836846,26.17316723],[50.41702962,26.17346764],[50.40682018,26.17342472],[50.40641403,26.17372513],[50.40647638,26.17476225],[50.40502715,26.17454052],[50.40441465,26.17347026],[50.40549958,26.17302775],[50.40457904,26.1724081],[50.40415168,26.17261457],[50.39869463,26.17671573],[50.39657736,26.17471206],[50.39567792,26.17144525],[50.39721596,26.17098916],[50.39685965,26.16981983],[50.39428067,26.16909015],[50.39485455,26.16715896],[50.39303756,26.16737366],[50.38902104,26.16402614],[50.38835156,26.16509914],[50.38663018,26.16497028],[50.3827095,26.16226673],[50.38304305,26.1610651],[50.38447726,26.161623],[50.38428605,26.16063595],[50.37859666,26.15522862],[50.37878275,26.14570141],[50.38284647,26.14166725],[50.38174701,26.13969314],[50.38322902,26.13917816],[50.38193715,26.13471496],[50.38571346,26.13282681],[50.38609564,26.13162506],[50.38633466,26.12759113],[50.38442266,26.12505913],[50.38657415,26.12364292],[50.39799762,26.12128246],[50.40442634,26.12413645],[50.41013801,26.12420082],[50.41126132,26.12222671],[50.41128504,26.12415791],[50.41422474,26.12411487],[50.42050993,26.12068164],[50.42438138,26.12003803],[50.42481172,26.12201214],[50.42309105,26.12321365],[50.42165697,26.12737656],[50.42438257,26.13132465]],[[50.31597376,26.17640603],[50.31110513,26.17941141],[50.31084061,26.17925584],[50.31032503,26.17533171],[50.31037867,26.17525935],[50.31382167,26.17618871],[50.31567776,26.17515075],[50.31698251,26.17608011],[50.31698251,26.17622495],[50.31597376,26.17640603]],[[50.32960582,26.18069875],[50.33288467,26.18226516],[50.33618736,26.18234026],[50.33264565,26.18342388],[50.33164132,26.18514061],[50.33274424,26.18534982],[50.32958496,26.18591297],[50.32647646,26.18488312],[50.3251456,26.18517172],[50.32475746,26.18536413],[50.32200193,26.18861675],[50.31868422,26.18795693],[50.31816411,26.18811774],[50.31334591,26.18966568],[50.31303501,26.18924427],[50.317644,26.18584871],[50.31968558,26.18286598],[50.32243216,26.18214715],[50.32148182,26.18296802],[50.32393873,26.18361175],[50.32960582,26.18069875]],[[50.40561664,26.18921745],[50.40641415,26.18895996],[50.40769553,26.18948281],[50.40856612,26.19140625],[50.41014433,26.19174945],[50.41215301,26.19063365],[50.41179454,26.19144905],[50.41129196,26.19204986],[50.41224897,26.19325161],[50.41057515,26.19338036],[50.41107714,26.19419575],[50.41227293,26.19372356],[50.41177034,26.19445324],[50.40949488,26.19371414],[50.40164077,26.19610274],[50.40038824,26.19694233],[50.39756656,26.19608402],[50.39802086,26.19376648],[50.40082264,26.19241178],[50.40220547,26.19290817],[50.40263355,26.19140625],[50.4034729,26.19136333],[50.40411854,26.19222164],[50.40483594,26.19213581],[50.40531421,26.1918354],[50.40561664,26.18921745]],[[50.43534565,26.19856775],[50.43647587,26.19447458],[50.43806624,26.19571376],[50.4373548,26.19747865],[50.43883824,26.19793916],[50.43823361,26.20089591],[50.43747735,26.20102906],[50.43609905,26.20356202],[50.43580604,26.20352435],[50.43492722,26.20119631],[50.43488526,26.2007457],[50.43588972,26.20093346],[50.43534565,26.19856775]],[[50.31987035,26.25661325],[50.31975532,26.25668704],[50.31801164,26.25575781],[50.31730425,26.25494635],[50.31748533,26.25389886],[50.31799507,26.25392854],[50.31987035,26.25661325]],[[50.47536337,26.24724436],[50.47288752,26.24579597],[50.47337186,26.24468565],[50.47439456,26.24468565],[50.47525585,26.24507177],[50.47681665,26.24743748],[50.47660124,26.24792027],[50.47617066,26.24806523],[50.47536337,26.24724436]],[[50.47202635,26.24584425],[50.47175717,26.24603736],[50.47030401,26.24347866],[50.47041166,26.24309242],[50.47170341,26.24289918],[50.47229552,26.24347866],[50.47202635,26.24584425]],[[50.58499515,26.18895996],[50.58595145,26.18728626],[50.58513856,26.18679285],[50.5837996,26.18840206],[50.58150411,26.18657815],[50.5807389,26.18220091],[50.57944775,26.18220091],[50.58045185,26.18067741],[50.57939982,26.17763042],[50.5814563,26.17634285],[50.58700371,26.17956161],[50.59073377,26.17805946],[50.59298146,26.1789608],[50.59446394,26.17835987],[50.5911839,26.18434906],[50.58811152,26.18423831],[50.58559287,26.18915308],[50.58647764,26.18979692],[50.5862385,26.19102001],[50.58530605,26.19140625],[50.58470821,26.19140625],[50.58437335,26.18994713],[50.58269966,26.18968964],[50.58272362,26.18932486],[50.58499515,26.18895996]],[[50.65023518,26.18533373],[50.65262044,26.18147135],[50.65536416,26.18451285],[50.65450335,26.18571985],[50.65023518,26.18533373]],[[50.66130042,26.30144107],[50.66165948,26.29702091],[50.66314328,26.29607666],[50.66453147,26.29599094],[50.66520155,26.29695654],[50.66472292,26.29787922],[50.66357422,26.29882336],[50.66625464,26.29869461],[50.66688407,26.29916358],[50.66682887,26.30028236],[50.66491413,26.30139816],[50.66357398,26.30191314],[50.66153955,26.3017416],[50.66130042,26.30144107]],[[50.66881561,26.29918814],[50.66601527,26.29710674],[50.66577601,26.29676342],[50.66642225,26.29577625],[50.66769075,26.29496086],[50.66953373,26.29633415],[50.66998827,26.29629135],[50.67068243,26.29596937],[50.67257321,26.29343736],[50.67309928,26.29324424],[50.67458332,26.29371643],[50.67465508,26.29401684],[50.67362595,26.29663455],[50.66919851,26.29908085],[50.66881561,26.29918814]],[[50.67266893,26.28811586],[50.67331493,26.28725755],[50.67369795,26.28725755],[50.6759479,26.28959656],[50.67503846,26.29294395],[50.67472732,26.29305124],[50.67305136,26.29230022],[50.67376995,26.29034746],[50.67266893,26.28811586]],[[50.60238981,25.78842044],[50.60249412,25.78836668],[50.60268772,25.78836668],[50.60279203,25.78848743],[50.60282183,25.78858125],[50.60282183,25.78868854],[50.60276222,25.78875565],[50.60255373,25.78876913],[50.60243452,25.78870201],[50.60236001,25.78854096],[50.60238981,25.78842044]],[[50.70962107,25.78482091],[50.70967484,25.78474843],[50.70982218,25.78474843],[50.70994294,25.78476048],[50.70999634,25.78488123],[50.71000993,25.78497767],[50.71002316,25.78514683],[50.7101171,25.78531575],[50.71013045,25.78543651],[50.71000993,25.78547263],[50.70984912,25.78546047],[50.70971501,25.78531575],[50.70962107,25.78513455],[50.70962107,25.78495371],[50.70962107,25.78482091]],[[50.5973438,25.77551615],[50.59739292,25.77532446],[50.59755671,25.77532446],[50.59781885,25.77541304],[50.59811366,25.77551615],[50.59834313,25.77551615],[50.59853971,25.77560484],[50.59858882,25.77589977],[50.59873617,25.77610636],[50.59886718,25.77628326],[50.59898186,25.77635705],[50.59911311,25.77654886],[50.59909666,25.77662265],[50.59885085,25.77665222],[50.59863794,25.77662265],[50.59844124,25.77648985],[50.598212,25.77628326],[50.59804821,25.7761507],[50.59793353,25.77603257],[50.59775317,25.77592933],[50.59758937,25.77582598],[50.59740925,25.77567863],[50.5973438,25.77551615]],[[50.76380873,25.74779618],[50.76432514,25.74681556],[50.7711997,25.74700344],[50.77184606,25.74728596],[50.77308834,25.74859214],[50.7726897,25.75123477],[50.77087963,25.75544381],[50.76789534,25.75759876],[50.76631916,25.75540221],[50.76139212,25.75332296],[50.7593621,25.7512449],[50.76090622,25.74790704],[50.76380873,25.74779618]],[[50.78446162,25.75515115],[50.78400874,25.75422394],[50.78081918,25.75378954],[50.78028643,25.753775],[50.77854872,25.75499392],[50.77453101,25.75328267],[50.77421594,25.75292528],[50.77360535,25.75070298],[50.77742314,25.74786043],[50.77767682,25.74479985],[50.77832651,25.74419975],[50.78005874,25.74392712],[50.78181934,25.74540675],[50.79013574,25.74748957],[50.79201591,25.74990511],[50.79218066,25.75038886],[50.79171252,25.75376463],[50.79145515,25.75405693],[50.78936887,25.75398922],[50.78883421,25.75422525],[50.78646684,25.75593245],[50.78446162,25.75515115]],[[50.82263637,25.73846996],[50.82386792,25.7384181],[50.82475436,25.73931324],[50.82471538,25.74001277],[50.82335055,25.74093604],[50.82222414,25.73891497],[50.82263637,25.73846996]],[[50.79844546,25.73161125],[50.79792166,25.72873592],[50.79549205,25.72890747],[50.79387236,25.72641838],[50.78913724,25.72609365],[50.78739393,25.72380066],[50.78458345,25.72264195],[50.78663182,25.72165477],[50.78701293,25.72079647],[50.78696525,25.72010994],[50.78586948,25.71865082],[50.78353536,25.71787834],[50.78263032,25.71792126],[50.78094244,25.72079706],[50.7774868,25.72002411],[50.77286637,25.72113991],[50.75733364,25.70153964],[50.75180495,25.69783688],[50.74653494,25.68952012],[50.74455523,25.68856704],[50.74399865,25.68874407],[50.74187052,25.69163561],[50.7395786,25.69175363],[50.73948026,25.69151747],[50.74042976,25.69092751],[50.73970938,25.68992436],[50.74167395,25.68992436],[50.74491525,25.68738687],[50.74543917,25.68561673],[50.74540651,25.68482006],[50.74462056,25.68186963],[50.74032807,25.67639244],[50.74262381,25.67098248],[50.74187052,25.66407847],[50.73758244,25.65599442],[50.73519313,25.65440106],[50.73529124,25.65407646],[50.73800802,25.65578783],[50.73833525,25.65587628],[50.73905504,25.65525675],[50.74131334,25.65227675],[50.74046242,25.64882481],[50.74180424,25.65171623],[50.74353886,25.64988685],[50.74121511,25.6487658],[50.74520135,25.64904213],[50.74902165,25.64488995],[50.75019968,25.63986886],[50.74969995,25.63346386],[50.74723673,25.62821746],[50.74984264,25.62132955],[50.74918234,25.6129235],[50.74615872,25.60613751],[50.74032915,25.59927106],[50.74104297,25.58966875],[50.74764585,25.58403611],[50.75764024,25.57926166],[50.76251686,25.57936895],[50.76691747,25.57781327],[50.77595675,25.57357538],[50.77744365,25.57175148],[50.77565944,25.57427275],[50.75662935,25.58387506],[50.75460005,25.58743715],[50.75543952,25.58935583],[50.75928271,25.59156084],[50.76113832,25.59662497],[50.76372385,25.59840941],[50.76085722,25.60118306],[50.76230395,25.60387707],[50.77054298,25.60897267],[50.77433026,25.60933793],[50.77531064,25.61337936],[50.77435875,25.61563253],[50.77304983,25.61482775],[50.77043176,25.61874378],[50.76852787,25.61858284],[50.76721895,25.61638355],[50.76382756,25.61595428],[50.76204264,25.61439872],[50.75811601,25.61514974],[50.76174533,25.62083602],[50.76620746,25.62341094],[50.76275671,25.62679052],[50.76269722,25.63000905],[50.76591015,25.63349605],[50.76775455,25.63371062],[50.76668346,25.63617825],[50.76765096,25.63766384],[50.77221668,25.6380558],[50.77489424,25.63510525],[50.77679813,25.63832402],[50.77614355,25.64057696],[50.77291596,25.6421864],[50.77392745,25.64653146],[50.77380848,25.64685345],[50.77113056,25.64867735],[50.76988101,25.65253973],[50.76494157,25.65302253],[50.76529872,25.65430987],[50.76381111,25.65532923],[50.76428711,25.65817225],[50.76202583,25.65908432],[50.76012135,25.66310763],[50.75841784,25.66381586],[50.75839615,25.66413856],[50.75919914,25.66515934],[50.75826156,25.66652727],[50.75910985,25.67063105],[50.76107395,25.67232084],[50.76578641,25.67336702],[50.76779532,25.67819488],[50.76882195,25.67783284],[50.76703644,25.67574084],[50.76766133,25.67417157],[50.77177405,25.67413807],[50.77947021,25.67878401],[50.78106713,25.68096697],[50.78730404,25.68229866],[50.78833067,25.68036747],[50.7854737,25.67839623],[50.78792906,25.67759144],[50.79279494,25.67944217],[50.79301822,25.68129301],[50.79788494,25.68394828],[50.79730451,25.68640256],[50.79458106,25.68861544],[50.78917837,25.68958104],[50.78792834,25.69191456],[50.78855336,25.69521356],[50.78654432,25.69585741],[50.78359735,25.69300067],[50.78096306,25.69352376],[50.78163505,25.69799447],[50.78471374,25.69996107],[50.78382075,25.70201302],[50.79075456,25.70371902],[50.79152572,25.7073276],[50.79740977,25.71332705],[50.79690635,25.72498035],[50.80097032,25.72804916],[50.80106545,25.72864997],[50.79996991,25.73096752],[50.80116081,25.73358536],[50.79844546,25.73161125]],[[50.79749536,25.69993174],[50.79960585,25.69883037],[50.80088234,25.69888616],[50.80197847,25.69965291],[50.79810464,25.70036471],[50.79749536,25.69993174]],[[50.79695082,25.69302034],[50.79707825,25.69235325],[50.79810846,25.69240105],[50.79919386,25.69269657],[50.79939377,25.69292855],[50.79918456,25.69389212],[50.79695082,25.69302034]],[[50.80434251,25.68021762],[50.79956162,25.67398155],[50.80141795,25.670102],[50.80416811,25.66821897],[50.80421281,25.66616392],[50.80330896,25.66618597],[50.80597031,25.66474807],[50.81207764,25.66793907],[50.8148185,25.66793966],[50.81820345,25.66948247],[50.81854355,25.66966724],[50.82060361,25.67204726],[50.8214004,25.67682397],[50.82363415,25.67862058],[50.81985951,25.68186796],[50.81488395,25.68360853],[50.81461453,25.68779898],[50.81145811,25.68777895],[50.81139266,25.68144572],[50.80434251,25.68021762]],[[50.77805054,25.66401947],[50.77726495,25.66683722],[50.77629936,25.66716182],[50.77497363,25.66776645],[50.77412248,25.66490471],[50.77300966,25.66403425],[50.77091467,25.66251481],[50.77088201,25.66223454],[50.77466261,25.65766144],[50.78014541,25.66208696],[50.78021085,25.66242635],[50.77989995,25.66328192],[50.77805054,25.66401947]],[[50.78775585,25.66006601],[50.78703594,25.65811873],[50.78638124,25.65794158],[50.78166842,25.65817773],[50.78088284,25.65676153],[50.78350115,25.65398812],[50.78350115,25.65357494],[50.78409028,25.64773321],[50.78899956,25.64360261],[50.7865777,25.63899994],[50.78926146,25.63404322],[50.78985071,25.63233185],[50.78932703,25.63097465],[50.7897197,25.63032556],[50.79142165,25.62867343],[50.79201067,25.62843728],[50.79233801,25.62961745],[50.79521823,25.63150585],[50.79724741,25.63233185],[50.79934204,25.63274503],[50.80326962,25.63268602],[50.8023771,25.63070834],[50.80431724,25.62828982],[50.81040382,25.63115168],[50.81560707,25.63191891],[50.81737435,25.63557744],[50.81452715,25.63593137],[50.81439614,25.63655102],[50.81446171,25.63684595],[50.81928325,25.64180827],[50.81942534,25.64266563],[50.81834245,25.64506924],[50.81308818,25.64968038],[50.81263006,25.64997554],[50.80745876,25.6490314],[50.80307305,25.65150964],[50.79966927,25.65038848],[50.79358172,25.65174568],[50.79253435,25.65304387],[50.79574192,25.65605342],[50.79410541,25.66041994],[50.79240346,25.66018403],[50.79201067,25.66059697],[50.79181445,25.66124606],[50.78775585,25.66006601]],[[50.7804054,25.62922037],[50.78116143,25.63083351],[50.78141785,25.62953043],[50.78301728,25.62929881],[50.78374112,25.62968135],[50.784343,25.63121796],[50.78439701,25.63156307],[50.78234816,25.63401985],[50.78072071,25.63451195],[50.77683842,25.63070846],[50.77980745,25.62903202],[50.7804054,25.62922037]],[[50.78578377,25.67620933],[50.78439164,25.67627835],[50.78320861,25.67592096],[50.78464472,25.67359567],[50.78642488,25.67499304],[50.78650832,25.67535436],[50.78578377,25.67620933]],[[50.77941978,25.61994934],[50.78070164,25.61900663],[50.78165424,25.61901021],[50.78196466,25.62015104],[50.78120995,25.62066305],[50.77982712,25.62095165],[50.77922332,25.62056017],[50.77941978,25.61994934]],[[50.79139876,25.61376834],[50.79148805,25.61366105],[50.79172611,25.61370134],[50.79181516,25.61383545],[50.79177058,25.61400974],[50.79167807,25.61409843],[50.79159331,25.61409485],[50.79147315,25.6140902],[50.79136896,25.61394274],[50.79139876,25.61376834]],[[50.79216087,25.61375356],[50.79208732,25.61360276],[50.79207385,25.61348212],[50.79209411,25.61336136],[50.79212737,25.61328292],[50.79224801,25.61324656],[50.79234827,25.61325276],[50.79248226,25.61327684],[50.79264951,25.61342156],[50.79268301,25.61350012],[50.79272985,25.61359656],[50.79275,25.61371136],[50.79275,25.61385608],[50.79276335,25.61396491],[50.79266965,25.61404335],[50.79257596,25.61407352],[50.79245543,25.61407352],[50.79236841,25.61400712],[50.79230821,25.61395276],[50.79223466,25.61387432],[50.79216087,25.61375356]],[[50.79318345,25.61351347],[50.79336202,25.61337936],[50.79357016,25.61351347],[50.79367435,25.61368775],[50.79368925,25.61387563],[50.79365945,25.61395597],[50.79351068,25.61400974],[50.79339182,25.61396945],[50.79327285,25.61383545],[50.79324305,25.61374152],[50.79321325,25.61364758],[50.79318345,25.61351347]],[[50.33391094,25.56731176],[50.31990206,25.57451844],[50.31598127,25.57397234],[50.31295466,25.57551706],[50.30629694,25.57511616],[50.30578208,25.57517302],[50.30401933,25.57624185],[50.29925573,25.57502341],[50.29786444,25.57380021],[50.2978971,25.56910992],[50.29841495,25.56759036],[50.30353594,25.55840707],[50.31314695,25.5529505],[50.32146061,25.55037034],[50.32624722,25.54438424],[50.33220685,25.54317045],[50.34174633,25.51813006],[50.34236741,25.51705515],[50.34629571,25.51696432],[50.35035324,25.50813365],[50.35114562,25.50896084],[50.3470602,25.52025056],[50.34633291,25.52652454],[50.34534574,25.52834761],[50.34418726,25.52829134],[50.33968246,25.54231214],[50.33906865,25.54701984],[50.34142923,25.55263782],[50.34146178,25.55622196],[50.34002304,25.56212056],[50.33958805,25.56257737],[50.33391094,25.56731176]],[[50.73554206,25.55624402],[50.73669815,25.55621004],[50.73801601,25.55674756],[50.73837972,25.55719852],[50.73839235,25.55775154],[50.73810065,25.55818844],[50.73245776,25.56233156],[50.73218298,25.55982673],[50.73417687,25.557217],[50.73554206,25.55624402]],[[50.78063023,25.52845335],[50.78129053,25.52777362],[50.78241754,25.52772725],[50.78296351,25.52828944],[50.78285885,25.52919865],[50.78160441,25.52988875],[50.78064024,25.52901101],[50.78063023,25.52845335]],[[50.72818446,25.69060278],[50.72792256,25.69181263],[50.72716963,25.69066191],[50.72772622,25.69042575],[50.72818446,25.69060278]],[[50.73545325,25.69402528],[50.73803985,25.69617915],[50.73506033,25.69496954],[50.73476565,25.6947335],[50.73509312,25.69390726],[50.73545325,25.69402528]],[[50.79290986,25.72742975],[50.79253197,25.72953773],[50.79205322,25.72969854],[50.79029965,25.72841704],[50.7901268,25.72807527],[50.79094183,25.72731042],[50.79255402,25.72724283],[50.79290986,25.72742975]],[[50.39399683,25.43326402],[50.39697838,25.43149567],[50.39780533,25.43170464],[50.39796793,25.43232286],[50.39497232,25.43370664],[50.39399683,25.43326402]],[[50.41317761,25.49455285],[50.41814387,25.48828125],[50.41836166,25.48554218],[50.42026615,25.48457801],[50.42409694,25.47947586],[50.42412865,25.47517991],[50.42444456,25.47492063],[50.42506051,25.4750216],[50.42609263,25.47612596],[50.42680025,25.47908461],[50.42337096,25.48311353],[50.42268836,25.48649764],[50.42035913,25.48828125],[50.41999912,25.48828125],[50.42020094,25.48863101],[50.41360593,25.49551475],[50.41328776,25.49544585],[50.41317761,25.49455285]],[[50.73661196,24.93345153],[50.73824132,24.93203914],[50.73836458,24.93249178],[50.73768771,24.93464017],[50.73735595,24.93503237],[50.73661196,24.93345153]],[[50.76689255,24.77013361],[50.76787424,24.76965642],[50.76865113,24.77019835],[50.76973844,24.77129507],[50.76976264,24.77385616],[50.76750243,24.77689755],[50.76689255,24.77013361]],[[50.77151442,24.77051413],[50.77266288,24.77042711],[50.77246225,24.77304697],[50.77174604,24.77443862],[50.77150714,24.77474844],[50.76974475,24.7750982],[50.7706387,24.7713567],[50.77151442,24.77051413]],[[50.92579937,25.61429286],[50.92628527,25.61418951],[50.92672276,25.61565864],[50.92587543,25.6176573],[50.92080212,25.62030876],[50.92054105,25.62083411],[50.91886044,25.62259865],[50.91834736,25.62208414],[50.91973984,25.61880577],[50.92579937,25.61429286]],[[56.04973161,25.96354723],[56.04526901,25.9469068],[56.04041851,25.93427885],[56.02566004,25.90235531],[56.01700354,25.88866532],[56.02133286,25.88943243],[56.02841735,25.88524282],[56.02913892,25.88488865],[56.02927005,25.8851248],[56.02835166,25.88907826],[56.03084266,25.89556932],[56.03464782,25.89969993],[56.03779674,25.90105712],[56.03976476,25.90471566],[56.03746867,25.90624976],[56.03812468,25.90973127],[56.04534113,25.91451097],[56.04927444,25.92460155],[56.05032206,25.93056142],[56.05334091,25.93498695],[56.05425966,25.93929458],[56.05813146,25.94106495],[56.05786896,25.94720185],[56.05261898,25.94903111],[56.0520941,25.94956207],[56.05170035,25.95292556],[56.0523566,25.95499086],[56.05557215,25.95499086],[56.05609715,25.95563996],[56.05635965,25.95628905],[56.05025661,25.96348822],[56.04973161,25.96354723]],[[56.04389393,25.90774596],[56.04553032,25.9065032],[56.04742491,25.90656984],[56.04755425,25.90691388],[56.04579782,25.90798116],[56.04472184,25.90828228],[56.04389393,25.90774596]],[[56.04973614,25.90194225],[56.0505234,25.90188324],[56.05058885,25.90353537],[56.05255675,25.90418446],[56.04757154,25.90565968],[56.04737473,25.90324044],[56.04783392,25.90241432],[56.04901457,25.90200114],[56.04973614,25.90194225]],[[56.04139853,25.89663684],[56.04189634,25.89662957],[56.04379535,25.89748335],[56.04462945,25.90020442],[56.04164636,25.90186691],[56.04019153,25.89871573],[56.04018533,25.89814794],[56.04139853,25.89663684]],[[56.0322746,25.88921082],[56.0330404,25.88896096],[56.03377354,25.89072311],[56.03486896,25.89502501],[56.03419566,25.89643764],[56.03096378,25.89273095],[56.0322746,25.88921082]],[[56.01503813,25.88642287],[56.0090698,25.88748515],[56.00283814,25.86813033],[55.9951508,25.85511875],[55.98656642,25.84540665],[55.98338294,25.83984375],[55.98323333,25.83984375],[55.97645426,25.83039701],[55.97691011,25.83025205],[55.97734118,25.83066571],[55.98344707,25.83661974],[55.98631787,25.84295106],[55.99464226,25.85095882],[55.9949702,25.85361421],[55.99732995,25.85508943],[56.00489604,25.86803281],[56.01090622,25.88235128],[56.01503813,25.88642287]],[[55.04992712,25.88653564],[55.04639721,25.88971126],[55.04596794,25.89426041],[55.04064465,25.89704645],[55.03977847,25.89891386],[55.03928971,25.89996815],[55.03680921,25.89640605],[55.02951205,25.89177132],[55.02655494,25.89112747],[55.01811242,25.88271606],[55.01272261,25.88288784],[55.00928843,25.87645054],[55.00924075,25.87584972],[55.01009917,25.87546337],[55.00952685,25.87211597],[55.01100552,25.87014186],[55.00981295,25.87310314],[55.01134193,25.87497687],[55.01181972,25.87387562],[55.01577806,25.87250233],[55.01835334,25.86894035],[55.01849651,25.86537826],[55.01577806,25.8634901],[55.01582575,25.86323261],[55.01792431,25.86173046],[55.01935494,25.86203086],[55.01897335,25.86318958],[55.02092874,25.86370456],[55.02097654,25.8646059],[55.02226412,25.8646059],[55.02803481,25.86121547],[55.03123021,25.86061466],[55.03428245,25.85580826],[55.03671455,25.85846901],[55.03924215,25.8587265],[55.03943312,25.85906982],[55.05622041,25.85924137],[55.05593431,25.86241722],[55.05116725,25.87241638],[55.05178738,25.87310314],[55.04902065,25.88241565],[55.04992712,25.88653564]],[[54.55181575,25.89683533],[54.55215955,25.90490341],[54.55473006,25.91069472],[54.5546,25.91175735],[54.55411541,25.91370583],[54.54852796,25.92273724],[54.5478183,25.92784417],[54.54466593,25.93238795],[54.54387248,25.93278217],[54.54307926,25.93291354],[54.53694165,25.9285202],[54.53295422,25.927037],[54.52957225,25.92709315],[54.52600241,25.9250468],[54.52128434,25.92360103],[54.51999617,25.92405117],[54.51310456,25.91901362],[54.50597036,25.91768682],[54.50240088,25.91911101],[54.49757016,25.91360712],[54.49472535,25.91406584],[54.49652338,25.90993786],[54.49469852,25.90349245],[54.49594653,25.9004029],[54.50401378,25.89795113],[54.52204692,25.89923847],[54.53823423,25.89438105],[54.54332781,25.89414728],[54.54661572,25.89194286],[54.54943037,25.89288712],[54.55181575,25.89683533]],[[51.56917381,25.74156272],[51.56928623,25.74066985],[51.57052374,25.73916221],[51.57131755,25.73966825],[51.5702039,25.74179542],[51.56992316,25.74216795],[51.56917381,25.74156272]],[[55.87504292,25.73683608],[55.87576354,25.73524284],[55.87635303,25.73536086],[55.88021803,25.73701322],[55.87936652,25.73878336],[55.87504292,25.73736715],[55.87504292,25.73683608]],[[55.84347451,25.72379518],[55.83928275,25.72291005],[55.83895504,25.71931064],[55.83967555,25.71872056],[55.84039605,25.71872056],[55.84144414,25.71872056],[55.84733892,25.72243798],[55.84746993,25.72550654],[55.84347451,25.72379518]],[[55.83816922,25.72208405],[55.83797264,25.72267413],[55.83017838,25.72119892],[55.82271171,25.71901548],[55.82297373,25.71789443],[55.82375956,25.71677315],[55.82487321,25.71653724],[55.82854104,25.71736336],[55.83476317,25.71571112],[55.83574581,25.71588814],[55.83672833,25.7163012],[55.83771074,25.71724534],[55.83810365,25.71848452],[55.83816922,25.72208405]],[[52.40457237,25.67412508],[52.405532,25.66772056],[52.41090918,25.66643775],[52.41643775,25.67119682],[52.41688561,25.67760777],[52.41569424,25.68071926],[52.41468072,25.68163466],[52.41393673,25.68202376],[52.41112936,25.68387282],[52.40544963,25.67775357],[52.40457237,25.67412508]],[[55.66490078,25.62806666],[55.65368175,25.62222004],[55.64502084,25.62158704],[55.64207578,25.62027276],[55.63710797,25.62056768],[55.63675106,25.61944115],[55.63149905,25.61739945],[55.61688745,25.61276054],[55.60917473,25.60764325],[55.60335696,25.60634124],[55.61087692,25.6131649],[55.6160171,25.6137228],[55.61630261,25.61445224],[55.61430371,25.61509597],[55.61715925,25.61466694],[55.61896777,25.61552525],[55.61811125,25.61719894],[55.62287056,25.61715603],[55.62353694,25.61831474],[55.62901032,25.61797142],[55.63357925,25.61964512],[55.63405526,25.620718],[55.63824356,25.62196255],[55.64276505,25.62136173],[55.64566827,25.62316406],[55.64133716,25.62389374],[55.6321516,25.62076092],[55.62520266,25.62166214],[55.61815882,25.61857224],[55.6160171,25.61741352],[55.60073924,25.60685635],[55.59875715,25.60212576],[55.59188688,25.59642792],[55.59069717,25.59333801],[55.58625031,25.58854032],[55.58693588,25.58689105],[55.58797526,25.58599985],[55.58943546,25.58605647],[55.59024167,25.58623958],[55.59177816,25.58887768],[55.59711385,25.58891225],[55.59749877,25.58912265],[55.60268903,25.59301245],[55.60391331,25.59429514],[55.60694826,25.59985018],[55.60973096,25.59996855],[55.60995054,25.60029244],[55.60954297,25.60175312],[55.60730386,25.60294545],[55.60753846,25.60311985],[55.61294615,25.60316563],[55.61874664,25.6018697],[55.61771536,25.60365808],[55.61931765,25.6062113],[55.62389147,25.60257971],[55.62112308,25.60188317],[55.62017441,25.59884465],[55.62782371,25.60042834],[55.62885416,25.59919715],[55.62827885,25.59819543],[55.63056195,25.59770596],[55.63128936,25.59427178],[55.63607335,25.59005487],[55.63645387,25.59166431],[55.6379292,25.59044123],[55.63114715,25.60281336],[55.63458705,25.60317385],[55.63582134,25.60227776],[55.63847804,25.59807467],[55.63873816,25.59323072],[55.64004672,25.59747934],[55.64505827,25.60000157],[55.64668012,25.6026417],[55.64271283,25.61136246],[55.64549684,25.60913086],[55.64742434,25.60537565],[55.64844751,25.60589075],[55.64859033,25.60711384],[55.64214206,25.61368096],[55.64255452,25.61578524],[55.64544034,25.61548913],[55.64506853,25.61812162],[55.64652014,25.61859357],[55.6489948,25.61580408],[55.64870918,25.60863733],[55.64961338,25.60844421],[55.65092206,25.61144817],[55.65035105,25.6161046],[55.65126896,25.61872256],[55.65443826,25.61570632],[55.65269315,25.61438584],[55.6533637,25.61320341],[55.65828514,25.61290646],[55.66162956,25.61433506],[55.66561234,25.61317468],[55.66383183,25.61561835],[55.65767372,25.61482894],[55.65727401,25.61642826],[55.65370595,25.61769092],[55.65568662,25.61898196],[55.65493715,25.62040555],[55.66244161,25.62242556],[55.66883695,25.62166524],[55.674196,25.62509525],[55.67943156,25.63264835],[55.68547642,25.63595295],[55.68937695,25.64118862],[55.69556546,25.64608085],[55.70132577,25.64784038],[55.70356333,25.65131664],[55.70927596,25.65226066],[55.71294427,25.65361261],[55.71278965,25.65584421],[55.71122575,25.65687621],[55.70246828,25.65213203],[55.69123352,25.64402103],[55.67976475,25.63376415],[55.67281556,25.62990177],[55.66490078,25.62806666]],[[55.72276866,25.65145075],[55.72501195,25.65082312],[55.72532153,25.65124154],[55.72454786,25.65214813],[55.72129893,25.65368235],[55.71549714,25.65417051],[55.7155745,25.65375197],[55.72060275,25.65333355],[55.72276866,25.65145075]],[[55.6823796,25.62788475],[55.68342996,25.62782514],[55.68456924,25.6282711],[55.68840992,25.63182092],[55.68704462,25.63221931],[55.68656862,25.63204765],[55.68472826,25.63058805],[55.6823796,25.62788475]],[[55.68468475,25.62171042],[55.68134713,25.61958611],[55.67964554,25.61734366],[55.68016911,25.61527836],[55.68200147,25.61769784],[55.68429208,25.61822891],[55.68573177,25.61911404],[55.68658257,25.62058926],[55.68677902,25.62324464],[55.68468475,25.62171042]],[[55.62697816,25.59673715],[55.62429595,25.59777975],[55.62167871,25.59647083],[55.62067926,25.5969429],[55.62091732,25.59541941],[55.62148833,25.59462535],[55.62455761,25.59453964],[55.62579477,25.59346676],[55.61963046,25.59401381],[55.61906016,25.59253144],[55.62015593,25.59136391],[55.61128855,25.59209585],[55.60973561,25.59329498],[55.60918975,25.59045887],[55.61502624,25.59019351],[55.61657703,25.58772516],[55.61446416,25.58792281],[55.61249542,25.58664322],[55.60789633,25.57907295],[55.60491514,25.57645285],[55.6054213,25.5756458],[55.60418081,25.57445955],[55.60537982,25.57237625],[55.60574818,25.57204938],[55.61566424,25.56899095],[55.61659253,25.56922185],[55.62124002,25.57168007],[55.62358892,25.57685876],[55.62600923,25.57806587],[55.62700558,25.58029783],[55.63431632,25.5849123],[55.63455164,25.58529246],[55.63331473,25.58849871],[55.62941146,25.59024811],[55.62998235,25.59323072],[55.63001466,25.59446716],[55.6289072,25.59565973],[55.62697816,25.59673715]],[[55.58158243,25.57395172],[55.57837355,25.57934332],[55.57698047,25.57956088],[55.57626235,25.57912326],[55.57528734,25.57157803],[55.57349098,25.56936395],[55.57343352,25.56152117],[55.57229495,25.55821502],[55.57528841,25.55343235],[55.57456601,25.54587746],[55.57533801,25.54196155],[55.57857871,25.53951228],[55.57860935,25.53601062],[55.58132684,25.53367758],[55.58327961,25.53324664],[55.58425963,25.5333786],[55.58495641,25.53387105],[55.58511901,25.5370332],[55.58718586,25.54064727],[55.59165955,25.54406452],[55.59162664,25.55356204],[55.58574927,25.55919135],[55.58456564,25.56240404],[55.58091497,25.56449676],[55.58101952,25.56575906],[55.5832746,25.56699514],[55.58332121,25.57185435],[55.58158243,25.57395172]],[[55.6004343,25.56545961],[55.60102952,25.56534815],[55.60356355,25.56587374],[55.60416055,25.56714726],[55.60406494,25.56753242],[55.6031543,25.56802976],[55.60331225,25.56725895],[55.60168672,25.56709445],[55.5999124,25.56810606],[55.59968281,25.56792474],[55.6004343,25.56545961]],[[55.58916378,25.56099296],[55.59186614,25.55727315],[55.59568203,25.56192815],[55.59567225,25.56228256],[55.59500241,25.56315136],[55.59365237,25.56299412],[55.5916208,25.56366861],[55.59135211,25.56281054],[55.58988535,25.56262374],[55.58917415,25.56133854],[55.58916378,25.56099296]],[[55.62094486,25.56214952],[55.61359811,25.56035483],[55.60435843,25.56214583],[55.59996676,25.56124663],[55.5997411,25.56104696],[55.59997356,25.55739892],[55.60515177,25.55179453],[55.61199832,25.55020654],[55.61431813,25.55454612],[55.62170184,25.5604074],[55.62369382,25.56199098],[55.62339413,25.56238306],[55.62188172,25.56281424],[55.62094486,25.56214952]],[[55.59823465,25.55106485],[55.59594607,25.55274045],[55.59712064,25.54247224],[55.59992611,25.54132438],[55.60305202,25.54137588],[55.6061151,25.54378617],[55.61260915,25.54513764],[55.61376047,25.54636812],[55.60545635,25.54893482],[55.60275686,25.54856694],[55.59899294,25.55091703],[55.59823465,25.55106485]],[[55.57177734,25.54978693],[55.57083845,25.55164504],[55.56733835,25.54629743],[55.56923795,25.54138803],[55.57142365,25.54121935],[55.57313144,25.54165375],[55.56995785,25.54539084],[55.57009411,25.54824615],[55.57177734,25.54978693]],[[55.58816075,25.57498241],[55.59216201,25.57399535],[55.593171,25.57435715],[55.59041274,25.57618094],[55.58703625,25.57631564],[55.58816075,25.57498241]],[[55.61278796,25.59775794],[55.61351883,25.59845901],[55.61802721,25.59833741],[55.61774373,25.59863305],[55.61398435,25.60024774],[55.61169672,25.59893787],[55.61155808,25.59832501],[55.61193454,25.59754348],[55.61226857,25.59733415],[55.61278796,25.59775794]],[[51.55994034,25.41121387],[51.56291437,25.40584767],[51.56612396,25.40327203],[51.5660423,25.39876485],[51.56878901,25.40113628],[51.56967938,25.40149653],[51.57525754,25.40129173],[51.57532287,25.40222657],[51.5749644,25.40529728],[51.57292652,25.40738702],[51.56414795,25.41102314],[51.56252158,25.41201735],[51.56110275,25.41412485],[51.55994034,25.41121387]],[[51.53684402,25.36732435],[51.537889,25.36366582],[51.54167688,25.36508203],[51.5411545,25.37133694],[51.54546475,25.37228096],[51.54716277,25.37098277],[51.54768527,25.36874056],[51.54703224,25.36649823],[51.54246056,25.36390185],[51.54389751,25.36165953],[51.54833853,25.36224961],[51.55369365,25.36142337],[51.55617547,25.36449194],[51.55565298,25.36555398],[51.55904913,25.36602604],[51.55970216,25.36543596],[51.55682862,25.36342967],[51.55669796,25.36142337],[51.55774295,25.36047935],[51.56322885,25.36059725],[51.56518805,25.35646665],[51.57054353,25.35493255],[51.57341707,25.35280824],[51.57929504,25.35410643],[51.58922195,25.37298906],[51.58216846,25.37499535],[51.5775969,25.37546754],[51.57485402,25.37511337],[51.57380903,25.37405133],[51.57211101,25.36520004],[51.57211101,25.36059725],[51.57080483,25.36000717],[51.56727815,25.36366582],[51.56492686,25.37287104],[51.56100845,25.37700164],[51.55604494,25.37700164],[51.55369365,25.37995207],[51.55225694,25.37959814],[51.55251825,25.37428725],[51.54951406,25.37334323],[51.54951406,25.37464142],[51.55121195,25.37475944],[51.55186522,25.37593961],[51.54846895,25.37711966],[51.55082023,25.38066018],[51.54977524,25.38160443],[51.54246056,25.37770975],[51.5403707,25.37759185],[51.54585671,25.38290262],[51.54494226,25.38325655],[51.54167688,25.38148642],[51.53292537,25.37487745],[51.53344786,25.37133694],[51.53684402,25.36732435]],[[55.21673775,25.36236763],[55.21835244,25.36168086],[55.21915984,25.36185265],[55.21792495,25.36339748],[55.21403074,25.36580086],[55.21488547,25.36391246],[55.21673775,25.36236763]],[[55.22713816,25.36172378],[55.22495365,25.35914886],[55.22314894,25.35545826],[55.22310162,25.35498607],[55.22357655,25.35438526],[55.22466874,25.35459995],[55.22675824,25.35743225],[55.23255217,25.35562992],[55.22989285,25.35786152],[55.22818315,25.35902023],[55.22951293,25.36193836],[55.22941792,25.36232471],[55.22861052,25.36275375],[55.22713816,25.36172378]],[[51.57712817,25.34201515],[51.583709,25.33794773],[51.58457994,25.33822274],[51.58486891,25.33985424],[51.58455646,25.34923124],[51.58004892,25.35077763],[51.57268477,25.34919262],[51.56906295,25.34407806],[51.57712817,25.34201515]],[[51.53643835,25.3377192],[51.53420794,25.34007692],[51.53256321,25.34006774],[51.53508425,25.33739912],[51.53634381,25.33738375],[51.53643835,25.3377192]],[[55.27705193,25.33258426],[55.27544951,25.33155441],[55.274773,25.33084631],[55.27281451,25.32688725],[55.27509344,25.32727361],[55.28474343,25.32112587],[55.28495705,25.32440901],[55.28050578,25.32543886],[55.2759124,25.32885075],[55.27633965,25.33113587],[55.27833366,25.33171535],[55.27851176,25.33203721],[55.27808452,25.33261645],[55.27705193,25.33258426]],[[51.52723563,25.30406344],[51.52749622,25.30342233],[51.52828157,25.30379653],[51.52865946,25.30497026],[51.52795947,25.30606425],[51.52723563,25.30406344]],[[51.6439836,25.29314435],[51.64443338,25.29299414],[51.64523697,25.29300225],[51.64734316,25.29453075],[51.64736807,25.29699004],[51.64653683,25.29761875],[51.64591634,25.29880774],[51.64417481,25.29931283],[51.64332151,25.29941535],[51.6401546,25.29784286],[51.64500451,25.29743135],[51.64637804,25.294613],[51.64629078,25.29414046],[51.6439836,25.29314435]],[[55.17946935,25.25541174],[55.17405701,25.25323915],[55.17156577,25.25168347],[55.17154813,25.25131345],[55.17242002,25.25057316],[55.1731317,25.25060534],[55.17404151,25.2512269],[55.17355442,25.25244606],[55.17553616,25.2505269],[55.17567635,25.25050271],[55.17621672,25.25232518],[55.17636347,25.25233126],[55.17816436,25.25081182],[55.18141174,25.2534672],[55.18151546,25.25378895],[55.18150067,25.25478137],[55.18123376,25.25507653],[55.17946935,25.25541174]],[[55.17985475,25.25081182],[55.18004751,25.24957788],[55.18053675,25.24949753],[55.18144131,25.24987304],[55.18144131,25.25028884],[55.18010676,25.25103974],[55.17985475,25.25081182]],[[55.17909861,25.24833083],[55.17946923,25.24991334],[55.17703736,25.24884045],[55.17724514,25.24842465],[55.17899466,25.24820995],[55.17909861,25.24833083]],[[55.17700136,25.24792576],[55.17562687,25.24837244],[55.17537343,25.24793792],[55.17644095,25.24700844],[55.17664111,25.24708092],[55.17704141,25.24785328],[55.17700136,25.24792576]],[[55.17165494,25.24665427],[55.17054284,25.24725795],[55.17049825,25.24772716],[55.17207015,25.24964511],[55.17057252,25.25059724],[55.17045391,25.25059724],[55.16831863,25.24882686],[55.16974211,25.24721765],[55.17149174,25.24643981],[55.17165494,25.24665427]],[[55.16865981,25.24708354],[55.1669991,25.24866605],[55.16648006,25.24862575],[55.16404843,25.24501824],[55.16542745,25.24540722],[55.16741431,25.24650693],[55.16877842,25.24599731],[55.16897106,25.24610448],[55.16865981,25.24708354]],[[55.17940986,25.24796855],[55.18185651,25.24614465],[55.18191576,25.24623871],[55.18115962,25.24763346],[55.17940986,25.24796855]],[[55.1795367,25.24564445],[55.17880273,25.24622393],[55.17858922,25.24613941],[55.17820215,25.24487197],[55.17582703,25.24467886],[55.17525315,25.24366498],[55.17527986,25.24358046],[55.17901623,25.24422026],[55.1800704,25.24350822],[55.18024385,25.24354446],[55.18076432,25.24437726],[55.18053734,25.24469101],[55.1795367,25.24564445]],[[55.17430568,25.2431823],[55.17335832,25.24403918],[55.17322493,25.24405134],[55.17259765,25.2429651],[55.17354512,25.24237347],[55.17375863,25.24237347],[55.17430568,25.2431823]],[[55.17708135,25.24273574],[55.17634737,25.24148035],[55.17645407,25.24134755],[55.17846894,25.24190295],[55.17866921,25.24279594],[55.17801535,25.2428323],[55.17708135,25.24273574]],[[55.17971003,25.24222875],[55.17991006,25.24127531],[55.18141794,25.24078035],[55.18164492,25.24093735],[55.18089771,25.24232531],[55.18055058,25.2425667],[55.17971003,25.24222875]],[[55.17882943,25.24105787],[55.17822886,25.24108207],[55.17773521,25.23985088],[55.17933643,25.23845077],[55.17942977,25.23857164],[55.17995024,25.23980272],[55.17987025,25.24014056],[55.17882943,25.24105787]],[[55.18119872,25.23914421],[55.18269312,25.23884237],[55.18285322,25.23925281],[55.18222594,25.23968732],[55.18111861,25.23983204],[55.18079841,25.2394942],[55.18119872,25.23914421]],[[55.1847316,25.23922324],[55.18314624,25.23845482],[55.18322384,25.23814905],[55.18529201,25.23778701],[55.18539882,25.23808885],[55.18481171,25.23918712],[55.1847316,25.23922324]],[[55.19255626,25.23790371],[55.19188905,25.23748124],[55.19200051,25.23687911],[55.19263661,25.23635614],[55.19311845,25.23635614],[55.1953125,25.23693812],[55.1953125,25.23738074],[55.19255626,25.23790371]],[[55.18455231,25.23686564],[55.18333805,25.23749316],[55.18307126,25.23731208],[55.18292427,25.2358638],[55.18488586,25.23552585],[55.18455231,25.23686564]],[[55.19153333,25.23599255],[55.19015014,25.23530996],[55.18994308,25.23473525],[55.19076705,25.2333225],[55.19188905,25.23554003],[55.19153333,25.23599255]],[[55.19266737,25.23357856],[55.19346786,25.23289466],[55.19415724,25.23311603],[55.19466877,25.23396075],[55.19456375,25.23426402],[55.19285643,25.23412168],[55.19266737,25.23357856]],[[55.18416381,25.23312795],[55.1832031,25.23370743],[55.18228245,25.23304355],[55.18409705,25.23241591],[55.18416381,25.23312795]],[[55.17836833,25.23240376],[55.17814147,25.23241603],[55.17699397,25.23095536],[55.17840827,25.2303158],[55.17854166,25.23034],[55.17836833,25.23240376]],[[55.18260396,25.23133087],[55.18475223,25.23095667],[55.18480563,25.23104131],[55.18393827,25.23188615],[55.18365812,25.23205507],[55.18260396,25.23133087]],[[55.17908204,25.23048341],[55.17908204,25.22965717],[55.1794734,25.22942126],[55.18041933,25.22939157],[55.18068016,25.22965717],[55.17924511,25.23083734],[55.17908204,25.23048341]],[[55.18161821,25.22939837],[55.18241882,25.22885525],[55.18260562,25.22891557],[55.18284583,25.22980881],[55.18273902,25.22997785],[55.18153822,25.23023117],[55.18161821,25.22939837]],[[55.17675745,25.22902155],[55.17664337,25.22909546],[55.17411578,25.22763491],[55.17316985,25.22894776],[55.17261553,25.22781193],[55.17491484,25.22685313],[55.17579544,25.22763491],[55.17680645,25.22695625],[55.17700207,25.22701526],[55.17716515,25.22797418],[55.17675745,25.22902155]],[[55.16959882,25.22682345],[55.16943574,25.22686768],[55.16930532,25.22686768],[55.16920745,25.22682345],[55.16906071,25.22670555],[55.16904426,25.22664654],[55.16896284,25.22648418],[55.16888118,25.22630715],[55.16884875,25.22617435],[55.16879976,25.22602701],[55.16875076,25.22587943],[55.16873455,25.22576141],[55.16875076,25.22564328],[55.16878355,25.22551048],[55.16889763,25.22543693],[55.1689465,25.22528935],[55.16907704,25.22523034],[55.16915846,25.22523034],[55.1693542,25.22523034],[55.16950095,25.2252599],[55.16959882,25.22533345],[55.16964757,25.22548115],[55.16971302,25.22561395],[55.16971302,25.22571707],[55.16976178,25.22589421],[55.16977823,25.22599745],[55.1698271,25.22614503],[55.1698271,25.22627771],[55.1698271,25.22639573],[55.1698271,25.22654331],[55.16981065,25.22669065],[55.16976178,25.22673512],[55.16959882,25.22682345]],[[55.1723057,25.22635138],[55.17155564,25.22558427],[55.17033255,25.2262187],[55.17031634,25.22615957],[55.1705935,25.22478783],[55.17108274,25.22456634],[55.17263174,25.22468436],[55.17305577,25.2257024],[55.17264807,25.22652853],[55.1723057,25.22635138]],[[55.17615414,25.22608602],[55.1754204,25.22531891],[55.17592585,25.22469926],[55.17610514,25.22469926],[55.17705095,25.22577608],[55.17657805,25.22651374],[55.17615414,25.22608602]],[[55.17432785,25.22584987],[55.17424631,25.22587943],[55.1733005,25.22554004],[55.17326784,25.22545147],[55.17431152,25.22471404],[55.1745398,25.22480237],[55.17432785,25.22584987]],[[55.16731334,25.22455287],[55.16715026,25.22461188],[55.16648173,25.22431695],[55.16690564,25.2228713],[55.16706872,25.2228713],[55.16731334,25.22455287]],[[55.16943324,25.22309256],[55.16918862,25.22266471],[55.17021585,25.2218976],[55.17077041,25.22316635],[55.17044425,25.22338748],[55.16943324,25.22309256]],[[55.17621624,25.22322536],[55.17528701,25.22309256],[55.17522156,25.22194195],[55.17726004,25.22211885],[55.17698264,25.22325468],[55.17621624,25.22322536]],[[55.19472051,25.22281766],[55.19230127,25.21750677],[55.18828118,25.21445978],[55.1870836,25.20814061],[55.18803215,25.20549047],[55.18856585,25.20519006],[55.18928921,25.20512581],[55.18937206,25.20525455],[55.18964505,25.21347284],[55.18979907,25.21378386],[55.19324994,25.21630526],[55.19353461,25.21665931],[55.19466114,25.22018898],[55.1953125,25.22077906],[55.19720864,25.22183537],[55.19719911,25.22190952],[55.19642818,25.22296774],[55.1953125,25.22297204],[55.19472051,25.22281766]],[[55.16967344,25.20631933],[55.16918433,25.20643735],[55.16910267,25.20553756],[55.1698364,25.20379674],[55.16967344,25.20631933]],[[55.16856456,25.20431304],[55.16825485,25.20441627],[55.16662455,25.20409167],[55.16649401,25.20302963],[55.16730916,25.20282304],[55.16861355,25.20341325],[55.16856456,25.20431304]],[[55.16936362,25.20288205],[55.17071676,25.20212972],[55.17089617,25.20229197],[55.17065156,25.20335424],[55.16936362,25.20288205]],[[55.15551496,25.20173144],[55.15471613,25.2022773],[55.15311825,25.20187902],[55.1543411,25.20136261],[55.15499318,25.20137727],[55.15551496,25.20173144]],[[55.15275955,25.20174623],[55.15222144,25.20230675],[55.15039551,25.20187902],[55.15037906,25.20176101],[55.15160203,25.20065451],[55.15256393,25.20120025],[55.15275955,25.20174623]],[[55.16807544,25.20182002],[55.17073321,25.19976926],[55.17105925,25.19990206],[55.17057014,25.20109713],[55.16921675,25.20204115],[55.16810822,25.20211506],[55.16807544,25.20182002]],[[55.17445028,25.19979894],[55.17368412,25.19881046],[55.17402637,25.19823515],[55.17428732,25.1982795],[55.17537975,25.19919395],[55.17500472,25.19996107],[55.17445028,25.19979894]],[[55.17179275,25.19948912],[55.17148316,25.19953334],[55.17084718,25.19886947],[55.17086363,25.19878101],[55.17202115,25.19791055],[55.17179275,25.19948912]],[[55.14881384,25.20158386],[55.14710188,25.20294106],[55.14527583,25.20248365],[55.14385724,25.20330977],[55.14261806,25.20379674],[55.14346588,25.20235097],[55.14816165,25.20090532],[55.14905834,25.20106745],[55.14881384,25.20158386]],[[55.13729584,25.20323753],[55.13745141,25.20391881],[55.13995194,25.20705688],[55.13720095,25.21285045],[55.13795984,25.21430957],[55.13786542,25.21465301],[55.13675702,25.21500874],[55.13672686,25.21525383],[55.1385771,25.21700263],[55.1364423,25.2177],[55.13758075,25.21868706],[55.13648975,25.21997452],[55.13720131,25.22332191],[55.13568342,25.22439468],[55.13407052,25.22259235],[55.13388073,25.22053242],[55.13388073,25.21851528],[55.13663614,25.20611536],[55.13563573,25.20276535],[55.13729584,25.20323753]],[[54.23894715,25.22040057],[54.23888195,25.23192346],[54.23760807,25.2368952],[54.23672521,25.23925781],[54.23294973,25.24580514],[54.22911346,25.25055933],[54.22792971,25.25162935],[54.22462595,25.25340533],[54.22371101,25.25369775],[54.22106731,25.25415504],[54.21750045,25.25418532],[54.21447015,25.2531569],[54.20405793,25.24745917],[54.19827604,25.24335325],[54.19704294,25.23833191],[54.19704306,25.23320258],[54.19770205,25.23075402],[54.19941187,25.22588491],[54.2001487,25.22449875],[54.20383382,25.22069907],[54.20514333,25.21970165],[54.20828152,25.21811783],[54.21260273,25.21682632],[54.22887671,25.21732545],[54.23850656,25.21226156],[54.24037337,25.21206737],[54.24097347,25.21219778],[54.24107218,25.21245408],[54.23946047,25.21816492],[54.23894715,25.22040057]],[[55.17000878,25.24547565],[55.1697154,25.24431694],[55.17032921,25.24407554],[55.17096972,25.24446166],[55.17011571,25.24547565],[55.17000878,25.24547565]],[[55.17227745,25.24505305],[55.17279792,25.24502885],[55.17315805,25.24568081],[55.17167687,25.24629641],[55.17150354,25.24615145],[55.17227745,25.24505305]],[[55.17371845,25.24547565],[55.17405224,25.24449778],[55.17515981,25.24441338],[55.1752665,25.24465478],[55.17371845,25.24547565]],[[55.16924834,25.24359274],[55.16868782,25.24413586],[55.1676203,25.24409962],[55.16681957,25.24365306],[55.16675293,25.24277186],[55.16699314,25.24257875],[55.16892803,25.24242175],[55.16906154,25.24254262],[55.16924834,25.24359274]],[[55.16470075,25.24409294],[55.16397417,25.24434757],[55.16326261,25.24361014],[55.16452277,25.24297965],[55.16499734,25.24382472],[55.16470075,25.24409294]],[[55.16992891,25.24244595],[55.17035592,25.24184251],[55.17066276,25.24175811],[55.17170358,25.24273574],[55.17126334,25.24367714],[55.16992891,25.24244595]],[[55.17437243,25.24210811],[55.17306471,25.24129927],[55.17277122,25.24102175],[55.17370522,25.24016476],[55.17391872,25.24020088],[55.17482615,25.24164927],[55.17437243,25.24210811]],[[55.17544341,25.24074948],[55.17266786,25.23888397],[55.16865885,25.24081933],[55.16817713,25.24122024],[55.16786873,25.24111557],[55.1674062,25.24031365],[55.16744471,25.23987782],[55.16962254,25.23991275],[55.17341948,25.23768115],[55.17577088,25.23970354],[55.17544341,25.24074948]],[[55.17582715,25.23852325],[55.17652094,25.23812485],[55.17706811,25.23848712],[55.1766144,25.23994756],[55.17637432,25.23989916],[55.17580044,25.2388854],[55.17582715,25.23852325]],[[55.1809777,25.23822153],[55.18091094,25.23808885],[55.18095088,25.23800433],[55.18100441,25.23793185],[55.18108451,25.23793185],[55.18120456,25.23781121],[55.18129802,25.23771465],[55.18145812,25.23759377],[55.1815381,25.23749733],[55.18168485,25.23749733],[55.18179154,25.23742485],[55.18189836,25.23736465],[55.18201852,25.23729205],[55.18213844,25.23729205],[55.18228543,25.23729205],[55.18249893,25.23729205],[55.18260562,25.23729205],[55.18263233,25.23742485],[55.18265903,25.23750937],[55.18272555,25.23754561],[55.18283236,25.23763013],[55.18285906,25.23782325],[55.18284583,25.23796797],[55.18279243,25.23811293],[55.18272555,25.23824573],[55.18269897,25.23833025],[55.18255222,25.23840261],[55.18243206,25.2384268],[55.18231213,25.23845077],[55.18213844,25.23847496],[55.18197834,25.23852325],[55.18181825,25.23854744],[55.18169832,25.23857164],[55.18157816,25.2385354],[55.18149805,25.23848712],[55.18133795,25.23848712],[55.18123114,25.23845077],[55.18108451,25.23834217],[55.1809777,25.23822153]],[[55.17979908,25.23640835],[55.17939436,25.23736715],[55.17887414,25.23733234],[55.17767894,25.23694885],[55.17764056,25.23675704],[55.17870057,25.23534477],[55.17979908,25.23640835]],[[55.17607343,25.23530865],[55.17556202,25.23565066],[55.17411637,25.23544955],[55.17411637,25.23514771],[55.17562854,25.23438334],[55.1759845,25.23452413],[55.17607343,25.23530865]],[[55.17964494,25.23454154],[55.18008816,25.23356664],[55.18207645,25.23395407],[55.18215346,25.23420095],[55.18058801,25.23478031],[55.17964494,25.23454154]],[[55.17848861,25.23435116],[55.17833436,25.23449063],[55.17627215,25.23337483],[55.17627215,25.23297381],[55.17837286,25.23297381],[55.17854643,25.23302615],[55.17848861,25.23435116]],[[55.17452288,25.23414934],[55.17398918,25.23418951],[55.17365575,25.23284173],[55.17476761,25.23243928],[55.17452288,25.23414934]],[[55.17296624,25.23237896],[55.17252135,25.23366654],[55.17160976,25.23334455],[55.17158735,25.23306286],[55.17178762,25.23231876],[55.17256594,25.2319566],[55.17296624,25.23237896]],[[55.16862476,25.2317816],[55.16733503,25.23298848],[55.16660106,25.23367262],[55.16686797,25.23256624],[55.16753507,25.23164082],[55.16862476,25.2317816]],[[55.16667771,25.23172247],[55.16491628,25.23244536],[55.16468811,25.23237157],[55.16447616,25.23129475],[55.16465545,25.23102915],[55.16558504,25.2304244],[55.16605794,25.23035061],[55.16679168,25.23153067],[55.16667771,25.23172247]],[[55.16910934,25.23062956],[55.16963124,25.23027563],[55.17101741,25.23068857],[55.17098475,25.23152936],[55.17088687,25.23166215],[55.17000628,25.23182452],[55.16932142,25.23133767],[55.16910934,25.23062956]],[[55.17492437,25.23192894],[55.17483544,25.23017895],[55.17592525,25.22965586],[55.17612541,25.22977662],[55.17630315,25.2311244],[55.17492437,25.23192894]],[[55.17389548,25.23083615],[55.17320597,25.23113775],[55.17100453,25.2303735],[55.17118227,25.22981024],[55.17216074,25.22944796],[55.17345083,25.22974992],[55.17389548,25.23083615]],[[55.16844702,25.23025274],[55.16746855,25.23053443],[55.16709042,25.23031306],[55.16684568,25.22960901],[55.16742396,25.22886467],[55.16786885,25.22878432],[55.16849136,25.22906578],[55.16875827,25.22976994],[55.16844702,25.23025274]],[[55.16158962,25.22862446],[55.16341615,25.23182583],[55.16295946,25.23272574],[55.16219294,25.23307967],[55.16085565,25.23246014],[55.15940428,25.23017347],[55.15979564,25.22894907],[55.16105127,25.22819686],[55.16158962,25.22862446]],[[55.14881468,25.22778368],[55.1462872,25.22886062],[55.14612412,25.22881627],[55.14545536,25.22769523],[55.14563477,25.22747386],[55.14829302,25.22614622],[55.14847243,25.22620523],[55.14994001,25.22691333],[55.14989114,25.22726727],[55.14881468,25.22778368]],[[55.14630353,25.22666264],[55.14581418,25.22680998],[55.14475417,25.22648561],[55.14473796,25.22632325],[55.14563477,25.22560036],[55.14600992,25.22562993],[55.14630353,25.22666264]],[[55.16092086,25.22793114],[55.16057861,25.22573304],[55.16101885,25.22523165],[55.16142654,25.22534955],[55.16207886,25.22709036],[55.16092086,25.22793114]],[[55.16227448,25.22732627],[55.16405213,25.22639704],[55.16419876,25.22639704],[55.16449225,25.22728205],[55.16335082,25.22863925],[55.16291046,25.22869825],[55.16245377,25.22832954],[55.16219294,25.22744441],[55.16227448,25.22732627]],[[55.16845715,25.22850525],[55.16875076,25.22757578],[55.16912591,25.22753155],[55.17021835,25.22801852],[55.17018592,25.22821033],[55.16845715,25.22850525]],[[55.17073727,25.22756243],[55.17073727,25.22748876],[55.17160165,25.22689855],[55.17204177,25.22694278],[55.17240071,25.22773945],[55.17235172,25.22803438],[55.17142224,25.22840333],[55.17073727,25.22756243]],[[55.16829395,25.22554004],[55.16808188,25.22703016],[55.16751122,25.22683835],[55.16658175,25.22846103],[55.16622293,25.22826934],[55.16571724,25.22677934],[55.16829395,25.22554004]],[[55.16493261,25.22601354],[55.16483486,25.22607255],[55.16468787,25.22607255],[55.16445971,25.22607255],[55.16429663,25.22596908],[55.16413355,25.22582173],[55.16397035,25.22568893],[55.16384006,25.22546756],[55.16375852,25.22533476],[55.16367686,25.22523165],[55.16366065,25.22508395],[55.16366065,25.22496605],[55.16367686,25.22484803],[55.16367686,25.22473001],[55.16369331,25.22462666],[55.16374207,25.22453833],[55.16385627,25.22450864],[55.1639868,25.22449386],[55.16419876,25.22449386],[55.16432917,25.22455287],[55.16449225,25.22465634],[55.16462266,25.22475946],[55.16470432,25.22484803],[55.16476953,25.22498083],[55.16485095,25.22509885],[55.16496515,25.22527575],[55.16504681,25.22537911],[55.16504681,25.22551191],[55.16504681,25.22565937],[55.16504681,25.22577751],[55.16501415,25.22589552],[55.16493261,25.22601354]],[[55.1649816,25.22456765],[55.16514456,25.22363842],[55.1653403,25.22362363],[55.16636765,25.22462666],[55.16635144,25.22517264],[55.165748,25.22536445],[55.1649816,25.22456765]],[[55.16307366,25.22447932],[55.16247022,25.22534955],[55.16188312,25.22515786],[55.16189945,25.22362363],[55.16216028,25.22357941],[55.16307366,25.22397757],[55.16307366,25.22447932]],[[55.16069257,25.22380066],[55.15881741,25.22421372],[55.1581161,25.22415471],[55.15798557,25.22349083],[55.1599915,25.22225165],[55.16026866,25.22226644],[55.16069257,25.22380066]],[[55.1648674,25.22329915],[55.16525865,25.22099781],[55.16599238,25.22241402],[55.16501415,25.22332847],[55.1648674,25.22329915]],[[55.17111254,25.22241402],[55.17135715,25.22148454],[55.17191148,25.22154355],[55.17253113,25.22315145],[55.17111254,25.22241402]],[[55.17271054,25.2220304],[55.17210722,25.22083545],[55.17288661,25.21991992],[55.17137337,25.21984696],[55.17137337,25.21968484],[55.17228663,25.21806204],[55.17243326,25.21797347],[55.17357481,25.21794403],[55.17378676,25.21804726],[55.17283845,25.21960604],[55.17370522,25.22071743],[55.17300403,25.22204506],[55.17271054,25.2220304]],[[55.17714584,25.22130752],[55.17737412,25.22046673],[55.17835248,25.2205404],[55.17859697,25.220806],[55.17740667,25.22167635],[55.17714584,25.22130752]],[[55.18386412,25.22113037],[55.18337476,25.22037804],[55.18358684,25.2198323],[55.18538046,25.2184751],[55.18560875,25.21854877],[55.18419015,25.22113037],[55.18386412,25.22113037]],[[55.18285286,25.2187407],[55.18200505,25.21975863],[55.18105924,25.21972895],[55.18078196,25.21928644],[55.18208647,25.21770787],[55.18218446,25.21772265],[55.18285286,25.2187407]],[[55.17786336,25.21812105],[55.17686856,25.21835697],[55.17606962,25.21722114],[55.17773283,25.21657205],[55.17786336,25.21657205],[55.17828715,25.21785545],[55.17786336,25.21812105]],[[55.17864585,25.21663105],[55.17861342,25.21635067],[55.17967331,25.21542144],[55.17998302,25.21552455],[55.18019497,25.21726537],[55.17975473,25.21756053],[55.17864585,25.21663105]],[[55.18180931,25.21584916],[55.18273866,25.21568704],[55.18283665,25.21652782],[55.18180931,25.21710324],[55.18154836,25.21716225],[55.18094516,25.21626234],[55.18180931,25.21584916]],[[55.18286908,25.21551001],[55.18334198,25.21399045],[55.18216801,25.21282494],[55.18345606,25.21207273],[55.183815,25.21207273],[55.18463016,25.21297264],[55.18459761,25.21310532],[55.18303216,25.21558356],[55.18286908,25.21551001]],[[55.1536895,25.21213174],[55.15342855,25.21222007],[55.15197742,25.21167445],[55.15199375,25.21134984],[55.15303707,25.21071553],[55.15360784,25.21086288],[55.15401554,25.21115804],[55.1536895,25.21213174]],[[55.15095007,25.21208751],[55.15046096,25.21226454],[55.1498903,25.21168911],[55.14997184,25.21050894],[55.15011847,25.21030235],[55.15132511,25.21028757],[55.15095007,25.21208751]],[[55.15315115,25.21031725],[55.15218925,25.20754385],[55.15277624,25.20727825],[55.15390134,25.20769131],[55.15399921,25.20795691],[55.15315115,25.21031725]],[[55.16700375,25.20867431],[55.16852462,25.20741904],[55.16876483,25.20758796],[55.16807115,25.20963991],[55.16732395,25.20983303],[55.16684377,25.20886743],[55.16700375,25.20867431]],[[55.16628361,25.20722592],[55.16649687,25.20855355],[55.16439664,25.20776224],[55.16433585,25.20717764],[55.16566992,25.20696044],[55.16628361,25.20722592]],[[55.16361547,25.20700872],[55.16292191,25.20741904],[55.16158795,25.20705688],[55.16153455,25.2063328],[55.16286862,25.20599484],[55.16310871,25.2060672],[55.16361547,25.20700872]],[[55.16620052,25.20608318],[55.16561365,25.20518351],[55.16566253,25.20513904],[55.16787994,25.20547855],[55.16657555,25.20658493],[55.16620052,25.20608318]],[[55.16598845,25.2042098],[55.16421127,25.20606864],[55.16276026,25.20510972],[55.16280925,25.20485878],[55.16346145,25.20425403],[55.16562974,25.20360494],[55.16598845,25.2042098]],[[55.14920926,25.20344257],[55.14855313,25.20371187],[55.14827585,25.20360863],[55.14849603,25.20276415],[55.14852846,25.20274556],[55.14968205,25.20313275],[55.14920926,25.20344257]],[[55.14823925,25.20370817],[55.14824724,25.20381153],[55.14824724,25.20391095],[55.14825547,25.20401442],[55.14824724,25.20408428],[55.1482352,25.20421708],[55.14819431,25.2043426],[55.14808023,25.20446062],[55.14799857,25.20453441],[55.14785194,25.20462275],[55.14775407,25.20469666],[55.14750946,25.20475554],[55.14726496,25.20474076],[55.147053,25.20462275],[55.14692247,25.20450485],[55.14689004,25.20428348],[55.14692247,25.20412135],[55.14693892,25.20398855],[55.14706933,25.20387053],[55.14728117,25.20364916],[55.14750946,25.20353115],[55.14762366,25.2035017],[55.14781928,25.2035017],[55.14803135,25.20349801],[55.14808023,25.2035017],[55.14811277,25.20352006],[55.14814544,25.20354593],[55.14817405,25.20357537],[55.14821064,25.20360863],[55.1482352,25.20364916],[55.14823925,25.20370817]],[[55.14604223,25.20456386],[55.14509654,25.20491791],[55.14490068,25.20475554],[55.14542246,25.20388532],[55.14566708,25.20395887],[55.14604223,25.20456386]],[[55.1446563,25.20488834],[55.14473784,25.20676196],[55.14441156,25.20677674],[55.1431725,25.20558166],[55.14315617,25.20538986],[55.14423227,25.20448995],[55.1446563,25.20488834]],[[55.14232457,25.20623076],[55.14211273,25.20633411],[55.14041686,25.20593584],[55.14054751,25.20544887],[55.14204752,25.20491791],[55.14250398,25.20503592],[55.14291155,25.20533085],[55.14232457,25.20623076]],[[55.1435312,25.20665872],[55.14356375,25.20777977],[55.14248765,25.20807493],[55.14229202,25.2067914],[55.14336812,25.20649636],[55.1435312,25.20665872]],[[55.14446056,25.20838463],[55.14511275,25.20779455],[55.14581394,25.20804524],[55.1457324,25.20953524],[55.14521062,25.20963848],[55.14447677,25.20872402],[55.14446056,25.20838463]],[[55.14180291,25.20882726],[55.14207995,25.21090734],[55.14175391,25.21095145],[55.14056373,25.20988941],[55.14044952,25.20947635],[55.14141154,25.20878303],[55.14180291,25.20882726]],[[55.14356375,25.20891571],[55.14397144,25.20888615],[55.14498246,25.21053851],[55.14463985,25.21111381],[55.14419973,25.21104002],[55.14312363,25.20950568],[55.14356375,25.20891571]],[[55.14861834,25.21003675],[55.14860213,25.20985985],[55.14860213,25.20968282],[55.14863467,25.20955014],[55.14874876,25.20944667],[55.14891195,25.20934355],[55.14896095,25.20925498],[55.14914024,25.20919597],[55.14930332,25.20916653],[55.14956415,25.20918131],[55.14974356,25.20919597],[55.14980865,25.20922554],[55.15000427,25.20925498],[55.15021634,25.20925498],[55.15034676,25.20925498],[55.15041196,25.20928454],[55.15052605,25.20935833],[55.15055883,25.20946145],[55.15046096,25.20962381],[55.15031421,25.20981562],[55.15018368,25.20990407],[55.15003705,25.20997775],[55.14987385,25.21009576],[55.14966202,25.21025825],[55.1495316,25.21031725],[55.14930332,25.21040571],[55.14894462,25.21030235],[55.14874876,25.21019924],[55.14863467,25.21008122],[55.14861834,25.21003675]],[[55.14767265,25.2098304],[55.14711845,25.20987463],[55.14669442,25.20910752],[55.14804781,25.20834041],[55.14827597,25.20938766],[55.14767265,25.2098304]],[[55.14923787,25.20780933],[55.14930332,25.20685041],[55.15214026,25.20633411],[55.15046096,25.20804524],[55.15020001,25.20800114],[55.14923787,25.20780933]],[[55.16068077,25.2065742],[55.15966702,25.20626032],[55.15897334,25.20529473],[55.1600939,25.20416021],[55.16038728,25.20423245],[55.16161466,25.20548785],[55.16068077,25.2065742]],[[55.15186274,25.20403266],[55.15083575,25.20540476],[55.14972687,25.20505071],[55.14967811,25.20401788],[55.15186274,25.20403266]],[[55.14860213,25.20631933],[55.14853692,25.20686507],[55.14764011,25.20733714],[55.14715087,25.20736682],[55.14589536,25.20677674],[55.14615631,25.20620131],[55.14702046,25.2058326],[55.14809656,25.20590615],[55.14860213,25.20631933]],[[55.16037381,25.20747006],[55.16110754,25.20853221],[55.1599009,25.20829606],[55.16029215,25.20742583],[55.16037381,25.20747006]],[[55.14217782,25.21170378],[55.14256907,25.21192515],[55.14240611,25.21267748],[55.14105272,25.21326757],[55.14000905,25.21316433],[55.14004171,25.21245623],[55.14217782,25.21170378]],[[55.14483547,25.21174812],[55.14509654,25.21173334],[55.14576495,25.21260381],[55.14556944,25.21294296],[55.14483547,25.21295786],[55.14310706,25.21363628],[55.14483547,25.21174812]],[[55.14931965,25.2144773],[55.15225446,25.21359205],[55.15227091,25.21375442],[55.15156972,25.21469855],[55.14917266,25.21462476],[55.14931965,25.2144773]],[[55.16675735,25.21555555],[55.16874826,25.21441817],[55.16907442,25.21607053],[55.16904175,25.21630645],[55.16675735,25.21555555]],[[55.16754162,25.21708834],[55.17067242,25.21612954],[55.17135715,25.21666062],[55.17183006,25.21798825],[55.16900921,25.21834242],[55.16829824,25.21817398],[55.16754162,25.21708834]],[[55.16813147,25.21823966],[55.16754162,25.22020113],[55.167346,25.22028971],[55.16615546,25.22002411],[55.16591096,25.21952248],[55.16626966,25.21763432],[55.16812408,25.21816933],[55.16813147,25.21823966]],[[55.16587842,25.21778166],[55.16556847,25.21781135],[55.16514456,25.21753085],[55.16499793,25.21581972],[55.165748,25.21506727],[55.16675067,25.21570516],[55.16655624,25.21574032],[55.16587842,25.21778166]],[[55.14788485,25.21500826],[55.14715087,25.21546555],[55.14602578,25.21497893],[55.14527583,25.21404946],[55.14539003,25.21376908],[55.14764023,25.21459532],[55.14788485,25.21500826]],[[55.14074278,25.21528864],[55.13979697,25.21580505],[55.13947105,25.21548045],[55.14097106,25.21390188],[55.14074278,25.21528864]],[[55.14276481,25.21574605],[55.14429736,25.21568704],[55.14493334,25.21702945],[55.14455843,25.21726537],[55.14284635,25.21713257],[55.1426506,25.21697044],[55.14276481,25.21574605]],[[55.14159083,25.21711791],[55.14077544,25.21736872],[55.14023745,25.21661627],[55.14118314,25.21621811],[55.14159083,25.21711791]],[[55.14613998,25.21599674],[55.14671075,25.21576071],[55.14736295,25.21611476],[55.14689004,25.2172507],[55.14623785,25.21689665],[55.14599335,25.21630645],[55.14613998,25.21599674]],[[55.15257347,25.21888077],[55.15257347,25.21922755],[55.15115488,25.22079861],[55.15103257,25.22074687],[55.15060055,25.21928644],[55.15077984,25.21879232],[55.15166044,25.21837926],[55.15257347,25.21888077]],[[55.1491245,25.2206732],[55.14840686,25.22090924],[55.14801562,25.21978795],[55.14938545,25.21877015],[55.14958096,25.21891773],[55.1491245,25.2206732]],[[55.1416645,25.22045994],[55.14189267,25.22164285],[55.14137375,25.2216804],[55.14043987,25.22092926],[55.14041924,25.22051632],[55.14095867,25.22010314],[55.1416645,25.22045994]],[[55.1403985,25.22153008],[55.14000416,25.22241247],[55.13921535,25.22239375],[55.13855135,25.22188675],[55.13853061,25.22122967],[55.13927782,25.22038484],[55.1403985,25.22153008]],[[55.14256907,25.22185326],[55.14344966,25.22130752],[55.14385736,25.22148454],[55.14477062,25.22307766],[55.14441192,25.22332847],[55.14358008,25.22322536],[55.14273214,25.22248757],[55.14256907,25.22185326]],[[55.1407305,25.22280693],[55.14212096,25.22382081],[55.14205885,25.22438395],[55.14097953,25.22457182],[55.14054358,25.22457182],[55.14010775,25.22397101],[55.14043987,25.2230134],[55.1407305,25.22280693]],[[55.14377582,25.22458255],[55.14490104,25.22413993],[55.14566755,25.22464144],[55.14561856,25.22478902],[55.14454234,25.22549713],[55.14437926,25.22546756],[55.14377582,25.22458255]],[[55.15072274,25.22613156],[55.14954865,25.22540855],[55.14932025,25.22486281],[55.14984214,25.22384477],[55.15005422,25.22377121],[55.15173376,25.22399235],[55.15184796,25.22444975],[55.15072274,25.22613156]],[[55.14889634,25.22357941],[55.14764071,25.22393346],[55.14754283,25.22325468],[55.14843965,25.22262037],[55.14889634,25.22357941]],[[55.14969885,25.22270834],[55.14966261,25.22253203],[55.15026593,25.22118938],[55.1507225,25.22113037],[55.15139115,25.22135174],[55.15140724,25.22152877],[55.15064085,25.22297454],[55.15034735,25.22316635],[55.14969885,25.22270834]],[[55.16196465,25.22288597],[55.16207886,25.22136652],[55.16414976,25.22191227],[55.16320395,25.22319567],[55.16281271,25.22328424],[55.16196465,25.22288597]],[[55.14656424,25.22126317],[55.14552057,25.22182393],[55.14498246,25.22139597],[55.14508045,25.22110105],[55.14607513,25.22048128],[55.14641762,25.2205404],[55.14656424,25.22126317]],[[55.17031372,25.22146976],[55.16974294,25.22034872],[55.16975915,25.22009778],[55.17063975,25.21934545],[55.17077017,25.21937501],[55.17062354,25.22139597],[55.17031372,25.22146976]],[[55.16384006,25.22062886],[55.16204631,25.22089446],[55.16144276,25.21993566],[55.16307366,25.21890295],[55.16318774,25.21894705],[55.16384006,25.22062886]],[[55.14658058,25.22186816],[55.14765692,25.22132218],[55.14786887,25.22173536],[55.14682531,25.22269416],[55.14607513,25.22319567],[55.14571643,25.22262037],[55.14658058,25.22186816]],[[55.1466459,25.22383022],[55.14811361,25.22458255],[55.14822781,25.22518742],[55.14755905,25.22548234],[55.14680886,25.22530544],[55.14648283,25.22418416],[55.1466459,25.22383022]],[[55.14197576,25.22556674],[55.14224565,25.22564185],[55.14216256,25.22646797],[55.14145684,25.22701263],[55.14080048,25.22682703],[55.14106262,25.22594225],[55.14197576,25.22556674]],[[55.14065123,25.22668541],[55.14035106,25.22791576],[55.13999522,25.22785211],[55.13939476,25.22681284],[55.13970244,25.22617567],[55.14012122,25.2261188],[55.14065123,25.22668541]],[[55.13954747,25.22791386],[55.13919473,25.22849584],[55.13859296,25.22845817],[55.13817775,25.22753835],[55.13821936,25.22663713],[55.13890421,25.22652435],[55.13954747,25.22791386]],[[55.14030206,25.22858036],[55.14115012,25.22797537],[55.14327025,25.22878695],[55.14494991,25.22800505],[55.14622188,25.22934735],[55.14369416,25.23052764],[55.14343333,25.23048341],[55.14046526,25.22905242],[55.14030206,25.22858036]],[[55.14411795,25.22741222],[55.14304817,25.22839296],[55.14238965,25.22686911],[55.14245474,25.22657394],[55.14338064,25.22632265],[55.14395404,25.22679341],[55.14411795,25.22741222]],[[55.17466736,25.21744251],[55.17484665,25.21732438],[55.17626536,25.21800303],[55.17624903,25.21812105],[55.17582512,25.21924221],[55.17460215,25.21897674],[55.17466736,25.21744251]],[[55.17911875,25.21840143],[55.17993414,25.21816528],[55.18052113,25.21900606],[55.18043947,25.21913886],[55.17915142,25.21992075],[55.17874384,25.2198323],[55.17911875,25.21840143]],[[55.17726004,25.21981764],[55.17647731,25.22108614],[55.17527056,25.22089446],[55.17592287,25.21962583],[55.17726004,25.21969962],[55.17726004,25.21981764]],[[55.17052555,25.21458054],[55.17210734,25.21438885],[55.17324865,25.21525908],[55.17302036,25.21549523],[55.17187905,25.21562803],[55.17101467,25.21562803],[55.17052555,25.21458054]],[[55.18087995,25.21539187],[55.18066776,25.2153182],[55.18074942,25.21372485],[55.18241262,25.21372485],[55.18241847,25.21380413],[55.18205392,25.2150526],[55.18087995,25.21539187]],[[55.17845035,25.21357727],[55.17856443,25.21525908],[55.17704785,25.21356273],[55.18089604,25.21263325],[55.18094516,25.21342993],[55.17845035,25.21357727]],[[55.16999495,25.21404207],[55.16967773,25.21431506],[55.16922104,25.21236765],[55.16940045,25.21220553],[55.17062354,25.21319377],[55.16999495,25.21404207]],[[55.14920545,25.21292818],[55.14883041,25.21347415],[55.14713454,25.21283984],[55.14711845,25.21239722],[55.14835763,25.2117629],[55.14920545,25.21292818]],[[55.1535753,25.21307576],[55.15370572,25.21306097],[55.15383625,25.2131201],[55.1540482,25.21314955],[55.15419495,25.21323812],[55.15434158,25.21326757],[55.15450466,25.21329713],[55.15465152,25.21332657],[55.15473294,25.21337092],[55.15492857,25.21347415],[55.15492857,25.21362174],[55.15486336,25.21378386],[55.15466785,25.21396101],[55.15443945,25.21404946],[55.15395033,25.21419704],[55.15362418,25.21422636],[55.15329814,25.21412325],[55.15302086,25.21402001],[55.15280902,25.21387243],[55.15276003,25.21376908],[55.15292311,25.21371007],[55.15308607,25.21366584],[55.15320015,25.21359205],[55.15336335,25.2133857],[55.15346122,25.21331191],[55.15346122,25.21319377],[55.1535753,25.21307576]],[[55.17655885,25.21477234],[55.17655885,25.21481645],[55.17647731,25.21481645],[55.17637944,25.21483135],[55.17629802,25.21484613],[55.17624903,25.21487546],[55.17615116,25.21491992],[55.17610216,25.21502304],[55.17595553,25.21514106],[55.17585766,25.21515596],[55.17574346,25.21512628],[55.17566204,25.21506727],[55.17549884,25.21503794],[55.17538476,25.2150526],[55.1752218,25.21506727],[55.17507505,25.21509695],[55.17504227,25.21512628],[55.17476523,25.2153182],[55.17455316,25.21539187],[55.17435753,25.21528864],[55.17419446,25.21527386],[55.17404771,25.21527386],[55.17385197,25.21527386],[55.17370534,25.21522963],[55.17352593,25.21512628],[55.17342806,25.21506727],[55.17344427,25.21499348],[55.17346072,25.21493447],[55.17357492,25.21478713],[55.17368901,25.21465433],[55.17381942,25.21456575],[55.17396605,25.21449196],[55.1740967,25.21446252],[55.17429233,25.21437395],[55.17439616,25.21434808],[55.17460215,25.21432984],[55.17479777,25.21432984],[55.17504227,25.21432984],[55.17527056,25.21432984],[55.17546642,25.21435916],[55.17574346,25.21438885],[55.17600453,25.21440351],[55.17618382,25.21441817],[55.17631435,25.21452153],[55.17637944,25.21462476],[55.17650986,25.21471334],[55.17655885,25.21477234]],[[55.16242135,25.22976053],[55.1663841,25.22884595],[55.16644943,25.22891963],[55.16592753,25.22998166],[55.16530776,25.23023248],[55.16387272,25.23015881],[55.16242135,25.22976053]],[[55.16135132,25.233639],[55.16268563,25.23408163],[55.16424227,25.23766232],[55.16186285,25.23728013],[55.16126227,25.233639],[55.16135132,25.233639]],[[55.16764641,25.23759532],[55.16980362,25.23697174],[55.17029285,25.23741424],[55.17033732,25.23777628],[55.16781771,25.23835695],[55.16720164,25.2387017],[55.16693473,25.23809814],[55.16764641,25.23759532]],[[55.16450918,25.23860764],[55.16457593,25.24174595],[55.16435361,25.24218845],[55.16346395,25.24214816],[55.1631304,25.24194705],[55.16257441,25.23882914],[55.16288567,25.23850715],[55.16426456,25.23852718],[55.16450918,25.23860764]],[[55.16517627,25.24047863],[55.16515744,25.24017692],[55.16542423,25.24017692],[55.16598761,25.24014997],[55.1662842,25.24031103],[55.16631377,25.24057925],[55.16637731,25.24080038],[55.16631055,25.24096143],[55.16624391,25.24104178],[55.16604376,25.24122286],[55.16586566,25.24134362],[55.16573226,25.24132347],[55.16553223,25.24126315],[55.1654433,25.24116266],[55.16535425,25.24108207],[55.16528761,25.24098146],[55.16517627,25.24098146],[55.16506505,25.24080038],[55.16508734,25.24067974],[55.16515422,25.24057925],[55.16517627,25.24047863]],[[55.17401135,25.23716664],[55.17398918,25.23636198],[55.17610192,25.23616087],[55.17641318,25.23630166],[55.1764667,25.23724318],[55.17583513,25.23738813],[55.17401135,25.23716664]],[[55.17285514,25.23666394],[55.17249918,25.2369858],[55.17123163,25.23656332],[55.17085362,25.23573852],[55.17080915,25.23549712],[55.17196536,25.23489356],[55.17223227,25.23499405],[55.17285514,25.23666394]],[[55.16906822,25.23605287],[55.16875684,25.23629427],[55.16808975,25.23629427],[55.1667999,25.23468494],[55.1667999,25.23460448],[55.16824543,25.23392057],[55.16860116,25.23422241],[55.16906822,25.23605287]],[[55.16911423,25.23427606],[55.16882503,25.23274708],[55.17013705,25.23218393],[55.17020392,25.23258615],[55.17024827,25.2338134],[55.16911423,25.23427606]],[[55.16495395,25.23565066],[55.16419792,25.23571086],[55.16350853,25.23446381],[55.16366422,25.23426247],[55.16484284,25.23394072],[55.16622162,25.23438334],[55.16617715,25.23458445],[55.16495395,25.23565066]],[[55.16577685,25.23569095],[55.16626596,25.23565066],[55.16722226,25.23647535],[55.16717792,25.23681736],[55.16606593,25.23754156],[55.16571021,25.23754156],[55.16508734,25.23677707],[55.16508734,25.23619366],[55.16577685,25.23569095]],[[55.18048263,25.23537302],[55.18157673,25.23502302],[55.18172336,25.23515582],[55.18187034,25.23659205],[55.18175006,25.23670065],[55.18081605,25.23672485],[55.18050933,25.23644733],[55.18032241,25.23554206],[55.18048263,25.23537302]],[[55.18263781,25.24564862],[55.18446445,25.24411428],[55.18466008,25.24443877],[55.18430126,25.24556005],[55.18306184,25.24594355],[55.18263781,25.24564862]],[[55.17284095,25.24723113],[55.1729449,25.2472043],[55.17371595,25.24833083],[55.17466485,25.24930966],[55.17469454,25.25055695],[55.17429423,25.25059724],[55.17322648,25.25040937],[55.17331564,25.24890745],[55.17207015,25.24857223],[55.17192185,25.24796855],[55.17284095,25.24723113]],[[52.86726224,25.1620388],[52.86697984,25.15331006],[52.87025213,25.14940238],[52.87021637,25.14474666],[52.87202775,25.14230156],[52.87809396,25.14147496],[52.87993205,25.13912737],[52.88091183,25.13964033],[52.88068271,25.14138305],[52.88309872,25.14006615],[52.88352525,25.13796318],[52.88347793,25.14019477],[52.88205564,25.14135361],[52.87978005,25.14766204],[52.88137651,25.15975475],[52.88012803,25.16069484],[52.88028765,25.16255856],[52.87819028,25.16337931],[52.87608814,25.16379535],[52.87518024,25.16392696],[52.87001204,25.16328335],[52.86726224,25.1620388]],[[55.12932456,25.14030206],[55.1224277,25.1371479],[55.12177718,25.13671875],[55.11474872,25.13051736],[55.11081481,25.12435913],[55.10872924,25.11815774],[55.10850632,25.11544597],[55.10941672,25.10809422],[55.11266315,25.10279405],[55.11294734,25.10277271],[55.11370575,25.10506856],[55.11147153,25.11075485],[55.11147726,25.11770725],[55.11413193,25.12468088],[55.11906385,25.13046384],[55.12294185,25.13403368],[55.12484491,25.13528097],[55.12958527,25.13695466],[55.13031995,25.13789892],[55.13180625,25.13840044],[55.13897586,25.13916755],[55.14635325,25.13671875],[55.14691186,25.13656855],[55.14726734,25.13671875],[55.14838135,25.13817775],[55.14584506,25.13967991],[55.13907373,25.14149845],[55.13738334,25.14152515],[55.13102412,25.14081967],[55.12932456,25.14030206]],[[55.14936113,25.13671541],[55.14813507,25.13569951],[55.14813507,25.13545811],[55.15181458,25.12908506],[55.15224135,25.12099814],[55.15418768,25.12000847],[55.15514755,25.12476397],[55.154881,25.12792635],[55.15445435,25.12978506],[55.15154803,25.13545811],[55.15013492,25.13671875],[55.14986384,25.13688087],[55.14936113,25.13671541]],[[55.13482254,25.09912114],[55.13505506,25.09888351],[55.13621914,25.09958875],[55.13616918,25.09970821],[55.13482254,25.09912114]],[[55.13616918,25.09970821],[55.13648582,25.09984624],[55.13567722,25.10088444],[55.13616918,25.09970821]],[[55.13482254,25.09912114],[55.13339651,25.10057855],[55.12388003,25.09951913],[55.11467731,25.10283172],[55.11510074,25.10014665],[55.12368751,25.09714794],[55.13097966,25.09744585],[55.13482254,25.09912114]],[[55.14194453,25.10116506],[55.13937426,25.09821868],[55.13775694,25.09842801],[55.13823473,25.09534812],[55.13977838,25.09403884],[55.13989878,25.09644926],[55.14102995,25.09722495],[55.14005756,25.09698963],[55.14093363,25.09816635],[55.1413331,25.09733832],[55.14141011,25.09746468],[55.14346063,25.10226345],[55.14343655,25.10272563],[55.14194453,25.10116506]],[[55.13773399,25.09058914],[55.1364758,25.08978271],[55.13776112,25.08868444],[55.13686955,25.08605576],[55.1296761,25.07624292],[55.12674451,25.07421505],[55.12583828,25.07544625],[55.12521636,25.07337034],[55.12535846,25.07263005],[55.12662005,25.07140684],[55.13013816,25.07047355],[55.13180816,25.07089186],[55.13370943,25.07443237],[55.13390052,25.07459736],[55.13732076,25.07626712],[55.13745415,25.07640791],[55.13709867,25.07777584],[55.13849795,25.07813787],[55.13860905,25.07936501],[55.14069676,25.08002877],[55.14278448,25.0826441],[55.14407313,25.08204055],[55.14560545,25.08346868],[55.14462817,25.08610415],[55.13782334,25.08947301],[55.13773399,25.09058914]],[[55.13773399,25.09058914],[55.13984466,25.09194195],[55.13771963,25.09076846],[55.13773399,25.09058914]],[[55.04580295,25.03664005],[55.04450071,25.03451586],[55.04085398,25.0334537],[55.03903067,25.03451586],[55.03811896,25.03357172],[55.04137504,25.02873302],[55.05557084,25.03770232],[55.06012905,25.04053473],[55.05869663,25.04501927],[55.04580295,25.03664005]],[[52.22559011,25.03292894],[52.22936595,25.02967358],[52.23033261,25.03034127],[52.23460972,25.02941966],[52.2364521,25.03069413],[52.23570347,25.03260601],[52.2350564,25.03289473],[52.23341215,25.03213334],[52.23201764,25.03319848],[52.22904682,25.03254831],[52.22843075,25.03278387],[52.22759831,25.03438473],[52.22559011,25.03292894]],[[51.61910117,24.96704745],[51.62007773,24.96675253],[51.62072861,24.96685982],[51.62134993,24.9679327],[51.61921954,24.9674499],[51.61910117,24.96704745]],[[52.39557612,24.96640122],[52.3928616,24.9638797],[52.39274156,24.9636116],[52.39327931,24.9609375],[52.39326096,24.9609375],[52.39462948,24.95358634],[52.3956567,24.95156384],[52.39954531,24.94763994],[52.40325415,24.94561875],[52.4036777,24.94598281],[52.40444446,24.94849622],[52.40703285,24.94990265],[52.40736294,24.95154536],[52.4068681,24.95298207],[52.39943016,24.95917535],[52.3984853,24.9609375],[52.39851272,24.9609375],[52.39868164,24.96293581],[52.39590204,24.96646094],[52.39557612,24.96640122]],[[52.84321225,24.93690944],[52.84648645,24.93388975],[52.85203588,24.93453026],[52.85072231,24.93247914],[52.85074806,24.92988837],[52.85096395,24.9291687],[52.85237396,24.92704606],[52.85396862,24.92648566],[52.85391855,24.92285144],[52.85468686,24.92215395],[52.85653555,24.92396176],[52.85750425,24.92482364],[52.86020494,24.92444181],[52.85856903,24.92624974],[52.86032975,24.92796731],[52.86022282,24.92845464],[52.85940456,24.93127072],[52.85426605,24.93542755],[52.85334051,24.93739486],[52.85220706,24.94235778],[52.85054493,24.94486415],[52.85026717,24.94502151],[52.84705305,24.94533622],[52.84453595,24.94453692],[52.84217465,24.94326901],[52.84083891,24.94114435],[52.83860946,24.94025886],[52.83903372,24.93877864],[52.84321225,24.93690944]],[[53.71616864,24.90343177],[53.71587241,24.90048575],[53.71676147,24.90043163],[53.71942413,24.90183437],[53.71927798,24.90387475],[53.71902037,24.90401375],[53.71616864,24.90343177]],[[53.06849194,24.87141597],[53.07885027,24.85725403],[53.08178282,24.85948563],[53.08315897,24.86319041],[53.08210266,24.87346578],[53.08217156,24.87374532],[53.08444762,24.87847781],[53.0859375,24.87779021],[53.0859375,24.87723207],[53.09083164,24.87129843],[53.09302533,24.87114811],[53.0859375,24.88030136],[53.0859375,24.88253343],[53.08793306,24.88247585],[53.08836496,24.88358402],[53.08833444,24.88394725],[53.0859375,24.88448656],[53.08254516,24.88482392],[53.08269906,24.88943362],[53.07944131,24.89517045],[53.07433963,24.89781237],[53.06812406,24.89924502],[53.06294465,24.89882433],[53.05712986,24.88756084],[53.05965865,24.88111234],[53.06387985,24.87635136],[53.06435275,24.87304676],[53.06849194,24.87141597]],[[53.53259742,24.89679694],[53.53302693,24.89632607],[53.53418624,24.89660871],[53.53454328,24.89715052],[53.53479385,24.89825511],[53.53445625,24.89861214],[53.53393388,24.89881218],[53.53281915,24.89800656],[53.53259742,24.89679694]],[[54.75383735,24.87218845],[54.75308073,24.87047195],[54.75431037,24.86257553],[54.75686455,24.85279083],[54.75554025,24.84961498],[54.73775554,24.84395015],[54.72374725,24.83240604],[54.71249342,24.81845856],[54.70771766,24.81729984],[54.70785952,24.8191452],[54.70539927,24.81519687],[54.70577896,24.81476784],[54.70681918,24.81438148],[54.70885253,24.81592655],[54.71310163,24.81559455],[54.71433747,24.81536865],[54.72383964,24.80918884],[54.72665966,24.81012714],[54.72738767,24.80754375],[54.73459995,24.80540693],[54.7376523,24.80278361],[54.74271452,24.804618],[54.74865961,24.80187428],[54.75419104,24.80337381],[54.76394784,24.80079353],[54.76744342,24.80208361],[54.77009392,24.80504751],[54.77020895,24.80975473],[54.76146746,24.82492065],[54.76072037,24.83001351],[54.76191151,24.83590615],[54.75999045,24.83590615],[54.750458,24.83657706],[54.74553144,24.83809698],[54.74212074,24.83693397],[54.73425961,24.83125937],[54.73359776,24.83126175],[54.73280334,24.83296275],[54.73284936,24.83328426],[54.73551476,24.83460987],[54.73746395,24.83940124],[54.74030125,24.84223366],[54.74559724,24.84334946],[54.75391972,24.84146106],[54.75817537,24.84300613],[54.75883734,24.84412193],[54.76158011,24.84704006],[54.76148546,24.84807014],[54.75997233,24.84978676],[54.75582397,24.87167347],[54.75383735,24.87218845]],[[53.61453331,24.83729816],[53.61360276,24.83755052],[53.61268401,24.83743453],[53.61243772,24.83611023],[53.61306584,24.83426654],[53.61686742,24.83421361],[53.61694336,24.83451474],[53.61453331,24.83729816]],[[53.61533761,24.85673738],[53.61340702,24.85930991],[53.61140001,24.86143041],[53.60951066,24.86128116],[53.60992634,24.85957694],[53.61418891,24.85521138],[53.61476004,24.85532272],[53.61525965,24.85634267],[53.61533761,24.85673738]],[[53.69899595,24.85692215],[53.7007575,24.85673904],[53.70245588,24.85770524],[53.70227694,24.85793555],[53.69817984,24.85961151],[53.69654143,24.85925221],[53.69859993,24.85713375],[53.69899595,24.85692215]],[[52.55511796,24.78543425],[52.55521333,24.78515625],[52.55521917,24.78515625],[52.55808961,24.77743697],[52.56388664,24.77431941],[52.56442022,24.77423775],[52.56569624,24.77601683],[52.56684351,24.77546132],[52.56712258,24.77595603],[52.56608582,24.77864635],[52.56963766,24.78515625],[52.56965685,24.78515625],[52.57116807,24.78663957],[52.57143104,24.78884685],[52.57095826,24.79073524],[52.56657577,24.79909313],[52.56510067,24.80073607],[52.56178772,24.80215073],[52.55791152,24.80266571],[52.5515846,24.80032742],[52.54892576,24.795717],[52.54941583,24.78992546],[52.54958606,24.78949904],[52.55511796,24.78543425]],[[54.67361903,24.77569497],[54.67120492,24.77278304],[54.67139435,24.77124441],[54.67219853,24.77156055],[54.67492831,24.77494228],[54.67478335,24.77536225],[54.67398012,24.77560174],[54.67361903,24.77569497]],[[51.60746443,24.74866116],[51.60791576,24.74790287],[51.60915208,24.74794066],[51.61020327,24.74998188],[51.6127398,24.75074875],[51.61156082,24.75287652],[51.60996056,24.75355375],[51.60914636,24.75365615],[51.60822046,24.75276387],[51.60746443,24.74866116]],[[51.59389281,24.74476004],[51.59605181,24.74407887],[51.59666121,24.74440551],[51.59672916,24.74494231],[51.59465206,24.74662101],[51.59409702,24.74669301],[51.59339416,24.74608827],[51.59389281,24.74476004]],[[54.65973687,24.68916714],[54.66028666,24.68807125],[54.66147327,24.68938375],[54.66144228,24.69100904],[54.65973687,24.68916714]],[[54.6187973,24.68294394],[54.61940515,24.68188095],[54.62083638,24.68060875],[54.6221081,24.68083751],[54.62279463,24.68320107],[54.62234223,24.68403196],[54.61945975,24.68732595],[54.61807644,24.68754017],[54.61765742,24.68736041],[54.6187973,24.68294394]],[[51.82217216,24.66577482],[51.82121205,24.66473377],[51.82075655,24.66468465],[51.81889248,24.66541171],[51.81592047,24.66368854],[51.8199774,24.66310012],[51.82153416,24.66004813],[51.82404971,24.66313255],[51.82416224,24.66469896],[51.82247972,24.66567397],[51.82217216,24.66577482]],[[54.54880381,24.63666523],[54.53794897,24.63371801],[54.5354501,24.63500345],[54.53355575,24.63451242],[54.53383362,24.63004828],[54.53204644,24.62914264],[54.52805197,24.62183821],[54.52368212,24.61781895],[54.5162791,24.61347616],[54.51352966,24.6125133],[54.51168156,24.61291707],[54.51119804,24.61319685],[54.51148367,24.61583614],[54.51108253,24.61606562],[54.50767386,24.61548615],[54.50562704,24.61704981],[54.50530136,24.61712193],[54.50364184,24.61676073],[54.50209284,24.61536956],[54.50195813,24.6150738],[54.50490963,24.61358154],[54.50192833,24.6113137],[54.50168908,24.609375],[54.5017277,24.60884166],[54.50440228,24.60803831],[54.50482237,24.60805881],[54.51278222,24.60990512],[54.51317084,24.60984933],[54.52509511,24.60496068],[54.52585328,24.60500264],[54.52999651,24.60792947],[54.54452252,24.61209536],[54.54735863,24.609375],[54.55430627,24.60497296],[54.55588043,24.60467148],[54.55646014,24.60492885],[54.55916202,24.6079967],[54.55937076,24.609375],[54.55937076,24.60979354],[54.55259824,24.61622441],[54.55249083,24.61655247],[54.5521034,24.6258409],[54.55218232,24.62706053],[54.55346227,24.63147867],[54.551916,24.6355828],[54.54880381,24.63666523]],[[54.56666851,24.609375],[54.56368327,24.60386562],[54.56445396,24.60136366],[54.56515861,24.60071051],[54.56556702,24.60065293],[54.57098305,24.60176873],[54.5772469,24.59995174],[54.57765162,24.59999931],[54.57796502,24.60053778],[54.57533085,24.60704422],[54.57533467,24.60779214],[54.57555711,24.609375],[54.57562995,24.609375],[54.57543945,24.61361134],[54.57507765,24.61431861],[54.57366455,24.61597121],[54.56863463,24.61875701],[54.56797576,24.61897707],[54.56472743,24.61907816],[54.56333435,24.61933053],[54.56149185,24.61904395],[54.55912924,24.61705732],[54.56026936,24.61491537],[54.56669676,24.61009121],[54.56673336,24.609375],[54.56666851,24.609375]],[[51.72734725,24.59903085],[51.72336447,24.6015625],[51.72244513,24.6015625],[51.72086406,24.59944475],[51.72040153,24.59923482],[51.71639144,24.59863412],[51.71337438,24.59561586],[51.71528161,24.59262455],[51.71342385,24.59197664],[51.71420991,24.58993864],[51.71278405,24.58589125],[51.71036363,24.58530498],[51.71080482,24.58333194],[51.70822728,24.58035958],[51.71370935,24.57458234],[51.71316958,24.57304895],[51.71496332,24.57265294],[51.71904302,24.56712246],[51.72214043,24.5676316],[51.72308457,24.57068527],[51.72704756,24.57600355],[51.72761321,24.57662916],[51.73021221,24.57640433],[51.73292542,24.58430994],[51.73314691,24.58862674],[51.73577487,24.59011602],[51.73573136,24.59045815],[51.73486185,24.59177315],[51.73350906,24.59070134],[51.73159087,24.59209585],[51.72800195,24.59351695],[51.72654557,24.59640741],[51.72734725,24.59903085]],[[53.32273614,24.58663511],[53.32598448,24.58517075],[53.32587767,24.58780885],[53.32464385,24.5886842],[53.32409585,24.58876288],[53.32273614,24.58663511]],[[54.47223926,24.58571267],[54.46370435,24.57529485],[54.44892085,24.56043232],[54.43387067,24.54808664],[54.43197906,24.5468297],[54.42433321,24.54224122],[54.42308128,24.54165936],[54.39994085,24.53885663],[54.39581156,24.53992391],[54.39447236,24.53759325],[54.39606297,24.53470206],[54.40204883,24.52994251],[54.40162861,24.52849555],[54.41148973,24.52142584],[54.41571426,24.52044046],[54.41833556,24.52102303],[54.42933154,24.51839173],[54.45301461,24.50718927],[54.46203673,24.50426412],[54.46482575,24.50548601],[54.46011901,24.51435101],[54.46277118,24.51398122],[54.46386206,24.50930083],[54.46780956,24.50441694],[54.46791446,24.50414026],[54.46712196,24.50053024],[54.46892405,24.49512541],[54.47040284,24.49394846],[54.47139025,24.49395037],[54.4723984,24.49476051],[54.47560382,24.50153446],[54.47569215,24.50430453],[54.47433233,24.50532591],[54.47111785,24.51518095],[54.46717453,24.51987875],[54.46575582,24.52489102],[54.46230054,24.53036511],[54.45657885,24.5464195],[54.4569844,24.5483464],[54.4558537,24.55125475],[54.45592797,24.5518198],[54.45824254,24.55567884],[54.45907784,24.56013346],[54.46617532,24.56799662],[54.46890056,24.57573032],[54.47260976,24.5813117],[54.47757494,24.58518386],[54.47718418,24.58594012],[54.47412825,24.58656573],[54.47280335,24.58621955],[54.47223926,24.58571267]],[[54.5173763,24.57075405],[54.52286136,24.56850457],[54.52331781,24.56804144],[54.52387345,24.56351566],[54.52417398,24.56317663],[54.52649963,24.56153345],[54.52939427,24.56135428],[54.53487837,24.5589174],[54.54027355,24.55890656],[54.54324937,24.5630697],[54.553285,24.56470442],[54.56583607,24.55940104],[54.56998217,24.55678976],[54.57034743,24.55440176],[54.57919753,24.55362892],[54.58245337,24.55161834],[54.58306646,24.55161834],[54.58475316,24.55313861],[54.58259153,24.55604637],[54.58024454,24.55683005],[54.57191205,24.56432891],[54.57450581,24.56608283],[54.57727778,24.56634343],[54.58072364,24.56420374],[54.58513522,24.56320095],[54.58226776,24.56068635],[54.58547854,24.55525076],[54.58740854,24.56351435],[54.58615756,24.56515574],[54.58737636,24.56690454],[54.58948636,24.56660473],[54.59109867,24.56744742],[54.59113395,24.56782424],[54.58863497,24.56756782],[54.58463323,24.56995213],[54.58000231,24.56983566],[54.57671463,24.567873],[54.56647897,24.56827414],[54.56109095,24.56968224],[54.55778182,24.56831145],[54.55230236,24.57407486],[54.54707694,24.57176745],[54.54286385,24.57309544],[54.53476727,24.573228],[54.53222287,24.57555592],[54.52728605,24.57697928],[54.52298844,24.57700241],[54.51641643,24.57889295],[54.51418161,24.57842672],[54.51791692,24.57595575],[54.51718724,24.57098103],[54.5173763,24.57075405]],[[54.57481432,24.55324745],[54.57256722,24.55377805],[54.57099485,24.55371094],[54.57122874,24.55068755],[54.56551313,24.54590905],[54.56731367,24.53958488],[54.57019496,24.53729045],[54.57066572,24.53716898],[54.57265091,24.53759766],[54.5752182,24.53901374],[54.57631862,24.54340315],[54.57716036,24.54366076],[54.57945263,24.54534352],[54.57817471,24.55039942],[54.57513642,24.55308116],[54.57481432,24.55324745]],[[54.53309154,24.54585743],[54.52871275,24.55029762],[54.52429366,24.55001438],[54.5220983,24.55061126],[54.51694393,24.55303693],[54.51684225,24.55436397],[54.51327503,24.55668342],[54.51183963,24.55426371],[54.51318717,24.55306566],[54.50618064,24.55056155],[54.50677133,24.55008781],[54.50309706,24.54872382],[54.50204265,24.54664254],[54.49776804,24.54726255],[54.50057447,24.54294205],[54.50414598,24.54241896],[54.50548661,24.53807664],[54.51062536,24.53430486],[54.51896155,24.52540135],[54.52445304,24.52568614],[54.52718115,24.52431798],[54.52821982,24.52443325],[54.52858722,24.52466536],[54.52927697,24.5268892],[54.53494513,24.53041291],[54.54749131,24.52831626],[54.54787087,24.52870095],[54.54820633,24.53001535],[54.54699552,24.53818083],[54.54649281,24.53942573],[54.54518294,24.54143202],[54.54352605,24.54294026],[54.54105115,24.54414272],[54.53718281,24.54550385],[54.53309154,24.54585743]],[[54.5511924,24.53060353],[54.55467951,24.53043878],[54.55479252,24.53111064],[54.55338776,24.5339365],[54.54937446,24.53605235],[54.54835784,24.53417897],[54.54973221,24.53143835],[54.5511924,24.53060353]],[[54.55522203,24.53094924],[54.5551908,24.52964687],[54.55635345,24.52771795],[54.55671573,24.52743435],[54.56020725,24.52724636],[54.56171155,24.52544403],[54.56816101,24.5251652],[54.56983316,24.52598405],[54.57001865,24.52636731],[54.57057357,24.52892327],[54.56963944,24.53096211],[54.56225097,24.53100574],[54.56049585,24.53357756],[54.56024778,24.53373158],[54.55821121,24.53453445],[54.55567086,24.53455985],[54.55522203,24.53094924]],[[54.55379534,24.52958214],[54.55193067,24.52973831],[54.55187893,24.52942693],[54.55258918,24.52779365],[54.55351424,24.52739787],[54.55412006,24.5274657],[54.55504036,24.52861226],[54.55474412,24.52907455],[54.55379534,24.52958214]],[[54.54657984,24.54713511],[54.54850161,24.54700244],[54.54876125,24.54724574],[54.54875195,24.54954338],[54.54854441,24.54976976],[54.54691422,24.54998434],[54.54534996,24.54842997],[54.54524076,24.54807186],[54.54657984,24.54713511]],[[54.43873775,24.49460566],[54.43444085,24.49585295],[54.43390107,24.49520957],[54.43511677,24.49300003],[54.43492317,24.48846757],[54.43908811,24.48697424],[54.44043851,24.48490214],[54.44301724,24.48535037],[54.44331396,24.48528755],[54.44971442,24.48313093],[54.44992995,24.48283875],[54.44904041,24.47968173],[54.44863868,24.4796741],[54.44573581,24.48266757],[54.43188214,24.48674893],[54.43165457,24.48656714],[54.42956483,24.48141742],[54.43396676,24.47751093],[54.43751776,24.47021055],[54.44697785,24.46986604],[54.45749652,24.46349466],[54.46693826,24.45287526],[54.46932304,24.45177138],[54.46638107,24.45939291],[54.47365236,24.46532798],[54.47837841,24.46741533],[54.47562015,24.47163844],[54.47268927,24.47282875],[54.46906161,24.48476088],[54.46567321,24.48685825],[54.45704615,24.48808277],[54.44453382,24.49353337],[54.44215846,24.49424565],[54.43873775,24.49460566]],[[54.48350048,24.47368216],[54.48547316,24.47359753],[54.48695612,24.47416353],[54.48722231,24.47475612],[54.48718143,24.47558415],[54.48404157,24.48099411],[54.48066521,24.48333716],[54.4738481,24.48468351],[54.47322392,24.47700381],[54.48350048,24.47368216]],[[54.48950803,24.47685623],[54.49116182,24.47217631],[54.4921875,24.47181904],[54.49445474,24.46923041],[54.51653075,24.45789766],[54.53671765,24.4522649],[54.5408833,24.44821203],[54.54356837,24.43998814],[54.54536235,24.43884706],[54.54993975,24.43890131],[54.56132364,24.44306552],[54.56406414,24.44311047],[54.56683683,24.44457805],[54.56810415,24.44570923],[54.56844676,24.44691575],[54.56809282,24.4485383],[54.56586945,24.45102978],[54.56498694,24.45480776],[54.56125796,24.45951605],[54.56040525,24.46017134],[54.5487715,24.46562326],[54.54839611,24.4657551],[54.54201806,24.46686494],[54.53032482,24.47095263],[54.52579665,24.47188604],[54.51710892,24.47301817],[54.51025474,24.47668636],[54.49687362,24.47813726],[54.49641812,24.47824931],[54.49443746,24.47994554],[54.4921875,24.47991073],[54.4921875,24.47963154],[54.49109316,24.47960591],[54.49055433,24.47931278],[54.48959255,24.47746098],[54.48950803,24.47685623]],[[54.50766027,24.45910168],[54.50260556,24.46158946],[54.49827111,24.45829237],[54.49835467,24.45566285],[54.50333393,24.44283116],[54.49575031,24.4421339],[54.49421227,24.44654608],[54.49335945,24.44694376],[54.4921875,24.44642854],[54.49169028,24.44401681],[54.49054134,24.4426918],[54.4831109,24.4432497],[54.48663461,24.44868922],[54.48854971,24.45545375],[54.48387694,24.45698786],[54.48104262,24.45398915],[54.47951102,24.44722474],[54.47751915,24.44520235],[54.47813213,24.44401681],[54.47683108,24.44330466],[54.47582281,24.44091141],[54.47573197,24.43952155],[54.47691011,24.43634665],[54.47712493,24.43593001],[54.47931421,24.43359375],[54.47980738,24.43329167],[54.49216735,24.43213463],[54.49658596,24.43177235],[54.49698365,24.42581785],[54.51351535,24.42554796],[54.51874971,24.4305253],[54.53921986,24.43631875],[54.54059875,24.43873274],[54.54085112,24.44174588],[54.54073894,24.4424926],[54.53975022,24.4472301],[54.53457725,24.45204735],[54.50766027,24.45910168]],[[54.47033715,24.43222785],[54.4701575,24.43359375],[54.46981251,24.43359375],[54.46664965,24.43962753],[54.46578705,24.4446069],[54.46436095,24.44549203],[54.46183264,24.44472492],[54.46170306,24.44431186],[54.46384227,24.44413483],[54.46358526,24.44262016],[54.4613142,24.44260061],[54.46127164,24.44378364],[54.45982325,24.44413483],[54.45152044,24.44203675],[54.45069265,24.44203436],[54.44364011,24.44534755],[54.44552946,24.44711781],[54.44494581,24.44884408],[54.44664455,24.45244324],[54.44052148,24.45656228],[54.43350446,24.46602702],[54.4302634,24.46632194],[54.4301337,24.46874142],[54.42183626,24.47133768],[54.41823983,24.46918094],[54.41186476,24.47074437],[54.38841796,24.48914814],[54.38250875,24.50190055],[54.38952923,24.51311624],[54.39544058,24.51583242],[54.39827025,24.51917326],[54.39896476,24.52075231],[54.39865327,24.5231688],[54.39029777,24.53209508],[54.38937795,24.52644634],[54.39597034,24.51947272],[54.39252925,24.51592386],[54.38154984,24.52587116],[54.38699007,24.53609776],[54.38677132,24.53658605],[54.37960374,24.54104078],[54.35887051,24.53613985],[54.36523223,24.53655827],[54.36645865,24.52902675],[54.36300945,24.52860832],[54.36155307,24.53335035],[54.36280954,24.52447343],[54.35963702,24.51696205],[54.366382,24.51201081],[54.37366354,24.51751995],[54.37481332,24.51591611],[54.36791492,24.51047647],[54.36921787,24.50908184],[54.37481332,24.51319635],[54.37626946,24.51270807],[54.37573314,24.51187134],[54.36032653,24.49743557],[54.35151327,24.49150801],[54.34316111,24.47553813],[54.34130788,24.47403657],[54.34000361,24.47464466],[54.33903265,24.47267675],[54.33084488,24.46845925],[54.32728541,24.46534133],[54.32688332,24.4651587],[54.32350826,24.46523297],[54.32262433,24.47043645],[54.33199525,24.47628367],[54.33323288,24.47837591],[54.33205426,24.47885871],[54.3252176,24.47403073],[54.32486391,24.47628367],[54.32822335,24.4780004],[54.32545316,24.48148716],[54.31955945,24.48315024],[54.31696641,24.48191643],[54.31779134,24.47939515],[54.31667173,24.47950244],[54.31673062,24.47826862],[54.31826305,24.47714198],[54.31667173,24.47531807],[54.31348896,24.47805405],[54.31360686,24.47955596],[54.31737888,24.48400855],[54.31543386,24.48481321],[54.31060123,24.47767854],[54.31596434,24.47252858],[54.32067943,24.47134852],[54.32138658,24.47038293],[54.32120967,24.4687736],[54.31891131,24.46566224],[54.31796825,24.46469665],[54.31372476,24.46330178],[54.31148517,24.46399915],[54.31101358,24.46453571],[54.31089592,24.4664669],[54.31189775,24.46920276],[54.30977595,24.46684241],[54.30329287,24.46550131],[54.30347252,24.46451223],[54.30225146,24.46449101],[54.30269432,24.46743262],[54.30194402,24.46763575],[54.30161226,24.46742415],[54.30100775,24.46543336],[54.30146158,24.46203101],[54.30028856,24.45868838],[54.30164397,24.455899],[54.30842125,24.45316315],[54.30906951,24.4508028],[54.31284106,24.45074916],[54.31331265,24.45257294],[54.31566978,24.4531095],[54.31655395,24.45498705],[54.31749666,24.45557713],[54.31920576,24.45493341],[54.32132745,24.45783007],[54.32368457,24.45799112],[54.32509887,24.45783007],[54.32657218,24.45579171],[54.32191658,24.45638168],[54.32109165,24.45477235],[54.32551146,24.45514786],[54.32987952,24.45348561],[54.33806396,24.45380676],[54.33806396,24.45268035],[54.33022642,24.45144653],[54.32946014,24.45117831],[54.3289299,24.45037365],[54.3289299,24.44956887],[54.32993174,24.44903255],[54.33105135,24.44876432],[54.33441043,24.44930065],[54.33441043,24.44854975],[54.33765161,24.44785225],[54.33841765,24.44785225],[54.33883011,24.44972992],[54.34024453,24.45032001],[54.33939672,24.45314574],[54.34623146,24.45303333],[54.34769285,24.45085752],[54.34260952,24.45095932],[54.34159994,24.44967616],[54.34648621,24.44532526],[54.35261405,24.44211328],[54.36210644,24.43379748],[54.36657298,24.42961824],[54.37308216,24.42963505],[54.38097835,24.42647564],[54.38180375,24.4249531],[54.39712286,24.41914463],[54.39877546,24.42303908],[54.39688683,24.42568076],[54.3804996,24.43017924],[54.38088834,24.43132985],[54.39663684,24.42696333],[54.39838672,24.42625523],[54.40023375,24.42123425],[54.40355516,24.42000616],[54.40881002,24.42075884],[54.41672623,24.41617012],[54.42025542,24.41158092],[54.45084751,24.40132141],[54.45358086,24.40835953],[54.42096782,24.41814423],[54.42153335,24.42020404],[54.44057345,24.41514015],[54.46677685,24.40604198],[54.46611714,24.40398204],[54.45706844,24.40698624],[54.45442915,24.40114975],[54.46720445,24.39620626],[54.47338975,24.39701104],[54.47988427,24.40035045],[54.4837234,24.40290976],[54.48766005,24.40883946],[54.48496485,24.42280054],[54.48443472,24.42372584],[54.47997177,24.42754805],[54.47033715,24.43222785]],[[54.43598914,24.39805984],[54.41865051,24.40389633],[54.39801383,24.39557076],[54.41935313,24.3839407],[54.44069243,24.37231064],[54.45727456,24.36939228],[54.45162153,24.35420024],[54.44021535,24.35308445],[54.43597674,24.34922206],[54.43371606,24.34570312],[54.43145537,24.34115398],[54.42985415,24.33274257],[54.43051362,24.3302536],[54.43145537,24.32948112],[54.43578827,24.32930934],[54.43673027,24.32759285],[54.43173814,24.32673454],[54.42891216,24.32518947],[54.42731094,24.32381618],[54.42420244,24.31918144],[54.42392004,24.31446075],[54.42081165,24.31077003],[54.42034066,24.30819511],[54.42231858,24.29986954],[54.4253329,24.30047035],[54.42938316,24.29755211],[54.43607104,24.30673587],[54.43541157,24.30733681],[54.43861425,24.31282985],[54.43729556,24.31317318],[54.43390453,24.30707931],[54.43041933,24.30862415],[54.43569422,24.31729305],[54.43644774,24.31703556],[54.44191086,24.32527542],[54.44699752,24.33016765],[54.45973551,24.37093735],[54.46171427,24.37917697],[54.46143162,24.38295364],[54.45851052,24.39042091],[54.43598914,24.39805984]],[[54.44123411,24.31815136],[54.43831456,24.31411743],[54.43953884,24.31377411],[54.44123411,24.31634903],[54.44349444,24.31763637],[54.44603717,24.31961048],[54.44547224,24.32029724],[54.44123411,24.31815136]],[[54.44302344,24.31385994],[54.43264985,24.29686534],[54.40741706,24.28030014],[54.38576198,24.27034366],[54.38444376,24.26630974],[54.38576198,24.26382065],[54.38670361,24.26244736],[54.38792753,24.26193225],[54.39094043,24.26218975],[54.41381943,24.27283275],[54.43501806,24.28974152],[54.45149982,24.31145656],[54.45159388,24.31308734],[54.45074618,24.31463242],[54.44886267,24.31686401],[54.44829762,24.31720734],[54.44302344,24.31385994]],[[54.38073373,24.2743659],[54.37851405,24.27626324],[54.37650347,24.27441955],[54.37872314,24.27191114],[54.38004577,24.27209735],[54.38073373,24.2743659]],[[54.31257975,24.31426966],[54.31640625,24.31873155],[54.31915045,24.32111168],[54.32132626,24.32225883],[54.32637215,24.32192707],[54.32563567,24.32697105],[54.32948351,24.33495927],[54.33078313,24.34157431],[54.34348154,24.34992826],[54.3451097,24.35285616],[54.34826624,24.35259306],[54.35073507,24.35396695],[54.34860885,24.35657573],[54.34516346,24.35600865],[54.34229505,24.35922825],[54.34436965,24.36064565],[54.34045374,24.36385965],[54.33953714,24.36621821],[54.33758426,24.36823785],[54.33394992,24.36806238],[54.32026184,24.38515651],[54.31640625,24.38585997],[54.31452703,24.38626564],[54.31456017,24.38864791],[54.31258094,24.38989484],[54.31257296,24.39240873],[54.31160665,24.39408267],[54.30993986,24.39534974],[54.30415487,24.39695382],[54.29696155,24.39740336],[54.2940284,24.39821148],[54.29169214,24.39675105],[54.28842175,24.38295507],[54.29096985,24.38060307],[54.29716504,24.37961698],[54.29851937,24.37796044],[54.29407084,24.37915754],[54.28910196,24.37894225],[54.28744686,24.38074267],[54.28705394,24.37813556],[54.28553355,24.37730122],[54.28263986,24.37723887],[54.28256047,24.38035226],[54.27851963,24.37857366],[54.27708316,24.37941062],[54.27696502,24.37680948],[54.27977216,24.37625158],[54.27469492,24.37513554],[54.27388275,24.37208652],[54.27868021,24.36560404],[54.28716302,24.36171496],[54.29103494,24.35664093],[54.29127586,24.35496855],[54.28847444,24.35005856],[54.28840971,24.34612155],[54.29613745,24.3385812],[54.29888356,24.33047342],[54.30651188,24.31741881],[54.31025076,24.31260586],[54.31532705,24.30945826],[54.31319594,24.31145716],[54.31242645,24.31349075],[54.31257975,24.31426966]],[[54.38769782,24.39924502],[54.39417696,24.39655805],[54.39469016,24.39656186],[54.40036964,24.39771652],[54.41685116,24.40449715],[54.39024234,24.41368258],[54.36363351,24.42286801],[54.35052204,24.43359375],[54.35027516,24.43359375],[54.33977318,24.44137633],[54.33813214,24.44175315],[54.32862318,24.44282353],[54.32892036,24.44472003],[54.32698214,24.44724083],[54.32387078,24.44766986],[54.32184374,24.44711196],[54.31906247,24.44217682],[54.32339954,24.43977356],[54.32428432,24.43829656],[54.32483506,24.43359375],[54.32482052,24.43359375],[54.32780182,24.41759431],[54.32791245,24.41713655],[54.32962692,24.41576612],[54.33640337,24.41426277],[54.33973956,24.41610563],[54.34423757,24.41583145],[54.34637606,24.41252923],[54.34695363,24.41227376],[54.35957694,24.40926051],[54.36414886,24.40619004],[54.38212132,24.39893365],[54.38769782,24.39924502]],[[54.30198371,24.41371405],[54.30142355,24.4138087],[54.29775953,24.40694046],[54.29829276,24.40063882],[54.29876661,24.40016055],[54.29994476,24.40023291],[54.30034554,24.40079796],[54.30040383,24.40779448],[54.30336344,24.41309965],[54.30198371,24.41371405]],[[52.65229726,24.41755986],[52.64895785,24.41892993],[52.64850175,24.41913652],[52.64615726,24.41822445],[52.64522886,24.41535342],[52.64562738,24.41464531],[52.64891744,24.41459405],[52.65039146,24.41263175],[52.65059817,24.40962982],[52.65382481,24.40793896],[52.65413475,24.40806305],[52.65491164,24.41062665],[52.65188324,24.41309917],[52.65256214,24.41714692],[52.65229726,24.41755986]],[[51.57309806,24.41222465],[51.57402635,24.41408825],[51.57060444,24.41408765],[51.56938255,24.41134632],[51.56897545,24.41471875],[51.57189965,24.41675806],[51.57071817,24.41973746],[51.56668317,24.42041445],[51.56315911,24.41942775],[51.56192565,24.41953886],[51.55237496,24.42076898],[51.55046916,24.42115462],[51.54779828,24.42391455],[51.54538453,24.42469215],[51.53697395,24.41434705],[51.53412497,24.4152354],[51.53271127,24.40858173],[51.53119385,24.40636945],[51.53125012,24.40600073],[51.53562713,24.40138972],[51.53604984,24.40127552],[51.53845513,24.40332007],[51.53682041,24.40448725],[51.53746808,24.40578854],[51.54302871,24.40785515],[51.54370415,24.40790021],[51.5455538,24.40261304],[51.54462326,24.40846026],[51.54974556,24.40898502],[51.55243754,24.40420234],[51.55457008,24.40254486],[51.55496097,24.40229023],[51.56023586,24.40019464],[51.56285894,24.39997125],[51.56358206,24.40028524],[51.56375503,24.40065694],[51.56085741,24.40277648],[51.55802166,24.40302551],[51.55677116,24.40355778],[51.55609036,24.40444124],[51.55603802,24.40788353],[51.55396545,24.40789854],[51.55309856,24.41061246],[51.55401218,24.41555393],[51.55918455,24.41717064],[51.55837393,24.41818821],[51.55954874,24.41883194],[51.56181252,24.41715407],[51.56608546,24.41619015],[51.56593466,24.40240133],[51.56812072,24.40326786],[51.56815863,24.40842605],[51.56923795,24.4103899],[51.57309806,24.41222465]],[[51.56290185,24.40563774],[51.56260252,24.40620756],[51.56134295,24.40569615],[51.56108856,24.40463567],[51.56127655,24.40397596],[51.56214464,24.40394676],[51.56333292,24.40476835],[51.56290185,24.40563774]],[[51.50484395,24.39968765],[51.50369382,24.40184903],[51.50038338,24.40019858],[51.49973631,24.39616084],[51.50194633,24.39274645],[51.50463223,24.39225972],[51.505692,24.39471507],[51.50220263,24.39844835],[51.50484395,24.39968765]],[[52.75861776,24.39524424],[52.75999677,24.3940047],[52.76363921,24.39581835],[52.7636168,24.39208126],[52.76929176,24.38825846],[52.77132916,24.38723946],[52.77165282,24.38795257],[52.77160025,24.38995051],[52.76944864,24.39101517],[52.76672983,24.39552498],[52.7644273,24.39613926],[52.76294863,24.39742374],[52.75866783,24.39554477],[52.75861776,24.39524424]],[[53.41722381,24.39404917],[53.41644371,24.39299667],[53.41713202,24.39133716],[53.41976142,24.38641071],[53.41993797,24.38618207],[53.42281282,24.38456345],[53.42277336,24.38184333],[53.42327344,24.38176882],[53.42419767,24.38214767],[53.42537081,24.3843466],[53.42370331,24.38546336],[53.42457545,24.38656938],[53.42324436,24.38963127],[53.42308617,24.38988435],[53.42045975,24.39179897],[53.41875017,24.39490294],[53.41620791,24.39656305],[53.4154222,24.39684987],[53.41513455,24.39646936],[53.41538405,24.39522338],[53.41565764,24.39463937],[53.41722381,24.39404917]],[[51.70433164,24.38331091],[51.70398331,24.38340437],[51.70463073,24.38117254],[51.70623565,24.38108695],[51.70433164,24.38331091]],[[51.59916878,24.38012052],[51.5806483,24.38497567],[51.57972908,24.38529325],[51.57361805,24.38484275],[51.57334471,24.38450336],[51.57327986,24.38397408],[51.5735234,24.38327122],[51.57640445,24.38145697],[51.58045506,24.38353503],[51.58251965,24.38347232],[51.60185611,24.37844384],[51.59916878,24.38012052]],[[52.77950585,24.39338255],[52.77614021,24.39341521],[52.77558291,24.39312124],[52.77457833,24.39018583],[52.77676463,24.38838768],[52.77980792,24.38840747],[52.78115106,24.38986278],[52.78132832,24.3918401],[52.78087688,24.39269054],[52.77950585,24.39338255]],[[51.53470504,24.39210331],[51.53414965,24.3923732],[51.53348935,24.39147556],[51.53372026,24.39060915],[51.53516185,24.38919556],[51.53551376,24.38937187],[51.53587306,24.39082575],[51.53570414,24.39139652],[51.53470504,24.39210331]],[[51.50552773,24.40109813],[51.50621414,24.40084708],[51.50804365,24.40248013],[51.50768924,24.40320611],[51.50606287,24.40352273],[51.50563526,24.40318036],[51.50509036,24.40150201],[51.50552773,24.40109813]],[[51.52262628,24.42459536],[51.52211642,24.42507792],[51.51960027,24.42553985],[51.51917911,24.42506826],[51.51907265,24.42459822],[51.52020001,24.42347968],[51.52139843,24.42330146],[51.52223778,24.42337716],[51.52265584,24.42357814],[51.52262628,24.42459536]],[[52.30846107,24.43359375],[52.30837774,24.42420125],[52.30753934,24.42298806],[52.30578208,24.42423046],[52.30357611,24.42370701],[52.30353522,24.41950142],[52.306216,24.41795313],[52.31497145,24.41942096],[52.31517673,24.41992116],[52.31549847,24.43359375],[52.31568766,24.43359375],[52.31608164,24.45264673],[52.31906021,24.47139454],[52.31988895,24.47228336],[52.32139683,24.47103333],[52.32323468,24.47192276],[52.3208003,24.47425675],[52.32276976,24.47837615],[52.32841957,24.48512697],[52.33345985,24.48439157],[52.33029211,24.48781943],[52.33196127,24.49289465],[52.33509505,24.49142885],[52.33817756,24.49143148],[52.34335256,24.49362731],[52.34198403,24.49497151],[52.34169126,24.50198913],[52.33924675,24.50544846],[52.33311772,24.53247941],[52.32440233,24.53422916],[52.32220554,24.53573895],[52.32125604,24.53929996],[52.31061757,24.54256296],[52.30979466,24.54428375],[52.30944204,24.54467976],[52.30482745,24.54413092],[52.30355465,24.54146814],[52.30826914,24.5414952],[52.30306292,24.53878701],[52.30044973,24.53458297],[52.29419386,24.53072715],[52.28307235,24.51207077],[52.28013301,24.50906813],[52.28091025,24.50362945],[52.28285682,24.50077617],[52.28603244,24.49076045],[52.29002821,24.48762345],[52.29419363,24.48688412],[52.29506075,24.48468971],[52.29931176,24.48438597],[52.29906332,24.48329425],[52.30210233,24.48145223],[52.30127633,24.47759664],[52.30296803,24.47771776],[52.30339885,24.47803521],[52.30430281,24.48010755],[52.30571008,24.48011482],[52.30613983,24.47977746],[52.30609417,24.47627187],[52.3086009,24.47406483],[52.30932093,24.47250974],[52.31105757,24.46749616],[52.31109011,24.46219313],[52.31075108,24.45223033],[52.30951726,24.44698882],[52.30776036,24.44752586],[52.30917525,24.44378436],[52.30833137,24.43359375],[52.30846107,24.43359375]],[[51.54574418,24.43359375],[51.54487574,24.43469834],[51.54499495,24.43492544],[51.54713917,24.43656528],[51.54771328,24.43670821],[51.54880393,24.43619847],[51.54972148,24.43394518],[51.55006325,24.43987072],[51.54928458,24.44025576],[51.54814064,24.43897593],[51.54342234,24.43993044],[51.54208255,24.43719983],[51.53956306,24.43681967],[51.54175973,24.43359375],[51.54199982,24.43359375],[51.54259896,24.43291533],[51.54508925,24.43226516],[51.54579031,24.43235934],[51.54658926,24.43359375],[51.54574418,24.43359375]],[[51.73105144,24.49881482],[51.73070097,24.49890912],[51.7299093,24.49814606],[51.730708,24.49556065],[51.72789991,24.49548352],[51.72688615,24.48366094],[51.73250544,24.48071337],[51.73400903,24.48402226],[51.73757458,24.48652124],[51.73942304,24.49157345],[51.73943555,24.49286103],[51.73911238,24.49380541],[51.73593652,24.49540544],[51.73105144,24.49881482]],[[51.72365224,24.5110929],[51.72176433,24.51215923],[51.72031391,24.51190412],[51.71907258,24.51252782],[51.71773624,24.50957012],[51.71788692,24.50926614],[51.72430396,24.50447285],[51.72306347,24.50796115],[51.72365224,24.5110929]],[[51.72798145,24.51838827],[51.72657526,24.51845801],[51.72571993,24.51801956],[51.72498858,24.51687431],[51.72422373,24.51454902],[51.72494185,24.51310182],[51.72532976,24.51327956],[51.72842646,24.51731014],[51.72868085,24.518242],[51.72798145,24.51838827]],[[51.44274724,24.52514243],[51.44300103,24.52803791],[51.43738651,24.52780247],[51.43693304,24.52799034],[51.43777788,24.52479756],[51.43700635,24.52272832],[51.43807435,24.52093267],[51.44006348,24.52415657],[51.44274724,24.52514243]],[[54.33073235,24.49171114],[54.32960844,24.48748696],[54.33001328,24.48751557],[54.33775043,24.50517046],[54.35502601,24.52034175],[54.33713615,24.50545025],[54.33073235,24.49171114]],[[54.33143485,24.48802114],[54.32959557,24.48055923],[54.33319735,24.4823724],[54.33488345,24.48174465],[54.33848524,24.48418546],[54.33963478,24.48362756],[54.33963478,24.48446453],[54.34139752,24.48955536],[54.34599554,24.49408817],[54.35235643,24.49883044],[54.35986674,24.50203824],[54.35795081,24.50461864],[54.35802746,24.50810552],[54.35565174,24.51368451],[54.35749102,24.51975155],[54.34001803,24.50517654],[54.33143485,24.48802114]],[[54.29185963,24.47309744],[54.29037225,24.46210051],[54.28753996,24.46053565],[54.28596854,24.45817971],[54.28833318,24.45627356],[54.28746176,24.44855845],[54.28968358,24.44506931],[54.29341805,24.44598997],[54.29352927,24.44627726],[54.29007626,24.4578582],[54.29519641,24.44724751],[54.29951358,24.44722462],[54.30076492,24.44839585],[54.30066621,24.44965458],[54.29531896,24.45511603],[54.29477274,24.45891511],[54.29205942,24.46210003],[54.29297793,24.47208846],[54.29315674,24.4725908],[54.30014324,24.47688568],[54.29985297,24.47728395],[54.29934037,24.47744405],[54.29215527,24.47363853],[54.29185963,24.47309744]],[[54.31429636,24.44710195],[54.31252205,24.44599187],[54.3110702,24.43674135],[54.31105137,24.43602216],[54.31197822,24.43540025],[54.31402206,24.43533266],[54.31650102,24.43592942],[54.31701815,24.43619788],[54.31770825,24.43763053],[54.31683266,24.44375706],[54.31429636,24.44710195]],[[54.30782235,24.43663943],[54.30704558,24.4368906],[54.30547667,24.43652666],[54.3055253,24.43359375],[54.30554426,24.43359375],[54.30551136,24.43212235],[54.30405498,24.42856038],[54.30567086,24.42692006],[54.30597055,24.42687905],[54.30737996,24.43359375],[54.30795682,24.43627155],[54.30782235,24.43663943]],[[54.30882466,24.44635475],[54.30872953,24.44675708],[54.30420935,24.44641554],[54.30370832,24.44620776],[54.30341136,24.44516552],[54.30394197,24.44216967],[54.30619228,24.4386512],[54.3086915,24.43801403],[54.30931866,24.43860686],[54.30864596,24.44058776],[54.31007457,24.44520128],[54.30882466,24.44635475]],[[54.27933955,24.44498515],[54.28205335,24.44645846],[54.28189993,24.44736195],[54.27179003,24.4411906],[54.27250481,24.44128406],[54.27933955,24.44498515]],[[53.37410033,24.46730101],[53.37370741,24.46744156],[53.37043977,24.46367407],[53.37079644,24.46233714],[53.37310624,24.46327424],[53.37007475,24.46058893],[53.37222302,24.45971251],[53.37041235,24.4596585],[53.37046945,24.45770061],[53.36845756,24.45641565],[53.37020004,24.45427322],[53.37277794,24.45421934],[53.37323117,24.45217586],[53.37551892,24.45634663],[53.37616456,24.46120262],[53.37567091,24.46409512],[53.37410033,24.46730101]],[[54.30201352,24.41977084],[54.30317616,24.41797423],[54.3036288,24.41798246],[54.30599344,24.42249155],[54.30512857,24.42311823],[54.30450821,24.42331922],[54.30383217,24.42286801],[54.30209911,24.42005885],[54.30201352,24.41977084]],[[54.32922363,24.38141906],[54.33305216,24.38077724],[54.33294821,24.38330054],[54.33053756,24.38400435],[54.33011997,24.38417637],[54.3286041,24.38353431],[54.32845712,24.38218224],[54.32922363,24.38141906]],[[54.34389925,24.37823761],[54.34593391,24.37795722],[54.34770465,24.37875855],[54.34791374,24.37997091],[54.34707892,24.38051355],[54.34394383,24.38058031],[54.34389925,24.37823761]],[[54.40067005,24.35683763],[54.41467857,24.34914041],[54.41155076,24.35207081],[54.41062951,24.35346472],[54.40662014,24.36242223],[54.39802575,24.36502886],[54.39764905,24.36082554],[54.40067005,24.35683763]],[[54.40957475,24.36007237],[54.41252136,24.35814273],[54.41108251,24.3602128],[54.40967953,24.36082244],[54.40957475,24.36007237]],[[54.41271687,24.35256755],[54.41392696,24.35219276],[54.41466725,24.35240293],[54.41623104,24.35461867],[54.41646695,24.35354304],[54.41894186,24.35462594],[54.42148638,24.35430145],[54.42163944,24.35470104],[54.4216361,24.35598505],[54.42137635,24.35613215],[54.41513193,24.35800946],[54.41340423,24.35680378],[54.41441548,24.35588324],[54.41222394,24.35386765],[54.41214585,24.35324335],[54.41271687,24.35256755]],[[54.40226006,24.32722807],[54.40506506,24.32593834],[54.40650892,24.32643366],[54.40582538,24.32833636],[54.40578854,24.32875645],[54.40116048,24.32896197],[54.40061295,24.32847548],[54.40071785,24.32812345],[54.40226006,24.32722807]],[[54.41389167,24.32425797],[54.41292441,24.32150352],[54.41331136,24.31986427],[54.41927552,24.31558752],[54.42022574,24.31724453],[54.42008698,24.31780827],[54.41845393,24.3216536],[54.41827154,24.32196558],[54.4144026,24.32399511],[54.41389167,24.32425797]],[[54.32295263,24.45335102],[54.31983972,24.45337772],[54.31793034,24.45157516],[54.32139516,24.45106018],[54.32561135,24.45124543],[54.32648635,24.45151091],[54.3260622,24.45228326],[54.32295263,24.45335102]],[[54.40305054,24.51161087],[54.40380788,24.50619745],[54.4017626,24.50667012],[54.39858258,24.51018965],[54.39719415,24.50869024],[54.39550805,24.50928032],[54.39200664,24.4919908],[54.39200664,24.49057448],[54.39290166,24.48845506],[54.39622486,24.48633754],[54.39703476,24.48457384],[54.40070963,24.48414898],[54.40438104,24.48175561],[54.41289151,24.47268701],[54.41631746,24.47268558],[54.41921771,24.47396111],[54.4247117,24.48140585],[54.42498577,24.48237491],[54.42483711,24.48406577],[54.42315102,24.48674536],[54.42037594,24.48953712],[54.41639936,24.49790502],[54.41326344,24.49783444],[54.41371214,24.50455225],[54.4159584,24.50531614],[54.41610408,24.50631523],[54.40673494,24.51236784],[54.40406704,24.51255584],[54.40305054,24.51161087]],[[54.42694116,24.50408971],[54.43360746,24.50286615],[54.43722832,24.50320721],[54.43735814,24.50354207],[54.43699312,24.50497341],[54.434201,24.50775754],[54.42827785,24.50768995],[54.42569172,24.50823021],[54.42545307,24.50767505],[54.42694116,24.50408971]],[[54.41716623,24.49831092],[54.41778994,24.49568892],[54.41878402,24.49558032],[54.41915214,24.49974561],[54.41890991,24.5004034],[54.41807234,24.50043905],[54.41716623,24.49831092]],[[54.39277363,24.50687456],[54.39242935,24.50703871],[54.39086306,24.5060451],[54.38715637,24.50117958],[54.38813686,24.49466658],[54.38841391,24.49385726],[54.38950002,24.49256361],[54.39036727,24.49261618],[54.39071858,24.49314582],[54.3920331,24.4986037],[54.39341891,24.50530875],[54.39277363,24.50687456]],[[54.44083107,24.46741426],[54.44403303,24.46579754],[54.44457138,24.46586657],[54.44571936,24.46709275],[54.44556487,24.46732581],[54.44311225,24.46783948],[54.44083107,24.46741426]],[[54.45336437,24.45384371],[54.45479095,24.45367587],[54.45146012,24.45979011],[54.45106483,24.45999146],[54.44985723,24.45996165],[54.45187092,24.45579481],[54.45295918,24.45422697],[54.45336437,24.45384371]],[[51.48574877,24.55628645],[51.48527074,24.55638754],[51.48293614,24.55512404],[51.48454225,24.55344772],[51.48420012,24.55089021],[51.48463571,24.55031812],[51.48512793,24.55032861],[51.48655522,24.55231535],[51.48662567,24.55594695],[51.48574877,24.55628645]],[[54.49139917,24.60771203],[54.49129295,24.609375],[54.49129295,24.61157441],[54.48778832,24.61089838],[54.48715103,24.61041558],[54.48808193,24.60917103],[54.48959374,24.60722923],[54.49001861,24.60732567],[54.49139917,24.60771203]],[[54.15089846,24.60890615],[54.15060401,24.60906243],[54.14952493,24.60797501],[54.14965343,24.6077224],[54.15108097,24.60753763],[54.15150893,24.60778677],[54.15089846,24.60890615]],[[54.47451258,24.61273313],[54.47642434,24.61871982],[54.4753623,24.61939573],[54.4738754,24.61939573],[54.47238863,24.61833346],[54.47419405,24.61572635],[54.47408783,24.61234677],[54.47451258,24.61273313]],[[53.05086994,24.6294136],[53.05117106,24.63003123],[53.05321598,24.62955976],[53.05361521,24.63003707],[53.05393517,24.63081265],[53.05419958,24.63233697],[53.05396438,24.63290226],[53.05314195,24.63356125],[53.05245864,24.63371921],[53.04833424,24.62843275],[53.04916382,24.62629378],[53.05086994,24.6294136]],[[51.242962,24.63961434],[51.24241567,24.64273202],[51.23855472,24.64056134],[51.24023914,24.63733566],[51.24206245,24.63674092],[51.24252391,24.63703132],[51.24198127,24.63906097],[51.242962,24.63961434]],[[52.60227442,24.37070131],[52.60161495,24.36709642],[52.59864736,24.36769724],[52.59411371,24.36687112],[52.58444512,24.3621397],[52.57817996,24.36385632],[52.56433094,24.35372818],[52.55805278,24.34463155],[52.55818236,24.34238923],[52.56015193,24.34561717],[52.55293345,24.31149948],[52.55255675,24.30617797],[52.55401647,24.29888236],[52.55212414,24.2959522],[52.55428433,24.29822671],[52.55814815,24.2918148],[52.56893873,24.27906764],[52.56988764,24.27735758],[52.56918144,24.27172506],[52.57046127,24.27687478],[52.58342373,24.26111686],[52.58573055,24.26184654],[52.5899204,24.26987171],[52.59069252,24.26880193],[52.58597815,24.2578125],[52.58610725,24.2578125],[52.58564985,24.25599778],[52.58621836,24.25346577],[52.58788848,24.25169885],[52.59253013,24.24893308],[52.59965241,24.25095582],[52.60584211,24.25358152],[52.60794663,24.25492966],[52.60862017,24.2578125],[52.60762191,24.26499546],[52.60185194,24.26245093],[52.60173225,24.25793576],[52.60014462,24.25604844],[52.59931087,24.25590074],[52.59847486,24.25629842],[52.59802985,24.2578125],[52.59895015,24.26178277],[52.60201395,24.26369941],[52.60375023,24.26733661],[52.60562181,24.26732445],[52.60859013,24.270087],[52.60796285,24.27070582],[52.60508537,24.26803005],[52.60863245,24.27261817],[52.60869658,24.27518582],[52.6106652,24.27733994],[52.61261153,24.27793515],[52.61550117,24.28135645],[52.62091374,24.28295374],[52.62272382,24.28138292],[52.61983681,24.2749449],[52.61951256,24.27471721],[52.61726141,24.27420902],[52.61676025,24.27425897],[52.61316085,24.27602744],[52.61298621,24.27541804],[52.61330092,24.27497935],[52.61859775,24.27235353],[52.62038481,24.27183735],[52.62250173,24.27242911],[52.62286961,24.27268815],[52.62478888,24.2757771],[52.62926853,24.28973603],[52.63362634,24.29226506],[52.63427913,24.29334211],[52.63279676,24.29330587],[52.63466287,24.29527116],[52.63685954,24.29650176],[52.63723016,24.29505002],[52.63873434,24.29761231],[52.64264107,24.29971266],[52.64169848,24.30162215],[52.64232647,24.30593145],[52.64538252,24.31599665],[52.64359915,24.31962895],[52.64347851,24.32325947],[52.64583802,24.32538164],[52.64735043,24.33576882],[52.64893425,24.33160424],[52.64892912,24.31436527],[52.64768434,24.31103468],[52.64928901,24.31150746],[52.65014577,24.32389975],[52.64910471,24.33668542],[52.64694226,24.33709598],[52.64571583,24.34231281],[52.63747263,24.35883522],[52.63211465,24.36672091],[52.63030112,24.36837316],[52.62758076,24.37002528],[52.62552011,24.37115192],[52.62238765,24.37182784],[52.61579323,24.37205315],[52.61430943,24.37227845],[52.60227442,24.37070131]],[[52.7610476,24.36198854],[52.76114666,24.36167157],[52.76268244,24.36167681],[52.76425755,24.36455822],[52.76397145,24.36476171],[52.7610476,24.36198854]],[[53.0859375,24.31863844],[53.08916807,24.31755185],[53.09529531,24.31765985],[53.09766912,24.31511903],[53.099895,24.31601596],[53.10323107,24.31535053],[53.10427284,24.31210113],[53.10640955,24.31083345],[53.1058464,24.31432283],[53.10376537,24.31697345],[53.10504055,24.3183614],[53.10699522,24.31852555],[53.10716474,24.31875312],[53.10760975,24.32004702],[53.1071794,24.32214713],[53.10595727,24.32248485],[53.10499096,24.32224667],[53.10303271,24.31921732],[53.10196924,24.31921625],[53.10039425,24.32219243],[53.09948611,24.32855117],[53.09443295,24.33797205],[53.09264684,24.3412559],[53.09223855,24.34170437],[53.09093392,24.34202313],[53.0859375,24.34040165],[53.08395422,24.33827817],[53.08342505,24.3379786],[53.08001697,24.33753884],[53.07746816,24.33545601],[53.07764292,24.33168197],[53.07590163,24.32666564],[53.07605624,24.32630205],[53.07809508,24.32321453],[53.0859375,24.31919634],[53.0859375,24.31863844]],[[53.30884051,24.31302905],[53.30525374,24.31012225],[53.29824448,24.30991685],[53.29388046,24.30809486],[53.26279104,24.30211031],[53.26066005,24.30063784],[53.26327884,24.2981745],[53.26110566,24.29719245],[53.25803316,24.29907894],[53.25424135,24.29897046],[53.25148773,24.29674125],[53.24707174,24.29551446],[53.24752665,24.29673791],[53.24658775,24.29680336],[53.23540473,24.29299808],[53.22933126,24.29345477],[53.22693467,24.29483283],[53.22459185,24.29121721],[53.22425878,24.285501],[53.22438586,24.2846781],[53.22989893,24.28490031],[53.23013484,24.2819941],[53.23357415,24.28211284],[53.23491597,24.28024375],[53.24001026,24.27891016],[53.24439895,24.27441394],[53.24753821,24.26908946],[53.26492226,24.26764977],[53.267609,24.26885128],[53.27070367,24.27553105],[53.26957083,24.27655363],[53.27003086,24.28484917],[53.27748585,24.29019356],[53.28405476,24.29093361],[53.29389501,24.28559661],[53.29515195,24.28323507],[53.30221558,24.28337717],[53.30359197,24.28224862],[53.30774474,24.28207243],[53.30928791,24.27970934],[53.31153536,24.28031445],[53.31301475,24.27864265],[53.31741071,24.27750373],[53.32107472,24.27189696],[53.32383335,24.27111673],[53.32221055,24.26805055],[53.32466924,24.26338577],[53.33404255,24.2598083],[53.33140576,24.26929975],[53.33190715,24.27552998],[53.32926464,24.28176618],[53.32926965,24.28264821],[53.33033204,24.29029274],[53.33047426,24.29061866],[53.33444381,24.29814935],[53.33611953,24.29977214],[53.33638096,24.30188406],[53.33670115,24.30199373],[53.33990955,24.30239368],[53.34282672,24.30078745],[53.34954131,24.30055463],[53.3503865,24.29908764],[53.353935,24.30238557],[53.34704912,24.3105098],[53.34495127,24.31222785],[53.34189856,24.31378174],[53.33571053,24.31674921],[53.33051145,24.31755161],[53.32469738,24.31358314],[53.30884051,24.31302905]],[[53.87065852,24.29139376],[53.84453982,24.28489745],[53.81842113,24.27840114],[53.81545484,24.27877665],[53.8138895,24.28148031],[53.81348777,24.26938891],[53.81472337,24.2648828],[53.81595921,24.26383126],[53.81793606,24.26525831],[53.81826556,24.27366972],[53.82106638,24.27584755],[53.83564723,24.28133011],[53.86563241,24.28786385],[53.87304795,24.28966641],[53.87255347,24.29116845],[53.87065852,24.29139376]],[[53.84239233,24.26592875],[53.83597803,24.25959623],[53.8328166,24.2578125],[53.83216715,24.2578125],[53.82883382,24.25511634],[53.82518935,24.25049615],[53.82337916,24.24754393],[53.81717634,24.24296367],[53.81256366,24.23678386],[53.8118577,24.23644066],[53.81138694,24.23665524],[53.81242251,24.23931587],[53.81579316,24.24413645],[53.82005525,24.246966],[53.82062447,24.2504096],[53.82032084,24.25160158],[53.82138896,24.25223005],[53.82142496,24.25258684],[53.82002234,24.25463986],[53.81996572,24.2578125],[53.82022154,24.25921607],[53.81998956,24.25944352],[53.81476772,24.26283872],[53.81355941,24.26208556],[53.81488335,24.26021123],[53.81260192,24.2578125],[53.81257772,24.2573421],[53.81384623,24.2578125],[53.81555974,24.26014292],[53.81877136,24.2579565],[53.81871605,24.2578125],[53.81876481,24.25091541],[53.80632257,24.25049984],[53.79470825,24.24382305],[53.7890625,24.23856032],[53.78640282,24.23648941],[53.77945733,24.23273027],[53.7735908,24.23077714],[53.77079523,24.23083234],[53.76666975,24.23341775],[53.76405263,24.23272824],[53.76433635,24.23442948],[53.76061904,24.23420715],[53.75830472,24.23647392],[53.76661181,24.24350345],[53.75768471,24.23726952],[53.75615037,24.23873723],[53.75353146,24.23713315],[53.74967778,24.23766065],[53.74792171,24.23665404],[53.7458148,24.23766005],[53.74090874,24.23669815],[53.73804593,24.23889625],[53.73729086,24.23688591],[53.73303664,24.23708856],[53.72960818,24.23217738],[53.71479034,24.22294903],[53.71401751,24.22058368],[53.70604372,24.21881342],[53.70245635,24.21975684],[53.69939673,24.21761656],[53.69115114,24.21084857],[53.69041443,24.20851028],[53.68176246,24.20220613],[53.68190968,24.19900942],[53.67904961,24.19932401],[53.67593515,24.19804692],[53.67671716,24.19703853],[53.67397463,24.19507182],[53.65684116,24.18772066],[53.65064752,24.18641365],[53.64483285,24.18678224],[53.64395821,24.18529654],[53.63336384,24.17936993],[53.63120127,24.17550576],[53.62877643,24.17463601],[53.62701607,24.17303085],[53.62390971,24.16926014],[53.62347174,24.16803944],[53.62400603,24.16692722],[53.63181508,24.15925443],[53.63621986,24.15310395],[53.64333975,24.14749408],[53.64762294,24.14796937],[53.64778185,24.14981186],[53.65471506,24.15353405],[53.65928996,24.15401781],[53.66100526,24.15259325],[53.66479444,24.15311265],[53.66930974,24.15514255],[53.67641485,24.16103721],[53.68157423,24.16152108],[53.68570161,24.1594032],[53.68837345,24.15441382],[53.69964075,24.15074062],[53.70756376,24.14700604],[53.71009433,24.14428174],[53.72099376,24.13974845],[53.72773814,24.13284707],[53.73233044,24.13021934],[53.73270392,24.13005865],[53.73517215,24.12979758],[53.73846841,24.13138962],[53.74135566,24.13128114],[53.74897623,24.12675166],[53.75161338,24.12779021],[53.75701737,24.12708151],[53.75883174,24.12941134],[53.76292968,24.12875593],[53.77213395,24.12466192],[53.77785385,24.11986744],[53.78074765,24.12080956],[53.78512061,24.12429702],[53.78525472,24.12524354],[53.78312171,24.12447631],[53.78298426,24.12460196],[53.78213584,24.12671375],[53.78243566,24.12714696],[53.78507507,24.12881851],[53.78578746,24.12903643],[53.7890625,24.12890625],[53.78978085,24.12887657],[53.79467106,24.12701595],[53.79733765,24.12858522],[53.80102456,24.12814164],[53.80611777,24.12967765],[53.81240678,24.12727118],[53.82326031,24.134112],[53.83039415,24.13657582],[53.83056891,24.14508784],[53.83257484,24.14895713],[53.83212674,24.15099561],[53.83485055,24.15490544],[53.83316553,24.15846634],[53.83385575,24.16135097],[53.84018588,24.17039931],[53.84167457,24.17084324],[53.84271121,24.17546725],[53.84607673,24.17745531],[53.84889364,24.17736554],[53.85749686,24.17112577],[53.88193846,24.14772892],[53.87970996,24.14626026],[53.87784731,24.14709675],[53.85817385,24.16690266],[53.85261726,24.17056096],[53.85258615,24.16944945],[53.85639584,24.16726875],[53.85386276,24.16564584],[53.85110605,24.16032088],[53.84930241,24.15966797],[53.84699035,24.1604619],[53.84474611,24.15830123],[53.84495687,24.15419924],[53.84288585,24.15339661],[53.84269393,24.15216446],[53.85226131,24.147771],[53.8587625,24.14893425],[53.86405623,24.14729023],[53.86835766,24.13857603],[53.87158084,24.13625705],[53.87316692,24.13314855],[53.88271081,24.13376725],[53.88461244,24.13498425],[53.88767016,24.13459754],[53.89020836,24.12635386],[53.88898504,24.13391411],[53.89713156,24.13580883],[53.90270364,24.13385487],[53.90592337,24.13024414],[53.90541375,24.12818325],[53.90298045,24.12573898],[53.89084506,24.12040186],[53.90681386,24.11946952],[53.91062856,24.12047255],[53.91332901,24.12228668],[53.92543781,24.12613904],[53.92866707,24.12892127],[53.94175255,24.13397658],[53.95510113,24.14198947],[53.96092296,24.14844632],[53.96003234,24.14969456],[53.96090186,24.15798664],[53.96267343,24.16419494],[53.96001637,24.16559064],[53.96468985,24.17128742],[53.97004271,24.17328393],[53.97279215,24.1775949],[53.97300172,24.18211091],[53.96984065,24.18607605],[53.96596766,24.18785095],[53.95693445,24.19980311],[53.94793272,24.2060765],[53.93798006,24.21056175],[53.94511652,24.22289765],[53.94286203,24.22359812],[53.94218075,24.22056365],[53.9371351,24.21130753],[53.93656755,24.21125615],[53.93113482,24.21373916],[53.93003273,24.21649802],[53.92111266,24.21291685],[53.91706085,24.21528673],[53.91543186,24.21375704],[53.91122615,24.21280062],[53.90794027,24.2129451],[53.90695906,24.21320915],[53.90402687,24.21638405],[53.89254415,24.22357512],[53.88650596,24.22352266],[53.87952602,24.22547197],[53.87929642,24.22561491],[53.86972702,24.23982465],[53.86305726,24.24597335],[53.86501801,24.24682725],[53.86547315,24.24998295],[53.87002635,24.24926496],[53.87466025,24.2578125],[53.87504065,24.2578125],[53.87821806,24.26070201],[53.87774014,24.26323914],[53.87031245,24.26582265],[53.86601532,24.27061796],[53.86046243,24.27323234],[53.8551172,24.27396596],[53.84765553,24.27396596],[53.84472346,24.27299535],[53.84495533,24.27601576],[53.84194994,24.27150655],[53.843454,24.26850712],[53.84239233,24.26592875]],[[54.08065796,24.26773775],[54.08201063,24.26762092],[54.08297801,24.26857471],[54.08257592,24.26885438],[54.07829595,24.26930106],[54.08065796,24.26773775]],[[54.10030925,24.2588191],[54.09931874,24.2578125],[54.09966016,24.2578125],[54.10045505,24.25651693],[54.10425854,24.25504375],[54.10469592,24.25608444],[54.10271728,24.2578125],[54.10237825,24.2578125],[54.10238063,24.25828564],[54.10101652,24.25887346],[54.10030925,24.2588191]],[[54.0981878,24.25512648],[54.09645045,24.25669634],[54.09461606,24.25669634],[54.09436703,24.2548846],[54.09481621,24.25405431],[54.09668195,24.25234461],[54.09718955,24.25234938],[54.0981878,24.25512648]],[[54.09285951,24.25152922],[54.09125328,24.25306904],[54.09094775,24.25306904],[54.09042335,24.25268042],[54.09284151,24.24889243],[54.09316707,24.24904716],[54.09433055,24.24963844],[54.09407151,24.25035047],[54.09285951,24.25152922]],[[54.01423895,24.24112415],[54.01641524,24.24100328],[54.01563764,24.24346614],[54.01651025,24.24470413],[54.0163666,24.24502111],[54.01440883,24.24447024],[54.01378644,24.24181426],[54.01423895,24.24112415]],[[53.99976194,24.19109976],[54.00078964,24.19082892],[54.00114441,24.19097185],[54.00027037,24.19481707],[54.00008762,24.19525194],[53.99874616,24.19712651],[53.99483526,24.20524836],[53.99286771,24.21788538],[53.9914726,24.21916938],[53.98994386,24.21519721],[53.98960054,24.20822442],[53.99146187,24.20752418],[53.99394727,24.20018947],[53.99411738,24.19989836],[53.99976194,24.19109976]],[[54.04224086,24.21320987],[54.04287136,24.21262157],[54.04353976,24.21539211],[54.04224086,24.21320987]],[[54.01422775,24.20411468],[54.01454258,24.20402515],[54.01597905,24.20580041],[54.01630247,24.20793974],[54.01601195,24.20864666],[54.01378655,24.20851636],[54.01185155,24.20787573],[54.01422775,24.20411468]],[[54.00518346,24.17413223],[54.00747001,24.17284405],[54.00835145,24.17301357],[54.00887835,24.17364585],[54.00882733,24.17482853],[54.00670123,24.17650163],[54.00586033,24.17668283],[54.00480962,24.17563593],[54.00518346,24.17413223]],[[52.82422137,24.17730021],[52.82295096,24.17782223],[52.81894541,24.17764676],[52.81798184,24.17804563],[52.8130033,24.17507517],[52.81640816,24.17443275],[52.81882954,24.17547691],[52.82449985,24.17035627],[52.82638085,24.17278576],[52.82422137,24.17730021]],[[52.88636613,24.18150938],[52.88804841,24.18698871],[52.882393,24.18705654],[52.87901592,24.18399191],[52.87903166,24.18120885],[52.88334036,24.17869675],[52.88723111,24.17862272],[52.88779771,24.17890906],[52.88839686,24.18104267],[52.88636613,24.18150938]],[[53.53439486,24.18891645],[53.53922224,24.18699944],[53.54416835,24.18703115],[53.54444635,24.18731058],[53.54473496,24.18839037],[53.54313886,24.19334126],[53.54208374,24.19591796],[53.54230416,24.19954646],[53.53614748,24.20259607],[53.53351712,24.19946826],[53.53432226,24.19510305],[53.53355134,24.19316316],[53.53464866,24.19227695],[53.53597176,24.19250107],[53.53553355,24.19099236],[53.53359735,24.19067383],[53.53414905,24.18906784],[53.53439486,24.18891645]],[[52.95218456,24.19217086],[52.95171428,24.19298625],[52.94909847,24.19545102],[52.94764543,24.19545567],[52.94725513,24.19583261],[52.94580936,24.19936514],[52.94547045,24.19963372],[52.94457376,24.19908667],[52.94434834,24.19880915],[52.94629347,24.19333434],[52.95066225,24.19084823],[52.95218456,24.19217086]],[[52.00110054,24.19481671],[52.00006044,24.20291853],[51.99811625,24.20618904],[51.99534917,24.206146],[51.99500751,24.20669484],[51.99375975,24.20831335],[51.99326014,24.20848834],[51.99260044,24.20808554],[51.99249005,24.20714152],[51.99362135,24.20466578],[51.99347806,24.20435214],[51.99074125,24.20322704],[51.99206042,24.19917476],[51.99062395,24.19723964],[51.98886824,24.18534613],[51.98747826,24.18456125],[51.98719525,24.17650068],[51.98459625,24.17094052],[51.98726594,24.16828752],[51.98850441,24.16987443],[51.99025965,24.17010546],[51.99283636,24.16847754],[51.99376762,24.16592741],[52.00203896,24.16504443],[52.00303984,24.16832304],[52.00142014,24.16806471],[52.00164235,24.17011261],[52.00035965,24.17028272],[52.00013244,24.17148221],[52.00247574,24.17454648],[52.00247192,24.17498183],[52.00064242,24.17614675],[52.00040221,24.17673922],[52.00040376,24.17766917],[52.00079072,24.17880297],[52.00309253,24.18016851],[52.00209534,24.18402827],[52.00109565,24.18372905],[52.00117326,24.18207812],[51.99991167,24.18163288],[51.99902153,24.18252695],[52.00034106,24.18388104],[51.99925125,24.18768227],[52.00110054,24.19481671]],[[52.56253266,24.18686092],[52.56262112,24.18652701],[52.56635737,24.18664265],[52.56728494,24.18729675],[52.5676167,24.18796384],[52.56642723,24.18875074],[52.56253266,24.18686092]],[[52.00506425,24.21043384],[52.00863397,24.20820916],[52.01121891,24.21152473],[52.01188731,24.20830965],[52.01266372,24.21071291],[52.01193416,24.2116785],[52.01420295,24.21615565],[52.01542985,24.21575117],[52.01603282,24.21727061],[52.02056622,24.22005737],[52.0221132,24.22517157],[52.0248934,24.22697556],[52.02514994,24.23397946],[52.02266896,24.23559046],[52.02478337,24.23861217],[52.02311897,24.24133575],[52.02375925,24.24277318],[52.02614701,24.24378026],[52.02660787,24.24559808],[52.02459645,24.24744034],[52.02286625,24.24702787],[52.02210808,24.25349402],[52.01847124,24.25433385],[52.01337624,24.25704861],[52.00966156,24.25365353],[52.00693822,24.25273025],[52.00456095,24.25079751],[52.00173891,24.24756944],[52.00013041,24.24147844],[52.00161493,24.2374773],[52.00098932,24.22673094],[51.99791706,24.22255588],[51.99763477,24.21907938],[51.99548233,24.21693635],[51.99561036,24.21642745],[51.99645758,24.21558034],[51.99968135,24.21485746],[52.00181746,24.21515465],[52.00209975,24.21313763],[52.00447607,24.21337354],[52.00506425,24.21043384]],[[51.86488044,24.21282077],[51.86650467,24.21708822],[51.86841464,24.21791935],[51.86872983,24.21833074],[51.86880851,24.21945381],[51.86850834,24.21977365],[51.86636722,24.220209],[51.86169553,24.21757746],[51.86139905,24.21721494],[51.86013281,24.21185946],[51.86070478,24.20978713],[51.86443722,24.21207273],[51.86488044,24.21282077]],[[53.39162004,24.23447692],[53.39387608,24.23165965],[53.39420641,24.23174846],[53.39667058,24.23252404],[53.39759767,24.23395717],[53.39267576,24.24320066],[53.39217198,24.24338925],[53.39163661,24.24122286],[53.39162004,24.23447692]],[[53.38189745,24.21583414],[53.38120043,24.21306038],[53.38273895,24.20941257],[53.38310266,24.20885777],[53.38724756,24.20380223],[53.38773727,24.20328104],[53.40038192,24.19383681],[53.40843093,24.19552481],[53.41266882,24.19639897],[53.42236745,24.19559145],[53.42857683,24.19585156],[53.42905033,24.19632578],[53.42946434,24.20204866],[53.4272511,24.20869076],[53.42719877,24.21273172],[53.42537737,24.21687877],[53.41851866,24.2245332],[53.4086107,24.22516727],[53.40321505,24.22427285],[53.3896929,24.2213279],[53.38444245,24.21866274],[53.38189745,24.21583414]],[[53.20631552,24.28454065],[53.21002626,24.28537273],[53.21458018,24.28467417],[53.21582675,24.28485131],[53.21620357,24.28556764],[53.21709168,24.28717685],[53.21606612,24.28854573],[53.21681535,24.29080081],[53.21601367,24.29557121],[53.21578097,24.29600835],[53.21479321,24.29695845],[53.20675707,24.29935241],[53.20488572,24.30147552],[53.20431948,24.30546105],[53.20242596,24.30738616],[53.19420433,24.31253731],[53.18852615,24.30800617],[53.18754804,24.30657721],[53.1873219,24.30584633],[53.18843281,24.29731596],[53.19450402,24.29180312],[53.19610882,24.28814065],[53.20102155,24.28501928],[53.20012212,24.28381777],[53.20631552,24.28454065]],[[52.87888396,24.30692482],[52.87798512,24.30696416],[52.87578607,24.30617416],[52.87515044,24.30565846],[52.87487185,24.30477762],[52.87489855,24.30400336],[52.87515485,24.30344343],[52.87806213,24.30278444],[52.87856257,24.30268717],[52.87951303,24.30424583],[52.87966895,24.30584025],[52.87888396,24.30692482]],[[51.79408872,24.29508054],[51.78937685,24.30002296],[51.78884375,24.30007052],[51.79288948,24.29336476],[51.79386497,24.2889117],[51.79552305,24.28794956],[51.79619992,24.28924477],[51.79408872,24.29508054]],[[51.6398102,24.32957971],[51.63954687,24.32989836],[51.63858557,24.32739782],[51.63597512,24.32564175],[51.63626397,24.32405674],[51.63651705,24.32370043],[51.63731241,24.32380807],[51.63877606,24.32575083],[51.64135695,24.32589495],[51.6398102,24.32957971]],[[51.62182355,24.35980976],[51.62151253,24.36032581],[51.61895394,24.36027253],[51.61794376,24.36052024],[51.61575735,24.36228502],[51.61545014,24.36186862],[51.61520386,24.36063838],[51.61520255,24.36031961],[51.61669004,24.35815764],[51.61757124,24.35770154],[51.61865008,24.35757816],[51.61946881,24.35777771],[51.62166357,24.35939276],[51.62182355,24.35980976]],[[51.68754578,24.26993573],[51.68890774,24.26991582],[51.68935812,24.27023172],[51.69024098,24.2727555],[51.68806601,24.27579915],[51.6855942,24.2727679],[51.68686402,24.27012682],[51.68754578,24.26993573]],[[52.00184691,24.16187215],[51.99956715,24.1595484],[51.99650455,24.15967155],[51.99642694,24.15860844],[51.99656975,24.15825796],[52.00007546,24.15654135],[52.00040054,24.15657592],[52.00052822,24.15771258],[52.00356591,24.15787601],[52.00396717,24.15973687],[52.00393498,24.16060305],[52.00345504,24.16137254],[52.00250173,24.16178036],[52.00184691,24.16187215]],[[51.99308026,24.14965796],[51.99406445,24.14846885],[51.99439454,24.14869177],[51.99357724,24.15075934],[51.99319947,24.15129316],[51.99270165,24.15075922],[51.99308026,24.14965796]],[[52.43530464,24.13284445],[52.43609142,24.13264823],[52.43681395,24.13377523],[52.43561387,24.13482714],[52.43520308,24.13319194],[52.43530464,24.13284445]],[[51.89528954,24.11514318],[51.89729726,24.11415327],[51.89763391,24.11449242],[51.89638615,24.11753106],[51.89555144,24.11785436],[51.89496815,24.11591172],[51.89528954,24.11514318]],[[53.05602968,24.16206443],[53.03787863,24.15784574],[53.03174603,24.15844202],[53.03779197,24.15579557],[53.03933001,24.15404308],[53.04000604,24.15396273],[53.04062343,24.15511596],[53.04217565,24.15611577],[53.04107511,24.15717626],[53.04670894,24.15845263],[53.05325305,24.16019475],[53.05602968,24.16206443]],[[53.01191115,24.15713668],[53.01133752,24.15851748],[53.00970435,24.16197896],[53.00874984,24.15641475],[53.00957406,24.15537286],[53.01092064,24.15525413],[53.01178896,24.15627766],[53.01191115,24.15713668]],[[53.85846424,24.11851895],[53.86168694,24.11528122],[53.86411572,24.11682701],[53.86625242,24.11826563],[53.86215866,24.11939025],[53.8589164,24.11941957],[53.85864866,24.11899471],[53.85846424,24.11851895]],[[53.88708055,24.11930132],[53.88643825,24.11857426],[53.88248587,24.11865771],[53.88182771,24.11705303],[53.88489401,24.11534202],[53.89137745,24.11539781],[53.89182055,24.11778915],[53.89497328,24.11495614],[53.90187931,24.11476552],[53.9046036,24.1156255],[53.90535152,24.11610591],[53.90605366,24.11733532],[53.90602672,24.11855221],[53.88708055,24.11930132]],[[53.87676215,24.11774755],[53.87633955,24.11919665],[53.87039185,24.11842346],[53.87026036,24.11665142],[53.87068296,24.11603642],[53.87148941,24.11550248],[53.8731817,24.11558962],[53.87643814,24.11749554],[53.87676215,24.11774755]],[[53.47287285,24.0989238],[53.47796345,24.09882307],[53.48199642,24.10415411],[53.47324741,24.10427475],[53.47287285,24.0989238]],[[53.57396674,24.05677307],[53.57423615,24.05624676],[53.57496405,24.05626476],[53.57779551,24.05815816],[53.57785594,24.05953288],[53.57542074,24.05935395],[53.57568204,24.05789804],[53.57407534,24.05716395],[53.57396674,24.05677307]],[[54.09092796,24.16439128],[54.09271467,24.1654731],[54.09360135,24.16765082],[54.09830964,24.16490567],[54.10093486,24.16488826],[54.10506284,24.16806221],[54.10928655,24.16854405],[54.10969794,24.16869235],[54.11042905,24.16964543],[54.10703075,24.17093873],[54.10416257,24.17366016],[54.08941913,24.17522323],[54.08600736,24.17379844],[54.08468056,24.17257237],[54.08085167,24.16755235],[54.08078134,24.16706276],[54.08288157,24.16256821],[54.08633792,24.16241777],[54.09092796,24.16439128]],[[54.12099111,24.18329072],[54.12012267,24.1882534],[54.11898375,24.18883407],[54.11851382,24.18892884],[54.11751032,24.18823278],[54.11624145,24.18479764],[54.11707997,24.18266821],[54.11983955,24.18054223],[54.12024403,24.18059564],[54.12099111,24.18329072]],[[54.13096046,24.18366265],[54.1316303,24.18342102],[54.13204014,24.18361437],[54.13140166,24.19040024],[54.1284188,24.19350076],[54.12776303,24.19371736],[54.1273694,24.19252634],[54.12736785,24.18979275],[54.13044715,24.18685246],[54.13054883,24.18429494],[54.13096046,24.18366265]],[[54.18309164,24.27425575],[54.18369412,24.27389765],[54.18485713,24.27405083],[54.18552423,24.27531433],[54.18552423,24.27573967],[54.18483126,24.27777481],[54.18432212,24.27864456],[54.17944634,24.28357863],[54.17831492,24.28380322],[54.17792153,24.28361511],[54.18056035,24.27720904],[54.18106985,24.27632427],[54.18309164,24.27425575]],[[54.18922985,24.26819277],[54.19009996,24.26735187],[54.1910578,24.26746094],[54.19195795,24.26810992],[54.19214678,24.26867795],[54.19103324,24.26991463],[54.18922985,24.26819277]],[[54.25422823,24.34869516],[54.25471735,24.34848797],[54.25588322,24.34870303],[54.25565767,24.35030365],[54.25294936,24.35253894],[54.24978244,24.35764074],[54.24953997,24.35448015],[54.25422823,24.34869516]],[[54.2899816,24.25908411],[54.28489113,24.26171875],[54.28733885,24.25837052],[54.29049063,24.25834155],[54.29040492,24.25882602],[54.2899816,24.25908411]],[[54.29567742,24.25094795],[54.29616725,24.25067258],[54.29857302,24.25048304],[54.29922998,24.24928713],[54.29783833,24.24775815],[54.3018645,24.24486256],[54.30226791,24.24474466],[54.3048619,24.24647593],[54.30535626,24.24895096],[54.30472994,24.24981618],[54.30157018,24.25076997],[54.29544044,24.25331962],[54.29241967,24.25318766],[54.29567742,24.25094795]],[[54.28931975,24.25025272],[54.28718841,24.25092244],[54.28679848,24.25072145],[54.28625548,24.24926615],[54.28824711,24.24898004],[54.28904152,24.24923146],[54.28931975,24.25025272]],[[54.49604237,24.38589334],[54.49604237,24.38734174],[54.49445224,24.38750255],[54.4940989,24.38514233],[54.4959836,24.38508856],[54.49604237,24.38589334]],[[54.62168765,24.6725744],[54.61962295,24.66887736],[54.61991537,24.66642034],[54.61691344,24.66485965],[54.61674893,24.6642791],[54.61709297,24.66367805],[54.62095761,24.66335452],[54.62154126,24.66358686],[54.62093973,24.66474295],[54.62275672,24.66872931],[54.62451136,24.66941023],[54.62542987,24.67153716],[54.62557971,24.67233706],[54.62521255,24.67421257],[54.62373865,24.67588925],[54.62342453,24.67602944],[54.62256622,24.67592073],[54.62168765,24.6725744]],[[54.61231816,24.67010546],[54.60395408,24.67017531],[54.61208796,24.66131854],[54.61523426,24.66606081],[54.61231816,24.67010546]],[[54.61715245,24.66159761],[54.61630845,24.65769231],[54.61730588,24.65608835],[54.62129617,24.65553045],[54.62091255,24.66124892],[54.61715245,24.66159761]],[[54.62812114,24.64491355],[54.6316576,24.64175081],[54.63252032,24.64134896],[54.63837624,24.64092994],[54.63744891,24.64209545],[54.63255966,24.64344764],[54.63172877,24.64394343],[54.62771523,24.64850688],[54.62744164,24.64828241],[54.62812114,24.64491355]],[[54.61798644,24.64259803],[54.61640882,24.64283705],[54.61585248,24.64238751],[54.61528444,24.64095438],[54.61528337,24.64056444],[54.6179322,24.63574207],[54.61799204,24.62950885],[54.62238002,24.63137555],[54.62760627,24.63082933],[54.62870073,24.63020205],[54.62880254,24.62773776],[54.63198423,24.62760985],[54.63129914,24.63339841],[54.62989736,24.63555765],[54.6296699,24.63581347],[54.62722862,24.63642025],[54.62689734,24.63835406],[54.62133324,24.63976526],[54.62027431,24.64079714],[54.61798644,24.64259803]],[[54.60085821,24.61497557],[54.60114682,24.61442161],[54.60194135,24.61450195],[54.60320723,24.61734784],[54.60377586,24.62118435],[54.60311997,24.62341416],[54.60209417,24.62294447],[54.60097623,24.61726356],[54.60085821,24.61497557]],[[55.15549398,25.11575723],[55.15151882,25.11158967],[55.1546514,25.11236823],[55.15686405,25.11539173],[55.15714395,25.11471581],[55.16030777,25.11637413],[55.15876746,25.11706865],[55.15856314,25.11749256],[55.15509415,25.11744702],[55.15549398,25.11575723]],[[55.15751004,25.10912454],[55.15755355,25.10912013],[55.15763533,25.10912454],[55.15765941,25.10916805],[55.1577028,25.10924661],[55.15771723,25.10932505],[55.15775573,25.10936844],[55.15781832,25.10936844],[55.15790975,25.10935116],[55.15795791,25.10935116],[55.15803492,25.10934246],[55.15812635,25.10934246],[55.15822256,25.10935116],[55.15830445,25.10937715],[55.15839112,25.10941207],[55.15846813,25.10946882],[55.15854025,25.10952115],[55.15864134,25.10955155],[55.15873766,25.10955584],[55.15881455,25.10956895],[55.15885305,25.10959077],[55.15885794,25.10964751],[55.15885794,25.10975635],[55.15885794,25.10984802],[55.15900242,25.10991335],[55.15917075,25.11005294],[55.15923822,25.11005723],[55.15929115,25.11008334],[55.15933454,25.11013126],[55.15933454,25.11016607],[55.15932012,25.11022723],[55.15930557,25.11026216],[55.15932012,25.11030555],[55.15937781,25.11040163],[55.15941155,25.11044514],[55.1594789,25.1107285],[55.15946436,25.11082435],[55.15945482,25.11089838],[55.15945005,25.11095512],[55.15944028,25.11102486],[55.1594789,25.11107707],[55.15955114,25.111099],[55.15958965,25.11112511],[55.1595993,25.11118615],[55.15957522,25.11123836],[55.15952218,25.11125576],[55.15943563,25.11126006],[55.15917075,25.11119485],[55.15844405,25.11083746],[55.15769315,25.10966933],[55.15756321,25.10942948],[55.15747654,25.10924661],[55.15746677,25.10919416],[55.15747166,25.10916364],[55.15751004,25.10912454]],[[55.34165335,25.20400155],[55.34332883,25.20333493],[55.34395933,25.20343173],[55.34715176,25.20759463],[55.34715676,25.21015167],[55.34549105,25.21104217],[55.34132278,25.20758355],[55.34165335,25.20400155]],[[55.33289576,25.19844615],[55.33163273,25.19581735],[55.33392346,25.19716942],[55.33289576,25.19844615]],[[55.35599303,25.31232834],[55.35679996,25.31207085],[55.35788453,25.31481075],[55.35599303,25.31267154],[55.35599303,25.31232834]],[[55.36824214,25.31876564],[55.36945856,25.31871188],[55.3700819,25.31951666],[55.36966646,25.32171595],[55.36892462,25.32252073],[55.36761904,25.32241344],[55.36690676,25.32168925],[55.36720347,25.32026756],[55.36824214,25.31876564]],[[55.37753844,25.34242272],[55.37982357,25.34050477],[55.38070488,25.34050477],[55.38093352,25.34085894],[55.38122725,25.34590423],[55.37861574,25.34714341],[55.37809336,25.34702528],[55.37770176,25.34670067],[55.37753844,25.34242272]],[[55.3830229,25.33569574],[55.38517737,25.33336484],[55.38579774,25.33360076],[55.38602614,25.33383691],[55.3830229,25.33569574]],[[55.69839835,25.62764883],[55.6983093,25.62780964],[55.69804156,25.62778294],[55.69780338,25.62762201],[55.69774401,25.62743425],[55.69774401,25.62711227],[55.69786286,25.62692463],[55.69816053,25.62687087],[55.69836867,25.62695146],[55.69839835,25.62708545],[55.69836867,25.62724638],[55.69833887,25.62740743],[55.69839835,25.62764883]],[[55.69943964,25.62923133],[55.69923127,25.62928486],[55.69902635,25.62926805],[55.69863653,25.62915075],[55.6982795,25.628829],[55.69798195,25.6285876],[55.69777381,25.6283462],[55.69792247,25.62815845],[55.69822001,25.62807786],[55.6983093,25.62805104],[55.69860673,25.62818515],[55.69860673,25.62831926],[55.69860673,25.62848032],[55.69881487,25.62861443],[55.69923127,25.62864125],[55.69946945,25.62885582],[55.69946945,25.62899864],[55.69946945,25.62915075],[55.69943964,25.62923133]],[[55.85604525,25.72308707],[55.85670042,25.72302806],[55.85689676,25.72344124],[55.85584867,25.72409034],[55.85722434,25.72473943],[55.86108935,25.72479844],[55.8614825,25.72503436],[55.8614825,25.72627366],[55.86082745,25.72639155],[55.85342491,25.72438526],[55.85604525,25.72308707]],[[55.948825,25.7829777],[55.95089805,25.78241527],[55.95154464,25.78251135],[55.95219994,25.78352678],[55.95110965,25.78758371],[55.94748998,25.78438878],[55.948825,25.7829777]],[[55.96110821,25.78246558],[55.96356654,25.78166115],[55.96150851,25.78583717],[55.95856237,25.78573823],[55.9584434,25.78391433],[55.96110821,25.78246558]],[[56.34223855,26.19482148],[56.34323037,26.19458485],[56.34371614,26.19482136],[56.34446371,26.19695413],[56.34234607,26.19544446],[56.34223855,26.19482148]],[[56.35065782,26.20464516],[56.34472084,26.20472324],[56.34550762,26.19961095],[56.34734917,26.19927466],[56.34994435,26.20109582],[56.35092473,26.20188975],[56.35118628,26.20243561],[56.35065782,26.20464516]],[[56.39246094,26.21894574],[56.39330125,26.22074687],[56.39212203,26.22224855],[56.39340794,26.22449005],[56.39252532,26.22515798],[56.38898683,26.21982968],[56.39246094,26.21894574]],[[56.52741611,26.38723505],[56.52298176,26.38446224],[56.52152216,26.38210034],[56.52165258,26.37910736],[56.52194965,26.37756348],[56.52366924,26.37627614],[56.52487588,26.37169135],[56.52281737,26.36965323],[56.52340293,26.3671875],[56.52385187,26.3671875],[56.52277505,26.36561334],[56.51876557,26.36459947],[56.51736712,26.36244547],[56.51400375,26.36185718],[56.51416945,26.36282206],[56.51302326,26.36255813],[56.51231766,26.35863197],[56.51656294,26.35985303],[56.51690137,26.35976744],[56.51713085,26.35923135],[56.51570368,26.35800564],[56.51600432,26.35752964],[56.51691926,26.35769641],[56.52116561,26.36159444],[56.52541995,26.36364222],[56.53559625,26.36318874],[56.53606665,26.36331976],[56.54094815,26.3671875],[56.53931785,26.36993885],[56.53644085,26.36765683],[56.53469765,26.36727691],[56.53468645,26.3671875],[56.53566384,26.3671875],[56.53528166,26.36650825],[56.53495932,26.36636913],[56.5338155,26.36703086],[56.53399014,26.3671875],[56.53363454,26.36957824],[56.53657591,26.37445676],[56.53482795,26.37788355],[56.53196514,26.37787104],[56.53214312,26.38127816],[56.5293467,26.38334262],[56.52787483,26.38715434],[56.52741611,26.38723505]],[[56.46165955,26.36214542],[56.46276391,26.36584103],[56.46385944,26.3671875],[56.46392691,26.3671875],[56.46627963,26.36923456],[56.46714437,26.37096918],[56.46713722,26.37210083],[56.46639943,26.37285686],[56.46597958,26.37297225],[56.46215975,26.37088585],[56.45693827,26.37179196],[56.45607424,26.37201405],[56.45530093,26.37274778],[56.45491183,26.37547386],[56.45331144,26.37605977],[56.45167208,26.37656212],[56.44963491,26.37588346],[56.4483062,26.37463284],[56.44809294,26.37442374],[56.44924426,26.37417257],[56.44898117,26.37323821],[56.44689322,26.37268043],[56.44539022,26.37063622],[56.44556427,26.36930644],[56.44773436,26.3671875],[56.44800651,26.3671875],[56.44983494,26.3649708],[56.45320797,26.3654592],[56.45423067,26.36413884],[56.45487738,26.36415637],[56.4589076,26.3654778],[56.46123648,26.36206222],[56.46165955,26.36214542]],[[56.41824591,26.37093604],[56.41828084,26.38215947],[56.42174351,26.38347006],[56.42219365,26.38408196],[56.42178953,26.38466024],[56.42040205,26.38498545],[56.41631627,26.38433814],[56.41323113,26.37879574],[56.41554952,26.37702894],[56.41716111,26.37570405],[56.41752148,26.3706305],[56.41794395,26.37056863],[56.41824591,26.37093604]],[[57.10070181,26.30188024],[57.10207677,26.30134511],[57.10228026,26.30173707],[57.10150147,26.30346966],[57.10081816,26.30392838],[57.09947515,26.30398226],[57.09977353,26.30303395],[57.10070181,26.30188024]],[[56.45151305,26.29318595],[56.45206344,26.29219246],[56.45245194,26.29228175],[56.45437264,26.29397738],[56.45316863,26.29785681],[56.45288742,26.29830802],[56.45234168,26.29754198],[56.45151305,26.29318595]],[[56.44838452,26.27942204],[56.44844353,26.27907455],[56.44990695,26.27895916],[56.45147872,26.28020382],[56.45207298,26.28110957],[56.45258212,26.28419971],[56.45223165,26.28440225],[56.45108151,26.28169847],[56.44838452,26.27942204]],[[56.54598665,26.17790246],[56.54856002,26.17608976],[56.54889035,26.17646492],[56.54874134,26.17834866],[56.54851532,26.17881835],[56.54654014,26.18119895],[56.54608524,26.18147314],[56.54598665,26.17790246]],[[56.43465364,25.98449981],[56.43454528,25.98411977],[56.43460655,25.98368645],[56.43486655,25.98335826],[56.43535543,25.98347974],[56.43550265,25.98384523],[56.43566597,25.98421156],[56.43579185,25.98453641],[56.43580723,25.98483825],[56.43560004,25.98510003],[56.43528295,25.98527443],[56.43478155,25.98482394],[56.43465364,25.98449981]],[[56.93740714,26.99595976],[56.93869054,26.99921],[56.93704975,26.99985135],[56.93650115,26.99954581],[56.93800807,26.99843025],[56.93800485,26.99800527],[56.93632126,26.99608088],[56.93656588,26.99582517],[56.93740714,26.99595976]],[[56.93527436,26.99967921],[56.93509221,27.00016963],[56.93304968,27.00072217],[56.93426836,26.99863803],[56.93488324,26.99893558],[56.93527436,26.99967921]],[[56.94435537,26.99988997],[56.94633496,26.99947941],[56.94720292,27.00003684],[56.94733524,27.00050116],[56.94623756,27.00118041],[56.94435537,26.99988997]],[[56.90250885,27.01193523],[56.90113711,27.01296866],[56.89928973,27.01269174],[56.90091884,27.01049554],[56.90250885,27.01193523]],[[56.11049116,27.12824035],[56.11013997,27.12892222],[56.10980308,27.12939394],[56.10947037,27.12989342],[56.10924137,27.13035691],[56.10907364,27.13071156],[56.10894155,27.13099575],[56.10876274,27.13128793],[56.10848105,27.13167012],[56.108024,27.13217437],[56.10750031,27.13180423],[56.10789776,27.13135338],[56.10821331,27.13094103],[56.10852754,27.13052344],[56.10882235,27.13008201],[56.10919344,27.12953365],[56.10964632,27.12889791],[56.11018705,27.12836313],[56.11049116,27.12824035]],[[56.20923305,27.13050735],[56.20965874,27.13273334],[56.21007896,27.13478994],[56.20984924,27.13533473],[56.20742345,27.13246477],[56.209185,27.13207245],[56.20819187,27.1300534],[56.20923305,27.13050735]],[[56.67572105,27.14795935],[56.67530203,27.14840663],[56.6735934,27.14811397],[56.67154813,27.14904535],[56.67107487,27.14854693],[56.67132723,27.14820981],[56.6731925,27.14667225],[56.67384624,27.14651716],[56.6759181,27.14736736],[56.67572105,27.14795935]],[[56.66786742,27.15586162],[56.66612065,27.15616345],[56.66622198,27.15421844],[56.66664731,27.15372658],[56.66823626,27.15332222],[56.66917825,27.15402412],[56.669119,27.15438366],[56.66786742,27.15586162]],[[56.59667194,27.15756714],[56.59619904,27.15819526],[56.59402466,27.16080201],[56.59089673,27.16318655],[56.58963215,27.16232645],[56.58925831,27.16265106],[56.58794725,27.1644268],[56.58773303,27.1640563],[56.59061766,27.1584059],[56.5965327,27.1558181],[56.59667194,27.15756714]],[[56.52663255,27.17235315],[56.52561641,27.17267275],[56.52368414,27.17212606],[56.52363753,27.17170608],[56.52686298,27.17084491],[56.52663255,27.17235315]]]]},"geometry_name":"the_geom","properties":{"name":"Persian Gulf","id":"41","longitude":52.04671763255,"latitude":26.80330729914,"min_x":47.70244097687,"min_y":23.95901381933,"max_x":57.3399815557,"max_y":31.18585503098,"area":244657,"mrgid":4266}}],"totalFeatures":1,"numberMatched":1,"numberReturned":1,"timeStamp":"2026-03-03T13:52:38.685Z","crs":{"type":"name","properties":{"name":"urn:ogc:def:crs:EPSG::4326"}}}