{"type":"FeatureCollection","features":[{"type":"Feature","id":"iho.72","geometry":{"type":"MultiPolygon","coordinates":[[[[66.35199225,25.59504271],[66.35433531,25.59310305],[66.35672903,25.59416235],[66.36200166,25.5927037],[66.3657037,25.59340715],[66.37774324,25.58722341],[66.37961495,25.58512986],[66.38639164,25.58365405],[66.38953185,25.58178174],[66.39373291,25.58143377],[66.39509273,25.57900524],[66.39622986,25.57965875],[66.39810467,25.57836831],[66.39917636,25.57678294],[66.39921164,25.56765938],[66.41022885,25.55900276],[66.40204692,25.55312288],[66.39909077,25.54513013],[66.39413393,25.54321074],[66.39241075,25.54140878],[66.39417911,25.53547573],[66.40555882,25.52975845],[66.40857601,25.52943575],[66.41332424,25.53350222],[66.41409135,25.54023588],[66.41832745,25.54287076],[66.41932082,25.54828978],[66.42136323,25.55030143],[66.43195283,25.54433632],[66.43594492,25.54620111],[66.43487406,25.54351425],[66.43989456,25.53866947],[66.43749523,25.53138375],[66.43526185,25.52669632],[66.43063545,25.52320623],[66.42657506,25.52218175],[66.42619514,25.52103758],[66.42632604,25.52046072],[66.4271754,25.51906645],[66.43858075,25.51138115],[66.44130838,25.51095045],[66.44302654,25.51149952],[66.4453125,25.51283467],[66.44808817,25.51470315],[66.44949031,25.51767552],[66.45043027,25.51753581],[66.4503144,25.51495147],[66.4506886,25.51495802],[66.45394802,25.51638234],[66.46992731,25.51680136],[66.47177768,25.51737845],[66.47201025,25.51861537],[66.47160494,25.51906538],[66.46563125,25.52320015],[66.46537137,25.52364945],[66.46544325,25.52795875],[66.46790326,25.53498316],[66.47175646,25.53662395],[66.47280824,25.53891552],[66.47275662,25.53585994],[66.46914566,25.53476691],[66.46897948,25.53441191],[66.46886921,25.53363752],[66.46914315,25.53091645],[66.47226715,25.53268397],[66.47254896,25.53241944],[66.47231185,25.53129911],[66.47203624,25.53072155],[66.4684993,25.52908957],[66.46810472,25.52861536],[66.46761036,25.52715743],[66.46756947,25.52186966],[66.47062397,25.52038646],[66.47104287,25.52024984],[66.47206187,25.52143645],[66.47303557,25.51964974],[66.47793365,25.51873565],[66.47882044,25.51979351],[66.48090065,25.51870263],[66.48485887,25.52036285],[66.4892832,25.51957202],[66.48977172,25.51969206],[66.4912467,25.52139235],[66.49157906,25.52138114],[66.49090612,25.51877201],[66.50423741,25.51574802],[66.5075587,25.51271653],[66.51360083,25.51287615],[66.51414526,25.51039767],[66.51744008,25.5093888],[66.51775312,25.50931561],[66.51962185,25.51113105],[66.52471113,25.51250565],[66.52071214,25.50910294],[66.52843738,25.50436413],[66.52889228,25.50430405],[66.53610456,25.50971794],[66.54231727,25.51153505],[66.54260635,25.51134825],[66.54009402,25.50848198],[66.53703165,25.50663042],[66.53669965,25.5028336],[66.53788567,25.50046814],[66.54871964,25.49380398],[66.55030394,25.49430573],[66.55452704,25.49051511],[66.55600667,25.48828125],[66.55612087,25.48828125],[66.56204212,25.48018384],[66.56218302,25.4797734],[66.56405497,25.46579421],[66.55922163,25.44999063],[66.55996728,25.45058513],[66.56175435,25.44900787],[66.56289625,25.4464277],[66.56585872,25.44389975],[66.56959033,25.44333243],[66.57877445,25.43803465],[66.58572745,25.43036413],[66.58173835,25.42876685],[66.58164537,25.425246],[66.57462394,25.42023826],[66.56920564,25.41338062],[66.56649685,25.41323543],[66.56495178,25.41911495],[66.56331325,25.41969323],[66.56020546,25.40947223],[66.55721486,25.40788174],[66.5579679,25.40180194],[66.55526113,25.39950407],[66.55684066,25.39734983],[66.56149852,25.39607787],[66.56060696,25.39891076],[66.56626761,25.39989603],[66.56862867,25.40699732],[66.56920791,25.40187871],[66.57276082,25.40258443],[66.56990266,25.39884555],[66.57012093,25.39701855],[66.57411492,25.39457774],[66.57296968,25.39268577],[66.56908298,25.39382803],[66.56893897,25.39239764],[66.57106495,25.39065874],[66.56569696,25.38795555],[66.57137024,25.38785374],[66.57358325,25.38403845],[66.57070816,25.38183904],[66.56700206,25.38284135],[66.56582403,25.38225508],[66.56474495,25.38545585],[66.56223655,25.38765001],[66.55929744,25.38826573],[66.55652428,25.37963915],[66.55463827,25.37770224],[66.55319834,25.37838435],[66.55286324,25.38161755],[66.55071485,25.38237226],[66.55105484,25.38365054],[66.54857051,25.38357782],[66.54696393,25.3805294],[66.54840446,25.37681365],[66.54939067,25.36260021],[66.55846512,25.34959805],[66.5600003,25.34798825],[66.56301045,25.34576106],[66.58182096,25.33495283],[66.59679413,25.32742846],[66.61259997,25.31730294],[66.61847007,25.3125],[66.61878276,25.3125],[66.66751146,25.27458262],[66.68800545,25.25687134],[66.69607091,25.24926245],[66.71855545,25.22507203],[66.72187936,25.22107732],[66.74179602,25.19433081],[66.7463932,25.18565941],[66.75000834,25.17503965],[66.75029993,25.16637492],[66.74381244,25.15854955],[66.74351382,25.15800416],[66.74133158,25.15215898],[66.73682356,25.139642],[66.73679185,25.13671875],[66.73557794,25.12681007],[66.73335266,25.12337685],[66.72688007,25.11802447],[66.72210646,25.11791503],[66.72116125,25.11704242],[66.72097075,25.11876094],[66.71990335,25.11903107],[66.71511996,25.11448813],[66.71438026,25.11011672],[66.71691155,25.09887874],[66.71477544,25.09766805],[66.71300435,25.09285331],[66.71047604,25.09004045],[66.70656848,25.09113157],[66.70144212,25.08691394],[66.70701575,25.07396793],[66.71249211,25.05050194],[66.71183383,25.04489064],[66.70852256,25.03613281],[66.71121347,25.02246261],[66.71002877,25.01285887],[66.70670784,25.00634062],[66.7017951,25.00138164],[66.70099556,24.99810755],[66.70228624,24.99002397],[66.70205784,24.9609375],[66.70222354,24.9609375],[66.70219111,24.95722234],[66.70153391,24.9552685],[66.70003974,24.95146716],[66.69841576,24.9496212],[66.69659853,24.94791591],[66.69609845,24.94766057],[66.68918824,24.94662607],[66.68204975,24.94387031],[66.67890024,24.94121301],[66.67703187,24.93615258],[66.67699218,24.93292701],[66.68156326,24.92363632],[66.68354332,24.91510606],[66.68830407,24.90641952],[66.68816531,24.90255797],[66.69111025,24.89772022],[66.69175816,24.89089823],[66.69354475,24.88762391],[66.69358981,24.88761687],[66.69417036,24.88784981],[66.69266474,24.89228225],[66.69465721,24.89442503],[66.70062006,24.89773655],[66.70138144,24.89803171],[66.7085551,24.89961445],[66.71031904,24.9006983],[66.71447694,24.90527093],[66.71571064,24.90685797],[66.72046971,24.91805673],[66.72334063,24.92100501],[66.72362995,24.92094266],[66.72638834,24.92034936],[66.72634137,24.91995728],[66.72377443,24.91882181],[66.71990943,24.90968764],[66.72130811,24.90484476],[66.71849585,24.90295863],[66.71668911,24.89951372],[66.70681655,24.88896322],[66.70688295,24.88687825],[66.70977676,24.88563156],[66.71729124,24.88651085],[66.7196151,24.88820064],[66.72007656,24.88571537],[66.71107697,24.88266695],[66.70701385,24.88251495],[66.70237982,24.88751852],[66.69776762,24.88476562],[66.69296396,24.87992585],[66.69200122,24.87972367],[66.68504453,24.88063514],[66.67908323,24.87694645],[66.67089975,24.86519945],[66.65831101,24.85549545],[66.6573987,24.85191536],[66.65967023,24.85001385],[66.66068602,24.84015441],[66.65381765,24.8390311],[66.65344846,24.83803391],[66.66328156,24.82712746],[66.66555047,24.82510126],[66.66609251,24.82480872],[66.67194188,24.82480621],[66.68241155,24.82835865],[66.68575251,24.83061886],[66.70605695,24.83178341],[66.71343315,24.8361963],[66.71623588,24.83582628],[66.71955955,24.83800173],[66.72507346,24.83806181],[66.72564018,24.83529127],[66.72683585,24.83527601],[66.73072314,24.83827627],[66.73211837,24.84159756],[66.75154591,24.85209024],[66.75584054,24.85209096],[66.76413393,24.84928274],[66.7718569,24.84503233],[66.77550125,24.84179866],[66.78008544,24.84451616],[66.78347993,24.84481466],[66.78406572,24.84303904],[66.78899741,24.84325862],[66.79310417,24.84499204],[66.796875,24.84486604],[66.80009115,24.84505951],[66.80349565,24.84446514],[66.81487215,24.83850276],[66.81541657,24.83937871],[66.81884146,24.83821666],[66.81997764,24.83910894],[66.82252836,24.83795464],[66.82290387,24.84361625],[66.82887697,24.85229075],[66.83251703,24.85483086],[66.83229876,24.85673845],[66.83485305,24.85877871],[66.84558356,24.86104906],[66.85383332,24.86101961],[66.87177086,24.85679591],[66.87256455,24.85651934],[66.89189494,24.84750557],[66.89828324,24.84321952],[66.90321314,24.84453142],[66.90398824,24.84426475],[66.91233373,24.83999801],[66.92418993,24.8324362],[66.93052542,24.82819951],[66.9414643,24.81947541],[66.96348453,24.79983306],[66.96487045,24.79880226],[66.97056353,24.79744196],[66.97408855,24.79512823],[66.98051202,24.78811693],[66.98075438,24.78778744],[66.98124576,24.78515625],[66.98201275,24.78470278],[66.98249006,24.78515625],[66.98208058,24.78709221],[66.98136365,24.79128885],[66.97997272,24.79343295],[66.97356272,24.80115998],[66.96886337,24.80498433],[66.96858644,24.80539095],[66.96800065,24.81030464],[66.96215308,24.81027377],[66.96019125,24.81217992],[66.96058714,24.81466806],[66.96280181,24.81516862],[66.96503317,24.81971538],[66.95832396,24.82079387],[66.95386755,24.81951392],[66.95808315,24.82170141],[66.96197295,24.82181644],[66.96327817,24.82528055],[66.95912564,24.82573438],[66.95049381,24.82981825],[66.94084275,24.83842194],[66.93940282,24.83924377],[66.93742442,24.83981311],[66.93473744,24.83981431],[66.92940521,24.83814013],[66.92477226,24.83588541],[66.9230597,24.83382833],[66.92265594,24.83383393],[66.91809988,24.83681238],[66.91405272,24.84188342],[66.91391635,24.84463775],[66.91643941,24.84798396],[66.91563976,24.85104644],[66.91759837,24.85375595],[66.91540492,24.85692406],[66.9166733,24.85964537],[66.91459286,24.86558473],[66.919227,24.86573017],[66.92175424,24.86463952],[66.9245429,24.85922325],[66.92297363,24.85770297],[66.91816521,24.85753667],[66.91682613,24.85874605],[66.91908622,24.85518897],[66.92127132,24.85440445],[66.92793894,24.85515916],[66.92966855,24.85324085],[66.93919671,24.8583945],[66.93992758,24.86328125],[66.95037615,24.86411834],[66.95276952,24.86025834],[66.95438635,24.86023414],[66.95918298,24.86244643],[66.95667052,24.86309993],[66.95721412,24.86496484],[66.96324885,24.86950755],[66.96586907,24.87031734],[66.96700287,24.86987937],[66.96723366,24.86959696],[66.96795285,24.86692238],[66.96544874,24.8604635],[66.96851313,24.85569096],[66.96920812,24.8523916],[66.97134531,24.85220134],[66.97436225,24.85560036],[66.98175204,24.85480165],[66.97448015,24.84843028],[66.97456515,24.84434152],[66.96874905,24.83143318],[66.96864796,24.82555461],[66.97119713,24.82564235],[66.98052847,24.84204745],[66.98914671,24.84442234],[66.98877585,24.84206796],[66.98264277,24.83952415],[66.97322953,24.82164764],[66.97310567,24.81364357],[66.97410476,24.81235218],[66.97596014,24.81311238],[66.97754085,24.81138802],[66.98371351,24.79778826],[66.98426676,24.79805064],[66.98308885,24.80384004],[66.98059583,24.80834866],[66.98633146,24.81417406],[66.9900192,24.81445313],[66.99278498,24.81445313],[66.99462891,24.81277895],[67.01239514,24.81079626],[67.01673305,24.80949771],[67.02291214,24.80670178],[67.02493453,24.80557907],[67.03459823,24.7990607],[67.04092288,24.79326773],[67.04794705,24.78515625],[67.04812253,24.78515625],[67.05363202,24.77925014],[67.05383134,24.77749264],[67.05226016,24.77598774],[67.05531204,24.77236891],[67.05671215,24.77078676],[67.06630564,24.76013815],[67.07316816,24.75518894],[67.07815886,24.74939954],[67.08113325,24.74766922],[67.08177424,24.74757242],[67.08823407,24.75036407],[67.09217405,24.75442266],[67.10322475,24.75969207],[67.10484326,24.76186955],[67.10392296,24.76715946],[67.10136664,24.77008653],[67.1027708,24.77427232],[67.09981394,24.77539063],[67.09789491,24.7771672],[67.09168434,24.78515625],[67.09158516,24.78515625],[67.08320451,24.79074931],[67.0818094,24.79264295],[67.08143306,24.7961781],[67.07892775,24.79951405],[67.07879031,24.80020857],[67.07871056,24.80365896],[67.08185506,24.81245565],[67.08213973,24.81271565],[67.0853337,24.81290185],[67.08561254,24.80858636],[67.08126354,24.80570316],[67.08012974,24.80201721],[67.08390665,24.79964745],[67.0877341,24.79367673],[67.09335482,24.78988671],[67.09882855,24.79003334],[67.10152507,24.78882945],[67.10240555,24.79055715],[67.10589945,24.79141855],[67.10781825,24.79356611],[67.11055326,24.78770757],[67.11371136,24.78515625],[67.11407876,24.78515625],[67.11586642,24.78389776],[67.11594903,24.78119791],[67.11737394,24.77962816],[67.11923456,24.77793157],[67.12436485,24.77713513],[67.13234723,24.78010535],[67.14055765,24.78061211],[67.14115202,24.78097033],[67.14243865,24.78288114],[67.14250767,24.78346372],[67.14168835,24.78515625],[67.14136934,24.78515625],[67.14113975,24.78607416],[67.14125824,24.78642583],[67.14157641,24.78681326],[67.14458847,24.78641248],[67.14479435,24.78834641],[67.1484375,24.79101563],[67.15017176,24.79318333],[67.15100181,24.79341602],[67.15328515,24.79334855],[67.15910494,24.79190254],[67.16901398,24.78837895],[67.16955376,24.78818023],[67.17201054,24.78630435],[67.17248845,24.78634477],[67.17369485,24.78745842],[67.17401803,24.78975213],[67.17622197,24.78991985],[67.17713332,24.79146242],[67.17957866,24.78962958],[67.18178785,24.78909433],[67.18250024,24.78922856],[67.18489265,24.79140425],[67.18484497,24.79181766],[67.17980731,24.79502714],[67.1846776,24.79421425],[67.19081116,24.7966212],[67.19171476,24.79835928],[67.19170475,24.79932761],[67.19042766,24.80178225],[67.19010913,24.80207348],[67.18884754,24.80266285],[67.18494892,24.80265713],[67.18426275,24.80254126],[67.18319464,24.80140531],[67.18375826,24.79913998],[67.17707491,24.79879153],[67.17435527,24.79691136],[67.17160988,24.80018008],[67.17188871,24.80231905],[67.17261302,24.80264711],[67.17941892,24.8023833],[67.18518245,24.80632877],[67.18852317,24.80633116],[67.19483984,24.80305851],[67.19581807,24.80441081],[67.19642866,24.80459786],[67.19949532,24.80468142],[67.19997394,24.80460537],[67.20123112,24.80245841],[67.20020938,24.79801905],[67.20149565,24.79990876],[67.20393181,24.80027831],[67.20413101,24.80058932],[67.20544851,24.80450141],[67.20557904,24.80653214],[67.20545781,24.80710995],[67.20051396,24.80814564],[67.19959176,24.80985713],[67.20006561,24.81068635],[67.20312703,24.81302106],[67.21189988,24.81146622],[67.21233165,24.81153548],[67.21771181,24.81494296],[67.22660434,24.8131299],[67.23957193,24.81437194],[67.24821317,24.81392777],[67.24754751,24.81130445],[67.2184844,24.81174147],[67.21357727,24.80700803],[67.21269667,24.80475712],[67.21269298,24.80393565],[67.21344757,24.80347383],[67.21505046,24.80360711],[67.21441984,24.80123222],[67.21489632,24.80070925],[67.21697485,24.79990387],[67.22037423,24.79539561],[67.22729516,24.78991806],[67.22874224,24.78910005],[67.23573208,24.78857768],[67.23976493,24.79059255],[67.24292457,24.78931665],[67.24223375,24.78655446],[67.24278164,24.78515625],[67.24292374,24.78515625],[67.24287915,24.78473401],[67.24383354,24.78439474],[67.2444278,24.78439546],[67.24797487,24.78527927],[67.25987196,24.79218304],[67.26429045,24.79066086],[67.27746177,24.78973174],[67.28585732,24.78527761],[67.28580487,24.78515625],[67.2858721,24.78515625],[67.28707612,24.78335345],[67.29334354,24.78298461],[67.29493475,24.78357828],[67.29538202,24.78417957],[67.29538202,24.78515625],[67.29529905,24.78641236],[67.29382753,24.78982615],[67.29411554,24.79615104],[67.29177415,24.79887724],[67.2948091,24.79643512],[67.29512382,24.79549623],[67.29503286,24.79023135],[67.29630232,24.78515625],[67.29731453,24.78350794],[67.30047846,24.78354085],[67.30366492,24.78515625],[67.30627263,24.78434896],[67.30934012,24.78434896],[67.31194782,24.78515625],[67.31205976,24.78015852],[67.30840945,24.7778331],[67.30461538,24.77815795],[67.30436456,24.77800965],[67.30523336,24.7769165],[67.30681372,24.77624667],[67.30726028,24.77626824],[67.31337965,24.77956414],[67.31677365,24.77797556],[67.32007027,24.77866685],[67.32108486,24.77970195],[67.32035625,24.78267527],[67.32130826,24.78295934],[67.32147324,24.78280664],[67.32137394,24.77668285],[67.32011426,24.77303541],[67.32834172,24.76430666],[67.33770525,24.77030015],[67.34308314,24.77717567],[67.34674931,24.77668166],[67.34772813,24.77522302],[67.35226584,24.77619815],[67.35626924,24.77396858],[67.36054564,24.77400374],[67.36919534,24.78094137],[67.37502193,24.78258693],[67.37831402,24.78265846],[67.3801316,24.78152216],[67.38613725,24.77320635],[67.3925966,24.77533686],[67.39413035,24.77423024],[67.40024245,24.77843034],[67.40716076,24.77960527],[67.41089165,24.77659214],[67.41566455,24.76961625],[67.41945815,24.76751757],[67.42214561,24.7665956],[67.42346895,24.76656735],[67.42437387,24.76682198],[67.42471564,24.76713002],[67.43164361,24.77463675],[67.43789983,24.77675617],[67.44566298,24.77780855],[67.44661617,24.77766573],[67.45184314,24.77518845],[67.45305061,24.77246916],[67.45337045,24.76548553],[67.45475185,24.76425934],[67.46737146,24.76161575],[67.46953487,24.75315511],[67.47538066,24.75173867],[67.47764921,24.74934113],[67.48376536,24.74772894],[67.48743272,24.74549794],[67.49379253,24.74468851],[67.49707603,24.74075317],[67.5,24.74190843],[67.50236225,24.74376452],[67.50398552,24.74781501],[67.50546157,24.74870265],[67.51547647,24.74783528],[67.51675355,24.74783528],[67.52563512,24.74920964],[67.52830815,24.74865985],[67.52856708,24.74825954],[67.52848494,24.74798071],[67.51991832,24.74701035],[67.50509047,24.74749434],[67.50293386,24.74316716],[67.5,24.74051344],[67.5,24.73995531],[67.49707377,24.73948395],[67.49127614,24.74378085],[67.48621917,24.74390435],[67.46764755,24.75213516],[67.46719491,24.75195324],[67.4664824,24.75088716],[67.46627116,24.74695456],[67.4678092,24.74515426],[67.46987796,24.73560214],[67.4772495,24.72943628],[67.47434592,24.72416675],[67.48730624,24.72325385],[67.48986816,24.71903336],[67.48930883,24.71808624],[67.48632491,24.72214925],[67.47413766,24.72357476],[67.47366595,24.7247591],[67.47629344,24.72932065],[67.469208,24.73402858],[67.46607876,24.72909772],[67.46892405,24.73561215],[67.46510243,24.748564],[67.46619153,24.75600958],[67.46606874,24.75838327],[67.46491766,24.75966418],[67.46378744,24.76027071],[67.45193446,24.76238775],[67.45006561,24.76513255],[67.44965386,24.77218175],[67.44905424,24.77324176],[67.44702566,24.77440774],[67.44630587,24.77447295],[67.43663955,24.77329183],[67.43625462,24.77321565],[67.43334866,24.77193916],[67.43069327,24.76973212],[67.43030655,24.76890981],[67.43032944,24.76729393],[67.43033814,24.76711822],[67.43193376,24.76559103],[67.4313755,24.76198697],[67.42787576,24.75329804],[67.42396772,24.74825406],[67.4240123,24.74278891],[67.42126274,24.74261117],[67.41252935,24.74668133],[67.40781307,24.73628867],[67.39978051,24.73558795],[67.39162338,24.73657763],[67.38301623,24.73377466],[67.38229466,24.73122346],[67.38353634,24.72750413],[67.38377881,24.72728825],[67.38801277,24.72407925],[67.39104223,24.72483397],[67.39239562,24.72417486],[67.38912535,24.72290611],[67.38541365,24.72529161],[67.38377881,24.72493947],[67.38362658,24.72486353],[67.37907255,24.71556127],[67.37915123,24.71523166],[67.38075745,24.71059644],[67.38765025,24.71438336],[67.38840926,24.71449494],[67.39213455,24.71407485],[67.39343297,24.71453512],[67.39738536,24.71453524],[67.40140975,24.7129631],[67.40632975,24.71392834],[67.40919185,24.71310997],[67.41304624,24.7153424],[67.41386116,24.71391773],[67.41794026,24.71360433],[67.41959286,24.71237123],[67.41825795,24.71132827],[67.41280532,24.71280301],[67.40792143,24.71100366],[67.40444004,24.7121129],[67.40009844,24.71168876],[67.39736128,24.71316326],[67.39352643,24.71278417],[67.39263463,24.71197414],[67.38749635,24.70282435],[67.38759506,24.70190573],[67.38904798,24.70033395],[67.38980722,24.70014226],[67.39583945,24.70086026],[67.4000833,24.69852507],[67.40258384,24.69892156],[67.41172266,24.70416725],[67.41750288,24.70387495],[67.42377484,24.70205653],[67.42909348,24.69650924],[67.43256354,24.69242466],[67.43572176,24.68720973],[67.43594694,24.68676352],[67.43733883,24.68088031],[67.43311107,24.67740774],[67.42783046,24.67569315],[67.41841376,24.67522788],[67.41711426,24.67392945],[67.42159295,24.66660285],[67.43036175,24.66295922],[67.43800068,24.64971554],[67.43895698,24.64778137],[67.43904114,24.64770401],[67.44240427,24.64683986],[67.44311714,24.64705694],[67.44443834,24.64836395],[67.44473505,24.65421617],[67.44604385,24.65661407],[67.45696795,24.66299653],[67.45963025,24.66365981],[67.45996344,24.66357696],[67.46272576,24.66252434],[67.46889591,24.65885413],[67.47125411,24.65586412],[67.47141421,24.65559566],[67.47514272,24.64454436],[67.47401535,24.63976932],[67.47537887,24.63564277],[67.47339833,24.62779021],[67.47372496,24.61939371],[67.47175014,24.61869717],[67.4703238,24.62099791],[67.47168136,24.62913156],[67.46583641,24.62841427],[67.46497714,24.62949073],[67.47193015,24.63104618],[67.47278595,24.63205195],[67.47346365,24.63547981],[67.47216785,24.6392076],[67.47324002,24.64288914],[67.47114646,24.6469655],[67.47115576,24.64994955],[67.46230793,24.65777755],[67.46026134,24.66083586],[67.45945084,24.6609174],[67.45871305,24.66069841],[67.45503414,24.65657711],[67.45126963,24.65458083],[67.45151627,24.64664137],[67.44801843,24.64265275],[67.44550741,24.64164734],[67.44187534,24.63620734],[67.43759036,24.63510132],[67.43520713,24.6360687],[67.43435836,24.63591945],[67.43262863,24.63537741],[67.42408717,24.63519025],[67.41791797,24.63678372],[67.41300023,24.63967443],[67.40449536,24.63154983],[67.40143311,24.63176691],[67.40031087,24.63360465],[67.38971496,24.63058031],[67.37892115,24.63155484],[67.37715137,24.62840831],[67.3767488,24.61697197],[67.37395585,24.61232102],[67.37395406,24.61168182],[67.37637031,24.609375],[67.37647796,24.609375],[67.37698174,24.60891545],[67.38344014,24.60646725],[67.38376987,24.60569966],[67.38304305,24.60445178],[67.37361455,24.60136604],[67.37219441,24.60283208],[67.36439621,24.60220206],[67.36066627,24.60346305],[67.35969245,24.60218227],[67.35772705,24.60347641],[67.35261297,24.60010445],[67.35228431,24.60144115],[67.35765791,24.60480905],[67.35502005,24.609375],[67.35489595,24.609375],[67.35291922,24.61598384],[67.35246551,24.61649346],[67.35185742,24.61660445],[67.35052705,24.61620855],[67.35041761,24.61190546],[67.35013783,24.61178243],[67.34689546,24.61290026],[67.34630191,24.61284137],[67.34270716,24.61193955],[67.34224224,24.61161363],[67.34068227,24.609375],[67.34181035,24.59929371],[67.34013188,24.58981228],[67.34025872,24.58961618],[67.34316087,24.58814776],[67.34936106,24.58208597],[67.3540194,24.58280814],[67.3555423,24.58187485],[67.35529923,24.5815984],[67.34931135,24.58069193],[67.34321988,24.58666003],[67.34043217,24.58800006],[67.33890486,24.58797514],[67.33746076,24.58661974],[67.33400285,24.58581185],[67.33323658,24.58573997],[67.33133054,24.58669543],[67.32737267,24.58589053],[67.32545412,24.58842206],[67.32329297,24.58870685],[67.3226341,24.58856583],[67.32195497,24.58782184],[67.31964433,24.57557035],[67.31669807,24.57203531],[67.31322265,24.57083511],[67.30793393,24.57550454],[67.30245686,24.58258915],[67.30215025,24.58258915],[67.29952884,24.58016706],[67.29713976,24.57541502],[67.30637145,24.56295276],[67.30626953,24.55999553],[67.30215025,24.55660367],[67.30175161,24.55607176],[67.30166984,24.55456912],[67.30213428,24.55430424],[67.31068611,24.55356431],[67.32731688,24.54540515],[67.33580542,24.54524112],[67.34195161,24.54819775],[67.34811282,24.54647684],[67.34873521,24.54661632],[67.36362982,24.55603576],[67.36712575,24.56706572],[67.37231553,24.57272434],[67.39821732,24.58417666],[67.40271652,24.59251463],[67.40881383,24.59811485],[67.41170132,24.59955215],[67.41211104,24.59955645],[67.41918814,24.59757328],[67.42693758,24.59286976],[67.42805445,24.59398627],[67.42946911,24.59344816],[67.43007851,24.59304225],[67.43468201,24.58805573],[67.43552923,24.58570302],[67.44003832,24.58234203],[67.44030845,24.58187485],[67.44064093,24.57974911],[67.44068694,24.57935905],[67.44348204,24.57946086],[67.44930744,24.57607305],[67.45163822,24.57153857],[67.45428085,24.55873644],[67.46438158,24.5471729],[67.46493495,24.54696155],[67.4655658,24.54711556],[67.46621656,24.54897738],[67.46428955,24.55655718],[67.46539175,24.56066096],[67.47066235,24.56286645],[67.4777019,24.56332004],[67.47789776,24.56072617],[67.47483945,24.55917895],[67.46785653,24.55988157],[67.46862626,24.54744351],[67.46834064,24.54700804],[67.46563494,24.5452044],[67.46295345,24.54535925],[67.4568243,24.55063367],[67.45039093,24.55900741],[67.45025635,24.55932891],[67.44797874,24.57281613],[67.44172204,24.57688832],[67.43968964,24.57724011],[67.43918622,24.57719696],[67.43917418,24.57214415],[67.44257474,24.57047057],[67.43731833,24.56476045],[67.4320569,24.56258714],[67.42832875,24.56258798],[67.4265877,24.56308973],[67.4236443,24.56553256],[67.42288744,24.56646848],[67.42156673,24.56993246],[67.42153442,24.57324207],[67.42187333,24.57714856],[67.42360032,24.58107471],[67.42360032,24.58159494],[67.42237926,24.58629406],[67.42180836,24.58747137],[67.41946948,24.58874178],[67.41621363,24.58893144],[67.41337597,24.58825076],[67.41485202,24.58590746],[67.40325606,24.58068466],[67.39628947,24.57403958],[67.39594054,24.57385921],[67.37842548,24.56936133],[67.36478376,24.54787266],[67.35860491,24.5436393],[67.35577095,24.54374671],[67.35510492,24.54199731],[67.35534525,24.53971696],[67.35705066,24.53793502],[67.36015773,24.53773081],[67.36071491,24.53732276],[67.36699808,24.53184795],[67.37046075,24.52790046],[67.37727487,24.53386366],[67.37613916,24.53757095],[67.37806857,24.53910053],[67.38025486,24.53864157],[67.38062251,24.53818142],[67.38060594,24.53788292],[67.37836742,24.53692544],[67.37855303,24.53207266],[67.37478447,24.53034461],[67.37441885,24.53000367],[67.37089992,24.52498805],[67.37076378,24.52464545],[67.36847222,24.51458704],[67.3665961,24.51071394],[67.36523986,24.50835431],[67.36115265,24.50348771],[67.35696816,24.49996924],[67.35927701,24.48799777],[67.35513794,24.48197556],[67.35152328,24.47952485],[67.35242331,24.47418773],[67.34871113,24.47346342],[67.34194446,24.46865773],[67.33909655,24.46888495],[67.3354305,24.47174025],[67.33129001,24.48229528],[67.32888985,24.48100436],[67.32750964,24.47788715],[67.33261621,24.46718586],[67.33261526,24.46477473],[67.33179903,24.461923],[67.33005226,24.46012485],[67.33100057,24.45907426],[67.33765864,24.45499945],[67.33798635,24.45482266],[67.340523,24.45441592],[67.34322214,24.45538688],[67.34641552,24.46017218],[67.35427546,24.46437466],[67.36257148,24.46648824],[67.36748636,24.46603811],[67.37107396,24.46711111],[67.37407792,24.47084355],[67.37686527,24.4794116],[67.37918747,24.48160756],[67.38390517,24.48402977],[67.39594364,24.48598206],[67.40178895,24.48831105],[67.40311122,24.48953593],[67.40369785,24.49073386],[67.40398395,24.49177825],[67.40157914,24.49678957],[67.39839065,24.4999727],[67.39385355,24.50226176],[67.38985801,24.50879371],[67.39091611,24.51264155],[67.39317012,24.51532912],[67.39332771,24.50785065],[67.39585471,24.50620842],[67.40040922,24.51067662],[67.40694976,24.5145601],[67.40586495,24.51551032],[67.40670407,24.51719856],[67.40954793,24.51751685],[67.40974295,24.51581943],[67.41525102,24.51450884],[67.41812956,24.51458621],[67.42051065,24.51655126],[67.42058206,24.51449573],[67.41617835,24.51147628],[67.40692103,24.51209593],[67.39995873,24.50860715],[67.39801192,24.50447845],[67.39905524,24.50261414],[67.40538835,24.4999665],[67.40829897,24.49291515],[67.40876281,24.48790562],[67.41261315,24.48641777],[67.41699183,24.48060715],[67.41951108,24.48016322],[67.41995573,24.47867978],[67.41691172,24.47801542],[67.41553867,24.47582412],[67.41527247,24.47257984],[67.41334236,24.46933436],[67.41624618,24.46913421],[67.41519356,24.46847975],[67.41579807,24.46736586],[67.4171952,24.46857691],[67.417961,24.46705937],[67.42014766,24.46716106],[67.42596161,24.47164035],[67.42808783,24.47122836],[67.42921448,24.47662926],[67.43081534,24.47650754],[67.43156815,24.47810745],[67.43400776,24.47653425],[67.42938221,24.46773613],[67.42067063,24.46403515],[67.41805434,24.46401358],[67.41294706,24.46622264],[67.40933585,24.47211456],[67.40803754,24.48116398],[67.39916623,24.48347807],[67.38975334,24.48095906],[67.38328087,24.47708237],[67.37934041,24.46753716],[67.38360941,24.46299291],[67.39559186,24.45558703],[67.4026829,24.45410216],[67.40728247,24.45026088],[67.41510451,24.44740975],[67.41419256,24.44396055],[67.40801084,24.43675435],[67.40875304,24.43528593],[67.41280365,24.43529975],[67.42476904,24.43930745],[67.42837763,24.43885136],[67.43168151,24.43773496],[67.43217504,24.43742704],[67.43502057,24.43359375],[67.43513381,24.43359375],[67.43590868,24.43145633],[67.44437826,24.42964721],[67.45102477,24.42557144],[67.45945823,24.42797256],[67.46398473,24.42798471],[67.46911097,24.42640054],[67.4701699,24.42649376],[67.47084308,24.42711973],[67.47116375,24.42924476],[67.46965218,24.4323827],[67.46848476,24.43359375],[67.46842992,24.43359375],[67.46314836,24.43879044],[67.45780671,24.44173658],[67.45388305,24.44599926],[67.45380855,24.44650245],[67.45548046,24.44947076],[67.45968461,24.45092738],[67.46209466,24.45365071],[67.46448135,24.45421505],[67.46564806,24.45267224],[67.46750033,24.45252824],[67.46592414,24.45628941],[67.46705186,24.45801425],[67.46735716,24.45814717],[67.47198618,24.45794475],[67.47251058,24.45757985],[67.47751892,24.45008516],[67.47992992,24.44902217],[67.48350525,24.45002651],[67.48511612,24.44970441],[67.48765385,24.44835842],[67.48759556,24.44779182],[67.48709667,24.44741344],[67.47891355,24.44815576],[67.47023737,24.45721352],[67.46733761,24.45728695],[67.46661985,24.45675385],[67.46867692,24.45368874],[67.46822143,24.45186758],[67.46333945,24.45172465],[67.46068346,24.44870794],[67.45615554,24.44701445],[67.45592308,24.44620538],[67.45666313,24.44524884],[67.47302735,24.43359375],[67.47338033,24.43359375],[67.47483563,24.43101466],[67.47544074,24.42664301],[67.47531295,24.42594957],[67.47231865,24.42225587],[67.47295535,24.42003667],[67.47193885,24.41723883],[67.47488785,24.41405034],[67.47050798,24.41475224],[67.47035825,24.41433251],[67.47053635,24.41289675],[67.4741652,24.40591466],[67.4771924,24.40300596],[67.48438215,24.39965951],[67.4849534,24.39822233],[67.48388374,24.39763355],[67.48355567,24.39593005],[67.48365867,24.39525378],[67.48457253,24.39443672],[67.48661292,24.39410985],[67.49153221,24.39512324],[67.49452484,24.40220702],[67.49783027,24.40540051],[67.5,24.40625],[67.50142896,24.40664232],[67.50206721,24.40674102],[67.50530124,24.40661073],[67.50671303,24.40546894],[67.50945997,24.40642512],[67.51031315,24.40856802],[67.50898492,24.41339552],[67.50893342,24.41541088],[67.50958538,24.41600704],[67.51168954,24.41489816],[67.51386476,24.41205823],[67.51402593,24.41175127],[67.51415324,24.40929174],[67.51209295,24.40406775],[67.51146758,24.40374565],[67.50717855,24.40263832],[67.5064522,24.40278256],[67.50352633,24.40562642],[67.50322306,24.40562725],[67.5,24.40401781],[67.5,24.40345967],[67.49746466,24.40148437],[67.49740052,24.39523661],[67.49481881,24.39324427],[67.49460745,24.39132714],[67.48948288,24.39014852],[67.48455167,24.39103544],[67.48208404,24.39386213],[67.47894597,24.39417851],[67.48002625,24.39604485],[67.47823608,24.3979671],[67.46762347,24.4047724],[67.4671365,24.40279114],[67.4718101,24.39673746],[67.46746504,24.39562523],[67.46615672,24.39270055],[67.47227287,24.38110864],[67.47180414,24.37677777],[67.46583235,24.37163293],[67.46034265,24.37238562],[67.45798767,24.36327171],[67.45666313,24.36402166],[67.45931518,24.37371826],[67.45564187,24.37548113],[67.45139551,24.37261796],[67.44658721,24.37126172],[67.44171143,24.36303437],[67.43760872,24.36255193],[67.43756235,24.36246133],[67.43521714,24.35668516],[67.43566895,24.35299015],[67.43555105,24.35223317],[67.43454862,24.35037601],[67.43399656,24.34976172],[67.42963028,24.34778643],[67.42461431,24.34247518],[67.41794264,24.33833051],[67.42428243,24.33056474],[67.42460406,24.32597637],[67.42820191,24.32614148],[67.43227673,24.32438695],[67.43612516,24.31872177],[67.439731,24.32148826],[67.44162202,24.32492614],[67.44545865,24.33772063],[67.44545877,24.33774197],[67.44434345,24.34581876],[67.44940984,24.35376215],[67.45015895,24.35337543],[67.44896901,24.35086346],[67.44526315,24.34582055],[67.44618654,24.33887815],[67.44625151,24.33882535],[67.44864762,24.34032726],[67.45238817,24.34037125],[67.45681381,24.33878684],[67.45725596,24.33886218],[67.46202493,24.34142482],[67.46449661,24.34482837],[67.46527135,24.3446964],[67.46556854,24.34455836],[67.46317375,24.34079766],[67.45734572,24.33784187],[67.45720303,24.33736181],[67.45872772,24.3329457],[67.46072781,24.33145487],[67.46323454,24.33159113],[67.46660626,24.32906842],[67.46827078,24.32737815],[67.46891844,24.32675922],[67.47260225,24.32528686],[67.47444105,24.32464838],[67.48172104,24.32392633],[67.4950906,24.33502197],[67.5,24.34123886],[67.5,24.34235477],[67.50039673,24.3429358],[67.50290525,24.34350073],[67.50523627,24.34634757],[67.51090956,24.3492223],[67.51125491,24.35008764],[67.50888908,24.36176443],[67.51304197,24.36525953],[67.51898944,24.36646175],[67.53114617,24.37144005],[67.53201175,24.37097394],[67.53140104,24.37018168],[67.52269292,24.36739194],[67.51914656,24.36516738],[67.51414955,24.36433256],[67.50998676,24.36120856],[67.51345122,24.34893811],[67.51858544,24.34553611],[67.51875353,24.33828294],[67.52961564,24.34444225],[67.54116416,24.34506905],[67.55028367,24.34381521],[67.55431354,24.34736621],[67.55694342,24.34739101],[67.56195128,24.34421957],[67.56972861,24.34361756],[67.57015634,24.34336352],[67.57215905,24.34081662],[67.57215488,24.34052646],[67.56979644,24.33695757],[67.5722357,24.33601034],[67.57544041,24.33668911],[67.57582796,24.33628345],[67.57589173,24.33562827],[67.57573152,24.33518457],[67.57383657,24.33431673],[67.57334936,24.33417284],[67.57052672,24.33426344],[67.56757355,24.33711922],[67.56823003,24.34141564],[67.56108975,24.34302151],[67.55819786,24.34535444],[67.55065882,24.34149921],[67.54484892,24.34127104],[67.54204547,24.34281325],[67.53317142,24.34294522],[67.52450871,24.33911657],[67.52417266,24.33801615],[67.52622187,24.33520281],[67.53059721,24.33217072],[67.52908504,24.3207072],[67.53506422,24.31497824],[67.53776026,24.31507075],[67.5348314,24.31388617],[67.52844274,24.31911337],[67.52689254,24.31575978],[67.52197695,24.31317866],[67.52162898,24.31068957],[67.52425671,24.30884385],[67.52840447,24.30031013],[67.51882064,24.28299451],[67.52175641,24.29059064],[67.52426124,24.29329658],[67.52719927,24.29960132],[67.52401805,24.30680454],[67.51993191,24.31199682],[67.52218294,24.31470263],[67.52685738,24.31730807],[67.52942967,24.33100641],[67.52729356,24.33250451],[67.52274573,24.33044052],[67.51912332,24.33147323],[67.51685786,24.33346772],[67.51530313,24.33742261],[67.51218724,24.33851492],[67.50673938,24.33674657],[67.50043535,24.33253753],[67.5,24.33203125],[67.48687768,24.31922245],[67.48517168,24.31835163],[67.48159707,24.31814206],[67.47075295,24.31991315],[67.46994424,24.31961584],[67.46793067,24.31494713],[67.46764636,24.31262493],[67.46854973,24.30888701],[67.47135067,24.30422843],[67.47121906,24.29953861],[67.4712404,24.29865396],[67.47733831,24.2929368],[67.47810495,24.29237556],[67.48606741,24.28826654],[67.49242258,24.28857684],[67.5,24.29352665],[67.5,24.29380584],[67.5027194,24.29590416],[67.50225341,24.30201972],[67.50328922,24.30484486],[67.50572586,24.30640984],[67.50773036,24.30577672],[67.50521052,24.30470002],[67.50374794,24.30264556],[67.50425565,24.29501414],[67.50615478,24.29404485],[67.50279295,24.29370844],[67.5023365,24.29341185],[67.50043893,24.29010057],[67.5,24.29017854],[67.48851132,24.28563857],[67.47895503,24.29039955],[67.46924961,24.29327714],[67.46543622,24.29889321],[67.46397555,24.29958582],[67.46231866,24.29991245],[67.46181273,24.29978526],[67.45814502,24.29710567],[67.45244408,24.29718316],[67.44910777,24.29805684],[67.44313192,24.30301786],[67.44240856,24.3032124],[67.43977261,24.30249333],[67.43767774,24.30110037],[67.4373461,24.29981256],[67.43981862,24.29614627],[67.43970764,24.29385555],[67.43156505,24.28995836],[67.43441308,24.28069854],[67.43924975,24.2790904],[67.44868934,24.28072274],[67.45493126,24.28061771],[67.46078992,24.27907526],[67.46415544,24.27689564],[67.47129857,24.26762581],[67.47434223,24.26569593],[67.4807831,24.27052724],[67.48338211,24.27091944],[67.48691523,24.26157212],[67.48898494,24.2578125],[67.48899448,24.2578125],[67.49011755,24.2558552],[67.49110281,24.25534105],[67.49298048,24.25508821],[67.494892,24.25569415],[67.49694026,24.2578125],[67.49984705,24.26227665],[67.5,24.26227665],[67.50044095,24.26329005],[67.50556326,24.26481116],[67.5058068,24.26497924],[67.50766087,24.26669896],[67.50824118,24.26744485],[67.50966704,24.27182341],[67.51305163,24.27194023],[67.51326454,24.27164805],[67.51094055,24.27040315],[67.50570595,24.26342475],[67.50138855,24.26294446],[67.50089777,24.26263487],[67.5,24.26088154],[67.5,24.26060271],[67.50013256,24.26067591],[67.50116491,24.25905955],[67.5,24.25837052],[67.49816573,24.2578125],[67.49445021,24.25382936],[67.48939657,24.25125754],[67.48875642,24.24993455],[67.48876238,24.24952602],[67.49131203,24.24246931],[67.49564731,24.24111056],[67.5,24.23772323],[67.50402832,24.23652208],[67.50480032,24.23482346],[67.5,24.23660708],[67.49913383,24.23668146],[67.49872625,24.23686755],[67.49219251,24.24100697],[67.49115467,24.24002683],[67.49323416,24.23820746],[67.49228966,24.23652255],[67.48452926,24.23611498],[67.47929537,24.23944533],[67.47804725,24.24201417],[67.47908545,24.24653876],[67.47664142,24.24803436],[67.47289884,24.24174106],[67.47110856,24.24054468],[67.46496665,24.24115741],[67.46191466,24.24279642],[67.46311498,24.23949444],[67.46754086,24.23570871],[67.46905565,24.23201656],[67.46835113,24.23082948],[67.46653533,24.23574221],[67.46171713,24.23943925],[67.46085763,24.24665523],[67.45586717,24.25066376],[67.45545363,24.25076675],[67.45184314,24.24972773],[67.44737041,24.24669886],[67.43837094,24.24780595],[67.43693125,24.24718142],[67.43431497,24.24536335],[67.4296689,24.2402364],[67.43270934,24.23845184],[67.42810714,24.23749638],[67.42996085,24.22032857],[67.42643177,24.21218026],[67.42093015,24.21131277],[67.41788471,24.20212913],[67.42064333,24.20123434],[67.42928815,24.2018373],[67.43080926,24.20041287],[67.43067527,24.19573343],[67.43242931,24.19461393],[67.4344449,24.19506395],[67.4382261,24.19772875],[67.44031036,24.20204675],[67.43797445,24.20863986],[67.43802297,24.21172798],[67.44006133,24.21397197],[67.44370794,24.21498942],[67.43981087,24.21219683],[67.43924606,24.21054065],[67.44174898,24.20298576],[67.44799435,24.20341432],[67.45406616,24.19333422],[67.45674372,24.19088042],[67.45926535,24.19093347],[67.4622941,24.19350815],[67.46041203,24.18990266],[67.45550275,24.19019484],[67.45520175,24.1903671],[67.44861794,24.19928801],[67.44473934,24.20194244],[67.44430804,24.20194495],[67.44172955,24.20050955],[67.44153297,24.20021164],[67.44118476,24.19690824],[67.43599784,24.19407976],[67.43426538,24.19170237],[67.43298733,24.19146824],[67.43190741,24.19145966],[67.43031263,24.19187856],[67.42826426,24.19351804],[67.42799425,24.19391966],[67.42838836,24.19767344],[67.42716384,24.19957697],[67.41917658,24.19896722],[67.41526592,24.20104384],[67.41531932,24.20521748],[67.41654205,24.20633376],[67.41645205,24.20941162],[67.41829658,24.21434593],[67.41435051,24.22747445],[67.41274202,24.22953475],[67.41240835,24.22971141],[67.40727675,24.22717106],[67.39704585,24.22695625],[67.39416075,24.22790301],[67.39140475,24.22710133],[67.38991535,24.22872174],[67.3834573,24.22834623],[67.37307966,24.23218441],[67.3706392,24.23218334],[67.36370635,24.23599815],[67.35861075,24.23604906],[67.35774612,24.23525977],[67.35754073,24.23507237],[67.35754967,24.23204851],[67.35801566,24.23114264],[67.35848904,24.23038507],[67.36235452,24.22602296],[67.36466205,24.22463763],[67.36943233,24.22341621],[67.37387621,24.22320592],[67.37585425,24.21913791],[67.37635791,24.21443796],[67.37630296,24.21410322],[67.37367725,24.21077907],[67.37362885,24.2107141],[67.37407422,24.20966661],[67.38052404,24.20771015],[67.38202357,24.21157396],[67.38417852,24.21336198],[67.39001596,24.21095431],[67.38854206,24.21044016],[67.38395524,24.21218455],[67.38159955,24.20647013],[67.37139332,24.20880055],[67.37082231,24.20869064],[67.36857855,24.20661283],[67.3673979,24.20431995],[67.36674416,24.20237446],[67.36674392,24.19628894],[67.36766088,24.19461501],[67.3711524,24.19201195],[67.375548,24.19070327],[67.37935865,24.18590987],[67.38030505,24.18540251],[67.38124514,24.18545675],[67.38754547,24.18841016],[67.38853073,24.19002223],[67.38928652,24.18892586],[67.39171004,24.18836832],[67.40077364,24.18659604],[67.41120934,24.18563736],[67.41159463,24.18544197],[67.41533864,24.17882383],[67.41576946,24.17854655],[67.41854835,24.17798483],[67.42099035,24.17562675],[67.4241786,24.16879594],[67.42993414,24.17402923],[67.43475854,24.17061365],[67.43894756,24.17153525],[67.44241452,24.17026794],[67.44697595,24.17122424],[67.44802511,24.17265522],[67.45062137,24.17208707],[67.44427204,24.16830313],[67.43282676,24.17058384],[67.42976928,24.17265224],[67.42533648,24.16834855],[67.42325973,24.16800666],[67.42135143,24.16939962],[67.42052436,24.17397428],[67.41773403,24.17628884],[67.41748714,24.17593574],[67.42319608,24.1605674],[67.43106425,24.15017664],[67.43199158,24.14966536],[67.43271208,24.14970446],[67.43421316,24.15418851],[67.43457162,24.15467048],[67.43742824,24.15617621],[67.44422364,24.15436006],[67.44627237,24.15077925],[67.44635475,24.15085793],[67.45822954,24.16200006],[67.45886636,24.16234827],[67.46120155,24.16304767],[67.46312535,24.16308117],[67.46652853,24.16147542],[67.47144413,24.15385962],[67.4753232,24.15463114],[67.47848141,24.15643036],[67.47967553,24.15768623],[67.480955,24.16071522],[67.47917986,24.16660655],[67.47068977,24.17553031],[67.47039211,24.17658246],[67.47023058,24.17747545],[67.47029936,24.17903841],[67.47378087,24.18489814],[67.47408187,24.18518436],[67.47840583,24.18524575],[67.48418808,24.18261385],[67.48714674,24.1799947],[67.49531877,24.19055557],[67.49833345,24.19191027],[67.5,24.19140625],[67.50210154,24.19071066],[67.50293934,24.19019043],[67.50707078,24.18544471],[67.51039624,24.1841017],[67.51479244,24.18495464],[67.51569533,24.18583262],[67.51577985,24.18623376],[67.51400197,24.19295263],[67.51383805,24.19324362],[67.50612986,24.19857061],[67.50622785,24.20030534],[67.50932646,24.19946277],[67.51228738,24.19690406],[67.51255071,24.19658387],[67.51792038,24.18959141],[67.51813757,24.18907511],[67.51851273,24.18516564],[67.51554108,24.18293548],[67.51141596,24.18217313],[67.51040232,24.18236625],[67.50747836,24.18396735],[67.50221503,24.18847871],[67.5,24.18945312],[67.49776554,24.18902278],[67.49573565,24.18756807],[67.48859763,24.17837775],[67.48521042,24.17848515],[67.47915387,24.18285227],[67.47616255,24.1838243],[67.47568536,24.18373001],[67.4738512,24.18198764],[67.47221374,24.17698145],[67.47786903,24.17261314],[67.48115838,24.16846013],[67.48131073,24.16819024],[67.48264742,24.16217744],[67.48449242,24.16057253],[67.48212016,24.15625834],[67.48124063,24.15523481],[67.47508013,24.15199554],[67.47084034,24.15137243],[67.46792793,24.15280735],[67.46378446,24.1585983],[67.46324265,24.15892613],[67.4618932,24.15887141],[67.45971835,24.15808642],[67.45353246,24.15276217],[67.44736874,24.14608395],[67.44683552,24.14515614],[67.44321513,24.13731861],[67.44267511,24.13381875],[67.44273424,24.13321078],[67.44771695,24.12480927],[67.44802976,24.12346542],[67.44798064,24.12061608],[67.44551444,24.11833048],[67.44548917,24.11830544],[67.44595015,24.11750186],[67.45000625,24.11615396],[67.45364416,24.11668098],[67.45621705,24.11998785],[67.46119225,24.12302995],[67.46649086,24.11938131],[67.47137976,24.12147343],[67.47432935,24.12126803],[67.47998536,24.11670387],[67.48705411,24.11990631],[67.48749995,24.11979806],[67.49223304,24.11679494],[67.49465072,24.1123234],[67.49525166,24.11200511],[67.5,24.11328125],[67.5,24.11300206],[67.50536311,24.11042726],[67.50581706,24.11028385],[67.51235235,24.10990286],[67.51882911,24.10631013],[67.52206814,24.106094],[67.52301395,24.10103595],[67.52432156,24.10021734],[67.52889013,24.10458291],[67.53358793,24.10226357],[67.53379393,24.10125995],[67.53189385,24.10088885],[67.52820313,24.10262346],[67.52680314,24.10014725],[67.52371001,24.09922278],[67.52169287,24.10089088],[67.52186191,24.10477555],[67.51787126,24.10561395],[67.51489937,24.10794973],[67.50633848,24.10828924],[67.5,24.11104906],[67.49683094,24.10971606],[67.49396515,24.11052096],[67.48965812,24.11634076],[67.47936475,24.11467636],[67.47216451,24.11939395],[67.47101772,24.11705613],[67.47151506,24.11448264],[67.46823525,24.11279917],[67.46255088,24.11802447],[67.45880377,24.11794984],[67.45404243,24.11416936],[67.44988596,24.11303091],[67.44535792,24.11343622],[67.43984628,24.11573553],[67.43845522,24.11588991],[67.43386281,24.11321926],[67.43277657,24.11063325],[67.43247116,24.10262275],[67.43419504,24.09422004],[67.43177998,24.08926451],[67.43154013,24.08904171],[67.42471278,24.08740497],[67.41641605,24.08882213],[67.40737092,24.08203125],[67.40722644,24.08203125],[67.40530956,24.07102644],[67.40978086,24.06637132],[67.40995395,24.0643506],[67.41306412,24.06330776],[67.41534221,24.06382275],[67.4158082,24.06407285],[67.41710818,24.06598651],[67.42055356,24.06638777],[67.42486918,24.06997943],[67.42825055,24.06812441],[67.43129253,24.07052183],[67.43189025,24.07055426],[67.43270695,24.06623662],[67.43303442,24.06580555],[67.43502474,24.06577015],[67.43897617,24.07468462],[67.43889332,24.07857585],[67.44084251,24.08105111],[67.44293213,24.08203125],[67.44344425,24.08203125],[67.44339037,24.08215213],[67.44604492,24.08409345],[67.45379603,24.0834614],[67.45487821,24.08461547],[67.45640075,24.08317304],[67.46043527,24.08457744],[67.46300936,24.08203125],[67.46337891,24.08203125],[67.46467233,24.08020937],[67.46884251,24.07075584],[67.47154903,24.06015003],[67.47459161,24.05643904],[67.47321665,24.04890192],[67.47690475,24.0394963],[67.47768772,24.0389415],[67.48306274,24.03766727],[67.48643148,24.03746176],[67.48791003,24.03797746],[67.49726975,24.04947031],[67.50688505,24.05800545],[67.52763546,24.07315028],[67.54737473,24.08003473],[67.56820941,24.08049333],[67.61075425,24.07485712],[67.6178478,24.07654762],[67.61975825,24.07574224],[67.62217164,24.07638431],[67.6295191,24.07332575],[67.63596284,24.06760228],[67.63940263,24.06569564],[67.64099598,24.06523955],[67.64278984,24.0668534],[67.64587402,24.07659042],[67.64646566,24.09108198],[67.64945805,24.10038805],[67.64943314,24.10646164],[67.64526296,24.12126672],[67.63720727,24.13266444],[67.63120997,24.13776314],[67.62872911,24.14143085],[67.62781763,24.14877248],[67.63005245,24.15544045],[67.62966013,24.16028964],[67.63442636,24.16600704],[67.64159298,24.16850805],[67.64300525,24.17067754],[67.6410979,24.17209351],[67.62723064,24.17220604],[67.62303603,24.1741749],[67.62044835,24.17899001],[67.62048066,24.18203688],[67.62220085,24.185956],[67.62240756,24.1862905],[67.63295448,24.19237816],[67.64016664,24.19305003],[67.64917445,24.18548131],[67.64931071,24.18509233],[67.64854634,24.18335485],[67.64193213,24.18690097],[67.63892555,24.18453205],[67.63216293,24.18715584],[67.62911618,24.18472135],[67.62612104,24.17908812],[67.62654936,24.17793453],[67.63459015,24.17426205],[67.64371586,24.17343211],[67.64512634,24.17106986],[67.64477396,24.16813624],[67.64303064,24.16676915],[67.63522124,24.16368377],[67.63271105,24.1594578],[67.63281083,24.1565932],[67.63694525,24.15768766],[67.63693094,24.16039717],[67.64002705,24.16156364],[67.64045191,24.15766847],[67.65549171,24.15656781],[67.65501201,24.15856576],[67.65015638,24.16194487],[67.65142286,24.16290164],[67.65772855,24.15933216],[67.65887642,24.15641475],[67.66024733,24.15677524],[67.66155672,24.15852904],[67.664047,24.15867472],[67.66699314,24.16071653],[67.67015374,24.16417921],[67.67428565,24.17223215],[67.68326914,24.18328536],[67.69985294,24.18852854],[67.71286225,24.18858647],[67.72059894,24.18597114],[67.72033322,24.18483877],[67.71261883,24.18498874],[67.70980144,24.18307495],[67.72301841,24.17294955],[67.72649491,24.17196214],[67.73163354,24.17428184],[67.73318207,24.17719555],[67.73409498,24.18763411],[67.73044884,24.20285523],[67.72846007,24.20686722],[67.72875655,24.21694887],[67.7323693,24.23022222],[67.73398435,24.23390162],[67.7374922,24.23760796],[67.74633992,24.2626183],[67.74903345,24.26473773],[67.75961757,24.26925206],[67.77149856,24.26894355],[67.7818886,24.26681626],[67.78842866,24.26456404],[67.79360437,24.26021385],[67.7964797,24.25518537],[67.79738533,24.25150073],[67.79648292,24.24985087],[67.80025625,24.24895811],[67.80575395,24.25093913],[67.80926454,24.25987518],[67.80783105,24.26209712],[67.80794334,24.26577461],[67.79563212,24.28752792],[67.79541171,24.28789365],[67.78104854,24.30546558],[67.77820063,24.31011105],[67.77027857,24.32688165],[67.77006686,24.32720411],[67.76690042,24.33007062],[67.76451135,24.33059156],[67.76288962,24.33383286],[67.76289284,24.33446646],[67.76356244,24.33613014],[67.76638031,24.33871543],[67.768543,24.33797455],[67.77522111,24.34503722],[67.78812444,24.35487294],[67.79467165,24.35852301],[67.80591905,24.36235857],[67.81379986,24.36196721],[67.81710505,24.36329305],[67.82247472,24.36319447],[67.83054221,24.36183774],[67.83713937,24.35864294],[67.84396601,24.35064375],[67.8515625,24.34793532],[67.85603571,24.348966],[67.85759151,24.35582316],[67.85485446,24.36343026],[67.84639335,24.37811506],[67.8433336,24.39141846],[67.84247875,24.4054234],[67.84346235,24.40860236],[67.84586716,24.40966427],[67.84693825,24.41226745],[67.84810686,24.41983295],[67.84748197,24.42394006],[67.85269606,24.43223596],[67.85293162,24.43468177],[67.87134302,24.44910038],[67.88543785,24.4522264],[67.89827263,24.44565475],[67.91625726,24.44134867],[67.91974211,24.43951881],[67.92970872,24.43837535],[67.93970335,24.43876147],[67.94296455,24.43708241],[67.94636285,24.43812394],[67.96228814,24.43728733],[67.97069752,24.43796182],[67.98318315,24.44647956],[67.9863919,24.45133257],[67.98665631,24.45571446],[67.98327064,24.46559441],[67.97952235,24.47162175],[67.97757876,24.48359191],[67.97502995,24.48755085],[67.96893525,24.49128854],[67.95999455,24.49113858],[67.94159114,24.49671543],[67.93586826,24.4973222],[67.93382442,24.49924111],[67.93442273,24.50825357],[67.94373596,24.51569617],[67.94991815,24.52247381],[67.95066237,24.52478266],[67.94865501,24.53327692],[67.94389021,24.54005516],[67.94431806,24.54360175],[67.94849563,24.54810596],[67.95472443,24.55169725],[67.96088564,24.54998827],[67.96320605,24.55148721],[67.97394407,24.55421984],[67.97734392,24.55361915],[67.98065984,24.55751896],[67.98573911,24.55912173],[68.00526011,24.55864656],[68.00803816,24.55677867],[68.02282321,24.55947435],[68.02584076,24.56308115],[68.02681243,24.56761813],[68.02448106,24.57364333],[68.02550852,24.57482028],[68.02774131,24.56979334],[68.02773845,24.56431174],[68.02560341,24.56016266],[68.02121151,24.55639315],[68.01665318,24.55684447],[68.00650656,24.55476236],[68.00159502,24.55772686],[67.99303341,24.55838776],[67.99194646,24.55664003],[67.98960674,24.55834186],[67.98574221,24.55828285],[67.98309803,24.55761504],[67.98137236,24.55441141],[67.98910666,24.55487955],[67.99026525,24.55280483],[67.98490882,24.55169094],[67.98127842,24.55181265],[67.97948647,24.55297375],[67.97408092,24.55235255],[67.96814442,24.54977095],[67.96506405,24.55099463],[67.96058702,24.54915297],[67.95508206,24.55109775],[67.94847202,24.54726994],[67.94567728,24.544119],[67.94784951,24.53831494],[67.95064175,24.53613091],[67.95263815,24.52751756],[67.95075107,24.52182543],[67.94745672,24.51695335],[67.93751705,24.50562751],[67.93671823,24.50127161],[67.93968201,24.49866331],[67.94681323,24.49838245],[67.94854832,24.49724281],[67.95986915,24.49762476],[67.97335541,24.49158216],[67.97719753,24.48787796],[67.98063266,24.47742367],[67.98388374,24.47142303],[67.98399866,24.46633995],[67.98639357,24.46447992],[67.98754334,24.46049345],[67.98880124,24.45999587],[67.98761797,24.44833803],[67.98194695,24.44116366],[67.97926283,24.43872595],[67.97711146,24.43742085],[67.96994495,24.43607545],[67.96786594,24.43434358],[67.96119642,24.43278647],[67.95065665,24.43263447],[67.93996882,24.43693662],[67.92883265,24.43709075],[67.92714667,24.43523073],[67.91744804,24.43856573],[67.91275871,24.43886805],[67.90897214,24.43786144],[67.90587735,24.43840432],[67.90526605,24.43855035],[67.89801335,24.44074321],[67.89777577,24.44085443],[67.88880301,24.44698656],[67.88587308,24.44717205],[67.88128221,24.44983244],[67.88079131,24.44993055],[67.87836027,24.44961476],[67.87283576,24.44695032],[67.8678416,24.44371438],[67.86691928,24.44289136],[67.85879576,24.43287242],[67.85353041,24.42878366],[67.85321867,24.42838311],[67.85114324,24.42271543],[67.85103285,24.42216468],[67.8515625,24.42047977],[67.8515625,24.41880584],[67.8515625,24.41629458],[67.84726226,24.40217447],[67.84700358,24.39087677],[67.85037065,24.37820911],[67.85316086,24.3739078],[67.85564446,24.3726505],[67.85886705,24.36806405],[67.86118197,24.36324334],[67.86125302,24.36200607],[67.85989904,24.35284591],[67.85570455,24.34568357],[67.8515625,24.34486604],[67.84529352,24.34547186],[67.83341253,24.35404563],[67.83118773,24.35465968],[67.82776082,24.35996735],[67.82568061,24.35826385],[67.81288242,24.36013925],[67.81211436,24.36002254],[67.79881513,24.35496891],[67.79569173,24.35485256],[67.7904855,24.35150206],[67.78837907,24.34988844],[67.7810837,24.34237683],[67.78018165,24.33868444],[67.77823627,24.33833516],[67.77681375,24.33568704],[67.77486861,24.33462083],[67.77228343,24.32715321],[67.77231264,24.3271209],[67.77687514,24.3243345],[67.77958107,24.31969392],[67.78078175,24.32050204],[67.78339803,24.31850696],[67.79121566,24.30063856],[67.80674374,24.28033566],[67.81071377,24.27385092],[67.81246078,24.27049315],[67.81263864,24.26989245],[67.81332326,24.25627756],[67.81025982,24.24981546],[67.80701077,24.24677396],[67.80432534,24.24545097],[67.80102777,24.24534357],[67.79784536,24.24623084],[67.79548347,24.24725616],[67.79250634,24.25116634],[67.79369092,24.25422394],[67.79265392,24.25584865],[67.77923274,24.26221991],[67.77704477,24.26268876],[67.77124095,24.26123285],[67.76793444,24.26164508],[67.76732516,24.26152921],[67.76328945,24.25962853],[67.75577295,24.26050353],[67.75499666,24.26042354],[67.7482506,24.2587713],[67.74670506,24.25739396],[67.74647164,24.24475718],[67.74081314,24.23729825],[67.73756695,24.22975552],[67.73459256,24.21749067],[67.73439407,24.20217228],[67.73588073,24.20154953],[67.73719585,24.19767642],[67.73911464,24.18171334],[67.74142695,24.17665124],[67.73830032,24.17312491],[67.73841095,24.17136216],[67.73040414,24.16749883],[67.71716213,24.16930008],[67.71101725,24.17164731],[67.69703507,24.18075097],[67.68997025,24.18124485],[67.68439186,24.17567945],[67.67821407,24.16330504],[67.67668593,24.15708435],[67.67410314,24.15408754],[67.67306125,24.15340507],[67.67221534,24.15288854],[67.66715086,24.15311003],[67.66677761,24.15299988],[67.66215098,24.15041816],[67.65798771,24.1504209],[67.65082645,24.15231514],[67.64287555,24.15143788],[67.64079082,24.15093017],[67.64037931,24.15075743],[67.63222861,24.14383304],[67.63211608,24.1432904],[67.63432038,24.14092624],[67.64205265,24.13674712],[67.64270425,24.13627827],[67.64945805,24.13015377],[67.65316701,24.11896515],[67.65496075,24.10777175],[67.65515125,24.10102045],[67.65351796,24.09798133],[67.65353155,24.09757411],[67.65417171,24.08947825],[67.65583253,24.08323467],[67.65706825,24.08081365],[67.65793872,24.08025086],[67.65893388,24.07994914],[67.66490984,24.08612597],[67.66878855,24.08849776],[67.67557085,24.08928025],[67.67962468,24.08815706],[67.68586946,24.08203125],[67.69384134,24.06244576],[67.69929278,24.05349684],[67.70610321,24.04666483],[67.71133888,24.04316175],[67.71402502,24.04248226],[67.71475911,24.04247928],[67.72042966,24.04440653],[67.72560453,24.05427253],[67.72659707,24.05919027],[67.73269653,24.06668532],[67.73701024,24.06888735],[67.74547601,24.06926584],[67.74565101,24.06933105],[67.74592412,24.06942976],[67.74782312,24.07125175],[67.74802637,24.07199585],[67.74800742,24.08020425],[67.74871814,24.08203125],[67.75291026,24.08467138],[67.75390565,24.08470178],[67.75533593,24.08430314],[67.75740492,24.08203125],[67.76162398,24.07998395],[67.76532042,24.07928145],[67.76714206,24.08003283],[67.77402806,24.07825851],[67.77870643,24.07445741],[67.78431714,24.06658995],[67.7888391,24.06339371],[67.79130936,24.06252944],[67.79400253,24.06252933],[67.79642403,24.06334817],[67.80224073,24.06964815],[67.81002462,24.07323515],[67.81585693,24.07469702],[67.82755828,24.07508504],[67.83396804,24.0765959],[67.83710957,24.07808876],[67.83915186,24.07944417],[67.84050727,24.082708],[67.83941126,24.08395433],[67.83938134,24.08435345],[67.83969164,24.08574033],[67.84206557,24.09092581],[67.84182215,24.09123576],[67.83945167,24.09274852],[67.83647335,24.09575164],[67.83630312,24.09603608],[67.83513308,24.10015297],[67.8351382,24.1007297],[67.84108686,24.11081648],[67.84139526,24.11450887],[67.84032464,24.11900795],[67.84018075,24.11931765],[67.83746695,24.12303495],[67.83095026,24.12381876],[67.8289386,24.12448156],[67.82629526,24.12658072],[67.82589543,24.12739742],[67.82534993,24.13142026],[67.82674134,24.13807881],[67.83037746,24.14524233],[67.83162832,24.14352787],[67.82835841,24.13485265],[67.82787466,24.12793255],[67.82911122,24.1262989],[67.83861256,24.12362051],[67.84306455,24.11733496],[67.84324396,24.11696804],[67.84358275,24.10839927],[67.83788562,24.10022986],[67.83902454,24.09709024],[67.8395828,24.09652054],[67.84381914,24.09388745],[67.84399271,24.09383357],[67.84778833,24.09336603],[67.84800553,24.09348214],[67.84955406,24.09690821],[67.8515625,24.09960926],[67.86070776,24.10621548],[67.86365294,24.10957825],[67.86315334,24.11168611],[67.8515625,24.12081456],[67.8515625,24.12109375],[67.85147917,24.12099946],[67.84999073,24.12310314],[67.84949434,24.12595332],[67.84949994,24.12683105],[67.85140955,24.13169634],[67.8515625,24.13169634],[67.85285377,24.13375711],[67.85515153,24.14303791],[67.85402405,24.15203154],[67.86120212,24.15608382],[67.86382306,24.16285265],[67.86501348,24.16319752],[67.86521745,24.16312313],[67.86528695,24.16059661],[67.86316991,24.15589213],[67.856866,24.15194941],[67.85546541,24.14981401],[67.85637474,24.1427536],[67.85508037,24.13305688],[67.8515625,24.12946415],[67.85069728,24.1257019],[67.8515625,24.12444186],[67.85345542,24.12265074],[67.86501145,24.11622894],[67.86704147,24.1116116],[67.86697686,24.11100495],[67.86497283,24.10505223],[67.86278224,24.10422325],[67.85900915,24.09992242],[67.85270715,24.09540045],[67.8515625,24.09347093],[67.85184562,24.09323823],[67.85347676,24.09154725],[67.86608386,24.08554494],[67.88160765,24.0826565],[67.90237474,24.07539141],[67.90922272,24.07223654],[67.91431105,24.06898057],[67.91975963,24.06421244],[67.93089974,24.05833924],[67.93175948,24.05841827],[67.93296516,24.06273794],[67.93296516,24.06365585],[67.93236065,24.06602836],[67.93148625,24.067662],[67.92985165,24.06893742],[67.92986596,24.07281995],[67.92955625,24.07337487],[67.92560983,24.07749891],[67.91809082,24.08203125],[67.9179008,24.08203125],[67.91612565,24.08491623],[67.91598201,24.08525956],[67.91553473,24.08948052],[67.91659856,24.09574985],[67.91324556,24.10332763],[67.91308761,24.10387445],[67.91248202,24.10944402],[67.91247702,24.11012197],[67.91523004,24.1186105],[67.92309785,24.12876666],[67.92884636,24.13371253],[67.92923665,24.13360775],[67.92985141,24.13237548],[67.92446256,24.12767971],[67.91732156,24.11848795],[67.91548753,24.11335885],[67.91551793,24.10775101],[67.91736293,24.10040736],[67.91843986,24.09687114],[67.9196552,24.09734833],[67.92032981,24.09549856],[67.91843164,24.08597755],[67.92462635,24.08203125],[67.92510974,24.08203125],[67.92650294,24.08114624],[67.93474054,24.07204711],[67.93503082,24.07144356],[67.93639266,24.06697977],[67.93587041,24.05427444],[67.93940055,24.04863417],[67.94649756,24.02394581],[67.96442235,24.01998746],[67.97309554,24.02354765],[67.97441351,24.0260632],[67.98073971,24.02671862],[67.98116624,24.02684772],[67.98519421,24.02915454],[67.98702824,24.03083146],[67.99071515,24.03621376],[67.99095547,24.03733504],[67.99095094,24.03825402],[67.99038613,24.0403192],[67.98638046,24.04619563],[67.98587215,24.04791772],[67.98587215,24.05250657],[67.98638046,24.05452347],[67.99051166,24.06126225],[67.99099553,24.06272078],[67.99615884,24.07986486],[67.99543154,24.08099604],[67.99621582,24.08203125],[67.99585593,24.08203125],[67.99571455,24.08366585],[67.99973953,24.08386385],[68.00061381,24.08679533],[68.00298834,24.08650804],[68.0016644,24.08203125],[68.00170886,24.08203125],[68.00156534,24.08061147],[67.99717772,24.07632566],[67.99478567,24.06907415],[67.99401534,24.06141102],[67.99023592,24.05616164],[67.9883604,24.05053616],[67.98934543,24.04652822],[67.99161863,24.04500854],[67.99340606,24.04083037],[67.99468994,24.03669083],[67.99480724,24.02943242],[67.99494314,24.02907395],[67.99876738,24.02077985],[67.99912226,24.02053201],[68.01010287,24.01691163],[68.01464725,24.01758766],[68.01649785,24.01524734],[68.02513135,24.01234508],[68.02681506,24.00958204],[68.02790046,24.00868523],[68.03257835,24.00587356],[68.03738225,24.01234591],[68.04031062,24.02030754],[68.04240954,24.02345634],[68.04491425,24.02413845],[68.04462504,24.02577114],[68.04701996,24.02635944],[68.04837191,24.03058612],[68.05204105,24.02801955],[68.05233586,24.03890216],[68.04969025,24.04365551],[68.05136311,24.04481316],[68.05234456,24.04487002],[68.05289757,24.04470134],[68.05240035,24.04230177],[68.05470955,24.03651571],[68.05327153,24.02417851],[68.06049025,24.01677895],[68.06587172,24.01620066],[68.07326496,24.01282167],[68.07390034,24.0129286],[68.07426715,24.01353955],[68.07437313,24.02662528],[68.07674992,24.03340185],[68.07674992,24.03774083],[68.07393563,24.04388285],[68.06788695,24.04861832],[68.06765473,24.04901326],[68.06585908,24.05596971],[68.06215978,24.06163585],[68.06378067,24.06365335],[68.06453931,24.06379604],[68.06654155,24.06163847],[68.06986403,24.06189954],[68.06862354,24.05004418],[68.07736146,24.0433861],[68.07962775,24.03930223],[68.07975495,24.03889585],[68.07807183,24.02341998],[68.07945538,24.01958013],[68.07724583,24.01346266],[68.07927835,24.00963414],[68.08783925,24.00156867],[68.09253061,23.9917438],[68.09559548,23.98992455],[68.09750176,23.98167145],[68.09670234,23.97145796],[68.09759271,23.96942115],[68.09767234,23.9693706],[68.09810257,23.96949685],[68.10146916,23.97506464],[68.11277926,24.00762868],[68.11838567,24.01498914],[68.13013542,24.02616632],[68.13387966,24.02707505],[68.13333416,24.02993596],[68.13683367,24.03024101],[68.13636065,24.03610623],[68.13261223,24.04221547],[68.12348783,24.04786575],[68.12450051,24.04916573],[68.12271667,24.05082262],[68.12264037,24.05440676],[68.12406731,24.05479336],[68.1259433,24.05121267],[68.13217676,24.04596293],[68.13385475,24.04707515],[68.1348294,24.04364872],[68.13894331,24.03769445],[68.14043486,24.03699625],[68.14203715,24.03829157],[68.14377964,24.03652573],[68.14374173,24.03444636],[68.13798416,24.02373326],[68.12999403,24.01745784],[68.11786127,24.00334895],[68.11241806,23.9906795],[68.11165595,23.98426521],[68.11205697,23.98025465],[68.11242223,23.98000526],[68.12079,23.98053145],[68.13199341,23.98791182],[68.13526344,23.99522805],[68.14435565,23.99826205],[68.14492893,23.99880135],[68.14547634,24.00619626],[68.14854157,24.00916004],[68.15193224,24.00763166],[68.14762926,24.00317597],[68.14632988,23.999071],[68.14377475,23.99715376],[68.13616657,23.99487734],[68.13369346,23.98854375],[68.13885415,23.98657763],[68.14287341,23.98921967],[68.15598667,23.98988175],[68.15934205,23.98790038],[68.16044843,23.98442483],[68.16442752,23.97949111],[68.17287231,23.98001277],[68.16783094,23.97665644],[68.16554976,23.97657836],[68.15715528,23.98742545],[68.14616275,23.98811615],[68.13852525,23.98556685],[68.13313925,23.98625958],[68.13253641,23.98615325],[68.12454212,23.97985363],[68.11595654,23.97682285],[68.111377,23.97661245],[68.11113512,23.97661078],[68.10797894,23.97070324],[68.10759616,23.96814287],[68.10787201,23.96693063],[68.11014843,23.96653461],[68.11138594,23.96889317],[68.11325932,23.97039425],[68.11544371,23.97095215],[68.1184082,23.97056365],[68.11271214,23.96924186],[68.11144805,23.96639836],[68.10876274,23.96526694],[68.10854912,23.96052396],[68.12022388,23.95084286],[68.12313664,23.94684696],[68.12339532,23.94348621],[68.11745048,23.92203808],[68.12346554,23.91501701],[68.12355912,23.90854955],[68.12614477,23.90677845],[68.12598252,23.90625],[68.12651718,23.90354896],[68.1251775,23.89774084],[68.12503934,23.89747965],[68.12063682,23.89356267],[68.12040603,23.89306235],[68.12087262,23.8875308],[68.11689866,23.88158536],[68.11381817,23.87312615],[68.11411893,23.85790992],[68.11467612,23.85608101],[68.12649596,23.8527714],[68.12878537,23.85039735],[68.12887251,23.85011745],[68.13381791,23.84966886],[68.13429785,23.84966326],[68.14166462,23.85047591],[68.14758205,23.85224235],[68.14753795,23.85277283],[68.14282763,23.86928785],[68.14295363,23.87018275],[68.14495003,23.87569773],[68.15135253,23.88426423],[68.15610182,23.89990795],[68.15581024,23.9031955],[68.15707302,23.90162015],[68.15705121,23.89834964],[68.15339208,23.88575196],[68.14461422,23.87234044],[68.14480925,23.86586797],[68.15048194,23.85379398],[68.15081584,23.85346436],[68.15422845,23.85460305],[68.16139543,23.85460198],[68.16618764,23.85358703],[68.16661894,23.85358417],[68.17587638,23.85448813],[68.18361235,23.85329926],[68.19136405,23.85487425],[68.19170141,23.8549546],[68.19385862,23.85677254],[68.19442844,23.85780525],[68.19668961,23.86314893],[68.19726086,23.86546791],[68.19740105,23.87316847],[68.19724345,23.87351966],[68.19425035,23.88222766],[68.18577731,23.89949656],[68.18962204,23.92597783],[68.18849063,23.92903817],[68.19145751,23.92878306],[68.19359148,23.93512607],[68.19892192,23.94463921],[68.20203614,23.95603144],[68.20156443,23.96169424],[68.20362985,23.96130216],[68.21011174,23.97066736],[68.21710002,23.98392391],[68.21255863,23.98891711],[68.20546377,23.99333942],[68.19923306,23.99987948],[68.19827056,24.00600195],[68.18980193,24.01428092],[68.18576217,24.02106583],[68.18545604,24.02720332],[68.18981385,24.03365576],[68.19441092,24.03710866],[68.19777465,24.03713882],[68.20484483,24.04028976],[68.20734966,24.04514778],[68.20851636,24.04502583],[68.21025586,24.04218745],[68.21609867,24.04209232],[68.21632564,24.04254842],[68.21963668,24.05633485],[68.22231865,24.06238985],[68.22240233,24.07547784],[68.21792602,24.07738102],[68.21359384,24.07761955],[68.21119785,24.07863903],[68.20648193,24.08203125],[68.20618212,24.08203125],[68.203125,24.08454227],[68.20296836,24.08507442],[68.19942415,24.09389055],[68.19581926,24.09919167],[68.19544995,24.11108267],[68.19357586,24.11753166],[68.18499815,24.12720835],[68.18452382,24.12810385],[68.18389595,24.13261378],[68.18470371,24.13531601],[68.18394434,24.13971734],[68.18573201,24.14901686],[68.18758774,24.15301871],[68.18879676,24.15484345],[68.19219804,24.15782654],[68.19761026,24.16147351],[68.20297205,24.16824782],[68.203125,24.16824782],[68.20376492,24.16949928],[68.20967782,24.17415512],[68.21051455,24.17283344],[68.20370567,24.16653645],[68.203125,24.16573656],[68.20127773,24.16201258],[68.19222403,24.15473926],[68.18748248,24.14858723],[68.18577302,24.13911295],[68.18808055,24.13572204],[68.18684554,24.13465512],[68.18745112,24.13321745],[68.18642175,24.13132107],[68.18810833,24.13039684],[68.18719566,24.12826061],[68.19397998,24.12058341],[68.19433534,24.12011385],[68.19540763,24.11753523],[68.19677973,24.11377633],[68.19758987,24.10993731],[68.19796026,24.10148227],[68.19891822,24.09821391],[68.203125,24.09040165],[68.203125,24.08984375],[68.20416367,24.08769345],[68.20668018,24.08616698],[68.20725071,24.08589721],[68.21224117,24.08508074],[68.2133975,24.08457172],[68.21688175,24.08203125],[68.21746814,24.08203125],[68.22426307,24.07632506],[68.22593427,24.07098103],[68.22548151,24.06572485],[68.22654414,24.06299937],[68.222404,24.05245614],[68.22658515,24.04976726],[68.23051786,24.04165161],[68.23000813,24.03950048],[68.23290992,24.03840125],[68.23205125,24.03727746],[68.22212267,24.03518581],[68.21489835,24.0351268],[68.20968735,24.03295362],[68.20147014,24.03291607],[68.19486344,24.02877855],[68.19148874,24.02462685],[68.19156313,24.02190113],[68.20032823,24.01243281],[68.20437813,24.00346172],[68.20707595,24.00050211],[68.20950365,23.99872565],[68.21835315,23.99639142],[68.22217691,23.99297535],[68.22482955,23.99616611],[68.22598398,23.99525416],[68.22382593,23.99064362],[68.2252568,23.98976231],[68.22533047,23.98977554],[68.22830093,23.99187934],[68.23079157,23.99271643],[68.23683286,23.99225485],[68.2463876,23.99380684],[68.26792634,24.00655997],[68.27106285,24.0109905],[68.27193665,24.00887525],[68.27478528,24.00902486],[68.27481353,24.00857365],[68.27365303,24.00703013],[68.26459026,24.00211203],[68.25937653,23.99780655],[68.24866343,23.99260855],[68.24805295,23.99232698],[68.23928344,23.99000776],[68.23766053,23.98974836],[68.23075044,23.98974276],[68.22997975,23.98953927],[68.22641492,23.98680353],[68.22329891,23.98368955],[68.21774852,23.96118176],[68.21414363,23.9571619],[68.21231246,23.95214164],[68.21204436,23.94378984],[68.20858586,23.93705905],[68.19634151,23.9200778],[68.19616747,23.91965973],[68.19552875,23.91658604],[68.19543374,23.91056073],[68.19668841,23.89810133],[68.19525123,23.89376533],[68.19799614,23.89311016],[68.20078361,23.88906395],[68.203125,23.88755584],[68.203125,23.88727665],[68.20413673,23.88707626],[68.20631576,23.88727725],[68.21963894,23.89656126],[68.22592247,23.89780736],[68.23249781,23.89766765],[68.24568725,23.90495563],[68.25473201,23.92006135],[68.26290393,23.93001127],[68.27207351,23.93699515],[68.28684854,23.94476402],[68.29037285,23.95329261],[68.28962946,23.95829964],[68.29169571,23.95446014],[68.28945756,23.94794285],[68.29088342,23.94487035],[68.29703546,23.94210446],[68.30053866,23.93794525],[68.30327725,23.93644536],[68.30792451,23.93670964],[68.31976676,23.93144941],[68.32896626,23.93053198],[68.32858706,23.95624006],[68.33380425,23.96880174],[68.33689141,23.97336316],[68.34577382,23.98239565],[68.36219192,23.99148417],[68.36380005,23.99330354],[68.37317252,23.99492288],[68.3847754,24.00070047],[68.38602304,24.00142944],[68.39243901,24.00590265],[68.39341903,24.00679886],[68.39501095,24.00958514],[68.39572334,24.01176286],[68.39472961,24.01546121],[68.39441288,24.01560926],[68.38529158,24.01754856],[68.37206423,24.01758516],[68.36790764,24.01974857],[68.36169112,24.02431941],[68.3582592,24.02983427],[68.35481966,24.02926624],[68.3549726,24.03061867],[68.35715282,24.03480542],[68.35936916,24.03390038],[68.35942495,24.03397334],[68.36856222,24.0461781],[68.37005615,24.04785144],[68.37148797,24.04907763],[68.37983823,24.05163598],[68.38127947,24.05340326],[68.37995565,24.05719805],[68.37596691,24.05584991],[68.37511528,24.05645645],[68.37685931,24.05863714],[68.37469041,24.06261241],[68.37464797,24.06716013],[68.37482166,24.06750011],[68.37906146,24.06982565],[68.38673735,24.07201612],[68.39054978,24.07572532],[68.39076686,24.07606196],[68.39324951,24.08203125],[68.39327443,24.08203125],[68.39379835,24.08290815],[68.39385354,24.08689332],[68.39238966,24.09332383],[68.39775932,24.1046741],[68.4025985,24.10878694],[68.41233706,24.10846794],[68.41664243,24.11432791],[68.41797125,24.11422277],[68.41919553,24.11294842],[68.41636908,24.11119115],[68.41509175,24.10671496],[68.42267406,24.10583556],[68.42356062,24.10439825],[68.41131115,24.10650516],[68.40302634,24.10643601],[68.40241504,24.10606384],[68.40094936,24.10477054],[68.40007305,24.10306013],[68.39808762,24.09428215],[68.39782774,24.09356284],[68.39633155,24.09221542],[68.39782774,24.08552051],[68.39752185,24.08203125],[68.39748955,24.07862592],[68.39653361,24.07524812],[68.39565861,24.07271361],[68.39375603,24.07094383],[68.39093554,24.06950355],[68.38055134,24.06643558],[68.37784195,24.06646466],[68.37750912,24.06491184],[68.38297236,24.06232595],[68.38264418,24.05963445],[68.38493442,24.05494726],[68.38438725,24.05092394],[68.37937784,24.04709971],[68.37280834,24.04427981],[68.36632657,24.03656244],[68.36603141,24.03614724],[68.36403227,24.03215337],[68.36403167,24.0317558],[68.36496174,24.02699935],[68.36991286,24.02514005],[68.38211048,24.02399552],[68.39430106,24.0248183],[68.40042543,24.02071094],[68.40969002,24.02003384],[68.41000128,24.01846814],[68.40865827,24.01761222],[68.40193844,24.01735234],[68.40092862,24.01284695],[68.40217614,24.01148164],[68.40214062,24.00691688],[68.40068722,24.00449324],[68.40097904,24.00180745],[68.40002573,23.99957883],[68.39823246,23.99734485],[68.39778554,23.99711812],[68.38369215,23.99153316],[68.38298976,23.99083591],[68.38296175,23.99052584],[68.38721907,23.9745903],[68.38737786,23.97418177],[68.3894819,23.97045255],[68.39156783,23.96850455],[68.39221334,23.96852505],[68.39528012,23.96963882],[68.40174544,23.97533166],[68.40474117,23.97830892],[68.41990387,23.99629915],[68.42549217,23.99857545],[68.4294734,23.99855697],[68.42841506,24.00183666],[68.42912507,24.00441587],[68.42969334,24.00063264],[68.43174076,23.99814093],[68.43790865,23.99196422],[68.44098616,23.99120641],[68.44128311,23.99123526],[68.44677281,23.99745047],[68.46237195,24.00648201],[68.47793567,24.01116073],[68.49351704,24.01118863],[68.49440587,24.01119006],[68.49868858,24.01286435],[68.50530612,24.02033257],[68.50818074,24.02130842],[68.51067877,24.02526963],[68.50669694,24.03616202],[68.50460482,24.03937602],[68.48900712,24.05647397],[68.48881745,24.05677557],[68.48731267,24.06085646],[68.48793292,24.06524515],[68.49148381,24.0718559],[68.49154842,24.0759232],[68.49189925,24.0776087],[68.49365234,24.08203125],[68.49357915,24.08217156],[68.49882841,24.08925307],[68.50493324,24.08925605],[68.51801705,24.086187],[68.52318227,24.09045422],[68.53129435,24.09414577],[68.53142095,24.10167813],[68.52842057,24.11567414],[68.52669406,24.11660993],[68.52721906,24.12258875],[68.52881944,24.12509406],[68.53587782,24.12827313],[68.53702605,24.13454914],[68.53607714,24.13777184],[68.53741884,24.13873756],[68.53906405,24.13347042],[68.53894865,24.1283828],[68.53646183,24.12542331],[68.53009021,24.12323356],[68.52878284,24.11850536],[68.53233683,24.10803735],[68.53300273,24.09189916],[68.53535235,24.09023356],[68.53924644,24.08228564],[68.5412364,24.08203125],[68.54719114,24.08098745],[68.54888904,24.08203125],[68.54918468,24.08203125],[68.55453455,24.09235477],[68.5546875,24.09235477],[68.5546875,24.09319186],[68.55453455,24.09570313],[68.5546875,24.09570313],[68.5546875,24.09598208],[68.55663991,24.09950745],[68.55939317,24.10104644],[68.56323373,24.10637915],[68.57224405,24.11406922],[68.57999122,24.11877024],[68.5832448,24.12391245],[68.58510017,24.12330735],[68.58523166,24.1227355],[68.58057392,24.11646855],[68.58024251,24.11616874],[68.57195985,24.11104906],[68.56243336,24.10019624],[68.56198323,24.09978545],[68.55812395,24.09824753],[68.55503655,24.08440375],[68.55862343,24.08388472],[68.55854702,24.08376515],[68.5546875,24.08370531],[68.55447733,24.08363295],[68.55346465,24.08203125],[68.55316162,24.08203125],[68.55229545,24.0808928],[68.54870117,24.07916665],[68.54127932,24.07839286],[68.53815782,24.07926345],[68.53546143,24.08203125],[68.53512216,24.08203125],[68.53107071,24.08529341],[68.52766645,24.08291721],[68.52411675,24.08203125],[68.52355945,24.08203125],[68.51565325,24.07958674],[68.51353085,24.07917738],[68.50112033,24.07864785],[68.49850345,24.07238305],[68.49674106,24.07077408],[68.49628818,24.06950986],[68.49624014,24.06870341],[68.49786186,24.0659343],[68.49440098,24.05848825],[68.50812805,24.04832852],[68.51344931,24.05342972],[68.50944102,24.04715037],[68.52096856,24.03343916],[68.52226067,24.02817845],[68.51905525,24.01607847],[68.51563537,24.01082325],[68.49853504,24.00026822],[68.49825156,24.00009251],[68.49747276,23.99764204],[68.49739397,23.99729955],[68.4996103,23.99280715],[68.50073695,23.9911803],[68.50431657,23.98738563],[68.50753784,23.99516976],[68.50887954,23.99610221],[68.50563455,23.98686862],[68.50916886,23.97881246],[68.51009953,23.97438848],[68.51009953,23.97196627],[68.50902975,23.96951222],[68.50845635,23.96544337],[68.50391507,23.95832396],[68.5140444,23.94977295],[68.52215946,23.94536877],[68.52228653,23.94540894],[68.52586341,23.94853055],[68.52504528,23.95128381],[68.52241504,23.95243454],[68.52466154,23.95425701],[68.52829385,23.95484292],[68.53294456,23.95159233],[68.53335357,23.95151663],[68.53436077,23.95173764],[68.53680634,23.95469141],[68.53695643,23.95525718],[68.53583121,23.95838833],[68.5359863,23.95942903],[68.53643775,23.96035171],[68.54178965,23.9654963],[68.54377806,23.96890378],[68.54415524,23.97003674],[68.54372621,23.97222161],[68.54516184,23.97286606],[68.54456305,23.97749543],[68.54545951,23.98170376],[68.54725921,23.98678422],[68.54856086,23.98740256],[68.54999495,23.98698473],[68.54705811,23.98088717],[68.54735315,23.97499287],[68.55361664,23.97356343],[68.55540204,23.97262382],[68.55675566,23.97022498],[68.55741274,23.96930325],[68.55405962,23.96558797],[68.54774272,23.96382844],[68.54403865,23.95990813],[68.54004717,23.94936025],[68.53770971,23.9472084],[68.53764653,23.9468559],[68.54131675,23.93929887],[68.54396725,23.93676555],[68.54385781,23.93538046],[68.54409087,23.93508923],[68.54819822,23.93322146],[68.55277491,23.93383527],[68.5546875,23.93303573],[68.5546875,23.93331456],[68.55876887,23.93210685],[68.55947506,23.93131757],[68.55981171,23.92991376],[68.55907893,23.92383015],[68.57946181,23.92407763],[68.58774745,23.92219627],[68.58848155,23.92252684],[68.58787322,23.93779004],[68.5865041,23.95161164],[68.59054613,23.96847367],[68.59162796,23.97065711],[68.59348512,23.97494674],[68.59378231,23.98198354],[68.59500301,23.98511636],[68.59896886,23.99065173],[68.60319555,23.99558854],[68.60377038,23.99610925],[68.62264228,24.01041305],[68.62320888,24.01151454],[68.62364554,24.01308513],[68.62297225,24.01942074],[68.62037826,24.02820218],[68.61697555,24.04818845],[68.61812437,24.05864513],[68.62226415,24.062711],[68.62261081,24.06284595],[68.62599182,24.06386554],[68.63997555,24.06302774],[68.64613044,24.05931544],[68.64864933,24.05678022],[68.65134871,24.04973745],[68.64967585,24.04055631],[68.65195727,24.03448033],[68.65209663,24.03416026],[68.65673006,24.02766597],[68.66017556,24.02573335],[68.66101062,24.02573645],[68.66268766,24.02641153],[68.66814995,24.03946745],[68.67385101,24.04779553],[68.67419314,24.04822445],[68.68321645,24.05447841],[68.68371105,24.05466545],[68.68820655,24.05577421],[68.69190335,24.05569363],[68.69474196,24.05425465],[68.70515656,24.04122806],[68.71153736,24.03940213],[68.7234174,24.04960811],[68.72488534,24.05343986],[68.73242772,24.06330752],[68.74651766,24.06733704],[68.74871635,24.06734955],[68.74941492,24.06721115],[68.75402761,24.06502163],[68.75501704,24.06400144],[68.7585057,24.05859435],[68.76689875,24.04558635],[68.76721895,24.04529095],[68.77551174,24.03956401],[68.78250265,24.03211522],[68.79393685,24.02600455],[68.79422784,24.02609074],[68.79631901,24.02968955],[68.79547107,24.04115498],[68.79635525,24.04840064],[68.79058826,24.05984926],[68.79287565,24.06677461],[68.79126453,24.07609451],[68.78813446,24.08203125],[68.78794146,24.08203125],[68.78869486,24.08656633],[68.78981948,24.08826566],[68.79150307,24.08962917],[68.79340255,24.08938706],[68.79451191,24.08820474],[68.79038715,24.08468175],[68.79038715,24.08203125],[68.79089356,24.08203125],[68.79358005,24.07678354],[68.79546344,24.07066035],[68.79456425,24.0596801],[68.79993272,24.04892957],[68.79895246,24.04193854],[68.79771125,24.04070175],[68.79767275,24.03748786],[68.79876542,24.03253925],[68.79897428,24.03206134],[68.80160344,24.02969956],[68.80105138,24.02564955],[68.80233765,24.02427447],[68.80723822,24.02350342],[68.80928504,24.02610373],[68.81076217,24.03500915],[68.81334627,24.03670156],[68.82037711,24.03989243],[68.8256067,24.04098594],[68.82888794,24.04129457],[68.84964013,24.04076612],[68.86442602,24.04954624],[68.87585032,24.05256546],[68.88047171,24.06100082],[68.89172995,24.0636456],[68.90625,24.06891727],[68.90625,24.06919634],[68.90853786,24.070086],[68.90908992,24.06793344],[68.90625,24.06668532],[68.89663684,24.0625],[68.88317025,24.06024992],[68.88088763,24.05224955],[68.87804461,24.04969442],[68.86460257,24.04431224],[68.86003995,24.04023016],[68.85453606,24.03760028],[68.84735096,24.03579402],[68.82918751,24.03629673],[68.82558632,24.03110301],[68.81609094,24.02158475],[68.80736434,24.01956058],[68.79922545,24.01932192],[68.79221141,24.02182186],[68.7761507,24.03156245],[68.76844311,24.03715718],[68.76676285,24.03874362],[68.7607131,24.04544461],[68.75805473,24.05036497],[68.75678575,24.05287635],[68.74990845,24.06209755],[68.74554384,24.06297564],[68.74383485,24.06266725],[68.73661542,24.05925322],[68.7321707,24.05008066],[68.73131072,24.04925168],[68.71590841,24.03574383],[68.71102548,24.03462756],[68.70349252,24.03548348],[68.70015907,24.03724885],[68.69534111,24.04454815],[68.68892384,24.05026126],[68.68718541,24.05000544],[68.68661714,24.04980135],[68.67904663,24.04464281],[68.67579257,24.04117072],[68.67248535,24.03027344],[68.6678611,24.02173746],[68.66307795,24.01883936],[68.65892863,24.01748824],[68.65676522,24.01737142],[68.65135145,24.01816595],[68.64535737,24.02369285],[68.64498115,24.02451205],[68.64418411,24.02977931],[68.64494061,24.03566802],[68.64138973,24.05188417],[68.64126754,24.05771935],[68.63692367,24.05855584],[68.62765658,24.05096757],[68.62648261,24.04497504],[68.62643611,24.03390014],[68.63033867,24.02582347],[68.63242805,24.01767242],[68.63044071,24.00881696],[68.62756932,24.00316453],[68.61214256,23.98892772],[68.60628641,23.9817183],[68.60354996,23.97078145],[68.60206914,23.96612012],[68.60293746,23.96353614],[68.59921086,23.94855094],[68.59627068,23.94153523],[68.59627175,23.94127762],[68.59725964,23.93920326],[68.59770131,23.93904245],[68.60582995,23.93663335],[68.60894907,23.93403721],[68.61161172,23.93045831],[68.61182594,23.93009794],[68.61381412,23.92339885],[68.614537,23.9224987],[68.61550903,23.92198646],[68.61575305,23.92191207],[68.61856496,23.92596865],[68.61910331,23.92636716],[68.6224153,23.92702103],[68.62284434,23.92588437],[68.61990118,23.92237675],[68.6196326,23.91647565],[68.61758602,23.90985346],[68.61818171,23.90795755],[68.6195966,23.90682864],[68.62121582,23.90625],[68.62512195,23.90625],[68.62736845,23.90576232],[68.63446367,23.90321016],[68.63804698,23.90320992],[68.64054477,23.90404701],[68.6428833,23.90625],[68.65246475,23.91534376],[68.65826941,23.91740835],[68.65987205,23.92162144],[68.66199374,23.92261601],[68.66318285,23.91721225],[68.65582538,23.91373384],[68.64988112,23.90700448],[68.64829505,23.90625],[68.63882136,23.89806175],[68.63634527,23.8972069],[68.63845074,23.89500546],[68.62587535,23.90060186],[68.61342931,23.90299106],[68.60484374,23.89896607],[68.59839785,23.89232182],[68.58472002,23.88497341],[68.57309282,23.88081217],[68.56924975,23.87455678],[68.56593692,23.86289394],[68.55748796,23.85590935],[68.55011368,23.83914626],[68.54695034,23.83604205],[68.53687036,23.82899535],[68.53444338,23.82792795],[68.51946986,23.82642126],[68.51554644,23.82473791],[68.51534295,23.82444358],[68.51522946,23.82230675],[68.5226382,23.81740165],[68.52210402,23.80962324],[68.5262053,23.80206931],[68.52945983,23.80114496],[68.53088117,23.80179715],[68.53452218,23.80733895],[68.53404725,23.81147754],[68.53732145,23.81487322],[68.53472221,23.8107779],[68.53492212,23.80634332],[68.53117883,23.80011165],[68.52530313,23.79986596],[68.51813352,23.79510725],[68.51785386,23.79437125],[68.51797962,23.79097462],[68.51571941,23.78499866],[68.51773441,23.78071105],[68.52406597,23.77696955],[68.52504241,23.77585733],[68.52639806,23.77282715],[68.52684796,23.77078247],[68.52684546,23.76731873],[68.52504563,23.76028705],[68.52615345,23.75771284],[68.52811801,23.75629497],[68.52927518,23.75526071],[68.5343461,23.75638306],[68.53489351,23.75690508],[68.5480355,23.77666891],[68.55221665,23.78083313],[68.55705094,23.78878546],[68.56481707,23.79812622],[68.5709151,23.81367147],[68.57564056,23.82225728],[68.58825088,23.83627987],[68.5929991,23.83842087],[68.59997082,23.83951211],[68.60095155,23.84302175],[68.59900415,23.84666705],[68.60380578,23.84969807],[68.6046921,23.84961057],[68.60015023,23.84549546],[68.60183406,23.84406304],[68.60238194,23.83961618],[68.60514927,23.83819985],[68.61340201,23.83786202],[68.61460221,23.83876574],[68.6164844,23.83752966],[68.62740874,23.83537936],[68.63739586,23.83596694],[68.64503515,23.83791995],[68.64707553,23.83970416],[68.64709985,23.84227157],[68.64853632,23.84303355],[68.64481032,23.84563363],[68.64995933,23.84415138],[68.64803255,23.84699404],[68.64927435,23.84763455],[68.65525568,23.84567404],[68.66595244,23.85192645],[68.66562974,23.85632658],[68.66196167,23.85626674],[68.66024625,23.8580991],[68.66525662,23.85757136],[68.67192471,23.86129856],[68.68381727,23.86160707],[68.69298685,23.86073756],[68.70229006,23.85663235],[68.70551145,23.85792744],[68.7161144,23.85715127],[68.71873605,23.85893226],[68.72723675,23.85917044],[68.73034668,23.86175585],[68.73647916,23.86250281],[68.75089753,23.87112296],[68.75468445,23.87490284],[68.76145685,23.87509096],[68.75724363,23.87377131],[68.74640942,23.86588585],[68.74669456,23.86310112],[68.74904501,23.86354518],[68.74693513,23.85996985],[68.73990035,23.86055136],[68.72911906,23.85444784],[68.72785211,23.85058892],[68.72521365,23.84723771],[68.72589576,23.84595871],[68.73049235,23.84595025],[68.73421288,23.84315956],[68.73730016,23.84336042],[68.73477864,23.83800495],[68.73050153,23.83971453],[68.73288238,23.83708966],[68.72231722,23.83190966],[68.72338974,23.83097374],[68.7278465,23.83104527],[68.7432003,23.84371483],[68.74397695,23.84037542],[68.74253714,23.83714414],[68.72590446,23.82862842],[68.71731102,23.82564294],[68.71138036,23.82558417],[68.68786502,23.82165015],[68.68280888,23.81901813],[68.68273807,23.81735885],[68.67777658,23.81412876],[68.6770364,23.81128156],[68.67781866,23.80750835],[68.67473066,23.81074286],[68.67109394,23.81063867],[68.66629887,23.80811036],[68.65927577,23.80252183],[68.65104544,23.79349685],[68.64967024,23.78938341],[68.6377753,23.77189374],[68.63234174,23.76186323],[68.63259625,23.75778794],[68.62988067,23.75872338],[68.62068462,23.75298333],[68.61469805,23.75172007],[68.61155355,23.74973261],[68.60784543,23.74961626],[68.60740995,23.74850023],[68.60361505,23.74850833],[68.6013689,23.74539495],[68.60133874,23.74037385],[68.59788728,23.73952591],[68.59936786,23.73732007],[68.59556103,23.73202527],[68.59554553,23.73046875],[68.59546554,23.73045611],[68.59366691,23.73046875],[68.59151745,23.73123217],[68.58006084,23.72812605],[68.57633424,23.72408533],[68.57765067,23.72016513],[68.57383728,23.72386825],[68.57175684,23.72453594],[68.55907667,23.71937597],[68.55369711,23.7130208],[68.54653895,23.69684196],[68.54014075,23.69372213],[68.53882146,23.69102252],[68.53523815,23.68930817],[68.53327656,23.68975687],[68.52849162,23.68840015],[68.5249809,23.69062364],[68.52756465,23.68652344],[68.52647555,23.67670131],[68.51921177,23.668208],[68.51759267,23.66228497],[68.51936746,23.66066253],[68.5205214,23.6546911],[68.52414978,23.65330184],[68.52654946,23.65854836],[68.52988362,23.6616441],[68.53388286,23.66107631],[68.53711092,23.66269255],[68.53874886,23.66175175],[68.53549385,23.65945303],[68.52882814,23.65924287],[68.52555823,23.65246713],[68.52534306,23.65216887],[68.52354884,23.65141082],[68.52294135,23.65129375],[68.52087045,23.65158856],[68.51973665,23.65271544],[68.51875985,23.65937495],[68.51727414,23.66031206],[68.51646221,23.66035664],[68.51220191,23.6603657],[68.51144862,23.66014135],[68.50986481,23.65769911],[68.50604856,23.65871406],[68.50442767,23.65695894],[68.50124085,23.65695846],[68.50063968,23.65672624],[68.49701536,23.6528604],[68.49688017,23.65219104],[68.49745238,23.64977384],[68.49853075,23.64986503],[68.49920785,23.64827776],[68.4990381,23.64450467],[68.49588275,23.64290035],[68.49289525,23.63908601],[68.49289668,23.63719237],[68.48943496,23.6353209],[68.48903048,23.63203871],[68.48998976,23.62878144],[68.48939574,23.62642384],[68.49103975,23.62572205],[68.49245405,23.62292874],[68.49114013,23.61703765],[68.49231756,23.60949612],[68.49496508,23.60782385],[68.49301302,23.60588586],[68.49101996,23.59989834],[68.48661125,23.59595346],[68.48744345,23.57823944],[68.48748922,23.57815361],[68.49029517,23.5772773],[68.49288607,23.57292044],[68.49322474,23.56013286],[68.49527562,23.55881906],[68.49472404,23.5546875],[68.49398613,23.54920328],[68.49482787,23.54863215],[68.49575114,23.55052555],[68.49748993,23.54733253],[68.49474967,23.54646373],[68.49197507,23.54930067],[68.49193084,23.54830885],[68.48571515,23.54906523],[68.48415947,23.54835486],[68.49145794,23.53703165],[68.48993385,23.53556931],[68.4906466,23.53292525],[68.49558341,23.52467275],[68.49495435,23.51671004],[68.49897361,23.51490056],[68.49686086,23.51040411],[68.49681354,23.50706816],[68.49484241,23.50707746],[68.49467325,23.50323832],[68.49279344,23.50387573],[68.49190593,23.50073886],[68.49754465,23.49817085],[68.50045717,23.49853992],[68.50258994,23.50044656],[68.50021374,23.50376964],[68.50161755,23.50555766],[68.50426555,23.50533867],[68.50504315,23.50353932],[68.50238824,23.50351727],[68.50151992,23.50257075],[68.50401521,23.49957502],[68.50067997,23.49759841],[68.4991796,23.49402106],[68.50787902,23.49383211],[68.51516235,23.49234402],[68.51483202,23.49127316],[68.51319945,23.49124098],[68.51404536,23.48835278],[68.51248395,23.48864722],[68.51324773,23.48755336],[68.51691961,23.4892174],[68.51752305,23.48934293],[68.51899791,23.48900616],[68.51909292,23.48871565],[68.51720047,23.48589885],[68.51339805,23.48476708],[68.50998998,23.48869705],[68.50492156,23.48959017],[68.50245464,23.49149382],[68.50007653,23.4849143],[68.50113034,23.48130345],[68.5006994,23.47580194],[68.50475466,23.4716742],[68.50673151,23.47179747],[68.50838423,23.47421277],[68.51118791,23.47363365],[68.50994563,23.47242618],[68.51059651,23.47073162],[68.50922084,23.46964216],[68.51210463,23.46676028],[68.51151955,23.46366978],[68.50822616,23.46267104],[68.50481212,23.46745002],[68.50235581,23.4660356],[68.5025506,23.46557558],[68.50604117,23.46354234],[68.50859952,23.45889056],[68.51078987,23.45828521],[68.51065087,23.45523655],[68.51327336,23.45714843],[68.51168585,23.45445454],[68.51321483,23.45281374],[68.51543462,23.45773184],[68.51923883,23.45307863],[68.51854455,23.45190084],[68.51981962,23.45196831],[68.52092683,23.45050406],[68.51880634,23.4501456],[68.52126086,23.44948125],[68.52157617,23.44914901],[68.52095091,23.44776297],[68.52240396,23.44632304],[68.52330017,23.4467113],[68.52472913,23.44827044],[68.52483678,23.44867885],[68.52486265,23.4551692],[68.52132046,23.45931435],[68.52122331,23.45439923],[68.51862705,23.45547736],[68.51617408,23.46189106],[68.51709664,23.46372294],[68.51955056,23.45931995],[68.5176481,23.46358848],[68.51751566,23.46771622],[68.51658034,23.46821833],[68.51618481,23.46806705],[68.51534104,23.46684134],[68.51468837,23.46684527],[68.51293647,23.46734154],[68.51265871,23.4678117],[68.51223123,23.47039056],[68.51259923,23.47185588],[68.51463354,23.46868098],[68.51519525,23.46850467],[68.51543415,23.46892464],[68.51632226,23.47224295],[68.51632142,23.47252941],[68.51575875,23.47363198],[68.51427102,23.47374988],[68.51428843,23.47409344],[68.51518595,23.47506475],[68.51625836,23.47482193],[68.51928687,23.47089493],[68.51978493,23.46780145],[68.52183771,23.46717572],[68.52129531,23.46135581],[68.52579141,23.45517826],[68.52666736,23.45224595],[68.53105354,23.44776475],[68.53011966,23.44609058],[68.53502631,23.43482375],[68.53518414,23.43439031],[68.53470004,23.43318605],[68.53546476,23.43149364],[68.54085183,23.42543197],[68.54038215,23.42438853],[68.53757894,23.42461896],[68.53720415,23.42720282],[68.53412521,23.43086112],[68.53489435,23.42533088],[68.53400195,23.42449725],[68.53635895,23.42281151],[68.53598332,23.42117834],[68.54324603,23.42323613],[68.54639733,23.42177105],[68.54671335,23.42182004],[68.54752648,23.4234153],[68.54847884,23.42341316],[68.54917371,23.42316175],[68.55042696,23.42234123],[68.54819346,23.4199841],[68.54781187,23.41975081],[68.5439347,23.42041266],[68.546314,23.41754007],[68.54750907,23.41640675],[68.55240452,23.41496193],[68.5546875,23.41629457],[68.5546875,23.41657364],[68.55517638,23.41695273],[68.55582714,23.41818964],[68.55533886,23.41974747],[68.55562961,23.41988945],[68.55697834,23.42025077],[68.55913103,23.41998434],[68.56053245,23.41869664],[68.56072295,23.41822875],[68.56292367,23.40415752],[68.56462514,23.40049315],[68.56380892,23.39378715],[68.56140065,23.39465165],[68.56284046,23.39121425],[68.56261265,23.39095044],[68.56183064,23.39124215],[68.55977607,23.39524627],[68.55880535,23.39566374],[68.55821824,23.39524496],[68.55712605,23.38967073],[68.55881548,23.38701642],[68.55923223,23.38662887],[68.56160545,23.38599575],[68.56317246,23.38248706],[68.56827247,23.38109124],[68.56694043,23.37984061],[68.56743836,23.37890625],[68.56746817,23.37843001],[68.57078385,23.37522626],[68.57127798,23.37518573],[68.57946324,23.3759129],[68.58022773,23.37613857],[68.58040071,23.37624907],[68.58018935,23.37890625],[68.57960367,23.37890625],[68.57896352,23.38134384],[68.57363713,23.38637805],[68.5715996,23.38647246],[68.57284927,23.38280094],[68.56845784,23.38794935],[68.5726577,23.39171755],[68.57432282,23.38987505],[68.57438195,23.38796413],[68.57848752,23.38591886],[68.57871234,23.38793695],[68.58093357,23.38967967],[68.58242667,23.38737953],[68.58477998,23.38652766],[68.5836277,23.38599014],[68.58380926,23.38322771],[68.58610594,23.38250816],[68.5887475,23.37961066],[68.58869004,23.37890625],[68.59017432,23.37557364],[68.59073818,23.37497175],[68.59346604,23.37430537],[68.59576941,23.37065577],[68.59859705,23.36892343],[68.60082185,23.36334932],[68.59992814,23.36156952],[68.60009956,23.36118114],[68.60264146,23.35911977],[68.60296917,23.35910416],[68.60351205,23.35976565],[68.60273325,23.36155868],[68.60561454,23.36314571],[68.60281885,23.36703002],[68.60306942,23.36985075],[68.59960484,23.37349057],[68.60018766,23.37705016],[68.59651422,23.37842941],[68.5965836,23.37890625],[68.59631574,23.37890625],[68.59611523,23.38185477],[68.59947813,23.38457334],[68.60599923,23.38066125],[68.60478055,23.37890625],[68.60326421,23.37730396],[68.6063776,23.37647235],[68.60551071,23.37527084],[68.60861862,23.37362742],[68.60867977,23.37061596],[68.61080074,23.37006426],[68.61220205,23.36748576],[68.61975014,23.36501706],[68.61869347,23.36416411],[68.61566973,23.36542034],[68.61333036,23.36476946],[68.61297965,23.36162245],[68.61502016,23.36175644],[68.61479414,23.35891783],[68.61669743,23.3574779],[68.61714721,23.35733128],[68.62170768,23.35766888],[68.62272358,23.35052884],[68.6231209,23.35025537],[68.62390673,23.3500272],[68.62387216,23.35233414],[68.62573135,23.35375917],[68.62824893,23.3511157],[68.63259673,23.35200214],[68.63411474,23.34779704],[68.63714206,23.34642315],[68.63706613,23.34361458],[68.63442337,23.34093297],[68.63418746,23.33922172],[68.63137364,23.34231305],[68.62886763,23.34302056],[68.62952042,23.34388995],[68.62773061,23.34471834],[68.62773335,23.34644794],[68.62607813,23.34621942],[68.62687814,23.34428167],[68.62484813,23.33939552],[68.62548637,23.33696175],[68.62648976,23.33586597],[68.6341809,23.33406043],[68.63477516,23.33160913],[68.63276362,23.33132076],[68.6338135,23.32934856],[68.63691163,23.33153641],[68.63769901,23.33111513],[68.63287711,23.32388115],[68.63301492,23.31905675],[68.63641334,23.31653547],[68.64414907,23.32273054],[68.64704216,23.31496191],[68.64797461,23.30838084],[68.64990473,23.30467606],[68.65160704,23.30493021],[68.65180135,23.30480635],[68.65281034,23.30275285],[68.65362632,23.30254161],[68.6565057,23.30287266],[68.65687287,23.30334926],[68.65909195,23.30989301],[68.65932357,23.31386638],[68.65774405,23.31963384],[68.65781915,23.32008386],[68.65932298,23.32161224],[68.65883791,23.32278633],[68.66105032,23.32377672],[68.66160882,23.32392204],[68.66310656,23.32285845],[68.66362083,23.32288003],[68.66587007,23.32341397],[68.6681391,23.32543755],[68.66940141,23.32422757],[68.66806734,23.32285404],[68.66095865,23.31968045],[68.66060984,23.31048095],[68.65883541,23.30348206],[68.66196251,23.30548692],[68.66441393,23.30274165],[68.66716886,23.30410027],[68.6678822,23.30279624],[68.6689254,23.30558467],[68.67053461,23.30629385],[68.67381787,23.30356741],[68.67537451,23.30797768],[68.67565763,23.30569732],[68.6771183,23.30501783],[68.67886055,23.3064841],[68.67686045,23.3081845],[68.67991567,23.30803525],[68.68219697,23.30669224],[68.68986845,23.30880022],[68.69239295,23.30828261],[68.69662726,23.31042242],[68.69893467,23.31347585],[68.70799673,23.31466484],[68.70753658,23.31295943],[68.71019435,23.31246543],[68.71364367,23.30531895],[68.71873081,23.30427277],[68.71361423,23.30423105],[68.71418798,23.29975963],[68.72097695,23.2968837],[68.72394443,23.29690611],[68.72950184,23.30039501],[68.7317152,23.30680347],[68.73426366,23.30864811],[68.73885012,23.30907035],[68.74660623,23.30548727],[68.74804497,23.3068608],[68.75270367,23.32096875],[68.75835812,23.33022678],[68.75270033,23.31738722],[68.75168824,23.31012833],[68.74818397,23.30373561],[68.745489,23.30382132],[68.74033546,23.30753481],[68.73579586,23.30840111],[68.73310161,23.30653751],[68.73176837,23.3009479],[68.72954476,23.297912],[68.72557235,23.29570067],[68.7250421,23.29553437],[68.72260118,23.29517245],[68.71268594,23.29709077],[68.70812583,23.29920566],[68.70917416,23.29983175],[68.70810151,23.30233777],[68.70458138,23.30505455],[68.69598973,23.30710995],[68.68433034,23.3005079],[68.68366683,23.30030012],[68.67985666,23.30075765],[68.67887974,23.29941785],[68.67413271,23.29987204],[68.66800392,23.29876065],[68.65683377,23.29472995],[68.65159881,23.29443824],[68.64946878,23.29602337],[68.64894354,23.29628515],[68.64078104,23.29631114],[68.63865602,23.29526091],[68.63316405,23.29590213],[68.62967157,23.29488754],[68.62957644,23.29061735],[68.63627362,23.2724303],[68.63776791,23.26910687],[68.64130962,23.26640916],[68.64955163,23.26918948],[68.65246165,23.27134812],[68.65685856,23.27197444],[68.66716003,23.27123487],[68.67051446,23.27255845],[68.67177474,23.26999104],[68.66176224,23.2678287],[68.6603384,23.26660144],[68.66037464,23.26274383],[68.65918732,23.26142991],[68.64799523,23.25748193],[68.64705205,23.25537968],[68.64838135,23.25381064],[68.64615965,23.25322926],[68.64679468,23.2526592],[68.64554465,23.25074184],[68.64418125,23.25162876],[68.64248848,23.24973595],[68.63933003,23.24952042],[68.64028776,23.24778223],[68.64307904,23.24713194],[68.64063334,23.24468076],[68.6369065,23.24634016],[68.63185334,23.24540043],[68.62879026,23.24675345],[68.62822485,23.24553871],[68.63048565,23.24469233],[68.63048124,23.24293637],[68.62850738,23.24434805],[68.62501681,23.24298978],[68.61482084,23.24225652],[68.60651505,23.24350858],[68.60389388,23.24254441],[68.60410845,23.24220133],[68.60496831,23.24180114],[68.60573697,23.24053586],[68.60471106,23.23926306],[68.60562944,23.23758018],[68.60981977,23.23388648],[68.61913824,23.22001958],[68.61883402,23.22507918],[68.62083554,23.22457111],[68.62117422,23.22277164],[68.62298036,23.22542226],[68.62475026,23.22594941],[68.62341654,23.22299135],[68.62445331,23.22078085],[68.62947083,23.2243638],[68.63622606,23.22388875],[68.62231815,23.22781456],[68.62254083,23.23130584],[68.62836444,23.23144841],[68.62822103,23.22860765],[68.62909865,23.22830927],[68.62925744,23.23127115],[68.64946747,23.23785925],[68.65014994,23.23983657],[68.65222704,23.23910797],[68.65235972,23.24066555],[68.64884746,23.24108767],[68.64881635,23.24248564],[68.65478504,23.24411106],[68.65876067,23.24413073],[68.65738344,23.24163604],[68.65894628,23.23793674],[68.65403712,23.23894358],[68.65210342,23.23758554],[68.65270305,23.23621142],[68.64977396,23.23623884],[68.65106738,23.23465073],[68.64637125,23.23393214],[68.64485562,23.23012304],[68.63657415,23.22354722],[68.63949776,23.22215426],[68.63651121,23.22044504],[68.63456452,23.22168362],[68.63516891,23.21967113],[68.62878692,23.21754801],[68.63169384,23.21551836],[68.63043463,23.21309566],[68.62660706,23.21605062],[68.61900938,23.21657157],[68.61825836,23.21919334],[68.61389685,23.21714103],[68.6129961,23.21868825],[68.60976076,23.21776545],[68.60947764,23.22061884],[68.60833061,23.22101271],[68.60615635,23.22061265],[68.60512161,23.21912324],[68.60353196,23.21981216],[68.60165274,23.21883345],[68.59958744,23.22358096],[68.60138357,23.22745955],[68.59900236,23.22946405],[68.60178363,23.2314409],[68.59913814,23.23479581],[68.59901226,23.2400949],[68.59780216,23.24022412],[68.59583247,23.24020493],[68.59055603,23.23833931],[68.59000707,23.23807693],[68.5860759,23.23482955],[68.58510542,23.23317921],[68.58480203,23.23199224],[68.58550894,23.22942698],[68.58450377,23.22812653],[68.58429456,23.22473896],[68.58449471,23.22399843],[68.58630288,23.22055554],[68.59183395,23.21413183],[68.59429872,23.21209025],[68.60781646,23.203125],[68.60802805,23.203125],[68.61218977,23.19840837],[68.61800361,23.1948297],[68.62664688,23.18571925],[68.63478506,23.18436265],[68.63921761,23.18172455],[68.64173806,23.17815042],[68.64336896,23.17308485],[68.64888823,23.17036188],[68.65082753,23.16703951],[68.65062535,23.16522265],[68.65654504,23.15505016],[68.66671503,23.15281212],[68.67147875,23.14687896],[68.67483747,23.14646697],[68.67788494,23.14351273],[68.68187022,23.14167905],[68.67935777,23.14155245],[68.67328274,23.14368415],[68.66370773,23.15082896],[68.66001523,23.15137363],[68.65602243,23.15357542],[68.64739525,23.16498208],[68.64421213,23.16644835],[68.64607048,23.16709244],[68.63650918,23.17216384],[68.63464916,23.17196095],[68.63524461,23.17601383],[68.63495624,23.17651141],[68.63326693,23.17738783],[68.63279235,23.17739236],[68.63119483,23.17680764],[68.63095725,23.17652631],[68.63042641,23.17445445],[68.6307584,23.17368865],[68.63391805,23.17080915],[68.64206493,23.16492176],[68.64517844,23.16365004],[68.65266848,23.15522134],[68.65388596,23.15410006],[68.65935051,23.14988387],[68.66942155,23.14426184],[68.68130374,23.1388905],[68.71294308,23.11870313],[68.72146761,23.11144555],[68.72913182,23.10704231],[68.74339116,23.09615397],[68.74634242,23.09218574],[68.75867271,23.08105242],[68.76031077,23.08001733],[68.76247752,23.07888842],[68.78487122,23.07307315],[68.80854344,23.06057525],[68.81214643,23.06054676],[68.81508326,23.06333065],[68.81466067,23.06707788],[68.81623745,23.06291842],[68.81451404,23.0592643],[68.81949115,23.05757773],[68.82324612,23.0545156],[68.82165217,23.05450201],[68.81876326,23.05671036],[68.81709325,23.05629206],[68.83764768,23.04246986],[68.84400046,23.03984141],[68.86186266,23.02990007],[68.86563838,23.02734375],[68.86567342,23.02734375],[68.87612045,23.02039766],[68.90003967,23.00664222],[68.90392756,23.0053699],[68.90040445,23.00847697],[68.90024126,23.01090944],[68.90068448,23.0108304],[68.90155804,23.00880086],[68.90210021,23.00829923],[68.90590072,23.00623417],[68.90625,23.00558031],[68.91217935,22.99922335],[68.92749107,22.99215245],[68.94088793,22.98092568],[68.94603145,22.97959495],[68.96023035,22.97103024],[68.96457553,22.97062254],[68.96494853,22.96860421],[68.96873164,22.96648371],[68.97064662,22.96377313],[68.97968042,22.96087921],[68.98754072,22.95614982],[69.02026093,22.94134796],[69.03349006,22.93354166],[69.04453194,22.92938006],[69.06044197,22.91872513],[69.06667662,22.91635454],[69.09943736,22.89657867],[69.11385095,22.88663328],[69.12918723,22.87401652],[69.15108144,22.86508954],[69.16090131,22.86010802],[69.1679002,22.85625672],[69.17363131,22.8515625],[69.17377603,22.8515625],[69.17621374,22.85097182],[69.18045616,22.84700108],[69.19029415,22.84155703],[69.19530225,22.84057641],[69.19769466,22.83846498],[69.20171964,22.84001815],[69.20732295,22.84002805],[69.20838821,22.83677447],[69.21860087,22.83702385],[69.22248065,22.83599734],[69.22727585,22.83892024],[69.22834742,22.84216797],[69.23030615,22.84017265],[69.23096311,22.83470595],[69.24738336,22.82982862],[69.2578125,22.82784593],[69.25879955,22.82783794],[69.26701164,22.82401454],[69.26734376,22.8240118],[69.27352917,22.82572484],[69.28555775,22.82679665],[69.29934585,22.83094347],[69.30111384,22.83232021],[69.31869936,22.83230484],[69.33505166,22.82708323],[69.34311867,22.82213151],[69.34817982,22.82036054],[69.35083854,22.82090616],[69.35280347,22.82638395],[69.35565496,22.82855797],[69.35399723,22.8224864],[69.35149026,22.81936061],[69.35231066,22.81760335],[69.35586965,22.82152104],[69.35992801,22.82259595],[69.38509774,22.81425381],[69.39058936,22.81355035],[69.41946042,22.79897034],[69.43024576,22.79050875],[69.44292462,22.7843703],[69.44639254,22.78071213],[69.46013546,22.77909768],[69.46928692,22.77414143],[69.46980524,22.7739408],[69.47285306,22.77348506],[69.47348392,22.77344906],[69.47739196,22.77458215],[69.47924066,22.77525794],[69.49193466,22.78139782],[69.49244154,22.78159034],[69.49385667,22.78127325],[69.49332941,22.78301287],[69.48918807,22.78418565],[69.48715234,22.78605974],[69.48318315,22.78578818],[69.48520875,22.7878772],[69.49073422,22.78674102],[69.49350452,22.78788805],[69.50906932,22.78769815],[69.51581347,22.79069173],[69.54435003,22.78579128],[69.54975772,22.78640914],[69.55205965,22.79062414],[69.55511534,22.79208326],[69.55622792,22.79036355],[69.55566394,22.78919911],[69.55240107,22.78818643],[69.55289555,22.78595305],[69.55308366,22.78557837],[69.56144524,22.77551687],[69.56380868,22.77353323],[69.56847477,22.77039015],[69.57212985,22.76853275],[69.57803035,22.76691735],[69.57894826,22.76509881],[69.57927966,22.76497495],[69.58141387,22.76513183],[69.59806752,22.75955725],[69.60100305,22.75906157],[69.60190737,22.76013935],[69.60867512,22.76181924],[69.609375,22.76255584],[69.609375,22.76283467],[69.61021566,22.76401532],[69.609375,22.765625],[69.60922384,22.76674104],[69.609375,22.76674104],[69.609375,22.76702011],[69.61334193,22.76598513],[69.61724806,22.76738656],[69.62119091,22.76729107],[69.62160265,22.7651062],[69.62654674,22.76487994],[69.63003588,22.76346302],[69.64119804,22.76645827],[69.64127767,22.76649666],[69.63513374,22.77667844],[69.6349858,22.77714896],[69.63454115,22.78027534],[69.63688326,22.78473771],[69.63685155,22.7880764],[69.63363731,22.7952044],[69.63727915,22.78898144],[69.63718545,22.78027344],[69.63872886,22.77385604],[69.64291644,22.76620686],[69.64300644,22.76615512],[69.64529204,22.76593936],[69.64567125,22.76585793],[69.64720297,22.76357281],[69.65082705,22.76224732],[69.65872073,22.75660217],[69.6592164,22.75657523],[69.65937126,22.75691235],[69.66386402,22.76627624],[69.66448236,22.77545381],[69.66669476,22.77723014],[69.6670655,22.7770406],[69.66587114,22.76662755],[69.66258454,22.75925756],[69.66263592,22.75672662],[69.66305554,22.75640285],[69.66420603,22.75592232],[69.66664314,22.75596094],[69.67294943,22.75690472],[69.67339766,22.75672293],[69.67681777,22.75504208],[69.67916703,22.75185585],[69.67972922,22.75142741],[69.68216205,22.75073922],[69.68302941,22.75017166],[69.68693244,22.74641621],[69.69356835,22.74268484],[69.70611036,22.74005175],[69.70665455,22.73964274],[69.70574713,22.73021746],[69.70321584,22.7286725],[69.70324326,22.72821081],[69.70499384,22.72799003],[69.70990145,22.72954285],[69.71034503,22.72990143],[69.71007991,22.73043215],[69.70703018,22.73074877],[69.70768356,22.73679543],[69.70853627,22.73838294],[69.71385956,22.73914695],[69.71383214,22.74094415],[69.7163645,22.74119997],[69.71526945,22.74537432],[69.71569836,22.74912274],[69.71430624,22.75111115],[69.71964598,22.75879383],[69.72034121,22.76229036],[69.72410011,22.76382887],[69.73115993,22.77258205],[69.734694,22.78105652],[69.73791182,22.78131211],[69.74165845,22.78551614],[69.74459267,22.79227364],[69.74699295,22.79370654],[69.74489546,22.80003905],[69.74501097,22.80394506],[69.75246787,22.81936741],[69.75919044,22.82391024],[69.76522565,22.82554758],[69.77456105,22.83065915],[69.77627516,22.83221817],[69.77309525,22.83132935],[69.77362502,22.83359051],[69.79124057,22.84414005],[69.7984122,22.85053086],[69.80575585,22.85170555],[69.81161344,22.8526057],[69.81730175,22.85223818],[69.84156406,22.86396885],[69.85437107,22.86796784],[69.85619926,22.86730731],[69.86025596,22.85953987],[69.86192822,22.85829365],[69.85741937,22.86883426],[69.86708426,22.87272334],[69.86949313,22.87142575],[69.87702417,22.87213767],[69.88442767,22.87046826],[69.88980401,22.86665344],[69.8935256,22.8655436],[69.90073574,22.8650614],[69.90537286,22.86613286],[69.90574884,22.86624146],[69.9112457,22.86942351],[69.91192114,22.87263954],[69.91803944,22.87279797],[69.93275452,22.88412786],[69.93543065,22.88707626],[69.93716204,22.89289927],[69.95110631,22.89287984],[69.95508075,22.89428794],[69.95619535,22.89592004],[69.95947111,22.89430058],[69.95996904,22.89428663],[69.9609375,22.89481032],[69.98138535,22.89818788],[69.98924065,22.8998996],[69.9898442,22.90004456],[69.99621475,22.9028722],[70.00008571,22.90310657],[70.00116253,22.90008855],[70.00770927,22.89933836],[70.0110085,22.9020555],[70.01120818,22.90029645],[70.01256955,22.89963412],[70.01257074,22.90092278],[70.01460588,22.90093875],[70.01498008,22.90198743],[70.01604235,22.90048897],[70.01807821,22.90140045],[70.01803565,22.89933312],[70.01977944,22.89926362],[70.02125371,22.90148485],[70.02418673,22.90137422],[70.02928007,22.89857626],[70.03246832,22.89541233],[70.03313243,22.89673424],[70.03594017,22.89757133],[70.04829228,22.89930344],[70.05055225,22.90204442],[70.05510235,22.90422487],[70.06518316,22.90353966],[70.07853985,22.90672624],[70.08207405,22.90638411],[70.08177495,22.90860641],[70.08304608,22.90895867],[70.08898175,22.9076755],[70.09780526,22.90767455],[70.10568225,22.90910697],[70.11945856,22.91685271],[70.12224674,22.92018294],[70.13159478,22.92413688],[70.1384325,22.93150008],[70.13872528,22.93242764],[70.13879645,22.94109011],[70.13457465,22.94335222],[70.11958885,22.94498622],[70.11229682,22.94944811],[70.10467994,22.94031501],[70.1002351,22.93815565],[70.09481144,22.94539666],[70.09397197,22.95051086],[70.09117377,22.95237994],[70.09507573,22.95095944],[70.09760237,22.94293761],[70.10112357,22.94186378],[70.10432267,22.94235134],[70.10752964,22.95021856],[70.10984063,22.95227325],[70.11308408,22.95237625],[70.12152088,22.94734776],[70.12643147,22.94666707],[70.12573922,22.94944692],[70.11186147,22.95912445],[70.11060786,22.96310568],[70.11238468,22.97239435],[70.11806846,22.97703171],[70.12117791,22.98132968],[70.12321591,22.98202002],[70.12559116,22.99314368],[70.12984145,23.00013781],[70.13218987,23.00329077],[70.14008307,23.00874054],[70.14346564,23.01744425],[70.14653802,23.02124703],[70.15167797,23.02470768],[70.15231335,23.02734375],[70.15247846,23.02734375],[70.15341926,23.02943635],[70.15369058,23.02734375],[70.15382755,23.02734375],[70.15266764,23.02402961],[70.14599204,23.01684833],[70.14349985,23.00907981],[70.13306844,22.99989212],[70.12936926,22.99237013],[70.12877035,22.98938525],[70.12904561,22.98867965],[70.13011432,22.98718536],[70.13410687,22.98489332],[70.12970304,22.97687042],[70.12245226,22.97229183],[70.12225425,22.97195601],[70.11999154,22.96540391],[70.11999154,22.96482384],[70.12144434,22.96197355],[70.12339497,22.96065843],[70.12996292,22.96145451],[70.13258243,22.96061277],[70.14217007,22.95203841],[70.14886332,22.95055485],[70.15397704,22.94669294],[70.15856564,22.94600487],[70.16143584,22.94284141],[70.16223097,22.94262135],[70.16526544,22.94352615],[70.16778457,22.94703281],[70.17331886,22.95040405],[70.17497194,22.94999647],[70.17653215,22.95110893],[70.1948806,22.95004845],[70.19641745,22.95108962],[70.19744825,22.95009732],[70.2022171,22.95070064],[70.20695531,22.95148075],[70.21188951,22.95275211],[70.21229732,22.95288885],[70.2137866,22.954916],[70.21560335,22.95466387],[70.21606874,22.95486808],[70.21929765,22.95634472],[70.22489882,22.95992076],[70.22517514,22.96020031],[70.22508991,22.96092784],[70.22446525,22.96274531],[70.22058094,22.96785581],[70.21099031,22.97469056],[70.20631015,22.97611165],[70.20257986,22.97921312],[70.20079505,22.98144507],[70.19962442,22.98378098],[70.19811571,22.98967004],[70.19800913,22.99377835],[70.19587946,22.99512267],[70.18857622,22.99453163],[70.18693197,22.99104798],[70.18630803,22.99303293],[70.18774223,22.99595416],[70.18959212,22.99745965],[70.19789112,22.99835086],[70.20099223,22.99310875],[70.20323706,22.98403847],[70.20654035,22.97982144],[70.21576083,22.97517395],[70.22656405,22.96667612],[70.22800076,22.96615756],[70.22937322,22.96664453],[70.23005354,22.97154856],[70.22937715,22.97677302],[70.22915375,22.97791743],[70.22521472,22.98621714],[70.22504473,22.98689127],[70.22581804,22.99999034],[70.22569203,23.00080252],[70.22051203,23.02253735],[70.22123373,23.02428472],[70.22253287,23.02413487],[70.22317088,23.02734375],[70.22370005,23.02734375],[70.22358358,23.03644085],[70.2214514,23.03717375],[70.22046411,23.03892624],[70.22232413,23.04034197],[70.22235215,23.04169095],[70.21991611,23.04112804],[70.22057581,23.04354656],[70.21940494,23.04394615],[70.21892238,23.04782224],[70.21734285,23.05012834],[70.21937835,23.06051815],[70.2175827,23.06463707],[70.2119379,23.07136214],[70.21154535,23.08015776],[70.20777905,23.08857834],[70.21511674,23.09894311],[70.22487044,23.10257804],[70.22531235,23.10297775],[70.22854924,23.10923553],[70.23047936,23.11149824],[70.23711145,23.1146934],[70.24009788,23.12104845],[70.25084376,23.13199842],[70.25385571,23.13671875],[70.25670731,23.13683283],[70.25327015,23.13207757],[70.24500334,23.12463415],[70.23917842,23.11363995],[70.23540056,23.11128104],[70.23457313,23.10868943],[70.22736943,23.10286212],[70.22652447,23.09847796],[70.22240794,23.09493363],[70.22126496,23.09171402],[70.22897315,23.09255958],[70.23842001,23.09758365],[70.25021017,23.09908116],[70.25444031,23.10318732],[70.26289892,23.10698557],[70.26543426,23.11113572],[70.26558697,23.11399806],[70.26814902,23.11738443],[70.27980185,23.11861587],[70.28570247,23.12084425],[70.2906239,23.12780654],[70.3016206,23.13332546],[70.30318952,23.13372028],[70.30401063,23.13361704],[70.30445611,23.13272023],[70.30441093,23.13227105],[70.30404091,23.13187146],[70.29577041,23.12586236],[70.29178655,23.12432468],[70.29141438,23.12405884],[70.28598225,23.11805403],[70.28156924,23.11584175],[70.28113735,23.11532891],[70.27677023,23.10865295],[70.27626145,23.10299826],[70.27919495,23.1023736],[70.28505206,23.10711324],[70.28988338,23.1085726],[70.29382861,23.11152518],[70.30652094,23.11151135],[70.3125,23.11607134],[70.33351433,23.11792195],[70.33354545,23.11695278],[70.33397615,23.11674047],[70.33724916,23.11586881],[70.3375535,23.11597133],[70.34027195,23.11829376],[70.34630573,23.11998618],[70.34770071,23.12097991],[70.34806705,23.12182784],[70.34573913,23.12246203],[70.3484894,23.12279344],[70.35083854,23.12444186],[70.35671091,23.13032496],[70.35909092,23.13773084],[70.36698222,23.15387082],[70.37059343,23.15696871],[70.37206507,23.1576153],[70.38473594,23.1573956],[70.38976777,23.15919554],[70.38995647,23.16206431],[70.39286363,23.16040575],[70.40071452,23.16207993],[70.42185164,23.16148865],[70.42852044,23.16654813],[70.43814015,23.17211807],[70.43993807,23.17256355],[70.44291437,23.17198873],[70.44355285,23.1732316],[70.44719446,23.17280293],[70.44941843,23.17139196],[70.45220494,23.17154491],[70.45265782,23.1713984],[70.45574915,23.16952658],[70.45795608,23.16766965],[70.4651103,23.15916753],[70.46735764,23.15953755],[70.47616804,23.15629745],[70.48997664,23.15325427],[70.49352658,23.15469956],[70.49740553,23.16615236],[70.50261807,23.17035985],[70.50634491,23.17156637],[70.51295054,23.17156637],[70.52347577,23.16943634],[70.52761483,23.17045033],[70.54185343,23.17039061],[70.55417025,23.16887534],[70.56423533,23.17291951],[70.57432127,23.17547274],[70.60022962,23.17636907],[70.61274445,23.17608595],[70.61226571,23.17066276],[70.61679351,23.16915905],[70.62717533,23.17078841],[70.62997985,23.17319691],[70.63137806,23.17160344],[70.63449132,23.17164505],[70.63549232,23.16988635],[70.61577415,23.16720307],[70.59276438,23.16793907],[70.57737255,23.16604555],[70.5645262,23.16598606],[70.56120276,23.16487002],[70.55950296,23.16336501],[70.55456424,23.15779543],[70.55078781,23.14804816],[70.55543375,23.1462357],[70.55852318,23.14625394],[70.55754483,23.14460313],[70.55331278,23.14461207],[70.54974282,23.14270592],[70.54390204,23.13709581],[70.53528786,23.13150167],[70.52844048,23.12419212],[70.51388061,23.11668563],[70.50650716,23.11025643],[70.49669445,23.09159565],[70.49108148,23.06230962],[70.49093604,23.06183553],[70.47722864,23.02734375],[70.47083771,23.01069725],[70.46253824,22.99940133],[70.45594716,22.98695135],[70.45388961,22.98456502],[70.44231784,22.97639954],[70.44182491,22.97613657],[70.43753433,22.97496414],[70.43807638,22.97465456],[70.44407403,22.97565162],[70.44452596,22.97600865],[70.45644796,22.98263347],[70.46326685,22.98414564],[70.46673346,22.98619318],[70.46720183,22.98650825],[70.47984445,23.00107741],[70.49499476,23.01279604],[70.50738764,23.01777947],[70.51187801,23.02199221],[70.51673245,23.02448845],[70.51706445,23.02462018],[70.52393246,23.02687836],[70.52459455,23.02699316],[70.53088915,23.02705026],[70.53082597,23.02734375],[70.53071106,23.02734375],[70.52638841,23.03157306],[70.52589583,23.03251553],[70.52589631,23.03527725],[70.52692592,23.03721261],[70.53290892,23.03791678],[70.54478311,23.03495288],[70.55340946,23.03737164],[70.55459166,23.03688765],[70.55458045,23.03616142],[70.55422652,23.03560054],[70.54790628,23.03272152],[70.52955854,23.03611386],[70.52953374,23.03273904],[70.53248572,23.02940416],[70.53280246,23.0288769],[70.53283274,23.02734375],[70.53169811,23.02395534],[70.53124213,23.02376056],[70.52393484,23.02449095],[70.51654232,23.02275574],[70.51604104,23.02254915],[70.50455534,23.01368475],[70.49744976,23.01052725],[70.4902631,23.00275457],[70.47835088,22.99273098],[70.47100246,22.98239255],[70.45234585,22.97371185],[70.45214605,22.97324574],[70.4521476,22.97238314],[70.45266592,22.97127354],[70.45333087,22.97105932],[70.45890212,22.97056603],[70.46284521,22.97073245],[70.48003173,22.97949028],[70.48061824,22.97925055],[70.48143208,22.97756493],[70.47931111,22.97479665],[70.46765125,22.96739614],[70.46738565,22.96727741],[70.46161115,22.96515214],[70.45133841,22.96512282],[70.44637156,22.96408653],[70.45893466,22.95911002],[70.45881784,22.95745838],[70.4446789,22.9617269],[70.44351363,22.96075296],[70.44347596,22.95987415],[70.44494295,22.95853984],[70.45136821,22.95599091],[70.45813751,22.95064485],[70.46414804,22.94945347],[70.47365928,22.94409847],[70.47591901,22.94059873],[70.48249221,22.93696785],[70.49027395,22.93505216],[70.49776995,22.93467593],[70.49748862,22.93359602],[70.49074626,22.93334424],[70.4834758,22.93489766],[70.48154092,22.92463493],[70.48385966,22.91336441],[70.47724485,22.90500045],[70.47688973,22.90088785],[70.47365332,22.89429677],[70.47365653,22.89374161],[70.47453535,22.88800883],[70.47265446,22.87741041],[70.47118783,22.87341225],[70.46921325,22.87182474],[70.46756935,22.87203062],[70.46699953,22.86909175],[70.46516716,22.86977816],[70.46606255,22.86656773],[70.46341693,22.86282921],[70.46460295,22.86133075],[70.46313655,22.86069155],[70.46079862,22.85344875],[70.46183085,22.8515625],[70.45529604,22.84489596],[70.45048285,22.84455466],[70.45010078,22.84581125],[70.45305645,22.84658551],[70.45850575,22.8515625],[70.45883465,22.85228002],[70.46112275,22.85836303],[70.46138334,22.86426115],[70.46149552,22.86465156],[70.46301031,22.86732185],[70.46458185,22.86668003],[70.46457481,22.87040496],[70.46716332,22.87729275],[70.46992552,22.89063513],[70.46979821,22.89068866],[70.46828425,22.89113736],[70.46199048,22.88912821],[70.4589529,22.88579452],[70.4564296,22.88485146],[70.45377111,22.88507426],[70.44724297,22.88797724],[70.44485021,22.88939858],[70.44442952,22.89057517],[70.44490111,22.89569712],[70.45006156,22.90360975],[70.45414615,22.91616392],[70.4490993,22.92089844],[70.44752133,22.92600298],[70.44611347,22.92716086],[70.44123745,22.92718506],[70.43708014,22.92415392],[70.43275344,22.92415977],[70.43007457,22.92497754],[70.42531216,22.93126202],[70.42327523,22.93211472],[70.42257321,22.93198848],[70.42135262,22.93130624],[70.41773832,22.92684352],[70.41777897,22.92609787],[70.42235196,22.91675878],[70.42384565,22.91285455],[70.42441785,22.90908277],[70.42929351,22.90793312],[70.43080747,22.90581775],[70.43089104,22.90141118],[70.42516375,22.89415598],[70.42255115,22.8865447],[70.42073584,22.88710701],[70.42658317,22.90442347],[70.42338443,22.90830636],[70.42159224,22.91560304],[70.42139375,22.91591907],[70.41785884,22.92055392],[70.41757774,22.92074156],[70.41402924,22.92237341],[70.41291857,22.92267692],[70.41263211,22.92231512],[70.4132663,22.91798687],[70.40990984,22.92042053],[70.40955687,22.91901135],[70.40738416,22.91775727],[70.38802934,22.90950656],[70.38478661,22.9093219],[70.38473225,22.90925205],[70.35697305,22.87208962],[70.35383844,22.87051487],[70.35303402,22.86523867],[70.34459782,22.8515625],[70.34454262,22.8515625],[70.34426045,22.85095787],[70.34124935,22.8483994],[70.33826828,22.84076226],[70.33762193,22.83881557],[70.33740711,22.83485925],[70.33904552,22.83114922],[70.33873963,22.82771957],[70.33533216,22.82397556],[70.33557045,22.82255948],[70.33295107,22.82188332],[70.33078826,22.81745243],[70.33115125,22.81547666],[70.32742202,22.81379235],[70.32567644,22.81028664],[70.32417154,22.80996537],[70.32545173,22.80696774],[70.32346082,22.80275261],[70.32115173,22.80743182],[70.3184762,22.80465746],[70.31708956,22.80173624],[70.31647635,22.79885721],[70.32083416,22.79853404],[70.32022524,22.79673982],[70.3125,22.79575884],[70.31133294,22.79625523],[70.30936766,22.79532874],[70.30937695,22.79503608],[70.31084967,22.79368532],[70.30974793,22.79195654],[70.31168711,22.79095483],[70.31300545,22.78561413],[70.31092036,22.78662646],[70.30751896,22.78394127],[70.30720723,22.78240132],[70.30045855,22.7780199],[70.30601656,22.78003621],[70.30646634,22.78004956],[70.30699384,22.77837861],[70.30702496,22.77750766],[70.30578935,22.77473414],[70.30383253,22.77235997],[70.30044055,22.77025723],[70.30424511,22.76855743],[70.30548143,22.76653981],[70.30440545,22.76507366],[70.30222857,22.76647544],[70.30308425,22.76568615],[70.30202126,22.76188326],[70.30304766,22.7581501],[70.30141067,22.75771725],[70.30145025,22.75995707],[70.29931057,22.75665617],[70.29830492,22.75704193],[70.29920352,22.7538861],[70.29728365,22.75332141],[70.29685998,22.75172245],[70.29441082,22.75245512],[70.2949028,22.75041687],[70.29326475,22.74856603],[70.28632605,22.74709225],[70.28258133,22.74843621],[70.28363991,22.74685013],[70.28885436,22.74641907],[70.28569436,22.74253321],[70.28220892,22.74001801],[70.28075063,22.74032915],[70.27966356,22.73780417],[70.27579856,22.73427558],[70.27578747,22.7310549],[70.27389622,22.73316777],[70.27070737,22.73301101],[70.26939797,22.73401153],[70.26991367,22.73507273],[70.26733947,22.73699605],[70.26444316,22.73617804],[70.26459146,22.73800075],[70.26285315,22.73681283],[70.26090264,22.73195505],[70.26176751,22.72940278],[70.26040804,22.73091662],[70.25576174,22.73017085],[70.25410163,22.73339653],[70.25309742,22.7331742],[70.25552845,22.72882247],[70.25335288,22.72993827],[70.25439978,22.72752643],[70.25129485,22.72565627],[70.25151992,22.72447944],[70.25343275,22.72399676],[70.25526392,22.72613502],[70.25777411,22.72682655],[70.25865805,22.72503996],[70.25800455,22.72372031],[70.25506806,22.72396266],[70.25543058,22.72222185],[70.25363207,22.71973777],[70.25499976,22.71549845],[70.25356495,22.71360433],[70.25521565,22.71220696],[70.25488293,22.70626748],[70.25272536,22.70491731],[70.25057304,22.7056905],[70.24950457,22.70493555],[70.24889958,22.71204233],[70.24225116,22.70838535],[70.24107003,22.70416784],[70.24390495,22.7064836],[70.24493134,22.70569575],[70.2428472,22.70343316],[70.23852503,22.70135236],[70.23915136,22.69588804],[70.24485338,22.69658434],[70.25169504,22.69556546],[70.25262153,22.69437051],[70.25071454,22.69467604],[70.25072956,22.69395816],[70.25315106,22.69266677],[70.25214493,22.69087172],[70.25042915,22.6912899],[70.24923682,22.69062042],[70.25090504,22.69004846],[70.24845231,22.68948412],[70.24984646,22.68867421],[70.24901104,22.68432045],[70.24508822,22.68201435],[70.24471903,22.67853642],[70.24231935,22.67970192],[70.24211848,22.68150222],[70.23868883,22.67765105],[70.24115956,22.67578125],[70.24122095,22.67578125],[70.24259305,22.67485702],[70.24484527,22.67578125],[70.24404633,22.67448831],[70.24525344,22.67428744],[70.24670064,22.67170572],[70.24666154,22.67130411],[70.24624705,22.67092586],[70.24469864,22.67209733],[70.24528515,22.66967905],[70.24171126,22.66931474],[70.24111927,22.66864967],[70.24040484,22.66603363],[70.24047816,22.66559315],[70.24318886,22.66280293],[70.23495913,22.65977788],[70.23595905,22.65624571],[70.23409045,22.65503836],[70.22917473,22.65711618],[70.22987235,22.65410221],[70.23231328,22.65145731],[70.23390627,22.65250027],[70.23513806,22.64997733],[70.23501825,22.64966691],[70.23420012,22.64909995],[70.23205853,22.64932871],[70.23226011,22.65014315],[70.23074496,22.64948297],[70.23015583,22.64570785],[70.22842455,22.64587498],[70.22551155,22.64242804],[70.22586381,22.63977385],[70.21966946,22.63729346],[70.21948516,22.63896394],[70.21878052,22.6381371],[70.21619773,22.64075315],[70.21566343,22.63944805],[70.21784496,22.63663173],[70.21382844,22.63411725],[70.21524251,22.63341427],[70.21635008,22.63460672],[70.21852636,22.63356495],[70.21980596,22.63442767],[70.22001195,22.62955725],[70.21815717,22.62997878],[70.21624446,22.62758172],[70.21418214,22.62769473],[70.21359718,22.62969017],[70.21314263,22.62992537],[70.21180797,22.62971985],[70.21082163,22.62906218],[70.21275461,22.62623024],[70.21277535,22.62568045],[70.21176565,22.62338614],[70.21044421,22.62319708],[70.20993853,22.62483394],[70.20843101,22.62510657],[70.20924437,22.62244034],[70.20847726,22.62170315],[70.20204902,22.61960244],[70.20195258,22.61840928],[70.19949555,22.61712194],[70.19935656,22.61523807],[70.19775331,22.6167773],[70.19756067,22.61655545],[70.19848275,22.61290896],[70.19548738,22.61274326],[70.19531298,22.61258411],[70.19533491,22.61064744],[70.19550705,22.61050785],[70.19749236,22.61125445],[70.19883597,22.61067617],[70.19940341,22.60998893],[70.198807,22.60647106],[70.20228112,22.60767555],[70.2030822,22.60546052],[70.2016474,22.60436893],[70.20063531,22.60551143],[70.19994044,22.60351825],[70.19861352,22.60528004],[70.19641936,22.60469937],[70.19579494,22.60574305],[70.19444704,22.60332072],[70.19589186,22.60201585],[70.19425845,22.60174024],[70.19476581,22.59890103],[70.19325948,22.59785616],[70.19402623,22.59345961],[70.19292176,22.5866189],[70.19405067,22.58616543],[70.19510412,22.58900571],[70.19587004,22.58743668],[70.19437444,22.58316445],[70.18821347,22.58502614],[70.18851793,22.58391881],[70.18610251,22.58094513],[70.18375945,22.58022082],[70.18251705,22.5751276],[70.18083501,22.57511187],[70.17972457,22.57154048],[70.17581665,22.56886792],[70.17488074,22.56265593],[70.17237032,22.56034231],[70.17160356,22.55736303],[70.16703224,22.55505824],[70.16429734,22.55205631],[70.16214323,22.55141413],[70.15499938,22.5532341],[70.14786172,22.55322075],[70.14416933,22.55184567],[70.14339435,22.54940295],[70.14046955,22.55025268],[70.13745844,22.54800665],[70.12435174,22.54729736],[70.12180305,22.5455271],[70.11702847,22.54792666],[70.10584402,22.54580474],[70.10104775,22.54684424],[70.09106255,22.54628563],[70.08618462,22.54468632],[70.08159161,22.54768252],[70.07214344,22.54987156],[70.06800687,22.54882812],[70.06472254,22.54662454],[70.05986798,22.55082774],[70.04845226,22.55419755],[70.0439049,22.55665755],[70.03992617,22.56285274],[70.04027665,22.55884135],[70.03696954,22.55890894],[70.03471208,22.55738175],[70.03349805,22.55620861],[70.03105092,22.55254877],[70.03043711,22.55147946],[70.02946937,22.54452157],[70.02313292,22.53970504],[70.02260721,22.5396409],[70.02237773,22.54031193],[70.02354276,22.54283941],[70.02828264,22.54681313],[70.02842784,22.54915166],[70.02645075,22.55059385],[70.02598608,22.55065525],[70.02444375,22.55043042],[70.0197829,22.54667044],[70.01515996,22.54662538],[70.01060307,22.54848385],[70.0046277,22.54629827],[70.00374722,22.54408824],[70.00227356,22.54653955],[69.99945712,22.54707563],[69.97580707,22.54265106],[69.97546911,22.54249656],[69.97526765,22.54180968],[69.97675264,22.54110718],[69.98384964,22.54272592],[69.98568785,22.54114854],[69.98565936,22.53872311],[69.98277414,22.53484905],[69.98166037,22.53521156],[69.98460865,22.53870595],[69.98472965,22.53933096],[69.98409498,22.54151726],[69.98343182,22.5417273],[69.97965765,22.54026175],[69.97228575,22.54042804],[69.96439874,22.53781354],[69.96327436,22.53729534],[69.9609375,22.53543532],[69.9609375,22.53515625],[69.95388055,22.5298779],[69.94630647,22.52841103],[69.94732261,22.5197705],[69.94597912,22.51970017],[69.94452322,22.51743627],[69.94440401,22.51691937],[69.94494522,22.51496494],[69.94976056,22.51207125],[69.95171738,22.50913966],[69.95588887,22.50815785],[69.95632064,22.50815284],[69.95840406,22.50959825],[69.95876133,22.50934792],[69.95902085,22.50892043],[69.95900154,22.50837255],[69.95573223,22.50467527],[69.95731306,22.5],[69.95762086,22.5],[69.95725632,22.49539983],[69.95700777,22.49525464],[69.95641482,22.5],[69.95610487,22.5],[69.95515215,22.50375664],[69.94813347,22.50702703],[69.94299924,22.51193738],[69.94048345,22.51335168],[69.93956041,22.51357162],[69.93501592,22.51237285],[69.93402922,22.51036894],[69.92994416,22.50886714],[69.92665458,22.50633192],[69.92291331,22.50264335],[69.92197573,22.5],[69.92174101,22.5],[69.91831946,22.49311733],[69.91319168,22.48898363],[69.91306067,22.48866725],[69.91200995,22.47944093],[69.91000497,22.47529066],[69.91126263,22.46712554],[69.90972197,22.46733451],[69.91410625,22.45641327],[69.90816903,22.46006608],[69.90759838,22.46227086],[69.90487087,22.46281207],[69.90394497,22.46773624],[69.90111125,22.46784294],[69.90041316,22.46772885],[69.89448595,22.4653722],[69.89264512,22.46400654],[69.8891685,22.45932376],[69.88380873,22.45774972],[69.88201034,22.45522785],[69.88218367,22.45372295],[69.87868857,22.45004725],[69.87513292,22.44794905],[69.87392914,22.44926143],[69.87372816,22.44751036],[69.8715229,22.44671285],[69.86092663,22.44686675],[69.85046935,22.45361674],[69.84158194,22.45584595],[69.83651173,22.45385051],[69.84132552,22.48784041],[69.84318614,22.49423754],[69.8390007,22.49846685],[69.83671474,22.5],[69.83454335,22.50044835],[69.83430254,22.5],[69.84057093,22.49492741],[69.84144366,22.49304652],[69.83670557,22.46036267],[69.83597398,22.45793474],[69.83632886,22.47294044],[69.83626521,22.47390926],[69.83530474,22.47539842],[69.83489907,22.47544515],[69.83421671,22.47457504],[69.8351407,22.47241616],[69.83376551,22.45726788],[69.83452487,22.45499587],[69.83441114,22.45374787],[69.83310366,22.45187926],[69.83213568,22.45096362],[69.83019936,22.44988525],[69.82988524,22.45017791],[69.82896042,22.45134711],[69.82753825,22.45807946],[69.82427025,22.45706081],[69.82088375,22.45203936],[69.80423474,22.45863295],[69.79737091,22.45700455],[69.79802132,22.45573294],[69.80547535,22.45739996],[69.82544792,22.44898105],[69.82895243,22.44488335],[69.82873905,22.44246411],[69.82545805,22.43943727],[69.82305253,22.43515122],[69.82396853,22.43111145],[69.82185698,22.42613387],[69.81984782,22.42461026],[69.81933701,22.42271161],[69.81741905,22.4229362],[69.81871736,22.4210093],[69.81752217,22.41802001],[69.81241715,22.41388786],[69.81069756,22.4083122],[69.80675328,22.40465498],[69.80076742,22.40458667],[69.79730773,22.39980304],[69.79584074,22.40387452],[69.79419482,22.40350795],[69.78844082,22.40572166],[69.78896093,22.40876341],[69.78626597,22.40760946],[69.78395641,22.41129923],[69.77950728,22.41248894],[69.7734375,22.42231345],[69.76218092,22.43232608],[69.76095843,22.43954754],[69.75876606,22.44151771],[69.75577617,22.43134344],[69.75609577,22.42650735],[69.75404584,22.42617798],[69.74861944,22.42964876],[69.74598813,22.42927516],[69.74500036,22.43106353],[69.74608016,22.43372846],[69.74190736,22.43957937],[69.73998821,22.44001257],[69.73880315,22.44301605],[69.73482382,22.44401264],[69.73764181,22.44510424],[69.73840594,22.44827521],[69.74007118,22.44880414],[69.74079943,22.45798492],[69.73535562,22.46915007],[69.73083091,22.47360074],[69.72881424,22.47383285],[69.7228446,22.46893346],[69.72283721,22.46781635],[69.72542298,22.46637416],[69.725335,22.46521652],[69.71998012,22.46170676],[69.71471751,22.46014953],[69.70977831,22.45661271],[69.70329273,22.44699824],[69.70060372,22.4469285],[69.69998455,22.44796443],[69.70095575,22.45061886],[69.70016932,22.45418394],[69.70137465,22.45600522],[69.70066011,22.45733464],[69.69802797,22.45397317],[69.69089234,22.45077825],[69.68798578,22.44698453],[69.68829787,22.44430315],[69.67950892,22.44388711],[69.67482698,22.44215214],[69.67275774,22.44515097],[69.67348206,22.44959974],[69.67182148,22.45029044],[69.67151821,22.44693518],[69.67378295,22.44158757],[69.67152846,22.4408648],[69.67175984,22.43926716],[69.67351615,22.44015455],[69.67748058,22.43948913],[69.68045735,22.44312251],[69.69771636,22.44279635],[69.69783497,22.44053614],[69.70216894,22.43377054],[69.69686913,22.42794073],[69.69265735,22.41991413],[69.69768596,22.40887415],[69.69810176,22.39901626],[69.70008945,22.39819336],[69.69938731,22.39618683],[69.69317961,22.39484084],[69.68164182,22.39536107],[69.67789996,22.39404285],[69.67296648,22.39425325],[69.67131734,22.39539313],[69.66748905,22.39271557],[69.66422308,22.39360297],[69.66373098,22.38935935],[69.66024995,22.38767695],[69.65890324,22.37913871],[69.65627182,22.37661052],[69.65725994,22.37347984],[69.65726995,22.37235212],[69.65552425,22.36892331],[69.65554011,22.36787403],[69.65720105,22.36380064],[69.65716672,22.36332667],[69.65651155,22.36025655],[69.65416706,22.3588469],[69.6460011,22.35770547],[69.64360857,22.35575402],[69.64089692,22.35865414],[69.63635373,22.35825264],[69.63002884,22.36267924],[69.62485886,22.36401665],[69.62334275,22.36692822],[69.61854911,22.36833167],[69.61787593,22.36791074],[69.61698353,22.36541855],[69.61988485,22.35702968],[69.61731696,22.35507214],[69.61710501,22.35450411],[69.6170665,22.35229325],[69.61806262,22.35016751],[69.61806071,22.34966075],[69.61742115,22.34640348],[69.61458707,22.33865631],[69.61437094,22.33813202],[69.61175525,22.33648777],[69.60950542,22.32914937],[69.60690415,22.32575262],[69.60654175,22.32565284],[69.60658514,22.32676637],[69.6099019,22.33161557],[69.61230111,22.34070444],[69.60986066,22.34698141],[69.609375,22.34821415],[69.60900402,22.34904933],[69.60795367,22.34923661],[69.60694492,22.34774435],[69.60752594,22.33864713],[69.60709882,22.33854866],[69.60592043,22.341223],[69.60528076,22.35068262],[69.60484946,22.35106111],[69.60151875,22.3510493],[69.60172427,22.34700465],[69.59985745,22.35046124],[69.59670365,22.34798694],[69.59547353,22.35197687],[69.59473836,22.35231078],[69.59441674,22.35221136],[69.58215976,22.34626734],[69.58104873,22.34484041],[69.58047736,22.343454],[69.57974565,22.33714747],[69.57603014,22.33590686],[69.57303977,22.33301675],[69.57647645,22.32455277],[69.57651007,22.32421875],[69.57653844,22.32421875],[69.57668221,22.32261574],[69.57562363,22.31892145],[69.57563448,22.32324207],[69.57533336,22.32421875],[69.57500255,22.32421875],[69.5720185,22.33107305],[69.57206786,22.33421683],[69.57476354,22.33685422],[69.57888997,22.33833051],[69.58001876,22.34702325],[69.59015942,22.35352373],[69.59103382,22.35459185],[69.59226465,22.35644805],[69.59248102,22.356745],[69.59128535,22.36055505],[69.58868444,22.36230683],[69.58349204,22.36131632],[69.58102274,22.36634421],[69.58081925,22.36660194],[69.57841647,22.36811817],[69.57563877,22.36811304],[69.57405817,22.36760795],[69.56930625,22.36329651],[69.56863844,22.35963881],[69.56629932,22.35738933],[69.56528223,22.35670042],[69.56203735,22.35565186],[69.56164265,22.35652363],[69.56329632,22.35815406],[69.55984223,22.36342835],[69.55984676,22.36657596],[69.55079496,22.37207663],[69.55084407,22.37520444],[69.55741405,22.37509584],[69.5574584,22.37592661],[69.55588412,22.38798702],[69.54881585,22.39436305],[69.55145562,22.39393783],[69.55332565,22.39890778],[69.55077207,22.40475166],[69.5466243,22.40544331],[69.53934145,22.40998411],[69.53636217,22.41030884],[69.53609776,22.41392112],[69.53302753,22.41874087],[69.52762902,22.42286694],[69.52371764,22.42432475],[69.52295733,22.42647958],[69.50945234,22.42551422],[69.50728655,22.42363966],[69.50637996,22.42472756],[69.50737858,22.42540681],[69.50684106,22.42683995],[69.50427151,22.42628276],[69.50245285,22.43298435],[69.49858904,22.43545592],[69.49837256,22.43428552],[69.50161195,22.43087971],[69.50337625,22.42448866],[69.50657702,22.42203403],[69.50918782,22.42176592],[69.51095092,22.41768372],[69.51526427,22.41642165],[69.51794267,22.41044748],[69.51597857,22.40471542],[69.51629972,22.39459991],[69.52310777,22.38916016],[69.52366722,22.38605034],[69.52128255,22.37945771],[69.51603365,22.37449706],[69.50853026,22.36936271],[69.49951887,22.36593211],[69.49905276,22.36561215],[69.49270976,22.35852802],[69.49030995,22.35527754],[69.48798037,22.34783542],[69.48862982,22.33857667],[69.48837745,22.33811665],[69.4840852,22.33552432],[69.48051107,22.33413017],[69.47997224,22.33405566],[69.47751367,22.33505154],[69.47635245,22.33362067],[69.47048855,22.33281255],[69.46794701,22.33048773],[69.46677077,22.33014143],[69.46585727,22.33014357],[69.46234715,22.33111668],[69.46204364,22.33128905],[69.46046531,22.33339763],[69.45782506,22.33236611],[69.45484924,22.33568382],[69.45455253,22.33559036],[69.44931614,22.33188343],[69.44244504,22.33051884],[69.43721175,22.32421875],[69.43728387,22.32369781],[69.43625784,22.32238913],[69.4357084,22.322106],[69.4311552,22.32006824],[69.43004417,22.32083774],[69.42395914,22.31702256],[69.42365003,22.31689048],[69.41909337,22.31559873],[69.41762733,22.31556904],[69.40282345,22.31596446],[69.40102613,22.31943643],[69.39680135,22.32084036],[69.38938296,22.32111001],[69.38682425,22.31835914],[69.38538897,22.32138431],[69.38326347,22.32223368],[69.37642515,22.3218801],[69.37548685,22.31937265],[69.36524737,22.31654453],[69.36443746,22.31723046],[69.36715627,22.31894124],[69.36728334,22.31938744],[69.36708343,22.32154441],[69.36641085,22.32201874],[69.36280715,22.32201612],[69.35722601,22.32421875],[69.35640681,22.32421875],[69.35487604,22.32480264],[69.35386991,22.32642221],[69.35348213,22.32653427],[69.34431517,22.32815444],[69.34004986,22.33017325],[69.33560288,22.33017445],[69.33460891,22.33012736],[69.33048797,22.32793295],[69.33179533,22.32646835],[69.33077824,22.32421875],[69.33101702,22.32421875],[69.33267927,22.32130575],[69.33539414,22.32097471],[69.33728075,22.31794345],[69.33797741,22.31601763],[69.33761275,22.31181932],[69.33589756,22.30721605],[69.33496428,22.30534112],[69.33460903,22.30487263],[69.33322263,22.30360711],[69.33101118,22.30267525],[69.32864535,22.30383551],[69.32774401,22.30378175],[69.32643998,22.30224001],[69.32560444,22.30376542],[69.32404542,22.30324793],[69.32418168,22.30197716],[69.32657063,22.30120444],[69.32456172,22.29847586],[69.32469118,22.29528725],[69.32125533,22.29221606],[69.31713855,22.29082513],[69.31211805,22.29170847],[69.31367874,22.28830588],[69.30885112,22.28675735],[69.29838431,22.28764701],[69.29605258,22.28352165],[69.29461396,22.28590906],[69.29211485,22.28595305],[69.29494345,22.28136802],[69.29455304,22.27934003],[69.29026043,22.27515614],[69.28568792,22.27390206],[69.28357482,22.27208102],[69.28325856,22.27196145],[69.27784681,22.27145314],[69.27522206,22.26903462],[69.27283561,22.27087486],[69.26359296,22.27007031],[69.26287675,22.26880634],[69.2578125,22.26897323],[69.25737965,22.26894355],[69.25134981,22.26652324],[69.24932826,22.26696706],[69.24986565,22.26426888],[69.25173962,22.26456893],[69.25047934,22.26097524],[69.24642253,22.26500201],[69.24239731,22.26470125],[69.23877835,22.25940311],[69.23255753,22.25789964],[69.22362804,22.25784111],[69.20645964,22.26447356],[69.20280373,22.26649702],[69.18623424,22.27935493],[69.16945922,22.29445851],[69.16044152,22.30677783],[69.15993702,22.30761731],[69.15812945,22.31297684],[69.1581465,22.315768],[69.16623151,22.32421875],[69.16645443,22.32421875],[69.16808653,22.32648528],[69.16820502,22.32690883],[69.17003334,22.33716881],[69.17003167,22.33747447],[69.16852474,22.33802366],[69.16960847,22.34232044],[69.16776383,22.34510708],[69.17069328,22.34848022],[69.17392516,22.34661615],[69.17632484,22.34773195],[69.17384231,22.34834695],[69.17395663,22.35137582],[69.17770386,22.35595036],[69.17465198,22.35592568],[69.173195,22.35710776],[69.17385495,22.36269772],[69.17632413,22.36397636],[69.17783034,22.36757565],[69.18042696,22.36669302],[69.18313277,22.37246001],[69.18325913,22.37308955],[69.18284345,22.37605655],[69.17991185,22.37504876],[69.17903948,22.37772381],[69.18172097,22.37873745],[69.18400705,22.38214552],[69.18852091,22.38584495],[69.19860566,22.38791394],[69.19825554,22.39020026],[69.200459,22.39139366],[69.19814503,22.39430821],[69.19831646,22.39771152],[69.19966614,22.40048373],[69.20431447,22.4021666],[69.20268404,22.40432811],[69.20038056,22.40451038],[69.19919872,22.40331423],[69.19611061,22.40469205],[69.19396174,22.40832257],[69.19246233,22.41443265],[69.19267034,22.41691661],[69.19504595,22.42044675],[69.1939913,22.42354655],[69.19063592,22.42183304],[69.18326676,22.42078805],[69.17833996,22.42176294],[69.17584252,22.42396426],[69.17359364,22.42180502],[69.17049324,22.42122185],[69.16958737,22.41977251],[69.17322612,22.41753447],[69.16946185,22.41441643],[69.16717911,22.41406107],[69.16622961,22.41279495],[69.16207814,22.41498077],[69.1562922,22.41213882],[69.15508235,22.40871334],[69.14882767,22.40297842],[69.13705695,22.40373886],[69.13466454,22.40213346],[69.13143015,22.40288043],[69.12865758,22.39786625],[69.12186182,22.40168548],[69.11934185,22.40454388],[69.11402571,22.40501893],[69.11010337,22.40989566],[69.10264695,22.40991855],[69.09884047,22.4080224],[69.09837806,22.40386391],[69.09974575,22.40178573],[69.09874976,22.39901721],[69.09142923,22.39466608],[69.08065426,22.39237165],[69.06920266,22.39585817],[69.06878543,22.39610863],[69.06233001,22.40213132],[69.06119478,22.40723956],[69.05481946,22.41111386],[69.04381704,22.43296444],[69.0450803,22.43628705],[69.05022633,22.43662906],[69.05221045,22.43982196],[69.0673784,22.45172441],[69.07111931,22.45120323],[69.07349753,22.45216882],[69.07693744,22.46426928],[69.08549821,22.47223031],[69.08498812,22.47399616],[69.08072233,22.47576165],[69.07947516,22.47891414],[69.07013726,22.47769451],[69.06778514,22.47990716],[69.06638086,22.47753084],[69.06743956,22.47698176],[69.06665421,22.47558594],[69.05957961,22.46726406],[69.03266096,22.45461893],[69.02784491,22.45062792],[69.01855814,22.44679701],[69.01468253,22.44321287],[69.00669491,22.43846023],[69.0047276,22.43373632],[69.00368094,22.43371975],[69.00056267,22.42923164],[68.99514961,22.42468512],[68.99363732,22.4203583],[68.98483443,22.41430497],[68.96949697,22.39105153],[68.96661651,22.38125265],[68.95712078,22.36645746],[68.95668566,22.36383116],[68.95893884,22.35227311],[68.95577633,22.34560931],[68.95683968,22.33978391],[68.95505786,22.33452368],[68.94938183,22.33166373],[68.94626927,22.33164716],[68.94311881,22.33304584],[68.94283891,22.33279371],[68.94032085,22.32421875],[68.94029164,22.32421875],[68.93615127,22.31143701],[68.93604207,22.31034172],[68.93705022,22.30452216],[68.93930674,22.29677033],[68.94367886,22.28536284],[68.95080483,22.27298737],[68.9579674,22.2573595],[68.95265484,22.25092936],[68.95329082,22.24613094],[68.95769823,22.23743224],[68.96275103,22.23723841],[68.96915615,22.23139346],[68.97136176,22.22611582],[68.97884548,22.21673357],[68.98096085,22.21191394],[69.00777233,22.18150115],[69.02337825,22.16729653],[69.03898895,22.1484375],[69.05531955,22.12844586],[69.05734146,22.12633955],[69.06266785,22.12269115],[69.08775008,22.09974885],[69.10842204,22.07341385],[69.15065813,22.02859926],[69.15424263,22.02652907],[69.16149402,22.01688063],[69.16467965,22.01470125],[69.16992176,22.00767302],[69.18746138,21.98893285],[69.19357097,21.98355043],[69.20137608,21.98430824],[69.20103264,21.98274624],[69.19763076,21.98072696],[69.20453632,21.97265625],[69.20462728,21.97265625],[69.21111453,21.96438527],[69.22561276,21.95044935],[69.23049927,21.94433713],[69.24624395,21.93108261],[69.24994564,21.92761648],[69.25155675,21.92476141],[69.2578125,21.91880584],[69.27006352,21.90709853],[69.27508998,21.90373886],[69.28313613,21.89495075],[69.29016471,21.89026964],[69.32526195,21.85974515],[69.35157573,21.83932996],[69.36825836,21.83237815],[69.37576485,21.82636154],[69.40024042,21.796875],[69.40041888,21.796875],[69.40957582,21.78989947],[69.43448484,21.7656635],[69.44033647,21.76078916],[69.44075322,21.76053596],[69.44441605,21.75990987],[69.44512916,21.75804675],[69.4510709,21.75252354],[69.45585406,21.74920905],[69.47022104,21.74107134],[69.47769976,21.73460913],[69.48768401,21.72505558],[69.50027025,21.71098232],[69.53773165,21.67616522],[69.55573571,21.66122651],[69.56057358,21.65549231],[69.56694531,21.65223527],[69.57157433,21.64702106],[69.57494497,21.64612472],[69.58428335,21.63788641],[69.59147274,21.63476336],[69.59189677,21.63338137],[69.5895015,21.62902617],[69.58775878,21.62109375],[69.58779573,21.62109375],[69.58771944,21.62096536],[69.59001434,21.62029874],[69.5902214,21.62035525],[69.59019327,21.62109375],[69.59016061,21.62109375],[69.59095275,21.62341332],[69.58933473,21.62535524],[69.59179616,21.62530148],[69.59070313,21.62760377],[69.59312236,21.62939405],[69.59314072,21.62960255],[69.59233451,21.63206422],[69.59342217,21.63369775],[69.59329486,21.63422787],[69.59009445,21.63699484],[69.5910933,21.63824773],[69.59136295,21.63842154],[69.60213971,21.63708663],[69.60341406,21.63465846],[69.60751963,21.63238156],[69.609375,21.62974334],[69.61029112,21.62854874],[69.61376154,21.62740326],[69.61928225,21.62109375],[69.61988485,21.62063801],[69.62598765,21.61518347],[69.66839695,21.56971455],[69.68856704,21.55029225],[69.70585203,21.53892016],[69.70615006,21.53890204],[69.70763755,21.54013956],[69.71055913,21.53946912],[69.71555173,21.54063141],[69.72007322,21.54356444],[69.71979713,21.54624164],[69.71547306,21.55119967],[69.71550477,21.55367362],[69.71939993,21.56286633],[69.72366774,21.56600356],[69.72491968,21.57023561],[69.72463167,21.57066202],[69.70687497,21.58831286],[69.70453453,21.58953452],[69.69913971,21.58956897],[69.69788766,21.59107304],[69.69365776,21.59200835],[69.69215226,21.59310198],[69.69195151,21.59550357],[69.69000244,21.59479857],[69.68636274,21.59573245],[69.67781806,21.60362625],[69.67624152,21.60616708],[69.67616105,21.60868955],[69.67730236,21.60894787],[69.67613983,21.61105645],[69.67428255,21.61321545],[69.67301261,21.6115731],[69.67180955,21.61199296],[69.66807544,21.61846864],[69.66687143,21.61980617],[69.66512144,21.62109375],[69.66461623,21.62109375],[69.6636492,21.62188005],[69.65008748,21.62670386],[69.64370465,21.63305426],[69.63534427,21.63895094],[69.63300717,21.64189744],[69.63286686,21.64264345],[69.63310945,21.643296],[69.63351655,21.6435461],[69.63614225,21.6426053],[69.64006865,21.63849604],[69.64669085,21.63405347],[69.65425837,21.63110924],[69.65801644,21.62660944],[69.66143942,21.62522805],[69.66112387,21.62454903],[69.66348064,21.62476826],[69.66416585,21.62583697],[69.66894603,21.62580752],[69.67953885,21.6217519],[69.68022776,21.62109375],[69.68040681,21.62109375],[69.68441641,21.61767852],[69.69101083,21.61463988],[69.69599175,21.6072824],[69.70129812,21.60283208],[69.69887412,21.60052252],[69.69789255,21.60266185],[69.69551635,21.60361707],[69.69505084,21.60372865],[69.69379783,21.60312772],[69.69332945,21.60225666],[69.69322264,21.59630966],[69.69364858,21.59449422],[69.69578755,21.59296715],[69.69648016,21.59296846],[69.69811356,21.59355545],[69.69909561,21.59891331],[69.70193875,21.60154414],[69.70592666,21.60179186],[69.71575511,21.59907877],[69.717489,21.60225987],[69.71736813,21.60281885],[69.71343124,21.60854745],[69.71241665,21.60947752],[69.70750237,21.61128426],[69.7048676,21.61303556],[69.7038877,21.61493397],[69.70008028,21.61693203],[69.69719064,21.62109375],[69.69704044,21.62109375],[69.69199288,21.62887478],[69.68450797,21.63127315],[69.67590988,21.63860548],[69.67823482,21.63888717],[69.68180466,21.63571715],[69.68608224,21.63643956],[69.69072318,21.64010227],[69.69273186,21.63885307],[69.69658935,21.63991332],[69.69560707,21.64131844],[69.69747305,21.64389348],[69.70417285,21.64738154],[69.70831466,21.64413035],[69.70700324,21.64197075],[69.70958197,21.64061844],[69.70933795,21.63726985],[69.71197093,21.63708818],[69.71383655,21.63198376],[69.71717954,21.63343275],[69.71476436,21.63857806],[69.71676314,21.64005554],[69.71807253,21.63953447],[69.71837282,21.63632822],[69.72484446,21.63222527],[69.72534335,21.63232684],[69.72852898,21.63365352],[69.72894192,21.63396895],[69.73061776,21.63657665],[69.72735143,21.63847601],[69.72701955,21.64165711],[69.72993076,21.64069915],[69.73115075,21.64127874],[69.73502886,21.64767945],[69.73411322,21.65006292],[69.73429096,21.65040946],[69.73591661,21.65097392],[69.73761153,21.65031135],[69.73782337,21.64980042],[69.73704612,21.64696658],[69.73727882,21.64062202],[69.73774374,21.63962567],[69.73819113,21.63929105],[69.74123454,21.63895535],[69.74534476,21.63295186],[69.74545395,21.6255728],[69.74664581,21.62214267],[69.74717784,21.62109375],[69.74724257,21.62109375],[69.74980056,21.61752284],[69.75154841,21.61846662],[69.74959445,21.61330676],[69.75107002,21.61269677],[69.75216424,21.60900521],[69.75553465,21.60704052],[69.7558043,21.59386885],[69.75772703,21.59269238],[69.75858235,21.59510326],[69.76372433,21.59565723],[69.76361477,21.58991241],[69.76486576,21.58890426],[69.76422977,21.57892191],[69.75911832,21.57909334],[69.75840306,21.57709753],[69.75798142,21.57704055],[69.75372303,21.5775429],[69.75325036,21.57735837],[69.75171876,21.57600617],[69.7518059,21.57351851],[69.75124323,21.57327378],[69.74980414,21.57321823],[69.74819326,21.57452762],[69.74745464,21.57292891],[69.74737751,21.57098734],[69.74749005,21.57062495],[69.75152361,21.56329823],[69.74919176,21.56109142],[69.74530911,21.56242621],[69.7416743,21.56141174],[69.73700392,21.56200385],[69.72965777,21.55865967],[69.72677302,21.55631495],[69.72574091,21.55463135],[69.72930956,21.54216123],[69.72360444,21.54167676],[69.72046101,21.53609347],[69.71165645,21.53271878],[69.71114886,21.53233051],[69.71104693,21.53215981],[69.71251404,21.52943015],[69.71496916,21.52630734],[69.72920835,21.51184666],[69.73758745,21.50112104],[69.74060607,21.49774778],[69.76994336,21.46697891],[69.77525973,21.45991194],[69.77558196,21.45988691],[69.77491152,21.46330714],[69.7780112,21.46283054],[69.77837968,21.4625504],[69.77771378,21.46078956],[69.78558147,21.45372582],[69.79523873,21.45263505],[69.79966044,21.45519423],[69.80231643,21.46193492],[69.80516684,21.46396124],[69.80118084,21.45650005],[69.80492604,21.45578575],[69.80488575,21.45488954],[69.80177593,21.45536017],[69.79945815,21.45214283],[69.78787732,21.45148027],[69.78455675,21.45287538],[69.77847123,21.45833397],[69.78015542,21.4557687],[69.77980816,21.45535243],[69.77928054,21.45522475],[69.78860295,21.4453125],[69.78874958,21.4453125],[69.82258832,21.40778446],[69.85279584,21.37334609],[69.88300335,21.33890772],[69.92297077,21.29196215],[69.94149423,21.27264035],[69.94386828,21.26953125],[69.94419634,21.26953125],[69.9609375,21.24916291],[69.98276055,21.22614396],[70.00038505,21.20558655],[70.00527787,21.20170593],[70.00896311,21.19646442],[70.01602185,21.19111621],[70.02602231,21.18082535],[70.02874005,21.17855895],[70.03217554,21.17848301],[70.03261948,21.17861438],[70.03832102,21.18304944],[70.03181434,21.17475855],[70.03192294,21.17446756],[70.04640627,21.15889168],[70.04712153,21.15616608],[70.05569994,21.14856792],[70.06067586,21.14232421],[70.06855774,21.13746774],[70.07067871,21.13256657],[70.09376907,21.11183214],[70.0984534,21.10588717],[70.09989572,21.10459542],[70.10516346,21.10544026],[70.10590351,21.10277784],[70.10885811,21.10101116],[70.11549342,21.09375],[70.11595952,21.09375],[70.12629032,21.08611143],[70.13282037,21.07969892],[70.13312411,21.07956743],[70.13596284,21.08220518],[70.13582861,21.08556664],[70.13659322,21.08562565],[70.13866365,21.08526957],[70.14630985,21.08057594],[70.14755654,21.078812],[70.14722502,21.07836294],[70.1409651,21.08198106],[70.14040923,21.0819056],[70.14019275,21.08158195],[70.14161432,21.07977486],[70.13939846,21.07973051],[70.13802171,21.07771516],[70.14100933,21.07411194],[70.14318025,21.06817174],[70.14685345,21.06683111],[70.15997505,21.05369103],[70.16372132,21.05204833],[70.16327882,21.05038464],[70.16571617,21.05023122],[70.17050445,21.04647946],[70.1773355,21.04033756],[70.17765546,21.03997707],[70.17700505,21.0389204],[70.18059766,21.03582466],[70.18672395,21.03190076],[70.18738735,21.0303272],[70.19347048,21.02726305],[70.19393754,21.0258249],[70.19852054,21.02311587],[70.21163106,21.01043916],[70.21411765,21.00992501],[70.21666968,21.00686455],[70.22042191,21.005656],[70.22124934,21.00292182],[70.22530973,21.00126088],[70.22663665,20.99874735],[70.231462,20.99852157],[70.23583305,20.9962095],[70.24018896,20.99967766],[70.23626137,20.99528384],[70.23825657,20.99389005],[70.24750745,21.00024962],[70.23978364,20.99255764],[70.24880028,20.98372304],[70.25181055,20.97882664],[70.25818503,20.97265983],[70.27640152,20.96166813],[70.28006816,20.95736515],[70.28940761,20.95164776],[70.29398847,20.94757664],[70.30931807,20.93882096],[70.31162608,20.93517733],[70.3125,20.93470967],[70.31462073,20.93444943],[70.31757784,20.93205905],[70.32029223,20.92796731],[70.32106853,20.92745745],[70.32921135,20.92420065],[70.33968115,20.91796875],[70.33995652,20.91796875],[70.34548175,20.9154911],[70.34652221,20.91796875],[70.34734976,20.92140281],[70.3476212,20.91897917],[70.35131967,20.92034185],[70.34861124,20.91796875],[70.34720445,20.91567934],[70.34741735,20.91501606],[70.35103023,20.91029417],[70.35229921,20.90910935],[70.36515236,20.90069914],[70.36904585,20.89952397],[70.37399852,20.89482987],[70.37441325,20.89612806],[70.37089407,20.89968753],[70.37141907,20.90250432],[70.37961912,20.90017033],[70.38572085,20.8973006],[70.38755965,20.89536881],[70.39342415,20.89397657],[70.40722156,20.88243365],[70.41290784,20.88385415],[70.4169147,20.88303244],[70.41641021,20.88655853],[70.41721451,20.88682091],[70.41786444,20.88261616],[70.41959345,20.88157344],[70.4159404,20.88247824],[70.41451943,20.88213277],[70.41221774,20.88059926],[70.41114283,20.87798297],[70.41314912,20.87535596],[70.42511952,20.86311293],[70.42946553,20.86141706],[70.43248975,20.85763025],[70.43937016,20.85234237],[70.44251144,20.85397792],[70.44709802,20.84997845],[70.44764054,20.84772515],[70.45236194,20.84848845],[70.45415854,20.84644413],[70.46092665,20.84356976],[70.46240461,20.84163463],[70.46903253,20.83837771],[70.47060013,20.83814001],[70.47415566,20.84080756],[70.47634745,20.84036398],[70.48103023,20.83596694],[70.48699617,20.83441973],[70.48923922,20.82815397],[70.49296224,20.82836366],[70.50066948,20.82371056],[70.50931513,20.82150674],[70.51331258,20.81827164],[70.51623511,20.81749535],[70.51915276,20.81373],[70.52388287,20.81057203],[70.52749455,20.81051815],[70.53218412,20.80886161],[70.53300381,20.80837667],[70.53595185,20.80441797],[70.53635585,20.80412734],[70.54123688,20.80190265],[70.54168177,20.80175447],[70.54938388,20.80439925],[70.55332363,20.80326295],[70.55928874,20.79786146],[70.55903292,20.79602802],[70.56241691,20.79248655],[70.57020187,20.79294014],[70.57906365,20.78822386],[70.58585012,20.78153062],[70.58964241,20.78202462],[70.59982717,20.77764702],[70.60518944,20.77667606],[70.60686445,20.77739525],[70.60940146,20.77630055],[70.61275113,20.77438927],[70.61162245,20.77143645],[70.61460435,20.76996791],[70.61706483,20.77168977],[70.62165415,20.7712239],[70.62764525,20.76794112],[70.63260877,20.76796043],[70.63553667,20.76937616],[70.64659297,20.76290357],[70.65299606,20.76416683],[70.65472353,20.76339102],[70.65465224,20.76438332],[70.65650535,20.76439047],[70.65699434,20.7598803],[70.66249764,20.75800395],[70.6640625,20.75585926],[70.66514444,20.75306976],[70.66600692,20.75257766],[70.66671026,20.75313127],[70.66639721,20.75560606],[70.6640625,20.76004457],[70.6639415,20.76001656],[70.66262174,20.76129913],[70.66288757,20.7618525],[70.6640625,20.76171875],[70.67129242,20.76085007],[70.67334235,20.76448655],[70.67468953,20.75726962],[70.68716836,20.74856007],[70.69256473,20.74670875],[70.69557667,20.74485981],[70.69868147,20.7421875],[70.69921875,20.7421875],[70.70345855,20.73795462],[70.70911384,20.73741233],[70.72441447,20.72958434],[70.72988856,20.72822952],[70.73578513,20.72387552],[70.74397624,20.72000217],[70.74883497,20.71957397],[70.75722241,20.72232306],[70.76482368,20.72125435],[70.77944112,20.71491051],[70.79236925,20.71211672],[70.79805458,20.70508301],[70.80437148,20.70071232],[70.80533195,20.70213807],[70.80780232,20.70172048],[70.81087935,20.70382822],[70.8062793,20.70600736],[70.80604267,20.7103343],[70.81005704,20.71086288],[70.81020915,20.7138859],[70.81343663,20.7153275],[70.81293213,20.71780884],[70.81633401,20.71902943],[70.81692982,20.71760237],[70.81586754,20.71497357],[70.82691872,20.71192074],[70.82878184,20.70901835],[70.82711995,20.70130944],[70.82746434,20.69768596],[70.81959367,20.69814444],[70.82063735,20.70009995],[70.81963873,20.70149744],[70.80728221,20.70046628],[70.81370938,20.69857311],[70.81901026,20.69384003],[70.82162225,20.69347346],[70.82238686,20.69102275],[70.82793415,20.68997061],[70.83511245,20.69107425],[70.83561897,20.69107127],[70.83809781,20.69015872],[70.83851504,20.69188547],[70.83600771,20.69333017],[70.83424914,20.69876957],[70.83431828,20.69917846],[70.83621561,20.70221651],[70.83912861,20.70476425],[70.84359002,20.7066164],[70.84541965,20.70717132],[70.85143244,20.70811701],[70.85483944,20.70813823],[70.86817718,20.7036463],[70.87374377,20.70462382],[70.87409186,20.70492804],[70.87368953,20.70541203],[70.86918342,20.70641863],[70.86886132,20.70698464],[70.8688997,20.71133125],[70.86788476,20.71278036],[70.87050545,20.71552277],[70.87056243,20.71916986],[70.87243998,20.72382402],[70.87221301,20.72438431],[70.87168562,20.72527075],[70.86425138,20.72957623],[70.85775006,20.7421875],[70.85754478,20.74367392],[70.8578521,20.74554968],[70.85855091,20.74664271],[70.86235487,20.7495687],[70.86235487,20.75183833],[70.86212611,20.75214577],[70.86088347,20.75270092],[70.85467076,20.75190711],[70.85309565,20.75386834],[70.85681474,20.75320995],[70.85907245,20.75453734],[70.86310065,20.75470054],[70.86451817,20.74859607],[70.86290598,20.74348855],[70.86308265,20.7421875],[70.86327851,20.74202836],[70.86434042,20.73819542],[70.86459243,20.73763084],[70.86704695,20.73572993],[70.87182045,20.72864163],[70.87519717,20.72657323],[70.87868762,20.73052537],[70.87987041,20.73107314],[70.88666904,20.73327756],[70.89566863,20.73339236],[70.90260196,20.73506975],[70.9046458,20.73657656],[70.91065645,20.73708737],[70.91129577,20.73733151],[70.91394091,20.74133325],[70.91522098,20.7421875],[70.91534913,20.7421875],[70.91531277,20.74236083],[70.9182955,20.74360633],[70.91970086,20.74329114],[70.91968691,20.74281788],[70.91820037,20.7421875],[70.91830015,20.74210906],[70.91414547,20.73836172],[70.91383874,20.73791361],[70.91497266,20.73666954],[70.91526425,20.73644435],[70.91900313,20.73635006],[70.92014074,20.73784542],[70.92016435,20.73644805],[70.91744638,20.73524141],[70.91064894,20.73543334],[70.90588546,20.73456025],[70.90115762,20.73230934],[70.89362061,20.73155534],[70.88502896,20.72962451],[70.88263476,20.72847044],[70.87922955,20.72297192],[70.87380612,20.71852458],[70.87328672,20.7121402],[70.87374091,20.71018517],[70.87413776,20.70921361],[70.87517011,20.70906115],[70.87519145,20.70905411],[70.88722146,20.70921075],[70.89423811,20.70728075],[70.89603674,20.70577586],[70.89774394,20.70379937],[70.89787114,20.70323753],[70.89717352,20.70043552],[70.89938986,20.69896698],[70.90005112,20.69874537],[70.91117167,20.70167995],[70.91221774,20.69924772],[70.91386366,20.69890797],[70.91808057,20.70186985],[70.91633451,20.70270383],[70.91562796,20.70506084],[70.91742992,20.70915246],[70.92394602,20.71142423],[70.92537975,20.71171761],[70.92889535,20.71174502],[70.9352771,20.71059096],[70.93956184,20.70732284],[70.95203924,20.70371246],[70.95526946,20.70369065],[70.96044862,20.70664716],[70.96430314,20.70538962],[70.97024286,20.70714796],[70.97071898,20.70438445],[70.97581351,20.70391905],[70.97690892,20.70154536],[70.97940195,20.70572925],[70.98566735,20.70906925],[70.98974645,20.70873177],[70.99363422,20.71048951],[70.99426222,20.71077955],[70.99776125,20.71417046],[70.99774885,20.71554124],[70.99700415,20.71623886],[70.99193478,20.71700203],[70.99021447,20.71868467],[70.98982024,20.71880937],[70.97970247,20.72058845],[70.97536373,20.72519445],[70.96750188,20.72820723],[70.96572101,20.72823656],[70.96354592,20.72616982],[70.96266913,20.72363198],[70.96549594,20.72200441],[70.96272385,20.72145176],[70.96143341,20.72307646],[70.96143246,20.72551572],[70.96371901,20.73243356],[70.96027195,20.73582041],[70.95976293,20.73596835],[70.95587623,20.73442745],[70.95466495,20.73489964],[70.95489144,20.73536944],[70.96296334,20.74143457],[70.96340775,20.74154091],[70.96618581,20.74130964],[70.96653485,20.74017501],[70.9702903,20.73841131],[70.97838306,20.7421875],[70.97921515,20.7421875],[70.97916877,20.74258971],[70.98275232,20.74440372],[70.98337793,20.74462831],[70.98463047,20.74393082],[70.99069464,20.74577475],[70.99443567,20.7421875],[70.99562955,20.7421875],[70.99879301,20.74266183],[70.99894071,20.7421875],[70.99814224,20.74030006],[70.99040341,20.73045993],[70.98721457,20.72977507],[70.98698902,20.72960377],[70.98682332,20.72832382],[70.98314333,20.72569323],[70.98327243,20.72495687],[70.98504865,20.72476375],[70.98559523,20.72431314],[70.98675656,20.72190535],[70.98704267,20.72185016],[70.98763835,20.7220993],[70.989326,20.72334325],[70.99123526,20.7285192],[70.99435472,20.73201156],[71.0072757,20.73825121],[71.00958395,20.73910165],[71.01390135,20.73951232],[71.015625,20.73967636],[71.02068961,20.73806536],[71.03505802,20.73890984],[71.04351974,20.73482847],[71.04586375,20.73072076],[71.05030942,20.73075402],[71.06091547,20.7361021],[71.06485355,20.73339045],[71.06657624,20.73494804],[71.07356501,20.73524153],[71.07770216,20.73654008],[71.08107865,20.73810542],[71.08128798,20.73836911],[71.07878697,20.7421875],[71.07859576,20.7421875],[71.07825506,20.74332333],[71.07552171,20.74545431],[71.07810521,20.7501502],[71.08524716,20.75547194],[71.08630562,20.75600636],[71.09465754,20.758062],[71.10355604,20.75731361],[71.11181641,20.76052105],[71.11550415,20.76051974],[71.11691821,20.75970924],[71.11610615,20.75785828],[71.11902261,20.75710905],[71.11908352,20.75477684],[71.12365043,20.75398064],[71.12863517,20.75721443],[71.13313365,20.75644553],[71.14568663,20.75706685],[71.15518105,20.75941217],[71.15649056,20.76223624],[71.15167975,20.76210463],[71.14915144,20.76349294],[71.14821291,20.76548553],[71.14989138,20.76738477],[71.15058935,20.77161026],[71.15254307,20.77529395],[71.15273225,20.77557814],[71.15591955,20.77837574],[71.16083753,20.7807368],[71.16471565,20.78202927],[71.16644621,20.78230476],[71.19298351,20.78574455],[71.20266831,20.78857207],[71.20392144,20.78933454],[71.20334375,20.79059696],[71.20761585,20.79365885],[71.20493162,20.79405034],[71.20497024,20.79700804],[71.20928645,20.80185807],[71.23239815,20.80397522],[71.23922503,20.81136727],[71.24674332,20.81161106],[71.24784112,20.81285894],[71.25842476,20.81587756],[71.26540446,20.82083094],[71.27233314,20.82252598],[71.2800765,20.82795656],[71.28222692,20.82649386],[71.28896523,20.82927716],[71.29177976,20.8287425],[71.29385865,20.83314645],[71.29630268,20.83538842],[71.30082798,20.83521783],[71.30374014,20.83757377],[71.32256973,20.84579372],[71.33192933,20.84639335],[71.33481073,20.84792328],[71.34038806,20.84838223],[71.34202135,20.85012782],[71.34530485,20.85092938],[71.34858882,20.84967065],[71.36636186,20.85182726],[71.3671875,20.85239947],[71.3671875,20.85267854],[71.36906314,20.85343015],[71.3721385,20.85340703],[71.37629867,20.85582626],[71.37682855,20.85595775],[71.38384044,20.85673892],[71.38492966,20.85894167],[71.38813305,20.86007631],[71.38206315,20.85966206],[71.3818084,20.85995233],[71.38153362,20.86454666],[71.37753737,20.86721051],[71.37591517,20.87067604],[71.37814546,20.87385428],[71.38497865,20.87565815],[71.38662004,20.87546015],[71.38759232,20.87486458],[71.38964975,20.87277591],[71.39018393,20.87202275],[71.39098525,20.86976004],[71.39098477,20.86935008],[71.38872147,20.86640048],[71.39457953,20.86679316],[71.39640927,20.86498797],[71.40017188,20.86522615],[71.40485418,20.86825716],[71.41015208,20.86803877],[71.41260815,20.86671126],[71.41919982,20.86866891],[71.42021406,20.86781025],[71.42161417,20.86834228],[71.42055655,20.86597204],[71.42382395,20.86766005],[71.43027008,20.86715496],[71.43946636,20.86919785],[71.44020546,20.86952805],[71.44464183,20.87607265],[71.44816601,20.87704635],[71.44880652,20.88144326],[71.46215916,20.88114262],[71.46516526,20.8847475],[71.46793211,20.88479877],[71.47260416,20.88868904],[71.47755361,20.89062262],[71.47820723,20.89578676],[71.48235762,20.90034103],[71.48156762,20.90439093],[71.48277354,20.90650284],[71.49514961,20.90736473],[71.48516321,20.91063774],[71.48851085,20.91203535],[71.48815918,20.91424024],[71.48845637,20.91451025],[71.4932785,20.91768956],[71.49836171,20.91663527],[71.50029135,20.91764367],[71.50669491,20.9157871],[71.50744104,20.91590154],[71.50984192,20.91796875],[71.51026166,20.91796875],[71.51482236,20.92104602],[71.51648664,20.9233371],[71.51522851,20.92448127],[71.51118696,20.92368805],[71.51020145,20.92803073],[71.50682294,20.93179083],[71.51052594,20.93563592],[71.51095355,20.93698156],[71.51109326,20.93775105],[71.51098681,20.93910754],[71.50864422,20.94211638],[71.50879872,20.94238615],[71.51327312,20.94679666],[71.51729107,20.94888616],[71.52003408,20.94914865],[71.52277148,20.94879985],[71.52383554,20.94627476],[71.52413523,20.94658315],[71.52616084,20.94866657],[71.52893484,20.94896877],[71.54208314,20.95641613],[71.54259586,20.95675051],[71.55850065,20.97067356],[71.57055342,20.97450483],[71.57957935,20.98750377],[71.58890343,20.9897058],[71.59673452,20.99718022],[71.60151148,21.00042307],[71.60210204,21.00045812],[71.60188127,20.99796855],[71.59673607,20.99522865],[71.59107375,20.98920321],[71.58060348,20.98594737],[71.57355773,20.9747889],[71.56955588,20.97231138],[71.55886185,20.96899951],[71.55687606,20.96743464],[71.55039835,20.95930004],[71.53396475,20.94826603],[71.53028035,20.94323635],[71.53025234,20.94305408],[71.53400791,20.94308031],[71.53613043,20.94500387],[71.54082751,20.94653034],[71.54596055,20.95061505],[71.54804647,20.94949782],[71.55595374,20.95025003],[71.56467295,20.94956088],[71.56669295,20.95052803],[71.56892645,20.95383084],[71.57222128,20.95307064],[71.57492614,20.95416784],[71.57947421,20.95399022],[71.57896292,20.95706308],[71.58108091,20.95886004],[71.58484972,20.95907354],[71.58717263,20.96058035],[71.59192765,20.96038771],[71.59778094,20.96734214],[71.59878874,20.96705174],[71.59912682,20.96487582],[71.60278451,20.96435416],[71.61165488,20.96739626],[71.61039186,20.97172332],[71.61286294,20.97544634],[71.61797166,20.97424757],[71.61860943,20.97221816],[71.61768246,20.96907115],[71.62018025,20.9693588],[71.62176275,20.96765184],[71.62806106,20.96941543],[71.63807905,20.97477925],[71.63837743,20.97646272],[71.63631237,20.97778118],[71.63609052,20.98009765],[71.63842976,20.98947024],[71.64647162,20.99453473],[71.654989,20.99770415],[71.66399217,20.99944925],[71.66867006,20.99944925],[71.67562664,20.99672222],[71.67953396,20.99739444],[71.67939627,21.00100684],[71.68228126,21.00415504],[71.68945897,21.00803566],[71.69655216,21.00900996],[71.70962405,21.01763046],[71.71112215,21.01847184],[71.71740591,21.02092636],[71.71875,21.02092636],[71.71875,21.02120531],[71.72118592,21.02168012],[71.72723365,21.02099395],[71.72825158,21.01907504],[71.72677386,21.01485205],[71.72871995,21.01524258],[71.72934461,21.01356018],[71.73027873,21.01692021],[71.73263764,21.01745391],[71.73349524,21.01943612],[71.73585248,21.0205183],[71.73894584,21.01733994],[71.74274874,21.02016747],[71.74468064,21.01901364],[71.74773586,21.02055705],[71.75045693,21.02015555],[71.75302875,21.02264404],[71.75581777,21.02079606],[71.76055825,21.02016163],[71.76453245,21.02178371],[71.76380527,21.02471995],[71.76519692,21.02622771],[71.76853704,21.02617645],[71.77143514,21.02724624],[71.77165496,21.02872336],[71.78085434,21.02976012],[71.78287494,21.03156006],[71.78485656,21.03135443],[71.78548896,21.03279877],[71.78345144,21.03249347],[71.78051877,21.03618336],[71.77768636,21.03769696],[71.77853966,21.03986824],[71.779356,21.03854763],[71.78315568,21.03959084],[71.7845,21.03886807],[71.78648222,21.04051352],[71.78744447,21.03984201],[71.78632236,21.03769505],[71.78869665,21.03991306],[71.79127514,21.03949904],[71.79074764,21.0368849],[71.79192197,21.03606296],[71.79544044,21.03856385],[71.79712832,21.03783536],[71.79902494,21.03922248],[71.80114031,21.03768837],[71.80426621,21.03871655],[71.80669832,21.03800321],[71.80668771,21.03986645],[71.8040235,21.04340613],[71.80450845,21.04551077],[71.80256355,21.04547024],[71.80236006,21.04801571],[71.80064213,21.04819107],[71.79930246,21.05123961],[71.79651058,21.05329597],[71.79698861,21.05771744],[71.80081534,21.06166315],[71.80638492,21.06360137],[71.82007706,21.07183087],[71.82298994,21.07035506],[71.82370365,21.0681287],[71.82807982,21.06922936],[71.83241737,21.07257283],[71.83571875,21.07256925],[71.83931804,21.07484972],[71.84189296,21.07494485],[71.84090364,21.07679856],[71.84462535,21.07830787],[71.8474009,21.07824993],[71.84696555,21.07658207],[71.84976673,21.07700455],[71.85301506,21.08016098],[71.85685623,21.08122516],[71.86067295,21.08514571],[71.86412835,21.08678818],[71.86795402,21.08602905],[71.87006593,21.08859396],[71.86965215,21.09019744],[71.87398791,21.09012294],[71.87467432,21.08857536],[71.87501645,21.08849502],[71.87574005,21.08866513],[71.8795706,21.08987343],[71.88362885,21.09375],[71.88376915,21.09375],[71.88514447,21.09467626],[71.88916481,21.10190463],[71.89734554,21.10605764],[71.89970088,21.10927665],[71.90265632,21.10867226],[71.91954243,21.11257565],[71.92611265,21.11119747],[71.92880297,21.11432862],[71.93143225,21.11444044],[71.93227947,21.11578608],[71.94024885,21.11511946],[71.94374847,21.12042725],[71.94521737,21.11764264],[71.95163107,21.11822045],[71.95318401,21.11902237],[71.95437825,21.12274253],[71.95632386,21.12289953],[71.95638001,21.12143075],[71.96034825,21.12431574],[71.96650708,21.12290895],[71.96490693,21.12212276],[71.96437442,21.12029803],[71.96579826,21.12086964],[71.96597588,21.12217915],[71.96813381,21.12142456],[71.97121954,21.12308395],[71.9701457,21.12083626],[71.97667766,21.12102485],[71.97803187,21.12351418],[71.9747051,21.12513626],[71.97690058,21.1282413],[71.97408211,21.12869728],[71.97734368,21.13085234],[71.98077786,21.13093615],[71.98608696,21.13351285],[71.98307085,21.13523865],[71.97895515,21.13531125],[71.99173331,21.14272916],[71.99101162,21.15257621],[71.98898697,21.15435135],[71.98622131,21.15302014],[71.98586488,21.15672433],[71.98884225,21.15911508],[71.99305582,21.15957832],[71.9952352,21.16114891],[71.99447596,21.16376781],[71.99585283,21.16562331],[71.99288595,21.16928065],[71.99426246,21.16985095],[71.99543345,21.1688832],[71.99635684,21.16977417],[71.99774754,21.16489375],[72.00305605,21.16851687],[72.00509405,21.17383873],[72.00403535,21.17584157],[72.00427377,21.18056858],[72.00681317,21.1808145],[72.00861704,21.18251765],[72.01017332,21.18213022],[72.01110637,21.18579042],[72.01244926,21.18538701],[72.01509035,21.18687844],[72.01633632,21.18584895],[72.01788747,21.18812275],[72.02058971,21.18623424],[72.0207051,21.18356693],[72.02191281,21.18352425],[72.02173054,21.18201756],[72.02389407,21.18049824],[72.0195086,21.17583823],[72.01662195,21.17075825],[72.01382577,21.1715337],[72.01221263,21.1703732],[72.01235902,21.16818035],[72.01438725,21.16811621],[72.01441073,21.16520882],[72.00693584,21.16195655],[72.00628924,21.16015565],[72.00871384,21.15801275],[72.00873733,21.15639055],[72.00585484,21.15474916],[72.00444615,21.15254486],[72.00224602,21.15368187],[71.99938524,21.15339208],[71.99902022,21.14876735],[71.99682951,21.14719772],[71.99710035,21.14210558],[72.00388944,21.14128041],[72.00447154,21.14014268],[72.00292861,21.13937223],[72.00254154,21.13731468],[72.00386262,21.13647497],[72.00739205,21.13719678],[72.00622892,21.13432336],[72.00827062,21.13258982],[72.01128972,21.13607061],[72.01126945,21.13887596],[72.00938165,21.14103734],[72.01026475,21.14562905],[72.01233482,21.14774954],[72.01660895,21.14903045],[72.01807845,21.15389895],[72.01848495,21.15419805],[72.02257526,21.15567195],[72.02164495,21.15397096],[72.02621746,21.15404725],[72.03667045,21.1585319],[72.03877592,21.16130555],[72.04189181,21.16263735],[72.04299414,21.15973401],[72.04639292,21.15915906],[72.04882765,21.16369843],[72.05086577,21.16486204],[72.05617487,21.17161524],[72.05599022,21.17390096],[72.05933523,21.17463756],[72.05922866,21.17346346],[72.06286955,21.17271113],[72.06399608,21.17704153],[72.06572747,21.17797506],[72.06773508,21.17700291],[72.06914806,21.17937684],[72.0703125,21.17940843],[72.0703125,21.1796875],[72.07262075,21.17864454],[72.07500935,21.17924011],[72.08010495,21.1848886],[72.08744776,21.18707967],[72.08721137,21.19019437],[72.10039628,21.19320345],[72.10641587,21.19667256],[72.10864687,21.19683444],[72.10726047,21.19510043],[72.11070681,21.19655383],[72.11378515,21.19644773],[72.11539006,21.20122051],[72.11528075,21.20214784],[72.11500561,21.20246828],[72.11069834,21.20461225],[72.11069727,21.20523655],[72.11307395,21.20743465],[72.11288035,21.21019161],[72.11454642,21.21159601],[72.11274254,21.21182787],[72.11196208,21.21344423],[72.10920477,21.21487796],[72.10631287,21.21474373],[72.10535943,21.21601164],[72.11081934,21.21941805],[72.11242795,21.22229004],[72.10980523,21.22512412],[72.10876143,21.22069836],[72.10579061,21.22183132],[72.10421181,21.22480047],[72.10120451,21.22291911],[72.09651256,21.22285378],[72.09493124,21.22505045],[72.09143031,21.22659194],[72.08973885,21.22818005],[72.08798206,21.23117065],[72.08614635,21.2414366],[72.08228636,21.24581075],[72.08169401,21.25148428],[72.08337712,21.25168824],[72.0852108,21.24931765],[72.09257436,21.26111841],[72.09498906,21.2613759],[72.09759355,21.26322603],[72.09781563,21.26953125],[72.09816206,21.26953125],[72.09807193,21.27110195],[72.09705067,21.27517295],[72.09748864,21.2762475],[72.09662116,21.27777398],[72.09609556,21.27771151],[72.09496987,21.27432334],[72.09446955,21.27432287],[72.09384787,21.27448738],[72.08800793,21.27833807],[72.08773446,21.27873957],[72.08490574,21.29031634],[72.08289993,21.29138112],[72.07810807,21.28853107],[72.07559514,21.28885973],[72.07513404,21.29018795],[72.07772398,21.29232383],[72.0790894,21.29133356],[72.08110178,21.29362905],[72.07998848,21.29435766],[72.07925224,21.29850495],[72.07582831,21.29942918],[72.07615364,21.30207157],[72.07633805,21.30235696],[72.07931328,21.30115592],[72.08221555,21.29541373],[72.08621597,21.29799295],[72.08386338,21.30260575],[72.0848999,21.30412614],[72.0864495,21.30387533],[72.08700335,21.30009401],[72.08908975,21.29809344],[72.08775938,21.29540861],[72.09101391,21.28865433],[72.0912168,21.28831494],[72.09258354,21.28719211],[72.09442842,21.28780067],[72.09631836,21.28356242],[72.09841084,21.2830106],[72.10060835,21.27997148],[72.10208142,21.27808857],[72.10387552,21.27858353],[72.10664475,21.28252101],[72.10919511,21.28311801],[72.10881555,21.28454804],[72.11083186,21.28692937],[72.11188722,21.29527664],[72.10943544,21.30158603],[72.11448622,21.31254125],[72.12157023,21.32500494],[72.12602925,21.33099866],[72.13385332,21.34056318],[72.14966416,21.35624623],[72.16069198,21.37051988],[72.16700244,21.37677026],[72.16723883,21.38237965],[72.17670953,21.39636266],[72.18378258,21.40059435],[72.18700635,21.40427053],[72.19591653,21.41061032],[72.20108163,21.41278374],[72.20227778,21.41733611],[72.20981824,21.42260814],[72.21073973,21.42486787],[72.21397722,21.4269973],[72.21439934,21.42944825],[72.21656823,21.43205166],[72.22331882,21.43880713],[72.22380614,21.43947136],[72.2254312,21.4453125],[72.22556341,21.4453125],[72.23510766,21.45656025],[72.23578846,21.46402252],[72.24212801,21.47250056],[72.25367331,21.50065052],[72.25575757,21.51196802],[72.2650938,21.54033315],[72.2643038,21.55577874],[72.26746011,21.56340885],[72.26946187,21.57400215],[72.28583491,21.59974504],[72.30225635,21.61933494],[72.30318892,21.62109375],[72.30298615,21.62109375],[72.30545604,21.62655807],[72.30595672,21.62857604],[72.30598843,21.63155675],[72.3056519,21.63433886],[72.30506992,21.63559461],[72.30366695,21.63647675],[72.30255675,21.64387822],[72.29795456,21.65118527],[72.29130936,21.65722573],[72.28570676,21.66524208],[72.28552091,21.67601061],[72.28312623,21.68357027],[72.27742815,21.69423223],[72.26848245,21.70636761],[72.26929486,21.70779693],[72.26809502,21.71081877],[72.25991011,21.72364068],[72.25795662,21.72791565],[72.24727631,21.75136411],[72.24767005,21.75417244],[72.24606335,21.76103413],[72.2436347,21.76383257],[72.24438393,21.76969504],[72.24140847,21.78729451],[72.23581612,21.7914232],[72.22808015,21.79375124],[72.22481215,21.79552507],[72.22342682,21.796875],[72.22295666,21.796875],[72.2150737,21.80248284],[72.21157277,21.80596006],[72.20920777,21.81653285],[72.20507693,21.82223713],[72.19486165,21.82700884],[72.18668485,21.82640398],[72.18430412,21.82395208],[72.18363965,21.82368791],[72.18303871,21.82398546],[72.18340194,21.82510507],[72.1859827,21.82725537],[72.18665326,21.82750702],[72.18945312,21.828125],[72.19201314,21.82809556],[72.19800091,21.82694352],[72.20325661,21.82474196],[72.20899558,21.82039285],[72.21079338,21.81755161],[72.21210682,21.81403112],[72.21278071,21.80908334],[72.21336496,21.80781937],[72.21492755,21.80538762],[72.21876335,21.80184376],[72.22746384,21.796875],[72.22793007,21.796875],[72.22994888,21.79582572],[72.23440671,21.79450095],[72.23599422,21.79481661],[72.23623657,21.79624796],[72.24579346,21.79238105],[72.24711478,21.79081976],[72.24830413,21.78886604],[72.2493391,21.77502823],[72.25198126,21.76408374],[72.25969326,21.74960697],[72.26110184,21.74424016],[72.26350295,21.74058247],[72.26430225,21.74024165],[72.26482832,21.74039185],[72.26992023,21.74709606],[72.27107394,21.75062013],[72.27023005,21.75683701],[72.26578975,21.76597798],[72.2616322,21.77908695],[72.25885332,21.796875],[72.25901425,21.796875],[72.25898266,21.83685565],[72.25519645,21.85697174],[72.25582266,21.86926544],[72.25771856,21.87373853],[72.25832808,21.88187575],[72.25832355,21.88189435],[72.25537693,21.89228022],[72.25323307,21.89711511],[72.24933696,21.9030652],[72.24696457,21.90975571],[72.24245656,21.91643381],[72.23601615,21.92112553],[72.23126006,21.92649174],[72.23089457,21.92704284],[72.22592914,21.94052291],[72.22091615,21.94727135],[72.22019756,21.94770741],[72.21379006,21.94844985],[72.21018875,21.94484401],[72.2020843,21.93962777],[72.19038606,21.93697143],[72.18352485,21.94000351],[72.18175972,21.94326401],[72.17366076,21.95069385],[72.16602266,21.95514297],[72.15987706,21.95723045],[72.15434575,21.95722306],[72.14738357,21.95483637],[72.14733815,21.95523286],[72.15290022,21.95836842],[72.16018677,21.95927584],[72.16055715,21.95966816],[72.16098142,21.96149003],[72.16086137,21.96197093],[72.15761173,21.96780777],[72.15655053,21.97265625],[72.15611625,21.97374427],[72.14671874,21.98313105],[72.15610135,21.97577608],[72.1565479,21.97526264],[72.15715134,21.97265625],[72.15879154,21.96753287],[72.1591047,21.96697176],[72.16425073,21.95995641],[72.16768146,21.95818305],[72.17424202,21.95860815],[72.18630326,21.94495797],[72.19089603,21.94257283],[72.20867765,21.95403266],[72.21536076,21.95616472],[72.22112966,21.95633125],[72.22118545,21.96748006],[72.22539735,21.97861111],[72.22810376,21.99106336],[72.2300266,21.99438834],[72.23025668,21.99872613],[72.22865581,21.99958885],[72.23141575,22.00387168],[72.23115134,22.00680554],[72.22819436,22.00823307],[72.22309434,22.00553536],[72.2162497,21.99961591],[72.21364987,21.99896026],[72.2100265,21.99962688],[72.20692766,22.00286484],[72.20108342,22.00411105],[72.19771945,22.00755346],[72.19838572,22.01434958],[72.19748187,22.01638484],[72.18609905,22.01531684],[72.18023038,22.01891983],[72.18190145,22.02400482],[72.18083346,22.03299451],[72.17720115,22.03560936],[72.17241037,22.04136336],[72.17578697,22.04046762],[72.1784749,22.03644824],[72.18239737,22.0347445],[72.18551254,22.0266366],[72.18500757,22.02095628],[72.18651307,22.01953185],[72.18820751,22.01945174],[72.1908648,22.02144277],[72.19662666,22.02230668],[72.20847452,22.01087761],[72.21165407,22.01037908],[72.21642005,22.01184952],[72.22365153,22.02082396],[72.22584724,22.01928174],[72.23281586,22.01770341],[72.23372114,22.0248785],[72.23051894,22.03743124],[72.23017275,22.04434943],[72.23097157,22.04866505],[72.23398316,22.05429423],[72.23825777,22.05913067],[72.25467718,22.06550312],[72.26547456,22.07443726],[72.27810931,22.0802325],[72.27843964,22.08280933],[72.27685475,22.08375931],[72.27446616,22.09201384],[72.27496934,22.09691095],[72.26613665,22.10160244],[72.26625454,22.10584152],[72.26831198,22.10605884],[72.26873231,22.10242176],[72.2702316,22.10032702],[72.27429473,22.10023606],[72.2767359,22.09813595],[72.27713716,22.09085834],[72.280864,22.09153283],[72.28335595,22.09366953],[72.28473425,22.09259105],[72.28728294,22.09557116],[72.28617024,22.09661376],[72.28713894,22.09976995],[72.29436076,22.10278237],[72.29953432,22.10864615],[72.30196404,22.10596883],[72.30092096,22.09889436],[72.30320871,22.09521484],[72.30251443,22.08912277],[72.29833364,22.08176374],[72.29518175,22.08106375],[72.30401552,22.07669795],[72.30408645,22.07213986],[72.29778314,22.06306982],[72.29434347,22.06308401],[72.29201186,22.06791592],[72.28661418,22.07397115],[72.26879466,22.06362307],[72.24917924,22.05538714],[72.24206984,22.05049896],[72.24165165,22.04875922],[72.24522221,22.03304064],[72.24877524,22.02976596],[72.25491416,22.02788305],[72.25719714,22.02577746],[72.26079535,22.01881933],[72.26078355,22.01524615],[72.25549495,22.00743175],[72.25352311,22.00130606],[72.25190651,21.98772836],[72.25202084,21.9869678],[72.25527096,21.9821161],[72.2597357,21.98212493],[72.26157045,21.98113644],[72.26027226,21.97415483],[72.26054847,21.95975125],[72.26318944,21.9524101],[72.26325285,21.94656563],[72.26685631,21.93731523],[72.26832926,21.93568635],[72.27545273,21.9296205],[72.275949,21.92981184],[72.27841675,21.93210185],[72.27847564,21.93252826],[72.27735317,21.93842697],[72.27911484,21.94720697],[72.27911496,21.95460665],[72.27732742,21.95823145],[72.27417505,21.96060348],[72.27141404,21.96531904],[72.27106285,21.96696496],[72.27145648,21.96750426],[72.27986765,21.96431363],[72.28185093,21.97265625],[72.28191221,21.97265625],[72.28484964,21.98238015],[72.28768301,22.00105834],[72.29228735,22.01384962],[72.29886198,22.04311144],[72.30565894,22.06486738],[72.30669761,22.07688725],[72.31309271,22.09648645],[72.31555331,22.09987211],[72.31520724,22.10197926],[72.31225562,22.10543823],[72.31139576,22.11114621],[72.31455195,22.11573565],[72.31784284,22.11587918],[72.31833816,22.11632335],[72.32317591,22.12243652],[72.32324481,22.12272668],[72.32168257,22.12357235],[72.32078946,22.12563717],[72.32173121,22.12709618],[72.32023168,22.12843037],[72.32322514,22.12951791],[72.3238039,22.13104618],[72.31371677,22.13709211],[72.31044066,22.14578342],[72.30993736,22.1484375],[72.31010997,22.1484375],[72.30980885,22.14885604],[72.31044304,22.16100192],[72.31244254,22.16724944],[72.31167531,22.16950536],[72.31361282,22.17133665],[72.31260157,22.18042004],[72.30805147,22.18400145],[72.30344415,22.18272746],[72.30023384,22.18593454],[72.29705811,22.19101214],[72.29708552,22.19855905],[72.29436505,22.20214117],[72.29471481,22.20236135],[72.2977308,22.20099354],[72.29977703,22.19287765],[72.30327106,22.19311392],[72.30793107,22.18901384],[72.31568694,22.18501365],[72.31726766,22.18174064],[72.31966817,22.17186534],[72.31628966,22.15940964],[72.31643641,22.1484375],[72.31652665,22.1484375],[72.31648994,22.14683843],[72.31895542,22.14785707],[72.32078505,22.14627933],[72.32397723,22.14684486],[72.33390403,22.14086616],[72.33514285,22.13865781],[72.33961523,22.13865781],[72.34268153,22.13284266],[72.34124625,22.1255182],[72.34161127,22.12462056],[72.34226131,22.12462497],[72.35026395,22.12675798],[72.34984016,22.13142741],[72.3522408,22.13590825],[72.35231066,22.14216185],[72.35049152,22.14543831],[72.35070586,22.14669514],[72.35188901,22.14776075],[72.35234594,22.14782333],[72.35308957,22.14644635],[72.35581076,22.14642835],[72.35655904,22.1484375],[72.35680425,22.1484375],[72.35678816,22.14988637],[72.35376883,22.16111386],[72.34735715,22.1633234],[72.34449577,22.16763008],[72.34435105,22.167997],[72.34598064,22.16831195],[72.35158896,22.16479623],[72.35330915,22.16501605],[72.35463285,22.17156851],[72.35365558,22.18024635],[72.35200834,22.18180025],[72.35620034,22.18183756],[72.36013341,22.18656754],[72.36007941,22.18959892],[72.35787666,22.19279885],[72.35814238,22.19292247],[72.35938895,22.19271874],[72.36370313,22.18881333],[72.36305857,22.18357694],[72.36034203,22.17952776],[72.35924506,22.17281485],[72.37075746,22.172279],[72.37270045,22.17066515],[72.37481236,22.16622233],[72.37456501,22.15167105],[72.3751111,22.15096557],[72.37637913,22.14986551],[72.37667775,22.14987016],[72.37871671,22.1516031],[72.37714887,22.15712976],[72.37744617,22.15790427],[72.37797236,22.15836728],[72.37921405,22.15832806],[72.38409805,22.15607774],[72.38440955,22.15633845],[72.38711464,22.15997696],[72.38716924,22.16030395],[72.38610327,22.16377056],[72.38656175,22.16836667],[72.38554394,22.17005587],[72.38665354,22.17201173],[72.38873255,22.17114866],[72.38967931,22.16706598],[72.39163125,22.16787684],[72.38911664,22.17494941],[72.39012742,22.178707],[72.39174914,22.17948616],[72.3917433,22.17980373],[72.39138091,22.18032467],[72.38656557,22.18878341],[72.38512194,22.19070876],[72.38064516,22.19476795],[72.37776422,22.19648504],[72.36778975,22.19964564],[72.36514211,22.20093036],[72.36326492,22.20316625],[72.36255991,22.20461547],[72.36111593,22.20941675],[72.36014974,22.22496724],[72.36145985,22.22872818],[72.37093127,22.24260604],[72.37085211,22.24523485],[72.36748552,22.2487632],[72.36434853,22.25511444],[72.36338866,22.26015675],[72.3602215,22.26028717],[72.35680425,22.26325333],[72.35654175,22.27093065],[72.35687745,22.27117515],[72.35829425,22.27080286],[72.3593384,22.26743555],[72.36077166,22.26807165],[72.36661387,22.26637197],[72.36741471,22.2645992],[72.37747884,22.26078045],[72.38029444,22.25653458],[72.38205957,22.25313103],[72.38183975,22.24733865],[72.38372755,22.24581754],[72.37778783,22.23984516],[72.37733793,22.23898983],[72.37581515,22.23562205],[72.37645924,22.23010767],[72.37766314,22.22658098],[72.38221812,22.2185564],[72.38252282,22.21827614],[72.39231455,22.21355093],[72.39719164,22.20600724],[72.39907062,22.20126355],[72.39982045,22.19938886],[72.40236795,22.20824993],[72.40291131,22.20938051],[72.40513146,22.20958042],[72.40596342,22.2136904],[72.40717268,22.21318448],[72.41112936,22.21554053],[72.41275895,22.22161305],[72.41167486,22.22686505],[72.41668868,22.22761893],[72.41678107,22.22802722],[72.41301811,22.25398993],[72.41611934,22.27123606],[72.41667843,22.28009403],[72.41667843,22.28128982],[72.41517532,22.2927494],[72.41380954,22.29702806],[72.41258454,22.29812026],[72.41093636,22.29902434],[72.38804877,22.29857862],[72.38354671,22.29980516],[72.38294613,22.30008686],[72.37668824,22.3051964],[72.37611628,22.30594206],[72.37480724,22.3087579],[72.37254715,22.31690824],[72.37363315,22.32421875],[72.37367451,22.32421875],[72.37506831,22.32878995],[72.37901723,22.33566844],[72.38407564,22.34063554],[72.38875997,22.34341073],[72.38971317,22.34380805],[72.3993839,22.34629083],[72.40307224,22.34884036],[72.40429604,22.35218263],[72.40419173,22.35262525],[72.40187836,22.35535514],[72.39903736,22.35566556],[72.39441705,22.36281025],[72.39423335,22.36298275],[72.38910997,22.36590517],[72.38221681,22.37525821],[72.38015962,22.37537944],[72.37615395,22.37321341],[72.36555111,22.37311065],[72.36127436,22.37146115],[72.36138856,22.37463343],[72.3620609,22.37554395],[72.36450231,22.37748444],[72.37652373,22.38503933],[72.38199675,22.38511586],[72.39188945,22.38156152],[72.39371777,22.38241363],[72.39909744,22.36906338],[72.41251242,22.35796714],[72.41215396,22.35020852],[72.40657008,22.33582973],[72.40586305,22.33417833],[72.40222132,22.32768381],[72.39867854,22.32421875],[72.38927555,22.31530833],[72.38792276,22.31264794],[72.38894558,22.31030655],[72.39402366,22.30739236],[72.39772236,22.30699742],[72.40073395,22.30735731],[72.40555882,22.30993223],[72.40609884,22.30984545],[72.41685581,22.30575585],[72.41888404,22.30551934],[72.421875,22.30496645],[72.43470335,22.30123937],[72.4414556,22.29289997],[72.44443715,22.28864396],[72.44545507,22.28670025],[72.44490814,22.28441811],[72.44655597,22.28108525],[72.44972682,22.27563536],[72.46037042,22.25737536],[72.47039556,22.24320924],[72.47082281,22.23843014],[72.48223865,22.24054277],[72.48825216,22.24361157],[72.49082732,22.24542797],[72.49257314,22.24803746],[72.49292231,22.24788857],[72.49323714,22.24736607],[72.49439871,22.24237823],[72.49203861,22.23846304],[72.48648083,22.23610151],[72.47784877,22.23479712],[72.47962332,22.23417127],[72.48893344,22.23527873],[72.49117816,22.2368834],[72.49264646,22.23667586],[72.49108756,22.22992837],[72.48546946,22.22838545],[72.47882748,22.22827923],[72.47868621,22.2268728],[72.48506773,22.2227931],[72.48152423,22.21578503],[72.48012793,22.21499622],[72.4813174,22.21192074],[72.48116374,22.21161103],[72.47790813,22.20661271],[72.47553682,22.20541561],[72.47417104,22.20154047],[72.47463071,22.20070004],[72.48732531,22.19728982],[72.48778963,22.19765532],[72.48952281,22.20206368],[72.49190581,22.20301294],[72.49163115,22.20685744],[72.49231565,22.20801938],[72.49260652,22.20843196],[72.49881804,22.21667314],[72.50411975,22.22083998],[72.50494182,22.22702193],[72.50661886,22.22988546],[72.51687396,22.23692906],[72.52351332,22.24401045],[72.52420425,22.24477828],[72.52452695,22.24828601],[72.52378595,22.26193428],[72.52438891,22.26637375],[72.52555156,22.26822364],[72.53302193,22.27497184],[72.53289783,22.27703822],[72.54290485,22.28094316],[72.55324304,22.28093863],[72.55378735,22.27858353],[72.55339324,22.27806103],[72.54827642,22.27600634],[72.5391767,22.27486861],[72.53753555,22.27340746],[72.53781426,22.27082252],[72.5349313,22.26092041],[72.53758347,22.25838184],[72.54112065,22.25722218],[72.53885663,22.25419033],[72.53803337,22.25542045],[72.53631115,22.25528491],[72.53344643,22.25204384],[72.53392065,22.25027072],[72.53709781,22.25131237],[72.53783298,22.2505455],[72.53426635,22.24813545],[72.53332615,22.24627602],[72.53699136,22.24582791],[72.54165638,22.24861455],[72.54158461,22.24594104],[72.54092991,22.2443583],[72.54162943,22.24324155],[72.54230165,22.24308038],[72.54451334,22.24369383],[72.54494905,22.24396431],[72.54647803,22.2474786],[72.54892194,22.24926674],[72.55274594,22.25501013],[72.55619895,22.25547492],[72.55752766,22.25905025],[72.55823755,22.25917101],[72.56083286,22.25891113],[72.56156504,22.25723934],[72.55980182,22.24615908],[72.56014252,22.2462759],[72.56775868,22.25441825],[72.57020915,22.25541365],[72.57086694,22.25754476],[72.57182312,22.25461495],[72.57392955,22.25500822],[72.59612381,22.27340806],[72.60238028,22.27514625],[72.61037445,22.27964294],[72.62820315,22.28389466],[72.63528144,22.28451121],[72.65589094,22.27924037],[72.65810764,22.27611256],[72.65838945,22.26995063],[72.66051817,22.26691997],[72.67073095,22.25493646],[72.68073583,22.24691558],[72.68334091,22.24448156],[72.68601692,22.24072254],[72.68833327,22.23831081],[72.69195676,22.23691571],[72.71833396,22.23601961],[72.75257206,22.23077655],[72.75570595,22.23077714],[72.76212955,22.23247004],[72.7734375,22.23939717],[72.7734375,22.23967636],[72.78056693,22.24348915],[72.78203952,22.24446845],[72.79327941,22.25387096],[72.79561758,22.25544417],[72.80605376,22.26074743],[72.80656397,22.26107776],[72.81068873,22.26502836],[72.82628703,22.27209055],[72.83780384,22.2795372],[72.84131265,22.28116834],[72.84407997,22.28233635],[72.85281944,22.28139341],[72.85541022,22.27186584],[72.85571241,22.26438785],[72.85962772,22.25257587],[72.86229324,22.24972296],[72.86526775,22.24346113],[72.86700046,22.24247432],[72.88270354,22.24226224],[72.88357997,22.24226904],[72.89418721,22.24547815],[72.89469755,22.24568093],[72.90046144,22.24884045],[72.90439606,22.25229883],[72.90924025,22.25878775],[72.90953422,22.25941896],[72.91228342,22.26718914],[72.91237295,22.27451098],[72.91388786,22.27735245],[72.91379011,22.27795684],[72.90751052,22.28351152],[72.90727603,22.2845602],[72.90745163,22.29092312],[72.91004884,22.29890752],[72.91493344,22.30373812],[72.9222064,22.30656326],[72.92858481,22.30750155],[72.93395114,22.31077611],[72.93437886,22.31076658],[72.93965566,22.3085103],[72.94330144,22.30591094],[72.94376075,22.30548775],[72.94779098,22.29904974],[72.94793582,22.29866898],[72.94994104,22.29000556],[72.95144618,22.28095543],[72.95036161,22.26663005],[72.95240712,22.25819492],[72.96096754,22.25167406],[72.96910953,22.25199127],[72.97907352,22.25396132],[72.99106085,22.26110172],[73.00310481,22.26482177],[73.01342583,22.27042413],[73.02223372,22.27969325],[73.02220583,22.28334105],[73.02446544,22.28645766],[73.04103291,22.3003087],[73.05488002,22.30749726],[73.06082642,22.31362855],[73.06227708,22.31599271],[73.06219602,22.32081664],[73.06023061,22.32421875],[73.05987334,22.32421875],[73.05598426,22.33698726],[73.05518997,22.33463395],[73.05327845,22.33651543],[73.04697752,22.35528624],[73.04573512,22.36311495],[73.04939365,22.37047923],[73.06630075,22.38452697],[73.07080042,22.39179981],[73.07095635,22.39228153],[73.07216346,22.39869547],[73.07202733,22.39948034],[73.06687534,22.41238427],[73.06530845,22.41848612],[73.06442845,22.42315435],[73.06497252,22.42363405],[73.06608176,22.42309237],[73.06651175,22.42226827],[73.06748342,22.41552675],[73.0676403,22.41505134],[73.07375956,22.39986098],[73.07247484,22.39156282],[73.06883955,22.38449275],[73.05559957,22.37235296],[73.05327141,22.37231696],[73.05037344,22.36976874],[73.04754245,22.36338174],[73.04754245,22.35842311],[73.05191696,22.34631038],[73.05529511,22.34109116],[73.05601597,22.33950186],[73.06198394,22.32421875],[73.06203795,22.32421875],[73.06332982,22.32041454],[73.06332946,22.31686735],[73.06219924,22.31364226],[73.06190372,22.31302381],[73.05831146,22.30845237],[73.05593264,22.30645621],[73.04501724,22.30050206],[73.03424871,22.29183543],[73.03296161,22.29065716],[73.02713275,22.28522921],[73.01189804,22.26734591],[73.00376642,22.26307321],[72.99842465,22.26168728],[72.97267401,22.24975038],[72.96138465,22.24975133],[72.95892024,22.25020814],[72.95373785,22.25258315],[72.95203292,22.2545855],[72.95031714,22.25835395],[72.94819605,22.26579463],[72.94957173,22.27649772],[72.94746757,22.29774201],[72.94735312,22.29837382],[72.94294214,22.30544186],[72.93379867,22.30987966],[72.92632973,22.30571771],[72.91756773,22.30336416],[72.91144097,22.29798865],[72.91084278,22.29672635],[72.90903234,22.29054916],[72.9084326,22.28418064],[72.91619325,22.27783692],[72.91842043,22.2735815],[72.91857195,22.27324474],[72.91981471,22.26936448],[72.91976881,22.26110184],[72.91797948,22.25636911],[72.91185605,22.24530041],[72.91038096,22.24319673],[72.90601695,22.23949552],[72.90112591,22.23289847],[72.899176,22.23187196],[72.88679504,22.23044693],[72.88609827,22.22990215],[72.87783074,22.22376478],[72.87044513,22.22356141],[72.86964643,22.22366345],[72.8631798,22.22611296],[72.84916985,22.23571432],[72.82686067,22.24044037],[72.81811941,22.24748754],[72.81362641,22.24757421],[72.81125915,22.24671817],[72.80994701,22.24615502],[72.80337942,22.24151587],[72.79974747,22.23814774],[72.79898596,22.23719394],[72.79309118,22.22899795],[72.78253794,22.21250176],[72.77811301,22.19997644],[72.7734375,22.19335926],[72.7734375,22.19308031],[72.76294136,22.18038523],[72.76253438,22.17783606],[72.75892437,22.17452216],[72.75789034,22.17403316],[72.75395322,22.1730206],[72.74864781,22.1730206],[72.74270964,22.17445314],[72.73379374,22.17752111],[72.72563052,22.18216205],[72.71451771,22.18493998],[72.70908725,22.18576038],[72.70512712,22.18365514],[72.70005715,22.18434846],[72.69381046,22.1886481],[72.68948841,22.19343507],[72.68746722,22.19478774],[72.68079352,22.19852531],[72.67474866,22.20054674],[72.65915835,22.21221244],[72.65881956,22.21240008],[72.65031171,22.21584165],[72.64779925,22.21685421],[72.63944375,22.21785307],[72.61519015,22.21756434],[72.60096002,22.21311402],[72.59252644,22.20838845],[72.58210611,22.20064914],[72.56895053,22.18738937],[72.55536187,22.16671312],[72.54719627,22.1484375],[72.54708898,22.1484375],[72.52641392,22.07660842],[72.51786065,22.02818167],[72.50738835,21.99392605],[72.50475156,21.9761008],[72.50464857,21.97265625],[72.50480771,21.97265625],[72.50503147,21.96805251],[72.50247741,21.95465314],[72.50224352,21.94158721],[72.50324643,21.93827093],[72.50246465,21.93546891],[72.50631011,21.92117751],[72.50513983,21.90981221],[72.50869012,21.89710176],[72.51682472,21.88895476],[72.51487064,21.88802373],[72.51473737,21.88745344],[72.51477516,21.88654375],[72.51629305,21.87454903],[72.51784205,21.87469816],[72.52744985,21.87602663],[72.54682493,21.87646937],[72.54947627,21.87963772],[72.57016635,21.88066268],[72.57766986,21.88260317],[72.57004964,21.87920654],[72.56956124,21.87416291],[72.56054473,21.87413263],[72.55600905,21.87139893],[72.56715775,21.87084424],[72.57797885,21.87757635],[72.57845342,21.87540305],[72.57337976,21.87151802],[72.56260526,21.8683331],[72.53895116,21.86659992],[72.52446544,21.86247397],[72.51746845,21.86255884],[72.51662445,21.86256921],[72.51656902,21.86206186],[72.51749742,21.85780215],[72.51792026,21.85713387],[72.51855898,21.85713875],[72.52063835,21.85803485],[72.52238655,21.85661435],[72.52532256,21.85745955],[72.52305186,21.85082996],[72.52425683,21.84930706],[72.52776217,21.84773755],[72.53408694,21.84768558],[72.54190791,21.8490808],[72.54950511,21.85241401],[72.55054736,21.85160196],[72.55150497,21.85176027],[72.55293405,21.85225773],[72.55291557,21.85482526],[72.55480635,21.85569274],[72.55614293,21.85504675],[72.55383146,21.85293674],[72.55664754,21.85296905],[72.55825722,21.85736775],[72.56352115,21.85983264],[72.56416035,21.85878754],[72.56826055,21.85984886],[72.56336474,21.85591662],[72.56418824,21.85447776],[72.57197428,21.85711324],[72.57833123,21.85722435],[72.58432543,21.86032236],[72.58842134,21.86516476],[72.59118271,21.86056292],[72.59352052,21.86051142],[72.60345864,21.88296413],[72.60363507,21.88644183],[72.60455835,21.88206923],[72.60630023,21.88421154],[72.60719764,21.88854015],[72.60633826,21.89687216],[72.60477877,21.90075243],[72.60476518,21.90112555],[72.60561371,21.90174317],[72.60604048,21.90162623],[72.60794592,21.89798403],[72.60810101,21.89735675],[72.61019707,21.88467085],[72.60615814,21.87568855],[72.60878181,21.87717497],[72.60779965,21.87379408],[72.60205007,21.86321473],[72.60437346,21.86008108],[72.60433388,21.85896874],[72.60395074,21.85830355],[72.59344935,21.84388936],[72.58523095,21.83461392],[72.57742405,21.82764053],[72.56690276,21.82263851],[72.56588125,21.82042766],[72.56741858,21.81737995],[72.55744731,21.80291915],[72.55523312,21.79843056],[72.55457413,21.796875],[72.55254185,21.79289055],[72.55240035,21.79253173],[72.55063891,21.77944434],[72.54760766,21.76750684],[72.54587495,21.76259267],[72.54328847,21.76120245],[72.54429126,21.75752246],[72.54320037,21.75428295],[72.54339874,21.74290085],[72.54046345,21.73897874],[72.54057407,21.73564935],[72.53597915,21.7343719],[72.52968395,21.72785807],[72.52701652,21.72149563],[72.52097428,21.71428752],[72.52114797,21.70645142],[72.51918674,21.70893717],[72.51932502,21.71346152],[72.51798952,21.71424246],[72.51768243,21.70697165],[72.51998425,21.70438588],[72.51843023,21.70171046],[72.50803292,21.70176876],[72.50745356,21.69956005],[72.50787175,21.69873226],[72.50904906,21.6988523],[72.50958335,21.69929147],[72.50990725,21.70062566],[72.51870167,21.70054615],[72.52021158,21.70000315],[72.5206145,21.69969511],[72.52110076,21.6968888],[72.52327287,21.69565535],[72.52243566,21.69241273],[72.52181947,21.69153643],[72.51074815,21.69163406],[72.50915837,21.69245183],[72.50874555,21.69239855],[72.50833893,21.68988025],[72.52000713,21.6904788],[72.52172124,21.68966508],[72.5241189,21.68697917],[72.52395844,21.68189025],[72.52556527,21.67819285],[72.52982724,21.67466426],[72.53229535,21.6746546],[72.53219056,21.67151284],[72.53242242,21.67116165],[72.53690076,21.66538465],[72.54328418,21.66035593],[72.54927123,21.6585685],[72.55852103,21.65935075],[72.56021953,21.66086817],[72.56220067,21.65876114],[72.56317234,21.66164291],[72.56480205,21.66184151],[72.56528604,21.66392446],[72.56763411,21.66570604],[72.58081865,21.67106545],[72.58202553,21.67253411],[72.58360255,21.67209756],[72.58718824,21.67440486],[72.58850241,21.67414606],[72.59530091,21.67936957],[72.60015011,21.68092167],[72.61176825,21.68189013],[72.61626995,21.68011212],[72.65018487,21.67826545],[72.65553844,21.67699385],[72.65948605,21.67833376],[72.66472232,21.68216872],[72.66894293,21.68296325],[72.68143594,21.67943835],[72.68885267,21.67950273],[72.69855654,21.68137348],[72.69999456,21.68004394],[72.71094227,21.67832208],[72.71114373,21.67832196],[72.73668134,21.68942285],[72.74328136,21.68828583],[72.74649,21.68581462],[72.75262618,21.67555296],[72.76289082,21.66911006],[72.77985823,21.66343737],[72.79484296,21.66164374],[72.80314445,21.66301346],[72.83000076,21.67162538],[72.84108186,21.67692661],[72.85073864,21.68422258],[72.86856174,21.68886554],[72.87261462,21.68888712],[72.87627363,21.68707144],[72.88256741,21.68768775],[72.88740325,21.68643713],[72.89342546,21.68188465],[72.90238714,21.68230116],[72.91513872,21.67906833],[72.93152344,21.676705],[72.93701684,21.67681205],[72.95851386,21.68128204],[72.96057856,21.68102705],[72.96422005,21.67801726],[72.97056973,21.67863298],[72.9795227,21.68027413],[72.98615325,21.68309104],[72.98819876,21.68418705],[72.99110985,21.68746042],[72.99134147,21.68800056],[72.99088335,21.6906687],[73.00355887,21.69617867],[73.01141095,21.70168805],[73.03285301,21.71042132],[73.04593182,21.71718395],[73.06035864,21.73542786],[73.06723177,21.74078631],[73.07544935,21.74099517],[73.07590044,21.74088871],[73.07836354,21.73760796],[73.08017886,21.73844135],[73.08310914,21.73569262],[73.09045231,21.7351464],[73.09125388,21.73500717],[73.10278773,21.73221433],[73.10416615,21.73211324],[73.10855806,21.73310804],[73.11275113,21.73584425],[73.11704493,21.73552132],[73.11976981,21.73693764],[73.12224674,21.73981833],[73.12469935,21.74848103],[73.12812924,21.75429595],[73.12846947,21.75464725],[73.13389862,21.75474632],[73.13482487,21.75384331],[73.13568521,21.75428665],[73.13610494,21.75488591],[73.13557482,21.76125896],[73.13516474,21.76235294],[73.13476753,21.76303971],[73.13281822,21.76327145],[73.13556945,21.76903665],[73.13663185,21.77548242],[73.13740778,21.81183052],[73.13848984,21.81668591],[73.13458395,21.83041573],[73.13047087,21.83662426],[73.12833703,21.84225917],[73.12833595,21.84794617],[73.13013744,21.85352266],[73.13555014,21.86116564],[73.13773346,21.86345375],[73.14139247,21.86610115],[73.14466381,21.86604178],[73.1545974,21.86188614],[73.16320395,21.85429776],[73.17728364,21.83914626],[73.17862725,21.83792853],[73.18528664,21.83373666],[73.2015115,21.82703805],[73.2051264,21.82620084],[73.21150434,21.82620132],[73.22184241,21.82827306],[73.24015927,21.84040904],[73.24040127,21.84063351],[73.24576056,21.85034561],[73.24365771,21.86683488],[73.23794377,21.87168682],[73.23495233,21.87705111],[73.22961772,21.88210475],[73.22388875,21.89160252],[73.21995175,21.90806365],[73.22095656,21.91590404],[73.22300375,21.92030776],[73.23690104,21.93180585],[73.24454391,21.93548906],[73.25066531,21.93682742],[73.25813675,21.93663621],[73.26370513,21.93411374],[73.28477836,21.90849614],[73.29518998,21.9014647],[73.31414771,21.88401723],[73.32557273,21.87716675],[73.33098686,21.87561035],[73.33611476,21.87564111],[73.34093487,21.87758446],[73.34311664,21.87970495],[73.34397304,21.88257456],[73.34262073,21.90677846],[73.34456384,21.91836035],[73.34739506,21.92257965],[73.35631812,21.92927492],[73.36283052,21.93101645],[73.37571597,21.92981732],[73.39873874,21.91409111],[73.40795732,21.91162336],[73.41664743,21.91245413],[73.43369305,21.92245781],[73.43684673,21.92565107],[73.44200063,21.93769121],[73.44156301,21.94746125],[73.43896723,21.95577014],[73.43634248,21.9582746],[73.43867016,21.96473825],[73.43897796,21.97468805],[73.44445753,21.98127651],[73.45022213,21.98305082],[73.45340693,21.98350763],[73.46105981,21.98328984],[73.46409035,21.98443282],[73.48000455,21.97398353],[73.49837565,21.96590531],[73.50547302,21.96384215],[73.51161897,21.96495616],[73.52231383,21.97265625],[73.527233,21.97876525],[73.53120518,21.98024356],[73.53668702,21.98105538],[73.54678822,21.97860515],[73.55117631,21.97536755],[73.55261576,21.96942675],[73.56413841,21.95908463],[73.56864166,21.95640636],[73.58551896,21.9512521],[73.58973634,21.94898653],[73.59079146,21.94713438],[73.59306264,21.94749355],[73.59672308,21.94179285],[73.5978775,21.93786693],[73.59728646,21.93523455],[73.59460545,21.93442106],[73.59245956,21.93099463],[73.60040176,21.90565395],[73.60587943,21.89967728],[73.61106086,21.89707184],[73.64110768,21.8881433],[73.65740895,21.88596141],[73.66453242,21.88685822],[73.67267191,21.88636732],[73.6789397,21.88470423],[73.68864655,21.8773638],[73.69221854,21.86974573],[73.6942718,21.86817324],[73.69338775,21.86678648],[73.69540966,21.86622786],[73.69384444,21.86380184],[73.69625401,21.85748565],[73.70308745,21.85152745],[73.7014724,21.84988844],[73.69599152,21.85528696],[73.692662,21.8611989],[73.69224763,21.86820126],[73.68494952,21.87725878],[73.67654073,21.88269293],[73.67149925,21.88384151],[73.64591384,21.88398075],[73.6280452,21.8880285],[73.60459554,21.89637542],[73.59696102,21.906587],[73.59201992,21.92047107],[73.58893704,21.94487441],[73.58264506,21.94967568],[73.56999123,21.95243788],[73.56650913,21.95431435],[73.55649042,21.96247196],[73.55082273,21.96862924],[73.54954636,21.97193408],[73.54594076,21.97541451],[73.54356146,21.97712493],[73.54019976,21.97848606],[73.53586793,21.97871804],[73.53492713,21.97872257],[73.53006876,21.97730625],[73.51802576,21.96462667],[73.51096737,21.96149552],[73.50826323,21.96149552],[73.47756863,21.97020865],[73.47418284,21.97337091],[73.4765625,21.97433031],[73.4765625,21.97544634],[73.46978986,21.97854507],[73.46640766,21.98154771],[73.45276165,21.98155534],[73.45017028,21.98108995],[73.44871175,21.98053873],[73.44694626,21.97930956],[73.44194806,21.97335374],[73.44127214,21.97080755],[73.44117916,21.97022855],[73.44192135,21.96595967],[73.44119358,21.95405698],[73.44257534,21.95128143],[73.4440788,21.94253457],[73.44402266,21.93926442],[73.44126165,21.92957866],[73.43866956,21.92455554],[73.43084121,21.91674817],[73.42009985,21.90963876],[73.40762568,21.90851164],[73.39554417,21.91218257],[73.39069593,21.91628206],[73.37879157,21.92137802],[73.37806761,21.92557335],[73.37544227,21.92752552],[73.36936867,21.92879808],[73.36793756,21.92503703],[73.36065185,21.92568946],[73.35741937,21.92498851],[73.35204816,21.92238235],[73.34801221,21.91840863],[73.34711754,21.91685235],[73.34588516,21.91249216],[73.34594715,21.90464961],[73.34786332,21.89767587],[73.34885812,21.88574207],[73.34882724,21.88246524],[73.34809661,21.88002443],[73.34666705,21.87706697],[73.34519112,21.87604451],[73.34076953,21.87421453],[73.33483911,21.87279797],[73.33042014,21.87279725],[73.32582104,21.87394142],[73.32045305,21.87606716],[73.31420946,21.87929785],[73.30075014,21.88721597],[73.27865314,21.90413404],[73.27398348,21.91016483],[73.27228665,21.91562355],[73.26407015,21.92593992],[73.2608602,21.92914927],[73.25465691,21.93281412],[73.25200784,21.93400455],[73.25131965,21.93379927],[73.25151753,21.93293095],[73.25424492,21.93169713],[73.25465107,21.93117237],[73.25440133,21.93028295],[73.25278151,21.92994034],[73.24748766,21.93314052],[73.24539053,21.93311775],[73.23861492,21.92839503],[73.23661912,21.92562115],[73.23304927,21.92462945],[73.23136008,21.92332578],[73.2262994,21.91835201],[73.22603178,21.91785395],[73.22358942,21.91192603],[73.22358942,21.90624464],[73.22621095,21.89494944],[73.23011267,21.88767982],[73.23810256,21.87756693],[73.24629056,21.87015355],[73.24966717,21.86566997],[73.2505244,21.8616333],[73.24996805,21.85618806],[73.24586451,21.84249055],[73.23155475,21.82930064],[73.22537196,21.82509446],[73.21379066,21.82136488],[73.20148027,21.82089996],[73.17532253,21.83402038],[73.15189803,21.84974527],[73.14711082,21.85164535],[73.1407752,21.85212052],[73.13777041,21.85184145],[73.13462496,21.84940958],[73.13241828,21.84502411],[73.13288522,21.84058392],[73.14908254,21.81456578],[73.15618062,21.80858612],[73.16874254,21.80240476],[73.17543757,21.796875],[73.17750645,21.79336727],[73.17748821,21.78449965],[73.16977406,21.77637553],[73.16334033,21.76710737],[73.15952277,21.76332748],[73.1424787,21.75016916],[73.12716591,21.73353791],[73.11815035,21.72545385],[73.11080492,21.71965504],[73.10256815,21.71472085],[73.09259343,21.70986354],[73.09178221,21.70957196],[73.07680178,21.70607901],[73.07288063,21.71090198],[73.06450522,21.71369731],[73.04851472,21.71190536],[73.02691186,21.70115721],[73.01084936,21.69103873],[73.00294948,21.68774176],[72.99815154,21.68323338],[72.98342073,21.67692578],[72.95662975,21.67140126],[72.94896364,21.67257011],[72.92456484,21.67115235],[72.92034507,21.67275846],[72.91683698,21.66988516],[72.91570115,21.66730523],[72.90898883,21.66391671],[72.89210773,21.65939975],[72.86433661,21.66080105],[72.85718048,21.66298294],[72.8529067,21.66550386],[72.85053325,21.67058396],[72.84250653,21.67125261],[72.84068,21.67045355],[72.84001052,21.6672188],[72.83968925,21.66703355],[72.83608997,21.66799808],[72.83394253,21.66718996],[72.83352482,21.6669836],[72.81435215,21.65459144],[72.80929816,21.65200257],[72.79758358,21.64768124],[72.78680301,21.64513934],[72.78079295,21.64508915],[72.77126515,21.64593351],[72.76067972,21.64785004],[72.7567656,21.65008211],[72.75228834,21.6499685],[72.74970412,21.64745855],[72.74878752,21.64355195],[72.74721181,21.64233124],[72.74095857,21.6419028],[72.73938894,21.64064765],[72.73635197,21.64065182],[72.73521936,21.63940346],[72.73461163,21.63930047],[72.73178506,21.64001501],[72.72603953,21.6387006],[72.72363102,21.63870287],[72.71964335,21.63927901],[72.71578825,21.64092505],[72.71552575,21.64110243],[72.71028042,21.64804804],[72.70704675,21.65057182],[72.70588052,21.65136695],[72.70513713,21.65185905],[72.70320904,21.65201235],[72.70144212,21.65173137],[72.69979072,21.65119791],[72.69681263,21.64899385],[72.69227695,21.64067614],[72.67874074,21.6324923],[72.67498195,21.62895656],[72.67273581,21.62782228],[72.659132,21.62756956],[72.65827525,21.62723386],[72.65756226,21.62671614],[72.65739095,21.62625933],[72.65826786,21.62530553],[72.65255403,21.62322164],[72.65094602,21.62109375],[72.65085506,21.62109375],[72.64766276,21.61688018],[72.64449966,21.61723995],[72.63834965,21.62025046],[72.63530052,21.6201601],[72.62857342,21.61659503],[72.62651622,21.60960305],[72.62241447,21.60369921],[72.62099576,21.59663761],[72.61819243,21.59552705],[72.61778331,21.59514368],[72.61695313,21.59307516],[72.61522758,21.59245205],[72.60803986,21.58300614],[72.60807276,21.57902741],[72.60621285,21.57931936],[72.60448301,21.57114816],[72.61061525,21.56184065],[72.60919511,21.55789626],[72.60969806,21.55179107],[72.60739386,21.55321884],[72.60278046,21.55947804],[72.59757495,21.55203712],[72.59871483,21.55116022],[72.60145831,21.55405593],[72.59844851,21.54480982],[72.60090554,21.54242325],[72.60304797,21.54959583],[72.60286915,21.53926182],[72.60565221,21.53674507],[72.60675907,21.53712285],[72.60775924,21.54242325],[72.61037898,21.54189706],[72.61036217,21.53701282],[72.60806954,21.53123724],[72.60860312,21.52950728],[72.60909331,21.52907145],[72.60997415,21.52885234],[72.61379385,21.53122783],[72.62074637,21.53031874],[72.61889195,21.52947521],[72.61780715,21.52579463],[72.61381483,21.52619946],[72.61247993,21.52399743],[72.61451113,21.51946437],[72.62024021,21.51437223],[72.6207726,21.51329505],[72.61917508,21.51157415],[72.62192023,21.50601637],[72.62588716,21.50611341],[72.62653267,21.50513995],[72.62564766,21.49786413],[72.62391281,21.49595416],[72.62576973,21.49242854],[72.62646651,21.49223196],[72.62713134,21.49223316],[72.63666821,21.49537683],[72.63927794,21.49847376],[72.64521205,21.51080525],[72.65156662,21.51915395],[72.65330625,21.51994526],[72.65325284,21.52274001],[72.66321957,21.52903283],[72.66756547,21.53429985],[72.67169452,21.53690672],[72.68176031,21.54034984],[72.68332803,21.54280901],[72.68378615,21.54292846],[72.68752575,21.53779185],[72.69138694,21.53505707],[72.69168925,21.53490424],[72.70371902,21.53217423],[72.70577252,21.53217864],[72.71277583,21.53522897],[72.71993125,21.53704286],[72.73171055,21.53885484],[72.73603261,21.54029846],[72.73779654,21.54125667],[72.73934495,21.54331565],[72.73955023,21.54392481],[72.74018288,21.54958081],[72.73482597,21.55107701],[72.73324633,21.55207837],[72.73304486,21.55282426],[72.73368573,21.55514324],[72.73614025,21.55646658],[72.73670244,21.55659747],[72.73578894,21.55371487],[72.7361387,21.55315948],[72.73881924,21.55269146],[72.74034214,21.55184531],[72.74256492,21.54967368],[72.74280047,21.54660356],[72.74280572,21.54612386],[72.74056804,21.541893],[72.73673928,21.53849041],[72.73278487,21.53661633],[72.72686124,21.53496373],[72.72189975,21.53436851],[72.70460725,21.52784514],[72.70377111,21.52768052],[72.69596183,21.52706456],[72.68598032,21.52816606],[72.67894888,21.5245229],[72.67484164,21.52104056],[72.67151535,21.51450491],[72.67862844,21.51543963],[72.68210411,21.51752794],[72.68238282,21.51631451],[72.67948723,21.51387048],[72.67920685,21.51376677],[72.67169738,21.51245213],[72.67157543,21.51218891],[72.67122281,21.50497305],[72.66906333,21.50182486],[72.66700792,21.48484135],[72.66502094,21.47855437],[72.66048861,21.47465491],[72.65755296,21.46960354],[72.65234685,21.46538866],[72.65621006,21.46497977],[72.65251207,21.46188128],[72.65180981,21.45876944],[72.65108895,21.45191836],[72.64961231,21.44770348],[72.64796495,21.4453125],[72.64490986,21.44308531],[72.64348972,21.44090211],[72.64325035,21.44000101],[72.64563715,21.43355381],[72.64608085,21.43422556],[72.64806306,21.43621635],[72.65227246,21.43611944],[72.66713023,21.4453125],[72.66761124,21.44545555],[72.66972756,21.44670153],[72.67290103,21.44779181],[72.67799127,21.44706082],[72.67839134,21.44711637],[72.68162894,21.44858587],[72.68204951,21.44888937],[72.68306196,21.45289254],[72.6852355,21.4563663],[72.69034565,21.46316433],[72.69450557,21.4663316],[72.69702578,21.464733],[72.69434452,21.46355474],[72.69073892,21.45827222],[72.68808997,21.45294476],[72.68794894,21.45252395],[72.68660045,21.44573033],[72.68629551,21.4453125],[72.68213475,21.43888128],[72.68027365,21.43378162],[72.67387974,21.42975175],[72.66518366,21.42717636],[72.66296804,21.42508233],[72.65961266,21.41872382],[72.65268886,21.41188574],[72.65213704,21.41086483],[72.65090442,21.40658522],[72.65066862,21.40606844],[72.64868367,21.40429235],[72.64719546,21.40448463],[72.64685833,21.40241587],[72.64475131,21.40192604],[72.64365423,21.39968491],[72.63947487,21.39673805],[72.63527536,21.39073133],[72.62546515,21.38103175],[72.62295032,21.37378347],[72.62419534,21.36826527],[72.62346518,21.36521566],[72.62348163,21.36487663],[72.62413943,21.36488748],[72.63131535,21.36496103],[72.63224483,21.36861396],[72.63595808,21.37443638],[72.63655817,21.37500465],[72.63969231,21.37576985],[72.64008403,21.37576342],[72.64324546,21.37451506],[72.64721644,21.37555802],[72.64883065,21.37413621],[72.64954305,21.36783886],[72.64932084,21.36728644],[72.64430487,21.35868168],[72.64373934,21.35856664],[72.64352953,21.35913503],[72.64806247,21.36930263],[72.64785981,21.37198341],[72.6391319,21.37389088],[72.6360383,21.3712517],[72.63472891,21.36910164],[72.63461876,21.36871183],[72.63590705,21.36464453],[72.63546574,21.36217225],[72.62422454,21.35545075],[72.62403202,21.35529935],[72.62451875,21.35135627],[72.62441528,21.35063756],[72.62186384,21.34642887],[72.62255633,21.34597611],[72.61602378,21.33766162],[72.61416471,21.33689606],[72.60969424,21.33181977],[72.60876465,21.32631385],[72.60167062,21.32216823],[72.59451115,21.31373644],[72.59419906,21.31325245],[72.59337091,21.31059635],[72.59350753,21.30592501],[72.58947504,21.29838526],[72.58957791,21.29393268],[72.58826578,21.29128552],[72.58913958,21.28476012],[72.59172225,21.28292155],[72.59515774,21.28296638],[72.59850848,21.28009391],[72.59637105,21.28150642],[72.59391093,21.28104532],[72.59003103,21.28233957],[72.58737195,21.27571106],[72.5903002,21.27783561],[72.59849918,21.27810812],[72.60176456,21.27685642],[72.60476601,21.27703655],[72.60498226,21.27652001],[72.59725213,21.27192223],[72.59704983,21.27158344],[72.59825516,21.26953125],[72.59855294,21.26953125],[72.5987339,21.26864052],[72.59713554,21.26254487],[72.59786844,21.25943661],[72.59706712,21.25004995],[72.59957075,21.24877143],[72.60124826,21.24190271],[72.60331106,21.24059045],[72.60283363,21.23924565],[72.60430992,21.23698688],[72.60898435,21.23422015],[72.60960865,21.23016143],[72.60980225,21.22993076],[72.61243856,21.22857034],[72.61283076,21.22870707],[72.61955595,21.23122275],[72.6218971,21.23357451],[72.62563574,21.22948861],[72.63098752,21.22858822],[72.63849604,21.22537327],[72.64246976,21.22167695],[72.64708555,21.21965313],[72.64965224,21.22057974],[72.65030205,21.22316527],[72.65242493,21.22669578],[72.65311885,21.22635817],[72.65219223,21.22008944],[72.64678586,21.21738446],[72.63906264,21.21738327],[72.63036525,21.22429991],[72.62505317,21.22430146],[72.61880016,21.22269082],[72.61866832,21.22222674],[72.6203438,21.21980405],[72.62057924,21.21928],[72.62096906,21.21252024],[72.62414527,21.21171165],[72.62355053,21.21033633],[72.62136424,21.21011376],[72.62058306,21.20697904],[72.61859155,21.20559144],[72.61970675,21.20271838],[72.61808562,21.18807864],[72.62040794,21.18233705],[72.61956143,21.17897606],[72.61987972,21.16598034],[72.61780906,21.16361737],[72.61989045,21.16299033],[72.62052906,21.16156244],[72.62130833,21.15412116],[72.62014341,21.15281928],[72.62169945,21.14819276],[72.61984694,21.14847362],[72.62135041,21.14197314],[72.6250751,21.13917804],[72.62280452,21.13420415],[72.62601864,21.12748361],[72.62353146,21.12437511],[72.62441623,21.12263203],[72.62361133,21.12009525],[72.62749958,21.11939394],[72.62615585,21.11545956],[72.62320387,21.11285055],[72.62357092,21.10729468],[72.62595665,21.10605812],[72.62688816,21.10232556],[72.62520826,21.09737194],[72.6266129,21.09575272],[72.62605631,21.09375],[72.62618136,21.09375],[72.62621355,21.09332573],[72.62479818,21.09199524],[72.63445675,21.08190393],[72.63258886,21.08199584],[72.63215804,21.07974577],[72.62699664,21.07698774],[72.62715995,21.07598674],[72.62854815,21.07555163],[72.63558543,21.08001876],[72.64036942,21.08091521],[72.64609027,21.08034337],[72.65091801,21.07679057],[72.65137005,21.07684696],[72.65272796,21.07838285],[72.65452671,21.08189154],[72.65450418,21.08528745],[72.65641153,21.08545566],[72.65873337,21.08748972],[72.65886486,21.08777726],[72.65724564,21.09375],[72.65678692,21.09894931],[72.65888417,21.10116148],[72.66064632,21.10850382],[72.65811825,21.11935985],[72.65826595,21.12309885],[72.66132915,21.12630928],[72.65986896,21.13138795],[72.65992284,21.13867176],[72.66046691,21.14241076],[72.66198695,21.14739895],[72.66215205,21.14774537],[72.66738105,21.15521455],[72.67196357,21.15758932],[72.68248427,21.15814996],[72.69402444,21.15453637],[72.70919943,21.14595735],[72.73056197,21.14097786],[72.73982346,21.14754057],[72.74704123,21.15680885],[72.75062311,21.15910995],[72.75777245,21.15982854],[72.76375866,21.16329265],[72.76693547,21.16604722],[72.77328801,21.17494404],[72.7734375,21.17494404],[72.77639556,21.17779446],[72.78209603,21.18001497],[72.79163063,21.18105412],[72.79674745,21.18261504],[72.79801524,21.18316913],[72.80829668,21.18927205],[72.81415308,21.19415653],[72.81454694,21.19466257],[72.81550181,21.19946957],[72.81528163,21.20539403],[72.81417692,21.2086426],[72.81386387,21.20916057],[72.80825317,21.21368647],[72.80388021,21.21526456],[72.79295194,21.22883034],[72.79139948,21.23347986],[72.79333425,21.24176753],[72.79923451,21.24499714],[72.80032754,21.24692154],[72.80402195,21.24833524],[72.80532527,21.25078785],[72.81130433,21.25554931],[72.81461382,21.25689328],[72.81855905,21.25757468],[72.82061935,21.25735736],[72.82342374,21.25362551],[72.83244741,21.24649584],[72.84302711,21.23853481],[72.84432101,21.23564422],[72.84718752,21.23511875],[72.84743905,21.23419237],[72.84600234,21.23366261],[72.84957051,21.22797584],[72.85215962,21.22623396],[72.85597146,21.22712266],[72.85596943,21.22486806],[72.85750568,21.22329772],[72.85849166,21.22315264],[72.85945785,21.22601914],[72.86988723,21.22580576],[72.87713933,21.22837496],[72.87780881,21.22865665],[72.89030325,21.23631084],[72.89462471,21.24087334],[72.90032625,21.24080122],[72.90168142,21.24353051],[72.90644383,21.24794853],[72.90819871,21.25368893],[72.90915132,21.25445497],[72.90943825,21.25434005],[72.90970302,21.25377536],[72.90762508,21.24757648],[72.90626001,21.24535036],[72.90438497,21.24326444],[72.90241051,21.24141645],[72.89771485,21.23895991],[72.88957882,21.23105633],[72.88445795,21.22770584],[72.87709785,21.22462761],[72.87615025,21.22439396],[72.87410486,21.22571635],[72.87289453,21.22529495],[72.86983323,21.22221792],[72.86664367,21.22145104],[72.86575115,21.22133446],[72.85944605,21.22213125],[72.85732007,21.22281587],[72.85432553,21.22382271],[72.85208404,21.22509253],[72.84856582,21.22780788],[72.84827626,21.22814643],[72.84528816,21.23431611],[72.8374207,21.24046695],[72.8343296,21.24486554],[72.83195162,21.24593926],[72.82687712,21.24918234],[72.82345796,21.25162137],[72.8213675,21.25464225],[72.81962454,21.25559604],[72.81539154,21.25507426],[72.81035018,21.25275326],[72.80312097,21.24527216],[72.79571843,21.24103606],[72.79322255,21.23744202],[72.79264975,21.23400974],[72.79323566,21.23249745],[72.79650772,21.23059106],[72.79596782,21.22937918],[72.79417205,21.22977495],[72.80576134,21.21567178],[72.80598783,21.2154541],[72.80958486,21.21446276],[72.81548512,21.20941675],[72.81567347,21.20914567],[72.81736946,21.20579004],[72.81758988,21.20046353],[72.81735384,21.19918156],[72.81556427,21.19407511],[72.81195903,21.19020236],[72.79956341,21.1816647],[72.79686463,21.18028605],[72.77823734,21.17397058],[72.77647352,21.17244744],[72.7734375,21.16657364],[72.7734375,21.16601563],[72.77059782,21.16330314],[72.76530588,21.15891123],[72.76137412,21.15705776],[72.7590028,21.15302467],[72.75530481,21.14978766],[72.74982131,21.14746261],[72.74433661,21.14307153],[72.738783,21.14174676],[72.73691976,21.14027834],[72.72900867,21.13894367],[72.7211616,21.14056337],[72.71714127,21.14076877],[72.71525204,21.14001405],[72.71487224,21.13969028],[72.70919764,21.13263094],[72.70772254,21.13008046],[72.70714354,21.12832475],[72.70590687,21.1214329],[72.70670032,21.11485612],[72.70553255,21.10803962],[72.70026505,21.10085511],[72.70198905,21.09375],[72.70204973,21.09375],[72.70410895,21.0850811],[72.70386422,21.07665396],[72.70581341,21.07379937],[72.70654607,21.07347596],[72.70749354,21.07325494],[72.71704173,21.0730741],[72.72539246,21.07136285],[72.74119616,21.06674874],[72.74750543,21.06326592],[72.75241268,21.06200016],[72.75627315,21.0620017],[72.76871872,21.06860924],[72.7734375,21.06947541],[72.77682686,21.06938887],[72.78157461,21.06858587],[72.78246236,21.06829512],[72.78791583,21.06528282],[72.79190767,21.06535566],[72.79264617,21.06498635],[72.79522562,21.06177735],[72.79697382,21.04930806],[72.79970551,21.04524076],[72.79997706,21.04427576],[72.79976404,21.04328716],[72.79891205,21.04300582],[72.79376376,21.04490411],[72.79350305,21.04603136],[72.79665387,21.05056846],[72.78996861,21.06192255],[72.78347421,21.06345475],[72.77537262,21.06717694],[72.7734375,21.06668532],[72.77053273,21.06651282],[72.77031112,21.06628311],[72.76856422,21.06265378],[72.76856422,21.05922532],[72.76242638,21.05671847],[72.7606498,21.05434334],[72.7617321,21.05279303],[72.7610749,21.05180585],[72.76073825,21.05162156],[72.74489272,21.05028904],[72.73947287,21.04772675],[72.73633337,21.04751503],[72.73407412,21.04789507],[72.72697651,21.05322742],[72.72650146,21.05301571],[72.72333884,21.04880393],[72.72467256,21.04343152],[72.72394061,21.03646874],[72.73400235,21.00567293],[72.73407781,20.99957395],[72.73811924,20.98400354],[72.75244892,20.94629121],[72.75376475,20.94359386],[72.76985323,20.91796875],[72.77015471,20.91796875],[72.77115893,20.91640592],[72.7734375,20.91517854],[72.77814877,20.91503716],[72.77814364,20.91509354],[72.77744186,20.91692984],[72.77437544,20.91693234],[72.7734375,20.91768956],[72.7725414,20.91796875],[72.77141237,20.92049801],[72.77107871,20.92150128],[72.77104795,20.92508376],[72.77143955,20.93403375],[72.77328813,20.93694186],[72.7734375,20.93694186],[72.7734375,20.93722093],[72.77866185,20.94015098],[72.77917492,20.94035387],[72.7932471,20.94498456],[72.79354036,20.94424701],[72.78918445,20.94092977],[72.78887403,20.93864036],[72.79203022,20.93810725],[72.80514956,20.94611537],[72.80132997,20.94089925],[72.79375434,20.93639338],[72.79654932,20.93504155],[72.80326605,20.93724096],[72.8062191,20.93627763],[72.80658686,20.93640804],[72.81423581,20.94207537],[72.81731415,20.9465909],[72.8176738,20.95064843],[72.82222986,20.95528352],[72.82441151,20.95655167],[72.83015716,20.95818114],[72.83529663,20.95753527],[72.83661187,20.95711553],[72.84013581,20.95525086],[72.84389615,20.95238638],[72.84728396,20.94569445],[72.85322881,20.94835174],[72.85793436,20.94912183],[72.86209345,20.94748235],[72.86016762,20.94645965],[72.85568738,20.94646084],[72.85179246,20.94401336],[72.84317875,20.94159925],[72.83798635,20.94515407],[72.83448005,20.95526731],[72.8312633,20.95594335],[72.82235622,20.95090795],[72.81639421,20.94096374],[72.80893075,20.93512595],[72.80438375,20.93283343],[72.79526353,20.93144131],[72.78838694,20.93172896],[72.78738511,20.93107653],[72.78585851,20.92708576],[72.7859143,20.92582357],[72.78626203,20.92494392],[72.78881288,20.92280185],[72.78540492,20.92264843],[72.78807354,20.91796875],[72.78835952,20.91796875],[72.79041517,20.91279197],[72.79043555,20.91020846],[72.79048026,20.90454638],[72.79215491,20.89637446],[72.80066705,20.87987304],[72.81723595,20.84245121],[72.82530475,20.81976235],[72.82629764,20.81334567],[72.82879102,20.80981076],[72.83489227,20.80472803],[72.84041595,20.8048979],[72.84672475,20.80344033],[72.85079515,20.79842472],[72.84598601,20.79822636],[72.84291935,20.79690754],[72.8406744,20.79872715],[72.83871186,20.79841053],[72.83790696,20.7919569],[72.83568025,20.79059815],[72.83557761,20.79019988],[72.83634555,20.78550231],[72.83480108,20.78341746],[72.83469105,20.78282988],[72.83525527,20.78102005],[72.83757162,20.78024817],[72.84314775,20.77332842],[72.84665573,20.76872373],[72.85654891,20.76595438],[72.85919595,20.76418316],[72.86200261,20.76076162],[72.86302531,20.75444877],[72.86530292,20.75238454],[72.86703706,20.74808705],[72.87416065,20.74472797],[72.88048482,20.74416971],[72.87968206,20.7421875],[72.88114071,20.74190843],[72.88505411,20.7421875],[72.89182925,20.75076091],[72.89572155,20.7505722],[72.90279603,20.74575782],[72.90838134,20.74522305],[72.90899062,20.74546754],[72.91197514,20.74868166],[72.91546071,20.74985623],[72.91607976,20.75369215],[72.91876137,20.75439155],[72.92339611,20.75364184],[72.9259088,20.75599802],[72.92776263,20.76132607],[72.92912984,20.76252568],[72.93146145,20.76339281],[72.93424165,20.76348758],[72.93432414,20.76287508],[72.93369245,20.76178682],[72.92890942,20.75964725],[72.92844045,20.75898457],[72.92862642,20.75488281],[72.92729032,20.75366497],[72.92222977,20.75210714],[72.91834521,20.7523123],[72.91378951,20.74585545],[72.90967631,20.74333394],[72.90278888,20.7435497],[72.89570117,20.73917782],[72.88146186,20.73797286],[72.86991346,20.73232365],[72.86880147,20.73540854],[72.86377418,20.7350651],[72.86212075,20.73594415],[72.86034346,20.73505187],[72.85922396,20.73773324],[72.85295844,20.74456263],[72.85236931,20.74466264],[72.85191405,20.74456477],[72.85102487,20.74251366],[72.85103178,20.7421875],[72.85119832,20.7421875],[72.85234177,20.73953092],[72.85212362,20.73396075],[72.85569882,20.71851647],[72.86727905,20.68343222],[72.87271845,20.65947354],[72.87655425,20.64878964],[72.88247395,20.64199662],[72.88601685,20.64481103],[72.88667226,20.63669085],[72.88862812,20.63450897],[72.89260197,20.63274193],[72.89124072,20.63171113],[72.88668334,20.63196814],[72.88639295,20.63114417],[72.89764357,20.58684838],[72.89758408,20.57480335],[72.89641285,20.56830013],[72.89548707,20.56640625],[72.89015794,20.55960464],[72.88602865,20.55003715],[72.88539791,20.54575813],[72.88537812,20.54068387],[72.88648617,20.53743601],[72.89177656,20.53208923],[72.89117444,20.53090048],[72.88854885,20.53111577],[72.88599634,20.52935112],[72.88792574,20.51913452],[72.88487196,20.49978375],[72.87956107,20.4955641],[72.87258506,20.49367821],[72.86801755,20.48826587],[72.86766422,20.48780894],[72.86205804,20.47836745],[72.85877895,20.46663976],[72.85926402,20.46521687],[72.85936606,20.46491754],[72.85467041,20.46571374],[72.85267258,20.46350706],[72.84429038,20.45915222],[72.83279276,20.44560134],[72.82839084,20.43233311],[72.82829213,20.43132353],[72.82943106,20.41536462],[72.83013821,20.4136126],[72.83167195,20.41196001],[72.83921695,20.41235876],[72.85503948,20.4085021],[72.85908496,20.40151215],[72.86459315,20.39494014],[72.8647629,20.39451075],[72.86512363,20.390625],[72.86534345,20.390625],[72.86423278,20.38392925],[72.86496663,20.38118136],[72.8663789,20.37956667],[72.87064755,20.37710178],[72.87528265,20.37694633],[72.87596643,20.37654245],[72.8817569,20.37124205],[72.88187695,20.37085021],[72.88315785,20.36667335],[72.88322055,20.35537755],[72.88541996,20.34770918],[72.88296986,20.34820843],[72.88177454,20.35209072],[72.88163412,20.35268486],[72.88137233,20.36522484],[72.88057327,20.36903346],[72.87948346,20.37082624],[72.87609315,20.37429631],[72.86847603,20.37632692],[72.86397505,20.37872803],[72.86185217,20.38244927],[72.86333752,20.390625],[72.86330605,20.39212894],[72.86189795,20.39552367],[72.85479414,20.40612245],[72.84868276,20.40883935],[72.84436882,20.40985036],[72.84011817,20.41035545],[72.83618426,20.41063738],[72.83157694,20.41020167],[72.83039641,20.40950811],[72.82979393,20.40844595],[72.82858586,20.40471137],[72.82791317,20.390625],[72.82786715,20.390625],[72.82802904,20.38773668],[72.82185066,20.37297034],[72.82135522,20.37115824],[72.82247496,20.36796892],[72.82261193,20.36757922],[72.82028973,20.36678386],[72.81541765,20.35879695],[72.80726731,20.35224521],[72.80504394,20.35135066],[72.80080044,20.35047591],[72.79712081,20.35047257],[72.79317176,20.35140371],[72.78937924,20.34957385],[72.78693604,20.34726894],[72.78422737,20.34190035],[72.77941728,20.33805501],[72.7778548,20.33403564],[72.77584386,20.33305764],[72.77462721,20.32491624],[72.77432025,20.30845261],[72.77514637,20.30663717],[72.77443206,20.3037225],[72.7734375,20.30301344],[72.76757514,20.29889524],[72.76231074,20.29989314],[72.75992525,20.29557085],[72.75710905,20.29366195],[72.75632608,20.29217184],[72.75532472,20.28854167],[72.75407207,20.27118862],[72.75165403,20.25974727],[72.75149906,20.25926936],[72.74994051,20.25544083],[72.74091268,20.24401402],[72.74076474,20.24362743],[72.74050105,20.24127924],[72.74093723,20.23898053],[72.74558425,20.22998571],[72.74556387,20.22267616],[72.74666882,20.21484375],[72.74671388,20.21484375],[72.74822831,20.20381963],[72.75164425,20.20428205],[72.75441265,20.20638645],[72.75696623,20.21324074],[72.75738966,20.21382105],[72.75859106,20.21484375],[72.76078415,20.21602976],[72.76157987,20.21622956],[72.76286864,20.21613646],[72.76302743,20.21484375],[72.75890112,20.21160591],[72.75434315,20.20350838],[72.74855638,20.20198131],[72.74825895,20.20183492],[72.74766958,20.20083594],[72.7464236,20.19816613],[72.74545383,20.19017005],[72.74288535,20.18260086],[72.74341631,20.17238033],[72.7375406,20.13506866],[72.73804736,20.12248647],[72.73836684,20.11455905],[72.72601664,20.08152092],[72.71217835,20.07939947],[72.70990396,20.07656896],[72.70803285,20.0705533],[72.71522915,20.03988564],[72.71499205,20.0390625],[72.71580577,20.02858627],[72.71449542,20.02320516],[72.71782911,20.01697731],[72.72084057,20.00543547],[72.72143102,20.00103545],[72.72175884,19.98766458],[72.716591,19.97319365],[72.71663332,19.97273672],[72.71723783,19.97145867],[72.72018063,19.97154725],[72.72503686,19.96913981],[72.72547388,19.96872413],[72.73046732,19.96242535],[72.73322487,19.96081853],[72.73583007,19.94806576],[72.73824942,19.94428515],[72.74124885,19.94316244],[72.75222743,19.94392574],[72.75352275,19.94259346],[72.75555253,19.93880665],[72.75509775,19.92727113],[72.7535783,19.92785513],[72.75415337,19.93875563],[72.75160146,19.94164264],[72.75017822,19.94232452],[72.74806225,19.94245613],[72.74083436,19.94073701],[72.73456955,19.94254577],[72.73153818,19.94774926],[72.73043108,19.95803607],[72.72047842,19.96844804],[72.71305025,19.96954465],[72.71122205,19.9690243],[72.70541155,19.96640873],[72.70245481,19.96274877],[72.70092845,19.96124864],[72.70027077,19.9609946],[72.69674218,19.96142662],[72.69623053,19.96037984],[72.69051623,19.95814717],[72.68380988,19.94548166],[72.67897844,19.94119632],[72.67292535,19.93878424],[72.66458857,19.93317521],[72.66455686,19.92982686],[72.66791344,19.92753637],[72.67059648,19.92752433],[72.67719483,19.91904545],[72.67783165,19.91378176],[72.67574501,19.90666175],[72.67691016,19.90324187],[72.68085372,19.90058732],[72.68065417,19.89598107],[72.68286812,19.88810623],[72.68035781,19.86935723],[72.68135726,19.86513186],[72.67917371,19.86328125],[72.67503715,19.85888445],[72.67332554,19.85554504],[72.67362905,19.85323584],[72.67252064,19.85244584],[72.67002261,19.85161817],[72.66966724,19.85159576],[72.66788495,19.85302234],[72.66345513,19.85103083],[72.65435267,19.85877764],[72.65219021,19.85802364],[72.65154648,19.85714436],[72.65076506,19.85373712],[72.65074444,19.85327506],[72.65368092,19.85086501],[72.65481925,19.84362257],[72.65433586,19.84246731],[72.65175092,19.84233058],[72.65081477,19.83961785],[72.65531445,19.82679975],[72.66004264,19.82358944],[72.65937221,19.82107294],[72.66337705,19.81952465],[72.66528404,19.82160294],[72.67044342,19.81811047],[72.67072332,19.81799781],[72.67384005,19.81830072],[72.67437923,19.81815851],[72.67621398,19.81689823],[72.67975044,19.81314623],[72.68032503,19.81208134],[72.68142867,19.8078227],[72.68539095,19.80145717],[72.68724894,19.79431677],[72.68755555,19.79411066],[72.6885221,19.79476762],[72.68757224,19.80237412],[72.68880165,19.80550373],[72.69559264,19.80465138],[72.69564462,19.80303133],[72.69248855,19.80433536],[72.69049525,19.80395937],[72.68990326,19.80257261],[72.69124174,19.79465413],[72.68809831,19.78847241],[72.68724954,19.78006828],[72.68858194,19.77131236],[72.68772113,19.76531196],[72.68543065,19.75983286],[72.68757081,19.74793768],[72.69377244,19.73567867],[72.69391131,19.73563814],[72.70099032,19.7318933],[72.70696723,19.73231375],[72.71409237,19.75209451],[72.71606314,19.75480604],[72.71947324,19.75483715],[72.71685171,19.75316191],[72.71392667,19.74843276],[72.7117033,19.73229778],[72.70875251,19.72665668],[72.69887757,19.72628784],[72.69452274,19.72946096],[72.69396508,19.72752392],[72.70280314,19.71810257],[72.70681894,19.71289945],[72.70963812,19.70741224],[72.70977807,19.70695496],[72.71086001,19.70175958],[72.71089125,19.69852126],[72.71056354,19.69445038],[72.70992982,19.69146895],[72.70822346,19.6875],[72.70833325,19.6875],[72.70633936,19.68266654],[72.70633876,19.68229628],[72.70715833,19.67375624],[72.71088421,19.6667304],[72.71079063,19.65609407],[72.71240056,19.64747512],[72.71526635,19.63894606],[72.7200706,19.63042176],[72.72475386,19.62559116],[72.72575033,19.62602305],[72.72565365,19.62850666],[72.72811854,19.62430775],[72.72753716,19.61792672],[72.73079252,19.60801816],[72.7298907,19.60293365],[72.73055828,19.6014111],[72.73459804,19.60024226],[72.73783696,19.59779477],[72.7310065,19.59862483],[72.72727001,19.59463656],[72.72534633,19.59489477],[72.72315705,19.59734261],[72.71883643,19.59532595],[72.71276164,19.59544551],[72.71280384,19.59328675],[72.71529233,19.59024215],[72.71656573,19.58775091],[72.7177875,19.58371568],[72.71801782,19.58241522],[72.71624315,19.57561076],[72.71637464,19.57324505],[72.71653867,19.57247198],[72.72101104,19.56604302],[72.71965981,19.55988646],[72.72186243,19.55439484],[72.72218943,19.54801714],[72.72023106,19.54663682],[72.72306716,19.54453754],[72.72215295,19.54331148],[72.71721172,19.54529631],[72.71688581,19.54500473],[72.71694863,19.54456425],[72.71727133,19.54397643],[72.72067606,19.54305828],[72.71857142,19.5403496],[72.71863854,19.53883946],[72.72378361,19.53928411],[72.72450316,19.53897285],[72.72610247,19.53715873],[72.72652101,19.53554523],[72.72629952,19.53467596],[72.72467041,19.53195536],[72.72690523,19.53371024],[72.72842765,19.53242314],[72.72908437,19.52893722],[72.73153281,19.52687848],[72.73670971,19.52610195],[72.73924208,19.51927805],[72.73949432,19.51893544],[72.74240983,19.51551592],[72.74769175,19.51171875],[72.74879575,19.51142836],[72.75586867,19.50737154],[72.76497126,19.50424111],[72.77269816,19.50446415],[72.7734375,19.50502217],[72.7734375,19.50530136],[72.77935112,19.51171875],[72.779356,19.51171875],[72.78348982,19.51634324],[72.78412128,19.52553296],[72.78009272,19.52748382],[72.77554476,19.52611065],[72.77891207,19.52873886],[72.78539646,19.52787185],[72.78672302,19.52403796],[72.78676188,19.52134407],[72.78551495,19.51751077],[72.78376365,19.51330614],[72.78230774,19.51171875],[72.78236377,19.51161957],[72.77892745,19.50857592],[72.77880096,19.50822842],[72.77919984,19.50673163],[72.78008735,19.50527525],[72.78305328,19.50516415],[72.79816043,19.50650394],[72.81530654,19.51053143],[72.82743847,19.51125777],[72.82788825,19.51171875],[72.82787287,19.51181448],[72.8327589,19.51945174],[72.83675671,19.52248442],[72.83876324,19.52721345],[72.84264135,19.53228772],[72.84421885,19.53756654],[72.84688377,19.53996384],[72.84851325,19.5404278],[72.85374331,19.54042804],[72.86310327,19.53899908],[72.87188864,19.53456044],[72.87549794,19.53038967],[72.88043904,19.52753973],[72.88135397,19.52727246],[72.88986397,19.52670884],[72.89046586,19.52704394],[72.89384854,19.5325433],[72.89165175,19.54544342],[72.89137411,19.54610753],[72.88920116,19.55074072],[72.88657415,19.55519986],[72.88084781,19.55987275],[72.8805176,19.56314981],[72.87659121,19.56693494],[72.87260544,19.56884456],[72.87194324,19.56969726],[72.87017608,19.57209015],[72.86510301,19.58302796],[72.86494672,19.58355856],[72.86427856,19.60632491],[72.85799682,19.62136006],[72.85514474,19.63306844],[72.8551445,19.637887],[72.85603225,19.6420722],[72.85676765,19.64256322],[72.85741234,19.6425333],[72.85762358,19.64241374],[72.85698164,19.63487256],[72.85933304,19.62382352],[72.86583781,19.60923743],[72.86706138,19.60384107],[72.86698246,19.58897924],[72.86895096,19.57940304],[72.87758362,19.56729567],[72.88844013,19.56099558],[72.88863134,19.56068897],[72.88997805,19.55538642],[72.89514434,19.54509306],[72.89710498,19.53113115],[72.89533973,19.52724576],[72.89161122,19.52439022],[72.88322365,19.52462053],[72.88064468,19.52014792],[72.87071013,19.52280366],[72.85589242,19.52128696],[72.85083592,19.52278793],[72.84315193,19.52117586],[72.84195125,19.52071011],[72.83796716,19.51794481],[72.8352344,19.51171875],[72.83422565,19.50898492],[72.82704341,19.49701965],[72.82236612,19.49087334],[72.81348968,19.48976135],[72.79960513,19.49497771],[72.79248631,19.49461722],[72.77700257,19.49106085],[72.77482486,19.48912156],[72.77466226,19.48866725],[72.7751317,19.48529077],[72.77490056,19.48478878],[72.7734375,19.48353791],[72.7734375,19.48493302],[72.77249432,19.48637295],[72.77211654,19.48657596],[72.77027905,19.48616076],[72.76754475,19.48366225],[72.7673192,19.48116112],[72.76461661,19.47637296],[72.76242101,19.47676933],[72.75616348,19.47512662],[72.74527645,19.46358633],[72.74478936,19.45895755],[72.74547601,19.45593202],[72.74866092,19.44988227],[72.75891042,19.4205445],[72.75961113,19.41786528],[72.76204562,19.39669585],[72.76592207,19.39281535],[72.76572812,19.39141774],[72.76269066,19.39154232],[72.76047325,19.38797414],[72.75743937,19.37930322],[72.75798976,19.37573111],[72.76026261,19.37234175],[72.76839411,19.36559618],[72.77222335,19.36103356],[72.7734375,19.35797977],[72.7734375,19.35714281],[72.77561414,19.35343981],[72.77601767,19.35306454],[72.78271782,19.34931028],[72.79354358,19.3359375],[72.79382205,19.3359375],[72.79554927,19.33430541],[72.79717755,19.33239984],[72.79859495,19.33148253],[72.80417275,19.32977796],[72.8044244,19.32961357],[72.80789387,19.32563651],[72.81614935,19.32570708],[72.82779658,19.3359375],[72.82843375,19.3359375],[72.83010983,19.33785987],[72.83493912,19.34052813],[72.83793914,19.3413527],[72.84691381,19.34235477],[72.86022866,19.33956492],[72.86657643,19.3359375],[72.86708903,19.3359375],[72.87703645,19.32771564],[72.88322234,19.31956065],[72.88889647,19.30781734],[72.89204896,19.30352128],[72.89518201,19.29985595],[72.90123951,19.29386413],[72.90340602,19.29217041],[72.90699363,19.29088461],[72.90900183,19.29026246],[72.91360354,19.28967035],[72.9219805,19.2914952],[72.92895627,19.29156375],[72.93220985,19.28908586],[72.93636644,19.28909946],[72.94114375,19.29708946],[72.94611573,19.30075157],[72.94973803,19.30230665],[72.95493937,19.30398715],[72.96326184,19.30432963],[72.96572077,19.30325162],[72.96833742,19.30176854],[72.97039807,19.30041957],[72.97550595,19.29466522],[72.98221517,19.29301524],[72.98836756,19.28789055],[72.98865795,19.28743291],[72.99182177,19.27947164],[72.99338794,19.26630986],[72.99845171,19.26442313],[73.00117242,19.26057148],[73.0021311,19.25102687],[73.00445592,19.24329185],[73.00419986,19.23348105],[73.00527263,19.22974718],[73.00865042,19.22700477],[73.01017916,19.22699118],[73.01078773,19.22302377],[73.01635385,19.21879995],[73.01975512,19.21757185],[73.02572656,19.20860207],[73.02489531,19.20687938],[73.02604735,19.20414865],[73.03064513,19.19995642],[73.03136933,19.19985104],[73.03418875,19.2000705],[73.0386517,19.20268023],[73.04450035,19.20236063],[73.06096304,19.20535386],[73.06359005,19.20873165],[73.06568205,19.21571565],[73.06564963,19.23085642],[73.06683135,19.23367751],[73.07262206,19.23940921],[73.08200657,19.24452043],[73.09021461,19.24233174],[73.10119867,19.23402655],[73.10714304,19.23385525],[73.10981262,19.23549342],[73.11444056,19.24066675],[73.11489916,19.24825633],[73.11266816,19.25250554],[73.10580301,19.25860083],[73.10535443,19.25911164],[73.10128975,19.26519394],[73.10086095,19.26727021],[73.10145295,19.27041686],[73.10157895,19.27077746],[73.10389566,19.27432215],[73.11297965,19.28037465],[73.125,19.28376114],[73.12925196,19.28373075],[73.13173735,19.28278327],[73.13356185,19.28160036],[73.13570321,19.27867746],[73.13833761,19.27210963],[73.14099896,19.26888216],[73.14416587,19.26849103],[73.15075254,19.27032864],[73.15107584,19.27027714],[73.15099776,19.26743865],[73.14172316,19.26677108],[73.13906908,19.26768601],[73.13266504,19.27936804],[73.13048887,19.28130352],[73.12993014,19.28149354],[73.12698936,19.28201365],[73.125,19.28180802],[73.11446285,19.27843034],[73.1112256,19.27639961],[73.10488665,19.2706995],[73.10454071,19.27025151],[73.10376263,19.26793265],[73.10376024,19.26548541],[73.10495412,19.26329935],[73.10600686,19.26201642],[73.11197674,19.25788856],[73.11758304,19.24930394],[73.11758304,19.24344301],[73.11574996,19.24006021],[73.11564815,19.23671174],[73.11285234,19.23373675],[73.11183572,19.23270857],[73.11063671,19.23229527],[73.10821033,19.23251557],[73.10592794,19.23020422],[73.10182106,19.23010278],[73.10110986,19.23024213],[73.09595084,19.23354244],[73.08970726,19.23896885],[73.08275723,19.24054277],[73.07973635,19.23982584],[73.07154024,19.23445547],[73.06801271,19.22949374],[73.06883693,19.21429956],[73.06521535,19.20438111],[73.05943131,19.20122814],[73.03614366,19.19589961],[73.0275706,19.19573045],[73.02708983,19.19328785],[73.02865136,19.19161224],[73.02706254,19.19081914],[73.02451015,19.19389105],[73.02451861,19.19937992],[73.01771843,19.21052694],[73.00811255,19.21900105],[73.00459254,19.22055554],[73.00009024,19.23186111],[72.99972975,19.24086022],[72.99614894,19.25209606],[72.98888671,19.26628184],[72.98888636,19.27494812],[72.987239,19.27950585],[72.97300875,19.29093575],[72.96749747,19.29384995],[72.96296895,19.29505885],[72.94848013,19.29408467],[72.94493794,19.29090774],[72.93682027,19.28641593],[72.93256974,19.28657985],[72.92662621,19.28928244],[72.90905893,19.28718066],[72.89971924,19.28763056],[72.89109564,19.29390144],[72.88831866,19.29836512],[72.88642096,19.29854703],[72.88004792,19.30414796],[72.86626101,19.31338036],[72.85625696,19.31807244],[72.85230863,19.31857026],[72.84003627,19.31748295],[72.83711946,19.31505084],[72.82875741,19.31210244],[72.82197165,19.30613375],[72.81619346,19.30276787],[72.80315053,19.30304265],[72.79592264,19.30597734],[72.79379737,19.31031823],[72.78956044,19.30897987],[72.78659773,19.30693614],[72.78440797,19.30181861],[72.78374076,19.28055501],[72.78287637,19.27934575],[72.77820683,19.27882314],[72.78178835,19.26943612],[72.78409445,19.26770806],[72.78451133,19.26579654],[72.78366506,19.26131165],[72.78167856,19.25923586],[72.78286004,19.24989748],[72.78031981,19.24188495],[72.78062642,19.23954618],[72.77818,19.23729944],[72.77959025,19.23462248],[72.77985024,19.23032141],[72.77675724,19.22619247],[72.77615893,19.22392976],[72.77614915,19.22279513],[72.77658343,19.22150016],[72.78167784,19.21497536],[72.78167915,19.21171105],[72.77938771,19.20592606],[72.78396416,19.20603037],[72.78647327,19.20189798],[72.782763,19.20078182],[72.78263342,19.20051455],[72.78145337,19.19502866],[72.78161097,19.19436395],[72.78253686,19.19328415],[72.78442526,19.19232082],[72.78807747,19.19325554],[72.79077137,19.19274425],[72.79102647,19.19279575],[72.79339612,19.19555235],[72.79367983,19.19626462],[72.79363644,19.19774032],[72.79210913,19.20111275],[72.7924751,19.20391142],[72.79277444,19.20459282],[72.79615891,19.20718861],[72.80408561,19.21886385],[72.79868245,19.22312045],[72.80532563,19.22121692],[72.80715501,19.22447646],[72.81258202,19.22991073],[72.81435466,19.22991073],[72.81966627,19.23605645],[72.82145274,19.24145234],[72.82056141,19.24522245],[72.82235706,19.24526811],[72.82726514,19.2492187],[72.83649576,19.2511543],[72.83780587,19.25526977],[72.83426654,19.26016486],[72.83702695,19.26554811],[72.83922625,19.26740122],[72.83532774,19.2604624],[72.83928502,19.25510991],[72.83983696,19.25233674],[72.83954465,19.25101495],[72.83919191,19.2504065],[72.83687246,19.24872315],[72.8362329,19.24837613],[72.82930481,19.24645662],[72.82900131,19.24608695],[72.82244945,19.23088622],[72.81849062,19.22628343],[72.81649816,19.22468281],[72.8127979,19.22331226],[72.81261146,19.22309291],[72.81170416,19.22159696],[72.81096351,19.21993816],[72.81061816,19.21330154],[72.80411863,19.20814955],[72.80095565,19.19982553],[72.7971729,19.19941485],[72.79700208,19.19910955],[72.79612136,19.18874025],[72.79597068,19.18821442],[72.79668927,19.17795122],[72.79481888,19.17245114],[72.79451776,19.17204654],[72.78806817,19.16896665],[72.78658104,19.16672885],[72.78242564,19.16791105],[72.78190124,19.16791654],[72.78090155,19.16722882],[72.78045595,19.16624486],[72.78100431,19.16411436],[72.78125691,19.16368663],[72.78409886,19.16228425],[72.78407288,19.16015625],[72.78376877,19.16015625],[72.78149486,19.15782845],[72.78430152,19.15699387],[72.78436327,19.15438116],[72.78657281,19.15343153],[72.78894055,19.15006006],[72.78909993,19.14556456],[72.78766167,19.14272428],[72.78819966,19.13495076],[72.78594744,19.13267434],[72.78786314,19.13142645],[72.78655064,19.13006043],[72.78660035,19.12954998],[72.78703928,19.12910855],[72.79393804,19.13013244],[72.79508555,19.13086367],[72.79709041,19.13357616],[72.79620636,19.13962531],[72.79526854,19.14023626],[72.79903376,19.14003682],[72.79984164,19.14082801],[72.80258656,19.14537275],[72.80258965,19.14613664],[72.80174565,19.15024376],[72.79807246,19.15589821],[72.80426073,19.15097785],[72.80602825,19.15445256],[72.81081843,19.15722215],[72.81181121,19.16015625],[72.81184351,19.16015625],[72.81305635,19.16280615],[72.81914961,19.17047608],[72.82242048,19.17129898],[72.82893813,19.17679584],[72.82918847,19.18042946],[72.82774425,19.18316615],[72.82831371,19.18350565],[72.82971263,19.18193221],[72.83097637,19.17714333],[72.83098197,19.1766206],[72.82990301,19.17534721],[72.83049011,19.17253375],[72.82814717,19.16858876],[72.82936645,19.16610944],[72.8281579,19.16522026],[72.82453883,19.16600585],[72.81860042,19.16015625],[72.80670285,19.14950681],[72.80619133,19.14578795],[72.80361593,19.14081955],[72.81476164,19.12764943],[72.82137466,19.12185192],[72.82040274,19.11765015],[72.82325256,19.11052525],[72.82624388,19.09805608],[72.82678115,19.09404886],[72.82683444,19.08863628],[72.82543826,19.08478081],[72.82611346,19.07848632],[72.82540297,19.07782984],[72.82406533,19.07918441],[72.82098925,19.07696843],[72.82266676,19.06943357],[72.82102227,19.06748986],[72.82207894,19.06246352],[72.82070661,19.05887735],[72.82375562,19.05516815],[72.82004476,19.04739726],[72.81616247,19.04225945],[72.81863654,19.04143715],[72.82146335,19.04267895],[72.82297671,19.03886056],[72.82450545,19.03777862],[72.82449675,19.04245067],[72.83461177,19.04952967],[72.83613372,19.04857945],[72.83755195,19.04447925],[72.83834636,19.03513443],[72.83415794,19.02530205],[72.82967806,19.02068532],[72.82530785,19.01804066],[72.82008696,19.01840663],[72.81503403,19.0270437],[72.81623137,19.01332021],[72.81122077,19.00209248],[72.81232405,18.99247611],[72.81098437,18.98836148],[72.81158161,18.98692942],[72.81356084,18.98673403],[72.81439912,18.984375],[72.81438875,18.98288715],[72.81396842,18.98183417],[72.81203187,18.97957551],[72.80594397,18.97772026],[72.80583692,18.97561276],[72.80264926,18.97203493],[72.801898,18.97010255],[72.8018043,18.96966136],[72.80256355,18.96578658],[72.79949987,18.95945942],[72.79524434,18.95549655],[72.79384851,18.95335496],[72.79219866,18.95049465],[72.79178596,18.94762325],[72.79310608,18.94338191],[72.79310906,18.94276893],[72.79213881,18.93991315],[72.79341817,18.93874574],[72.79402614,18.93889737],[72.79886103,18.94751716],[72.80221045,18.94878364],[72.8055073,18.95243371],[72.80870032,18.95462441],[72.80990922,18.95474851],[72.81207955,18.95432484],[72.81288648,18.95394111],[72.81665754,18.95149612],[72.81867194,18.94977665],[72.82154667,18.94629896],[72.82171023,18.94601464],[72.8231678,18.94205654],[72.82379794,18.93979812],[72.82379794,18.93490112],[72.82182646,18.92982721],[72.81841075,18.92534316],[72.82344377,18.92190802],[72.82504523,18.92241764],[72.82567227,18.91949785],[72.82233703,18.91705847],[72.81655955,18.91819644],[72.81679738,18.91558147],[72.81267774,18.91130507],[72.80782056,18.91459334],[72.80352676,18.90717363],[72.80474305,18.89948165],[72.80828941,18.89418483],[72.80776048,18.89105785],[72.80805612,18.89087462],[72.81157446,18.89260113],[72.81520176,18.89746022],[72.81683826,18.89938855],[72.81771111,18.90138924],[72.81858146,18.90649784],[72.82079101,18.90774858],[72.82127392,18.90924311],[72.82207894,18.90970254],[72.82249916,18.90966582],[72.82535458,18.90748095],[72.82679701,18.90895545],[72.82704961,18.91058958],[72.83119226,18.91474807],[72.83067977,18.91616654],[72.83340275,18.9210937],[72.83515024,18.92108715],[72.83544803,18.92211187],[72.83870244,18.91984355],[72.84044635,18.91993737],[72.84486103,18.92454803],[72.84484923,18.92571855],[72.8403759,18.92230165],[72.8387537,18.92510104],[72.83874226,18.92539215],[72.84075105,18.92705905],[72.84072793,18.92736864],[72.83865547,18.92811513],[72.84087324,18.93032646],[72.84112597,18.93219435],[72.84280336,18.92827225],[72.84438264,18.92899776],[72.84260845,18.93821144],[72.84021223,18.93873453],[72.84165001,18.94515026],[72.84246111,18.9450109],[72.84157634,18.94131482],[72.8428297,18.9411056],[72.84408331,18.94605684],[72.84499598,18.94591951],[72.84294033,18.9381417],[72.84404635,18.93531728],[72.84703243,18.95163596],[72.84614766,18.95177543],[72.84552085,18.94916022],[72.84375942,18.94961345],[72.84468114,18.9528563],[72.84646916,18.95336187],[72.84655273,18.95201945],[72.84710574,18.95351875],[72.84353817,18.95419884],[72.84468114,18.95808661],[72.84549224,18.95780754],[72.84503257,18.95594895],[72.84713125,18.95739734],[72.84703386,18.95396805],[72.84806406,18.95759785],[72.84902275,18.95561087],[72.85093987,18.95735443],[72.85119796,18.95867944],[72.84953904,18.95724964],[72.84821737,18.95828724],[72.85000205,18.96562815],[72.85209477,18.9680711],[72.85039854,18.97251976],[72.85316014,18.97245514],[72.85385275,18.97363615],[72.85208261,18.97475862],[72.85568941,18.97481978],[72.85526264,18.97591984],[72.85120726,18.97703481],[72.85524225,18.97661614],[72.85560572,18.97670984],[72.85592151,18.97758234],[72.8557235,18.97790265],[72.85273254,18.97917604],[72.85762334,18.97826624],[72.86090791,18.98168051],[72.86037028,18.984375],[72.86022115,18.984375],[72.85701442,18.99151385],[72.86156285,18.99575186],[72.85997152,18.99845564],[72.86239386,19.00272107],[72.86476421,19.00424397],[72.86515987,19.00443077],[72.88516843,19.00897646],[72.88634491,18.99944186],[72.89550221,18.99943924],[72.89755166,18.99825478],[72.89643824,18.99785686],[72.89639986,18.99653566],[72.90298867,18.99712396],[72.90537596,18.9903115],[72.90646756,18.99070466],[72.90512896,18.9950937],[72.90906835,18.99113226],[72.90937304,18.99238956],[72.90529525,18.99621522],[72.90649545,18.99660885],[72.90701652,18.99911583],[72.91852868,18.99943805],[72.92500198,19.00540113],[72.94933355,19.02195072],[72.95533502,19.0276252],[72.95562255,19.02798915],[72.96023667,19.03713632],[72.96114242,19.03980148],[72.96205914,19.04561925],[72.96207786,19.05645323],[72.96270013,19.05791438],[72.96313226,19.0581305],[72.96054685,19.06505477],[72.95841014,19.06642544],[72.95767725,19.06644952],[72.95594621,19.06616712],[72.95266378,19.06481588],[72.94571924,19.05853236],[72.94115675,19.05836833],[72.93817067,19.06051195],[72.93214202,19.07275462],[72.92847836,19.07460201],[72.92223155,19.07415175],[72.92536414,19.07558262],[72.92854094,19.07555115],[72.93240523,19.07358003],[72.93847585,19.06152344],[72.94173062,19.05962038],[72.94484532,19.05975354],[72.95281041,19.06664801],[72.95842457,19.06895673],[72.95618665,19.07864583],[72.95582902,19.08912444],[72.95473385,19.09081304],[72.95722365,19.09306085],[72.95711482,19.10143423],[72.95722282,19.10190415],[72.95907772,19.10348177],[72.96221316,19.11392164],[72.96776247,19.12451494],[72.96682525,19.12969482],[72.97053134,19.13045335],[72.97814858,19.14831185],[72.97592437,19.1505084],[72.97893012,19.15156126],[72.97977006,19.16015625],[72.97935271,19.16015625],[72.98343265,19.17776585],[72.98355567,19.17859125],[72.98300564,19.18258214],[72.98422718,19.18331456],[72.98667645,19.17942226],[72.98381543,19.17086315],[72.98292756,19.16471934],[72.98272192,19.16015625],[72.98351467,19.14583015],[72.98222303,19.14001906],[72.98297775,19.13377035],[72.98102856,19.12963843],[72.9810276,19.12897992],[72.98289478,19.12231207],[72.98282826,19.1215986],[72.98011935,19.11988854],[72.97891593,19.11672926],[72.97835076,19.10705495],[72.97843611,19.10645378],[72.97938335,19.10155284],[72.97976816,19.10116005],[72.98087704,19.10056591],[72.98415935,19.10106444],[72.98599684,19.08564544],[72.99098217,19.08576751],[72.99141026,19.08556902],[72.99179268,19.08455467],[72.99177802,19.08272636],[72.99025273,19.07914925],[72.98923361,19.07823324],[72.98449755,19.07714653],[72.98451185,19.07439494],[72.98287666,19.07165766],[72.98270595,19.0657742],[72.98146641,19.06450462],[72.98149574,19.06411612],[72.98201477,19.06282425],[72.98296034,19.06252766],[72.99302745,19.05870068],[72.99857402,19.04846334],[73.00054884,19.03696716],[73.00420356,19.02727795],[73.00289881,19.01954842],[73.00080943,19.01634276],[73.00195825,19.01388323],[73.00164485,19.00685894],[73.00316846,19.00171483],[73.00344276,19.00127602],[73.00663435,19.00100195],[73.00914085,18.99860477],[73.0162847,18.99841297],[73.01682866,18.99848044],[73.01944673,18.99950206],[73.02005637,19.00144827],[73.02920365,19.00167954],[73.03566778,19.00599158],[73.04126871,19.00756025],[73.04197633,19.01246941],[73.04452205,19.01577401],[73.04515314,19.01615346],[73.05756605,19.02226233],[73.06869793,19.02342296],[73.07248557,19.02562904],[73.07939815,19.03225136],[73.07986462,19.03228712],[73.08010316,19.03176117],[73.07940948,19.02890575],[73.0790652,19.02847672],[73.07221007,19.02263856],[73.06552637,19.02046525],[73.06462622,19.01913154],[73.06008518,19.01880145],[73.06286001,19.01418757],[73.06422365,19.00749922],[73.06584775,19.00588882],[73.06970775,19.00477266],[73.07647932,19.0048629],[73.07647932,19.00322855],[73.06699431,19.00311816],[73.06267166,18.99684536],[73.05939865,18.99501455],[73.05219674,18.9979434],[73.04649103,19.00415027],[73.03978646,19.00441957],[73.03256381,19.00119281],[73.03222418,18.99412954],[73.03179741,18.99336863],[73.02921045,18.99124742],[73.02891767,18.9911139],[73.02793264,18.99165452],[73.02776241,18.98891008],[73.02736902,18.98865354],[73.02608585,18.98874116],[73.0234704,18.99074078],[73.01737845,18.98621714],[73.01714432,18.984375],[73.01695454,18.98108935],[73.01613057,18.98029387],[73.01225686,18.97752845],[73.01140535,18.97705305],[73.00614786,18.97676015],[73.00567365,18.97527027],[73.00393295,18.97512114],[73.00444591,18.97361255],[73.00234008,18.97144616],[72.99484873,18.96822143],[72.99312723,18.96791291],[72.98879945,18.96824062],[72.98803544,18.96840942],[72.98547196,18.96996415],[72.98160613,18.9634881],[72.97953105,18.96279967],[72.97888446,18.96267533],[72.97209942,18.96355987],[72.96783435,18.96687102],[72.96466815,18.96717703],[72.96410251,18.96750307],[72.96022058,18.97309566],[72.95591283,18.97389042],[72.95361292,18.97096348],[72.95577025,18.96782231],[72.95488286,18.9643507],[72.95804834,18.96437252],[72.96152115,18.96124566],[72.97249782,18.9580785],[72.97672868,18.95329654],[72.97769594,18.94954658],[72.98072135,18.94664574],[72.98328936,18.94566405],[72.98810947,18.94636261],[72.99118233,18.94797242],[72.99625826,18.95326734],[72.99933505,18.95337153],[73.00143063,18.95021355],[73.00144052,18.9472599],[72.9996587,18.94676065],[72.99941611,18.95106804],[72.99700213,18.95115435],[72.99042034,18.94422591],[72.98013651,18.94275475],[72.97962105,18.93973601],[72.98244667,18.93647385],[72.98150492,18.93644726],[72.97973955,18.93741453],[72.97670817,18.94408774],[72.97271264,18.94781351],[72.96252525,18.95304346],[72.95739722,18.95320785],[72.956321,18.95433021],[72.95626545,18.9578464],[72.95181227,18.96036232],[72.9474467,18.95281994],[72.95063484,18.9620887],[72.94969165,18.96264994],[72.94520974,18.95235813],[72.93941343,18.94599128],[72.94509578,18.94037032],[72.94579375,18.93684852],[72.94885695,18.93340945],[72.9578073,18.92497647],[72.96126008,18.92314434],[72.96139407,18.92287982],[72.96197212,18.92058802],[72.96112227,18.91531813],[72.95720267,18.90808022],[72.95689011,18.90794504],[72.95301378,18.90844154],[72.9497596,18.91072834],[72.94559193,18.91096055],[72.94428265,18.90916812],[72.94257975,18.90922046],[72.94285131,18.89918375],[72.94116855,18.89534247],[72.94113135,18.89763033],[72.93318391,18.90448797],[72.92920506,18.91079807],[72.92305803,18.91203594],[72.91938055,18.90970743],[72.91712105,18.91038847],[72.91757095,18.90762854],[72.91629815,18.90465271],[72.91029167,18.90426254],[72.90813124,18.90158391],[72.9078809,18.89934254],[72.90895772,18.89781547],[72.90841353,18.88803744],[72.90851414,18.88562524],[72.91311824,18.88223958],[72.9134984,18.88173294],[72.91776145,18.87319756],[72.92181814,18.86806631],[72.92374444,18.86419332],[72.9229635,18.85512626],[72.92471611,18.85433996],[72.92559135,18.85192382],[72.92625594,18.85137475],[72.93031704,18.85138226],[72.93301094,18.84933031],[72.93834734,18.84927046],[72.94111764,18.84737027],[72.94313395,18.84574318],[72.94634545,18.84632874],[72.95128155,18.84786725],[72.96043515,18.85162318],[72.96094155,18.85186458],[72.96247494,18.85352361],[72.96455717,18.85288203],[72.96491742,18.85308147],[72.97815502,18.86297262],[72.98315382,18.86389005],[72.98376596,18.86423707],[72.98606586,18.86587596],[72.99039733,18.87071156],[73.00042736,18.8776077],[73.00478184,18.88275874],[73.00453162,18.87992001],[73.00081253,18.87545931],[72.98925185,18.86712253],[72.98613727,18.85894275],[72.98586881,18.85842443],[72.98131168,18.85183585],[72.981094,18.85106576],[72.98097408,18.84626555],[72.98358142,18.83383954],[72.98272765,18.83044446],[72.98360384,18.82828045],[72.97975051,18.82184696],[72.97975004,18.81719935],[72.981534,18.81152487],[72.98329353,18.80904496],[72.98384452,18.80859375],[72.98455155,18.80859375],[72.99181986,18.80611205],[72.99775064,18.80586696],[73.00007701,18.80668128],[73.00162923,18.80859375],[73.00182045,18.80859375],[73.00186276,18.80903995],[73.00645876,18.81323814],[73.00736582,18.8137238],[73.00872338,18.81294704],[73.00907505,18.81174922],[73.00427926,18.80859375],[73.00189304,18.8059386],[73.00205946,18.80537796],[73.00229216,18.80514908],[73.01296878,18.80382466],[73.01445055,18.80631268],[73.01464474,18.80336714],[73.01592517,18.80281484],[73.01285434,18.80065155],[73.00997484,18.80158913],[72.99006963,18.80108964],[72.97943485,18.80469024],[72.97887695,18.80480075],[72.97598624,18.80394363],[72.97590542,18.80376017],[72.97824097,18.79766393],[72.99398136,18.78970015],[72.99796724,18.78644204],[73.00100887,18.78136992],[73.00100803,18.77727532],[72.99904656,18.7713536],[72.98976874,18.75847864],[72.98787463,18.75442445],[72.98782158,18.75020564],[72.99048865,18.74374402],[73.00107837,18.72759914],[73.00707495,18.72324252],[73.02116132,18.71579826],[73.02690697,18.70987725],[73.02985203,18.70183527],[73.0275712,18.68871784],[73.02820373,18.68339026],[73.03800201,18.6768589],[73.04617405,18.66724622],[73.04539347,18.66304767],[73.04038167,18.65955305],[73.04074681,18.65718782],[73.04361355,18.65497875],[73.05316532,18.65094078],[73.05928314,18.64694941],[73.06043053,18.64583957],[73.06538022,18.63870573],[73.06758404,18.6328125],[73.06763196,18.6328125],[73.06946361,18.63016546],[73.07019067,18.62809455],[73.06976962,18.62780285],[73.06860077,18.62809324],[73.06645525,18.6328125],[73.0661118,18.6328125],[73.06410515,18.63516104],[73.05816972,18.64551234],[73.05674136,18.64676714],[73.05270743,18.64921927],[73.04240096,18.6532191],[73.03876865,18.65721858],[73.03896427,18.6605376],[73.04341078,18.66424406],[73.04456925,18.66759181],[73.03852642,18.67351425],[73.03056598,18.67701364],[73.02668774,18.6809206],[73.02467215,18.68819296],[73.02750885,18.70041513],[73.02395225,18.70987904],[73.02061951,18.71286225],[73.00266075,18.72009003],[72.99793196,18.72326303],[72.99312162,18.72837615],[72.98655236,18.74037588],[72.98345017,18.75366366],[72.98726022,18.76463926],[72.99494994,18.7750051],[72.99595833,18.77805293],[72.99493301,18.78001106],[72.99147308,18.78231597],[72.97026825,18.79012406],[72.96611822,18.79274845],[72.96305752,18.7951411],[72.96038651,18.79767215],[72.95720804,18.80178845],[72.9549576,18.8065567],[72.95392966,18.80859375],[72.95378625,18.80859375],[72.95021904,18.81654656],[72.94954217,18.81771088],[72.94535816,18.82244563],[72.94362056,18.82724321],[72.94335365,18.82761645],[72.94111764,18.82772076],[72.93865716,18.82699633],[72.93670106,18.82405603],[72.92962205,18.80859375],[72.92978561,18.80859375],[72.92915261,18.80565834],[72.92260241,18.7977705],[72.92076755,18.79579973],[72.91636801,18.79263115],[72.91575706,18.79245818],[72.91113424,18.79216194],[72.90654755,18.79426205],[72.90541947,18.7965821],[72.90562654,18.80005431],[72.90069652,18.80373716],[72.89816082,18.80122995],[72.89671004,18.80157137],[72.8946228,18.79969466],[72.88799655,18.79797804],[72.88687193,18.80028558],[72.88779736,18.80287266],[72.88767207,18.80311894],[72.88603711,18.80381894],[72.88246536,18.80465794],[72.87660718,18.80164862],[72.87342441,18.80164945],[72.86955583,18.80425835],[72.8692255,18.80406845],[72.86770046,18.79787683],[72.86489212,18.79590785],[72.86419845,18.79421461],[72.86356735,18.79101515],[72.86333442,18.77075601],[72.86568606,18.76790357],[72.86449015,18.76707995],[72.86480617,18.76262546],[72.86812258,18.75563574],[72.86621833,18.75656867],[72.8623898,18.74282587],[72.86438847,18.73155403],[72.86438847,18.72145963],[72.86037254,18.70549726],[72.85533381,18.69708943],[72.859972,18.68918931],[72.86228788,18.67421496],[72.86463761,18.66867423],[72.86327314,18.66322863],[72.86327314,18.66100085],[72.86390257,18.65760064],[72.86680627,18.64672852],[72.87078846,18.63953805],[72.87776065,18.63738036],[72.88199735,18.63729668],[72.88203275,18.63734186],[72.88348806,18.64053655],[72.88723886,18.64115346],[72.89930975,18.63557672],[72.90151918,18.6328125],[72.90170634,18.6328125],[72.90069306,18.63012147],[72.89872944,18.62949955],[72.8984971,18.6296972],[72.89817595,18.6328125],[72.89798605,18.6328125],[72.89683068,18.63529146],[72.89218271,18.63567722],[72.89077616,18.6369822],[72.8874799,18.63790476],[72.88435876,18.63835335],[72.88419998,18.63561416],[72.88473606,18.6328125],[72.88464296,18.6328125],[72.88568044,18.62635827],[72.8883965,18.62041235],[72.89438558,18.61130714],[72.90584207,18.58641064],[72.90699875,18.58555245],[72.91011417,18.58586371],[72.90858543,18.58399296],[72.90836453,18.58112061],[72.91112852,18.57770443],[72.91215694,18.57358122],[72.91533446,18.56767821],[72.92032552,18.55929804],[72.92102265,18.55702507],[72.92448735,18.54552495],[72.92475963,18.54507303],[72.92878115,18.54174435],[72.92947757,18.54160404],[72.93205178,18.54388726],[72.93863714,18.54628742],[72.95207024,18.5471245],[72.96304584,18.54461324],[72.96688747,18.54277253],[72.96720564,18.54256988],[72.97255278,18.53660893],[72.97444296,18.53277898],[72.97489011,18.53127861],[72.97863555,18.51241505],[72.98608315,18.50401282],[72.99374461,18.49061704],[73.00873125,18.46103775],[73.00938153,18.45703125],[73.01303363,18.45554912],[73.01349676,18.45558274],[73.01614785,18.45703125],[73.02232337,18.4605571],[73.02320945,18.46204507],[73.02358937,18.46934724],[73.02537,18.47450471],[73.03663576,18.47806895],[73.04039896,18.48445845],[73.05064774,18.48747265],[73.05539083,18.48630714],[73.05712616,18.48461378],[73.05851185,18.48060822],[73.06305242,18.47706842],[73.06956625,18.47435975],[73.07670605,18.47444725],[73.07898128,18.47347176],[73.08140433,18.47098482],[73.08239651,18.46799982],[73.08719504,18.46713078],[73.09221625,18.46298432],[73.09155417,18.46185601],[73.08219373,18.46682644],[73.07527327,18.47347915],[73.06938016,18.47352266],[73.06135714,18.47589576],[73.05884302,18.47757494],[73.05513787,18.48419893],[73.05244017,18.48407972],[73.05072117,18.48248875],[73.04217637,18.48395753],[73.03690457,18.47716761],[73.02800906,18.47418725],[73.02701676,18.47344255],[73.02588665,18.47216725],[73.02471125,18.46940327],[73.02495801,18.46212053],[73.02210093,18.45927668],[73.0216397,18.45894516],[73.01741481,18.45703125],[73.01574683,18.45541286],[73.01317251,18.45457876],[73.012802,18.45457804],[73.01077211,18.45514715],[73.00830245,18.45703125],[73.00791061,18.45703125],[72.99699676,18.47826481],[72.98794973,18.49187565],[72.98610747,18.49646783],[72.98202145,18.50209248],[72.97277594,18.50922823],[72.96940231,18.52027917],[72.96933913,18.53130197],[72.96727955,18.53580844],[72.95212173,18.54098606],[72.94429708,18.54070711],[72.92774594,18.53523815],[72.92228842,18.53163314],[72.91591871,18.52908945],[72.9157232,18.5291177],[72.91516995,18.52919781],[72.91150045,18.53050125],[72.90949595,18.53717542],[72.90718007,18.54108095],[72.90664637,18.54124451],[72.90461647,18.53918755],[72.90442824,18.5381906],[72.90450323,18.53726733],[72.90625453,18.53620386],[72.90932405,18.52993286],[72.91107655,18.52429795],[72.91142726,18.51673865],[72.91047823,18.51356792],[72.91138041,18.50572026],[72.90988183,18.50413322],[72.91143215,18.50333691],[72.90655684,18.50388706],[72.90439093,18.50183284],[72.90385485,18.49527931],[72.90173805,18.49259651],[72.90089965,18.48917222],[72.9012326,18.47638333],[72.8995471,18.47333133],[72.89554763,18.47217727],[72.89464557,18.45703125],[72.89552808,18.45703125],[72.89675701,18.45790923],[72.89745104,18.45783544],[72.89817595,18.45703125],[72.89836562,18.45703125],[72.89899886,18.45606101],[72.90534997,18.44032002],[72.90652275,18.43333244],[72.90445316,18.42845118],[72.90927315,18.42100215],[72.90635598,18.41701663],[72.90762317,18.41486383],[72.90726674,18.41170955],[72.90571785,18.41061282],[72.90758204,18.40915334],[72.90835106,18.40472734],[72.90656865,18.40281856],[72.90889311,18.40183055],[72.90851355,18.39967084],[72.91185355,18.39746261],[72.91216588,18.39437652],[72.91365302,18.39309573],[72.91476226,18.39364696],[72.91679597,18.39231706],[72.92111421,18.39310658],[72.92403245,18.39200032],[72.92625976,18.38623595],[72.92486334,18.37448776],[72.92609775,18.37295473],[72.92262328,18.37345707],[72.91940284,18.37180173],[72.91715658,18.37246156],[72.91391945,18.37002242],[72.91149962,18.36676657],[72.91193736,18.36173224],[72.91208982,18.36117375],[72.91481125,18.35892785],[72.91439498,18.35495996],[72.91755438,18.34852612],[72.92058516,18.34689355],[72.92483902,18.3504256],[72.92623615,18.34984136],[72.92724407,18.34929931],[72.93391895,18.3509196],[72.93463135,18.35064995],[72.93622124,18.34863663],[72.93621922,18.34835255],[72.93436551,18.34295273],[72.93874073,18.34265113],[72.93999171,18.34433651],[72.94134974,18.34397411],[72.94510305,18.34141195],[72.94610906,18.33888233],[72.94975126,18.33757377],[72.95262778,18.33381558],[72.9560312,18.32519615],[72.96075594,18.31942916],[72.95872211,18.31956685],[72.95638168,18.31797743],[72.95601833,18.31512785],[72.95961595,18.31130075],[72.96420515,18.3127774],[72.96767604,18.30993664],[72.97052634,18.29936016],[72.97124147,18.30099845],[72.97305155,18.30157626],[72.97816575,18.29862297],[72.97962534,18.29990613],[72.98152542,18.29950297],[72.98404324,18.29323077],[72.98641205,18.29137945],[72.98713088,18.28727376],[72.99020267,18.28671002],[72.99125326,18.28125],[72.99177015,18.28125],[72.99194956,18.27687943],[72.99331415,18.27347004],[72.99374914,18.27342355],[72.99672794,18.27648938],[72.99793267,18.28125],[72.99830806,18.28125],[72.99805844,18.28266656],[72.99826121,18.28288877],[73.00315833,18.28459823],[73.00869465,18.28456855],[73.01212466,18.28369391],[73.01682675,18.28125],[73.01759446,18.28125],[73.02238715,18.27753663],[73.02250028,18.27721953],[73.02279603,18.27373934],[73.0204916,18.27147198],[73.02074861,18.27021134],[73.02094972,18.26987195],[73.02366245,18.26856005],[73.02604926,18.26909936],[73.02823722,18.26680887],[73.02843261,18.26426971],[73.03253925,18.26612031],[73.03596365,18.26463461],[73.04128814,18.26466477],[73.05295193,18.26854205],[73.05347407,18.26893616],[73.05455172,18.27066553],[73.05466986,18.27118754],[73.05413747,18.27359533],[73.05359662,18.27442873],[73.04635334,18.28125],[73.04622173,18.28125],[73.04601586,18.28372681],[73.04354513,18.28894544],[73.04041433,18.29317522],[73.03981328,18.29494226],[73.03945971,18.29909945],[73.04021215,18.30087233],[73.04124296,18.30225062],[73.04577315,18.30636835],[73.05024517,18.30755115],[73.06174612,18.30288565],[73.06806076,18.30471575],[73.07375741,18.30872083],[73.07876134,18.31474328],[73.0798707,18.3194921],[73.08498275,18.32984185],[73.08521831,18.32755184],[73.08794832,18.32652295],[73.08460271,18.32659376],[73.08402646,18.32570434],[73.08389723,18.32528341],[73.08548522,18.32029343],[73.08748162,18.32360041],[73.08837974,18.32363021],[73.08832336,18.32327735],[73.08227265,18.31214011],[73.0831871,18.30844426],[73.08273566,18.30114365],[73.07933712,18.30011725],[73.07786155,18.29817343],[73.08251357,18.29565942],[73.08636403,18.28799856],[73.08191371,18.29459894],[73.07778013,18.29579926],[73.07623875,18.29845345],[73.05724812,18.29997706],[73.05224192,18.30307686],[73.04843521,18.30357778],[73.04447544,18.30142677],[73.04306924,18.2983942],[73.04318178,18.29697168],[73.04329753,18.29641795],[73.04551256,18.29526258],[73.05239475,18.28125],[73.05280936,18.28125],[73.05291045,18.28003764],[73.06025457,18.27797735],[73.06293106,18.27842045],[73.06339288,18.27808237],[73.06330395,18.27636635],[73.06714976,18.27135193],[73.06792176,18.26996195],[73.0691663,18.26637065],[73.06909347,18.26563418],[73.06746984,18.26245928],[73.06251013,18.25796378],[73.06166661,18.25118875],[73.06868744,18.24208796],[73.07534361,18.23898041],[73.075809,18.23865116],[73.07668471,18.23598802],[73.07847846,18.23530293],[73.07851374,18.23244357],[73.08036053,18.23101056],[73.08061194,18.23009205],[73.08054686,18.22664833],[73.07895112,18.22576821],[73.07868385,18.22417212],[73.08052802,18.22159255],[73.08080304,18.21578217],[73.07631648,18.20740724],[73.07550836,18.19982016],[73.07050896,18.19728017],[73.06495905,18.19766474],[73.06196463,18.19621074],[73.05971527,18.19342434],[73.05979371,18.19046676],[73.06997001,18.18163228],[73.07415926,18.17981172],[73.07536352,18.180619],[73.07637513,18.17856085],[73.08035934,18.17899191],[73.08072042,18.17315388],[73.08344877,18.16992462],[73.08772326,18.17069316],[73.09070444,18.16906202],[73.09113956,18.16760623],[73.08968925,18.16605496],[73.09205985,18.16400945],[73.09190917,18.16239262],[73.08929467,18.16423166],[73.08395016,18.16165507],[73.08693731,18.15835845],[73.08794081,18.15531755],[73.0882982,18.15173924],[73.08696663,18.15021384],[73.08532953,18.15654063],[73.08394766,18.1578933],[73.08169186,18.1565088],[73.07966495,18.16221905],[73.07817805,18.16204345],[73.07294011,18.15655124],[73.07632971,18.16157687],[73.07696652,18.16470683],[73.07248676,18.16980648],[73.06930065,18.16532052],[73.07197654,18.17059135],[73.07154977,18.17217851],[73.06229365,18.17925561],[73.05657053,18.18549752],[73.0554502,18.18840516],[73.05539656,18.19442666],[73.05800843,18.19889891],[73.06942761,18.20517755],[73.07041705,18.20689392],[73.07093108,18.20971334],[73.06960416,18.22146881],[73.06914318,18.22226715],[73.06606722,18.22516525],[73.06385696,18.22691405],[73.05300307,18.23178315],[73.05144882,18.23202872],[73.04933405,18.22988856],[73.04855621,18.23292542],[73.04124045,18.23559845],[73.0367645,18.23509431],[73.02742875,18.2404263],[73.01983106,18.24136162],[73.01748312,18.24562311],[73.01554036,18.24265063],[73.01278746,18.24193084],[73.01068306,18.24450505],[73.00593233,18.24468374],[73.00005591,18.24831176],[72.99731123,18.24487066],[72.99278724,18.24601722],[72.98810124,18.24351072],[72.98178518,18.24197924],[72.98046768,18.24522781],[72.97405362,18.24724567],[72.97117436,18.25988615],[72.97415173,18.26270866],[72.97011054,18.26440895],[72.97076225,18.27139068],[72.96935451,18.27438951],[72.96670878,18.27578795],[72.96588898,18.27918041],[72.96554816,18.27952385],[72.96181214,18.28062046],[72.96107221,18.28050828],[72.95559478,18.27769053],[72.95098472,18.28021944],[72.95098245,18.28125],[72.95077014,18.2836591],[72.95057178,18.28394485],[72.94815695,18.28524685],[72.94764161,18.28536308],[72.94164455,18.28537416],[72.93924081,18.28442228],[72.93878174,18.28439581],[72.93540311,18.28125],[72.93519664,18.28069472],[72.93734348,18.27517116],[72.93494928,18.27186286],[72.93743134,18.26956546],[72.93968964,18.26420045],[72.93961024,18.25994933],[72.94168985,18.25467575],[72.94229794,18.25041866],[72.94153655,18.24933171],[72.94271767,18.24696815],[72.93985641,18.24271572],[72.94137526,18.23449492],[72.93819141,18.23284626],[72.93478,18.22877896],[72.93351495,18.22493303],[72.93137956,18.22387266],[72.93164384,18.21944833],[72.93540776,18.21718955],[72.93921065,18.21686697],[72.93969786,18.21920192],[72.94265461,18.21980083],[72.94346845,18.22196436],[72.94535542,18.22318304],[72.94999218,18.22144043],[72.95203507,18.21897185],[72.95625186,18.21931624],[72.96109831,18.21381354],[72.96533847,18.2109375],[72.96814275,18.20552397],[72.97326267,18.20304346],[72.98170126,18.19535255],[72.98782527,18.19443893],[72.98548532,18.19256866],[72.98029888,18.19368517],[72.97921956,18.19280195],[72.98773205,18.16068316],[72.98880982,18.15936768],[72.99046147,18.15972614],[72.99040103,18.15835226],[72.98919153,18.15740705],[72.98677981,18.15761042],[72.98568404,18.15409565],[72.9866873,18.14982116],[72.98562241,18.14355767],[72.98228717,18.14161825],[72.98175645,18.13703072],[72.97424424,18.13418925],[72.97129178,18.13226748],[72.97125864,18.13143504],[72.97262085,18.12458515],[72.97586465,18.12211084],[72.97599924,18.12174988],[72.97696161,18.11453354],[72.97933924,18.11313784],[72.97934091,18.10857654],[72.98208594,18.10546875],[72.98249841,18.10546875],[72.98387682,18.10297513],[72.98778212,18.10213542],[72.98979771,18.10025585],[72.99653387,18.07939208],[72.99756145,18.07710326],[72.99919391,18.07452702],[73.00015116,18.07364357],[73.00005937,18.07669544],[73.00288725,18.07554662],[73.00172031,18.07093322],[72.99483502,18.06732047],[72.99405408,18.06655836],[72.99073887,18.06070554],[72.99000192,18.05497205],[72.99393833,18.04998386],[72.99502575,18.04956937],[72.99872255,18.04997623],[73.00169063,18.05431151],[73.00503552,18.05228174],[73.00875854,18.04841137],[73.01262164,18.03582835],[73.01607764,18.03231835],[73.01824164,18.03343594],[73.02053404,18.04031825],[73.02540231,18.04825854],[73.02513063,18.05007803],[73.03219724,18.04997265],[73.03539586,18.05207431],[73.03831828,18.05222476],[73.03917456,18.05354786],[73.04028475,18.05300283],[73.03959823,18.04901683],[73.03597021,18.04948544],[73.02717185,18.04608417],[73.02187765,18.03941977],[73.02180827,18.03695345],[73.02449524,18.03631246],[73.02668703,18.03791535],[73.02698851,18.03575754],[73.02971435,18.03233576],[73.03335261,18.03381038],[73.03721952,18.03731513],[73.03970373,18.04311037],[73.04141331,18.04434395],[73.04533577,18.04152262],[73.04094541,18.04317105],[73.03844714,18.03648412],[73.02932262,18.0277698],[73.02328777,18.02374351],[73.02104235,18.02374542],[73.0187875,18.02592957],[73.01528525,18.02558935],[73.01079392,18.02460766],[73.00637615,18.02165282],[73.00224924,18.02099955],[73.00480795,18.01864111],[73.00600135,18.01356757],[73.00871885,18.01033771],[73.01171672,18.01033771],[73.01635301,18.00685227],[73.01888776,17.99791336],[73.02140605,17.99353814],[73.02108085,17.99261475],[73.01826537,17.99230194],[73.01814854,17.99084437],[73.01883137,17.99032581],[73.02639317,17.98863375],[73.02931523,17.99101162],[73.02972305,17.99086821],[73.03274143,17.98910773],[73.03292704,17.98711264],[73.03343177,17.98658955],[73.03753054,17.98409843],[73.03927362,17.98786926],[73.03802228,17.99112058],[73.04099441,17.98800206],[73.04361773,17.98797238],[73.04926741,17.99067056],[73.05915892,17.99148357],[73.06385636,17.99287915],[73.07192695,17.99170828],[73.07654321,17.99324596],[73.07894826,17.99244046],[73.08331442,17.99352062],[73.09582722,17.99113846],[73.10048795,17.98908293],[73.10115635,17.98692107],[73.10324061,17.98533416],[73.11223185,17.98145783],[73.11674285,17.98564971],[73.1203469,17.99556911],[73.12052751,17.99594498],[73.125,18.00306904],[73.125,18.00362706],[73.13230288,18.01652384],[73.13617587,18.01893926],[73.14798975,18.02178431],[73.14913952,18.02409756],[73.14925063,18.03133965],[73.15123212,18.03536832],[73.15364206,18.03927755],[73.15774453,18.04280806],[73.15990937,18.04667997],[73.16796875,18.05200136],[73.16921854,18.05649853],[73.1701951,18.05818236],[73.17230487,18.06018472],[73.17611241,18.06181681],[73.18093777,18.06212401],[73.18811786,18.05976391],[73.19061983,18.05962384],[73.19116104,18.05983305],[73.19476736,18.06212783],[73.19927764,18.06963372],[73.19959915,18.06994235],[73.20134294,18.07088912],[73.20543194,18.07112014],[73.21148956,18.06870341],[73.21493912,18.06220865],[73.21963894,18.05898595],[73.22894585,18.05778623],[73.24102652,18.06274974],[73.25271893,18.06365645],[73.25520134,18.06518745],[73.25732005,18.06992352],[73.26132917,18.07269955],[73.26535821,18.07246315],[73.27665651,18.06786585],[73.28522193,18.07137275],[73.28851175,18.07529712],[73.29083383,18.07644415],[73.29830766,18.07721555],[73.29941285,18.07721543],[73.30380511,18.07642102],[73.30622888,18.07419646],[73.30730092,18.07100964],[73.30659246,18.06327784],[73.3088423,18.06212604],[73.31160045,18.06231117],[73.3162775,18.06531155],[73.32339716,18.07221472],[73.33131111,18.07461917],[73.33582401,18.08168376],[73.34500158,18.08566451],[73.34635675,18.0871824],[73.34681535,18.09369135],[73.33484197,18.0984112],[73.33429766,18.09885812],[73.33148575,18.10391951],[73.33142185,18.10546875],[73.33111048,18.10584426],[73.33272886,18.10655677],[73.33335495,18.10546875],[73.33347452,18.10546875],[73.33544183,18.09936035],[73.33753073,18.09848142],[73.34220242,18.09886956],[73.34107184,18.09735191],[73.34773338,18.09393895],[73.34847295,18.09137726],[73.35141993,18.09259474],[73.35354304,18.09104586],[73.34919477,18.09050417],[73.34823787,18.08547318],[73.34178364,18.08193815],[73.34984303,18.08109653],[73.35623252,18.08549285],[73.35847771,18.08869314],[73.36329508,18.09005034],[73.37513018,18.08580828],[73.38496983,18.08697212],[73.38986433,18.08507085],[73.39460182,18.08058214],[73.39473295,18.08018124],[73.39547372,18.07284403],[73.39434206,18.07323456],[73.39238441,18.08108532],[73.39047825,18.08339155],[73.38338482,18.08558583],[73.37653995,18.08376026],[73.37328625,18.08403766],[73.36733186,18.08741045],[73.36181557,18.08786035],[73.34932554,18.07972026],[73.34087956,18.08083272],[73.33714581,18.0797857],[73.33616102,18.0756278],[73.33244824,18.07087052],[73.32980168,18.0708096],[73.32335031,18.06633496],[73.31508255,18.06253505],[73.31128824,18.05919647],[73.3078804,18.05838335],[73.30540621,18.05890477],[73.30317616,18.06183147],[73.30466461,18.06602454],[73.30294812,18.07236028],[73.29860222,18.07413507],[73.29513955,18.07345092],[73.28677094,18.0682857],[73.27874553,18.06504023],[73.27230132,18.06559825],[73.26949716,18.06817317],[73.26643205,18.06847],[73.26006997,18.06592071],[73.25709331,18.06201637],[73.25296152,18.05952096],[73.24245501,18.05967832],[73.23584473,18.05670762],[73.22872281,18.05515575],[73.21739686,18.056216],[73.21361792,18.05797625],[73.20807457,18.06128073],[73.20577431,18.06655014],[73.20332718,18.06717217],[73.200109,18.06588447],[73.1973716,18.06016362],[73.19181836,18.05611956],[73.18793857,18.0558331],[73.18147182,18.05952764],[73.17635727,18.05926001],[73.16837323,18.04875004],[73.16283596,18.04528451],[73.15260375,18.03189886],[73.15194654,18.02279413],[73.15011597,18.01930225],[73.14719915,18.01734292],[73.13893366,18.01614654],[73.13458967,18.01335394],[73.13334656,18.01182973],[73.12992394,18.00237334],[73.125,17.99553573],[73.12474287,17.99528766],[73.12174237,17.98342145],[73.12126625,17.98228002],[73.11903894,17.97891438],[73.11871457,17.97860575],[73.11616552,17.97697473],[73.11284172,17.97687018],[73.11015987,17.9782294],[73.10494578,17.97826612],[73.10147715,17.97941947],[73.09611762,17.98161435],[73.08996284,17.98622668],[73.08761477,17.98698115],[73.08680665,17.98709345],[73.06971002,17.98629546],[73.06647694,17.98289347],[73.04924405,17.98110104],[73.04848194,17.98091793],[73.04695058,17.97948575],[73.04073286,17.97820663],[73.03714883,17.97325993],[73.03423858,17.97110808],[73.02971947,17.96721196],[73.02971363,17.96719825],[73.02973771,17.96145225],[73.03139245,17.95610285],[73.02898252,17.95365512],[73.02860844,17.94905746],[73.03206933,17.94055891],[73.03546107,17.93869317],[73.03786516,17.93431103],[73.04187083,17.93235075],[73.04239404,17.93227136],[73.04516506,17.93381035],[73.05132186,17.93165433],[73.05688035,17.93159604],[73.067384,17.93374121],[73.06866443,17.93307865],[73.06928945,17.9296875],[73.07097232,17.92891145],[73.07188976,17.92903256],[73.07310116,17.9296875],[73.07313216,17.93064225],[73.07659304,17.93514466],[73.08562911,17.93970227],[73.08935595,17.94087434],[73.09236944,17.94043076],[73.08527172,17.93839407],[73.08326328,17.93746173],[73.07710683,17.93347836],[73.07664394,17.93309617],[73.07515383,17.9296875],[73.07460928,17.9296875],[73.07466316,17.92957246],[73.07271504,17.92755795],[73.07220757,17.92727137],[73.06963694,17.92662215],[73.06821966,17.92712212],[73.06699204,17.9296875],[73.06694365,17.9296875],[73.06593788,17.93241406],[73.06403351,17.93146801],[73.0634253,17.9296875],[73.06289065,17.9296875],[73.06234491,17.92741466],[73.06240094,17.92711234],[73.06674147,17.92742395],[73.0671277,17.92672062],[73.06672168,17.92648184],[73.06158054,17.92623246],[73.05869651,17.92795634],[73.05671155,17.92637718],[73.05410564,17.92849183],[73.05256975,17.92879534],[73.05211866,17.92841506],[73.05403745,17.92226851],[73.05505836,17.91297221],[73.05340815,17.90775144],[73.05068064,17.90650618],[73.05523133,17.89923906],[73.06151521,17.89184904],[73.06367564,17.89082873],[73.06916344,17.89129186],[73.07148075,17.89464581],[73.07659447,17.89638507],[73.07204533,17.89280117],[73.0713557,17.88895035],[73.07440555,17.88215494],[73.07520247,17.87488985],[73.07656765,17.87195981],[73.07924426,17.86980522],[73.08190274,17.86422896],[73.08014464,17.86255395],[73.08053672,17.86125457],[73.08408463,17.85782278],[73.08581042,17.85065126],[73.08595741,17.85031664],[73.08995307,17.84428692],[73.09048104,17.84376526],[73.09230161,17.84354067],[73.09287405,17.84363556],[73.09667146,17.8453449],[73.10204518,17.84439564],[73.10247874,17.84316242],[73.09844506,17.84453607],[73.09686172,17.84372663],[73.10526061,17.84073377],[73.11401594,17.83472621],[73.125,17.83677447],[73.12875831,17.83464253],[73.13116252,17.83236134],[73.13255894,17.82980394],[73.13406456,17.8246237],[73.13245821,17.82527363],[73.13229322,17.82798552],[73.12930417,17.83303571],[73.125,17.8359375],[73.11552942,17.83358181],[73.11017907,17.83504021],[73.10315466,17.83991134],[73.09369373,17.84171975],[73.08958006,17.84119701],[73.08945811,17.8411622],[73.08763874,17.8386234],[73.08757973,17.83832288],[73.08959365,17.83576345],[73.08902347,17.83461916],[73.09153664,17.83288026],[73.09416807,17.8268218],[73.09473312,17.82444108],[73.09478128,17.82094765],[73.0933063,17.81987905],[73.09314525,17.81925547],[73.09358501,17.81742394],[73.09334743,17.81708395],[73.08951056,17.81622875],[73.09087026,17.81325257],[73.08927023,17.81263876],[73.08880496,17.80824196],[73.08952856,17.8078835],[73.09076858,17.81154656],[73.09571683,17.81052017],[73.09643745,17.80797935],[73.10046387,17.80570817],[73.10077763,17.80314171],[73.10312104,17.80266595],[73.10380256,17.79833651],[73.10795605,17.79096794],[73.11208665,17.78916264],[73.11234176,17.78670442],[73.11086488,17.78673637],[73.11096835,17.78536403],[73.11307895,17.77661908],[73.11850774,17.76554453],[73.119789,17.7587558],[73.12265623,17.75390625],[73.12265825,17.75390625],[73.12415314,17.75231957],[73.12356794,17.74792886],[73.125,17.74441958],[73.12513971,17.74451566],[73.125597,17.74294925],[73.125,17.74246645],[73.125,17.74135041],[73.12747204,17.74047494],[73.1281594,17.73927498],[73.12826288,17.73897767],[73.12795806,17.73312676],[73.12913501,17.73016632],[73.13140845,17.72837555],[73.13151824,17.72809136],[73.13514972,17.71584368],[73.13472331,17.70883346],[73.13574433,17.70770121],[73.12885571,17.70548964],[73.1281296,17.70505846],[73.12701535,17.7025423],[73.125,17.70172977],[73.125,17.70117176],[73.12517548,17.70112526],[73.12523413,17.7010324],[73.12517548,17.70093942],[73.125,17.70089281],[73.125,17.70033467],[73.11745465,17.69845605],[73.11437404,17.69433677],[73.11395144,17.69038022],[73.1139518,17.68965185],[73.11448491,17.68457067],[73.11555874,17.68345594],[73.11583853,17.67954135],[73.11596894,17.67922413],[73.11781025,17.67766392],[73.11878204,17.67199135],[73.12133038,17.67040193],[73.12189198,17.66523516],[73.12224317,17.66475403],[73.125,17.6640625],[73.12549221,17.66414261],[73.12689626,17.65844154],[73.12959695,17.65845776],[73.13141668,17.656515],[73.13303804,17.65373814],[73.13430524,17.64997292],[73.13504624,17.64506745],[73.13801837,17.64354575],[73.13724172,17.64279306],[73.13572943,17.64428842],[73.13096726,17.64351106],[73.12831807,17.6410892],[73.12812722,17.64077628],[73.12709725,17.63742578],[73.12708843,17.63711095],[73.13117838,17.63339591],[73.13607407,17.61394763],[73.14504921,17.60047555],[73.14920545,17.59771645],[73.15304804,17.59789312],[73.15237474,17.59493625],[73.15557945,17.59208775],[73.16190684,17.59117627],[73.16754651,17.58223414],[73.17154443,17.58279371],[73.1729058,17.58317673],[73.17852521,17.58636236],[73.18953741,17.58976162],[73.20048332,17.59042966],[73.20052946,17.59136283],[73.19822085,17.5913974],[73.19790256,17.59199965],[73.19791162,17.59235382],[73.20033956,17.59343445],[73.20095062,17.59346282],[73.20204151,17.59245086],[73.21192837,17.59260428],[73.21549225,17.59200776],[73.21730673,17.59121835],[73.21836281,17.58968627],[73.22238708,17.58873343],[73.22441936,17.58596516],[73.22834742,17.58395958],[73.23242986,17.578125],[73.23263311,17.578125],[73.23415816,17.57544363],[73.23531842,17.57429326],[73.23834884,17.57295871],[73.24959695,17.578125],[73.24970067,17.578125],[73.25128424,17.57992685],[73.25382984,17.58802915],[73.25836802,17.59314144],[73.26638544,17.59815276],[73.26833606,17.60069394],[73.27674592,17.60073245],[73.28684747,17.60598934],[73.28882265,17.60661316],[73.29128623,17.60638464],[73.29234076,17.60608482],[73.29847503,17.60284746],[73.30040395,17.60077024],[73.30076766,17.60021901],[73.30353105,17.59272611],[73.30480397,17.58276224],[73.30675995,17.57953083],[73.31098914,17.57925534],[73.31884706,17.58264196],[73.32392895,17.58328056],[73.32513082,17.58309603],[73.32679474,17.58255565],[73.33166373,17.578125],[73.33178425,17.578125],[73.33538854,17.57429647],[73.33989143,17.57177591],[73.34275711,17.57079947],[73.35052776,17.57084131],[73.36332464,17.56898606],[73.36428297,17.56898856],[73.37170184,17.57080865],[73.38062847,17.578125],[73.38113415,17.578125],[73.38105667,17.57824874],[73.38315642,17.57977128],[73.39942694,17.58590722],[73.40615284,17.58590806],[73.41173291,17.58345485],[73.41815412,17.58383095],[73.42616737,17.58178175],[73.43005955,17.58173764],[73.43356252,17.58358777],[73.43391705,17.5841397],[73.43424737,17.58812463],[73.432392,17.59193611],[73.43235266,17.59692574],[73.43107808,17.59894037],[73.41640544,17.60692072],[73.40988934,17.60873008],[73.40108001,17.61541557],[73.40117156,17.61695874],[73.40473127,17.61539912],[73.40826595,17.61135244],[73.42549098,17.60524297],[73.43407154,17.59944165],[73.43858635,17.59358096],[73.43965185,17.58774745],[73.44369221,17.58801782],[73.45320332,17.58507931],[73.45459187,17.58315134],[73.46019053,17.58117032],[73.46235752,17.57978666],[73.46368265,17.578125],[73.4639858,17.578125],[73.46391046,17.57682884],[73.46823645,17.57595706],[73.46859336,17.57575655],[73.4765625,17.56975436],[73.4765625,17.56947541],[73.4765625,17.56808031],[73.4765625,17.56780136],[73.47580898,17.56783438],[73.46966875,17.57091248],[73.46620595,17.57398272],[73.46009672,17.57627404],[73.45336413,17.57598054],[73.44489646,17.57798195],[73.44497454,17.578125],[73.4426347,17.578125],[73.4426347,17.57798553],[73.43519688,17.57786524],[73.43444514,17.578125],[73.43294644,17.578125],[73.42151201,17.58028507],[73.41087556,17.57982922],[73.40495515,17.58252716],[73.40413952,17.58252335],[73.39767313,17.58035707],[73.39489233,17.578125],[73.39466774,17.578125],[73.39469361,17.57798195],[73.38695288,17.57501721],[73.37903488,17.56914735],[73.37701035,17.56804502],[73.36849058,17.56473208],[73.36472261,17.56475985],[73.35998738,17.56693316],[73.34326255,17.56687546],[73.34282625,17.56699622],[73.33485091,17.57069194],[73.32808423,17.57725883],[73.32651961,17.578125],[73.32580924,17.578125],[73.32348001,17.57938635],[73.3219465,17.57973576],[73.31974876,17.57946992],[73.31585646,17.578125],[73.31511283,17.578125],[73.31170475,17.57648015],[73.30417132,17.5778805],[73.30399847,17.578125],[73.30385482,17.578125],[73.30144274,17.58406615],[73.29969251,17.59476495],[73.29701233,17.59920847],[73.29135227,17.60372281],[73.29090941,17.60372007],[73.2794044,17.59814727],[73.27897441,17.59800327],[73.27063811,17.59742725],[73.26770127,17.59594572],[73.25783145,17.58749127],[73.25610936,17.58465815],[73.25610983,17.58134222],[73.25467706,17.578125],[73.25456905,17.578125],[73.25261176,17.57434034],[73.25237131,17.57404244],[73.24855888,17.57063305],[73.24603975,17.57000446],[73.24457252,17.56817007],[73.24270165,17.56744862],[73.23919237,17.56696606],[73.23270202,17.56764746],[73.23230493,17.56789815],[73.23023975,17.57324195],[73.22619855,17.578125],[73.22540462,17.578125],[73.22199035,17.58230305],[73.22139883,17.58271146],[73.21383452,17.58646643],[73.20481455,17.5867424],[73.20361126,17.58647585],[73.18889952,17.57916105],[73.18806446,17.57902515],[73.18001008,17.58031261],[73.17949045,17.58010685],[73.17669368,17.578125],[73.17440557,17.57397103],[73.17197025,17.57460046],[73.17083788,17.57656515],[73.16537654,17.57700491],[73.16407633,17.57702065],[73.16237831,17.57529485],[73.16182065,17.57128096],[73.16349184,17.56965065],[73.16322064,17.56884086],[73.16262686,17.56840372],[73.15706182,17.56690454],[73.15577924,17.56702375],[73.15557444,17.56734562],[73.15421915,17.57212245],[73.15358532,17.57276535],[73.15186036,17.5735687],[73.14994693,17.57338345],[73.14392245,17.57058835],[73.13997662,17.56776977],[73.13997114,17.56295371],[73.13868356,17.56181836],[73.13850307,17.56137371],[73.13737297,17.55681062],[73.13752008,17.55605543],[73.13907731,17.55103803],[73.14134872,17.54897141],[73.14255595,17.5448873],[73.14946365,17.53826082],[73.15344393,17.53780794],[73.15166962,17.53443265],[73.15378427,17.53429675],[73.15454066,17.52943635],[73.15612805,17.52815115],[73.16232514,17.52979565],[73.16631413,17.52593851],[73.17084003,17.51867187],[73.17349005,17.51857924],[73.17559421,17.51705074],[73.17726767,17.51144207],[73.17998028,17.51028526],[73.18158543,17.50753295],[73.18184245,17.50445521],[73.18271816,17.50393915],[73.18395591,17.50554025],[73.18153751,17.50214148],[73.18302095,17.49562705],[73.18443024,17.49454236],[73.18498635,17.48862874],[73.19364095,17.46823645],[73.19264424,17.46355295],[73.18425465,17.45575035],[73.18451655,17.45349693],[73.18674684,17.45161366],[73.18613517,17.4418596],[73.18990493,17.44118714],[73.19317484,17.44258988],[73.20570076,17.43868816],[73.19683027,17.43711138],[73.19304955,17.43206191],[73.19040596,17.43229365],[73.18737686,17.43065155],[73.18717396,17.42321861],[73.18544376,17.42298877],[73.18616044,17.4198302],[73.18502748,17.41698515],[73.18718433,17.41438794],[73.18452084,17.41392875],[73.18411386,17.41191804],[73.18038535,17.41180265],[73.17866921,17.40997148],[73.17875075,17.40697944],[73.17572117,17.40655434],[73.17494071,17.40790117],[73.17320514,17.40668273],[73.17279792,17.4066689],[73.16906655,17.40759075],[73.16844714,17.40745628],[73.16717136,17.40576577],[73.16717935,17.40534186],[73.16828716,17.40234375],[73.16854346,17.40234375],[73.17308331,17.39573801],[73.17471135,17.39018714],[73.17688,17.38730562],[73.18095612,17.38685536],[73.18481731,17.38467312],[73.18809795,17.38524652],[73.18985724,17.38421166],[73.19047666,17.38812685],[73.19117415,17.38864732],[73.19263983,17.38860726],[73.19728792,17.38622487],[73.19790113,17.38746595],[73.19981384,17.38771248],[73.20182681,17.38498533],[73.20411253,17.38408804],[73.20622957,17.38487577],[73.20823276,17.38220382],[73.21059477,17.37708473],[73.20894861,17.37198794],[73.20914626,17.37140894],[73.20968103,17.37064517],[73.21602404,17.37074614],[73.21642578,17.37057877],[73.216977,17.36927247],[73.21697676,17.36899745],[73.21387374,17.36295986],[73.21651411,17.35759222],[73.21971488,17.35593104],[73.22032118,17.35281765],[73.21499622,17.34876001],[73.21447861,17.3470757],[73.21477151,17.34597003],[73.215047,17.34529805],[73.21920025,17.34261572],[73.22279751,17.33846545],[73.22584581,17.33747554],[73.22543287,17.33621454],[73.22695506,17.33401895],[73.22666585,17.33347654],[73.22071552,17.3331151],[73.21899605,17.33101475],[73.21887732,17.33044255],[73.21920085,17.32912791],[73.22087204,17.3269186],[73.22663581,17.32298684],[73.22748876,17.3225857],[73.22935963,17.3189944],[73.23029065,17.31899333],[73.23731887,17.31862986],[73.23981905,17.31728828],[73.24265611,17.31851566],[73.24166656,17.31620944],[73.24173212,17.30871034],[73.24426794,17.30700362],[73.24123561,17.30633545],[73.23944867,17.30462015],[73.2397747,17.30155504],[73.23904204,17.29954565],[73.23501396,17.29278147],[73.23524427,17.29254854],[73.23657763,17.29245174],[73.24233365,17.29520094],[73.25084102,17.29584026],[73.25606954,17.29785097],[73.26014924,17.29637897],[73.26996613,17.29680908],[73.27569652,17.29288256],[73.27699471,17.29003727],[73.27915776,17.28863716],[73.28399265,17.29179752],[73.29464853,17.29411066],[73.2967478,17.2816869],[73.29657447,17.27442563],[73.29794991,17.27231443],[73.29848111,17.27189946],[73.30219984,17.26974678],[73.30568814,17.27030027],[73.31241631,17.26738048],[73.32281995,17.26862204],[73.32375884,17.26861763],[73.33069837,17.26811635],[73.33419836,17.26625955],[73.3383044,17.26241505],[73.34047115,17.25777352],[73.34058273,17.25695395],[73.3408128,17.24565554],[73.34075081,17.24518537],[73.3378067,17.23619235],[73.33917415,17.23235285],[73.33976352,17.23180676],[73.34410286,17.22996354],[73.34982824,17.22992516],[73.35540426,17.23386443],[73.35725355,17.23672771],[73.35787046,17.23704123],[73.36300397,17.23870933],[73.36486125,17.23851514],[73.36625075,17.23824263],[73.36663127,17.23800611],[73.36924255,17.23466206],[73.36998725,17.23247576],[73.37065613,17.2265625],[73.3708775,17.21776366],[73.37488735,17.21515131],[73.38799214,17.21815217],[73.39823413,17.21688378],[73.41600931,17.21055424],[73.42035282,17.21171367],[73.42517602,17.21531761],[73.42958188,17.22143054],[73.42900658,17.2265625],[73.42918932,17.2269994],[73.42986906,17.22788346],[73.43281865,17.22790301],[73.43360353,17.2265625],[73.43396652,17.2265625],[73.43232262,17.22527063],[73.43087006,17.21998072],[73.42888856,17.21840358],[73.42752671,17.21418524],[73.42446434,17.21109653],[73.42411315,17.20857465],[73.42774463,17.20602667],[73.43442845,17.20653725],[73.44261825,17.20356655],[73.44721627,17.19511032],[73.44968975,17.19279945],[73.45656693,17.19327557],[73.46401155,17.19551885],[73.46848416,17.19447243],[73.47153008,17.1891638],[73.47241271,17.18308425],[73.47017467,17.17730713],[73.47011244,17.17342091],[73.4720031,17.17035222],[73.4765625,17.16657364],[73.4785974,17.16517675],[73.4765625,17.16434145],[73.4765625,17.16462052],[73.46921444,17.17062068],[73.47034895,17.18774116],[73.46909165,17.19148636],[73.46710706,17.19314516],[73.46679485,17.19331431],[73.46295142,17.19412386],[73.4556272,17.19077027],[73.44887614,17.19104636],[73.44575012,17.19373775],[73.44385171,17.19904327],[73.43690705,17.20364213],[73.43321431,17.20504844],[73.42594886,17.20467603],[73.42057753,17.20832336],[73.41107285,17.20809114],[73.39816415,17.21333384],[73.38808918,17.21382701],[73.37897444,17.21145618],[73.37547934,17.21196854],[73.36902034,17.21650398],[73.36887503,17.22416842],[73.36866641,17.22483242],[73.3677386,17.2265625],[73.36784995,17.2265625],[73.36557651,17.23199856],[73.36230445,17.23595715],[73.36167204,17.23612678],[73.35090005,17.2265625],[73.35052514,17.2265625],[73.34323132,17.2265625],[73.34271741,17.2265625],[73.33867466,17.22844064],[73.3350805,17.23363292],[73.33760321,17.24279976],[73.3359307,17.25647116],[73.33578134,17.25714672],[73.3336668,17.26297116],[73.33245564,17.26459825],[73.33082843,17.26575041],[73.32964206,17.26617467],[73.32690763,17.26615346],[73.31620812,17.26370132],[73.31045735,17.26370132],[73.30359876,17.26583874],[73.29407263,17.26147461],[73.29453194,17.26290035],[73.29971683,17.26603246],[73.2956171,17.27020645],[73.29268324,17.28440726],[73.2904191,17.28784573],[73.28427315,17.2868278],[73.28185976,17.28189445],[73.27482295,17.28176582],[73.26835215,17.29101622],[73.25983036,17.28812695],[73.25746405,17.28421831],[73.25936091,17.27801692],[73.25762343,17.27442265],[73.25906444,17.27135324],[73.25879502,17.26476896],[73.25835431,17.26480687],[73.25712538,17.26981485],[73.25136733,17.27151334],[73.25078726,17.27186072],[73.24892294,17.27431011],[73.24856603,17.274948],[73.24849713,17.2763288],[73.25000274,17.28049076],[73.24839342,17.28292084],[73.24617767,17.28364575],[73.24397206,17.28142536],[73.24353528,17.28449786],[73.24115562,17.28568423],[73.23271382,17.28596187],[73.22797406,17.28197241],[73.22618544,17.28167045],[73.22474945,17.28415096],[73.22426033,17.29089785],[73.22326255,17.29141176],[73.22413325,17.29248345],[73.22208142,17.29500234],[73.22405803,17.30036914],[73.22203445,17.30261147],[73.22156668,17.30270195],[73.22125041,17.30226648],[73.21677661,17.30241132],[73.21530735,17.30235624],[73.21077621,17.30419672],[73.20729268,17.29970086],[73.20521748,17.29861426],[73.20072568,17.30153346],[73.20047545,17.30176234],[73.1994518,17.30458474],[73.19680011,17.30635965],[73.19610453,17.30659545],[73.19576025,17.30653322],[73.19458032,17.30481255],[73.19161785,17.30476487],[73.19183576,17.30088353],[73.18957305,17.29922724],[73.18935728,17.29851294],[73.18950152,17.29790306],[73.19048131,17.29708052],[73.19441044,17.29612851],[73.19781256,17.28991425],[73.20198607,17.28807855],[73.20233357,17.28778243],[73.20312464,17.28594005],[73.20312452,17.28526604],[73.20047927,17.28211391],[73.20380664,17.26962304],[73.20419097,17.26915026],[73.20587337,17.26857615],[73.21005094,17.27040827],[73.21159756,17.27571976],[73.21211481,17.27468896],[73.21467864,17.27437675],[73.21770346,17.26971734],[73.22083962,17.26986051],[73.22068596,17.26831508],[73.22345281,17.26628172],[73.22293067,17.26311266],[73.22091734,17.26046455],[73.22230756,17.25765276],[73.22200394,17.25556314],[73.22644866,17.25582135],[73.22875226,17.25126267],[73.22745311,17.24954104],[73.22466171,17.24924564],[73.22329092,17.24770784],[73.2286787,17.24616516],[73.230654,17.24685705],[73.23094738,17.24658465],[73.23160255,17.24572063],[73.23169863,17.24204707],[73.23424745,17.23809874],[73.23199141,17.23354506],[73.23517382,17.2265625],[73.23692715,17.2265625],[73.23687851,17.22670507],[73.23997593,17.22832942],[73.24160302,17.2265625],[73.24255896,17.22606397],[73.24395931,17.22330844],[73.24600303,17.21666563],[73.24704123,17.21037722],[73.24503171,17.20496225],[73.24634993,17.20434904],[73.24323225,17.20003784],[73.24372721,17.19833982],[73.24558735,17.19732261],[73.24536025,17.19684577],[73.24453807,17.19652021],[73.23897016,17.20057583],[73.23453224,17.20185947],[73.23401725,17.20195913],[73.23185587,17.20138383],[73.23154533,17.20109951],[73.23124135,17.19959724],[73.23142874,17.19882882],[73.23267031,17.19660676],[73.23585296,17.19387603],[73.23919761,17.19399905],[73.24417376,17.19072914],[73.24835336,17.19180691],[73.24948132,17.19173717],[73.25094295,17.19104815],[73.25264513,17.18926692],[73.25890374,17.17194486],[73.26003683,17.17170095],[73.25935161,17.16758013],[73.25952804,17.16587424],[73.26082397,17.16157007],[73.26124644,17.16073596],[73.26513326,17.15655077],[73.2636224,17.15610838],[73.26373017,17.15223813],[73.26780212,17.13918555],[73.26796508,17.13357615],[73.26946521,17.12975562],[73.270998,17.12865996],[73.27123857,17.12777448],[73.27254426,17.11994541],[73.27244997,17.11898983],[73.26980662,17.11764085],[73.26620984,17.11230052],[73.27730453,17.11227894],[73.28329647,17.09992421],[73.28511775,17.09965837],[73.28470933,17.09085763],[73.28619385,17.08690536],[73.28357935,17.07960665],[73.29050505,17.07791734],[73.29716444,17.07866454],[73.29774177,17.07850611],[73.29817188,17.07783985],[73.29881823,17.07539237],[73.29849255,17.07488561],[73.29814982,17.07488585],[73.29654741,17.07702684],[73.29581976,17.07553792],[73.29041934,17.07725906],[73.28856921,17.07525706],[73.28864264,17.05801392],[73.28772843,17.05344987],[73.28620565,17.05078125],[73.28510165,17.04840183],[73.27866077,17.04033685],[73.27892625,17.04012263],[73.28005481,17.03921115],[73.28767204,17.04697525],[73.28897905,17.04736257],[73.28986442,17.04736257],[73.29159534,17.04693747],[73.28868353,17.04631686],[73.28728378,17.04434371],[73.29483354,17.04433978],[73.29830587,17.0404824],[73.30354655,17.03919923],[73.30297601,17.03752601],[73.31078291,17.03741157],[73.31554675,17.03953958],[73.31720591,17.03866017],[73.31665671,17.03742945],[73.32001626,17.0377866],[73.31828177,17.03641415],[73.3192203,17.03547573],[73.31404758,17.03753114],[73.31375825,17.03658664],[73.31656182,17.03559101],[73.31596816,17.03366792],[73.31429303,17.03326142],[73.30856132,17.0351634],[73.30415976,17.03436506],[73.29535043,17.03959787],[73.29469192,17.03823924],[73.29368246,17.03938723],[73.29177058,17.03924453],[73.29239345,17.03692508],[73.29129875,17.03686285],[73.29021943,17.03875291],[73.28821313,17.03744686],[73.28587556,17.03772604],[73.28530622,17.03866887],[73.28754401,17.03865421],[73.28820646,17.03971672],[73.28623962,17.04064906],[73.28465855,17.03988898],[73.28384352,17.03692174],[73.28068042,17.03469408],[73.28041875,17.03234947],[73.28848064,17.02904487],[73.29311025,17.02216327],[73.28866065,17.01216853],[73.29009295,17.01038694],[73.28874874,17.00965047],[73.28876376,17.00673366],[73.28652024,17.00931013],[73.28652024,17.01466882],[73.28783667,17.01685786],[73.28652871,17.01766098],[73.2882601,17.01843905],[73.28994048,17.0215342],[73.28731215,17.02138746],[73.28270984,17.01795387],[73.27882898,17.02331185],[73.27552164,17.02545452],[73.27771366,17.03049195],[73.27797914,17.03279054],[73.27772152,17.0337007],[73.27498496,17.03702211],[73.27326345,17.03896773],[73.27265525,17.03929865],[73.26995277,17.03865898],[73.26971674,17.03890836],[73.2701112,17.04018307],[73.26905155,17.04088986],[73.26993716,17.04284465],[73.26852155,17.04511023],[73.26591003,17.04738057],[73.26332331,17.04851973],[73.2625221,17.04863572],[73.25705946,17.0482645],[73.25646007,17.04780471],[73.25594115,17.04693794],[73.25567126,17.04317844],[73.25760663,17.03632832],[73.25748897,17.0321722],[73.25454354,17.0272454],[73.25740767,17.01973867],[73.25778365,17.01955998],[73.26479685,17.02071762],[73.26731861,17.0245136],[73.27130616,17.02410388],[73.27172136,17.0226444],[73.27388775,17.02366757],[73.27591717,17.02330565],[73.27662361,17.02304387],[73.27991664,17.0187726],[73.28411365,17.01110601],[73.28426027,17.01069951],[73.28280914,17.00072134],[73.27759385,17.00096667],[73.27610445,16.99837863],[73.27422166,16.99747884],[73.27322471,16.99986112],[73.27087772,16.99892402],[73.26952565,16.99991155],[73.26818585,16.99538267],[73.26857853,16.9905014],[73.27102864,16.98651767],[73.27252388,16.98571408],[73.27389801,16.9856379],[73.27436197,16.98609567],[73.27686441,16.99163413],[73.27860546,16.99210966],[73.2849251,16.98884714],[73.29046214,16.98877871],[73.29552186,16.98450434],[73.29799128,16.98210001],[73.30417633,16.98372078],[73.30658054,16.98058414],[73.30639505,16.97539735],[73.30819166,16.97141063],[73.30915344,16.9728744],[73.30998063,16.9720633],[73.31151998,16.97290206],[73.31078315,16.96743846],[73.31012034,16.96655703],[73.30890632,16.96693444],[73.30946887,16.96954596],[73.30870891,16.96972501],[73.3078835,16.96518517],[73.30974233,16.96328962],[73.31375337,16.96149552],[73.31697142,16.96152651],[73.31755674,16.96054625],[73.31806374,16.96044362],[73.32332516,16.96207654],[73.32520783,16.96782494],[73.33234561,16.97579467],[73.33638406,16.97704744],[73.34423816,16.97539151],[73.34450817,16.97504103],[73.34452248,16.97448504],[73.34441864,16.9739778],[73.33310986,16.97501862],[73.33008397,16.97203255],[73.32702065,16.96407306],[73.32317185,16.95876181],[73.31620252,16.95923614],[73.31134045,16.95822883],[73.31040013,16.95860827],[73.31073165,16.95977223],[73.30600905,16.96312296],[73.30450034,16.97070074],[73.30220282,16.97499025],[73.29515767,16.98066855],[73.29496872,16.98063087],[73.29385996,16.97781062],[73.29399371,16.96699154],[73.29181111,16.96280944],[73.29199874,16.95625031],[73.28773522,16.95204127],[73.28408444,16.95339727],[73.28190792,16.94906461],[73.28442812,16.94411683],[73.28377295,16.94178295],[73.28617501,16.93847644],[73.28731334,16.93436897],[73.28698695,16.93182325],[73.28289378,16.93105543],[73.28220177,16.92855906],[73.28259122,16.92452586],[73.28675306,16.91706133],[73.28500807,16.91475975],[73.28583956,16.91306746],[73.28408384,16.91034663],[73.28416526,16.90832555],[73.27936733,16.90389895],[73.28033662,16.89751673],[73.27718115,16.8930186],[73.27719104,16.89244223],[73.27881336,16.89162576],[73.28133392,16.89156806],[73.2863456,16.89259601],[73.28745675,16.89356995],[73.28778565,16.89660466],[73.29544437,16.89760101],[73.29776084,16.89665437],[73.3007009,16.89257884],[73.30352783,16.89123154],[73.30416453,16.89105046],[73.30904412,16.89143157],[73.31052625,16.89097512],[73.31331146,16.88932776],[73.31343257,16.88787258],[73.31263852,16.88758707],[73.31171107,16.88920045],[73.30881643,16.89026034],[73.30506194,16.88932335],[73.30177307,16.89065421],[73.29715645,16.88964057],[73.29661345,16.88938868],[73.29389691,16.88745368],[73.29133153,16.88367915],[73.28650105,16.88149846],[73.28610313,16.88072944],[73.28607213,16.875],[73.28593504,16.87348771],[73.28819954,16.87280691],[73.29003727,16.87039185],[73.29294646,16.87039363],[73.29509437,16.8615787],[73.29511642,16.85800683],[73.29406464,16.85964775],[73.29260194,16.85985815],[73.28813052,16.85778451],[73.28854752,16.85653734],[73.29260004,16.85474634],[73.29218554,16.85311055],[73.29016686,16.85206044],[73.29258335,16.85137928],[73.29338813,16.84909356],[73.28802252,16.84455895],[73.28902757,16.84308362],[73.29088068,16.84379935],[73.294173,16.83858144],[73.29285204,16.83557951],[73.29472673,16.83350563],[73.29429221,16.83113265],[73.2965734,16.82793832],[73.29697263,16.82365704],[73.29528081,16.82155037],[73.29559541,16.81656754],[73.29573405,16.81621325],[73.30366588,16.80865216],[73.30801725,16.80858564],[73.31172204,16.80670321],[73.31560087,16.80691874],[73.32215607,16.81185675],[73.32664061,16.82044554],[73.33074582,16.81963432],[73.33110356,16.81929421],[73.33710945,16.81154442],[73.34143353,16.80261338],[73.34498,16.79996657],[73.34380257,16.79280853],[73.33912182,16.78641701],[73.3402791,16.77469063],[73.34147084,16.77169752],[73.34440255,16.76655591],[73.35485351,16.75859666],[73.35746396,16.75316286],[73.36336303,16.74706554],[73.36296582,16.74568796],[73.36163843,16.74583566],[73.35664535,16.75120163],[73.35590386,16.75219905],[73.35240936,16.75878525],[73.34104085,16.76631355],[73.34057212,16.76716053],[73.33654201,16.78475666],[73.33726084,16.78783906],[73.34080005,16.79282916],[73.34133887,16.79528975],[73.34121573,16.79570508],[73.33314705,16.81099975],[73.33285451,16.81138122],[73.32957137,16.81274974],[73.32644057,16.81279898],[73.32245135,16.80793774],[73.31801975,16.80577171],[73.31796646,16.80564904],[73.31643963,16.80125105],[73.31760156,16.7952075],[73.31135416,16.78783691],[73.31002355,16.78560495],[73.30768681,16.77978861],[73.30754948,16.77910376],[73.30716026,16.77089512],[73.30701983,16.77018654],[73.30529594,16.76688063],[73.30503583,16.75054002],[73.30728757,16.74797881],[73.30582094,16.74620116],[73.30669272,16.73231411],[73.30575812,16.72893715],[73.30967724,16.72616482],[73.31012726,16.7226932],[73.31170392,16.72140062],[73.31130326,16.71575165],[73.31536484,16.71250963],[73.31864512,16.70537198],[73.31736982,16.69921875],[73.31740117,16.69851983],[73.31866038,16.69624984],[73.32453537,16.69088721],[73.33032596,16.68751872],[73.33445215,16.68763101],[73.33585036,16.68601656],[73.33863401,16.68633926],[73.3398391,16.68514216],[73.33806443,16.68448591],[73.33410263,16.68569374],[73.32959294,16.6854074],[73.32933295,16.67957628],[73.33336985,16.65365756],[73.32986188,16.64722717],[73.32914937,16.64675105],[73.32830167,16.64653087],[73.32434273,16.64838111],[73.32217693,16.64401782],[73.32283163,16.63890314],[73.32402611,16.63630641],[73.32713687,16.63675547],[73.32965565,16.63846564],[73.32879937,16.64011681],[73.32939756,16.64107907],[73.33003676,16.64144838],[73.33296084,16.64143062],[73.33752644,16.63800454],[73.34005642,16.63780272],[73.34059322,16.63418245],[73.33956337,16.63204372],[73.34216571,16.628515],[73.34195793,16.62812424],[73.34082246,16.62684906],[73.3405261,16.62677968],[73.33847487,16.62802303],[73.33562827,16.62697613],[73.33163023,16.62346542],[73.33008802,16.62164581],[73.33038378,16.62077475],[73.33356488,16.61922336],[73.33446467,16.61927891],[73.33554494,16.61969686],[73.33777607,16.62372613],[73.33948135,16.62317085],[73.34075952,16.62076783],[73.3454082,16.62084413],[73.34830046,16.62195754],[73.34995878,16.62338257],[73.35951805,16.63047516],[73.35991216,16.63071752],[73.36264813,16.63224733],[73.36495304,16.63225436],[73.36629367,16.63361323],[73.36570704,16.63681722],[73.36781454,16.63767636],[73.36832047,16.63782084],[73.36912954,16.6373713],[73.37106085,16.63217425],[73.37607717,16.63185227],[73.38028014,16.63330317],[73.38765693,16.63290465],[73.39155126,16.62568867],[73.39293563,16.61914945],[73.39519775,16.61791885],[73.39447105,16.61698234],[73.38828325,16.61690271],[73.38548875,16.6153661],[73.38146281,16.60602987],[73.38190985,16.60386908],[73.38509715,16.60103261],[73.39378786,16.59678996],[73.39847076,16.59210801],[73.40030515,16.59159136],[73.40804744,16.59455657],[73.41622806,16.59266341],[73.42041552,16.59266341],[73.42548788,16.59353781],[73.43370986,16.59601164],[73.43606985,16.59522104],[73.43615651,16.59454513],[73.43605185,16.59393382],[73.43247974,16.5939995],[73.42082274,16.59071016],[73.41651106,16.59071016],[73.40999353,16.59316242],[73.40715313,16.59316325],[73.40155447,16.59058177],[73.39857996,16.59078121],[73.39794457,16.5909965],[73.38053834,16.60316253],[73.38194728,16.61506498],[73.38029873,16.61927295],[73.37893474,16.62129295],[73.37368345,16.6280061],[73.37183654,16.62950802],[73.37104082,16.62996686],[73.36761212,16.63006055],[73.36481071,16.62964821],[73.36437094,16.62946415],[73.3618834,16.62657773],[73.35880005,16.62563264],[73.35744393,16.62402022],[73.35508394,16.62431586],[73.35479808,16.62415755],[73.35401428,16.6222378],[73.3521229,16.6224122],[73.35192037,16.62210143],[73.35197091,16.61370826],[73.35120571,16.61200511],[73.35101426,16.61167765],[73.35041904,16.61139512],[73.34825373,16.61302948],[73.34689975,16.61267734],[73.34058857,16.60627735],[73.34103215,16.60502052],[73.34482014,16.60353172],[73.34654415,16.60142076],[73.34852874,16.60303855],[73.34961927,16.6027323],[73.35046494,16.59777081],[73.35272586,16.59669971],[73.35196435,16.59484184],[73.34895051,16.59628797],[73.34695327,16.59551132],[73.34682858,16.59863734],[73.34104323,16.60122335],[73.34053755,16.60155535],[73.34067702,16.60328674],[73.33936822,16.60457778],[73.33581674,16.60536885],[73.33322465,16.60748482],[73.33107901,16.60805476],[73.32943833,16.60793698],[73.32474661,16.60566151],[73.32087338,16.60717952],[73.3203603,16.6067059],[73.31900942,16.60307455],[73.31682801,16.60141921],[73.31683517,16.60113323],[73.31971967,16.59858274],[73.31859601,16.59616578],[73.31934893,16.59304404],[73.32269752,16.58969545],[73.32260764,16.58336246],[73.33150208,16.57703125],[73.33413136,16.57684517],[73.33470047,16.57708645],[73.33642948,16.57948864],[73.33677697,16.57960284],[73.34026456,16.58026898],[73.34068692,16.58013284],[73.34171247,16.57946146],[73.34508455,16.57601094],[73.3442291,16.57506764],[73.34519696,16.57248485],[73.34512663,16.57183635],[73.34218013,16.56758511],[73.34224307,16.56723154],[73.34406722,16.56563675],[73.34713018,16.56449842],[73.35158706,16.56498027],[73.35273421,16.56423461],[73.35462916,16.56665611],[73.35764027,16.5682013],[73.36030102,16.56730247],[73.36229956,16.56826556],[73.36214972,16.56625891],[73.35501456,16.56567895],[73.35685945,16.56169414],[73.35555577,16.55659521],[73.35637867,16.55543566],[73.35763371,16.55592728],[73.36404502,16.55334568],[73.36609125,16.55396664],[73.37164497,16.55202532],[73.37475085,16.55207276],[73.38101316,16.55744243],[73.38090205,16.55540597],[73.38321376,16.55599403],[73.39268756,16.55435693],[73.3939079,16.55395973],[73.39415765,16.5527817],[73.39358222,16.55249476],[73.38765323,16.55409968],[73.37892604,16.55381751],[73.37745404,16.55275917],[73.37717426,16.55058515],[73.37383628,16.55001175],[73.36631525,16.55136883],[73.36085916,16.55107892],[73.35856175,16.55282438],[73.35698962,16.55265725],[73.3518846,16.556988],[73.35132682,16.55714905],[73.34629691,16.55664265],[73.34608614,16.55629873],[73.34717274,16.55170774],[73.35226345,16.55018628],[73.34996581,16.54963541],[73.34884453,16.54724896],[73.34910166,16.54631031],[73.35069084,16.54369235],[73.35111535,16.54334593],[73.35335004,16.54341125],[73.35413444,16.54187453],[73.35848892,16.54064143],[73.35994124,16.54233003],[73.36426115,16.54212976],[73.36772573,16.54461098],[73.37279785,16.54004705],[73.37200975,16.53915775],[73.36835861,16.54245615],[73.36589956,16.54129207],[73.36618996,16.53953481],[73.35870755,16.53904188],[73.35595596,16.53984201],[73.35440373,16.53922975],[73.35416055,16.53875387],[73.35570014,16.5333302],[73.35510802,16.53076804],[73.35568643,16.52941835],[73.35830987,16.52625716],[73.36519682,16.52355826],[73.36905634,16.52165318],[73.37589943,16.5170331],[73.38226545,16.51684487],[73.38268745,16.51672125],[73.38541794,16.5138849],[73.38811874,16.51317775],[73.39036715,16.51416552],[73.39095783,16.51405478],[73.39722586,16.51162803],[73.39906478,16.51151621],[73.40429378,16.51221895],[73.41196346,16.51701236],[73.42159951,16.5158745],[73.43511522,16.50487864],[73.44242334,16.50237346],[73.44578254,16.49997056],[73.46395767,16.49444914],[73.46678925,16.49444914],[73.47029281,16.49574065],[73.47584546,16.49896276],[73.4765625,16.49972093],[73.4765625,16.5],[73.48019338,16.50845742],[73.48059964,16.50896347],[73.49370241,16.51959097],[73.49526358,16.52030635],[73.50198305,16.52147734],[73.50953591,16.51725686],[73.51305628,16.51367176],[73.51462448,16.51516044],[73.51519954,16.51900661],[73.51666594,16.51999724],[73.51759756,16.5234375],[73.51799333,16.52416587],[73.52007115,16.52511156],[73.52263665,16.52512705],[73.52603734,16.5234375],[73.52993631,16.52258944],[73.53264475,16.52051806],[73.53437912,16.51781094],[73.53430736,16.51725757],[73.53292155,16.51708782],[73.53251195,16.51736104],[73.52767515,16.52220404],[73.52729487,16.52239931],[73.52390861,16.52329445],[73.52051342,16.52381074],[73.51963472,16.5234375],[73.51851034,16.52275407],[73.51647484,16.51545727],[73.51615131,16.51502383],[73.51348007,16.51330376],[73.51191366,16.51317561],[73.51092875,16.51341033],[73.50901401,16.51636124],[73.50783992,16.51695371],[73.50084317,16.51978064],[73.49764335,16.51978076],[73.49493933,16.51856661],[73.49404073,16.51794148],[73.48244107,16.50798106],[73.4765625,16.49637282],[73.4765625,16.49581456],[73.47390664,16.49327135],[73.46887708,16.49378896],[73.46709132,16.49305236],[73.45593047,16.49305403],[73.45132554,16.49409342],[73.44064724,16.50006688],[73.44028628,16.50021195],[73.43253171,16.50196195],[73.43016374,16.50375545],[73.42838621,16.50723696],[73.41680396,16.51324916],[73.41175783,16.51295757],[73.40750504,16.51025474],[73.40151835,16.50900817],[73.391819,16.50900841],[73.38589895,16.50995135],[73.38148344,16.51193213],[73.36953032,16.51091397],[73.36704075,16.51298344],[73.36458874,16.51025176],[73.35196066,16.50666475],[73.35014725,16.50462711],[73.35076058,16.50269091],[73.35639894,16.4968096],[73.35756385,16.49177086],[73.36329305,16.47962976],[73.36573791,16.48044336],[73.36697912,16.48895705],[73.36903656,16.49114835],[73.37230492,16.4926542],[73.37986696,16.4929986],[73.37566793,16.49074221],[73.37646806,16.48970485],[73.38479531,16.49411404],[73.37959504,16.49016476],[73.38057005,16.4896512],[73.38731873,16.49377155],[73.38353085,16.49072266],[73.38406146,16.4865123],[73.38278961,16.48400867],[73.38149655,16.48379171],[73.37809944,16.48669791],[73.3754909,16.48643446],[73.37350595,16.48824406],[73.36929715,16.48780715],[73.36982775,16.47843373],[73.36556447,16.47496307],[73.36085963,16.48006427],[73.35988665,16.48567164],[73.34923875,16.50471461],[73.35061336,16.5070734],[73.35137665,16.50748718],[73.36270034,16.51136172],[73.36399412,16.51326466],[73.36403286,16.51577568],[73.36234713,16.51812232],[73.35925615,16.52025676],[73.3529284,16.52303612],[73.35297763,16.5234375],[73.35258424,16.5234375],[73.34756756,16.52930582],[73.34566724,16.54158175],[73.3406471,16.54677772],[73.34056628,16.55124497],[73.33793068,16.55620241],[73.33629882,16.55738974],[73.33538246,16.56072414],[73.33418667,16.56184924],[73.33353746,16.5621351],[73.33192265,16.56193483],[73.3315134,16.56157112],[73.33153141,16.56065917],[73.33340025,16.55800807],[73.33213496,16.55665624],[73.32648766,16.55761886],[73.3245095,16.55294025],[73.32170725,16.55169404],[73.32185113,16.55372047],[73.31978893,16.55635345],[73.31782746,16.55603516],[73.31920576,16.55009258],[73.31538343,16.54559612],[73.3144505,16.54143393],[73.31102765,16.54180253],[73.31244516,16.53912056],[73.31031811,16.53922057],[73.31715906,16.53071511],[73.31729448,16.53025746],[73.31599057,16.5274173],[73.31599033,16.52705574],[73.31677556,16.5234375],[73.31721067,16.5234375],[73.31850612,16.51892591],[73.31650555,16.51345742],[73.32240474,16.51649916],[73.32540643,16.51307833],[73.33220232,16.48812246],[73.33681023,16.48031235],[73.34039474,16.47926664],[73.34170985,16.47779608],[73.34243286,16.46688175],[73.3468014,16.45835066],[73.34796154,16.45125973],[73.35082543,16.44570005],[73.35296488,16.44451463],[73.35517907,16.44618046],[73.35837316,16.44283617],[73.36209297,16.4425168],[73.36492217,16.43932021],[73.36336017,16.43917596],[73.36150765,16.44088292],[73.35833037,16.44127238],[73.35743105,16.44098115],[73.35710263,16.44016886],[73.35969651,16.42827988],[73.35822475,16.42668545],[73.35790932,16.42502606],[73.35803306,16.42430067],[73.36096883,16.42309845],[73.36223531,16.41857088],[73.36251986,16.41800535],[73.36486924,16.41559374],[73.36541045,16.41444707],[73.36707366,16.40972376],[73.36709726,16.40923667],[73.36515987,16.40726244],[73.36540711,16.40504467],[73.36599481,16.40275621],[73.36760104,16.40080273],[73.36537087,16.39870918],[73.36617255,16.39723384],[73.36914682,16.39575064],[73.36941957,16.39569712],[73.37614155,16.39690638],[73.37759435,16.39581895],[73.37834275,16.39571404],[73.38030875,16.39602542],[73.38091111,16.39624357],[73.38369215,16.39854217],[73.38665688,16.40334821],[73.39251232,16.40057945],[73.39830983,16.40126443],[73.39887154,16.40146208],[73.40383625,16.40499234],[73.40652525,16.40997934],[73.40895236,16.41112578],[73.40988123,16.41028464],[73.41217268,16.41100955],[73.41354847,16.41320741],[73.41480506,16.4120543],[73.42896342,16.41018558],[73.4348948,16.41204715],[73.43731678,16.41102242],[73.439767,16.41262555],[73.44500172,16.41216171],[73.44797337,16.41343725],[73.45927918,16.41382503],[73.45909822,16.41235483],[73.45777714,16.41185725],[73.42982995,16.40682244],[73.42887914,16.40843022],[73.4222573,16.40828872],[73.42057943,16.40787697],[73.42090416,16.40711653],[73.41334057,16.40868056],[73.41066611,16.40776706],[73.40760088,16.40647793],[73.40559614,16.40518105],[73.40518022,16.40378916],[73.40557873,16.39695501],[73.40497243,16.39502406],[73.4012475,16.38964164],[73.39610565,16.38958097],[73.39164627,16.39434051],[73.38862336,16.39490104],[73.38476312,16.39094305],[73.38001776,16.38824666],[73.37806201,16.38012993],[73.37407672,16.37631774],[73.37311876,16.37664962],[73.37307346,16.37960613],[73.37529254,16.38585866],[73.37401366,16.38920474],[73.37206376,16.39000523],[73.37035537,16.38791466],[73.36920786,16.38060665],[73.36720181,16.37948942],[73.36671841,16.37780786],[73.3678236,16.37574935],[73.36819458,16.37549245],[73.37112927,16.37498546],[73.37195754,16.37355506],[73.37210393,16.3720957],[73.37196207,16.37152076],[73.36828518,16.36479151],[73.36813796,16.36368406],[73.36922204,16.36210716],[73.37262821,16.35962665],[73.37544715,16.35955596],[73.37744594,16.36192834],[73.37781036,16.3619796],[73.38159585,16.36111176],[73.38210452,16.36085773],[73.38363576,16.35860026],[73.38530362,16.3593564],[73.3869946,16.36285281],[73.3909893,16.36542022],[73.3934859,16.35865474],[73.39922965,16.35957742],[73.40522945,16.3589015],[73.4066354,16.35782146],[73.40700364,16.35787225],[73.40811312,16.3598783],[73.41068411,16.36166811],[73.41126573,16.36186922],[73.41184723,16.36014652],[73.41171014,16.35922766],[73.41034663,16.35800946],[73.40430045,16.35594213],[73.3944149,16.35463154],[73.39030576,16.36135018],[73.38937032,16.36151505],[73.38874435,16.36114121],[73.38736701,16.35726297],[73.39019835,16.34765625],[73.39056027,16.34765625],[73.39056027,16.34667957],[73.38817823,16.34418094],[73.38800764,16.34380984],[73.38571572,16.33671606],[73.39559817,16.33113491],[73.39440346,16.32627976],[73.3963325,16.32034016],[73.39590693,16.31859016],[73.39376295,16.31715083],[73.3938179,16.31458426],[73.3980844,16.30861068],[73.39897215,16.30152535],[73.40063632,16.29946125],[73.40427637,16.29866767],[73.40519941,16.29705477],[73.41077316,16.2777878],[73.41094625,16.27786136],[73.41201866,16.27951813],[73.41120684,16.28495967],[73.41493571,16.28750551],[73.41718137,16.29201555],[73.41792583,16.29205894],[73.41810906,16.28870881],[73.41599762,16.28696418],[73.41770732,16.28569973],[73.43182206,16.28439558],[73.43573475,16.28642464],[73.43421924,16.28406215],[73.42975998,16.28329015],[73.42183816,16.28398287],[73.41499984,16.28323436],[73.41157675,16.27527964],[73.41137648,16.27297401],[73.41213596,16.26769292],[73.41663134,16.25091565],[73.41644931,16.24737084],[73.41970146,16.24328792],[73.42051744,16.23764527],[73.42423284,16.22699261],[73.42471302,16.21795094],[73.42738354,16.21372521],[73.42767525,16.20863914],[73.42661905,16.20442462],[73.43014944,16.19887185],[73.43507767,16.20190501],[73.43671501,16.20318794],[73.43968952,16.20800543],[73.44287205,16.21068382],[73.44348264,16.21170425],[73.44344735,16.21495247],[73.44582236,16.22209585],[73.44732761,16.224509],[73.44746566,16.22423696],[73.44428134,16.20909071],[73.44267964,16.20693696],[73.44387877,16.20633686],[73.44662702,16.20730507],[73.44904983,16.21205795],[73.44883585,16.20781243],[73.44730341,16.20565021],[73.44301951,16.20434988],[73.44088936,16.20608175],[73.43922484,16.20358372],[73.43951285,16.20128751],[73.44427335,16.20225966],[73.44458997,16.19887841],[73.44339037,16.19821191],[73.44140673,16.19992495],[73.44097543,16.20012331],[73.43679965,16.20135677],[73.43596005,16.20069444],[73.43582416,16.20052493],[73.44166505,16.18540823],[73.44172752,16.17987764],[73.44402123,16.171875],[73.44404805,16.171875],[73.44671822,16.15965354],[73.44976401,16.15270114],[73.45268774,16.13552594],[73.45730758,16.12046087],[73.45772314,16.10423934],[73.46074104,16.09753013],[73.46099842,16.09729397],[73.46178818,16.09750021],[73.46172607,16.10022593],[73.45950985,16.11461151],[73.46172595,16.11927998],[73.46167386,16.12193084],[73.46109867,16.12975264],[73.46090507,16.13068271],[73.4594655,16.13234842],[73.45863736,16.13525104],[73.45888245,16.13648307],[73.46409261,16.14484942],[73.46516073,16.14803243],[73.46407163,16.15219116],[73.46527004,16.15379512],[73.47583854,16.16179812],[73.4765625,16.16183031],[73.4765625,16.16210926],[73.47972524,16.16416335],[73.48149765,16.171875],[73.4849385,16.17398787],[73.48999321,16.17970192],[73.49075735,16.18003118],[73.49274588,16.18050587],[73.50267923,16.18018413],[73.50701094,16.17892277],[73.51040626,16.17947686],[73.51243257,16.17999578],[73.51652753,16.18130445],[73.52408516,16.1852113],[73.52920353,16.1890434],[73.52957892,16.18923485],[73.53608036,16.19236934],[73.53669167,16.19172537],[73.53646457,16.19064927],[73.52783585,16.18634605],[73.52123582,16.18149793],[73.51730037,16.17975307],[73.51560914,16.17915893],[73.50946772,16.17748475],[73.50631523,16.17725241],[73.49714446,16.17798376],[73.49127805,16.17696404],[73.48819053,16.1759727],[73.48498142,16.171875],[73.48446703,16.17081952],[73.48115373,16.15948915],[73.47759414,16.15597165],[73.4765625,16.15597093],[73.47606552,16.15599275],[73.47455466,16.15772796],[73.47317123,16.15776253],[73.47269988,16.15761554],[73.46788347,16.15351772],[73.46726584,16.14840937],[73.46553743,16.14465225],[73.46559298,16.14157104],[73.4682101,16.13767433],[73.46922565,16.13356745],[73.46909988,16.13246143],[73.46872723,16.13164926],[73.46440303,16.12819254],[73.46386445,16.12509215],[73.46574545,16.11635387],[73.46530283,16.10531366],[73.46893144,16.09624004],[73.4688549,16.09565127],[73.46461666,16.08694816],[73.46070385,16.08572543],[73.45991588,16.08573484],[73.45872891,16.08610237],[73.45817387,16.08608055],[73.45806003,16.08569694],[73.45906508,16.08373022],[73.45719123,16.08096087],[73.45730424,16.08044982],[73.45795417,16.07989621],[73.46229768,16.0799731],[73.46339214,16.07910311],[73.46788394,16.07002735],[73.4668771,16.06958616],[73.46513712,16.07136214],[73.46356738,16.07051778],[73.46399868,16.06738281],[73.46132672,16.06297636],[73.45520604,16.06264245],[73.45536995,16.05845416],[73.45685673,16.05701256],[73.45515037,16.05513692],[73.45538068,16.05431747],[73.45696354,16.05288255],[73.45984757,16.05543125],[73.46628654,16.05409455],[73.46661353,16.05390906],[73.46822083,16.05200136],[73.46855331,16.04637325],[73.4765625,16.04380584],[73.47752917,16.04349744],[73.48088205,16.03999555],[73.48231852,16.03750134],[73.48320878,16.03584576],[73.49094546,16.01101923],[73.48885572,15.99844742],[73.48874533,15.99609375],[73.48875272,15.98792458],[73.48997986,15.98504674],[73.49167538,15.98200452],[73.50025415,15.96964514],[73.50193906,15.96826506],[73.50227416,15.96834266],[73.50263357,15.96862781],[73.50147772,15.97524905],[73.49812996,15.98099625],[73.49457753,15.98372746],[73.49186671,15.98813331],[73.49119365,15.99097157],[73.49272156,15.98965621],[73.49025822,15.99311614],[73.49135601,15.99609375],[73.49136805,15.99609375],[73.4915632,15.9968425],[73.49169004,16.00209332],[73.49475682,16.00725043],[73.49913013,16.01033783],[73.50543475,16.01107943],[73.51594663,16.01652777],[73.51667893,16.01667404],[73.53163612,16.01804864],[73.54231095,16.01654768],[73.55689323,16.01693487],[73.57013476,16.01318598],[73.57498443,16.01529467],[73.57857895,16.02056801],[73.57897353,16.02081144],[73.58499241,16.02260041],[73.58760631,16.02257085],[73.59685636,16.01782608],[73.60283875,16.01175785],[73.60502636,16.01025581],[73.60788393,16.00933313],[73.60980368,16.00946176],[73.61301815,16.01000261],[73.61330831,16.01013434],[73.62167001,16.01515603],[73.62340117,16.01678348],[73.62478316,16.02158535],[73.62652445,16.02175713],[73.62309444,16.01371324],[73.60913873,16.00808764],[73.60551965,16.00844884],[73.59924853,16.01397085],[73.58688784,16.02155876],[73.58594894,16.02168667],[73.58486807,16.02169144],[73.57857394,16.01943076],[73.57523775,16.01300526],[73.57256401,16.0110625],[73.57188833,16.01095796],[73.56760573,16.01305473],[73.55617607,16.01531553],[73.54375768,16.01402271],[73.53884614,16.01584482],[73.53382325,16.01510417],[73.52552843,16.01587296],[73.51463115,16.01152134],[73.51145744,16.00879467],[73.50115645,16.00591934],[73.49752593,16.00210285],[73.49637413,15.99679732],[73.49659371,15.99609375],[73.49696171,15.99595726],[73.49711168,15.99525714],[73.49516821,15.99361944],[73.49523425,15.99314535],[73.49573255,15.99237931],[73.49778521,15.99182844],[73.49782205,15.9883908],[73.49895453,15.98619902],[73.50036907,15.98399782],[73.50078952,15.98371255],[73.50409043,15.98300087],[73.50651026,15.9736551],[73.50551605,15.97007096],[73.50669956,15.96519065],[73.50669897,15.96251547],[73.50407636,15.95716155],[73.50158298,15.95578766],[73.50872028,15.94297278],[73.51026142,15.93701816],[73.51293755,15.93701243],[73.51481915,15.93907845],[73.51697314,15.93796611],[73.52168953,15.93830216],[73.52796078,15.93398798],[73.5319885,15.93272996],[73.53505456,15.93706906],[73.53704774,15.93735862],[73.54034042,15.93617702],[73.54957485,15.92755687],[73.55389893,15.92642415],[73.56570375,15.91957045],[73.56907141,15.91268253],[73.57782745,15.91167605],[73.57908118,15.90991294],[73.58606362,15.90942454],[73.59054625,15.91229224],[73.59060442,15.90942121],[73.58802772,15.90917957],[73.59032881,15.90611172],[73.59142602,15.90067065],[73.59591866,15.89633787],[73.59681225,15.89133012],[73.59980595,15.88910782],[73.59864211,15.88806665],[73.59920895,15.88667834],[73.60285985,15.88497448],[73.60626364,15.87467563],[73.60985303,15.8685714],[73.60996032,15.86453021],[73.61301637,15.85473144],[73.61864626,15.85212231],[73.61920392,15.85339296],[73.61798716,15.85680997],[73.62103522,15.85845006],[73.62307251,15.85481083],[73.62592304,15.85247755],[73.62949193,15.84585047],[73.63871038,15.8203125],[73.63915646,15.8203125],[73.63899374,15.81784892],[73.63662887,15.81748676],[73.63640583,15.81712532],[73.63654947,15.81570327],[73.63703442,15.81484664],[73.64064646,15.81096184],[73.64363134,15.8108021],[73.64494145,15.80532324],[73.64999092,15.80269897],[73.65281177,15.79430187],[73.65335596,15.79420793],[73.65448046,15.79530632],[73.65656722,15.8011564],[73.65990162,15.80248475],[73.66113341,15.80369043],[73.66134715,15.80409312],[73.66176164,15.80758286],[73.66310096,15.80767107],[73.66329336,15.80744576],[73.66182816,15.80339444],[73.65808856,15.80015743],[73.65636992,15.79253328],[73.65439022,15.79181492],[73.65412951,15.79132247],[73.65401351,15.79058754],[73.65541744,15.78531551],[73.66112375,15.77056074],[73.66227353,15.76637685],[73.66318154,15.76264131],[73.66309607,15.75794125],[73.66323614,15.75768185],[73.66799533,15.75834024],[73.67346215,15.75554013],[73.67484236,15.75323415],[73.67228675,15.75285137],[73.66652644,15.75651205],[73.66584134,15.75471842],[73.66137397,15.75194335],[73.65787494,15.74740458],[73.65368724,15.74856913],[73.65295422,15.74654627],[73.64840281,15.74580204],[73.65277708,15.74564588],[73.65579915,15.74119473],[73.66439784,15.73752356],[73.66838396,15.73111582],[73.67159295,15.73102331],[73.67526054,15.72704732],[73.68002582,15.72503126],[73.67984354,15.72103691],[73.68021154,15.72080123],[73.68245971,15.72178197],[73.68332207,15.72012246],[73.68638015,15.72026873],[73.68722141,15.72092664],[73.68837142,15.72230351],[73.68915844,15.72256231],[73.69582474,15.72125578],[73.69675922,15.72258496],[73.69637084,15.7257452],[73.70045495,15.72715783],[73.70451403,15.73013532],[73.7048316,15.73020732],[73.70521057,15.72904766],[73.70505476,15.72841334],[73.70302355,15.72640002],[73.70355821,15.72584021],[73.71090114,15.72784138],[73.72059214,15.72513795],[73.72198892,15.72537506],[73.73143256,15.72824907],[73.73334551,15.72934902],[73.73363197,15.72955275],[73.73521447,15.73287988],[73.74164963,15.73697615],[73.74236202,15.73709285],[73.75149131,15.73579955],[73.75612557,15.73653436],[73.75708604,15.73627484],[73.76145434,15.73435914],[73.76124656,15.73379707],[73.76076937,15.73359418],[73.75314462,15.7339009],[73.74705684,15.73541856],[73.74153781,15.73422563],[73.73715246,15.7322247],[73.7354902,15.73032928],[73.73264611,15.72384954],[73.72526133,15.72226465],[73.72509527,15.72033215],[73.72480333,15.72026181],[73.72004116,15.72411394],[73.70961428,15.72426546],[73.70329964,15.71878004],[73.70217955,15.7184031],[73.69401753,15.71821451],[73.69117844,15.71981263],[73.69003344,15.71813774],[73.68967152,15.7169131],[73.68974686,15.71655905],[73.69272983,15.70982075],[73.69358325,15.70649326],[73.69352376,15.70263183],[73.69521618,15.69959581],[73.69707036,15.699072],[73.69789732,15.69205916],[73.70002496,15.69202316],[73.70153594,15.69071686],[73.70546305,15.67588937],[73.71098387,15.66841197],[73.71329784,15.65667725],[73.71559572,15.65349185],[73.71515644,15.64960504],[73.71529675,15.64903724],[73.71712053,15.64453125],[73.71721184,15.64453125],[73.72296965,15.63020694],[73.72771311,15.62751532],[73.73316956,15.61686504],[73.73499978,15.61591434],[73.73617995,15.61411834],[73.73744547,15.61546123],[73.73845136,15.61701596],[73.74027812,15.62329662],[73.74070001,15.62370014],[73.75136662,15.63006258],[73.75411487,15.63456082],[73.75948882,15.63481092],[73.76034975,15.63523686],[73.76324642,15.6395961],[73.76739812,15.64103663],[73.77010572,15.64298475],[73.77136517,15.64453125],[73.77189815,15.64453125],[73.77505314,15.64809346],[73.77581477,15.65220201],[73.77626956,15.65301275],[73.77739406,15.65398085],[73.77942395,15.65450144],[73.78570426,15.65466642],[73.78724182,15.65424132],[73.79524887,15.64960575],[73.80017614,15.65098298],[73.80247724,15.65312576],[73.80399942,15.65212011],[73.80654204,15.65255606],[73.80998075,15.65563321],[73.81374896,15.65594172],[73.81889605,15.65465796],[73.82304001,15.65534794],[73.828125,15.65429676],[73.83278728,15.65286136],[73.83717501,15.64878416],[73.8376466,15.64851046],[73.83893216,15.64834976],[73.83950257,15.64869905],[73.84049261,15.65033007],[73.84011066,15.66498745],[73.84857202,15.66947567],[73.85440755,15.67680407],[73.85725617,15.67807055],[73.85903585,15.6776309],[73.85917556,15.67738652],[73.85497725,15.67464066],[73.85090685,15.66974366],[73.84849822,15.66799784],[73.84148765,15.66474032],[73.84215355,15.64904797],[73.83981955,15.64628208],[73.82823515,15.65027535],[73.81853855,15.65368521],[73.81739044,15.65367985],[73.81361055,15.65314805],[73.80189538,15.64790952],[73.79578876,15.64817226],[73.78852141,15.65147734],[73.78395796,15.65147722],[73.77842617,15.64961708],[73.77804351,15.6494385],[73.77566588,15.64453125],[73.77599871,15.64453125],[73.77345085,15.63823044],[73.77200091,15.63646996],[73.77034402,15.63508105],[73.76918435,15.63463807],[73.76868796,15.63456905],[73.76689255,15.63556492],[73.75973666,15.63103843],[73.75492072,15.63064766],[73.75119257,15.62588954],[73.7485975,15.62428868],[73.7482146,15.62120688],[73.75481653,15.61666834],[73.75188065,15.60946083],[73.74237323,15.60466886],[73.73916864,15.60881627],[73.73521948,15.60871816],[73.73110712,15.60789955],[73.73340023,15.60393405],[73.73332763,15.60105956],[73.73229575,15.59998977],[73.73412645,15.59331441],[73.73143423,15.59054232],[73.73639894,15.58553565],[73.73729873,15.58081305],[73.7397387,15.57646084],[73.74181891,15.57043135],[73.74080861,15.56392574],[73.74508846,15.56055236],[73.74807382,15.56147635],[73.74837744,15.56127691],[73.75103045,15.55742705],[73.75116813,15.55704725],[73.76637995,15.50598752],[73.76724684,15.49982381],[73.76452303,15.49750793],[73.76438522,15.49514127],[73.76694477,15.49341154],[73.76793301,15.4905858],[73.77498317,15.48968685],[73.7790364,15.49238324],[73.78104222,15.49177361],[73.7860589,15.49241734],[73.78708148,15.4930166],[73.78793538,15.49468708],[73.78789711,15.4952234],[73.78588045,15.49731326],[73.78916562,15.49959505],[73.78946471,15.49965656],[73.79640377,15.49810493],[73.80204415,15.49538696],[73.80441332,15.4948709],[73.80492652,15.49477768],[73.81004095,15.49585044],[73.81259131,15.50016546],[73.81210792,15.50534022],[73.81514013,15.50977945],[73.81560862,15.51002204],[73.81820774,15.51051784],[73.82106066,15.50971222],[73.82420981,15.50557697],[73.828125,15.50474334],[73.82989264,15.50540853],[73.83171725,15.50544631],[73.83476007,15.50425041],[73.84281147,15.50632155],[73.84310091,15.50652313],[73.84434605,15.51280665],[73.84727001,15.50973368],[73.85721576,15.51128995],[73.85868216,15.51041555],[73.86730194,15.51095235],[73.86765385,15.51105905],[73.8714478,15.51303124],[73.88131964,15.51989281],[73.88513935,15.5237112],[73.88998616,15.53173947],[73.89731348,15.53696835],[73.89712286,15.54207838],[73.89831316,15.54481006],[73.90645194,15.54713571],[73.90817046,15.54940081],[73.91167176,15.5491786],[73.91719306,15.54650617],[73.92063212,15.54138911],[73.92479324,15.54015696],[73.92585766,15.53819001],[73.9282099,15.53772295],[73.94057906,15.54468703],[73.94544291,15.54868984],[73.94932282,15.55025876],[73.95059025,15.55016625],[73.95606172,15.54809451],[73.95963895,15.54462016],[73.9631654,15.54294646],[73.96438563,15.54053867],[73.96660531,15.53976464],[73.97034442,15.52909005],[73.97236598,15.52704215],[73.98300922,15.52329683],[73.99704373,15.51447833],[73.99924207,15.50901186],[73.99989295,15.50241065],[74.01838696,15.49759495],[74.02147782,15.49457705],[74.02323365,15.49095404],[74.02321577,15.48257637],[74.02861512,15.48071313],[74.02873731,15.4803164],[74.02780414,15.47906804],[74.02525616,15.47908473],[74.02233565,15.48104453],[74.02206731,15.48828924],[74.01906204,15.49438322],[74.01433063,15.4969604],[74.00405097,15.49807632],[74.00061953,15.49974418],[73.9981451,15.50356746],[73.99517357,15.51267874],[73.99160922,15.51608622],[73.98501003,15.51950073],[73.97814941,15.52077365],[73.97023284,15.52456915],[73.96470642,15.53588247],[73.95962214,15.53871322],[73.95485306,15.54596055],[73.9498651,15.54907894],[73.9495753,15.54906142],[73.94524717,15.54650831],[73.9373852,15.53853345],[73.93356943,15.53633428],[73.92872453,15.53534055],[73.93263447,15.53166378],[73.93317044,15.52910972],[73.93259954,15.52774262],[73.9323467,15.5272454],[73.92907906,15.52563393],[73.92703581,15.52100444],[73.92400515,15.51906455],[73.92334306,15.51802647],[73.92134237,15.51241696],[73.91805184,15.50924575],[73.91600585,15.50814867],[73.90987134,15.50516892],[73.90920007,15.50495446],[73.90385366,15.50443184],[73.901564,15.50198185],[73.88995254,15.5],[73.88017404,15.50000608],[73.87113714,15.50254095],[73.86973512,15.50309896],[73.86678517,15.50560033],[73.86562693,15.50579953],[73.86446845,15.50583935],[73.86111176,15.50357676],[73.84091985,15.49975038],[73.83531058,15.49975038],[73.828125,15.50223207],[73.82131445,15.50063431],[73.81811225,15.49897146],[73.81416798,15.49041724],[73.80667877,15.48437464],[73.80618775,15.48241437],[73.80743134,15.4792515],[73.80640566,15.46972644],[73.8061161,15.46875],[73.8058449,15.46875],[73.804744,15.46553123],[73.80197728,15.46184134],[73.80085063,15.46069086],[73.79823124,15.46016371],[73.79778051,15.46029997],[73.79007423,15.46509421],[73.78800726,15.46494424],[73.78760946,15.46462226],[73.78711402,15.46328962],[73.78734064,15.46223581],[73.78775144,15.46157515],[73.79069126,15.46084332],[73.80339503,15.44989824],[73.80383432,15.45383847],[73.80792725,15.45374584],[73.81236672,15.45549822],[73.81413674,15.45504725],[73.81614721,15.45233333],[73.81903315,15.45397425],[73.82483947,15.45410764],[73.828125,15.45284593],[73.82942605,15.45337546],[73.83449244,15.45067465],[73.83701634,15.45094812],[73.83785021,15.45059335],[73.84184515,15.44754481],[73.84377325,15.45101416],[73.84690332,15.45223331],[73.84907615,15.45173752],[73.85662043,15.44279587],[73.85947824,15.44155276],[73.86022723,15.43489325],[73.86219275,15.43090618],[73.86178255,15.42821527],[73.8644067,15.42829943],[73.86938047,15.43105686],[73.87571406,15.43037236],[73.87939215,15.4325211],[73.88478363,15.43216693],[73.88728333,15.43045032],[73.89316785,15.41947937],[73.89585388,15.41625786],[73.89673424,15.41497743],[73.91455448,15.41372335],[73.92552197,15.42281771],[73.92626107,15.42984056],[73.93086672,15.43504906],[73.93303275,15.43646157],[73.94251394,15.43825245],[73.94229293,15.43654704],[73.93435335,15.43475854],[73.9284296,15.43162703],[73.92820942,15.42312992],[73.92390037,15.41727126],[73.92399275,15.41204047],[73.92659712,15.41021585],[73.93214905,15.40972316],[73.93652844,15.40743792],[73.94157171,15.40787578],[73.94820476,15.40572095],[73.95461822,15.41277003],[73.96029425,15.41201222],[73.96050692,15.40799642],[73.95587206,15.4082787],[73.95247591,15.40491188],[73.95344603,15.39794791],[73.95566905,15.39487934],[73.95809817,15.38767326],[73.95885181,15.37428463],[73.96054637,15.3722409],[73.96542251,15.37000752],[73.97294354,15.37046444],[73.97778547,15.36907566],[73.98345995,15.36460447],[73.98112237,15.36820138],[73.97770417,15.37071848],[73.97906435,15.37329626],[73.98135996,15.37359035],[73.98773265,15.36316085],[73.98970008,15.36236417],[73.9899435,15.35929191],[73.99269664,15.35838378],[73.99261344,15.35690105],[73.99875104,15.35383356],[74.00225163,15.35030282],[74.00594544,15.34844887],[74.00774455,15.34361947],[74.00665498,15.34137833],[74.00724173,15.33452022],[74.00889981,15.33471596],[74.01290107,15.33870685],[74.01492774,15.33887994],[74.01089275,15.33307564],[74.00882554,15.33233774],[74.00754464,15.33305991],[74.01015794,15.31688487],[74.01240861,15.31154394],[74.01216841,15.30561936],[74.01350105,15.3044244],[74.02197838,15.30252397],[74.02743745,15.30314934],[74.03662753,15.30740714],[74.03874004,15.30743885],[74.04121971,15.30603445],[74.04226565,15.30187356],[74.04449725,15.30003464],[74.05414534,15.30103076],[74.06031942,15.29972196],[74.06329787,15.29889643],[74.06648934,15.29749322],[74.07059038,15.29433668],[74.07054675,15.29393661],[74.06973374,15.29296875],[74.06944442,15.29296875],[74.06702912,15.29542935],[74.06353354,15.29709613],[74.06062055,15.29792404],[74.05477512,15.29907763],[74.04431903,15.29862344],[74.03819883,15.30641174],[74.02631032,15.30058193],[74.01660526,15.30142593],[74.01232624,15.30304813],[74.01086342,15.30934536],[74.00796807,15.31003904],[74.00398767,15.31428587],[74.00268137,15.31336212],[73.99871707,15.31679595],[73.99457634,15.32508898],[73.99629486,15.32806444],[74.00152504,15.32950115],[74.00355065,15.32191515],[74.00660455,15.32119048],[74.00308871,15.33344352],[74.00319815,15.33783865],[74.00184321,15.33542836],[73.99982846,15.33466232],[74.00156927,15.33472598],[74.00234497,15.33188546],[74.00061142,15.33004642],[73.99565613,15.33080971],[73.99425507,15.33324611],[73.99546313,15.33518755],[74.001248,15.33795786],[74.00145566,15.34279418],[74.00390983,15.34118867],[74.00507975,15.34310126],[74.00460255,15.34757245],[74.00193906,15.34777164],[74.00080407,15.34400821],[73.99572837,15.34665561],[73.99280035,15.34609151],[73.99247575,15.34719324],[73.99461377,15.34895945],[73.99815857,15.34727943],[73.99960446,15.34886193],[74.00204778,15.34897673],[73.99034917,15.35369384],[73.99145341,15.35058832],[73.99329221,15.35046995],[73.99056947,15.34646332],[73.98901248,15.34675777],[73.98753238,15.34967875],[73.9856534,15.35080373],[73.98139191,15.35000086],[73.98076427,15.35132122],[73.97895217,15.35056353],[73.97788262,15.35508525],[73.97255838,15.35922241],[73.96754456,15.36622286],[73.97683275,15.36583126],[73.97713137,15.36615145],[73.97668386,15.36661482],[73.97474277,15.36740136],[73.96613967,15.36753178],[73.96571243,15.36767888],[73.95774794,15.37249196],[73.9574095,15.37304962],[73.95300877,15.38904202],[73.95055222,15.39327335],[73.94916403,15.40053284],[73.94870245,15.40114152],[73.94763815,15.40167093],[73.93899727,15.40228164],[73.93327534,15.40173924],[73.94102287,15.40079176],[73.94006813,15.39636874],[73.92908084,15.39924681],[73.92865026,15.39735556],[73.92606366,15.39599335],[73.92229426,15.3972404],[73.92035675,15.39913845],[73.92764342,15.40101671],[73.92878366,15.40164804],[73.92876804,15.40315163],[73.91738594,15.40460885],[73.91662216,15.40236127],[73.91557133,15.40215075],[73.90756762,15.40952575],[73.90631366,15.40907896],[73.90663326,15.40470922],[73.90191245,15.40382111],[73.89279556,15.40854764],[73.89162636,15.40868354],[73.88816667,15.40769684],[73.88639927,15.40609372],[73.88640094,15.40250993],[73.88251007,15.39841688],[73.87919796,15.39876366],[73.8766731,15.39682674],[73.87264812,15.39682925],[73.87157524,15.39713597],[73.87111473,15.39772665],[73.87134278,15.40037835],[73.86522353,15.40270603],[73.86157978,15.40119398],[73.85893464,15.39844],[73.85630155,15.40062821],[73.85202801,15.40209424],[73.84891236,15.39991832],[73.84610558,15.39974535],[73.84409416,15.40213907],[73.84511971,15.40355694],[73.84420347,15.40833044],[73.84001565,15.41079152],[73.83957374,15.41084886],[73.83463645,15.41000533],[73.83259344,15.40670288],[73.828125,15.40680802],[73.828125,15.40429676],[73.828125,15.40345967],[73.82772374,15.40343905],[73.82400525,15.40559173],[73.82301831,15.40927184],[73.82189715,15.41011465],[73.81847262,15.41104436],[73.81646156,15.41064882],[73.8160727,15.41037357],[73.81656325,15.40437734],[73.80983436,15.40098691],[73.80749392,15.40706134],[73.80113864,15.41179764],[73.79721367,15.41289675],[73.79213226,15.41870105],[73.78975046,15.41439652],[73.78451526,15.41432703],[73.78300273,15.41292083],[73.78276205,15.41094816],[73.78809237,15.40113294],[73.79027605,15.39978874],[73.78912616,15.39670634],[73.79117215,15.39411712],[73.80337298,15.39474046],[73.80639303,15.39243937],[73.80787027,15.38574207],[73.8070755,15.37846637],[73.80829954,15.37670231],[73.81275046,15.37622321],[73.81437206,15.37566614],[73.81464064,15.37548995],[73.81551635,15.37378836],[73.82082534,15.37284124],[73.82154715,15.37247264],[73.82230341,15.37054801],[73.828125,15.36914063],[73.83150637,15.37073314],[73.83400655,15.36939478],[73.83781958,15.36219227],[73.84229636,15.36027896],[73.85169315,15.36090231],[73.85340238,15.36540568],[73.85426128,15.36600554],[73.86097884,15.36562645],[73.86137414,15.36573517],[73.86263812,15.36673355],[73.86317134,15.36923647],[73.86355186,15.36938763],[73.87155271,15.37046194],[73.87220216,15.37034321],[73.87549353,15.36793864],[73.88296723,15.35706866],[73.88317084,15.35672605],[73.89069891,15.34164512],[73.89577878,15.32929206],[73.89982414,15.31792617],[73.89946401,15.31645465],[73.90763116,15.29296875],[73.91251612,15.27968633],[73.92837822,15.22581577],[73.93111885,15.21189904],[73.93126917,15.21135223],[73.93477738,15.20214951],[73.93618405,15.19254184],[73.94200516,15.17166197],[73.94412076,15.15863633],[73.94961095,15.14385295],[73.94961262,15.14385223],[73.95052314,15.14399075],[73.95134652,15.14660621],[73.95038974,15.15155888],[73.95265794,15.15771782],[73.95154607,15.16057491],[73.94629836,15.16671872],[73.94613945,15.16700494],[73.94540668,15.17066658],[73.94554281,15.17113423],[73.94987798,15.17402244],[73.9525876,15.17407584],[73.95488393,15.17209065],[73.95745957,15.17159176],[73.95958447,15.17814791],[73.96177888,15.18000686],[73.96306705,15.18367565],[73.96014214,15.18679762],[73.96007323,15.18798566],[73.96029127,15.18865788],[73.96295393,15.18868685],[73.96622777,15.18213356],[73.96058345,15.17677283],[73.96035886,15.17632747],[73.96193051,15.17467308],[73.96195507,15.17429543],[73.96137071,15.17199743],[73.96071458,15.17135465],[73.95897984,15.17056155],[73.9560796,15.17051017],[73.95198834,15.17208874],[73.94941175,15.17145491],[73.94931424,15.17111433],[73.95349312,15.16115832],[73.95381486,15.15741777],[73.95192885,15.14848804],[73.95433915,15.14337671],[73.95402014,15.14012682],[73.94966054,15.14217985],[73.94873273,15.14249444],[73.94595706,15.14227915],[73.94162238,15.13579631],[73.93577266,15.13317525],[73.9352777,15.13238394],[73.93512773,15.13186526],[73.93672526,15.13152516],[73.94046855,15.12739575],[73.94052458,15.12710166],[73.93979585,15.12474144],[73.94084251,15.12001967],[73.94065118,15.11950755],[73.93773031,15.11838603],[73.93703127,15.1171875],[73.93569553,15.11244142],[73.93302715,15.11346865],[73.91755426,15.1082046],[73.91874242,15.10720265],[73.92144465,15.10736406],[73.92509592,15.10423708],[73.92632997,15.09696007],[73.92238176,15.09182501],[73.91693115,15.08897746],[73.91196156,15.08413124],[73.91585195,15.08411467],[73.91730642,15.0830754],[73.92240226,15.08573234],[73.92577791,15.08556533],[73.92948592,15.08316934],[73.92939127,15.08097374],[73.93187678,15.07799864],[73.93519735,15.07805336],[73.94208455,15.07492936],[73.94986391,15.07484496],[73.95353961,15.07290482],[73.95417178,15.07021451],[73.95848632,15.06997907],[73.96391666,15.06598377],[73.96691406,15.06549525],[73.96740305,15.06435955],[73.96625745,15.06240392],[73.97002995,15.05948675],[73.97111964,15.05223834],[73.97490525,15.0502882],[73.98026848,15.05201387],[73.98311067,15.04997015],[73.98665476,15.04311955],[73.9901098,15.03369212],[73.98896468,15.03045106],[73.98562932,15.02879107],[73.98560357,15.02559721],[73.98802233,15.02377522],[73.98913455,15.02018905],[73.99263644,15.01805735],[73.99560201,15.01905024],[73.99740577,15.02122164],[73.99903154,15.01857388],[74.00170147,15.01844382],[74.00265694,15.01649463],[74.00518835,15.01606035],[74.00712097,15.01778996],[74.00878644,15.01437116],[74.01202798,15.01210451],[74.01298332,15.00995314],[74.01162016,15.00861621],[74.01397312,15.00653446],[74.01386893,15.01043737],[74.01722705,15.01388884],[74.01687741,15.01256692],[74.0219748,15.0113039],[74.02676952,15.00675344],[74.02638495,15.00406754],[74.02437246,15.00290024],[74.02565861,15.00073671],[74.02758181,15.00243056],[74.02994823,15.00105464],[74.02685416,14.99789464],[74.03062153,14.99964726],[74.03294241,14.99875081],[74.03878868,14.98572242],[74.04142082,14.98852611],[74.04636216,14.98908865],[74.04989266,14.98817432],[74.04954791,14.98635376],[74.04454875,14.98823464],[74.04350686,14.98558748],[74.04144716,14.984007],[74.03837132,14.98525417],[74.03443825,14.98324132],[74.03479624,14.9823004],[74.03945553,14.98155475],[74.04065335,14.98038352],[74.04891825,14.96021974],[74.04881144,14.95829475],[74.05167663,14.95922506],[74.05337286,14.95760477],[74.04876316,14.95700681],[74.04643905,14.9518429],[74.04752696,14.95036721],[74.04364955,14.94939637],[74.04344368,14.94910085],[74.04305434,14.94783092],[74.04316294,14.94749165],[74.04530275,14.94569635],[74.04338157,14.94324493],[74.04312861,14.94199085],[74.04333782,14.94140625],[74.04344976,14.94140625],[74.04543984,14.93933535],[74.04655957,14.93433738],[74.04509461,14.9306792],[74.04353726,14.93025816],[74.04485595,14.92566097],[74.04249251,14.92187715],[74.04301322,14.91834283],[74.04327047,14.91806006],[74.0475409,14.91520786],[74.05260277,14.91392624],[74.05694437,14.91415298],[74.05899894,14.9130429],[74.05978787,14.90989888],[74.06322777,14.91026115],[74.06641126,14.90700507],[74.06835043,14.90843534],[74.07036924,14.90713787],[74.07702041,14.90969014],[74.08011568,14.90947235],[74.08210754,14.90828741],[74.08312655,14.90640473],[74.08337855,14.90187991],[74.08370864,14.9013561],[74.08543074,14.89965343],[74.08862162,14.89813006],[74.09086966,14.89920104],[74.09154475,14.89920676],[74.09314191,14.89876723],[74.09464276,14.89808965],[74.098544,14.89463353],[74.10056984,14.89076436],[74.09954715,14.88048077],[74.10373604,14.87643087],[74.10718977,14.87030601],[74.11153805,14.85836875],[74.11224592,14.84667575],[74.11690772,14.84377944],[74.11930275,14.84377885],[74.12028277,14.84377873],[74.12476993,14.84577763],[74.1191349,14.84832418],[74.11640811,14.85018003],[74.11427391,14.85254371],[74.11434495,14.85292912],[74.12469327,14.84725976],[74.13149965,14.84474182],[74.13300967,14.84485412],[74.13721204,14.84590745],[74.14079022,14.84799504],[74.14109635,14.84829021],[74.14219797,14.85176432],[74.14607835,14.85570955],[74.14646685,14.85593116],[74.1600939,14.86143434],[74.16784275,14.86615574],[74.17277837,14.86722565],[74.17527842,14.86963511],[74.1796875,14.87053573],[74.1796875,14.87109375],[74.18655455,14.87324107],[74.19039345,14.87280595],[74.19690895,14.87650502],[74.19739473,14.87804055],[74.19544804,14.87877154],[74.19874501,14.87982702],[74.20986462,14.87884474],[74.21318281,14.87576926],[74.22079575,14.87254846],[74.22577155,14.87297595],[74.23430145,14.87572813],[74.241207,14.87234271],[74.24568474,14.87222981],[74.25089705,14.87927282],[74.25098133,14.88378894],[74.24753177,14.88662696],[74.24562454,14.88995004],[74.24697053,14.89518428],[74.25106764,14.90007472],[74.25623691,14.90028107],[74.26158702,14.8962599],[74.27267933,14.89639485],[74.28075111,14.89374793],[74.28493094,14.89355898],[74.29154253,14.89571321],[74.2938776,14.89749622],[74.29896748,14.89850605],[74.31035435,14.90386498],[74.32122505,14.90683746],[74.33501744,14.90435255],[74.33494127,14.90399182],[74.33249903,14.90322018],[74.32989275,14.90321314],[74.32848835,14.90426445],[74.32444,14.90457594],[74.31659937,14.90413356],[74.2913382,14.89071524],[74.28491735,14.89053297],[74.27572644,14.8930608],[74.26429594,14.89210725],[74.26352775,14.89221883],[74.25888646,14.89346457],[74.25858963,14.89361727],[74.25544012,14.89656985],[74.25215936,14.89643061],[74.25140035,14.89614332],[74.24897385,14.89460683],[74.24758542,14.89115047],[74.24915934,14.88683474],[74.25320566,14.88132966],[74.25325763,14.87795281],[74.24937022,14.87435496],[74.24768531,14.87093806],[74.24129903,14.86524403],[74.24093533,14.86504865],[74.23754835,14.86517],[74.23368835,14.86201036],[74.22684181,14.86007357],[74.22630095,14.86127746],[74.23130691,14.86190867],[74.23162317,14.86274433],[74.22570574,14.86505854],[74.22279656,14.8699578],[74.21555483,14.87334025],[74.21069252,14.87253654],[74.20316434,14.87360823],[74.19913006,14.87029517],[74.19130111,14.86755335],[74.18644798,14.86360145],[74.18104327,14.86185372],[74.1796875,14.86077011],[74.17372322,14.85551405],[74.1732136,14.85522175],[74.16462505,14.85152614],[74.15834606,14.84636247],[74.15828896,14.8439306],[74.15143812,14.84258962],[74.149544,14.84146524],[74.14889598,14.83902347],[74.14183414,14.83483267],[74.14119303,14.83470762],[74.1354351,14.83680403],[74.13003695,14.83992612],[74.12928855,14.84009111],[74.12735164,14.83960176],[74.12470615,14.83726501],[74.12463427,14.83723032],[74.12628925,14.81961501],[74.12625885,14.81616354],[74.1243875,14.806584],[74.12364745,14.80493546],[74.12057364,14.8017261],[74.11622298,14.80195355],[74.11331844,14.79868221],[74.11338021,14.7981461],[74.11352205,14.79691494],[74.11307502,14.79665756],[74.11198067,14.79735661],[74.11117971,14.79786825],[74.11457646,14.80200315],[74.11309338,14.80747986],[74.11169386,14.80526376],[74.10852265,14.80687165],[74.10446918,14.80537856],[74.10165048,14.80710363],[74.0963577,14.80656064],[74.09384501,14.80580831],[74.09286344,14.80322611],[74.09545112,14.79872692],[74.10020041,14.79788554],[74.10288,14.79366565],[74.10218203,14.79251456],[74.10344966,14.79254425],[74.02597834,14.74884248],[73.94850702,14.70514071],[73.8710357,14.66143894],[73.79356438,14.61773717],[73.71609306,14.5740354],[73.63862174,14.53033363],[73.56115042,14.48663186],[73.4836791,14.44293009],[73.40620778,14.39922832],[73.32873647,14.35552655],[73.25126515,14.31182478],[73.17379383,14.26812301],[73.09632251,14.22442124],[73.01885119,14.18071947],[72.94137987,14.1370177],[72.86390855,14.09331593],[72.78643723,14.04961416],[72.70896591,14.00591239],[72.63149459,13.96221062],[72.55402327,13.91850885],[72.47655195,13.87480708],[72.39908063,13.83110531],[72.32160931,13.78740354],[72.24413799,13.74370177],[72.16666667,13.7],[72.16274652,13.61139872],[72.15882638,13.52279745],[72.15490624,13.43419617],[72.1509861,13.34559489],[72.14706596,13.25699362],[72.14314582,13.16839234],[72.13922567,13.07979106],[72.13530553,12.99118979],[72.13138539,12.90258851],[72.12746525,12.81398723],[72.12354511,12.72538596],[72.11962496,12.63678468],[72.11570482,12.5481834],[72.11178468,12.45958213],[72.10786454,12.37098085],[72.1039444,12.28237957],[72.10002426,12.1937783],[72.09610411,12.10517702],[72.09218397,12.01657574],[72.08826383,11.92797447],[72.08434369,11.83937319],[72.08042355,11.75077191],[72.0765034,11.66217064],[72.07258326,11.57356936],[72.06866312,11.48496809],[72.06474298,11.39636681],[72.06082284,11.30776553],[72.0569027,11.21916426],[72.05298255,11.13056298],[72.04906241,11.0419617],[72.04514227,10.95336043],[72.04122213,10.86475915],[72.03730199,10.77615787],[72.03338184,10.6875566],[72.0294617,10.59895532],[72.02554156,10.51035404],[72.02162142,10.42175277],[72.01770128,10.33315149],[72.01378113,10.24455021],[72.00986099,10.15594894],[72.00594085,10.06734766],[72.00202071,9.97874638],[71.99810057,9.89014511],[71.99418043,9.80154383],[71.99026028,9.71294255],[71.98634014,9.62434128],[71.98242,9.53574],[71.99167988,9.44700818],[72.00093975,9.35827636],[72.01019963,9.26954454],[72.01945951,9.18081272],[72.02871938,9.0920809],[72.03797926,9.00334908],[72.04723914,8.91461726],[72.05649901,8.82588544],[72.06575889,8.73715362],[72.07501877,8.6484218],[72.08427865,8.55968998],[72.09353852,8.47095816],[72.1027984,8.38222634],[72.11205828,8.29349452],[72.12131815,8.2047627],[72.13057803,8.11603088],[72.13983791,8.02729906],[72.14909778,7.93856724],[72.15835766,7.84983542],[72.16761754,7.7611036],[72.17687741,7.67237178],[72.18613729,7.58363996],[72.19539717,7.49490814],[72.20465704,7.40617632],[72.21391692,7.3174445],[72.2231768,7.22871268],[72.23243668,7.13998085],[72.24169655,7.05124903],[72.25095643,6.96251721],[72.26021631,6.87378539],[72.26947618,6.78505357],[72.27873606,6.69632175],[72.28799594,6.60758993],[72.29725581,6.51885811],[72.30651569,6.43012629],[72.31577557,6.34139447],[72.32503544,6.25266265],[72.33429532,6.16393083],[72.3435552,6.07519901],[72.35281507,5.98646719],[72.36207495,5.89773537],[72.37133483,5.80900355],[72.38059471,5.72027173],[72.38985458,5.63153991],[72.39911446,5.54280809],[72.40837434,5.45407627],[72.41763421,5.36534445],[72.42689409,5.27661263],[72.43615397,5.18788081],[72.44541384,5.09914899],[72.45467372,5.01041717],[72.4639336,4.92168535],[72.47319347,4.83295353],[72.48245335,4.74422171],[72.49171323,4.65548989],[72.5009731,4.56675807],[72.51023298,4.47802625],[72.51949286,4.38929443],[72.52875274,4.30056261],[72.53801261,4.21183079],[72.54727249,4.12309897],[72.55653237,4.03436715],[72.56579224,3.94563533],[72.57505212,3.85690351],[72.584312,3.76817169],[72.59357187,3.67943987],[72.60283175,3.59070805],[72.61209163,3.50197623],[72.6213515,3.41324441],[72.63061138,3.32451259],[72.63987126,3.23578077],[72.64913113,3.14704895],[72.65839101,3.05831713],[72.66765089,2.96958531],[72.67691077,2.88085349],[72.68617064,2.79212167],[72.69543052,2.70338985],[72.7046904,2.61465803],[72.71395027,2.52592621],[72.72321015,2.43719438],[72.73247003,2.34846256],[72.7417299,2.25973074],[72.75098978,2.17099892],[72.76024966,2.0822671],[72.76950953,1.99353528],[72.77876941,1.90480346],[72.78802929,1.81607164],[72.79728916,1.72733982],[72.80654904,1.638608],[72.81580892,1.54987618],[72.8250688,1.46114436],[72.83432867,1.37241254],[72.84358855,1.28368072],[72.85284843,1.1949489],[72.8621083,1.10621708],[72.87136818,1.01748526],[72.88062806,0.92875344],[72.88988793,0.84002162],[72.89914781,0.7512898],[72.90840769,0.66255798],[72.91766756,0.57382616],[72.92692744,0.48509434],[72.93618732,0.39636252],[72.95192234,0.31709002],[72.96765736,0.23781751],[72.98339239,0.15854501],[72.99912741,0.0792725],[73.01486244,0],[73.03193659,-0.086019],[73.04901075,-0.17203801],[73.0660849,-0.25805701],[73.08315906,-0.34407602],[73.10023321,-0.43009502],[73.11730737,-0.51611403],[73.13438152,-0.60213303],[73.15145568,-0.68815204],[73.15136397,-0.68815911],[73.15107036,-0.68824756],[73.15077174,-0.68820894],[73.1505084,-0.68797708],[73.15033686,-0.68766785],[73.15018737,-0.68735087],[73.14999676,-0.68704307],[73.14965713,-0.68677616],[73.14919984,-0.68659914],[73.14885521,-0.68697143],[73.14857697,-0.68687046],[73.14830053,-0.68673408],[73.14802623,-0.68659937],[73.14774942,-0.68645251],[73.14745104,-0.68631792],[73.14710093,-0.68617201],[73.14670551,-0.68603384],[73.14635515,-0.68587911],[73.14605534,-0.68573737],[73.14577365,-0.68562102],[73.14549363,-0.68561685],[73.14522314,-0.68571985],[73.14499605,-0.68584144],[73.14484263,-0.68600571],[73.14472187,-0.68623793],[73.14457095,-0.68752801],[73.14446843,-0.68952525],[73.14434195,-0.69009721],[73.14358592,-0.6905508],[73.14347482,-0.69126534],[73.14346266,-0.69182253],[73.14465904,-0.69312656],[73.14493835,-0.69359875],[73.14522696,-0.69400096],[73.14542985,-0.69432294],[73.14557743,-0.69459975],[73.14568806,-0.69490755],[73.14583933,-0.69534254],[73.14610636,-0.69593072],[73.14660752,-0.69649422],[73.14725435,-0.69697523],[73.14789724,-0.69753778],[73.14838111,-0.69810963],[73.14880156,-0.69867456],[73.14910924,-0.69911218],[73.14940071,-0.6994102],[73.14969015,-0.69958258],[73.14997292,-0.69972181],[73.15025222,-0.69985354],[73.15053046,-0.70002365],[73.15106666,-0.70006466],[73.15137637,-0.70027435],[73.15172601,-0.70048642],[73.15211582,-0.70073235],[73.15246665,-0.70091605],[73.15279615,-0.70109665],[73.153162,-0.70138037],[73.15354204,-0.70189667],[73.15380752,-0.70251298],[73.15401781,-0.703125],[73.15429676,-0.703125],[73.15435672,-0.7032994],[73.15447617,-0.70336914],[73.07827849,-0.66429308],[73.00208081,-0.62521701],[72.92588313,-0.58614095],[72.84968545,-0.54706489],[72.77348777,-0.50798882],[72.69729009,-0.46891276],[72.62109241,-0.4298367],[72.54489473,-0.39076063],[72.46869705,-0.35168457],[72.39249937,-0.31260851],[72.31630169,-0.27353244],[72.24010401,-0.23445638],[72.16390633,-0.19538032],[72.08770865,-0.15630425],[72.01151097,-0.11722819],[71.93531329,-0.07815213],[71.85911561,-0.03907606],[71.78291793,0],[71.70304508,0.04096078],[71.62317223,0.08192156],[71.54329937,0.12288235],[71.46342652,0.16384313],[71.38355367,0.20480391],[71.30368082,0.24576469],[71.22380797,0.28672548],[71.14393512,0.32768626],[71.06406227,0.36864704],[70.98418942,0.40960782],[70.90431657,0.4505686],[70.82444372,0.49152939],[70.74457087,0.53249017],[70.66469802,0.57345095],[70.58482517,0.61441173],[70.50495232,0.65537251],[70.42507947,0.6963333],[70.34520662,0.73729408],[70.26533376,0.77825486],[70.18546091,0.81921564],[70.10558806,0.86017643],[70.02571521,0.90113721],[69.94584236,0.94209799],[69.86596951,0.98305877],[69.78609666,1.02401955],[69.70622381,1.06498034],[69.62635096,1.10594112],[69.54647811,1.1469019],[69.46660526,1.18786268],[69.38673241,1.22882347],[69.30685956,1.26978425],[69.22698671,1.31074503],[69.14711386,1.35170581],[69.06724101,1.39266659],[68.98736815,1.43362738],[68.9074953,1.47458816],[68.82762245,1.51554894],[68.7477496,1.55650972],[68.66787675,1.59747051],[68.5880039,1.63843129],[68.50813105,1.67939207],[68.4282582,1.72035285],[68.34838535,1.76131363],[68.2685125,1.80227442],[68.18863965,1.8432352],[68.1087668,1.88419598],[68.02889395,1.92515676],[67.9490211,1.96611754],[67.86914825,2.00707833],[67.7892754,2.04803911],[67.70940255,2.08899989],[67.62952969,2.12996067],[67.54965684,2.17092146],[67.46978399,2.21188224],[67.38991114,2.25284302],[67.31003829,2.2938038],[67.23016544,2.33476458],[67.15029259,2.37572537],[67.07041974,2.41668615],[66.99054689,2.45764693],[66.91067404,2.49860771],[66.83080119,2.5395685],[66.75092834,2.58052928],[66.67105549,2.62149006],[66.59118264,2.66245084],[66.51130979,2.70341162],[66.43143694,2.74437241],[66.35156408,2.78533319],[66.27169123,2.82629397],[66.19181838,2.86725475],[66.11194553,2.90821553],[66.03207268,2.94917632],[65.95219983,2.9901371],[65.87232698,3.03109788],[65.79245413,3.07205866],[65.71258128,3.11301945],[65.63270843,3.15398023],[65.55283558,3.19494101],[65.47296273,3.23590179],[65.39308988,3.27686257],[65.31321703,3.31782336],[65.23334418,3.35878414],[65.15347133,3.39974492],[65.07359847,3.4407057],[64.99372562,3.48166649],[64.91385277,3.52262727],[64.83397992,3.56358805],[64.75410707,3.60454883],[64.67423422,3.64550961],[64.59436137,3.6864704],[64.51448852,3.72743118],[64.43461567,3.76839196],[64.35474282,3.80935274],[64.27486997,3.85031353],[64.19499712,3.89127431],[64.11512427,3.93223509],[64.03525142,3.97319587],[63.95537857,4.01415665],[63.87550572,4.05511744],[63.79563286,4.09607822],[63.71576001,4.137039],[63.63588716,4.17799978],[63.55601431,4.21896056],[63.47614146,4.25992135],[63.39626861,4.30088213],[63.31639576,4.34184291],[63.23652291,4.38280369],[63.15665006,4.42376448],[63.07677721,4.46472526],[62.99690436,4.50568604],[62.91703151,4.54664682],[62.83715866,4.5876076],[62.75728581,4.62856839],[62.67741296,4.66952917],[62.59754011,4.71048995],[62.51766725,4.75145073],[62.4377944,4.79241152],[62.35792155,4.8333723],[62.2780487,4.87433308],[62.19817585,4.91529386],[62.118303,4.95625464],[62.03843015,4.99721543],[61.9585573,5.03817621],[61.87868445,5.07913699],[61.7988116,5.12009777],[61.71893875,5.16105855],[61.6390659,5.20201934],[61.55919305,5.24298012],[61.4793202,5.2839409],[61.39944735,5.32490168],[61.3195745,5.36586247],[61.23970165,5.40682325],[61.15982879,5.44778403],[61.07995594,5.48874481],[61.00008309,5.52970559],[60.92021024,5.57066638],[60.84033739,5.61162716],[60.76046454,5.65258794],[60.68059169,5.69354872],[60.60071884,5.73450951],[60.52084599,5.77547029],[60.44097314,5.81643107],[60.36110029,5.85739185],[60.28122744,5.89835263],[60.20135459,5.93931342],[60.12148174,5.9802742],[60.04160889,6.02123498],[59.96173604,6.06219576],[59.88186318,6.10315655],[59.80199033,6.14411733],[59.72211748,6.18507811],[59.64224463,6.22603889],[59.56237178,6.26699967],[59.48249893,6.30796046],[59.40262608,6.34892124],[59.32275323,6.38988202],[59.24288038,6.4308428],[59.16300753,6.47180358],[59.08313468,6.51276437],[59.00326183,6.55372515],[58.92338898,6.59468593],[58.84351613,6.63564671],[58.76364328,6.6766075],[58.68377043,6.71756828],[58.60389757,6.75852906],[58.52402472,6.79948984],[58.44415187,6.84045062],[58.36427902,6.88141141],[58.28440617,6.92237219],[58.20453332,6.96333297],[58.12466047,7.00429375],[58.04478762,7.04525454],[57.96491477,7.08621532],[57.88504192,7.1271761],[57.80516907,7.16813688],[57.72529622,7.20909766],[57.64542337,7.25005845],[57.56555052,7.29101923],[57.48567767,7.33198001],[57.40580482,7.37294079],[57.32593196,7.41390157],[57.24605911,7.45486236],[57.16618626,7.49582314],[57.08631341,7.53678392],[57.00644056,7.5777447],[56.92656771,7.61870549],[56.84669486,7.65966627],[56.76682201,7.70062705],[56.68694916,7.74158783],[56.60707631,7.78254861],[56.52720346,7.8235094],[56.44733061,7.86447018],[56.36745776,7.90543096],[56.28758491,7.94639174],[56.20771206,7.98735253],[56.12783921,8.02831331],[56.04796636,8.06927409],[55.9680935,8.11023487],[55.88822065,8.15119565],[55.8083478,8.19215644],[55.72847495,8.23311722],[55.6486021,8.274078],[55.56872925,8.31503878],[55.4888564,8.35599957],[55.40898355,8.39696035],[55.3291107,8.43792113],[55.24923785,8.47888191],[55.169365,8.51984269],[55.08949215,8.56080348],[55.0096193,8.60176426],[54.92974645,8.64272504],[54.8498736,8.68368582],[54.77000075,8.7246466],[54.69012789,8.76560739],[54.61025504,8.80656817],[54.53038219,8.84752895],[54.45050934,8.88848973],[54.37063649,8.92945052],[54.29076364,8.9704113],[54.21089079,9.01137208],[54.13101794,9.05233286],[54.05114509,9.09329364],[53.97127224,9.13425443],[53.89139939,9.17521521],[53.81152654,9.21617599],[53.73165369,9.25713677],[53.65178084,9.29809756],[53.57190799,9.33905834],[53.49203514,9.38001912],[53.41216228,9.4209799],[53.33228943,9.46194068],[53.25241658,9.50290147],[53.17254373,9.54386225],[53.09267088,9.58482303],[53.01279803,9.62578381],[52.93292518,9.66674459],[52.85305233,9.70770538],[52.77317948,9.74866616],[52.69330663,9.78962694],[52.61343378,9.83058772],[52.53356093,9.87154851],[52.45368808,9.91250929],[52.37381523,9.95347007],[52.29394238,9.99443085],[52.21406953,10.03539163],[52.13419667,10.07635242],[52.05432382,10.1173132],[51.97445097,10.15827398],[51.89457812,10.19923476],[51.81470527,10.24019555],[51.73483242,10.28115633],[51.65495957,10.32211711],[51.57508672,10.36307789],[51.49521387,10.40403867],[51.41534102,10.44499946],[51.40652835,10.45125306],[51.40447283,10.45303512],[51.40116274,10.45667434],[51.39891553,10.46017265],[51.39824045,10.46135604],[51.39875758,10.46237242],[51.39633584,10.46438754],[51.39447355,10.46804595],[51.39428687,10.46855414],[51.39296424,10.47810066],[51.36525404,10.48290777],[51.35129225,10.48235238],[51.34649551,10.48099637],[51.34173393,10.47626603],[51.33902121,10.47639477],[51.328125,10.47154021],[51.32232416,10.47241855],[51.31342423,10.47635817],[51.30392587,10.47652984],[51.30096924,10.47800601],[51.29563665,10.47854495],[51.29245627,10.48013651],[51.29154158,10.48255885],[51.28779793,10.48558748],[51.27077866,10.49501407],[51.26171565,10.49574566],[51.24979305,10.50376105],[51.23832715,10.50840056],[51.23333085,10.51364291],[51.22911656,10.51570821],[51.22492075,10.51987493],[51.22355485,10.52320385],[51.21878803,10.52734566],[51.21158504,10.52731395],[51.19459403,10.53424776],[51.19369686,10.53409088],[51.19376767,10.53355658],[51.19507885,10.53172505],[51.19580805,10.53100324],[51.20017385,10.52807856],[51.20156348,10.52033961],[51.20020986,10.51639414],[51.20410311,10.51488197],[51.20462835,10.51163316],[51.20335174,10.50765574],[51.20108187,10.50525475],[51.20172036,10.49895871],[51.19769144,10.49815106],[51.19647777,10.49684155],[51.19699657,10.47976458],[51.19859135,10.47894835],[51.20103347,10.47262061],[51.20510554,10.47115242],[51.21044803,10.46706593],[51.21340525,10.46318245],[51.2214936,10.45648265],[51.22554314,10.45033002],[51.23542953,10.44527304],[51.23675835,10.43680251],[51.23638785,10.43394101],[51.23475552,10.43233585],[51.19350731,10.43380284],[51.16745424,10.43299067],[51.16539073,10.43200755],[51.15244496,10.43144131],[51.13990521,10.43189013],[51.12605655,10.42893004],[51.11034906,10.42798376],[51.10045814,10.42388952],[51.09835315,10.42444277],[51.09614921,10.42296052],[51.09185481,10.42347682],[51.08535075,10.42134643],[51.07991457,10.42123604],[51.07859635,10.42005396],[51.07705212,10.42075825],[51.07559502,10.41836703],[51.07034695,10.41849804],[51.05789053,10.41596901],[51.05736184,10.4157896],[51.05000091,10.41139674],[51.04991984,10.40820265],[51.04829383,10.40671194],[51.04423726,10.40488255],[51.0377171,10.40488386],[51.03547013,10.40572095],[51.02935636,10.4100579],[51.02462411,10.41552424],[51.03026664,10.4154644],[51.0343703,10.4167155],[51.02874815,10.41790962],[51.02355325,10.42144585],[51.02553177,10.42266607],[51.03214145,10.42346573],[51.02291107,10.43093097],[51.02230716,10.43352795],[51.02491665,10.44236231],[51.03240073,10.45239794],[51.03291297,10.46084094],[51.03564692,10.46114373],[51.04399705,10.46736944],[51.04876316,10.46609914],[51.05149853,10.46710205],[51.05222476,10.46898377],[51.05759907,10.47316206],[51.05646753,10.47486806],[51.06788671,10.48290324],[51.07182241,10.48456955],[51.07682884,10.49320304],[51.07936156,10.49509776],[51.07972145,10.49597883],[51.07966888,10.49631858],[51.07815874,10.49820888],[51.07835436,10.50297284],[51.07809067,10.50431085],[51.07655931,10.50933754],[51.0745995,10.510818],[51.07541323,10.51602662],[51.08108425,10.52096403],[51.08413613,10.52575505],[51.08747435,10.52803552],[51.10325575,10.52821076],[51.10527146,10.52938414],[51.10666657,10.53498495],[51.1094141,10.53575075],[51.11193395,10.54026735],[51.10641015,10.54130578],[51.106148,10.54192257],[51.10538363,10.546875],[51.10509992,10.546875],[51.10509992,10.54785144],[51.10918105,10.5529083],[51.11497641,10.55658114],[51.12336934,10.55850005],[51.12423205,10.56056011],[51.15858746,10.5636456],[51.16946805,10.56794834],[51.17061615,10.57133436],[51.17033267,10.58189225],[51.16337347,10.59361136],[51.16160774,10.59498751],[51.15652943,10.6067847],[51.15141881,10.62339127],[51.14769185,10.64479482],[51.14764357,10.65365505],[51.14591074,10.65443218],[51.14798343,10.65708566],[51.14578974,10.65901315],[51.14283145,10.65965474],[51.14421713,10.66269648],[51.13999105,10.66561234],[51.14398432,10.66453636],[51.14712822,10.66168487],[51.14657211,10.65948164],[51.14825845,10.65884531],[51.14809275,10.66237092],[51.14392245,10.66626501],[51.13944507,10.66761518],[51.13671851,10.67192328],[51.13507915,10.6725738],[51.13473165,10.67305732],[51.13325894,10.67688751],[51.13095045,10.68574464],[51.13117445,10.69204426],[51.12950206,10.69963717],[51.12921834,10.71498322],[51.12978578,10.72265625],[51.12990963,10.72265625],[51.13050735,10.73417103],[51.13190484,10.73759317],[51.13239622,10.75515711],[51.13135791,10.76730776],[51.13210034,10.77873886],[51.12908816,10.80321276],[51.12922812,10.81598771],[51.12562001,10.87553978],[51.12167418,10.8984375],[51.12150741,10.8984375],[51.12122321,10.90108812],[51.12017131,10.91877496],[51.12062442,10.93042076],[51.11969602,10.93121076],[51.12055635,10.93498504],[51.12016106,10.94867837],[51.12096906,10.95052898],[51.12145662,10.9703145],[51.12295854,10.98129058],[51.12666285,10.99906003],[51.12611735,11.00088215],[51.12864256,11.01622295],[51.13205314,11.03016245],[51.13293421,11.03330195],[51.14850688,11.07421875],[51.15051031,11.07981253],[51.15370226,11.08414781],[51.15985775,11.09913766],[51.16775608,11.11378741],[51.17575145,11.12484145],[51.17858112,11.13267303],[51.18240285,11.13911676],[51.18342555,11.14402151],[51.17592275,11.15469313],[51.17093325,11.14949894],[51.16542566,11.14619791],[51.15464985,11.14491534],[51.15058196,11.14255214],[51.14763415,11.13840866],[51.1401633,11.1381433],[51.12058616,11.14606071],[51.11524487,11.15004218],[51.11431265,11.15343833],[51.10452032,11.15953863],[51.10406578,11.16010356],[51.10428071,11.16096485],[51.10639763,11.16130722],[51.10691845,11.16110921],[51.11056638,11.15851045],[51.11223912,11.15878355],[51.11893368,11.15406454],[51.13669741,11.15310872],[51.14154768,11.15138078],[51.15804696,11.15074015],[51.15969455,11.15156603],[51.12343061,11.15711558],[51.1179682,11.15842474],[51.11073422,11.16091812],[51.10964096,11.16162658],[51.10861683,11.16395271],[51.10130835,11.17086852],[51.09453964,11.18050766],[51.08705294,11.19629312],[51.08689094,11.19664431],[51.08250415,11.20888126],[51.08078384,11.21652055],[51.07839632,11.22973096],[51.07749605,11.23992646],[51.07773972,11.25],[51.07782161,11.25],[51.07813597,11.27265513],[51.08166802,11.28752911],[51.08200324,11.29195726],[51.08166838,11.31761706],[51.08345222,11.32754016],[51.08356905,11.32792211],[51.09404135,11.35449064],[51.09662855,11.36593926],[51.10196876,11.37483227],[51.10869992,11.39190102],[51.11445355,11.40178645],[51.11573732,11.41005278],[51.12019515,11.42176545],[51.12020254,11.42578125],[51.12060344,11.42578125],[51.12581468,11.44437623],[51.12592328,11.44886506],[51.12790191,11.45508444],[51.12791586,11.46763074],[51.12678015,11.47443473],[51.12466335,11.47954702],[51.12486327,11.48423386],[51.12205887,11.48990834],[51.12482703,11.50042653],[51.13566065,11.51442206],[51.14398396,11.53064966],[51.14875531,11.53641176],[51.15698254,11.55233347],[51.16392005,11.56230307],[51.16455007,11.56654251],[51.17087603,11.57126904],[51.17239726,11.57505977],[51.17768192,11.57988512],[51.18231416,11.58705056],[51.19243395,11.59463227],[51.19513631,11.59842455],[51.19575524,11.6015625],[51.19564796,11.6015625],[51.19462836,11.60268402],[51.19465494,11.60328364],[51.19566107,11.60525811],[51.20141995,11.60967445],[51.20505822,11.61462975],[51.21018267,11.61909962],[51.21216583,11.62077224],[51.21411836,11.62127686],[51.21813035,11.6254462],[51.22466826,11.62855065],[51.22522497,11.63322794],[51.22762084,11.63734364],[51.22818172,11.64080906],[51.23172605,11.64478612],[51.23764801,11.64896405],[51.23941457,11.64899814],[51.24148405,11.65142214],[51.24357283,11.65511966],[51.24376786,11.65831041],[51.24833214,11.66283512],[51.24960804,11.66848874],[51.25376654,11.67146444],[51.25410843,11.67484212],[51.25683725,11.67907095],[51.25721574,11.68012822],[51.25626755,11.69113517],[51.25613976,11.69183457],[51.25488186,11.69662595],[51.25330865,11.69770575],[51.24957657,11.70516515],[51.24737275,11.71614373],[51.25032783,11.72241712],[51.2542665,11.72525501],[51.25473785,11.72774541],[51.25819433,11.73155642],[51.25966597,11.73502064],[51.25897396,11.74300766],[51.26044905,11.74703145],[51.2583549,11.75132024],[51.25840676,11.75420523],[51.25928402,11.76086533],[51.26092076,11.76689231],[51.26109254,11.7672528],[51.26753926,11.77529621],[51.26858163,11.77734375],[51.26881826,11.77734375],[51.27331245,11.78445554],[51.27444482,11.78822243],[51.27640498,11.78950691],[51.28251135,11.80129385],[51.28425157,11.80753517],[51.28554201,11.80877411],[51.28614855,11.81456184],[51.28869796,11.82198954],[51.28878915,11.82436228],[51.28817594,11.83375692],[51.28665993,11.83500524],[51.2866543,11.92407554],[51.28664867,12.01314584],[51.28664304,12.10221614],[51.28663741,12.19128644],[51.28663179,12.28035674],[51.28662616,12.36942704],[51.28662053,12.45849734],[51.2866149,12.54756764],[51.28660927,12.63663794],[51.28660364,12.72570825],[51.28659802,12.81477855],[51.28659239,12.90384885],[51.28658676,12.99291915],[51.28658113,13.08198945],[51.2865755,13.17105975],[51.28656987,13.26013005],[51.28656424,13.34920035],[51.28655862,13.43827065],[51.28655299,13.52734095],[51.28654736,13.61641125],[51.28654173,13.70548156],[51.2865361,13.79455186],[51.28653047,13.88362216],[51.28652484,13.97269246],[51.28651922,14.06176276],[51.28651359,14.15083306],[51.28650796,14.23990336],[51.28650233,14.32897366],[51.2864967,14.41804396],[51.28649107,14.50711426],[51.28648545,14.59618456],[51.28647982,14.68525486],[51.28647419,14.77432517],[51.28646856,14.86339547],[51.28646293,14.95246577],[51.2864573,15.04153607],[51.28645167,15.13060637],[51.28644605,15.21967667],[51.29001451,15.22103727],[51.29038572,15.22119701],[51.29793501,15.22543836],[51.30298054,15.22483385],[51.31179953,15.23052323],[51.31664693,15.23266232],[51.32218742,15.23430276],[51.32668066,15.23471296],[51.328125,15.23381686],[51.33171535,15.23343158],[51.33770704,15.23764336],[51.34156466,15.23771191],[51.34363115,15.23526156],[51.34899306,15.23293543],[51.35080945,15.23461926],[51.35637844,15.23333633],[51.36295485,15.23510063],[51.36611271,15.23376441],[51.36776912,15.23402786],[51.36885595,15.23437583],[51.37054515,15.23647213],[51.36896515,15.24009454],[51.36946237,15.24400651],[51.37041962,15.24485612],[51.37705934,15.24829626],[51.40110564,15.25830364],[51.40574515,15.25958812],[51.40763736,15.25962126],[51.41407657,15.25747693],[51.42014265,15.25455821],[51.42081571,15.25543594],[51.41869712,15.26266646],[51.42017567,15.26500654],[51.43813765,15.27374136],[51.43982542,15.27160394],[51.44334054,15.27173746],[51.4442296,15.27534902],[51.44961083,15.27793825],[51.45561266,15.27413344],[51.45678353,15.28114271],[51.46321475,15.28512013],[51.47017741,15.28691125],[51.47046244,15.28710365],[51.47470558,15.29296875],[51.47482634,15.29296875],[51.47550356,15.29356301],[51.47669303,15.29669285],[51.50821471,15.30915904],[51.53928983,15.32028306],[51.57571864,15.33060658],[51.57835007,15.3298223],[51.58330154,15.3320471],[51.60048163,15.33391821],[51.60157526,15.33387077],[51.60227656,15.33363342],[51.60451317,15.32997751],[51.60609591,15.32955396],[51.61059511,15.32904625],[51.61249352,15.33043146],[51.61846006,15.32982874],[51.62172604,15.33088553],[51.6254791,15.33083355],[51.62888885,15.32938063],[51.63642943,15.33206105],[51.64163446,15.3361361],[51.64719307,15.3354516],[51.65231454,15.33671391],[51.65524745,15.33513355],[51.66041732,15.33679366],[51.66366672,15.33882785],[51.66433275,15.34081984],[51.66230261,15.34357071],[51.65858698,15.34504962],[51.65876424,15.34836006],[51.65249383,15.35019731],[51.64887977,15.34952211],[51.64373791,15.35370731],[51.63796377,15.35562706],[51.63598144,15.36809635],[51.63781655,15.37088227],[51.64012015,15.38207686],[51.64505994,15.39133811],[51.65404916,15.39837837],[51.66095221,15.40276527],[51.67925346,15.41266727],[51.6796875,15.41266727],[51.6796875,15.41294634],[51.68854415,15.41738105],[51.71911395,15.42836034],[51.75334811,15.44221294],[51.77952814,15.45054674],[51.79386592,15.45449054],[51.79875565,15.45454955],[51.82063067,15.46103692],[51.82126832,15.46115351],[51.8230859,15.46080661],[51.82683396,15.45878983],[51.83408785,15.45384014],[51.83648527,15.45184171],[51.83758414,15.44866574],[51.84276044,15.4466784],[51.84431315,15.44369745],[51.84621692,15.44285774],[51.84998751,15.44666886],[51.85646844,15.44683671],[51.85969496,15.44590354],[51.85994101,15.44707704],[51.85523152,15.44954336],[51.85014701,15.45438695],[51.84940875,15.45803225],[51.85268915,15.46135676],[51.85437346,15.46499431],[51.85297978,15.46689606],[51.84982634,15.46875],[51.84967685,15.46875],[51.8470968,15.47033751],[51.84912825,15.47474802],[51.85515273,15.48026633],[51.85566354,15.48208654],[51.85866594,15.48455513],[51.86370242,15.48624575],[51.86512792,15.49014103],[51.86827564,15.49255311],[51.93324316,15.52043605],[51.93500757,15.5209558],[51.93716943,15.51954615],[51.93999302,15.52146351],[51.94194877,15.52563322],[51.94682252,15.52832115],[52.00941408,15.55140615],[52.01669526,15.55323493],[52.02561331,15.55725074],[52.03125,15.55887282],[52.08295775,15.5767945],[52.09516644,15.58012164],[52.09872294,15.58308196],[52.10291696,15.58317757],[52.11593115,15.58837545],[52.12034726,15.58877623],[52.14319181,15.59746802],[52.17185342,15.60674655],[52.18461251,15.61020422],[52.18688464,15.60853398],[52.19592392,15.60899532],[52.19880772,15.61297274],[52.2022531,15.61414766],[52.20740175,15.61890113],[52.21042907,15.62462175],[52.21470666,15.6268965],[52.22227931,15.63352644],[52.22546721,15.63379943],[52.22428524,15.64023805],[52.22180033,15.64453125],[52.22166765,15.64453125],[52.21747148,15.65104592],[52.21740437,15.65706027],[52.21594536,15.66221857],[52.21276462,15.66476202],[52.2113471,15.67623317],[52.20847261,15.68228495],[52.20923626,15.68318856],[52.20761025,15.68654466],[52.20798707,15.68870735],[52.20500088,15.69420063],[52.20579875,15.69634867],[52.20002556,15.71108878],[52.19877505,15.71215153],[52.19807613,15.71772861],[52.19652557,15.71943498],[52.19691634,15.72312307],[52.19470572,15.73201096],[52.19637656,15.73441446],[52.19421113,15.73723078],[52.1938349,15.74200058],[52.19154477,15.74621165],[52.19407284,15.74836326],[52.19196475,15.75057244],[52.19258082,15.75258362],[52.19153285,15.75679922],[52.18833733,15.75990498],[52.18834305,15.76379216],[52.18943226,15.76561928],[52.18881273,15.76885831],[52.19038641,15.77443314],[52.19490635,15.77798116],[52.19540048,15.78018844],[52.20068252,15.78049564],[52.20365477,15.78334403],[52.20278132,15.78439105],[52.19778287,15.78469086],[52.19517672,15.78996956],[52.19659364,15.79410982],[52.19899082,15.79670322],[52.20003343,15.80095005],[52.19687438,15.80227697],[52.19496608,15.80976975],[52.19029462,15.81705415],[52.19036603,15.8203125],[52.19020724,15.8203125],[52.19020724,15.82045186],[52.19043934,15.82058215],[52.19061327,15.82056355],[52.19072926,15.82048905],[52.19078743,15.8203125],[52.19107735,15.8203125],[52.19114995,15.82170761],[52.19186652,15.82256973],[52.19473934,15.82126904],[52.19639754,15.82168686],[52.19687891,15.8203125],[52.19703197,15.8203125],[52.19703126,15.81980026],[52.20264745,15.81760788],[52.20273793,15.81819987],[52.20093965,15.8203125],[52.19957876,15.8219918],[52.20001411,15.82412601],[52.19641626,15.82512975],[52.19541824,15.82826245],[52.19111311,15.83326304],[52.18708706,15.84041011],[52.18143094,15.84343624],[52.1786766,15.84298325],[52.17431951,15.84423268],[52.16532946,15.8505975],[52.16038418,15.85686386],[52.16205895,15.87090731],[52.16040802,15.87311327],[52.16035783,15.87737346],[52.16264308,15.88299525],[52.16196322,15.88860488],[52.16344798,15.89466977],[52.16269696,15.89642513],[52.16410232,15.89772606],[52.16326118,15.90347636],[52.1641314,15.90759695],[52.16770625,15.91020584],[52.16745603,15.91225481],[52.16905165,15.91568887],[52.16871762,15.92235947],[52.17175734,15.92291713],[52.16741598,15.92584336],[52.16646445,15.92499161],[52.16299605,15.92590523],[52.15931988,15.9303863],[52.15928376,15.93416154],[52.15769374,15.93490374],[52.15600073,15.93428862],[52.15479314,15.93704665],[52.15263391,15.93742824],[52.15222931,15.93768227],[52.15099692,15.93930316],[52.15025091,15.940997],[52.14793253,15.95895874],[52.14832783,15.96188354],[52.14676344,15.96578813],[52.14697242,15.97219062],[52.1489861,15.97617388],[52.15057063,15.98178566],[52.15021324,15.98543358],[52.15293241,15.99216676],[52.15510905,15.99609375],[52.15521133,15.99609375],[52.16513073,16.01232517],[52.16959155,16.02593982],[52.18082797,16.04954517],[52.1865952,16.06514168],[52.19206595,16.06967056],[52.19607532,16.07525527],[52.20250082,16.09787452],[52.20488453,16.13375795],[52.20836735,16.14108753],[52.21643555,16.15332031],[52.22212815,16.16474616],[52.22488522,16.171875],[52.2250452,16.171875],[52.22569215,16.17455137],[52.23344028,16.18959153],[52.23783112,16.20216417],[52.24586475,16.20910001],[52.25150573,16.21619892],[52.27114916,16.24198794],[52.2806015,16.25630736],[52.29332375,16.26883376],[52.29506707,16.27078676],[52.3230648,16.30436265],[52.35956872,16.34472644],[52.36276472,16.34765625],[52.36303878,16.34765625],[52.38266695,16.36579227],[52.3828125,16.36579227],[52.3828125,16.36607134],[52.38533545,16.36844671],[52.41617453,16.39311361],[52.43566656,16.4069525],[52.47193146,16.42857873],[52.47862673,16.43214071],[52.49692404,16.44053972],[52.51531947,16.44807315],[52.55373251,16.46338165],[52.57836604,16.47262681],[52.58978272,16.47649121],[52.64635456,16.49505198],[52.66292655,16.49922037],[52.67584705,16.50495505],[52.69405341,16.50947487],[52.70215547,16.51397145],[52.70671844,16.51383173],[52.71866596,16.51983273],[52.72057855,16.5217334],[52.72498453,16.52358055],[52.72993708,16.52533066],[52.73110497,16.52605724],[52.734375,16.52957594],[52.734375,16.52985477],[52.74105728,16.53080344],[52.75211716,16.53679454],[52.76476514,16.53937101],[52.79647326,16.55102825],[52.79740155,16.55130684],[52.81038415,16.55283463],[52.81661785,16.55587375],[52.82189083,16.55636692],[52.82414997,16.55869007],[52.8295871,16.56023157],[52.83317852,16.56284034],[52.83860385,16.56481504],[52.83908021,16.56907964],[52.84336138,16.57260478],[52.8689574,16.58207321],[52.8866111,16.58689165],[52.89724445,16.59175384],[52.902107,16.59124672],[52.91416848,16.59735012],[52.92219853,16.59951055],[52.9224714,16.59844995],[52.92512774,16.59856904],[52.93070245,16.59994495],[52.93961215,16.60665584],[52.94499278,16.60900807],[52.94815123,16.6126157],[52.95616901,16.61356163],[52.96329105,16.61724973],[52.97565341,16.62019563],[52.98565161,16.62101495],[53.00284803,16.62636554],[53.01918697,16.62813008],[53.03369784,16.63169634],[53.03881252,16.63134062],[53.05898893,16.6360749],[53.06233251,16.6360141],[53.07045925,16.64005983],[53.07998335,16.64014125],[53.08026934,16.64022994],[53.08114946,16.64199722],[53.08550096,16.64397323],[53.0859375,16.64397323],[53.10006702,16.64683926],[53.10281551,16.64654624],[53.10325766,16.64666462],[53.10619092,16.64920342],[53.1067301,16.64942944],[53.10873485,16.64925206],[53.10919046,16.6494832],[53.11215055,16.65166295],[53.1196382,16.65348625],[53.12235784,16.65688753],[53.13136804,16.66217208],[53.14108741,16.66545761],[53.14993095,16.66592145],[53.15035975,16.6661092],[53.15574718,16.67060995],[53.15776527,16.67373967],[53.1604073,16.67400002],[53.16331673,16.67662501],[53.16647053,16.67646945],[53.16957283,16.67811835],[53.17714834,16.67929006],[53.18352342,16.68305814],[53.19227922,16.69043243],[53.19283772,16.69063342],[53.20282555,16.69305074],[53.21186137,16.69387364],[53.21420026,16.69624352],[53.22708631,16.69921875],[53.22828746,16.6993618],[53.2481575,16.70417488],[53.25595295,16.70189035],[53.25647736,16.7024312],[53.25386345,16.70287955],[53.25264514,16.70432735],[53.25706685,16.70367527],[53.26284337,16.70737064],[53.26466525,16.71021163],[53.26982105,16.71238434],[53.28348374,16.71405554],[53.28679991,16.71609426],[53.29726434,16.71922088],[53.30144167,16.71980023],[53.30726481,16.71860898],[53.31179547,16.72062874],[53.32413173,16.72254634],[53.3275243,16.72569704],[53.33246195,16.72801435],[53.34886527,16.73211324],[53.35972893,16.73374403],[53.36478496,16.73305583],[53.37408686,16.73599386],[53.38273621,16.73501611],[53.38339794,16.73512745],[53.39069617,16.73809767],[53.39743471,16.73784006],[53.40500605,16.74071634],[53.40890491,16.73973155],[53.41201603,16.7430402],[53.4165771,16.74518216],[53.43619692,16.74748898],[53.4375,16.74748886],[53.43882978,16.74745607],[53.44184566,16.74560845],[53.44261706,16.74586844],[53.44545245,16.74761808],[53.45022964,16.75333858],[53.45246685,16.75410986],[53.45984364,16.75295722],[53.46282113,16.75496995],[53.46814811,16.75486076],[53.46850145,16.75572658],[53.47108197,16.7548666],[53.4777137,16.75748062],[53.47886395,16.75772583],[53.48342526,16.75769401],[53.49087286,16.75982726],[53.49125397,16.75988615],[53.50376987,16.75997901],[53.50852513,16.76168931],[53.51215565,16.76163721],[53.51797414,16.75925207],[53.52469504,16.75889981],[53.52935565,16.75742137],[53.53290582,16.75791442],[53.53609467,16.75530136],[53.54944515,16.75716436],[53.55619872,16.75370085],[53.55892122,16.75405085],[53.56089175,16.75264263],[53.56581795,16.75227821],[53.56670761,16.75293541],[53.57396471,16.74957871],[53.57780194,16.75127554],[53.58358038,16.74819457],[53.58591223,16.74849784],[53.58679295,16.74898756],[53.58668017,16.75114036],[53.58899975,16.75313187],[53.59553361,16.75634444],[53.60412335,16.7590487],[53.60731757,16.75853741],[53.60952878,16.7606796],[53.61276472,16.76170135],[53.62011385,16.76134264],[53.62230957,16.7649827],[53.62517095,16.76483536],[53.62634647,16.76628172],[53.64242923,16.77020085],[53.64384115,16.77216256],[53.64797795,16.77274024],[53.65546167,16.77597797],[53.65736055,16.77777445],[53.66654396,16.77847624],[53.6725502,16.78046834],[53.67540634,16.7846781],[53.67489123,16.78819966],[53.67187417,16.79362524],[53.67220545,16.79601717],[53.67628491,16.80609596],[53.6829437,16.81082332],[53.68362212,16.81469965],[53.68754482,16.81632364],[53.69182265,16.81506205],[53.70020115,16.82067823],[53.70022094,16.82322836],[53.70194375,16.82502925],[53.71081746,16.82572007],[53.71191537,16.83108461],[53.71631885,16.83400357],[53.72046494,16.83961272],[53.73041224,16.84302866],[53.73070896,16.84325576],[53.73810482,16.85161746],[53.74477768,16.85576653],[53.75010586,16.86190295],[53.75248086,16.86303067],[53.75376618,16.86628473],[53.75238144,16.86866224],[53.75392628,16.87005413],[53.75488806,16.8705492],[53.76211393,16.87211943],[53.76272345,16.87239456],[53.76340973,16.87415373],[53.76412201,16.8743751],[53.76740074,16.87378442],[53.76750851,16.875],[53.76773071,16.87512171],[53.77243948,16.87772572],[53.7890625,16.88058031],[53.81491494,16.88585222],[53.82388246,16.88692605],[53.82456255,16.88686502],[53.83324456,16.88585866],[53.83468688,16.88398755],[53.83814025,16.88453746],[53.83884835,16.88620627],[53.84063494,16.88553023],[53.84175992,16.88636625],[53.84923267,16.88640523],[53.85283613,16.88858545],[53.85779941,16.88861775],[53.86027706,16.89032364],[53.86323345,16.88976562],[53.86347997,16.89271975],[53.86485863,16.8936125],[53.87972605,16.89617574],[53.89068794,16.89670968],[53.90107107,16.89348412],[53.9034785,16.89418483],[53.90434635,16.89619005],[53.90613461,16.89567471],[53.92131793,16.89977074],[53.93500233,16.89711106],[53.94569385,16.89775956],[53.94696248,16.89806163],[53.94719613,16.89821374],[53.94873333,16.90434921],[53.94805324,16.90773427],[53.94960415,16.90890586],[53.96211183,16.91130066],[53.96837187,16.90716541],[53.96913767,16.91070604],[53.97648287,16.91301084],[53.9779886,16.91654491],[53.9800086,16.91644764],[53.9802556,16.92126775],[53.9829607,16.92362857],[53.98647964,16.92442298],[53.99354374,16.92867851],[53.99845123,16.92754507],[53.99941552,16.92881048],[54.00237715,16.92784846],[54.00554335,16.92877245],[54.00691497,16.92948651],[54.01114202,16.93513584],[54.01227772,16.93968201],[54.01198232,16.94104111],[54.0113095,16.94161356],[54.01079345,16.94105005],[54.01071811,16.93870795],[54.00534296,16.93959022],[54.00686765,16.93557823],[54.00346935,16.93743992],[54.00194943,16.93633187],[54.00107574,16.93635762],[53.99925196,16.93705773],[53.99863946,16.93763542],[53.99819088,16.94106591],[53.99929631,16.94885886],[53.99846172,16.95032155],[53.99588215,16.94967163],[53.99544406,16.94993925],[53.99382472,16.95171535],[53.99399483,16.95326436],[53.99740398,16.95642054],[53.99826455,16.95594323],[54.00161386,16.96716225],[54.00948465,16.97497356],[54.02181315,16.98322928],[54.04661262,16.99051344],[54.08609366,16.99658418],[54.09617841,16.99719524],[54.10669804,16.99991834],[54.11451185,17.00030851],[54.13029754,17.00285697],[54.140625,17.00474334],[54.140625,17.00502217],[54.16523004,17.00941968],[54.16613197,17.00955355],[54.22700942,17.01736605],[54.22881031,17.01764512],[54.26621175,17.02452397],[54.34679425,17.03289437],[54.40668535,17.03315306],[54.41006196,17.03082192],[54.42671013,17.03121138],[54.42843795,17.03050935],[54.42984927,17.02748156],[54.43404496,17.02662384],[54.43513978,17.02778268],[54.43542695,17.03321266],[54.43138587,17.03911507],[54.43531704,17.03664017],[54.43945467,17.02827537],[54.44264543,17.02629066],[54.44579756,17.02718711],[54.44633877,17.03005445],[54.44950271,17.03207874],[54.47355938,17.03211701],[54.48621154,17.03320312],[54.4921875,17.03320312],[54.50090361,17.03267455],[54.50865793,17.03404021],[54.51362097,17.03406906],[54.51446831,17.03294921],[54.52586174,17.03295112],[54.52742457,17.03110075],[54.52804625,17.03104067],[54.53634441,17.03173602],[54.54192471,17.0299201],[54.54957986,17.03173125],[54.55023324,17.0317322],[54.55909312,17.03094137],[54.56878603,17.02815127],[54.57465565,17.02970254],[54.58270633,17.02934647],[54.58416355,17.02735543],[54.60888481,17.02771723],[54.61855745,17.02653623],[54.62118125,17.02787232],[54.62980175,17.02787232],[54.64281881,17.02561414],[54.64473402,17.02374065],[54.65056086,17.02340806],[54.66307545,17.02005982],[54.66926813,17.01732135],[54.6718955,17.01727045],[54.67537701,17.01578653],[54.67572415,17.01552081],[54.67776406,17.01209104],[54.67829716,17.01185656],[54.68211436,17.01185012],[54.68254852,17.01149917],[54.68301046,17.0095005],[54.68769872,17.00574422],[54.68799233,17.00530243],[54.68624794,17.00185645],[54.68653882,16.99925447],[54.69099605,16.99530375],[54.69117784,16.99394107],[54.69079304,16.99192631],[54.68885064,16.99008644],[54.68815792,16.98714817],[54.68694484,16.98658562],[54.68572497,16.9874289],[54.68551302,16.98714364],[54.68513191,16.98634744],[54.68563592,16.98251653],[54.68364668,16.98236108],[54.68310094,16.98163831],[54.68233454,16.97917855],[54.68241382,16.97883975],[54.68356824,16.97694302],[54.68633723,16.97425485],[54.68691194,16.97380805],[54.68891025,16.97434187],[54.69050133,16.97239995],[54.69261527,16.97424686],[54.6955651,16.97432923],[54.69626141,16.97312582],[54.69525564,16.96746552],[54.69580305,16.96649694],[54.69901824,16.96658862],[54.70047057,16.96381104],[54.70109427,16.9681524],[54.70469761,16.96732998],[54.70653248,16.96423376],[54.70755005,16.96766961],[54.70995271,16.96653342],[54.71141553,16.96728206],[54.71262646,16.96518242],[54.7162081,16.96535075],[54.71667242,16.96646166],[54.71951055,16.9660747],[54.72002804,16.96581531],[54.71991992,16.96213102],[54.7213428,16.95877004],[54.72548854,16.95976472],[54.72731721,16.95916367],[54.72865462,16.96037304],[54.73122466,16.95871878],[54.72974944,16.95779097],[54.72968698,16.95449364],[54.72781014,16.95363712],[54.72784054,16.95239675],[54.72984028,16.95126021],[54.73108077,16.95255518],[54.73683393,16.95315027],[54.73913205,16.95472407],[54.74722373,16.95245695],[54.74821377,16.95774305],[54.75084162,16.95894074],[54.75370264,16.95676506],[54.75405955,16.95885956],[54.75439835,16.95899403],[54.75495124,16.95894051],[54.75815284,16.95545435],[54.75990617,16.95528543],[54.76101005,16.95275104],[54.7640624,16.9524672],[54.76498675,16.95065165],[54.76396155,16.94963014],[54.76604974,16.94677365],[54.76634765,16.94678366],[54.76983798,16.94785297],[54.77100766,16.95045936],[54.77506411,16.95205045],[54.77446496,16.95433712],[54.77772975,16.95417905],[54.78332567,16.95201421],[54.79057705,16.94321156],[54.79104996,16.94309616],[54.79294527,16.94319832],[54.7938261,16.94498932],[54.79553831,16.94340301],[54.80362773,16.94552624],[54.80744076,16.94432271],[54.81072295,16.94529796],[54.8125813,16.94401157],[54.81385267,16.94411635],[54.81477773,16.9461199],[54.82127583,16.95043564],[54.81733978,16.9518404],[54.81682324,16.95233691],[54.81617403,16.95474935],[54.81653655,16.95502758],[54.82797945,16.95719147],[54.82720101,16.96011865],[54.83258927,16.95969951],[54.83484161,16.95817995],[54.83779144,16.95885074],[54.83776855,16.95711005],[54.84031844,16.9580487],[54.83945835,16.95861805],[54.84100807,16.96134615],[54.84375,16.95982134],[54.84568083,16.96153784],[54.84816265,16.96014202],[54.85229945,16.96093571],[54.85338056,16.96133852],[54.85492075,16.96283901],[54.86046255,16.9616425],[54.86114025,16.96175945],[54.86150575,16.96192408],[54.86230671,16.96452737],[54.86475277,16.95923364],[54.8666985,16.96064115],[54.86988545,16.95860791],[54.87275743,16.95842516],[54.87355065,16.96079016],[54.87585485,16.96066618],[54.87730277,16.96808326],[54.88028324,16.96412885],[54.88335705,16.96524823],[54.88620424,16.96011746],[54.88854873,16.96451283],[54.89001691,16.96333682],[54.89242494,16.96512234],[54.89341474,16.96769655],[54.89711261,16.96230292],[54.89950955,16.96294892],[54.89985526,16.96308291],[54.9026885,16.96558082],[54.90540516,16.96531165],[54.90755117,16.96687615],[54.90595782,16.96858156],[54.90734982,16.97120321],[54.91307116,16.97689533],[54.91288865,16.98730576],[54.91347146,16.98810267],[54.91407955,16.98823488],[54.91524386,16.98831511],[54.91844654,16.98604071],[54.92339134,16.98119915],[54.92445612,16.98203135],[54.92707348,16.97462785],[54.93140101,16.97493494],[54.93497312,16.97679818],[54.93776762,16.97585106],[54.93936706,16.97771573],[54.9406383,16.97708344],[54.94311905,16.97923148],[54.94424784,16.98276985],[54.94353378,16.98858404],[54.94778323,16.98965633],[54.9499197,16.98643756],[54.95728421,16.98468626],[54.96009874,16.98681164],[54.96558034,16.98732352],[54.96978164,16.98922384],[54.97045207,16.99268675],[54.97742093,16.99250126],[54.98054481,16.99438512],[54.98384202,16.99815273],[54.98517156,17.00310075],[54.9877727,17.00635397],[54.98783982,17.00937855],[54.99340105,17.02012146],[54.99698865,17.01961696],[55.00651145,17.02105224],[55.01769555,17.01598084],[55.0212059,17.01067388],[55.01922393,17.00202274],[55.01996982,16.99935794],[55.02344131,17.0032649],[55.02618432,17.00416398],[55.02816927,17.00964928],[55.03081894,17.01103103],[55.02872741,17.01811612],[55.03069866,17.01576042],[55.0354501,17.0150938],[55.03580594,17.01519561],[55.03686976,17.01742184],[55.04125226,17.01805925],[55.04264212,17.02310801],[55.04464436,17.0209583],[55.04735303,17.02066171],[55.04839075,17.02471995],[55.05098105,17.02606761],[55.05081487,17.02807975],[55.05405128,17.02801883],[55.05464244,17.03041482],[55.05815637,17.02985477],[55.06015432,17.03162682],[55.06001723,17.03387582],[55.06313491,17.03325295],[55.06708395,17.03659487],[55.06658316,17.0389235],[55.07338262,17.03623128],[55.07266414,17.0385164],[55.07559311,17.04178214],[55.07437635,17.04376733],[55.07515597,17.04477644],[55.07257032,17.04906785],[55.07622135,17.04567897],[55.080428,17.04499543],[55.08387005,17.04611731],[55.08561325,17.05092073],[55.08804464,17.05095792],[55.08830142,17.04977918],[55.08950794,17.04996491],[55.08949387,17.05078125],[55.08940613,17.05078125],[55.08851576,17.05577373],[55.08590555,17.05642712],[55.08763576,17.05708945],[55.08789361,17.05850446],[55.08992934,17.05868781],[55.08992875,17.06056154],[55.09157336,17.06074846],[55.09331751,17.05918682],[55.09575355,17.06127012],[55.09813237,17.06154931],[55.09854615,17.06343222],[55.10220575,17.06436026],[55.10122955,17.0674268],[55.10395181,17.07048845],[55.10757625,17.07232785],[55.10926616,17.07766783],[55.11141086,17.0774585],[55.11283255,17.07858527],[55.11146951,17.08367264],[55.11526751,17.08213484],[55.11742675,17.08607686],[55.1201694,17.08764172],[55.12171543,17.09209788],[55.12135506,17.09418976],[55.12468076,17.09419715],[55.12608182,17.09693432],[55.12536895,17.09888303],[55.12846005,17.10019934],[55.12665772,17.10349238],[55.12843776,17.10257161],[55.1289916,17.10482073],[55.13060856,17.10577941],[55.12953305,17.10902846],[55.13218844,17.10972917],[55.13296974,17.10888124],[55.13211465,17.10732627],[55.13413692,17.10694981],[55.13652205,17.11149538],[55.13483393,17.11342537],[55.13863945,17.11736166],[55.1385113,17.11844385],[55.14433265,17.12319553],[55.14364088,17.12569737],[55.14734054,17.12713575],[55.14863336,17.13028657],[55.15429044,17.13414872],[55.16116083,17.13609374],[55.17390144,17.13789082],[55.17638695,17.13941276],[55.17789853,17.13801265],[55.18036246,17.13794363],[55.18416583,17.14033461],[55.19050241,17.13929486],[55.1953125,17.14174104],[55.1953125,17.14202011],[55.19691753,17.1449244],[55.1953125,17.14704227],[55.1953125,17.14760041],[55.19437313,17.14910042],[55.19371343,17.15436733],[55.19516647,17.15625],[55.1953125,17.15625],[55.19549477,17.15662861],[55.19556773,17.15939891],[55.1953125,17.15987706],[55.19359624,17.16097343],[55.19356966,17.16125751],[55.19487476,17.16266727],[55.1953125,17.16266727],[55.1953125,17.16294634],[55.19719815,17.16658986],[55.20293236,17.17215824],[55.20633125,17.17313373],[55.20447755,17.17643475],[55.20631325,17.17742956],[55.20687234,17.18157077],[55.20943832,17.1823312],[55.21038663,17.1838634],[55.20881498,17.18708944],[55.20911455,17.18783712],[55.20937765,17.18819463],[55.21356118,17.19047844],[55.21338332,17.19217563],[55.21675837,17.19502366],[55.22068214,17.19546425],[55.22256792,17.19723606],[55.23004556,17.19925976],[55.23297024,17.20102394],[55.23505437,17.20423687],[55.23813045,17.2054944],[55.23807466,17.21111548],[55.23829508,17.21140921],[55.24260604,17.21549702],[55.24691594,17.21638417],[55.2522217,17.22103715],[55.25366294,17.2265625],[55.25346792,17.2265625],[55.25537586,17.2314527],[55.26065564,17.23393893],[55.26439035,17.23870957],[55.26425922,17.24254215],[55.26387775,17.24350071],[55.26063931,17.24590385],[55.26033545,17.24603844],[55.25752127,17.24554813],[55.25206721,17.25179398],[55.25037622,17.25754034],[55.24683344,17.25885093],[55.24654007,17.2656008],[55.24485826,17.26514328],[55.24283242,17.26622581],[55.24110746,17.26904535],[55.24210227,17.27602267],[55.24590063,17.28476191],[55.24769413,17.28624511],[55.24793875,17.28923404],[55.24986684,17.29125965],[55.25688255,17.29532194],[55.25818765,17.29539073],[55.25932086,17.29380476],[55.26096535,17.29573238],[55.26281822,17.29524863],[55.2619884,17.29757476],[55.26409853,17.30011964],[55.2634809,17.30404115],[55.26582146,17.30789948],[55.26644433,17.31144083],[55.26846087,17.31343663],[55.26808596,17.31742907],[55.27418911,17.32017493],[55.27343822,17.32158375],[55.27420294,17.32308996],[55.27944076,17.32801366],[55.28169167,17.33191991],[55.27987576,17.33716536],[55.28022015,17.34035683],[55.2829287,17.34355032],[55.2812736,17.34766603],[55.28903365,17.35082161],[55.29149318,17.35541308],[55.29508197,17.35728705],[55.29415905,17.36137927],[55.29534817,17.36545467],[55.29314697,17.36706173],[55.29320133,17.36955631],[55.29685223,17.37167776],[55.29643905,17.37505865],[55.30004132,17.37792623],[55.30014837,17.38233125],[55.29832256,17.38899326],[55.30174923,17.39266098],[55.30458701,17.39320934],[55.30660641,17.39611685],[55.30591798,17.39743865],[55.30183971,17.39738035],[55.29793417,17.39909124],[55.29767346,17.39943767],[55.29818034,17.40234375],[55.29797328,17.40234375],[55.29819071,17.40379024],[55.29735696,17.40660846],[55.29186261,17.41264617],[55.28926575,17.42057466],[55.28426063,17.42941272],[55.28410602,17.43532872],[55.27985477,17.43808925],[55.27924526,17.44176054],[55.27644515,17.44372106],[55.27278626,17.44903481],[55.27096725,17.44995773],[55.26913643,17.44809032],[55.26246345,17.44761586],[55.25552392,17.4507966],[55.24871695,17.44997585],[55.24825895,17.45018995],[55.24156845,17.45441186],[55.23453581,17.46433568],[55.23278308,17.46823621],[55.23073363,17.47562313],[55.23041022,17.48144531],[55.23131883,17.49562502],[55.22951174,17.49924827],[55.22561324,17.50179362],[55.22616267,17.50459945],[55.22436655,17.51736724],[55.22712994,17.53206313],[55.22724605,17.53245985],[55.23482835,17.55170667],[55.23961103,17.55879426],[55.24014795,17.56213343],[55.24348247,17.56720126],[55.24840426,17.56985903],[55.25294936,17.57426715],[55.25313151,17.57448578],[55.25351632,17.578125],[55.25356472,17.578125],[55.25407445,17.57911217],[55.26078153,17.58736086],[55.26098454,17.59133697],[55.25880265,17.59667921],[55.26328325,17.5993582],[55.26390982,17.60282135],[55.26659226,17.60526657],[55.27534866,17.60940588],[55.28036594,17.61409986],[55.28677988,17.61612618],[55.29026532,17.62014937],[55.29608834,17.62249327],[55.2991569,17.62578774],[55.30314982,17.62754607],[55.30370855,17.63381577],[55.30759215,17.63631606],[55.31139636,17.63679755],[55.31174731,17.63940024],[55.31532955,17.64348352],[55.31901777,17.64500225],[55.3183254,17.64792871],[55.31931007,17.64973903],[55.32857347,17.65329683],[55.33129013,17.65576327],[55.33445716,17.65599155],[55.33793795,17.65887606],[55.34059155,17.65955806],[55.34071767,17.65857315],[55.34222436,17.65868425],[55.34735656,17.66370738],[55.35536444,17.66689062],[55.35686374,17.6712867],[55.35935712,17.67233133],[55.36175776,17.67172468],[55.36461341,17.67418516],[55.3779211,17.67981005],[55.37905371,17.68361294],[55.37743497,17.68733156],[55.38260376,17.69252992],[55.38090205,17.69672024],[55.38711536,17.70157874],[55.38711071,17.70277941],[55.3856045,17.70236492],[55.38182247,17.70519161],[55.38026488,17.71063137],[55.38104224,17.72759187],[55.38988078,17.74249065],[55.39416647,17.74582791],[55.3934139,17.74763441],[55.40753794,17.75390625],[55.40771484,17.75390625],[55.41507328,17.76029587],[55.41550422,17.76690853],[55.41828954,17.77016723],[55.41660535,17.77498746],[55.41493344,17.77569401],[55.41408884,17.7777518],[55.41410542,17.77813923],[55.41616297,17.78468084],[55.41559386,17.7866981],[55.41853297,17.78939474],[55.41910446,17.79450226],[55.4211781,17.795946],[55.42171323,17.79872405],[55.42024374,17.80551183],[55.42116106,17.80678308],[55.42325783,17.80695605],[55.42390132,17.81234264],[55.42629361,17.81743956],[55.43305755,17.82195735],[55.44260287,17.82253635],[55.44274652,17.82415545],[55.44770217,17.82706738],[55.47906911,17.84144032],[55.48355556,17.84446251],[55.48413217,17.84473634],[55.51038027,17.85516024],[55.53824878,17.86530173],[55.54643548,17.86746645],[55.546875,17.86746645],[55.54692102,17.86749601],[55.58695304,17.87773597],[55.58760917,17.87786901],[55.64251566,17.88776791],[55.65850544,17.89003742],[55.66874444,17.89143252],[55.70227242,17.89456177],[55.70477641,17.89601946],[55.70837712,17.89624453],[55.71110511,17.89458251],[55.73392475,17.89939594],[55.74538946,17.89946628],[55.75142407,17.9026494],[55.75998735,17.90159798],[55.76669848,17.90248394],[55.77043664,17.90130007],[55.77658617,17.90293395],[55.80170774,17.90233636],[55.81184316,17.90092051],[55.81735933,17.89875293],[55.82197511,17.89988387],[55.8273406,17.89850175],[55.83046556,17.89948606],[55.83917832,17.89768517],[55.84758425,17.89832592],[55.84934795,17.90050375],[55.85089767,17.8997184],[55.85350204,17.90098655],[55.85845506,17.89795876],[55.86018348,17.89897287],[55.86365044,17.8988384],[55.86428761,17.89870381],[55.86659145,17.89624965],[55.87166882,17.89641762],[55.88185036,17.89420235],[55.88476658,17.89555335],[55.88948083,17.8934375],[55.89218915,17.89349484],[55.89484525,17.89554811],[55.89769745,17.89640772],[55.8984375,17.89592636],[55.90321755,17.89514124],[55.90674365,17.89734042],[55.9080739,17.89954925],[55.91270745,17.89656246],[55.91916847,17.89817965],[55.92114258,17.9006412],[55.92501187,17.90275466],[55.93172395,17.90358412],[55.9394176,17.90904677],[55.94428384,17.91536856],[55.94821322,17.91566133],[55.95014274,17.91751015],[55.95336211,17.91760433],[55.96506524,17.92219233],[55.96767724,17.92514026],[55.97369623,17.9251132],[55.97871077,17.9296875],[55.97936416,17.9296875],[55.97936416,17.92982686],[55.9795109,17.92996645],[55.97965753,17.92982686],[55.97965753,17.9296875],[55.98420036,17.92806172],[55.98603511,17.9296875],[55.98640144,17.9296875],[55.98693538,17.93084013],[55.98874712,17.9296875],[55.99068856,17.9290024],[55.99555635,17.92871666],[55.99746084,17.9296875],[55.99930274,17.9296875],[56.00048614,17.93052554],[56.00458062,17.9296875],[56.00507796,17.9296875],[56.01343477,17.92843664],[56.01591802,17.9296875],[56.01660228,17.9296875],[56.01733542,17.93024552],[56.02686477,17.9296875],[56.03009021,17.9296875],[56.03903306,17.92996645],[56.0391798,17.9296875],[56.04023433,17.9296875],[56.04712176,17.92882085],[56.05151355,17.92692971],[56.05843496,17.92795622],[56.06815374,17.92497981],[56.07112002,17.92570984],[56.07333386,17.92469788],[56.08068001,17.92456365],[56.10446346,17.92026961],[56.10938787,17.92107534],[56.11422884,17.92638755],[56.12680185,17.92613161],[56.12947142,17.92796481],[56.13191223,17.92817223],[56.13935483,17.92594063],[56.14003921,17.92593706],[56.14712155,17.92690897],[56.14764965,17.92708945],[56.14998186,17.92811406],[56.15009761,17.9296875],[56.15001416,17.93010604],[56.15058243,17.93044233],[56.15156245,17.9296875],[56.1531738,17.92951298],[56.15353274,17.9296875],[56.15653348,17.93083954],[56.15806592,17.93399036],[56.16083455,17.93403506],[56.16305566,17.93957055],[56.17046225,17.94231117],[56.17242503,17.94408727],[56.17476976,17.94252765],[56.17896235,17.94537067],[56.18145502,17.94140542],[56.18798888,17.94138515],[56.19244945,17.94011641],[56.19707227,17.94008064],[56.20009816,17.94163644],[56.20613623,17.94040012],[56.20600247,17.94269633],[56.21001792,17.94200492],[56.21121836,17.94307172],[56.21548033,17.94119382],[56.21641755,17.94227505],[56.22171092,17.94234514],[56.22328591,17.93947685],[56.22812557,17.94081855],[56.23353815,17.93983281],[56.23510182,17.93816876],[56.23712218,17.94050813],[56.24648821,17.93894684],[56.24821186,17.93968415],[56.25,17.93889511],[56.25676215,17.93552983],[56.27719975,17.93374097],[56.27802205,17.93347442],[56.27860725,17.9328804],[56.27991486,17.93067515],[56.27988267,17.9296875],[56.27974296,17.92762506],[56.28338885,17.92799854],[56.28431642,17.9269942],[56.29083037,17.9262712],[56.30615747,17.91995037],[56.3205322,17.91693723],[56.32807755,17.91704822],[56.33084357,17.91580617],[56.33265841,17.91676557],[56.34511006,17.91668201],[56.35367882,17.91941512],[56.35514486,17.92094576],[56.35631657,17.92543721],[56.35605454,17.9296875],[56.35614312,17.9296875],[56.35548735,17.93480611],[56.35163987,17.93980443],[56.35124564,17.94149125],[56.35125113,17.94185817],[56.35346246,17.94937873],[56.35397303,17.95692897],[56.35492027,17.96006954],[56.35519028,17.96059537],[56.36156762,17.96707594],[56.36391318,17.96902895],[56.37140906,17.97380316],[56.38332415,17.9764986],[56.38368952,17.97675037],[56.39534795,17.98844373],[56.40828741,17.99543965],[56.41080654,17.99989307],[56.42562175,18.01146543],[56.43149114,18.02028346],[56.4303261,18.03083146],[56.43064916,18.03884792],[56.43233442,18.04332495],[56.43542051,18.04871261],[56.44783175,18.06052697],[56.45224345,18.06176305],[56.46138155,18.06932676],[56.46921945,18.07191253],[56.47980905,18.08091426],[56.48274004,18.08109736],[56.48436916,18.08294105],[56.49021697,18.08576274],[56.49396884,18.08628011],[56.49610805,18.08815563],[56.50501311,18.09070885],[56.50968111,18.09377527],[56.51219535,18.09626114],[56.51474464,18.09912944],[56.51828992,18.10546875],[56.51971495,18.10902095],[56.52624536,18.11574745],[56.53230417,18.11672938],[56.53286254,18.11694336],[56.53807116,18.11983955],[56.54773593,18.12307811],[56.55135524,18.12575042],[56.55223072,18.12766015],[56.55250764,18.13467884],[56.55053175,18.13967001],[56.54986775,18.15361226],[56.54742086,18.15462065],[56.5501821,18.15614307],[56.54763782,18.16282964],[56.54464662,18.16555846],[56.54421735,18.17895877],[56.54751718,18.18255198],[56.55040121,18.18270767],[56.54876995,18.18596697],[56.54865897,18.19246626],[56.55220366,18.19871807],[56.55640352,18.2209264],[56.55950665,18.22977674],[56.56690335,18.23931611],[56.56835246,18.24373186],[56.57626641,18.25483227],[56.58450484,18.26875103],[56.58495808,18.27140772],[56.58720005,18.27324486],[56.58704853,18.27647614],[56.58865035,18.28125],[56.58862865,18.28125],[56.58866072,18.28194857],[56.59042966,18.28526855],[56.59561372,18.29145825],[56.59900296,18.29844844],[56.59943342,18.29990137],[56.60141552,18.31305802],[56.6015625,18.31305802],[56.6015625,18.31473207],[56.60280335,18.32452464],[56.60563886,18.32851267],[56.60821331,18.34210742],[56.60848355,18.3450278],[56.60716856,18.34634924],[56.60605574,18.36527407],[56.60953021,18.39742291],[56.62395811,18.42815042],[56.63081384,18.4385699],[56.63308537,18.44377434],[56.63323784,18.44424331],[56.63411427,18.44970536],[56.63411415,18.45069528],[56.63301504,18.45703125],[56.63189566,18.46055615],[56.63030207,18.48826826],[56.6284095,18.50034511],[56.628304,18.51569736],[56.62659907,18.51939178],[56.62627482,18.52274001],[56.62631416,18.52569938],[56.62672055,18.52800775],[56.63001692,18.53861475],[56.6385535,18.55451906],[56.64387202,18.57135308],[56.65003645,18.58187532],[56.65149415,18.58664775],[56.64198315,18.57155764],[56.63900161,18.56346011],[56.63859987,18.55929124],[56.63304114,18.55231583],[56.63256514,18.5482372],[56.62977445,18.55128515],[56.63045144,18.55552995],[56.63533247,18.56737447],[56.63539493,18.57156813],[56.64045966,18.57936084],[56.65044844,18.59027982],[56.67896426,18.61545336],[56.69217444,18.6328125],[56.69254458,18.6328125],[56.69510877,18.63574326],[56.69937074,18.64257872],[56.7168051,18.66130483],[56.72376001,18.67056096],[56.72994006,18.67651773],[56.72985554,18.67772746],[56.73838353,18.6863718],[56.74247801,18.68842435],[56.74583852,18.69349885],[56.7563343,18.70407474],[56.75979233,18.71076596],[56.76434207,18.71473897],[56.76738572,18.7197473],[56.77739096,18.73030424],[56.78166783,18.73338318],[56.78304243,18.73566091],[56.81012833,18.75405335],[56.82868135,18.76811457],[56.83089185,18.76860034],[56.83818007,18.77416217],[56.84474063,18.77680385],[56.85868514,18.78585863],[56.87462831,18.79403102],[56.88398862,18.79635167],[56.88849187,18.79935515],[56.89141774,18.80066502],[56.89901996,18.80363548],[56.91631985,18.80859375],[56.91658366,18.80859375],[56.91655743,18.8087368],[56.93908894,18.81598437],[56.953125,18.82310271],[56.953125,18.82338154],[56.95847583,18.82452917],[56.97060311,18.83127236],[56.99271727,18.84117031],[57.01036715,18.84659302],[57.01343656,18.84850943],[57.01721954,18.84852266],[57.03053164,18.85484385],[57.03670704,18.85699463],[57.06115794,18.86436772],[57.06906414,18.86530113],[57.10369265,18.87409592],[57.1208297,18.87729895],[57.1661725,18.88845956],[57.19326425,18.89645493],[57.20953167,18.89927411],[57.22684288,18.90367734],[57.2648915,18.91483247],[57.28360295,18.91928232],[57.3046875,18.92271197],[57.30631888,18.92334998],[57.30989671,18.92400706],[57.34180427,18.9272058],[57.36101437,18.93052948],[57.40722942,18.93523824],[57.43945277,18.93743455],[57.46077585,18.93739653],[57.48947394,18.93948305],[57.57832575,18.93882108],[57.63213837,18.93729723],[57.64086664,18.9379909],[57.64704704,18.93673503],[57.65625,18.9375],[57.68106365,18.93701386],[57.70546675,18.94035816],[57.70618916,18.94050241],[57.71463954,18.94591224],[57.72419584,18.9487735],[57.7258023,18.95136845],[57.73276782,18.95682561],[57.73519862,18.96091545],[57.74348605,18.96435571],[57.75217867,18.96539521],[57.75351465,18.96666002],[57.77474165,18.96900094],[57.78016615,18.96930802],[57.7848767,18.96950865],[57.79313242,18.96805477],[57.8043946,18.96897185],[57.80498695,18.96917462],[57.80919325,18.97191346],[57.81011725,18.97965705],[57.8132236,18.98325467],[57.8137567,18.98352575],[57.81463456,18.98146176],[57.81721044,18.98041713],[57.82068574,18.984375],[57.82204437,18.98355925],[57.82288694,18.98369563],[57.82274854,18.984375],[57.82273304,18.984375],[57.82273901,18.98624468],[57.82665563,18.98798466],[57.82603133,18.98985934],[57.82924128,18.98893905],[57.83390224,18.99095821],[57.8331722,18.99353945],[57.83718956,18.99490142],[57.83669007,18.99612045],[57.84205008,18.99925935],[57.84212506,18.99972796],[57.84055495,19.00377882],[57.83036494,19.00688636],[57.82552767,19.01188886],[57.81836474,19.02559531],[57.81450033,19.03965306],[57.81277347,19.05985606],[57.81376147,19.06261814],[57.80676186,19.06192744],[57.80447996,19.06282854],[57.80176175,19.06467831],[57.79684293,19.07123721],[57.79498577,19.09249425],[57.79667246,19.10708296],[57.79566824,19.11877871],[57.80127955,19.13560545],[57.80085552,19.13837576],[57.80236542,19.13992751],[57.80231166,19.14505267],[57.80434096,19.15168965],[57.80392873,19.15665853],[57.80207014,19.16015625],[57.80189717,19.16015625],[57.80130458,19.16105795],[57.79726684,19.16361785],[57.79387701,19.16918147],[57.79084206,19.17029142],[57.78975451,19.170403],[57.77763963,19.16776204],[57.77610636,19.16787195],[57.77425528,19.16885781],[57.76736224,19.17597365],[57.76267195,19.18287015],[57.76253748,19.18319356],[57.75428617,19.20734],[57.75413954,19.20793545],[57.75282216,19.22288525],[57.75047755,19.22667253],[57.74891627,19.22700465],[57.74856031,19.22752166],[57.74509847,19.23401296],[57.74493515,19.23471046],[57.74177957,19.25434875],[57.74073005,19.28948188],[57.74189401,19.29522681],[57.74169374,19.30627215],[57.74521542,19.32596123],[57.74931061,19.3359375],[57.74938893,19.3359375],[57.75004983,19.33691525],[57.75371242,19.34978497],[57.75776124,19.35584855],[57.76030576,19.36277795],[57.75959444,19.37069833],[57.76289845,19.38442898],[57.76201844,19.39829624],[57.75950503,19.4106245],[57.76039386,19.41195166],[57.75791121,19.41448426],[57.75451112,19.42737663],[57.75001085,19.43163645],[57.74791515,19.44610882],[57.74090195,19.44913363],[57.73744702,19.4591912],[57.73509693,19.46013272],[57.73177028,19.4667865],[57.72731948,19.46894801],[57.72654653,19.46969771],[57.72538233,19.47167575],[57.72487783,19.47281873],[57.72262335,19.48784792],[57.72135103,19.49216545],[57.72035515,19.49388826],[57.71825743,19.49634135],[57.71772695,19.49674845],[57.71328771,19.49901998],[57.71297574,19.50247371],[57.71054745,19.50602674],[57.70674682,19.50790966],[57.70604765,19.50947475],[57.70345616,19.50969291],[57.70288682,19.51018953],[57.70208025,19.51171875],[57.70182276,19.51171875],[57.70061064,19.52159655],[57.69657505,19.52543712],[57.698264,19.55170691],[57.70531738,19.57138681],[57.70577216,19.57694256],[57.70959115,19.58498645],[57.7097975,19.58777595],[57.71167707,19.59002018],[57.71234035,19.59251034],[57.71117795,19.59569025],[57.7150768,19.60119224],[57.71563613,19.60378981],[57.71527481,19.60947645],[57.71253324,19.62194586],[57.71260142,19.62235701],[57.71801925,19.63488162],[57.72155905,19.63999498],[57.72151065,19.64781463],[57.72397065,19.66020632],[57.72250473,19.66167974],[57.71860302,19.65850616],[57.71528935,19.65851438],[57.71452713,19.65880597],[57.70986283,19.66225922],[57.70722032,19.66878045],[57.70197344,19.6660943],[57.69689596,19.66638827],[57.69312131,19.66870475],[57.68912125,19.67178476],[57.68533635,19.67634594],[57.68487418,19.67706323],[57.68113923,19.68652332],[57.68110788,19.6875],[57.68114984,19.6875],[57.67762411,19.69945276],[57.67762411,19.72021568],[57.67976737,19.72782803],[57.68268776,19.7356863],[57.68365848,19.73786044],[57.69145763,19.7513175],[57.70900702,19.77210236],[57.72980475,19.79183853],[57.73750091,19.80118334],[57.73995984,19.80651355],[57.73836017,19.81152344],[57.73991394,19.81982684],[57.74166155,19.82325184],[57.74814224,19.82925725],[57.74814224,19.83107817],[57.75507307,19.83878517],[57.75379038,19.84442127],[57.76052034,19.85556781],[57.76296365,19.86328125],[57.76305366,19.86328125],[57.77057338,19.88203645],[57.77071273,19.8826251],[57.77032495,19.88399971],[57.76710415,19.88770854],[57.76961195,19.89914894],[57.78445518,19.92425013],[57.78598332,19.92388475],[57.78745282,19.92627323],[57.78642941,19.93039262],[57.78959763,19.93710816],[57.78919363,19.94092655],[57.79187262,19.95334053],[57.80177402,19.97037995],[57.80430353,19.97413814],[57.80832493,19.97722054],[57.8116163,19.9837594],[57.81176317,20.00443482],[57.81055355,20.01097405],[57.81298113,20.02080595],[57.81830347,20.03135157],[57.81942236,20.0390625],[57.81926334,20.0390625],[57.82247806,20.04348755],[57.82453752,20.04884732],[57.81989491,20.05446124],[57.81948101,20.05527377],[57.81877315,20.05957472],[57.81933475,20.06274724],[57.82438207,20.07523906],[57.82990253,20.09643102],[57.83261156,20.10304105],[57.8324213,20.11480951],[57.83515525,20.12462938],[57.83463836,20.12905312],[57.83263087,20.13279343],[57.83208787,20.13328505],[57.82652914,20.13317275],[57.82310474,20.13434911],[57.82161415,20.13509405],[57.81945884,20.13874412],[57.81854796,20.14136982],[57.81748176,20.1541574],[57.81796277,20.15885675],[57.81606054,20.16063428],[57.81545937,20.16997945],[57.82260084,20.19790483],[57.82365656,20.20046425],[57.82794726,20.20688045],[57.83589125,20.21484375],[57.83619523,20.21484375],[57.84292841,20.22109544],[57.84517825,20.22630155],[57.84722483,20.22816992],[57.84775245,20.23649204],[57.84996116,20.24094605],[57.87435114,20.26502693],[57.88330412,20.27192771],[57.90347827,20.2845937],[57.94285631,20.30495846],[57.95323455,20.3091799],[57.95810556,20.31340635],[57.96253908,20.32274842],[57.96759033,20.32932377],[57.96849632,20.33392811],[57.97448933,20.34445047],[57.96999633,20.34729755],[57.95766175,20.34817624],[57.95164406,20.34994328],[57.94986725,20.35173297],[57.94579887,20.35880756],[57.94271755,20.3709985],[57.9427067,20.38293064],[57.94564962,20.390625],[57.94589448,20.390625],[57.94676054,20.39401043],[57.95068204,20.40020788],[57.95217776,20.40220416],[57.95494032,20.40556085],[57.96264374,20.41240871],[57.99283326,20.43176603],[57.99831677,20.43306506],[58.00199056,20.43576133],[58.00766361,20.43805802],[58.0078125,20.43805802],[58.02526796,20.44468737],[58.03785884,20.44831347],[58.04049683,20.44891024],[58.04671955,20.4481585],[58.05557346,20.45726526],[58.06203616,20.45797372],[58.0654006,20.46216702],[58.06710053,20.46157277],[58.06896031,20.46272254],[58.06686747,20.46508515],[58.06865478,20.47053385],[58.06689155,20.47494566],[58.06683576,20.48121965],[58.06869984,20.48454654],[58.06937802,20.48868251],[58.06860411,20.49088311],[58.06967235,20.49343705],[58.06797624,20.49565804],[58.06712878,20.50079715],[58.06977093,20.50600815],[58.07319534,20.50945997],[58.07269084,20.51623356],[58.07687473,20.52218175],[58.07680655,20.53836775],[58.07526016,20.54361451],[58.08193851,20.55418491],[58.08364093,20.55577946],[58.08954143,20.55966628],[58.09221685,20.56088054],[58.10345793,20.56394815],[58.10723817,20.56640625],[58.10791826,20.56640625],[58.10791826,20.56654572],[58.10842502,20.56699026],[58.10970604,20.56640625],[58.11000395,20.56640625],[58.10992062,20.56655061],[58.11194026,20.56707823],[58.11646616,20.57032502],[58.12550175,20.57075906],[58.1283071,20.57174265],[58.12865341,20.57192433],[58.13898754,20.58329618],[58.1439476,20.58674514],[58.14792585,20.58737338],[58.15873301,20.59215772],[58.16833746,20.60402215],[58.18174255,20.60863102],[58.18820155,20.60826433],[58.19238281,20.61244404],[58.19689655,20.61239946],[58.20015085,20.61079931],[58.20811653,20.61074054],[58.21531558,20.60894978],[58.22276044,20.60655665],[58.22464812,20.60582161],[58.23034334,20.60216105],[58.24389422,20.59856474],[58.24425673,20.5984354],[58.24748135,20.59629035],[58.26508915,20.59005797],[58.26848316,20.58846354],[58.2692939,20.58790958],[58.26936734,20.58533692],[58.26709294,20.57938015],[58.26709306,20.57910144],[58.26897585,20.57426035],[58.26765704,20.57353175],[58.26595891,20.57516766],[58.26461363,20.57427382],[58.26016283,20.56640625],[58.26024675,20.56640625],[58.25928605,20.56426728],[58.25786543,20.55315292],[58.25786603,20.54171598],[58.25570226,20.53976321],[58.25455916,20.53436971],[58.24572361,20.52048695],[58.24503362,20.50856256],[58.24354827,20.50460374],[58.24236512,20.50337625],[58.24011731,20.50327957],[58.23809123,20.50099921],[58.2404294,20.49877346],[58.23863447,20.49721825],[58.23648322,20.49707866],[58.23726428,20.4940592],[58.23636973,20.49176633],[58.23436844,20.48830914],[58.23058617,20.48537982],[58.22200501,20.47114062],[58.22032166,20.46171916],[58.21597075,20.45112991],[58.2104758,20.44354081],[58.20964086,20.43903446],[58.20424116,20.43380976],[58.20347703,20.43334305],[58.2008754,20.4342097],[58.19763267,20.43090165],[58.19748676,20.43010426],[58.19778073,20.42742765],[58.20071042,20.41894531],[58.20068598,20.41611815],[58.19774926,20.41350007],[58.19763196,20.41304183],[58.19751692,20.41132033],[58.19839168,20.40814865],[58.20049012,20.40384173],[58.20256674,20.40182173],[58.20551813,20.40074313],[58.21246815,20.39539838],[58.22340965,20.39450181],[58.22808707,20.39335072],[58.2337532,20.390625],[58.23445416,20.390625],[58.24289894,20.38741541],[58.24786973,20.3852849],[58.25152934,20.38303554],[58.26171541,20.37554097],[58.26252186,20.37535572],[58.266065,20.37604344],[58.26905406,20.37506604],[58.27297664,20.37633908],[58.28197515,20.37305296],[58.2859807,20.37307525],[58.29123604,20.3743391],[58.29342234,20.37656677],[58.29863405,20.37870777],[58.29896605,20.37898517],[58.30444646,20.37971437],[58.30477703,20.37903285],[58.30401933,20.37795913],[58.30004132,20.37785864],[58.29257917,20.37196195],[58.28134716,20.37221694],[58.27230895,20.37552166],[58.26907527,20.37242818],[58.26884937,20.3742454],[58.26404607,20.37496972],[58.26063681,20.37342703],[58.26040971,20.3724153],[58.26095033,20.37069583],[58.26556265,20.36773455],[58.27297986,20.36994815],[58.28150022,20.36836433],[58.28685963,20.3689301],[58.30466092,20.37625158],[58.32052183,20.37967193],[58.32281387,20.37999284],[58.35227406,20.37999284],[58.359375,20.37806904],[58.359375,20.37779021],[58.36458075,20.37307632],[58.37268341,20.37014794],[58.38214397,20.36276448],[58.38964415,20.36023974],[58.39104354,20.36105597],[58.39501023,20.36057615],[58.40316176,20.35253871],[58.39974105,20.35209453],[58.39670432,20.35391784],[58.39569795,20.35271406],[58.39785254,20.35070682],[58.40259504,20.35047603],[58.40579104,20.35149002],[58.42908001,20.35097444],[58.44436955,20.34801137],[58.44512856,20.34809864],[58.44723284,20.35001242],[58.44647443,20.3537935],[58.44737184,20.35548365],[58.45458341,20.36283183],[58.46193814,20.36841035],[58.46455514,20.37403154],[58.46771371,20.37769234],[58.46945393,20.37920392],[58.4750036,20.38011455],[58.47507524,20.3885324],[58.47715735,20.390625],[58.47785234,20.390625],[58.48577881,20.39211476],[58.48887682,20.39767635],[58.49162197,20.39924204],[58.50120175,20.39902496],[58.50419915,20.40014112],[58.50835633,20.40412498],[58.50780797,20.40626264],[58.50952864,20.4100697],[58.51647902,20.41269696],[58.51900697,20.41458917],[58.51924026,20.41484737],[58.52013564,20.41956234],[58.52410257,20.42375612],[58.5280894,20.42614985],[58.53018367,20.43723345],[58.52944183,20.44224834],[58.53027594,20.447685],[58.53254366,20.45428765],[58.53091228,20.45916975],[58.53102493,20.45968425],[58.53383005,20.46329641],[58.53382242,20.4685775],[58.54326653,20.4802649],[58.5454998,20.48416424],[58.54566491,20.48482513],[58.54491246,20.4880414],[58.54015994,20.48689342],[58.53835785,20.49031913],[58.54004276,20.49297714],[58.54375911,20.49446595],[58.54490232,20.49713147],[58.54590035,20.5015887],[58.54392397,20.50185275],[58.54341984,20.50438702],[58.54445064,20.50925982],[58.54465735,20.50977707],[58.55007815,20.51667738],[58.55094016,20.52333724],[58.55130148,20.52372587],[58.55919135,20.52496862],[58.56201577,20.53028095],[58.56215358,20.53267765],[58.56582403,20.53800404],[58.56669462,20.54338658],[58.56461251,20.54456103],[58.56401157,20.54674625],[58.56681764,20.54750311],[58.56672072,20.55232966],[58.57258093,20.55543423],[58.57252395,20.55807674],[58.57296443,20.55944395],[58.57512856,20.56230867],[58.57608736,20.56570876],[58.57608736,20.56640625],[58.57597315,20.56640625],[58.57481277,20.57603335],[58.58229125,20.58859205],[58.58580506,20.59835374],[58.58906662,20.60321832],[58.59366512,20.60545671],[58.59540296,20.60951805],[58.60163617,20.6139363],[58.60108113,20.61526692],[58.60414076,20.61483097],[58.60589957,20.61907136],[58.60835743,20.62028182],[58.61088693,20.62402713],[58.60794318,20.62777257],[58.60472655,20.62848425],[58.60734844,20.63268232],[58.61175334,20.63178754],[58.61038411,20.63306236],[58.6067965,20.63501751],[58.60619795,20.63524616],[58.60239232,20.63326526],[58.60181105,20.63315856],[58.59897494,20.63377166],[58.59872794,20.63439345],[58.59905016,20.63464785],[58.60168648,20.63427412],[58.60211754,20.63438094],[58.60446525,20.63585937],[58.60194433,20.63640916],[58.59946227,20.63641024],[58.59172368,20.63399315],[58.59027505,20.63438702],[58.59005463,20.63489425],[58.59028995,20.63574326],[58.60812891,20.65628982],[58.62415183,20.67196357],[58.62851381,20.67763042],[58.66333902,20.69873297],[58.68114507,20.70808065],[58.69760442,20.72869468],[58.71078837,20.74107134],[58.7109375,20.74107134],[58.7109375,20.74135041],[58.71272504,20.7421875],[58.71332502,20.7421875],[58.71893418,20.7437942],[58.73215735,20.74534404],[58.73555934,20.74714255],[58.73817754,20.74711716],[58.74122524,20.751037],[58.74153864,20.75159466],[58.74224377,20.76123083],[58.74107993,20.77106583],[58.74338222,20.79412472],[58.74223542,20.80141163],[58.73567355,20.80932975],[58.73163211,20.80443501],[58.72812855,20.80326295],[58.72516584,20.79950166],[58.72243798,20.79822826],[58.72227955,20.79790616],[58.73069835,20.79767525],[58.72738373,20.79292262],[58.72556937,20.7858237],[58.72559488,20.78309894],[58.72667468,20.77936101],[58.73289752,20.77185404],[58.73360336,20.77069795],[58.73383617,20.76847374],[58.73371375,20.76800096],[58.73178005,20.76417017],[58.73203111,20.76106846],[58.73043931,20.76127076],[58.72993314,20.76074362],[58.72980201,20.76024497],[58.73004115,20.75591433],[58.72537518,20.75527465],[58.72213852,20.75285196],[58.71938884,20.75316966],[58.7109375,20.74832594],[58.7109375,20.74776781],[58.70840991,20.74519551],[58.70092487,20.74296784],[58.69794035,20.74016273],[58.69802582,20.74243331],[58.69555736,20.74351382],[58.69409466,20.74348998],[58.69422483,20.7421875],[58.6939553,20.7421875],[58.69400263,20.74016476],[58.69341814,20.73900652],[58.69270742,20.73848474],[58.68990326,20.7377727],[58.68819821,20.73961735],[58.6817826,20.73939955],[58.68155324,20.73973846],[58.68258572,20.7421875],[58.68712425,20.74903953],[58.69423914,20.75076497],[58.70361698,20.74975133],[58.70873797,20.75259125],[58.70487726,20.75421345],[58.70254087,20.75706947],[58.69997752,20.75766301],[58.69544852,20.75560772],[58.69084573,20.75150287],[58.68730187,20.7502799],[58.6815412,20.75530136],[58.67857611,20.75525701],[58.67493463,20.76200974],[58.67374265,20.76859474],[58.67222548,20.76698005],[58.67313373,20.75911808],[58.66695392,20.75195491],[58.66202486,20.75191772],[58.66851151,20.75629222],[58.66523504,20.75537622],[58.65796995,20.75573933],[58.65958858,20.75848377],[58.65729475,20.75795364],[58.65633845,20.75917375],[58.65294981,20.75815272],[58.64904976,20.76043367],[58.64904034,20.76071763],[58.65078676,20.76204336],[58.66081142,20.766065],[58.66186666,20.76584721],[58.66159725,20.76379311],[58.66366434,20.76429641],[58.66586006,20.76560688],[58.66620636,20.76998305],[58.66727805,20.76844811],[58.6706264,20.76999807],[58.67125785,20.77227771],[58.66468418,20.77667165],[58.66477382,20.78230524],[58.66900551,20.78478205],[58.67069685,20.78920305],[58.66838813,20.78838825],[58.66590011,20.78981531],[58.66792333,20.79090405],[58.66926515,20.79367507],[58.67226934,20.79480624],[58.67183542,20.78817165],[58.67661774,20.78790915],[58.67397773,20.78636408],[58.67423236,20.78561735],[58.68220878,20.78645575],[58.68649673,20.79540396],[58.69222295,20.79832745],[58.69302022,20.80200183],[58.69601536,20.80594313],[58.69598568,20.80845261],[58.69313765,20.81309676],[58.69428122,20.81575251],[58.69837117,20.81938696],[58.69932985,20.82186866],[58.70060062,20.82303345],[58.70726395,20.82706916],[58.71078825,20.83063614],[58.7109375,20.83063614],[58.71349275,20.83207762],[58.72129834,20.84071076],[58.72237754,20.8412888],[58.72542036,20.84102583],[58.72837162,20.83818746],[58.72851717,20.83715916],[58.72842336,20.83601356],[58.72792816,20.83525753],[58.72524273,20.83347285],[58.72421074,20.82914984],[58.72758055,20.82895064],[58.72761953,20.82546043],[58.71989906,20.81205976],[58.71973801,20.80818212],[58.72006416,20.80806684],[58.7254163,20.80962408],[58.73555756,20.81916678],[58.74024403,20.82034195],[58.74260187,20.82228375],[58.73842537,20.83166325],[58.73842597,20.83855927],[58.74019885,20.84216547],[58.74456215,20.84270203],[58.74287045,20.85142302],[58.74320054,20.85891676],[58.75217414,20.88389623],[58.75237012,20.88435411],[58.75995398,20.89554691],[58.76743901,20.90393841],[58.77414668,20.90947962],[58.78226471,20.91796875],[58.78232515,20.91796875],[58.79239786,20.92854035],[58.79747486,20.93200874],[58.80279195,20.93817735],[58.80174804,20.94262183],[58.80613542,20.95044506],[58.80615056,20.95374882],[58.80254316,20.95488644],[58.80110288,20.95913315],[58.79753876,20.96327186],[58.79733956,20.96401584],[58.79729152,20.96872973],[58.79895544,20.97530568],[58.79788888,20.98057318],[58.79957843,20.98561776],[58.80327451,20.99233472],[58.80972433,21.00187421],[58.82867837,21.02675676],[58.85355282,21.06424487],[58.85389745,21.06470275],[58.86171365,21.07393956],[58.87701106,21.08886707],[58.88089407,21.09375],[58.88073981,21.09375],[58.89159715,21.10702252],[58.90004468,21.11416817],[58.91815615,21.13599634],[58.93050325,21.14666545],[58.94642866,21.15718174],[58.96639025,21.17458034],[58.97248733,21.18115318],[58.97697961,21.18809795],[58.98264623,21.1927973],[58.98486185,21.19684696],[58.99055505,21.20231032],[58.99279046,21.20641255],[58.99664152,21.2092905],[58.99944305,21.21547651],[59.01239061,21.2295264],[59.01269603,21.2298069],[59.04167187,21.25550127],[59.05921161,21.26953125],[59.05950534,21.26953125],[59.06235015,21.27176344],[59.0625,21.27176344],[59.0625,21.27204227],[59.06745422,21.27615345],[59.12491441,21.31830895],[59.13439965,21.32390237],[59.14541781,21.33249748],[59.14698112,21.33491838],[59.14912427,21.33540463],[59.16438544,21.34737551],[59.16710627,21.35088801],[59.17412496,21.35447586],[59.17559946,21.35681224],[59.18546665,21.36321425],[59.18671036,21.365713],[59.18721735,21.36596417],[59.20976758,21.37521195],[59.21126556,21.37576985],[59.24629402,21.38776386],[59.25753915,21.39204836],[59.27306557,21.39849484],[59.31138003,21.41465354],[59.34110904,21.43019342],[59.34434342,21.43023086],[59.34634864,21.43208432],[59.34815204,21.43433535],[59.35267365,21.4453125],[59.35292125,21.4453125],[59.35149562,21.44917011],[59.34415376,21.45147014],[59.34126437,21.45410848],[59.34041095,21.45695424],[59.34157646,21.46171224],[59.34670043,21.47328174],[59.34810436,21.47576535],[59.35833216,21.48612595],[59.361835,21.49030864],[59.37186766,21.50407732],[59.37417924,21.50673616],[59.38132977,21.51331103],[59.37934482,21.51438308],[59.37906754,21.51599753],[59.38232458,21.52852571],[59.39252412,21.54200065],[59.39993656,21.54812145],[59.40993881,21.56220424],[59.41023183,21.56263626],[59.41391265,21.57087052],[59.4140625,21.57087052],[59.4140625,21.57170761],[59.41460693,21.57269037],[59.41942561,21.57849872],[59.42212296,21.58557951],[59.42229974,21.58950806],[59.42618954,21.59593594],[59.44068265,21.61284184],[59.44583201,21.62109375],[59.44588625,21.62109375],[59.45154667,21.63130677],[59.45604682,21.63658953],[59.45994246,21.64535975],[59.46021831,21.64647543],[59.45977747,21.64857197],[59.45670307,21.65276587],[59.45722628,21.65749335],[59.45736802,21.65780497],[59.46736324,21.6765418],[59.47867715,21.69181216],[59.48608458,21.70412648],[59.48760891,21.71885896],[59.4834218,21.72532928],[59.483446,21.72819436],[59.48454285,21.73452807],[59.49208844,21.74958146],[59.49215341,21.75376737],[59.49415874,21.75766134],[59.50136328,21.76722431],[59.52360141,21.79159355],[59.52904832,21.796875],[59.52944696,21.796875],[59.55754197,21.82477665],[59.57591164,21.83938885],[59.57744718,21.84332335],[59.57689655,21.84701562],[59.57097125,21.85280085],[59.57064795,21.85876691],[59.58550477,21.87926567],[59.59765625,21.89439166],[59.60435522,21.90225625],[59.60723042,21.90544605],[59.61514962,21.91250527],[59.62195027,21.91798282],[59.64170122,21.93084431],[59.64630353,21.93513095],[59.65080857,21.94321895],[59.65252924,21.94879854],[59.65098476,21.95633698],[59.64503455,21.96234918],[59.64491105,21.96286655],[59.64637303,21.97054195],[59.64753604,21.97265625],[59.64763474,21.97265625],[59.65659177,21.98708761],[59.65880394,21.99403882],[59.65828896,22.00075614],[59.66686666,22.01188767],[59.67132735,22.02264035],[59.67194676,22.02718234],[59.67599177,22.03502476],[59.67574978,22.03753006],[59.67291224,22.03926516],[59.67028606,22.04548121],[59.67135715,22.05265164],[59.67900085,22.07240546],[59.69016075,22.0883162],[59.70720005,22.10225987],[59.71534503,22.11800981],[59.72765613,22.13132465],[59.73050773,22.13549435],[59.73183894,22.14047277],[59.73213005,22.14094615],[59.73733127,22.1484375],[59.73760843,22.1484375],[59.74190545,22.15448046],[59.74384141,22.15622151],[59.75390756,22.16123402],[59.76099455,22.16804743],[59.76547432,22.17410707],[59.765625,22.17410707],[59.76587665,22.17564583],[59.76773071,22.17916477],[59.77143872,22.18388546],[59.76865756,22.18577385],[59.76810145,22.18706131],[59.76800883,22.18869197],[59.76958466,22.19246864],[59.77255106,22.19667435],[59.77403426,22.19813335],[59.78766143,22.20911968],[59.79276001,22.21478462],[59.81027842,22.22602844],[59.80786717,22.23203647],[59.81129837,22.24216461],[59.81194746,22.25229263],[59.81111288,22.25546825],[59.81361675,22.25881565],[59.81843758,22.27718353],[59.82465255,22.29271877],[59.82224083,22.30902672],[59.82326114,22.31306064],[59.82233357,22.31615055],[59.82511652,22.32344615],[59.82391048,22.32430446],[59.82261193,22.32516277],[59.8183341,22.33031225],[59.81751466,22.33191633],[59.81718338,22.33468175],[59.81721592,22.33824897],[59.81874907,22.34682524],[59.81891513,22.34738004],[59.82486165,22.3637917],[59.82327986,22.36730742],[59.82090747,22.36868656],[59.81846786,22.37218368],[59.81778646,22.38378894],[59.82080162,22.38406813],[59.8208878,22.39498961],[59.82493472,22.40438414],[59.82493424,22.41066325],[59.82689691,22.41501403],[59.83828914,22.42201436],[59.83820307,22.42629945],[59.83767951,22.43116474],[59.83309007,22.44075048],[59.83222723,22.44768441],[59.82975042,22.45313156],[59.83109415,22.45970833],[59.8295778,22.46220088],[59.82962477,22.46749055],[59.82809722,22.4679203],[59.82656205,22.47512305],[59.82355428,22.47665405],[59.81723535,22.49176025],[59.80887187,22.49759674],[59.80738521,22.49982834],[59.80571234,22.50291824],[59.80366814,22.50789642],[59.79957926,22.52523422],[59.80041397,22.53221762],[59.79920316,22.53269565],[59.79857352,22.53418373],[59.85228493,22.60329649],[59.90599633,22.67240924],[59.95970773,22.741522],[60.01341914,22.81063475],[60.06713054,22.87974751],[60.12084194,22.94886026],[60.17455335,23.01797302],[60.22826475,23.08708577],[60.28197615,23.15619853],[60.33568756,23.22531128],[60.38939896,23.29442404],[60.44311037,23.36353679],[60.49682177,23.43264955],[60.55053317,23.5017623],[60.60424458,23.57087505],[60.65795598,23.63998781],[60.71166738,23.70910056],[60.76537879,23.77821332],[60.81909019,23.84732607],[60.87280159,23.91643883],[60.926513,23.98555158],[60.9802244,24.05466434],[61.03393581,24.12377709],[61.08764721,24.19288985],[61.14135861,24.2620026],[61.19507002,24.33111536],[61.24878142,24.40022811],[61.30249282,24.46934087],[61.35620423,24.53845362],[61.40991563,24.60756638],[61.46362703,24.67667913],[61.51733844,24.74579188],[61.57104984,24.81490464],[61.62476125,24.88401739],[61.67847265,24.95313015],[61.73218405,25.0222429],[61.73512006,25.02138507],[61.73659396,25.01956391],[61.73693013,25.01925206],[61.74180424,25.01872373],[61.74584246,25.02059114],[61.75445914,25.01681387],[61.76771486,25.01841521],[61.77676105,25.01835442],[61.77766764,25.01697946],[61.77713323,25.01504874],[61.77904725,25.01427758],[61.78201163,25.01670265],[61.78745007,25.01852024],[61.78950667,25.02165306],[61.79111063,25.02145004],[61.79495823,25.02607834],[61.79861212,25.02613246],[61.80034971,25.02734983],[61.81332946,25.02918661],[61.81570745,25.0303688],[61.81570303,25.02957797],[61.81962883,25.02913165],[61.82757831,25.02985501],[61.82895517,25.03094256],[61.83533812,25.03139436],[61.84036696,25.03376114],[61.84539664,25.0334022],[61.85379004,25.03685534],[61.85643792,25.04113615],[61.85570323,25.04642701],[61.85738361,25.05326045],[61.85626495,25.05954277],[61.85992825,25.07100618],[61.86556506,25.07417035],[61.86974335,25.0751971],[61.87142944,25.07704353],[61.86925542,25.08087206],[61.86491168,25.08193564],[61.86321712,25.08658051],[61.86399162,25.09022844],[61.86444736,25.09110141],[61.86896014,25.09614086],[61.87147677,25.09761035],[61.875,25.09849334],[61.88885927,25.10373712],[61.89583814,25.10571825],[61.91058195,25.10874987],[61.92303705,25.11046195],[61.94411194,25.11160708],[61.96535325,25.11132813],[62.00391924,25.10878694],[62.06263328,25.10407364],[62.09397304,25.10029054],[62.09459865,25.10082996],[62.09311032,25.10212052],[62.08663166,25.10317636],[62.08370042,25.10542226],[62.083884,25.11403334],[62.08295941,25.11659408],[62.07527018,25.11623526],[62.0721842,25.11907268],[62.07143962,25.12537575],[62.07571685,25.13671875],[62.07589281,25.13671875],[62.07591164,25.1387428],[62.07339001,25.14240003],[62.06711912,25.14756334],[62.06469512,25.14885712],[62.05481517,25.15088451],[62.05444145,25.15101898],[62.05301785,25.15276837],[62.05224776,25.15617585],[62.05347395,25.16296446],[62.060238,25.17759001],[62.06040776,25.17787576],[62.06508672,25.18391264],[62.06814575,25.18724096],[62.07096303,25.18979192],[62.07381344,25.19186532],[62.08195436,25.19722736],[62.08804142,25.20066082],[62.10006452,25.20585763],[62.10077333,25.20612955],[62.13060606,25.21481431],[62.16786587,25.22070312],[62.19775343,25.22014511],[62.21240521,25.2189995],[62.2265625,25.21679676],[62.22826314,25.21676743],[62.24733424,25.21212018],[62.25057352,25.21106803],[62.26649106,25.2047379],[62.27903283,25.19779503],[62.29419005,25.18663704],[62.30661774,25.17401075],[62.31554687,25.16060185],[62.32019866,25.14258182],[62.32014835,25.13671875],[62.31949997,25.12663555],[62.31709445,25.12001586],[62.31647611,25.11924875],[62.31181586,25.11931705],[62.30845404,25.1178174],[62.30524325,25.11934161],[62.30207336,25.11775744],[62.29028821,25.11632097],[62.28651345,25.11024106],[62.27062571,25.10818493],[62.26796615,25.10685635],[62.25965857,25.10696316],[62.25690174,25.10609567],[62.25689888,25.10558856],[62.25769818,25.10484552],[62.26523542,25.10298574],[62.26872253,25.09895575],[62.26984191,25.09854162],[62.27145433,25.09824431],[62.2984786,25.09673655],[62.30136025,25.095052],[62.30755937,25.09383965],[62.34849036,25.09346366],[62.35863531,25.0921036],[62.37032354,25.09647393],[62.37244987,25.09624541],[62.37362182,25.09421813],[62.37477672,25.09416676],[62.37765884,25.09669554],[62.38317251,25.09796262],[62.38521755,25.10115445],[62.38492608,25.10456395],[62.38474286,25.10476887],[62.36498964,25.10521901],[62.35713804,25.10901201],[62.34585381,25.10410321],[62.34087002,25.10383546],[62.34019935,25.10400105],[62.33511364,25.1062988],[62.33268297,25.11037314],[62.33243096,25.11204374],[62.33293271,25.11267173],[62.33634186,25.11456144],[62.33509195,25.11517882],[62.33148897,25.11421323],[62.33104753,25.11445522],[62.32859206,25.11868286],[62.32837296,25.11950195],[62.32722867,25.12681365],[62.32731664,25.13199532],[62.3278445,25.13671875],[62.32793331,25.13671875],[62.33016396,25.15042841],[62.33840931,25.16448104],[62.34668446,25.17405236],[62.35535574,25.18289626],[62.35833025,25.18580091],[62.36660194,25.19221365],[62.38988745,25.20484138],[62.39053822,25.20511591],[62.42241001,25.21589172],[62.42296565,25.21602666],[62.43918157,25.21872055],[62.4732542,25.22191203],[62.47515464,25.22458208],[62.47393358,25.22579515],[62.46119416,25.22712052],[62.45984018,25.22840357],[62.4583472,25.23511767],[62.45972383,25.24119675],[62.46261215,25.24640715],[62.47442544,25.25732911],[62.48014593,25.25997663],[62.48252237,25.26057315],[62.49956286,25.26374304],[62.51496971,25.26587451],[62.53421807,25.26813614],[62.54623485,25.26925206],[62.57704663,25.27064717],[62.578125,25.27064717],[62.59491742,25.27036834],[62.61393475,25.26894307],[62.63026786,25.26726961],[62.68235338,25.26029408],[62.70350623,25.25694585],[62.74901044,25.24812436],[62.75545394,25.24757755],[62.75932682,25.24963462],[62.77051485,25.24969387],[62.77632987,25.24869287],[62.78168535,25.25177217],[62.79232144,25.25164413],[62.81900454,25.24742174],[62.84141171,25.2421875],[62.88816476,25.23462451],[62.9296875,25.22544634],[62.93310392,25.22355223],[62.93690205,25.22372663],[62.96598685,25.21756685],[62.98360741,25.21255064],[62.99848676,25.21174502],[63.00482035,25.21040893],[63.00859714,25.21060312],[63.00989366,25.21092916],[63.01012218,25.21113634],[63.01208365,25.21604586],[63.01551676,25.21936095],[63.02359354,25.22288108],[63.02554286,25.22347474],[63.04288113,25.22284424],[63.05246258,25.22594655],[63.05774426,25.22886038],[63.07917738,25.23302186],[63.07743025,25.24299645],[63.08301747,25.25024438],[63.0894351,25.25356972],[63.10328305,25.25635052],[63.10528004,25.2566297],[63.11840975,25.2578125],[63.12518835,25.2578125],[63.12845588,25.25750387],[63.16116214,25.25272322],[63.20975924,25.24361205],[63.24362612,25.24020493],[63.25021493,25.23933053],[63.28125,25.234375],[63.29237378,25.23245132],[63.33328986,25.22988105],[63.36967897,25.22565854],[63.43310535,25.21505594],[63.45401072,25.21044636],[63.48330796,25.20622373],[63.49487495,25.205392],[63.49618685,25.20566356],[63.49676025,25.20602787],[63.49619412,25.20956016],[63.49208033,25.21050417],[63.49172854,25.21470523],[63.49587452,25.21842206],[63.50303257,25.22055972],[63.50584447,25.22316086],[63.50587428,25.22594833],[63.50016534,25.22988105],[63.49211621,25.23057842],[63.47787154,25.24237025],[63.47447252,25.25018215],[63.47447252,25.25501752],[63.47619224,25.26133513],[63.47639,25.26166892],[63.47923374,25.26099944],[63.48160315,25.2630465],[63.47832346,25.26259232],[63.47713804,25.26643574],[63.47788501,25.27107155],[63.47495878,25.27203643],[63.47359002,25.27384341],[63.47359621,25.27415526],[63.47717524,25.27972138],[63.47772193,25.28220296],[63.47764802,25.28227961],[63.47422111,25.28313208],[63.46817207,25.28225946],[63.46614766,25.28265572],[63.46563017,25.28293955],[63.45577693,25.29134536],[63.45094645,25.29820287],[63.46500576,25.28503227],[63.46741462,25.28525734],[63.46731925,25.28623164],[63.47323132,25.28574514],[63.47800386,25.28664911],[63.47816861,25.28672862],[63.48211217,25.29287386],[63.4812988,25.30388117],[63.4837507,25.31013167],[63.48553205,25.3125],[63.48558223,25.3125],[63.48558223,25.31291854],[63.4927175,25.31973982],[63.493312,25.32047784],[63.49491882,25.32449186],[63.49971187,25.32867718],[63.50620842,25.33346462],[63.52555347,25.34480858],[63.55752182,25.35475278],[63.56166792,25.35990465],[63.56872666,25.36328936],[63.57308531,25.36770666],[63.58482575,25.37103236],[63.58852875,25.37357545],[63.59468937,25.37521195],[63.60717785,25.37748158],[63.6328125,25.37946415],[63.6328125,25.37974334],[63.64436555,25.38061225],[63.64969587,25.38360882],[63.65016615,25.38373125],[63.65820157,25.38473606],[63.66352403,25.38504457],[63.68496633,25.38483691],[63.69228911,25.38591123],[63.71339762,25.38334095],[63.73455346,25.37999284],[63.77881944,25.37102675],[63.85926962,25.34852266],[63.89048684,25.34154725],[63.96600974,25.33565843],[63.984375,25.33342636],[64.00399566,25.3315742],[64.01221812,25.33015192],[64.03492308,25.32453406],[64.0359652,25.32442713],[64.05336905,25.32623923],[64.05411875,25.32638395],[64.05837286,25.32761836],[64.06428504,25.33245063],[64.06702101,25.33815551],[64.06709564,25.34277344],[64.06984341,25.34544265],[64.07225788,25.35017288],[64.07225764,25.35069776],[64.07014167,25.35301185],[64.06864405,25.35222113],[64.06885135,25.35386991],[64.06532586,25.35380626],[64.06355751,25.35820484],[64.06175983,25.35791671],[64.05860424,25.35454536],[64.05902874,25.35252965],[64.05792236,25.350986],[64.05540681,25.35029805],[64.05643737,25.35230601],[64.05504155,25.35297525],[64.05714965,25.35423815],[64.06022882,25.35987043],[64.05931926,25.36570108],[64.05593276,25.36786854],[64.05354786,25.36718094],[64.05299556,25.36394155],[64.04725885,25.36853027],[64.04558766,25.36644995],[64.04171205,25.36450815],[64.03957355,25.36465764],[64.03717947,25.36664832],[64.03386664,25.36653435],[64.03759146,25.36757433],[64.04039776,25.36548495],[64.04687726,25.36966824],[64.05074477,25.36903465],[64.05342233,25.37163556],[64.05686235,25.37296271],[64.04938996,25.37986004],[64.04216135,25.37741196],[64.04635155,25.37965846],[64.04696584,25.38100874],[64.0430243,25.38431334],[64.04122663,25.39075685],[64.0426234,25.40204465],[64.04159713,25.40875268],[64.03959978,25.40927196],[64.03327227,25.40498495],[64.02367043,25.40381312],[64.01633584,25.40664601],[64.01373064,25.40498126],[64.01204991,25.40587366],[64.01066184,25.40477097],[64.01031017,25.39915741],[64.01208115,25.39607286],[64.00982654,25.39309502],[64.00212276,25.39313614],[64.0001229,25.39011538],[63.99873626,25.38905525],[63.99604416,25.38768756],[63.9940207,25.38733351],[63.99294114,25.38733423],[63.99024844,25.38830864],[63.98920524,25.39513493],[63.98891854,25.39555812],[63.98482704,25.39901781],[63.984375,25.39899552],[63.984375,25.39927447],[63.97925425,25.40166426],[63.98214972,25.40190661],[63.98294938,25.40595925],[63.98422062,25.40708697],[63.984375,25.40708697],[63.984375,25.40764511],[63.98618317,25.40896475],[63.98619056,25.40918088],[63.984375,25.41155136],[63.98143482,25.41355968],[63.97615922,25.41554737],[63.97025776,25.41514635],[63.96852183,25.40692008],[63.96189976,25.40344524],[63.95764208,25.40334761],[63.95767951,25.40357137],[63.96286488,25.40718877],[63.96611333,25.41475642],[63.96909642,25.41796875],[63.97307718,25.41793931],[63.97649097,25.41690958],[63.97900116,25.41578996],[63.984375,25.41266727],[63.98488426,25.41265488],[63.98852336,25.40799773],[63.99411964,25.40924644],[63.99460888,25.40951407],[63.99736094,25.41140294],[63.99921703,25.41443968],[64.00294888,25.41635096],[64.00312054,25.41733634],[64.00280845,25.4178282],[64.00015116,25.41932082],[63.99500775,25.4193933],[63.99397576,25.42182505],[63.98982406,25.42209876],[63.98503804,25.41988432],[63.984375,25.41992176],[63.98103332,25.41977775],[63.984375,25.42243302],[63.9848845,25.42317033],[63.98526311,25.42442012],[63.984375,25.42494404],[63.98960388,25.4283514],[63.99407935,25.42752361],[63.99484062,25.42942286],[63.99270904,25.43066835],[63.99323237,25.43094206],[63.99532235,25.43187416],[64.00031805,25.43209696],[64.0033586,25.43439817],[64.0091176,25.4333328],[64.00841761,25.43848944],[64.00606143,25.43972445],[64.00897455,25.43966186],[64.01416016,25.43516934],[64.01456761,25.43506432],[64.01637077,25.43603373],[64.01705801,25.43946433],[64.01730895,25.44395256],[64.01530027,25.44688177],[64.01530135,25.44723356],[64.01755106,25.44786084],[64.01768005,25.44808471],[64.01700914,25.44984746],[64.01665068,25.4502449],[64.01319766,25.45198107],[64.00451672,25.45347202],[64.0018965,25.4555124],[63.99594557,25.45408046],[63.99556303,25.4581418],[63.99581218,25.45882094],[63.99718428,25.45982134],[64.00243151,25.46090794],[64.0104351,25.46096695],[64.01449764,25.46223485],[64.01477265,25.46235645],[64.01476634,25.46488214],[64.0162034,25.46297824],[64.02095902,25.46267974],[64.02370095,25.46073556],[64.03342092,25.46108615],[64.03773665,25.45851636],[64.03705192,25.45734954],[64.04943836,25.45349097],[64.05387473,25.45349097],[64.05892336,25.45504856],[64.06313026,25.45375705],[64.06898606,25.45689595],[64.07617235,25.45758295],[64.07960916,25.45448983],[64.08014214,25.45143545],[64.08373845,25.45752072],[64.08862782,25.45826077],[64.09433115,25.46414375],[64.09683526,25.46391547],[64.10153735,25.46598947],[64.10333943,25.46439981],[64.10551262,25.46489847],[64.10591877,25.46786678],[64.10840893,25.4650377],[64.10706627,25.46432304],[64.1102612,25.46357441],[64.11061394,25.46497297],[64.10934913,25.46497858],[64.11038601,25.47181463],[64.11257017,25.47348511],[64.11267853,25.46933722],[64.11452711,25.46766305],[64.11732304,25.46886373],[64.11682761,25.47135723],[64.11948955,25.47246873],[64.12006784,25.47667146],[64.12563002,25.46485281],[64.12828875,25.46521485],[64.14098716,25.46130896],[64.14250135,25.46225596],[64.14660931,25.46129823],[64.152107,25.46225596],[64.15621674,25.46057391],[64.16081536,25.46243262],[64.16504872,25.46675444],[64.16467905,25.4650228],[64.16850734,25.46386707],[64.16680324,25.46269321],[64.17010927,25.46195745],[64.16993141,25.45996785],[64.18215811,25.45971012],[64.17890358,25.45852041],[64.17808414,25.45716167],[64.18062985,25.45606875],[64.17955232,25.45375872],[64.17536056,25.45431316],[64.17626023,25.45706666],[64.17379487,25.45702398],[64.16384137,25.45421422],[64.16464221,25.45293581],[64.16998231,25.45359182],[64.16460395,25.45075762],[64.16623366,25.44931078],[64.16082334,25.45111561],[64.15739667,25.44991505],[64.15729535,25.44964671],[64.15790737,25.4482671],[64.16189671,25.44514275],[64.16894364,25.44459164],[64.17216265,25.44228268],[64.17791903,25.44304585],[64.17832553,25.44267666],[64.17871332,25.44186831],[64.17856252,25.44171345],[64.1751405,25.44059062],[64.17677975,25.43782377],[64.17426455,25.43970275],[64.16966963,25.44076562],[64.16470981,25.43933141],[64.16442227,25.43552041],[64.16933596,25.43367684],[64.16887605,25.43149877],[64.16859245,25.43137574],[64.16106737,25.43352056],[64.15898287,25.43635786],[64.15274835,25.43694186],[64.14319754,25.43617904],[64.13853943,25.43314552],[64.14210606,25.43076861],[64.14866221,25.43212604],[64.15976203,25.43002474],[64.15704668,25.42888045],[64.15300965,25.42889845],[64.15505612,25.42661965],[64.15170646,25.42558122],[64.15139556,25.42338395],[64.15707421,25.42304218],[64.15824354,25.42003107],[64.16003704,25.41868854],[64.15861285,25.41741073],[64.15454066,25.4174],[64.15359795,25.41517484],[64.15433216,25.41312897],[64.15112591,25.4111377],[64.14819205,25.41294634],[64.14712262,25.41175842],[64.14530587,25.41225254],[64.14292157,25.4108603],[64.14543402,25.40749884],[64.14460981,25.40568244],[64.15675592,25.40088964],[64.156901,25.40067744],[64.15577507,25.3993299],[64.15556526,25.39921665],[64.14802766,25.40308416],[64.14668524,25.40329886],[64.14557457,25.40286136],[64.14473534,25.40225017],[64.14481235,25.40047872],[64.15088403,25.39905262],[64.1486212,25.39807606],[64.14996874,25.39660442],[64.14700556,25.3975656],[64.14030755,25.39654064],[64.13840663,25.3957175],[64.13860881,25.39366114],[64.13746381,25.39420664],[64.13696551,25.39337897],[64.13445282,25.39752388],[64.13213146,25.39481521],[64.13082766,25.39472783],[64.12890196,25.40442693],[64.12530434,25.40767276],[64.12330735,25.40626085],[64.12618041,25.39902151],[64.12162936,25.40274048],[64.11764276,25.4028213],[64.11458492,25.40562224],[64.10973084,25.40555632],[64.10786831,25.40441334],[64.10706472,25.40204668],[64.11371076,25.40285075],[64.11475444,25.40185893],[64.11355484,25.40007651],[64.10382605,25.39913487],[64.10883641,25.39566994],[64.11502194,25.39473557],[64.11581731,25.39282346],[64.11477828,25.39205587],[64.11776388,25.39150274],[64.11872077,25.39224803],[64.12002325,25.38981497],[64.11416626,25.39149416],[64.11238766,25.39336824],[64.10447991,25.39697826],[64.10301042,25.39517605],[64.10783434,25.39246154],[64.09656668,25.39533865],[64.08580291,25.3945384],[64.07920992,25.39673376],[64.07502353,25.39673376],[64.07117236,25.39550793],[64.07471645,25.39425385],[64.07470071,25.39383495],[64.07401276,25.39279914],[64.0709517,25.39288092],[64.07039511,25.39186442],[64.07025957,25.39092886],[64.07217157,25.38792253],[64.08858657,25.37766826],[64.09011984,25.37534952],[64.09666705,25.37355077],[64.10838127,25.36788547],[64.11358166,25.36489606],[64.11829937,25.35979426],[64.1176815,25.35562432],[64.11435151,25.35323453],[64.11416602,25.35742176],[64.10838783,25.3586694],[64.10255504,25.35750663],[64.09446704,25.36374962],[64.09008682,25.36386466],[64.08508193,25.35474575],[64.08508623,25.35398352],[64.08740044,25.34258163],[64.08688128,25.33891201],[64.09129977,25.32920456],[64.08987844,25.3285501],[64.08902264,25.32637715],[64.08919036,25.32619631],[64.09156728,25.32471454],[64.09215665,25.32457507],[64.1025362,25.32693624],[64.107131,25.32592225],[64.1495651,25.32446826],[64.18569612,25.31912935],[64.18652117,25.31898427],[64.21142674,25.31308794],[64.21864712,25.3125],[64.22451162,25.3125],[64.22451162,25.31263936],[64.22475851,25.31276965],[64.22494376,25.31275105],[64.22506726,25.31267655],[64.22512901,25.3125],[64.2253232,25.3125],[64.23069036,25.30676711],[64.22905576,25.30501735],[64.22908914,25.30081093],[64.23902833,25.29857695],[64.24674046,25.29848886],[64.26168776,25.29387271],[64.27142286,25.29207337],[64.28311324,25.28797591],[64.28674412,25.28796077],[64.29081726,25.28564],[64.29633606,25.28473854],[64.30504405,25.28103793],[64.3359375,25.27148426],[64.33619845,25.27145386],[64.33651364,25.27039337],[64.35519493,25.26339281],[64.37249851,25.2541337],[64.37723768,25.24953091],[64.37606132,25.24741125],[64.37696946,25.24238455],[64.38247335,25.24186337],[64.38447726,25.24030685],[64.38621736,25.24185336],[64.39137375,25.24074054],[64.39797282,25.23899996],[64.3998996,25.23787177],[64.39850235,25.23734462],[64.40182161,25.23622346],[64.402336,25.23617935],[64.42397201,25.23848736],[64.44446766,25.23914766],[64.45024121,25.24072027],[64.45424235,25.24002707],[64.47258794,25.24361122],[64.47814596,25.24678302],[64.47426295,25.25242233],[64.47440302,25.2538743],[64.47279882,25.25493503],[64.47696614,25.26000643],[64.48048556,25.26251864],[64.48621285,25.26378787],[64.48944056,25.2629106],[64.49813485,25.26574266],[64.5054332,25.26897955],[64.50832391,25.27362215],[64.51233494,25.27455354],[64.52606022,25.27424502],[64.54196465,25.27183044],[64.55439627,25.2686367],[64.57146394,25.26308417],[64.57836425,25.26018703],[64.58366311,25.25732827],[64.59799302,25.24707484],[64.60233891,25.24318814],[64.60520637,25.24045491],[64.60585427,25.23834908],[64.61002028,25.23393238],[64.61802697,25.21951985],[64.61766326,25.20590484],[64.60488605,25.20051515],[64.60239196,25.19740796],[64.59864402,25.19510496],[64.59695947,25.19238007],[64.59501755,25.18407822],[64.59378362,25.18407774],[64.59245276,25.18146265],[64.58352005,25.18147516],[64.57805133,25.17730725],[64.57736731,25.16815686],[64.57869411,25.16718495],[64.58291328,25.15718222],[64.58999336,25.15478361],[64.59210217,25.15454626],[64.59490645,25.15486646],[64.59509397,25.15499914],[64.59609687,25.15827596],[64.60175777,25.15906274],[64.60560334,25.16191733],[64.61355674,25.16307092],[64.61520922,25.16470873],[64.61894238,25.16559994],[64.62583184,25.16498184],[64.62818265,25.16719651],[64.63373387,25.16956556],[64.65815055,25.17375696],[64.66754234,25.17621243],[64.67068374,25.17826331],[64.6875,25.18108261],[64.69006181,25.18108916],[64.69415724,25.18312442],[64.69449031,25.18342757],[64.69703496,25.18619907],[64.69728148,25.18748725],[64.69682586,25.18910444],[64.69583952,25.19047666],[64.68947506,25.19059467],[64.68810165,25.19170165],[64.6875,25.19587052],[64.6875,25.19670761],[64.68578064,25.19912434],[64.68328857,25.19936144],[64.68078935,25.19665074],[64.68049467,25.19613981],[64.68037832,25.19311595],[64.67198515,25.19308746],[64.67181826,25.19323587],[64.67061877,25.19940925],[64.67533314,25.20061445],[64.67701125,25.2020843],[64.67721415,25.20431232],[64.67652476,25.20529294],[64.67604077,25.20546365],[64.67413735,25.20494795],[64.67379725,25.20331597],[64.65196192,25.20253766],[64.64741373,25.20036447],[64.64333725,25.20112264],[64.64293885,25.20136976],[64.64189875,25.20237601],[64.6412456,25.20363486],[64.64130676,25.2071588],[64.63964176,25.20842433],[64.63792551,25.21250296],[64.63696861,25.22921312],[64.63700175,25.23390424],[64.63931084,25.24634385],[64.64687455,25.26520014],[64.64706087,25.26549613],[64.66073191,25.28306866],[64.67039478,25.29181731],[64.68734586,25.30161834],[64.6875,25.30161834],[64.69165635,25.30399001],[64.69218576,25.30419326],[64.71985233,25.3125],[64.72083521,25.3125],[64.72075391,25.31264305],[64.72346485,25.31326914],[64.76697958,25.31975436],[64.84970021,25.32617176],[64.92007434,25.32589281],[64.98365808,25.32087052],[65.01723671,25.32023835],[65.03581452,25.31727195],[65.0390625,25.31724334],[65.03955674,25.31756806],[65.04178405,25.31646943],[65.04407275,25.31722295],[65.04475343,25.31588042],[65.047616,25.31601095],[65.06282926,25.3125],[65.06463623,25.3125],[65.08992815,25.3069911],[65.09468353,25.30750787],[65.10040236,25.30501664],[65.11219621,25.30356753],[65.11601365,25.30194676],[65.12021613,25.30322242],[65.12320328,25.3024832],[65.12518084,25.30353665],[65.12517035,25.30278337],[65.13494384,25.30326235],[65.14463246,25.3017652],[65.15295815,25.30472672],[65.15881515,25.30487967],[65.17277825,25.30336106],[65.18070507,25.30462742],[65.18470657,25.30309975],[65.18718564,25.30385923],[65.19198835,25.3032577],[65.19523335,25.3066287],[65.19543064,25.30867744],[65.20222282,25.31134355],[65.21055245,25.31030011],[65.21284103,25.3125],[65.21438074,25.3125],[65.21746266,25.3125],[65.21870196,25.3125],[65.22024524,25.3125],[65.22117114,25.3125],[65.2245512,25.31560516],[65.22654974,25.31505847],[65.22684133,25.31841421],[65.22427046,25.32375264],[65.22622406,25.32540584],[65.22919655,25.33304298],[65.23649526,25.33979654],[65.24209547,25.35502136],[65.24287546,25.36371923],[65.24305034,25.36413825],[65.24709284,25.37018204],[65.25382602,25.3743844],[65.26907325,25.37788355],[65.27022183,25.37902606],[65.27825737,25.37999296],[65.29214072,25.37994266],[65.31515777,25.37834823],[65.32812154,25.37890625],[65.34626937,25.37781966],[65.35854566,25.38251603],[65.35961318,25.38203466],[65.36543131,25.38507366],[65.38672292,25.38250387],[65.390625,25.38113844],[65.40967643,25.37663507],[65.41025066,25.37533188],[65.41637015,25.37635195],[65.41739702,25.37318301],[65.42505622,25.37727451],[65.42674434,25.37670815],[65.42988753,25.37971032],[65.43645477,25.38085794],[65.43923187,25.38345277],[65.44319451,25.38382864],[65.44666564,25.38549674],[65.44892776,25.38479447],[65.44998622,25.38646913],[65.45384061,25.38769674],[65.45936728,25.39149117],[65.50230575,25.37616873],[65.50615776,25.37602067],[65.51019394,25.37771583],[65.51408505,25.37618423],[65.52652097,25.37521195],[65.52824402,25.374933],[65.54558241,25.37171865],[65.60612977,25.35748947],[65.61000466,25.35677695],[65.63091588,25.35379457],[65.64222884,25.35410321],[65.64992142,25.35553575],[65.65555215,25.35745132],[65.65674293,25.35802007],[65.65888965,25.36030793],[65.66452634,25.36153316],[65.67527425,25.36614275],[65.69321632,25.36777592],[65.69999254,25.37131464],[65.70776546,25.37326825],[65.70900083,25.37161362],[65.71208167,25.37168014],[65.71490276,25.37312686],[65.71579015,25.37565911],[65.72778642,25.37569678],[65.7421875,25.38002217],[65.75495195,25.38088882],[65.76288521,25.38302803],[65.76440942,25.38259637],[65.7651273,25.38392556],[65.77257967,25.38364673],[65.77966464,25.39116025],[65.7877537,25.39172614],[65.79205215,25.39549375],[65.79738736,25.39825857],[65.79907012,25.40394998],[65.80935955,25.41291368],[65.82694113,25.41955996],[65.83905804,25.41799831],[65.86241007,25.41824782],[65.91364753,25.41434145],[65.94636536,25.41434145],[65.97493005,25.41632414],[66.02785957,25.42515945],[66.02977371,25.42556965],[66.05385995,25.43095601],[66.07814324,25.43725038],[66.09375,25.44224334],[66.09740591,25.4430083],[66.09796214,25.44326401],[66.10162306,25.44639897],[66.10253096,25.44677114],[66.10941184,25.44807315],[66.12282014,25.44998491],[66.12842691,25.44958484],[66.17898214,25.45644355],[66.19316006,25.45683193],[66.21881926,25.45957196],[66.25457466,25.46509325],[66.27131045,25.46706855],[66.28527284,25.46819186],[66.30965686,25.46735477],[66.32407653,25.46589172],[66.34670842,25.46253014],[66.37147057,25.45653772],[66.39080048,25.45030534],[66.41397774,25.4405117],[66.42169905,25.43719232],[66.4453125,25.42578125],[66.46671545,25.41630864],[66.47111905,25.41297591],[66.48691917,25.40922177],[66.49655736,25.40348935],[66.50610721,25.40185821],[66.52154005,25.40501988],[66.52223253,25.40996301],[66.52592671,25.41748488],[66.5233649,25.42029965],[66.51835203,25.42405736],[66.51304483,25.42398894],[66.51130402,25.42725182],[66.50776052,25.42909992],[66.49881613,25.43055666],[66.48875105,25.43681204],[66.48989761,25.43750954],[66.49415696,25.43588495],[66.49834156,25.43687785],[66.50613904,25.43593204],[66.50855613,25.43281615],[66.51235533,25.43278646],[66.51518202,25.4333446],[66.51671004,25.43486762],[66.51526165,25.43822575],[66.51948202,25.43681872],[66.52612031,25.44005644],[66.528041,25.44927645],[66.53170002,25.45867026],[66.53044486,25.46247423],[66.53135002,25.46462893],[66.53078032,25.47081053],[66.52853632,25.47589636],[66.53062773,25.47659385],[66.53291655,25.47997534],[66.53003585,25.48178351],[66.52817285,25.48122025],[66.52693975,25.47929525],[66.52662241,25.4793998],[66.52479625,25.48244917],[66.52172506,25.48325086],[66.52084112,25.48419571],[66.52062297,25.48447776],[66.52126455,25.48516154],[66.52212811,25.48520911],[66.52265811,25.48507464],[66.52316535,25.48360753],[66.52516806,25.48398507],[66.52408755,25.48580301],[66.52463782,25.48828125],[66.52477741,25.48828125],[66.52388155,25.49078453],[66.5045222,25.49389112],[66.49390125,25.49769795],[66.4893738,25.49804676],[66.48611546,25.49800861],[66.48159707,25.49743152],[66.46925116,25.49417055],[66.45800972,25.49325311],[66.45739436,25.49310195],[66.45056891,25.48828125],[66.45025086,25.48828125],[66.4453125,25.48465395],[66.44373047,25.48390162],[66.43991101,25.48325884],[66.4319663,25.48300946],[66.42626333,25.48455036],[66.42113292,25.48820651],[66.42119467,25.48828125],[66.41457367,25.49383187],[66.40802336,25.49671161],[66.40724802,25.50179136],[66.40441084,25.50649405],[66.40145397,25.5073868],[66.40190566,25.50847816],[66.39689934,25.51379275],[66.39334464,25.52071667],[66.38645852,25.5248667],[66.38462114,25.52729332],[66.38022935,25.52775395],[66.36980104,25.52319825],[66.36402833,25.52290893],[66.35858536,25.52402496],[66.35331213,25.52771735],[66.35073185,25.53198886],[66.34986103,25.54501474],[66.34588075,25.54778492],[66.34250283,25.54882813],[66.33473611,25.54832065],[66.32791316,25.54104471],[66.32547402,25.54020774],[66.32123423,25.54025817],[66.28919017,25.54181266],[66.28898394,25.54436266],[66.28594053,25.54705071],[66.2844336,25.54550767],[66.28098655,25.54990435],[66.27665102,25.54598224],[66.2751286,25.547508],[66.27020144,25.54847252],[66.26716065,25.54667044],[66.25007546,25.5452311],[66.24941754,25.54526317],[66.24820805,25.54762006],[66.24616277,25.54843771],[66.24596918,25.54899204],[66.24672127,25.54995072],[66.25742137,25.55742621],[66.26373386,25.56012821],[66.25988555,25.56143296],[66.25956345,25.56191075],[66.25931096,25.56274235],[66.25963533,25.56820154],[66.26219594,25.56877506],[66.26254332,25.57035553],[66.26246381,25.57066715],[66.25923443,25.57063925],[66.25798714,25.57259655],[66.258394,25.57336295],[66.26378536,25.57665515],[66.26794112,25.58240545],[66.27079952,25.58041358],[66.27454054,25.58583236],[66.27721894,25.58725476],[66.28040624,25.58738577],[66.28300917,25.58953547],[66.28826666,25.59027064],[66.29101694,25.59390187],[66.29303944,25.59424114],[66.30381656,25.59103012],[66.31039715,25.59123027],[66.30868125,25.59400415],[66.31418526,25.59423614],[66.31742311,25.59326434],[66.32831526,25.59392321],[66.33260834,25.59737706],[66.34281135,25.59734952],[66.34528506,25.59591866],[66.35199225,25.59504271]],[[66.36911082,25.58546126],[66.37142777,25.58468175],[66.37191474,25.58503914],[66.36972356,25.58797586],[66.36939847,25.58815956],[66.36911082,25.58546126]],[[66.26336884,25.57097602],[66.26296926,25.56919301],[66.26296926,25.56860554],[66.26377463,25.56642485],[66.26418567,25.56642771],[66.26590323,25.56765747],[66.26411164,25.57058787],[66.26336884,25.57097602]],[[66.36094761,25.54404664],[66.36271274,25.54396522],[66.3649621,25.54514217],[66.36539447,25.54620433],[66.36521685,25.54642546],[66.36404395,25.54663515],[66.36132121,25.54510343],[66.36094761,25.54404664]],[[66.55791116,25.43484902],[66.55676043,25.43225336],[66.55843723,25.43027377],[66.5670166,25.42540705],[66.56783164,25.42535794],[66.56813157,25.42590225],[66.56812346,25.42677534],[66.56491435,25.43048394],[66.56154108,25.43162203],[66.55791116,25.43484902]],[[66.56846726,25.42564166],[66.5688107,25.42117274],[66.56729281,25.42033601],[66.56809247,25.41976643],[66.56918943,25.4198333],[66.57075715,25.42117441],[66.57086623,25.42259908],[66.57022643,25.42563605],[66.56946743,25.42605364],[66.56898272,25.42609715],[66.56846726,25.42564166]],[[64.09539676,25.32266974],[64.09336162,25.32271695],[64.09202874,25.32239485],[64.09313726,25.32155395],[64.09577417,25.32242274],[64.09539676,25.32266974]],[[64.08785832,25.32235181],[64.08727443,25.32295883],[64.08623981,25.32365334],[64.08565724,25.32607603],[64.08650565,25.33218574],[64.08562934,25.33262944],[64.08384395,25.32812476],[64.08492053,25.32373643],[64.08758736,25.32211971],[64.08785832,25.32235181]],[[64.09706545,25.32324338],[64.09721112,25.32282972],[64.09983945,25.32340026],[64.10053456,25.32469404],[64.10346961,25.32539368],[64.10346437,25.32572162],[64.10149837,25.32580376],[64.10047793,25.32590234],[64.09800625,25.32464135],[64.09706545,25.32324338]],[[64.13799572,25.39773381],[64.13942516,25.39703286],[64.13967931,25.39721882],[64.140293,25.39906466],[64.13620555,25.39997077],[64.13799572,25.39773381]],[[63.83757067,25.12341917],[63.83469045,25.12072778],[63.83175123,25.11948848],[63.83128083,25.1193912],[63.82968378,25.12128925],[63.82904875,25.12155426],[63.82753897,25.12149191],[63.82686615,25.12091577],[63.82628775,25.11723566],[63.82892024,25.11777866],[63.83269644,25.11623931],[63.83451855,25.11727905],[63.83723545,25.11795294],[63.85201097,25.11780655],[63.85255575,25.11793506],[63.85879385,25.12174761],[63.86398005,25.12259984],[63.86626625,25.12476635],[63.86626935,25.12523174],[63.86447453,25.12607312],[63.85662544,25.12658334],[63.85253,25.12726212],[63.84515667,25.12638795],[63.84390175,25.12596071],[63.83757067,25.12341917]],[[66.60609591,24.89151907],[66.60759056,24.89090705],[66.60817111,24.89102936],[66.61027896,24.89529204],[66.61013746,24.89576328],[66.60657036,24.90140665],[66.60465264,24.90262282],[66.60188532,24.90143836],[66.60116935,24.89934075],[66.5977931,24.89823914],[66.59789264,24.89780176],[66.60253048,24.89586616],[66.60609591,24.89151907]],[[67.14945126,24.73413634],[67.15051591,24.73411715],[67.15145135,24.73475707],[67.15154231,24.73532987],[67.15078723,24.73721695],[67.1484375,24.73716521],[67.1484375,24.73744404],[67.13801634,24.74500465],[67.13233936,24.7517246],[67.12828696,24.75184643],[67.12564695,24.74694061],[67.12385571,24.74956942],[67.12350035,24.74967456],[67.12070894,24.74779725],[67.12069774,24.74845183],[67.12146103,24.75274134],[67.11859953,24.74987853],[67.11826718,24.74886477],[67.11845946,24.7457664],[67.11987054,24.74462974],[67.12069595,24.74418044],[67.14245617,24.73537874],[67.1484375,24.734375],[67.14945126,24.73413634]],[[67.22590506,24.75324011],[67.21961915,24.74997115],[67.21417713,24.74361646],[67.20758426,24.73953831],[67.20648837,24.73991382],[67.20680988,24.73841643],[67.19958842,24.73574984],[67.18492818,24.72640717],[67.17834985,24.72523284],[67.17428815,24.72265267],[67.17278993,24.71864486],[67.17829335,24.7112956],[67.18681598,24.70302975],[67.19020855,24.70106483],[67.19155061,24.70172167],[67.19352663,24.71778071],[67.19509125,24.72156775],[67.20023346,24.72544932],[67.20372951,24.72620761],[67.20937395,24.72356558],[67.21274138,24.72498906],[67.21339512,24.72735357],[67.21532691,24.72646224],[67.21815634,24.72806025],[67.22390115,24.72872031],[67.23251247,24.73376703],[67.23880017,24.73457992],[67.24645126,24.73332346],[67.25059354,24.73541975],[67.25215924,24.73867154],[67.24540997,24.74595344],[67.24326193,24.75016224],[67.24270213,24.75549841],[67.24242854,24.75574887],[67.23611295,24.75790823],[67.23569202,24.75802457],[67.23375142,24.75706267],[67.23271358,24.75521445],[67.22633624,24.75350487],[67.22590506,24.75324011]],[[67.18546665,24.75555372],[67.18610442,24.75862145],[67.18174684,24.75788295],[67.17376697,24.76083076],[67.17309475,24.76095211],[67.16761625,24.76096392],[67.16487765,24.76211226],[67.16471303,24.76257587],[67.16416454,24.76544571],[67.16578007,24.77172697],[67.16679275,24.76971614],[67.16540051,24.76585591],[67.16940844,24.76796544],[67.16870594,24.77072453],[67.16950774,24.77203917],[67.16919124,24.77246726],[67.16514611,24.77318478],[67.16103852,24.77101314],[67.15925145,24.7669754],[67.15964484,24.75890517],[67.16105425,24.75756335],[67.16789496,24.75678182],[67.1771878,24.75337672],[67.18250704,24.75327814],[67.18342543,24.75361645],[67.18546665,24.75555372]],[[67.15539646,24.76013804],[67.15476966,24.76041043],[67.15320075,24.75973654],[67.15349734,24.75803375],[67.15631115,24.75801897],[67.15638661,24.75842595],[67.15539646,24.76013804]],[[67.19060612,24.77219903],[67.19104552,24.77188087],[67.19439566,24.77245176],[67.19426572,24.76943314],[67.18710184,24.76852465],[67.18147385,24.76976633],[67.1789664,24.76784921],[67.17451751,24.76754022],[67.17398524,24.76740325],[67.17279542,24.76631606],[67.17243814,24.76447666],[67.17530191,24.76228845],[67.17559803,24.76231205],[67.17762554,24.76292145],[67.17759883,24.76470268],[67.17922401,24.76524651],[67.18054831,24.76090395],[67.18108654,24.76041424],[67.18396044,24.75968802],[67.18538702,24.75989866],[67.18725097,24.76091981],[67.189134,24.76300705],[67.19189906,24.76359344],[67.19644845,24.76726973],[67.19992065,24.76829815],[67.20081484,24.76967263],[67.20227313,24.76933253],[67.20238102,24.77114296],[67.20470095,24.77061236],[67.20673966,24.77239072],[67.20505965,24.77986014],[67.20871103,24.77656603],[67.21202052,24.77887714],[67.21212876,24.78208053],[67.21270144,24.78151655],[67.21495104,24.78285885],[67.21556616,24.78276515],[67.2161169,24.77960706],[67.21703231,24.77886188],[67.21923721,24.77804887],[67.22197676,24.77853703],[67.22406101,24.78115606],[67.22714758,24.78191495],[67.22803795,24.78277624],[67.22759485,24.78374183],[67.22543764,24.78515625],[67.2249577,24.78515625],[67.22299433,24.78704882],[67.2147907,24.79311573],[67.2109009,24.78792751],[67.21033275,24.78754973],[67.20436776,24.78515625],[67.20012665,24.78623307],[67.19976854,24.78607535],[67.19945085,24.78515625],[67.19936192,24.78515625],[67.19849241,24.78152216],[67.19859111,24.78088796],[67.20042765,24.78061295],[67.20084095,24.77698791],[67.19888783,24.77768135],[67.19769287,24.7796005],[67.19523334,24.77744508],[67.19251382,24.77900505],[67.19041991,24.77635133],[67.18988764,24.77358913],[67.19060612,24.77219903]],[[67.24799955,24.78100061],[67.24243164,24.77934134],[67.24136293,24.77910185],[67.23895073,24.78005612],[67.23887515,24.77720082],[67.24518514,24.77585578],[67.24675846,24.77301896],[67.24966574,24.77212811],[67.24853623,24.77049732],[67.25064075,24.76802432],[67.25338876,24.76862872],[67.25381434,24.76692462],[67.25734091,24.76655376],[67.25792766,24.76322734],[67.26062524,24.76114857],[67.26160967,24.75805438],[67.25810897,24.7578125],[67.25676095,24.75660181],[67.25539875,24.75347495],[67.25561357,24.75067437],[67.25610375,24.74979258],[67.25959527,24.74962556],[67.26380944,24.75412977],[67.26184523,24.75097084],[67.26171243,24.75041294],[67.26199818,24.74736035],[67.26239431,24.74728096],[67.26573944,24.74749994],[67.26903236,24.75528395],[67.27432573,24.76155412],[67.27984524,24.76593685],[67.28314352,24.77207792],[67.29226351,24.77700603],[67.29062963,24.77874756],[67.27728236,24.78515625],[67.27689302,24.78515625],[67.27701426,24.7852993],[67.26151395,24.78702295],[67.26082754,24.78695643],[67.25630331,24.78515625],[67.25611496,24.78515625],[67.24799955,24.78100061]],[[67.27649414,24.75434721],[67.27230215,24.74426353],[67.27104068,24.74230635],[67.2681427,24.73937631],[67.26573241,24.7385056],[67.25688851,24.7371304],[67.25073278,24.7316184],[67.24420297,24.73156154],[67.24274874,24.72799432],[67.24189663,24.7317816],[67.23846865,24.73180318],[67.23436224,24.72945571],[67.23391223,24.72904777],[67.23205221,24.7266258],[67.23169601,24.72553885],[67.23399401,24.72080374],[67.23425102,24.71203387],[67.23447442,24.71143305],[67.23774612,24.70750201],[67.24053454,24.70558763],[67.24088526,24.70539474],[67.24520695,24.7043066],[67.24954164,24.70509231],[67.27422547,24.73334205],[67.2746551,24.73359835],[67.2823745,24.73685658],[67.28383052,24.73722875],[67.2955662,24.73880684],[67.30905736,24.74522841],[67.31240785,24.74525654],[67.31654942,24.74149001],[67.32149851,24.73259044],[67.32440615,24.72981286],[67.32743573,24.72907364],[67.33357906,24.73630214],[67.33948386,24.74829733],[67.34334445,24.75296247],[67.34390974,24.75554013],[67.34349215,24.75646317],[67.34059584,24.75803733],[67.32864261,24.75794911],[67.32134652,24.75983655],[67.31359804,24.76295555],[67.30307543,24.77062094],[67.30240893,24.77096784],[67.30161762,24.77126086],[67.29838598,24.77058566],[67.2920078,24.76838517],[67.28987133,24.76728356],[67.28652418,24.7648375],[67.28510916,24.76242864],[67.28068435,24.76038575],[67.27649414,24.75434721]],[[67.35050511,24.75874651],[67.35061443,24.75613403],[67.35384297,24.75106752],[67.35612452,24.75034773],[67.3577913,24.7506237],[67.35817552,24.75089562],[67.35846806,24.75264347],[67.35537934,24.7547698],[67.35522175,24.75650382],[67.35860264,24.76014006],[67.36428702,24.76304412],[67.36501515,24.76532817],[67.36488652,24.76577175],[67.36401677,24.76646638],[67.35716867,24.76633537],[67.3522557,24.7673279],[67.3488301,24.76587045],[67.34793437,24.76359928],[67.34993374,24.76095235],[67.35050511,24.75874651]],[[67.36510551,24.76687467],[67.36515093,24.76256847],[67.35962045,24.75965381],[67.35567427,24.75575221],[67.35940886,24.75331831],[67.35907221,24.75010133],[67.35879183,24.74983084],[67.35676026,24.74923444],[67.35412514,24.74975312],[67.34986234,24.75526035],[67.35037982,24.75043762],[67.34376335,24.74427664],[67.34490991,24.74256516],[67.35372436,24.73698711],[67.35592985,24.73139131],[67.36244333,24.7282685],[67.37063742,24.72897637],[67.37126887,24.72598565],[67.37199402,24.72542381],[67.37256956,24.72509325],[67.37662792,24.72483075],[67.37733257,24.72531796],[67.37755263,24.72593856],[67.37644374,24.73200047],[67.37765408,24.73589456],[67.37533915,24.74174786],[67.37880731,24.74334264],[67.37882435,24.74623322],[67.38024306,24.74756706],[67.38495564,24.74558961],[67.39005864,24.74944103],[67.38697696,24.75210404],[67.38581765,24.75500512],[67.38954175,24.75871468],[67.39302635,24.75962091],[67.39285111,24.76697767],[67.39252245,24.76751578],[67.38608146,24.76794875],[67.38358104,24.76860714],[67.38321972,24.76880336],[67.37802124,24.77397394],[67.37279785,24.77629674],[67.37136543,24.77524614],[67.36899126,24.76953685],[67.36524045,24.76718032],[67.36510551,24.76687467]],[[67.39443743,24.75796354],[67.39033175,24.75411224],[67.38835156,24.75492191],[67.38837886,24.75266504],[67.39480793,24.75247872],[67.39607322,24.75353622],[67.39919853,24.75361717],[67.4060024,24.74990535],[67.40873015,24.74500382],[67.41156983,24.74796355],[67.40909123,24.75353742],[67.41217387,24.75723803],[67.41339028,24.75543237],[67.41031933,24.75387025],[67.40984511,24.75292623],[67.41015804,24.75186658],[67.41156316,24.75056195],[67.41887665,24.74690831],[67.42217612,24.74760401],[67.42267644,24.74794447],[67.42487276,24.75343573],[67.42708266,24.75537825],[67.4292556,24.75989437],[67.42916501,24.76125062],[67.42854512,24.7619698],[67.42711926,24.76284134],[67.41915464,24.76264012],[67.41764498,24.76288855],[67.41606855,24.76361406],[67.41246831,24.76623702],[67.41120231,24.76776195],[67.40639865,24.77419651],[67.40530968,24.77379894],[67.40055251,24.76861346],[67.39855051,24.76799536],[67.39480126,24.76654661],[67.39443743,24.75796354]],[[67.40049887,24.7511481],[67.39775157,24.75228786],[67.39312696,24.75098598],[67.39275336,24.75075662],[67.39158702,24.7484169],[67.39129066,24.74814951],[67.38572454,24.74441123],[67.38002873,24.74577928],[67.38003612,24.74199605],[67.37688053,24.74029911],[67.37914574,24.73611486],[67.3773607,24.73059893],[67.37885678,24.72665632],[67.38002765,24.72615576],[67.38017905,24.72640407],[67.38028884,24.72689438],[67.37921095,24.73204494],[67.37933922,24.73252654],[67.38136566,24.73592496],[67.38201451,24.73629272],[67.39348376,24.73992431],[67.40183461,24.73891151],[67.40349317,24.73920524],[67.40424323,24.73986423],[67.40542436,24.74171758],[67.40557647,24.74527705],[67.4057641,24.74756658],[67.40530157,24.74858534],[67.40049887,24.7511481]],[[67.36948645,24.72748244],[67.36859977,24.72771084],[67.36385906,24.72497022],[67.36367846,24.72461927],[67.36848235,24.72130573],[67.36980581,24.72105205],[67.37134635,24.72117126],[67.37410176,24.72230935],[67.37411106,24.7227385],[67.37150776,24.72449732],[67.36948645,24.72748244]],[[67.35521305,24.72759664],[67.35300195,24.73062718],[67.34749126,24.73529065],[67.34723842,24.7354511],[67.34390748,24.73698235],[67.34166741,24.73665178],[67.33915412,24.73859406],[67.33747315,24.73695362],[67.33651233,24.73586798],[67.33175814,24.72701526],[67.33319676,24.72552586],[67.33226371,24.71728957],[67.33346486,24.71474767],[67.33228934,24.71335196],[67.32945752,24.71270156],[67.32793581,24.70861661],[67.32968235,24.70420074],[67.33552873,24.70526087],[67.33646965,24.70393765],[67.33115697,24.70204461],[67.33059645,24.70217371],[67.32799125,24.70394683],[67.32615042,24.70809436],[67.33120036,24.71873426],[67.3315227,24.71981251],[67.33136153,24.72531402],[67.33106053,24.72580492],[67.33000457,24.72622645],[67.32467878,24.72544634],[67.31976116,24.72759736],[67.31360495,24.73455346],[67.30969596,24.72904301],[67.31039405,24.72100461],[67.30414224,24.71458363],[67.30871642,24.70957017],[67.30834305,24.70270813],[67.30350685,24.69695652],[67.30019701,24.69767952],[67.29419506,24.69568646],[67.29361868,24.69496453],[67.29308104,24.69103944],[67.29914355,24.69056201],[67.30320454,24.68886566],[67.30875051,24.68181551],[67.30834496,24.68009615],[67.31061685,24.67707205],[67.31789851,24.67927897],[67.31825805,24.67903996],[67.32023072,24.67731583],[67.32359207,24.66993642],[67.32463777,24.66951323],[67.32547235,24.66955614],[67.32974553,24.67124021],[67.33161366,24.68286431],[67.3335793,24.68547761],[67.33810258,24.68832183],[67.33688128,24.69416606],[67.33948684,24.69623935],[67.33964241,24.69949806],[67.34198928,24.69948936],[67.33783376,24.69323552],[67.34033406,24.68759716],[67.33894563,24.68660045],[67.33974016,24.68601823],[67.35170865,24.68998158],[67.36570454,24.69158804],[67.36796176,24.69255865],[67.36843216,24.69463801],[67.37054634,24.69656503],[67.37833941,24.69813216],[67.38088656,24.69931817],[67.38115156,24.69969451],[67.38062835,24.70107985],[67.37730503,24.70452487],[67.37715995,24.70509112],[67.37845266,24.70938468],[67.37681341,24.71641743],[67.36615896,24.71766341],[67.35709596,24.72500968],[67.35521305,24.72759664]],[[67.37071586,24.69475424],[67.36813235,24.69003701],[67.37950981,24.69004071],[67.39079511,24.69287682],[67.39393234,24.69506717],[67.3946377,24.69721496],[67.38891733,24.69797242],[67.38539612,24.70124924],[67.38569617,24.70460868],[67.38831401,24.70821548],[67.38823354,24.70873594],[67.38734257,24.70936751],[67.38396704,24.70825815],[67.38056505,24.70806098],[67.38009787,24.70773673],[67.37958765,24.70605135],[67.37952721,24.7048316],[67.38017094,24.70330644],[67.38276565,24.70090592],[67.38334417,24.69964075],[67.38272512,24.69792533],[67.37071586,24.69475424]],[[67.40016985,24.69004071],[67.39246964,24.68731725],[67.39363134,24.68508267],[67.38901365,24.6876111],[67.38603365,24.68613446],[67.38048697,24.68556356],[67.37779212,24.68216074],[67.37540674,24.68544936],[67.35584474,24.68553197],[67.34435654,24.68051446],[67.34224141,24.67265856],[67.34818184,24.66720962],[67.36067843,24.67012835],[67.36761951,24.66919518],[67.37091756,24.66561806],[67.37356067,24.66477418],[67.37391305,24.66164005],[67.37624848,24.65906513],[67.38243926,24.65490365],[67.38577473,24.65663183],[67.38731158,24.6629405],[67.39246571,24.66479135],[67.39261603,24.66380584],[67.38774872,24.66194081],[67.38825595,24.65960097],[67.38506103,24.65241694],[67.38603187,24.64980793],[67.38739896,24.64955843],[67.38521004,24.64749634],[67.38669038,24.64616156],[67.38926184,24.6477977],[67.3931061,24.64767671],[67.39864242,24.64950371],[67.40947533,24.65535665],[67.41548455,24.65367973],[67.42017615,24.65132284],[67.42407584,24.64681327],[67.4284054,24.64584851],[67.4273622,24.64350832],[67.42921436,24.64126515],[67.43389034,24.64118302],[67.43519211,24.64292264],[67.4319576,24.64714456],[67.42664862,24.65838754],[67.42421591,24.66069722],[67.42065334,24.66055775],[67.41535175,24.66777623],[67.41337454,24.67265761],[67.41824472,24.67742574],[67.43147457,24.68185806],[67.43196166,24.68220174],[67.43309915,24.68370211],[67.43335676,24.68462932],[67.43321705,24.68592584],[67.43278134,24.68680596],[67.42425632,24.69634461],[67.42092192,24.69745755],[67.41733491,24.69803166],[67.41228187,24.69771385],[67.41184747,24.69814193],[67.40510845,24.69528294],[67.40308142,24.69304037],[67.40016985,24.69004071]],[[67.35508025,24.64253545],[67.35392106,24.64295268],[67.34452784,24.64113045],[67.33648717,24.63851917],[67.33624935,24.63601971],[67.33879471,24.63639307],[67.33737946,24.63237047],[67.33532822,24.63056564],[67.32949161,24.62967682],[67.32871521,24.62761295],[67.33026767,24.62623942],[67.32838547,24.62320125],[67.32821643,24.62152016],[67.3286308,24.62093484],[67.32947445,24.62095344],[67.34102154,24.62675214],[67.35504997,24.62827623],[67.36001694,24.62646306],[67.36108017,24.62457347],[67.36488664,24.62395155],[67.36609888,24.62285805],[67.36680043,24.62171328],[67.36726534,24.61787248],[67.36710846,24.61734188],[67.36334598,24.61057711],[67.36758816,24.61256754],[67.36794806,24.61283433],[67.37265766,24.61795723],[67.37278855,24.61833406],[67.3730731,24.62861836],[67.37276065,24.62965906],[67.3716284,24.63188732],[67.36947381,24.63354945],[67.35722744,24.64137328],[67.35508025,24.64253545]],[[67.32165432,24.61944842],[67.31841803,24.62292027],[67.31526184,24.62902224],[67.31215727,24.63105583],[67.30504477,24.63110614],[67.30126357,24.62838304],[67.30029953,24.62508535],[67.29418695,24.62086987],[67.29047358,24.609375],[67.29001796,24.609375],[67.29142106,24.60610354],[67.29194212,24.59919906],[67.29450834,24.59668314],[67.29652774,24.59723616],[67.29897082,24.60282135],[67.30642593,24.609375],[67.30659461,24.609375],[67.30638838,24.60946846],[67.3082633,24.6112529],[67.30873001,24.61195004],[67.30941296,24.61476302],[67.31127095,24.61226738],[67.3154006,24.60977435],[67.31532216,24.609375],[67.31548333,24.609375],[67.31390357,24.60473061],[67.31330895,24.60711372],[67.31142044,24.60880184],[67.30892146,24.60881257],[67.30203795,24.60310388],[67.29899764,24.59809744],[67.29979205,24.5862596],[67.30129075,24.58595586],[67.30322194,24.58715761],[67.30478787,24.5983175],[67.30722725,24.60009074],[67.31358647,24.59838951],[67.31674194,24.60316586],[67.31575716,24.59917295],[67.31412005,24.59767222],[67.31158221,24.5975703],[67.30782235,24.59928095],[67.30619836,24.59880388],[67.30421865,24.5903244],[67.30477202,24.58605742],[67.30929661,24.5833081],[67.31266475,24.57487667],[67.31406403,24.57386684],[67.31637001,24.57661235],[67.31459606,24.58476758],[67.31459677,24.58773351],[67.31560051,24.59000742],[67.31756866,24.59233236],[67.31993234,24.59369075],[67.32242811,24.59455752],[67.32516193,24.59450293],[67.33042514,24.59091091],[67.33181095,24.58829677],[67.33228016,24.58818591],[67.33559227,24.58910131],[67.33746254,24.59219491],[67.34024835,24.60271144],[67.34012485,24.60322225],[67.33957672,24.60393322],[67.33613634,24.60418904],[67.33464384,24.60637724],[67.33588338,24.60813046],[67.33569431,24.60863912],[67.33485544,24.609375],[67.33464897,24.609375],[67.32727003,24.61490047],[67.32165432,24.61944842]],[[67.33623958,24.60531414],[67.33772957,24.60440731],[67.33805168,24.6044991],[67.33841038,24.60490167],[67.33695555,24.60740244],[67.33657515,24.60746074],[67.33608425,24.60590291],[67.33623958,24.60531414]],[[67.29893196,24.58524001],[67.29889786,24.59052014],[67.29603183,24.59386516],[67.29311645,24.58914578],[67.29314172,24.58614492],[67.29364455,24.5844053],[67.29413724,24.58379507],[67.29592025,24.5832113],[67.29632282,24.58334625],[67.29893196,24.58524001]],[[67.25902975,24.59582305],[67.25969791,24.59760141],[67.26085675,24.59617531],[67.26356232,24.59606385],[67.26693344,24.59669816],[67.26661813,24.59876204],[67.26809394,24.59718692],[67.27105987,24.59778941],[67.27208936,24.59825587],[67.27226925,24.59856927],[67.27230704,24.60116446],[67.27808261,24.60898113],[67.27808952,24.609375],[67.27820265,24.609375],[67.28028774,24.61737895],[67.28366506,24.62220716],[67.28297198,24.62357795],[67.27794194,24.62564945],[67.28163743,24.62602127],[67.28404784,24.62502492],[67.2858721,24.62597644],[67.28578615,24.62943232],[67.28326595,24.63082838],[67.27626157,24.63057005],[67.27473605,24.63143158],[67.27363527,24.63381875],[67.27434826,24.64491761],[67.27422404,24.64520288],[67.27070868,24.64744914],[67.26849794,24.6474961],[67.26504433,24.64869165],[67.26459801,24.64860153],[67.26115906,24.64432132],[67.25982952,24.64216042],[67.25982165,24.6356523],[67.25569344,24.63551736],[67.24918377,24.63924515],[67.23741174,24.63439393],[67.2375952,24.63268292],[67.24525213,24.62559295],[67.25072086,24.62756598],[67.25202811,24.62683284],[67.24647641,24.62442267],[67.24378765,24.61837292],[67.23865652,24.61458302],[67.24710345,24.61459661],[67.24710345,24.61391902],[67.23656011,24.61374032],[67.23547757,24.61347115],[67.23484147,24.61283386],[67.2344557,24.61084235],[67.2361747,24.609375],[67.23709512,24.609375],[67.23709512,24.60951436],[67.23832214,24.609375],[67.24215555,24.60902631],[67.24339485,24.60848558],[67.24341154,24.60799944],[67.24186516,24.60450065],[67.24085486,24.60726845],[67.23856807,24.60573316],[67.24244022,24.60267973],[67.24082875,24.60144305],[67.24078202,24.60104024],[67.24192035,24.59925747],[67.24301326,24.59833968],[67.24535155,24.59773636],[67.2469449,24.5991466],[67.252532,24.60090113],[67.25337791,24.60084164],[67.25503504,24.59999931],[67.25568032,24.59539437],[67.25902975,24.59582305]],[[67.22988474,24.61352992],[67.24176693,24.61888277],[67.24454343,24.62369871],[67.24469078,24.62426984],[67.24444044,24.62576365],[67.23626804,24.63155413],[67.23591757,24.63371515],[67.23766911,24.63640261],[67.23766637,24.63678563],[67.23663366,24.63831842],[67.23582721,24.63988304],[67.23418057,24.64146197],[67.23264682,24.64146197],[67.22680724,24.63828957],[67.22408807,24.6380012],[67.2227118,24.63626266],[67.22857225,24.63253963],[67.23031116,24.62956154],[67.22765815,24.61593771],[67.22988474,24.61352992]],[[67.2234658,24.63352144],[67.22246242,24.63370824],[67.21980333,24.63249803],[67.21414316,24.62559164],[67.22384346,24.61664426],[67.22416115,24.61679375],[67.22676516,24.62044084],[67.22819054,24.62956905],[67.22632503,24.63198197],[67.2234658,24.63352144]],[[67.21997154,24.63902175],[67.22105002,24.64052951],[67.22240675,24.63957477],[67.22654045,24.63977134],[67.23079002,24.64209235],[67.23419094,24.64260602],[67.23900712,24.63729692],[67.24524713,24.63985026],[67.25273263,24.64120448],[67.25229192,24.63843966],[67.25599241,24.63662827],[67.2572304,24.63649344],[67.25817776,24.63682008],[67.25886035,24.63800156],[67.25890744,24.64242077],[67.26015925,24.64501655],[67.26287615,24.64748597],[67.26256585,24.65519953],[67.26628923,24.66329968],[67.26643455,24.66511524],[67.26620615,24.66576743],[67.26394737,24.66820943],[67.26087916,24.6697098],[67.25737905,24.67045045],[67.25345957,24.67014265],[67.25247288,24.66980112],[67.25079656,24.66820204],[67.25064588,24.66775525],[67.25029194,24.66133106],[67.24675655,24.65879345],[67.24277031,24.65883708],[67.24242294,24.65889215],[67.23903406,24.66112065],[67.23722434,24.66305542],[67.23149216,24.67072904],[67.23014963,24.67106354],[67.2266587,24.66692746],[67.22608256,24.66674185],[67.22013915,24.66660297],[67.21879435,24.66692495],[67.21568537,24.66790092],[67.21053624,24.67113125],[67.20648992,24.67596841],[67.20528603,24.67714071],[67.20080912,24.67887855],[67.19927025,24.67562497],[67.19553292,24.67698956],[67.19520104,24.67682385],[67.19290328,24.67210436],[67.18868363,24.67254233],[67.18871975,24.67140055],[67.1832695,24.66959071],[67.18257582,24.66740894],[67.17720175,24.66380978],[67.1821202,24.66049814],[67.18665445,24.66131043],[67.18854058,24.66036224],[67.18843591,24.65938616],[67.18598211,24.65896261],[67.18434107,24.65711212],[67.18300021,24.65780532],[67.18167043,24.65629876],[67.18161416,24.65598297],[67.18327391,24.65177333],[67.18574011,24.65080166],[67.18512881,24.64602804],[67.18689525,24.64646256],[67.18809605,24.64473116],[67.18863702,24.64458728],[67.19767952,24.64604998],[67.20442247,24.64500761],[67.20954537,24.64613736],[67.21408677,24.64558554],[67.2152698,24.64392102],[67.21254313,24.6419903],[67.21439111,24.64192736],[67.21462905,24.63877177],[67.21818137,24.63648474],[67.22057653,24.63759816],[67.21997154,24.63902175]],[[67.22201633,24.67036724],[67.22281444,24.6702646],[67.22922492,24.67350733],[67.23293781,24.67239893],[67.23610997,24.66992617],[67.24242747,24.66127586],[67.24550092,24.66060865],[67.24863124,24.66325211],[67.24821925,24.66810727],[67.24285054,24.67273521],[67.24085486,24.67638135],[67.24498606,24.67993891],[67.24899542,24.68131864],[67.25438023,24.67861867],[67.2543174,24.68471825],[67.25770915,24.6876626],[67.26342106,24.68839145],[67.26952195,24.68393493],[67.27604961,24.68537664],[67.27721977,24.6876899],[67.27533567,24.69150126],[67.28002417,24.69780886],[67.29513907,24.69679105],[67.30019832,24.69851685],[67.30355191,24.69794011],[67.3038491,24.69818151],[67.30799937,24.70421123],[67.30792141,24.70940864],[67.30368173,24.71403325],[67.30353367,24.71660185],[67.30930996,24.7212038],[67.30860531,24.72889304],[67.31219482,24.73447084],[67.31249666,24.73555815],[67.31203115,24.73723292],[67.31123424,24.73846698],[67.30995154,24.73914754],[67.29691064,24.73477328],[67.28599584,24.7340095],[67.27928436,24.73157144],[67.2591238,24.70796144],[67.25239456,24.70271242],[67.24708974,24.70080411],[67.24285293,24.70090735],[67.23465252,24.70361853],[67.23017001,24.70903766],[67.22751164,24.71473408],[67.22665596,24.72025371],[67.22448027,24.72304487],[67.21393883,24.71744275],[67.20411456,24.71812737],[67.20095086,24.71716487],[67.20030355,24.71681893],[67.19772065,24.71123445],[67.19724095,24.70216286],[67.19568014,24.69655561],[67.19056034,24.69114351],[67.19675171,24.68769741],[67.2008481,24.68774474],[67.20202994,24.68595946],[67.2038573,24.68663478],[67.20918262,24.68349445],[67.21288276,24.67585063],[67.21401834,24.67444587],[67.21705854,24.67162561],[67.22201633,24.67036724]],[[67.29273796,24.69461834],[67.28255343,24.69691515],[67.28079772,24.69681621],[67.28046036,24.69657958],[67.27909064,24.6934998],[67.27636886,24.69101965],[67.27843213,24.68756115],[67.27719045,24.68432975],[67.26929235,24.68291128],[67.26393366,24.68674028],[67.25753725,24.68618381],[67.25557888,24.68324196],[67.25615025,24.67921376],[67.25539374,24.67756486],[67.25507545,24.67735004],[67.25292516,24.67707467],[67.25015521,24.67948496],[67.24818277,24.67992461],[67.24769127,24.67978144],[67.24235916,24.67643595],[67.24356103,24.67403305],[67.24954665,24.66948307],[67.25204468,24.67110527],[67.25810516,24.67218316],[67.26273656,24.67517257],[67.26829851,24.67284691],[67.27590156,24.67815864],[67.2791208,24.67612827],[67.28112626,24.67702806],[67.28269815,24.67506325],[67.27825165,24.67484546],[67.27743888,24.67369914],[67.27802372,24.66843152],[67.28088927,24.66719866],[67.29159725,24.66441405],[67.2977128,24.66608095],[67.30040753,24.66853702],[67.30221295,24.66857135],[67.30257976,24.66886377],[67.30237365,24.67085326],[67.30203891,24.67112374],[67.30055475,24.67201447],[67.28940022,24.67581046],[67.28508723,24.67959285],[67.28333914,24.68289626],[67.28314352,24.68317521],[67.28314424,24.68652356],[67.28414464,24.68821347],[67.28605127,24.69026446],[67.28633058,24.69037366],[67.29220736,24.69120944],[67.29273796,24.69461834]],[[67.30344856,24.67186892],[67.30423236,24.66720653],[67.30996072,24.66789317],[67.31189132,24.66712308],[67.31296516,24.66626453],[67.31535578,24.66368318],[67.31451941,24.66038597],[67.31573451,24.65647244],[67.3167628,24.65597177],[67.31710911,24.65614104],[67.31816125,24.65714622],[67.31866276,24.65957284],[67.31845665,24.66439605],[67.32241046,24.66973925],[67.31927907,24.67670465],[67.31764865,24.67826176],[67.31246054,24.67613411],[67.30830157,24.67725456],[67.30477238,24.68516493],[67.30345917,24.68635941],[67.30036366,24.68792427],[67.29759753,24.68819976],[67.29606116,24.68911064],[67.29197085,24.68970275],[67.28939986,24.68973207],[67.28753185,24.68919396],[67.28590405,24.68781233],[67.28474975,24.68423641],[67.28497791,24.68353653],[67.28719437,24.68020046],[67.28770185,24.67964125],[67.29064047,24.67741168],[67.29213607,24.67608964],[67.30344856,24.67186892]],[[67.32223463,24.66433942],[67.32149053,24.65472054],[67.31928015,24.65364242],[67.31833768,24.65352046],[67.3151952,24.65423155],[67.31176972,24.65634942],[67.30926526,24.66400385],[67.30844891,24.66471517],[67.30684185,24.66425812],[67.30487895,24.66222465],[67.30489886,24.65920067],[67.30839086,24.65358865],[67.30891287,24.64751291],[67.31197214,24.64533424],[67.31235838,24.64479315],[67.31390607,24.64025426],[67.31675303,24.63821053],[67.31760168,24.63791215],[67.32362926,24.63887894],[67.32419336,24.63887894],[67.32590353,24.63814175],[67.33119178,24.63997996],[67.33362651,24.6415807],[67.33410728,24.64209974],[67.33940363,24.6533401],[67.34577632,24.65634561],[67.34622586,24.65865803],[67.34381986,24.66554415],[67.3357228,24.67271197],[67.33541596,24.67271197],[67.33628714,24.66896784],[67.33361936,24.66597521],[67.33282256,24.66536534],[67.32223463,24.66433942]],[[67.34263766,24.64415252],[67.34287417,24.64376688],[67.34840894,24.64540255],[67.34871924,24.64555144],[67.35080814,24.6476891],[67.35407114,24.64567065],[67.36179864,24.64651382],[67.3640393,24.64772773],[67.36511898,24.64827776],[67.36674655,24.64942765],[67.36540914,24.65700102],[67.36744094,24.65912151],[67.36805451,24.66208792],[67.36805475,24.66448033],[67.36705482,24.66609025],[67.36628067,24.66675186],[67.35965097,24.66768956],[67.35466528,24.6658771],[67.35328567,24.66505766],[67.35128641,24.66294086],[67.35052955,24.66135597],[67.35039425,24.65610671],[67.35023677,24.65581822],[67.34780777,24.65108716],[67.3428266,24.64545596],[67.34263766,24.64415252]],[[67.38010371,24.64665103],[67.3809514,24.64654303],[67.38227224,24.64690101],[67.38358414,24.65019393],[67.38357806,24.65199113],[67.38168311,24.65219295],[67.37464738,24.65770531],[67.37017584,24.66270792],[67.36842644,24.65740085],[67.36873341,24.6510998],[67.38010371,24.64665103]],[[67.30542421,24.64640295],[67.30119395,24.66420913],[67.29005444,24.66241777],[67.28964162,24.66259575],[67.27747774,24.66636825],[67.27597904,24.66475785],[67.27552128,24.66214538],[67.27580655,24.6605916],[67.28027046,24.64950788],[67.28027046,24.64876294],[67.27939677,24.64634538],[67.27597725,24.64163315],[67.27521086,24.63484192],[67.27594388,24.63309216],[67.27680755,24.6324445],[67.27729976,24.63230503],[67.28429425,24.63245368],[67.28697085,24.63089311],[67.28885114,24.63161635],[67.29262376,24.63094103],[67.29309785,24.63101125],[67.30080843,24.63585007],[67.30869675,24.63989663],[67.30542421,24.64640295]],[[67.27417827,24.66463888],[67.27346814,24.66515326],[67.26905894,24.66505158],[67.26866925,24.66481805],[67.26537371,24.65670872],[67.26529813,24.65019548],[67.27127612,24.64879751],[67.2716223,24.64866877],[67.27614558,24.6460005],[67.27660453,24.64610314],[67.27818656,24.64757121],[67.27842605,24.64958453],[67.27447677,24.65826285],[67.27389097,24.66017962],[67.27417827,24.66463888]],[[67.27618885,24.67387605],[67.2725985,24.67394078],[67.26836145,24.67167056],[67.26734221,24.67177796],[67.26343274,24.67406774],[67.26052594,24.67288136],[67.26521826,24.66981316],[67.26723206,24.66643643],[67.27011061,24.66670752],[67.27528894,24.66672075],[67.27733421,24.66785145],[67.27727365,24.67227125],[67.27618885,24.67387605]],[[67.33655775,24.68235493],[67.33763766,24.68557012],[67.33761656,24.68645132],[67.33459938,24.68493891],[67.33463526,24.6821624],[67.33308685,24.68066335],[67.33345962,24.67983675],[67.33439934,24.67979646],[67.33579087,24.68080115],[67.33655775,24.68235493]],[[67.17069674,24.76168954],[67.17139137,24.76618123],[67.16953754,24.76734316],[67.16871667,24.766644],[67.16758227,24.76223814],[67.16780722,24.76167464],[67.17069674,24.76168954]],[[67.26930594,24.57431376],[67.25280964,24.57297921],[67.25017261,24.57362676],[67.24107444,24.57008874],[67.23865426,24.57122612],[67.23670685,24.56951404],[67.22587526,24.57225156],[67.22558248,24.57185936],[67.22472477,24.56842911],[67.22560334,24.56520176],[67.22621536,24.56345928],[67.22845316,24.56183147],[67.21944654,24.55494416],[67.21984506,24.54812205],[67.22182596,24.54586136],[67.23712432,24.54126191],[67.23821151,24.53889155],[67.23827636,24.53170288],[67.24237812,24.52763915],[67.24498856,24.52740443],[67.24615991,24.52836835],[67.24354374,24.53470516],[67.24348736,24.53752804],[67.24429238,24.53893948],[67.24578547,24.54014897],[67.25036943,24.54143894],[67.25112975,24.54129434],[67.25314105,24.5392251],[67.25798476,24.53190017],[67.26414347,24.5311048],[67.26666582,24.53788078],[67.27104735,24.53739655],[67.27355766,24.53996587],[67.27596664,24.54948425],[67.27821875,24.55019295],[67.28192604,24.54792321],[67.28577113,24.54790008],[67.28701174,24.55873251],[67.28848004,24.56077313],[67.29295325,24.56107271],[67.29829633,24.55641365],[67.30066371,24.55724394],[67.30485415,24.56116521],[67.29575074,24.57489276],[67.29544425,24.5751574],[67.29182374,24.57426393],[67.29142475,24.57485211],[67.27826035,24.57843351],[67.27066004,24.5749706],[67.26930594,24.57431376]],[[67.29116976,24.56048214],[67.29037154,24.56057322],[67.2882086,24.55932498],[67.28694582,24.54797125],[67.28519893,24.54656672],[67.27794754,24.54903412],[67.27645481,24.54851878],[67.27468562,24.53948295],[67.27207303,24.53686547],[67.26776063,24.53625286],[67.26711822,24.53522801],[67.26646912,24.52978027],[67.26837397,24.52955771],[67.27255213,24.52485204],[67.27530205,24.52479505],[67.27533257,24.52192831],[67.27615547,24.52076983],[67.27661765,24.52070081],[67.27745378,24.52110231],[67.29139757,24.53691065],[67.29467177,24.53769684],[67.30307174,24.53437996],[67.30396998,24.53463125],[67.30630875,24.53612185],[67.29993796,24.54696286],[67.29946232,24.54806912],[67.29901171,24.54959261],[67.29974878,24.55408823],[67.29646635,24.55571282],[67.2929368,24.55969596],[67.29116976,24.56048214]],[[67.30850291,24.53444445],[67.30662107,24.53218555],[67.30126333,24.53104246],[67.30045402,24.53094125],[67.29234087,24.53274381],[67.29194856,24.53255141],[67.29012001,24.52956486],[67.29134274,24.52144217],[67.29165006,24.52055585],[67.29418087,24.51705217],[67.29867518,24.51729751],[67.29928756,24.52384591],[67.3010776,24.52483225],[67.29934955,24.51876092],[67.30332148,24.51574302],[67.30407214,24.50650096],[67.30492902,24.50686872],[67.30543268,24.51326442],[67.30874145,24.51875734],[67.31358051,24.52382743],[67.31529868,24.52874064],[67.31698978,24.52781153],[67.32475924,24.52905536],[67.32823026,24.52709174],[67.34225666,24.52468574],[67.34318745,24.52081955],[67.34157073,24.51884258],[67.34314752,24.51154625],[67.34482503,24.51290274],[67.34501612,24.52303505],[67.34688985,24.52390826],[67.35307586,24.52355695],[67.35444295,24.52664578],[67.35575986,24.52789128],[67.35779655,24.52806413],[67.35829914,24.52781904],[67.35829425,24.52749336],[67.35551727,24.52620184],[67.35479295,24.52441156],[67.35637486,24.52278435],[67.3604418,24.52330565],[67.35921216,24.52209246],[67.35426426,24.52305281],[67.3460201,24.52258635],[67.34633756,24.51204658],[67.34516501,24.50983846],[67.33856225,24.50985074],[67.33305645,24.51113212],[67.32974291,24.51117742],[67.32876086,24.51024377],[67.3292768,24.50909984],[67.33616865,24.50750506],[67.34420204,24.49862266],[67.35163331,24.49490607],[67.35416484,24.50377202],[67.35433555,24.50406313],[67.36112154,24.50962722],[67.36276674,24.51243424],[67.36352992,24.51421881],[67.36395812,24.52048862],[67.36676502,24.52080476],[67.36696005,24.52645934],[67.36255741,24.53149974],[67.34991717,24.53604484],[67.34290481,24.54143131],[67.34168255,24.54192054],[67.33803058,24.54233801],[67.33114445,24.54147863],[67.32600045,24.54193413],[67.31054914,24.55074096],[67.30450535,24.5516479],[67.30265045,24.5511626],[67.30203617,24.55008233],[67.30604553,24.54592633],[67.30957556,24.53868055],[67.30867815,24.53479505],[67.30850291,24.53444445]],[[67.32831955,24.51095176],[67.33101416,24.51224792],[67.34043348,24.51127446],[67.34079385,24.51166415],[67.34160185,24.51350105],[67.34160852,24.51419616],[67.34069026,24.51818895],[67.34076858,24.51896477],[67.34199381,24.52248287],[67.33545733,24.52513015],[67.33504856,24.52531624],[67.32796931,24.5259788],[67.32421803,24.5277127],[67.32343638,24.52783406],[67.31993544,24.52733755],[67.32056952,24.52405095],[67.31708956,24.52525115],[67.30876267,24.51464236],[67.30785096,24.51204705],[67.30785191,24.50683725],[67.30859494,24.50562715],[67.30906773,24.50493467],[67.31898987,24.49730778],[67.31975174,24.49537301],[67.31971765,24.49288261],[67.31723475,24.48385668],[67.31568062,24.48086226],[67.31478071,24.48021853],[67.3119843,24.47971475],[67.30632186,24.48099732],[67.30505157,24.47979534],[67.3048352,24.47864938],[67.30505562,24.47738016],[67.31042886,24.47382116],[67.31225491,24.47032785],[67.3166275,24.46884501],[67.31986785,24.46494007],[67.32339156,24.46331656],[67.32410038,24.46323836],[67.32633877,24.46410572],[67.32657802,24.46445096],[67.32678652,24.46771586],[67.32288468,24.47360492],[67.32274985,24.47397161],[67.32164586,24.47840905],[67.32264352,24.48422253],[67.32296157,24.48457265],[67.32700574,24.48685634],[67.33097684,24.48767197],[67.33627355,24.48558295],[67.33812952,24.48253572],[67.33931625,24.47530961],[67.34075344,24.47448075],[67.34235287,24.48074198],[67.34743404,24.4875735],[67.34820545,24.49129522],[67.34977543,24.49127507],[67.35079896,24.49283373],[67.34379745,24.49759507],[67.33556914,24.50610006],[67.32822955,24.50894845],[67.32792735,24.50933182],[67.32831955,24.51095176]],[[67.30290341,24.4772526],[67.30399382,24.48278487],[67.29765475,24.48268235],[67.29516256,24.48565972],[67.29099774,24.48780394],[67.290205,24.48956835],[67.28802741,24.48673224],[67.28653443,24.48677588],[67.28362286,24.49013448],[67.28364706,24.49434304],[67.27735162,24.49392462],[67.27428281,24.49514794],[67.27229094,24.49556994],[67.26869917,24.49758875],[67.26598263,24.50055802],[67.26536953,24.50055802],[67.2651453,24.49673426],[67.26627982,24.49430954],[67.26659894,24.49395454],[67.27177775,24.49250257],[67.27132785,24.48895633],[67.26301193,24.48525691],[67.2536633,24.4838618],[67.25856018,24.48185432],[67.2609272,24.47909427],[67.26194215,24.47351098],[67.26577282,24.47464597],[67.26811385,24.47372854],[67.2683171,24.46823335],[67.27237451,24.46661615],[67.27261615,24.46399272],[67.27488112,24.46165752],[67.28295636,24.46397626],[67.29031086,24.46383595],[67.29421794,24.46196115],[67.28710675,24.45093334],[67.28561795,24.4457823],[67.28128624,24.44107091],[67.28160656,24.43795884],[67.28252316,24.43725038],[67.28277671,24.43723416],[67.28747344,24.44594765],[67.29839241,24.46107602],[67.30075467,24.46662772],[67.30455542,24.46849775],[67.30655873,24.47071922],[67.3071655,24.47298002],[67.30699468,24.47336638],[67.30290341,24.4772526]],[[67.3198415,24.45104051],[67.32028043,24.45084453],[67.32702124,24.45686996],[67.32697833,24.45729518],[67.32170665,24.45751774],[67.32026052,24.45780456],[67.31391084,24.46096611],[67.31026745,24.45937335],[67.30982316,24.4589293],[67.30939305,24.45766735],[67.31002963,24.45613885],[67.3198415,24.45104051]],[[67.35082722,24.45485294],[67.3481214,24.45148027],[67.33910692,24.44924831],[67.33848536,24.44916272],[67.32981896,24.45277357],[67.32918405,24.45258713],[67.32418466,24.44702637],[67.32122767,24.44594336],[67.31690514,24.44664645],[67.31647062,24.44677997],[67.30861282,24.45085835],[67.30789435,24.44767904],[67.30243945,24.44548965],[67.30086184,24.44405544],[67.30054927,24.44362545],[67.30154574,24.44202304],[67.29916072,24.44074416],[67.29808795,24.43757927],[67.30232644,24.43516362],[67.30230355,24.43359375],[67.30234158,24.43359375],[67.3027178,24.43286562],[67.30315042,24.43268943],[67.30997884,24.43089044],[67.31061256,24.43088973],[67.32421875,24.43256128],[67.32877088,24.43311787],[67.32896948,24.43359375],[67.33165777,24.43720627],[67.33758235,24.43971348],[67.34953403,24.43967736],[67.36402726,24.43562305],[67.36677837,24.43655396],[67.36697626,24.43359375],[67.36720777,24.43359375],[67.36861753,24.43253565],[67.37057364,24.43359375],[67.37126744,24.43359375],[67.38218105,24.43893325],[67.38591886,24.43732142],[67.39024544,24.43869841],[67.39027035,24.43917763],[67.38803935,24.44350231],[67.38717675,24.44885516],[67.38057494,24.44975805],[67.37333953,24.45633125],[67.37207723,24.45415413],[67.37017655,24.45358956],[67.36815965,24.45552504],[67.36826825,24.45671594],[67.36895025,24.46062601],[67.36448622,24.45611048],[67.35707343,24.45672417],[67.35082722,24.45485294]],[[67.36430395,24.45761514],[67.36844432,24.46270704],[67.36552894,24.46319282],[67.3607161,24.46187186],[67.36033177,24.46167314],[67.35817134,24.45826352],[67.35911512,24.45724154],[67.3594954,24.45701957],[67.36400807,24.45716393],[67.36430395,24.45761514]],[[67.3706727,24.46255481],[67.37003314,24.45545185],[67.37389433,24.45799625],[67.37607348,24.45454252],[67.38043225,24.45118403],[67.38702404,24.45035803],[67.38893783,24.44313943],[67.39090335,24.44032872],[67.39361477,24.43955851],[67.39102602,24.43762791],[67.39333582,24.43359375],[67.39382756,24.43359375],[67.39380836,24.43302333],[67.39579916,24.43254912],[67.39649725,24.43264031],[67.39841712,24.43359375],[67.40394175,24.43509054],[67.40602195,24.43908095],[67.41295624,24.44443822],[67.41327131,24.44733357],[67.40726876,24.44869936],[67.40205455,24.45261431],[67.39381838,24.45371151],[67.38952935,24.45517898],[67.38887835,24.45549762],[67.38510215,24.45834065],[67.38262582,24.46030974],[67.37803972,24.46565068],[67.37766623,24.46563375],[67.3706727,24.46255481]],[[67.42044711,24.43359375],[67.40767086,24.43121338],[67.40137434,24.42881763],[67.40139425,24.42741787],[67.40603161,24.42452586],[67.40624166,24.42278922],[67.40461075,24.42465556],[67.40043604,24.4256196],[67.39828467,24.427827],[67.396999,24.42512453],[67.40072346,24.42389822],[67.39299977,24.4178822],[67.38850403,24.41052985],[67.37135136,24.40548456],[67.36796784,24.40389884],[67.36760867,24.40308952],[67.3679409,24.40273345],[67.36900306,24.40239942],[67.38569725,24.40255845],[67.38779104,24.40090835],[67.38750005,24.39638281],[67.39216936,24.39639676],[67.39962184,24.39442062],[67.41100466,24.38859391],[67.4114114,24.38850272],[67.41216791,24.38884008],[67.41566277,24.39312696],[67.41606796,24.39494812],[67.41068804,24.39806211],[67.41034996,24.39969313],[67.41814256,24.40621173],[67.42898214,24.41063714],[67.43521297,24.41762531],[67.43748081,24.41841304],[67.43779635,24.41590035],[67.43589544,24.41622472],[67.43072915,24.41024494],[67.41966915,24.40574026],[67.41153145,24.39932632],[67.41609275,24.39706016],[67.41688597,24.39572096],[67.41701186,24.39490664],[67.41667914,24.39304507],[67.41330147,24.38909173],[67.41322863,24.38825047],[67.41367984,24.38796556],[67.41435063,24.38796544],[67.42242003,24.39165962],[67.42759657,24.39092255],[67.42965245,24.38914692],[67.42930508,24.38673866],[67.42671001,24.38354731],[67.4278934,24.37722707],[67.42824507,24.37704515],[67.43325305,24.38124073],[67.43782687,24.37790895],[67.43794751,24.37787485],[67.44024491,24.3799932],[67.44413686,24.38276196],[67.44877672,24.38479614],[67.44912732,24.38503826],[67.44763041,24.39172256],[67.4496839,24.39165127],[67.44924498,24.38683963],[67.45184505,24.3846004],[67.44535947,24.38220274],[67.43944633,24.37789261],[67.43930805,24.37764871],[67.43925905,24.37671316],[67.43999875,24.37541974],[67.43999696,24.37488246],[67.43674445,24.36968017],[67.43674326,24.36917734],[67.43748081,24.36453295],[67.43756235,24.36450446],[67.44005084,24.36419463],[67.44074798,24.36431158],[67.44308913,24.36593175],[67.44326794,24.36857772],[67.44679177,24.37329316],[67.45031714,24.37377036],[67.45410991,24.37665844],[67.45648921,24.37688637],[67.45821548,24.37654245],[67.46437097,24.3731811],[67.46484625,24.37325335],[67.46623766,24.37363565],[67.47009671,24.37769091],[67.46447456,24.39372206],[67.46753383,24.39890003],[67.46663523,24.40072656],[67.46283865,24.40287888],[67.46263146,24.40432596],[67.46471918,24.40767825],[67.46711123,24.40808225],[67.46600378,24.41501141],[67.46687222,24.42081273],[67.46461487,24.42314518],[67.45407462,24.42026985],[67.4401679,24.42195725],[67.43227005,24.42580664],[67.43237054,24.42893934],[67.42962635,24.43359375],[67.42919695,24.43359375],[67.42919695,24.43401217],[67.42843068,24.43470967],[67.42511523,24.43468046],[67.42153442,24.43359375],[67.42044711,24.43359375]],[[67.43819606,24.37648118],[67.43312633,24.37975395],[67.43145824,24.37913942],[67.4300611,24.37616706],[67.42673743,24.37672865],[67.42517185,24.38396525],[67.42837214,24.38785493],[67.42575407,24.38977742],[67.41907406,24.38947678],[67.41520715,24.38626576],[67.41491127,24.3839339],[67.41436398,24.38387156],[67.41218686,24.38555658],[67.40021694,24.39097345],[67.39675152,24.3922559],[67.38965094,24.39366472],[67.38691032,24.39232886],[67.37667727,24.39083564],[67.37467158,24.39016223],[67.37385213,24.38934386],[67.37063813,24.38438845],[67.37192166,24.38245511],[67.37228668,24.38223445],[67.37985742,24.38166642],[67.38485742,24.37937427],[67.38562155,24.37925851],[67.38999605,24.37956286],[67.39101303,24.37539935],[67.39509475,24.37629986],[67.39946234,24.37160075],[67.40685165,24.37024271],[67.40745771,24.36765492],[67.40725195,24.36735797],[67.40576565,24.36960161],[67.39885485,24.37099433],[67.39458394,24.375705],[67.39023054,24.37479985],[67.38952291,24.37879455],[67.38562083,24.37842023],[67.38485801,24.37853575],[67.37985921,24.38082814],[67.37228501,24.38140214],[67.36883676,24.38361716],[67.36841726,24.38342035],[67.36825514,24.38039017],[67.36661804,24.37955916],[67.36552584,24.37800932],[67.36234498,24.37318826],[67.36147535,24.37030447],[67.36147058,24.36963356],[67.36190248,24.36781597],[67.36930728,24.36060286],[67.37176025,24.35281181],[67.37225676,24.35214663],[67.37283301,24.35191154],[67.37662983,24.35200942],[67.37735677,24.35222805],[67.38150036,24.35447526],[67.38305748,24.35552323],[67.38568938,24.35960793],[67.38582122,24.35917914],[67.38472247,24.35614526],[67.38437212,24.35570693],[67.38049471,24.35271645],[67.37661087,24.35115743],[67.37063026,24.35112405],[67.36975884,24.34687757],[67.38667715,24.33852232],[67.39789116,24.33144712],[67.40212083,24.32663345],[67.40537906,24.32484305],[67.40714025,24.32435334],[67.40752971,24.32440746],[67.41166675,24.32624292],[67.41249526,24.32639766],[67.41964436,24.32648051],[67.42166877,24.32729077],[67.42267776,24.32840645],[67.42270732,24.32919347],[67.41742015,24.33524287],[67.41683471,24.33631241],[67.41679144,24.33963776],[67.42368877,24.34408486],[67.42827404,24.34873748],[67.43223906,24.35008526],[67.43400395,24.35196745],[67.43424821,24.35839856],[67.43656886,24.36313391],[67.43490851,24.36967587],[67.43880224,24.37415326],[67.43902278,24.37494814],[67.43819606,24.37648118]],[[67.37776446,24.33227193],[67.36772132,24.33683515],[67.36304653,24.33668065],[67.35858285,24.33736396],[67.35086226,24.33998752],[67.34579515,24.33900166],[67.34415174,24.33211768],[67.34460604,24.32836437],[67.34655654,24.32697022],[67.35131514,24.32806146],[67.35325861,24.32751811],[67.35305595,24.32711065],[67.34806442,24.32592225],[67.34686065,24.32592201],[67.34502494,24.32675886],[67.34362745,24.32807851],[67.34342361,24.32845044],[67.3442167,24.33884084],[67.34039521,24.33978581],[67.33957374,24.33978987],[67.33658338,24.33839798],[67.3319087,24.33471954],[67.32421875,24.33287966],[67.32238817,24.33283806],[67.31515324,24.33006203],[67.31432915,24.32799423],[67.31609523,24.32609713],[67.31139195,24.32726347],[67.31069672,24.32565248],[67.31156397,24.32384336],[67.31322837,24.32311678],[67.31835186,24.32328486],[67.32000005,24.32142282],[67.32186365,24.32211745],[67.32261252,24.31842577],[67.32005966,24.31914592],[67.31918871,24.31698096],[67.31193101,24.31218624],[67.30761361,24.31213915],[67.30273068,24.30983353],[67.30169737,24.30371261],[67.29656005,24.30229402],[67.29747117,24.30030465],[67.29680502,24.29635632],[67.30031204,24.29830992],[67.30067456,24.30041277],[67.30407345,24.29811835],[67.30710375,24.29875982],[67.30913281,24.3009032],[67.30751085,24.30608857],[67.30881584,24.30900443],[67.30963445,24.30883992],[67.30853295,24.30581975],[67.31056654,24.30145657],[67.30886674,24.29859805],[67.30226016,24.29407585],[67.30257726,24.29171967],[67.30043113,24.28643274],[67.30109465,24.28373158],[67.29962754,24.28194761],[67.30430198,24.27561474],[67.30449355,24.27052975],[67.30878961,24.26522398],[67.30873585,24.26131618],[67.31090891,24.2578125],[67.31137896,24.2578125],[67.31669664,24.25391757],[67.31769323,24.25101244],[67.32363308,24.25050282],[67.32916033,24.24833155],[67.33078694,24.25112855],[67.33295202,24.25014496],[67.33356798,24.25182188],[67.33609211,24.25164485],[67.34224176,24.25798953],[67.34520864,24.26068473],[67.34615743,24.26197195],[67.35339534,24.27373636],[67.35971046,24.27926743],[67.36750031,24.28112507],[67.36975467,24.28976583],[67.37005246,24.28988647],[67.37016952,24.28498936],[67.36885846,24.2805407],[67.37190545,24.27689028],[67.37386584,24.27669024],[67.37308252,24.27566028],[67.37509668,24.27368796],[67.37574017,24.27378583],[67.37956607,24.27485955],[67.38845634,24.28110957],[67.38835216,24.28863502],[67.39229763,24.29394531],[67.3955996,24.29648626],[67.39630783,24.29673302],[67.39866614,24.29627836],[67.40104938,24.29113925],[67.40152514,24.29063284],[67.40745378,24.28686786],[67.40810502,24.28688633],[67.40985584,24.28741395],[67.41100395,24.28918171],[67.41099334,24.29615951],[67.41220701,24.2988497],[67.41246736,24.29908431],[67.41508055,24.30015945],[67.41544175,24.30015755],[67.41901696,24.29880333],[67.42011344,24.29809546],[67.422369,24.29284668],[67.43268228,24.291646],[67.43828726,24.29476607],[67.43845832,24.29522896],[67.43619943,24.29899836],[67.43532968,24.30365825],[67.43525946,24.3037436],[67.43061674,24.30605066],[67.42424941,24.30672991],[67.41950023,24.3084414],[67.41689217,24.30968046],[67.41241074,24.31320548],[67.40760052,24.31364775],[67.39605081,24.31896734],[67.38873804,24.32529974],[67.38423836,24.3285501],[67.37776446,24.33227193]],[[67.42913485,24.30856514],[67.43739235,24.30518722],[67.44416392,24.30532682],[67.44447136,24.30520308],[67.44959903,24.29986966],[67.45590985,24.29930186],[67.46189105,24.30211914],[67.46870267,24.29957485],[67.46957767,24.29963791],[67.4701246,24.30024385],[67.47010863,24.30365443],[67.4673866,24.30769408],[67.46637607,24.31191385],[67.46771908,24.31877434],[67.46764874,24.31905413],[67.46704543,24.32072747],[67.46682084,24.32106781],[67.46052945,24.32631135],[67.45162904,24.3349179],[67.45057487,24.33546364],[67.44925046,24.33552456],[67.44676852,24.32957554],[67.44616926,24.32127035],[67.4389503,24.31523836],[67.43155885,24.31453431],[67.42364061,24.32028091],[67.41598415,24.31663346],[67.41519058,24.31595874],[67.41657817,24.31346011],[67.4221096,24.31005394],[67.42277884,24.30977392],[67.42913485,24.30856514]],[[67.41633844,24.29789281],[67.41461527,24.29852927],[67.41313505,24.29645503],[67.4127624,24.28765035],[67.40992355,24.28441465],[67.40798116,24.28355324],[67.40287685,24.28412747],[67.40248072,24.28399467],[67.39826357,24.28146756],[67.39813817,24.2808007],[67.39827478,24.28022611],[67.40120316,24.2723937],[67.40340996,24.27019846],[67.40574706,24.26959383],[67.40880024,24.27057874],[67.4112519,24.26906812],[67.41052616,24.26146531],[67.41292465,24.26184332],[67.41707826,24.26471996],[67.42761755,24.26435447],[67.42794514,24.26423442],[67.42779052,24.2578125],[67.42754745,24.2578125],[67.42757976,24.25655687],[67.42989278,24.25169313],[67.43452191,24.2578125],[67.4358021,24.26042378],[67.43588412,24.2607913],[67.43660402,24.26866114],[67.43209565,24.27138853],[67.43121004,24.27261567],[67.43088245,24.27362382],[67.43000162,24.27889204],[67.4317348,24.28166771],[67.43173575,24.28500903],[67.43061757,24.28752506],[67.42975056,24.28920793],[67.4291712,24.28960562],[67.42739964,24.28982377],[67.42540145,24.28930604],[67.42490554,24.2884593],[67.42449272,24.28865504],[67.42331076,24.28924775],[67.41821516,24.29597604],[67.41633844,24.29789281]],[[67.43925226,24.25738215],[67.43214607,24.24977851],[67.42921817,24.24498415],[67.43570244,24.24937522],[67.44037592,24.25029421],[67.44608796,24.24864018],[67.45210445,24.2524755],[67.45568764,24.25258458],[67.45643675,24.25248086],[67.46045315,24.25043905],[67.46487892,24.24670827],[67.46468675,24.24264598],[67.46986926,24.24169457],[67.47276282,24.24291253],[67.47432065,24.24734926],[67.47657645,24.24920273],[67.47905242,24.24865091],[67.48031795,24.24582517],[67.47917986,24.24129653],[67.48478043,24.23703957],[67.48531175,24.23693037],[67.48887408,24.23805726],[67.48920393,24.23839855],[67.48979735,24.24169517],[67.48785114,24.24951112],[67.48785102,24.25020742],[67.48891377,24.25434744],[67.48685455,24.2578125],[67.48653722,24.2578125],[67.48443615,24.26092482],[67.48223472,24.26771486],[67.47755182,24.26393235],[67.47112513,24.2642976],[67.46784615,24.26668894],[67.46518385,24.27193964],[67.462327,24.27464175],[67.46206415,24.27481437],[67.4576236,24.2770344],[67.45395112,24.27755535],[67.45004761,24.27755582],[67.44389916,24.27703524],[67.43528914,24.27497137],[67.44008625,24.26854026],[67.44116926,24.26451767],[67.44091487,24.26101887],[67.43947005,24.2578125],[67.43925226,24.25738215]],[[67.42807162,24.24976075],[67.42663026,24.2578125],[67.4265666,24.2578125],[67.4274224,24.26231265],[67.42734635,24.26286542],[67.42612541,24.26362693],[67.41707826,24.26389372],[67.41292298,24.26100504],[67.4111098,24.26038456],[67.41046345,24.26069677],[67.40975845,24.26174665],[67.40992844,24.26866293],[67.40954184,24.26914763],[67.40867925,24.26949203],[67.40587378,24.26848757],[67.40381992,24.26875091],[67.40313125,24.26900542],[67.40017486,24.272475],[67.39700592,24.28098214],[67.39464974,24.28287494],[67.39211714,24.28226805],[67.38422954,24.2735604],[67.37788451,24.27069426],[67.37186301,24.27243745],[67.37053275,24.2747246],[67.36564553,24.27871644],[67.36513341,24.2785536],[67.35606301,24.27191925],[67.34891307,24.25989807],[67.34823763,24.2578125],[67.3483392,24.25711334],[67.35547566,24.25162923],[67.36143243,24.24706018],[67.36188126,24.24678922],[67.37609971,24.23996413],[67.39900315,24.23987925],[67.40421176,24.23720074],[67.41793942,24.23876822],[67.41881621,24.23737705],[67.42064393,24.23709786],[67.42228305,24.23203492],[67.42241788,24.23140252],[67.42347872,24.22420955],[67.42211235,24.22014141],[67.42246234,24.21689165],[67.42279875,24.21689415],[67.42442465,24.21886373],[67.42534721,24.22483122],[67.42391145,24.23998034],[67.42807162,24.24976075]],[[67.40011907,24.28295386],[67.40290451,24.28498864],[67.40797663,24.2843914],[67.40974665,24.28506768],[67.40941071,24.28539431],[67.40410626,24.28687966],[67.39642763,24.29452002],[67.39583588,24.29470754],[67.39067733,24.28945625],[67.39050365,24.28885198],[67.39126241,24.28496075],[67.39176583,24.28454041],[67.39737034,24.28293133],[67.40011907,24.28295386]],[[67.29529965,24.32315612],[67.29792261,24.3280766],[67.29813266,24.32898867],[67.29724956,24.32931006],[67.29483557,24.32796216],[67.29292417,24.32764745],[67.29261506,24.32598317],[67.2928555,24.3249284],[67.29529965,24.32315612]],[[67.36080217,24.35149443],[67.36246371,24.35202885],[67.36295354,24.35225451],[67.36314964,24.35358298],[67.36302185,24.353935],[67.35775495,24.36199868],[67.35627234,24.36774683],[67.35993588,24.38280106],[67.36072576,24.38476217],[67.36031115,24.38627434],[67.35979736,24.38661456],[67.35824227,24.38587201],[67.35562098,24.38280594],[67.35330451,24.38230312],[67.35003877,24.38331175],[67.34839487,24.38590682],[67.34191871,24.38581944],[67.33957696,24.38152003],[67.33647323,24.38037515],[67.3326565,24.38077807],[67.32421875,24.38551605],[67.31603956,24.38332975],[67.30923045,24.37985623],[67.3088932,24.37963402],[67.30861926,24.37744451],[67.31080544,24.36976075],[67.31753957,24.36789668],[67.31334877,24.36405218],[67.30923676,24.36212444],[67.30918503,24.36151755],[67.3094635,24.36117816],[67.31365454,24.36055815],[67.32421875,24.36052942],[67.32598877,24.36127853],[67.32647872,24.36126244],[67.32969356,24.36057556],[67.33119094,24.36003256],[67.33576047,24.35704196],[67.33730793,24.35742974],[67.3491348,24.35413027],[67.35445261,24.35436964],[67.36080217,24.35149443]],[[67.30701411,24.38235128],[67.3150897,24.38567698],[67.31560576,24.38581634],[67.32273722,24.38723695],[67.32421875,24.38724256],[67.32807386,24.38668883],[67.32905173,24.38631666],[67.33486283,24.38226986],[67.33585966,24.38190734],[67.33767355,24.38203847],[67.33823967,24.38257456],[67.34063065,24.38580966],[67.34234405,24.39241898],[67.34062481,24.39575458],[67.34086335,24.39767575],[67.34232664,24.39874804],[67.35162914,24.39751482],[67.35539472,24.40364933],[67.34395111,24.40962946],[67.33723283,24.41467631],[67.33432591,24.4163537],[67.32730854,24.41931558],[67.32421875,24.41987407],[67.32359946,24.41995084],[67.31565154,24.41322541],[67.31261218,24.41325605],[67.30813706,24.41541195],[67.30786276,24.41509926],[67.30847144,24.41088533],[67.31450415,24.40621305],[67.30969584,24.40191603],[67.31092012,24.39915693],[67.31008208,24.39263904],[67.31081986,24.39056134],[67.31004596,24.3857367],[67.30757642,24.38449264],[67.30680954,24.38260758],[67.30701411,24.38235128]],[[67.30401444,24.40333641],[67.30638886,24.40454972],[67.31104934,24.40435636],[67.30949867,24.40842593],[67.30777061,24.40838933],[67.30433035,24.40755844],[67.30313635,24.40479422],[67.30356026,24.40363503],[67.30401444,24.40333641]],[[67.31440926,24.41691911],[67.32236815,24.42202997],[67.32421875,24.42229712],[67.32683134,24.422104],[67.33655393,24.41875422],[67.34743857,24.41093767],[67.35445642,24.40772843],[67.35553825,24.40779984],[67.36100602,24.40826964],[67.36559045,24.41047287],[67.36760497,24.40994954],[67.37344766,24.41176331],[67.38546646,24.41761482],[67.38748705,24.41941321],[67.3879441,24.42103255],[67.38704252,24.42784417],[67.38449538,24.42937923],[67.38125432,24.42993081],[67.38044631,24.42979264],[67.37745607,24.42636883],[67.37347746,24.42500377],[67.37171185,24.42530727],[67.36425173,24.42951643],[67.36170042,24.43359375],[67.36145926,24.43359375],[67.36090136,24.43441367],[67.35794103,24.43560255],[67.35541975,24.43601096],[67.34019721,24.43652308],[67.33601391,24.43713856],[67.33470416,24.43666792],[67.33142161,24.43359375],[67.33171511,24.43359375],[67.33178985,24.4305588],[67.32878292,24.43122315],[67.32421875,24.42991602],[67.32263935,24.42943788],[67.31506908,24.42878354],[67.31130028,24.42766786],[67.30694056,24.42391396],[67.30708945,24.42362666],[67.30740333,24.42329013],[67.30774343,24.42247248],[67.30869937,24.422001],[67.31045735,24.42253006],[67.31113136,24.42053986],[67.31156075,24.42029333],[67.31316924,24.42042732],[67.31408143,24.41696894],[67.31440926,24.41691911]],[[67.38934696,24.42401075],[67.38910603,24.42275524],[67.38967133,24.42287815],[67.39202166,24.42444444],[67.39198363,24.42503262],[67.38972485,24.4242866],[67.38934696,24.42401075]],[[67.38135505,24.41361654],[67.38170075,24.41355336],[67.38204265,24.41366553],[67.38237238,24.41386545],[67.38269544,24.41418016],[67.38303244,24.41457295],[67.38348115,24.41497874],[67.38391626,24.41528392],[67.3842566,24.41557515],[67.3844372,24.41587305],[67.38446534,24.41619325],[67.3823626,24.41493416],[67.38203943,24.41484272],[67.38170075,24.4147011],[67.38135564,24.4145081],[67.38109624,24.41421115],[67.38109612,24.41387796],[67.38135505,24.41361654]],[[67.37865114,24.41242385],[67.37541664,24.40939212],[67.37682354,24.4093765],[67.38010526,24.41203225],[67.37956381,24.41234624],[67.37865114,24.41242385]],[[67.35624325,24.40308011],[67.35322404,24.39746487],[67.35234475,24.39665985],[67.35172081,24.39653766],[67.34646296,24.39785075],[67.34152174,24.39740336],[67.34115517,24.39631963],[67.34356797,24.39285374],[67.34198773,24.38760757],[67.34948862,24.38721788],[67.35105455,24.38434732],[67.35389197,24.38381565],[67.35800683,24.38970196],[67.36445415,24.38897204],[67.37718153,24.39459813],[67.38549972,24.39610755],[67.38601041,24.39630723],[67.38675237,24.39801335],[67.38702714,24.40033233],[67.3868947,24.40082514],[67.38607121,24.40158367],[67.38445282,24.40202677],[67.38334405,24.40217292],[67.37785625,24.401178],[67.37450755,24.40227175],[67.36905134,24.40157664],[67.36449885,24.40303791],[67.35814095,24.40292025],[67.35712087,24.40366435],[67.35624325,24.40308011]],[[67.26370907,24.46507835],[67.26694107,24.46687377],[67.26767147,24.46517503],[67.27019668,24.46608508],[67.27017045,24.46680796],[67.26997554,24.46703243],[67.26582944,24.46908736],[67.26104033,24.46532714],[67.26113391,24.46493661],[67.26324987,24.46471691],[67.26370907,24.46507835]],[[67.26672161,24.47358143],[67.26580965,24.47359025],[67.26544964,24.47023725],[67.26591396,24.46997333],[67.26721024,24.47018015],[67.26746607,24.47048855],[67.26751566,24.47315156],[67.26672161,24.47358143]],[[67.260288,24.47328615],[67.26058042,24.47478485],[67.25967526,24.47942615],[67.25247383,24.48386848],[67.25275433,24.48178375],[67.25936794,24.47796452],[67.25579894,24.47519815],[67.25972486,24.47320986],[67.260288,24.47328615]],[[67.27701163,24.49515331],[67.27811015,24.49503446],[67.27989733,24.49549615],[67.27990544,24.49833918],[67.28114605,24.49860597],[67.28095055,24.49569178],[67.28406131,24.49513948],[67.28446186,24.49069285],[67.28717124,24.48761642],[67.28809357,24.48967505],[67.28997064,24.49064434],[67.29229474,24.48753083],[67.29584014,24.48641491],[67.29847515,24.48354757],[67.30441582,24.48405504],[67.31310105,24.48107457],[67.31356525,24.48119485],[67.31575727,24.48480225],[67.31591642,24.48897445],[67.31817543,24.49523854],[67.31804216,24.49567235],[67.31046534,24.50269115],[67.30417311,24.50477171],[67.30199695,24.50683594],[67.3023355,24.51369715],[67.30117667,24.51596391],[67.29479313,24.51509786],[67.29186475,24.51696885],[67.29130638,24.51773667],[67.28931022,24.52502275],[67.28817785,24.52582431],[67.28215253,24.51324105],[67.28320062,24.51043284],[67.28077435,24.50927532],[67.27107644,24.50952756],[67.26703203,24.51235616],[67.26591825,24.5098387],[67.26338637,24.50862205],[67.26925063,24.49906695],[67.27016962,24.49824846],[67.27701163,24.49515331]],[[67.24476194,24.51049244],[67.24407303,24.51067734],[67.24121833,24.50955701],[67.24060094,24.50901043],[67.24050915,24.50837874],[67.24241138,24.50756836],[67.24282682,24.50772202],[67.24515724,24.51019525],[67.24476194,24.51049244]],[[67.27059484,24.51072574],[67.27101231,24.51064801],[67.27219236,24.51194835],[67.27159166,24.51405072],[67.27120864,24.51532686],[67.27054405,24.51645184],[67.26726735,24.51816416],[67.26402605,24.51301253],[67.26414633,24.5126605],[67.2675457,24.51338506],[67.27059484,24.51072574]],[[67.25253618,24.52067995],[67.25285804,24.52074063],[67.25766611,24.52672994],[67.26250625,24.52945995],[67.255162,24.53270042],[67.25140905,24.54018486],[67.24952698,24.54076147],[67.24601817,24.53923094],[67.24476123,24.53675604],[67.24879456,24.52347982],[67.25253618,24.52067995]],[[67.34758794,24.23347545],[67.34735656,24.23287332],[67.34826672,24.22828364],[67.34436524,24.2290107],[67.34102654,24.22698724],[67.33982778,24.22134495],[67.34276605,24.21942425],[67.34418905,24.21928394],[67.34468555,24.21986437],[67.346264,24.22453964],[67.34631085,24.22047794],[67.34920204,24.21487284],[67.34582782,24.21155465],[67.35079503,24.20532715],[67.34742904,24.20684636],[67.34438348,24.21296656],[67.34321821,24.21379817],[67.34275293,24.21406198],[67.33627295,24.21421528],[67.33431876,24.21274746],[67.33637762,24.20963645],[67.33616543,24.20762885],[67.33731294,24.20748866],[67.33647895,24.20300746],[67.33683205,24.20222235],[67.34094024,24.19417465],[67.34607327,24.19048285],[67.34847212,24.18348253],[67.36317253,24.18216908],[67.36629581,24.18089032],[67.37293112,24.17484725],[67.38275826,24.17327285],[67.38525784,24.1773988],[67.38899314,24.17903411],[67.39046395,24.18073475],[67.38990402,24.18146312],[67.38774765,24.18327892],[67.38389254,24.18437946],[67.37925935,24.18429351],[67.37399495,24.18977571],[67.36990237,24.19089556],[67.36673045,24.19327951],[67.36460423,24.19656813],[67.36572015,24.20493567],[67.36976922,24.21101844],[67.37279344,24.21231866],[67.37360001,24.21839571],[67.37177432,24.22048795],[67.36410356,24.22289765],[67.35979366,24.22539413],[67.35939527,24.22564316],[67.35769844,24.22803342],[67.35419655,24.23379755],[67.35004067,24.23497915],[67.34758794,24.23347545]],[[67.38626003,24.18448174],[67.39015615,24.18321204],[67.39139616,24.17938077],[67.39128435,24.17897463],[67.38608134,24.17651761],[67.38272011,24.17234516],[67.37936151,24.17221642],[67.37081671,24.17442191],[67.36832023,24.17738795],[67.36685646,24.17660451],[67.36613417,24.17401266],[67.36679566,24.17084205],[67.36848283,24.17017984],[67.36833096,24.16970181],[67.3678689,24.16969395],[67.36644626,24.17010152],[67.36461902,24.17285097],[67.36407566,24.17589772],[67.36323571,24.17643785],[67.3624686,24.17615438],[67.35635257,24.17203534],[67.3555665,24.16687262],[67.35599995,24.16620505],[67.3611418,24.16277325],[67.36440945,24.15839255],[67.36635804,24.15926015],[67.36556923,24.16246748],[67.36671984,24.16424418],[67.3669821,24.15916455],[67.36664414,24.15794766],[67.36399531,24.15734208],[67.35716248,24.16504586],[67.35581756,24.16505134],[67.35446382,24.1644392],[67.35309935,24.16143513],[67.35319066,24.16113734],[67.35557413,24.15561783],[67.36264193,24.15224016],[67.36343884,24.14804661],[67.36599076,24.14782906],[67.367962,24.14627063],[67.37308145,24.14585292],[67.37338436,24.14391172],[67.37164485,24.14221025],[67.37242091,24.14061737],[67.37414575,24.14064014],[67.37451661,24.13757896],[67.38149047,24.13572252],[67.3881216,24.13172984],[67.39198256,24.13561654],[67.39605534,24.13538563],[67.39786935,24.1366595],[67.40056455,24.14103246],[67.39793134,24.14547145],[67.40200365,24.14634705],[67.40352464,24.14791954],[67.40384972,24.14582825],[67.40083396,24.14284086],[67.40271473,24.14132452],[67.40297234,24.14034331],[67.40271246,24.13991594],[67.40008557,24.13799465],[67.39845073,24.13461876],[67.39771044,24.13422275],[67.39283872,24.13459885],[67.39158642,24.13402295],[67.39042664,24.13244653],[67.39065325,24.1309725],[67.39106393,24.13068378],[67.39769244,24.12809634],[67.40062034,24.12786138],[67.40138686,24.12798083],[67.41248643,24.13094151],[67.42659652,24.13138318],[67.42719924,24.13176346],[67.43010092,24.13757241],[67.42200816,24.14340591],[67.41906154,24.1464771],[67.41557324,24.15194237],[67.41537344,24.15253007],[67.41448188,24.15608835],[67.41507733,24.15749395],[67.41772652,24.16045105],[67.41956103,24.16034186],[67.42103946,24.16112602],[67.42132425,24.16168988],[67.42137182,24.16245484],[67.41769373,24.17249656],[67.41753995,24.17283475],[67.41207385,24.18276584],[67.41152322,24.18341267],[67.4086498,24.18435693],[67.40457034,24.18418133],[67.40381122,24.18435931],[67.38828564,24.18697143],[67.38549113,24.18592215],[67.38522053,24.18576515],[67.3852936,24.18477047],[67.38626003,24.18448174]],[[67.42229044,24.14708233],[67.43228602,24.13922977],[67.43725586,24.14052737],[67.43728852,24.14485967],[67.44356561,24.1512444],[67.44410145,24.15268147],[67.44360721,24.15326381],[67.44120204,24.15410483],[67.44044256,24.15422213],[67.437168,24.15381372],[67.43418837,24.14881933],[67.4312402,24.14810932],[67.42824614,24.14963615],[67.42189193,24.15876114],[67.41940284,24.15812516],[67.41715336,24.15716946],[67.41694784,24.15674365],[67.41730583,24.15399814],[67.42027664,24.14943516],[67.42229044,24.14708233]],[[67.44011283,24.14332151],[67.44064331,24.14299595],[67.44280064,24.14579427],[67.44295955,24.14609206],[67.4424026,24.14740634],[67.44025898,24.14459121],[67.44011283,24.14332151]],[[67.43464458,24.13670325],[67.43376064,24.13535178],[67.43454075,24.13547635],[67.43752432,24.13713765],[67.4372977,24.13745737],[67.43464458,24.13670325]],[[67.43687296,24.13545537],[67.43425155,24.13397503],[67.42760873,24.1277585],[67.42868876,24.12210536],[67.42760622,24.11936355],[67.42774403,24.11897445],[67.42926025,24.11773574],[67.43346536,24.11777568],[67.44268572,24.11922598],[67.44545996,24.12083125],[67.44538891,24.12509692],[67.44285798,24.12798226],[67.44169116,24.13012338],[67.43965697,24.13588798],[67.43902397,24.13654757],[67.43687296,24.13545537]],[[67.42640424,24.12509322],[67.42433763,24.12751114],[67.42109275,24.12748075],[67.41819346,24.12689686],[67.41360784,24.12521613],[67.41330314,24.12507176],[67.41033876,24.12266064],[67.40708125,24.12380731],[67.40141738,24.12285471],[67.39926016,24.12285936],[67.39530015,24.12326491],[67.39161777,24.12435961],[67.38584995,24.12786758],[67.38449705,24.12827575],[67.37204123,24.12733102],[67.37054014,24.12801516],[67.37019753,24.12797105],[67.36813605,24.12386906],[67.36814106,24.12182868],[67.37048066,24.11868405],[67.37075686,24.11841953],[67.37441242,24.11667717],[67.3737992,24.11526251],[67.37589598,24.10993791],[67.37698185,24.11117136],[67.37887061,24.10842991],[67.37879455,24.10131872],[67.37735665,24.0991981],[67.37733364,24.09386075],[67.37596774,24.09136546],[67.37621617,24.09076643],[67.37752092,24.09015083],[67.37984335,24.09173644],[67.38276601,24.09015811],[67.38650405,24.09306502],[67.38607407,24.09014392],[67.38158214,24.08721137],[67.38169146,24.08203125],[67.38189685,24.08203125],[67.38189685,24.08161271],[67.38296497,24.08063614],[67.38718843,24.07977796],[67.38834274,24.07773495],[67.3900516,24.07686496],[67.39072251,24.07664716],[67.39545214,24.07720232],[67.39921606,24.07598662],[67.40019405,24.07611835],[67.40177774,24.07695234],[67.40173328,24.08203125],[67.40247965,24.08203125],[67.40439606,24.08379376],[67.40618014,24.08859241],[67.40719497,24.08951426],[67.4099617,24.09101701],[67.41547418,24.09312618],[67.41695261,24.09339905],[67.42703557,24.09348345],[67.42926335,24.09494746],[67.42794645,24.10644901],[67.4289664,24.11524916],[67.4262433,24.11878812],[67.42657614,24.12446046],[67.42640424,24.12509322]],[[67.35184646,24.15820336],[67.35166955,24.15858567],[67.34952581,24.15746236],[67.34908974,24.15778005],[67.34915686,24.15847075],[67.35142088,24.1598016],[67.35134804,24.16009307],[67.34851432,24.16247094],[67.34790397,24.16270185],[67.34581184,24.161237],[67.34539282,24.15766275],[67.34647346,24.15526056],[67.34717691,24.15421522],[67.35041904,24.15229845],[67.35173225,24.15359926],[67.35184646,24.15820336]],[[67.34249628,24.16253436],[67.34445286,24.16599751],[67.34736645,24.16496766],[67.35458493,24.16689753],[67.35573924,24.17259455],[67.36271894,24.17705464],[67.36388385,24.18040836],[67.36361134,24.18105996],[67.34954512,24.18172038],[67.34520507,24.18333375],[67.34238315,24.18579447],[67.34050953,24.18124366],[67.34068525,24.17819095],[67.33580613,24.17561865],[67.33509076,24.17458785],[67.33496225,24.17399073],[67.33939445,24.16491532],[67.34159935,24.16445947],[67.34249628,24.16253436]],[[67.32724595,24.21247792],[67.32643676,24.21429181],[67.32723057,24.21616435],[67.32644737,24.21998394],[67.32624841,24.22042155],[67.32457447,24.22039688],[67.32505715,24.22610044],[67.32319737,24.22921765],[67.32285297,24.22946048],[67.32196665,24.22829235],[67.31693077,24.22730327],[67.31670022,24.22693515],[67.31832755,24.22399461],[67.31765652,24.22155702],[67.31790173,24.22088015],[67.31980896,24.21855772],[67.31870306,24.20657742],[67.32037783,24.20582712],[67.32292044,24.20616317],[67.32666683,24.20633924],[67.32709384,24.20718396],[67.32724595,24.21247792]],[[67.31949794,24.22939134],[67.32078707,24.23000264],[67.32055986,24.23138416],[67.31685567,24.23335898],[67.31851673,24.22947776],[67.31949794,24.22939134]],[[67.44904697,24.0639832],[67.44923246,24.06228697],[67.44885731,24.06209922],[67.44424021,24.06238282],[67.44137502,24.06134892],[67.43520284,24.0571351],[67.42386258,24.05610645],[67.4235177,24.05592036],[67.42308545,24.05247831],[67.41373456,24.04330361],[67.41140044,24.04417825],[67.41022456,24.04355872],[67.40615428,24.03686285],[67.40628982,24.04011238],[67.40376627,24.04173386],[67.40439856,24.04335988],[67.40110981,24.04504514],[67.40405273,24.04643631],[67.40692687,24.05187392],[67.40528822,24.05130446],[67.40262926,24.04733825],[67.39969587,24.04597187],[67.40082395,24.04960644],[67.39821434,24.05008006],[67.39754224,24.04764771],[67.39840913,24.04353416],[67.39719605,24.04250431],[67.39832985,24.03885245],[67.3971914,24.03757727],[67.39779866,24.03446662],[67.39934635,24.03269875],[67.4002825,24.03431058],[67.4047178,24.03073025],[67.40827525,24.02479994],[67.4075762,24.02213931],[67.40851474,24.02003121],[67.40987635,24.01997673],[67.41117966,24.02246094],[67.41047585,24.02504838],[67.41374636,24.02380264],[67.41818452,24.02601445],[67.4165529,24.02190685],[67.41119194,24.01851904],[67.41231501,24.01193333],[67.40785635,24.01005375],[67.40915072,24.00679135],[67.41096723,24.00651085],[67.41108024,24.00906873],[67.41412842,24.01019526],[67.41410685,24.01193953],[67.41681194,24.01205528],[67.41792333,24.01470995],[67.41797972,24.01209331],[67.42027926,24.00869143],[67.41865218,24.00705075],[67.41827703,24.00180364],[67.42205298,24.00156605],[67.42676246,24.00433743],[67.42839575,24.00419414],[67.42842495,24.00510502],[67.43276405,24.00624788],[67.43308413,24.00930262],[67.43575597,24.00589752],[67.4452517,24.00649941],[67.45064378,24.00915837],[67.45367181,24.00928867],[67.45445812,24.01158226],[67.45591903,24.01001704],[67.45745516,24.01167393],[67.46825755,24.01656926],[67.46761894,24.02555871],[67.46972525,24.03222442],[67.47241271,24.03633904],[67.47244692,24.04480851],[67.47164834,24.04628944],[67.46674895,24.04500794],[67.46643543,24.0454092],[67.46642125,24.04605842],[67.46803772,24.04775524],[67.46803915,24.04810321],[67.4671123,24.04963982],[67.46450222,24.05600846],[67.46437395,24.05677342],[67.46514344,24.06387484],[67.46359575,24.06287575],[67.46341133,24.06349993],[67.46304965,24.06572723],[67.46261573,24.06594706],[67.45856655,24.0672816],[67.45465624,24.06693184],[67.45140004,24.06544995],[67.44904697,24.0639832]],[[67.47164106,24.05047035],[67.47207606,24.0502665],[67.47281551,24.05052257],[67.47309828,24.05270422],[67.469702,24.05470574],[67.46733534,24.0578047],[67.46737885,24.05427015],[67.47164106,24.05047035]],[[67.49760997,24.03810442],[67.49540305,24.03367555],[67.47693527,24.02419996],[67.47575986,24.02366436],[67.47562397,24.02329886],[67.47610915,24.01225674],[67.47524917,24.00731242],[67.47501647,24.00703704],[67.46471131,24.00012195],[67.44921947,23.99494314],[67.44784665,23.99260604],[67.4478513,23.9889822],[67.44815517,23.98825991],[67.45165145,23.98570931],[67.45085502,23.98056686],[67.4513123,23.97971416],[67.45162106,23.97928905],[67.45404112,23.97634053],[67.46072102,23.97159398],[67.47197556,23.97201657],[67.48272693,23.96972692],[67.48403037,23.96970522],[67.48491085,23.97015536],[67.48497331,23.97033536],[67.48225355,23.97291493],[67.48794806,23.97216952],[67.49045181,23.9739511],[67.49845171,23.97418916],[67.49861395,23.97446144],[67.49725425,23.9825685],[67.49869943,23.99109364],[67.49564147,23.99727464],[67.49520433,24.00324345],[67.5,23.99190843],[67.5,23.99135041],[67.5,23.98688614],[67.49938965,23.98256135],[67.50008523,23.97833645],[67.50026512,23.97795546],[67.50242901,23.97592628],[67.50594294,23.97597492],[67.5134114,23.97354877],[67.51514065,23.97330117],[67.51724136,23.97352386],[67.52015924,23.97576678],[67.52012312,23.97661936],[67.51556444,23.98360026],[67.50929081,23.98954904],[67.51577055,23.98425365],[67.52204514,23.9750638],[67.52545655,23.97960222],[67.53291523,23.98176765],[67.53534853,23.98760807],[67.53876972,23.99160016],[67.54507375,23.99317098],[67.54522371,23.99288487],[67.53786647,23.98993766],[67.53292823,23.98067725],[67.52534234,23.97861314],[67.52076197,23.97006965],[67.50746298,23.97230494],[67.50050235,23.96827137],[67.5,23.96819186],[67.49653578,23.96740162],[67.49634016,23.96727133],[67.49888563,23.96499944],[67.49901807,23.96470845],[67.49789596,23.96158206],[67.49871337,23.95689905],[67.49702513,23.95096135],[67.49753082,23.94907606],[67.49964631,23.94824612],[67.49871755,23.94045782],[67.49636912,23.94017553],[67.49543035,23.93805981],[67.49421954,23.93973136],[67.49240243,23.93955314],[67.49290144,23.93548596],[67.48976636,23.92647803],[67.48694885,23.92478991],[67.48696613,23.92435431],[67.48812604,23.92410815],[67.49077153,23.92508686],[67.4910928,23.92224526],[67.49377561,23.92213845],[67.49532735,23.92004931],[67.49594474,23.91993475],[67.49717581,23.92025983],[67.49710548,23.92081487],[67.49486995,23.92349887],[67.49496472,23.92408145],[67.49613261,23.92432511],[67.49932611,23.92343593],[67.49961996,23.92308521],[67.5,23.92131686],[67.5012722,23.92005301],[67.50167143,23.92004502],[67.50550592,23.92242682],[67.50682294,23.91860461],[67.50962651,23.9215399],[67.51087761,23.91965854],[67.51498437,23.91890538],[67.51972127,23.92510736],[67.52984822,23.93084598],[67.53120935,23.92970514],[67.53370655,23.93140125],[67.53347874,23.93277216],[67.52961922,23.93390155],[67.52741516,23.93957806],[67.52533996,23.93866825],[67.52597284,23.94015586],[67.52471674,23.94136918],[67.52983606,23.94146264],[67.52906764,23.93815517],[67.53178024,23.93672454],[67.53894842,23.93982673],[67.54177928,23.93989587],[67.54294574,23.94257247],[67.54214597,23.95214844],[67.54627693,23.95693946],[67.54672635,23.95712066],[67.55055821,23.95810091],[67.55115771,23.95808804],[67.55815077,23.95584106],[67.56162715,23.95005584],[67.56105435,23.9479748],[67.56389606,23.94779766],[67.56389844,23.94346893],[67.57401371,23.93976188],[67.57784295,23.94005835],[67.5809046,23.94963801],[67.58523631,23.95551574],[67.59724283,23.96240175],[67.60034096,23.96626151],[67.60123944,23.97043383],[67.59895527,23.9849838],[67.60046518,23.99079776],[67.60535717,24.00040305],[67.60562313,24.01111245],[67.60790837,24.02159238],[67.60721612,24.00337994],[67.60109174,23.98878658],[67.60284424,23.97195876],[67.60228932,23.96703768],[67.59862936,23.96231711],[67.59020245,23.95530677],[67.58993423,23.95494366],[67.58429635,23.94520795],[67.58304942,23.94128227],[67.58310103,23.94088745],[67.58355856,23.94015741],[67.58652723,23.94007242],[67.58920336,23.9387964],[67.58959258,23.93851173],[67.5914762,23.93541515],[67.59146881,23.93511856],[67.59000337,23.9279865],[67.58640862,23.92560887],[67.58487081,23.92340136],[67.5824759,23.91754425],[67.58212447,23.91605794],[67.58235764,23.90477681],[67.58475506,23.90053046],[67.58192563,23.89703703],[67.58316398,23.89268768],[67.58663475,23.88993156],[67.58880055,23.88490975],[67.58884501,23.88485587],[67.59147227,23.88414443],[67.5971142,23.88141727],[67.59863865,23.88141727],[67.60232413,23.88447845],[67.605425,23.88440967],[67.60783362,23.88243771],[67.60843003,23.88365376],[67.60820293,23.88448346],[67.60553098,23.89394641],[67.60553145,23.8962841],[67.60740185,23.90431976],[67.60824335,23.90625],[67.60864246,23.90625],[67.61013687,23.90920246],[67.60865355,23.92061484],[67.61248374,23.92308164],[67.61807251,23.92315853],[67.61433566,23.9268682],[67.6134572,23.92937303],[67.61904454,23.92536747],[67.61974072,23.92338347],[67.62009275,23.92332482],[67.62085485,23.92357075],[67.62346947,23.92560136],[67.62234342,23.92964232],[67.62339926,23.93126106],[67.62382245,23.93151617],[67.6271373,23.93272626],[67.63281286,23.93224156],[67.64004087,23.93452787],[67.64017773,23.93451583],[67.64153135,23.93719065],[67.64617026,23.94118726],[67.64662397,23.94145811],[67.66429353,23.94897175],[67.66716361,23.95234537],[67.66615486,23.95739031],[67.66641438,23.95777071],[67.66987097,23.95497203],[67.67016065,23.95515025],[67.67341804,23.96027911],[67.67581332,23.96595252],[67.67513895,23.96830344],[67.65603304,23.97875774],[67.65245736,23.97973955],[67.64880872,23.98302126],[67.65332484,23.98020005],[67.65560734,23.98003471],[67.65617371,23.98378694],[67.65449822,23.99038815],[67.65892506,23.9974668],[67.66093945,23.99938607],[67.66370666,23.99944854],[67.67154944,23.99520504],[67.67525876,23.99548054],[67.67830765,23.99421287],[67.67963088,23.9955765],[67.67974854,24.00097644],[67.68140757,24.00248158],[67.69546127,24.00664413],[67.69983745,24.01007187],[67.7022258,24.01015985],[67.70625246,24.00816858],[67.70665991,24.01196754],[67.70792651,24.01384747],[67.70826435,24.01411426],[67.71729136,24.01578331],[67.71765661,24.01593626],[67.71788275,24.01624536],[67.71762216,24.01936901],[67.71813583,24.02050984],[67.7192595,24.02196395],[67.72116911,24.02328098],[67.72520065,24.02518237],[67.72826636,24.02567005],[67.73000777,24.02374518],[67.73323154,24.02268446],[67.73628104,24.02370644],[67.73685741,24.02436495],[67.73759687,24.02587748],[67.73766315,24.02651894],[67.7338438,24.03813565],[67.73384356,24.0391469],[67.73597407,24.05084741],[67.73892117,24.05796266],[67.73873341,24.05896866],[67.73844194,24.05966997],[67.73544371,24.06124902],[67.73170054,24.05958736],[67.72881615,24.05196178],[67.72456872,24.04414952],[67.72112262,24.03999984],[67.72072327,24.03972793],[67.71618307,24.03767455],[67.7129364,24.03775203],[67.70798397,24.03899014],[67.70759594,24.03917432],[67.70549881,24.04155231],[67.70182514,24.04306865],[67.69757545,24.04700208],[67.69288492,24.05209172],[67.69063163,24.05559361],[67.68836784,24.06084597],[67.68745065,24.06366706],[67.68456841,24.07700014],[67.68438864,24.07750595],[67.68189526,24.08244968],[67.67836893,24.08591163],[67.67712474,24.08668447],[67.6754806,24.08697546],[67.67366421,24.08681512],[67.66955435,24.08555043],[67.66553915,24.08321905],[67.65848255,24.07771754],[67.65796757,24.07752013],[67.65427864,24.07694125],[67.65357995,24.07645452],[67.65072894,24.06212127],[67.64590454,24.05874252],[67.63916874,24.05894554],[67.63704646,24.05992126],[67.63469374,24.06319213],[67.62858856,24.06579041],[67.61183751,24.06913495],[67.59987724,24.06996381],[67.59856963,24.06871474],[67.59255171,24.06878996],[67.59094965,24.06768894],[67.58763981,24.06996334],[67.56469691,24.07335198],[67.54633844,24.07363105],[67.54166675,24.07275665],[67.52753925,24.06546915],[67.52615297,24.06417406],[67.52730131,24.06255114],[67.5191226,24.05827272],[67.51334012,24.05277526],[67.51279211,24.05010736],[67.50808716,24.04854906],[67.50250494,24.04341602],[67.49760997,24.03810442]],[[67.7365905,24.03878033],[67.74184787,24.02201772],[67.75142574,24.02011883],[67.76171744,24.01972532],[67.76579165,24.01671386],[67.76577842,24.01359224],[67.75943327,24.00460637],[67.75772953,23.99656153],[67.75273693,23.98784435],[67.76002085,23.9853847],[67.76118684,23.98049045],[67.75958204,23.97841883],[67.75180066,23.97517347],[67.74736786,23.97519696],[67.73301542,23.97986615],[67.72651446,23.9733603],[67.72140658,23.97128975],[67.71804798,23.97126114],[67.71779823,23.96597815],[67.72245741,23.96325076],[67.7296983,23.95594621],[67.73367536,23.95413804],[67.72994935,23.95455825],[67.72678065,23.95665336],[67.71958923,23.96382785],[67.71575975,23.96259427],[67.701617,23.94245362],[67.69997144,23.93627226],[67.69682574,23.93141127],[67.70465672,23.92356002],[67.70620966,23.92302537],[67.70642567,23.92312658],[67.71047795,23.93437815],[67.71351385,23.93574858],[67.71433795,23.93574905],[67.71661746,23.93521845],[67.71840334,23.93373334],[67.71841824,23.93317115],[67.71319973,23.93481505],[67.71263754,23.93442976],[67.71103275,23.93233716],[67.70877254,23.92585134],[67.70932531,23.92151856],[67.70981777,23.92032707],[67.71091855,23.91841197],[67.71298134,23.91806984],[67.71481192,23.91365015],[67.71300387,23.900527],[67.72299194,23.89280534],[67.72949851,23.88938713],[67.73420393,23.88044155],[67.73307526,23.87645626],[67.73320818,23.87618434],[67.73700082,23.87416124],[67.73976517,23.87081385],[67.74072957,23.87055945],[67.74375892,23.87167513],[67.74248314,23.8771342],[67.74314451,23.8813107],[67.74351394,23.88130045],[67.7447648,23.87916505],[67.74453032,23.87465835],[67.74981415,23.8724066],[67.74999702,23.87205172],[67.74904466,23.87041462],[67.74535835,23.87090766],[67.74183035,23.86951482],[67.7441591,23.86645424],[67.74476445,23.86306322],[67.74341488,23.85864866],[67.7410506,23.85590613],[67.74117208,23.85513842],[67.74170935,23.85461581],[67.7495625,23.84963775],[67.75005293,23.85007596],[67.75025523,23.8505218],[67.75106406,23.85135972],[67.75294137,23.85204697],[67.75377846,23.85204327],[67.76081252,23.84910238],[67.7615298,23.84910917],[67.76891065,23.85207725],[67.76256955,23.84809494],[67.75376356,23.85093141],[67.7510612,23.84957671],[67.75090551,23.84918666],[67.75301075,23.84754825],[67.75459385,23.84465945],[67.7548213,23.83848596],[67.76239395,23.83813393],[67.7626183,23.83519745],[67.76949251,23.8338654],[67.76835775,23.83269334],[67.76913607,23.83123326],[67.77668321,23.82499504],[67.77653444,23.8231796],[67.77469671,23.82151234],[67.77707517,23.81888175],[67.77556205,23.81472075],[67.77832854,23.81291294],[67.77897096,23.81285024],[67.78005946,23.81306636],[67.78165054,23.81482911],[67.78165054,23.81515086],[67.77854204,23.82055891],[67.78238583,23.82248366],[67.79191041,23.82265151],[67.79310286,23.82447612],[67.79494703,23.82296824],[67.79450464,23.82100713],[67.79682231,23.82000613],[67.79584432,23.81737757],[67.79742765,23.81448698],[67.81178105,23.81575775],[67.81349885,23.81791735],[67.82001042,23.81815743],[67.82214212,23.82100165],[67.82427895,23.82113576],[67.82332361,23.82210624],[67.82490325,23.82331181],[67.82861924,23.83303273],[67.83446825,23.83860695],[67.83445525,23.84220684],[67.83292615,23.84571671],[67.83047926,23.84729588],[67.82821393,23.84620893],[67.82671011,23.84915757],[67.82807875,23.85052395],[67.82605076,23.85218477],[67.82628715,23.85727346],[67.82927036,23.8637222],[67.83041787,23.87039816],[67.83310008,23.87128806],[67.83155584,23.87378681],[67.83185434,23.87439108],[67.83318651,23.87588346],[67.83317435,23.87890327],[67.8300606,23.88061404],[67.82876015,23.88180494],[67.82723045,23.88407946],[67.82635427,23.8857069],[67.8259629,23.89131963],[67.83078682,23.89402056],[67.83051896,23.89546704],[67.82549095,23.90141213],[67.82495666,23.90338182],[67.82655966,23.90625],[67.82653797,23.90625],[67.82706118,23.90740585],[67.82714283,23.91025174],[67.82575357,23.91235387],[67.82592034,23.9129194],[67.82946765,23.91505516],[67.82941484,23.91542172],[67.82892215,23.91596162],[67.82560313,23.91513646],[67.82409656,23.91643405],[67.82409656,23.91838717],[67.82459974,23.91890442],[67.82509363,23.91838443],[67.82534003,23.91613305],[67.82895672,23.91681612],[67.83052075,23.91565812],[67.83071721,23.91496277],[67.83051145,23.91390765],[67.82794964,23.91168976],[67.82797682,23.90738594],[67.82747436,23.90625],[67.82743573,23.90501261],[67.82601571,23.90246594],[67.82613218,23.9019103],[67.83105135,23.89823413],[67.83111072,23.89821506],[67.83848166,23.91756082],[67.84449434,23.92320716],[67.85328817,23.93496788],[67.85682344,23.93669665],[67.86128771,23.94125748],[67.86863053,23.95204866],[67.87002564,23.95340395],[67.87853515,23.96004021],[67.89094222,23.96856034],[67.90174115,23.97493994],[67.90094841,23.98005474],[67.89658225,23.98359537],[67.89625895,23.98375905],[67.89086235,23.98583686],[67.87406755,23.98946536],[67.86697757,23.99257946],[67.86625934,23.99262381],[67.85761583,23.98675632],[67.85721505,23.98655033],[67.8515625,23.98493302],[67.84432602,23.98555923],[67.84380245,23.98570335],[67.83398998,23.99004424],[67.83297145,23.99016643],[67.83195865,23.98992252],[67.82937706,23.98843873],[67.82874727,23.98732305],[67.82779098,23.98505485],[67.82567275,23.97842312],[67.82584393,23.97497106],[67.82482457,23.97496486],[67.82370031,23.97710323],[67.81784046,23.97600436],[67.81041765,23.97635937],[67.80099523,23.97208881],[67.79984713,23.96682775],[67.79827595,23.96709573],[67.79750133,23.97300541],[67.79878247,23.97460306],[67.80440426,23.97519767],[67.80858481,23.97687316],[67.80935943,23.97831738],[67.81795967,23.97737014],[67.82213092,23.97871423],[67.82464361,23.98198116],[67.82738042,23.98927534],[67.82884681,23.99067473],[67.82932675,23.99086428],[67.83663845,23.99136674],[67.84379447,23.98764884],[67.85079944,23.98688614],[67.85753703,23.99003983],[67.85945034,23.99410522],[67.86388981,23.9953829],[67.86402535,23.99563217],[67.86370623,23.99887311],[67.86110222,24.00508594],[67.86258113,24.01108933],[67.86616528,24.01481438],[67.86672056,24.01520395],[67.87953985,24.02167857],[67.87500226,24.02859604],[67.87268925,24.03356814],[67.87178552,24.03656065],[67.87056267,24.04510605],[67.87173617,24.05409765],[67.86837983,24.05705905],[67.86751068,24.05907214],[67.86751091,24.05950117],[67.86883915,24.06997573],[67.86934555,24.07109296],[67.87121213,24.07437813],[67.87119114,24.07563615],[67.87038195,24.07654297],[67.86305285,24.07999766],[67.85674036,24.08158171],[67.8515625,24.0859375],[67.84997058,24.08686304],[67.84730124,24.08754325],[67.84634697,24.08754754],[67.84433508,24.08669353],[67.84403145,24.08621192],[67.84234881,24.07806885],[67.8389765,24.07434106],[67.82865083,24.07092285],[67.80903196,24.06844068],[67.80471575,24.06657088],[67.80143416,24.06442833],[67.79705894,24.06030226],[67.79448175,24.05917847],[67.79220367,24.05894637],[67.78972018,24.05936003],[67.78545976,24.06121016],[67.7789607,24.06795084],[67.77551794,24.07376826],[67.77413845,24.07494414],[67.77142966,24.07644403],[67.76262796,24.07608187],[67.75527966,24.0806812],[67.75447786,24.08075047],[67.75338376,24.08028686],[67.75124764,24.07662392],[67.75084674,24.07075322],[67.74915886,24.06783426],[67.74766302,24.06413603],[67.74646115,24.0621345],[67.74215615,24.0572443],[67.74018753,24.05397725],[67.7400068,24.05191612],[67.73864734,24.05147874],[67.73861516,24.04653752],[67.7365905,24.03878033]],[[67.87276638,24.06013572],[67.87449431,24.05808973],[67.87573397,24.05875766],[67.87470245,24.05565643],[67.87331414,24.05523455],[67.87684238,24.04885018],[67.87489104,24.04221356],[67.87651753,24.03871357],[67.87593734,24.03681457],[67.88264155,24.02429342],[67.88352597,24.01865005],[67.88086343,24.01416671],[67.87833011,24.01236796],[67.86907971,24.01082528],[67.86541331,24.00894761],[67.86532772,24.00433111],[67.86710584,23.99978542],[67.87033355,23.99751735],[67.89548755,23.99574792],[67.90650165,23.99143004],[67.91262674,23.98536241],[67.92440331,23.99029803],[67.93681645,23.99014485],[67.94289684,23.9933182],[67.95141876,23.99459183],[67.95178664,23.99734676],[67.95100892,23.99946988],[67.94845235,24.00438118],[67.94552183,24.00961113],[67.94131601,24.01490188],[67.93696725,24.02405942],[67.93502522,24.02872384],[67.93441832,24.03038216],[67.93270576,24.04000485],[67.93085837,24.04604053],[67.92934775,24.04863286],[67.92653191,24.05135953],[67.92093456,24.05579722],[67.91459,24.05995131],[67.90209055,24.06676316],[67.90179825,24.06689882],[67.89231801,24.07037115],[67.88251364,24.07217217],[67.88005126,24.07315481],[67.88001168,24.07296693],[67.87878513,24.06849647],[67.87276638,24.06013572]],[[67.96090126,23.99456584],[67.95705748,23.98947954],[67.94889855,23.98340726],[67.93911982,23.98242736],[67.93423104,23.98347235],[67.91813946,23.97943902],[67.91656125,23.97414124],[67.91807592,23.97320068],[67.91394317,23.97083581],[67.91099846,23.96218455],[67.90557861,23.95438063],[67.89822757,23.94745314],[67.8977524,23.94713545],[67.88093495,23.93823707],[67.87907827,23.93570781],[67.87571394,23.92735815],[67.87808633,23.92670608],[67.87929297,23.92465472],[67.87940204,23.92454994],[67.8837136,23.92458034],[67.89399743,23.92334127],[67.89466274,23.92320645],[67.90453076,23.9201653],[67.90507233,23.91990435],[67.90809786,23.90951645],[67.9083575,23.90887892],[67.90991437,23.90739155],[67.91096675,23.90702057],[67.91545391,23.90757704],[67.91592085,23.90777278],[67.91874194,23.91067445],[67.91959107,23.91103625],[67.92461205,23.91256416],[67.92507041,23.91175056],[67.9158169,23.90501332],[67.9093436,23.90516305],[67.90679932,23.90625],[67.90561163,23.90862942],[67.90554631,23.91334295],[67.90178037,23.91830063],[67.89366865,23.92082584],[67.88302696,23.92240345],[67.87825775,23.92213774],[67.8767637,23.9221245],[67.87400365,23.92098057],[67.86960006,23.91782916],[67.86782265,23.91437793],[67.87151194,23.91619444],[67.87207901,23.91531408],[67.87011945,23.9148736],[67.86736667,23.91184235],[67.86706662,23.9114238],[67.8639636,23.90408885],[67.86384416,23.90269375],[67.8656497,23.89463365],[67.86592805,23.89376974],[67.86901546,23.88682735],[67.87003827,23.88495874],[67.87495351,23.87872195],[67.87637258,23.87730002],[67.89940465,23.85919297],[67.89984536,23.85878706],[67.90319705,23.85358894],[67.91797054,23.83926082],[67.92568123,23.83418393],[67.92684662,23.83383906],[67.93006015,23.83343685],[67.93079126,23.83426738],[67.93077052,23.83481336],[67.93033564,23.83591628],[67.92710197,23.83829081],[67.92388427,23.84583974],[67.92525685,23.85492027],[67.93409741,23.85958576],[67.95054746,23.86325121],[67.97779965,23.86314583],[67.97923303,23.86394393],[67.98264146,23.87035215],[67.98322785,23.87548852],[67.98366678,23.87556732],[67.98414135,23.87550294],[67.98533905,23.87214935],[67.98095715,23.86243916],[67.9764235,23.8605206],[67.9657582,23.85972178],[67.96995985,23.85654831],[67.97264445,23.85058761],[67.97459412,23.84877217],[67.98715472,23.84704232],[67.98769915,23.84688365],[67.99288225,23.84396768],[67.99633276,23.8433634],[67.99674404,23.84277105],[67.99606955,23.84134221],[67.99199915,23.84069145],[67.98608482,23.84481084],[67.97429276,23.84758186],[67.97397995,23.84771395],[67.97170508,23.84893954],[67.96821535,23.85608435],[67.96760821,23.85677266],[67.96585596,23.85784161],[67.95812893,23.85965395],[67.9541651,23.85965395],[67.94740343,23.85860491],[67.94689238,23.85847116],[67.93226826,23.85448432],[67.93065643,23.85339892],[67.93036604,23.85307813],[67.92969513,23.85023725],[67.92982125,23.84961545],[67.93136835,23.84587014],[67.93257534,23.84405196],[67.93576872,23.84181535],[67.93590486,23.84182036],[67.94522238,23.84214902],[67.9458909,23.84188557],[67.95289588,23.83645272],[67.95317697,23.83609021],[67.95626044,23.82837355],[67.96068835,23.82351875],[67.96125627,23.82243717],[67.96417391,23.81520116],[67.96430087,23.81451201],[67.96407473,23.81263936],[67.96191835,23.81025577],[67.95832777,23.80957377],[67.95776582,23.80930591],[67.95558393,23.80726635],[67.95453715,23.80341005],[67.94812262,23.79985285],[67.94457746,23.795928],[67.94164085,23.79764771],[67.9384222,23.78759468],[67.94196475,23.77982891],[67.9463346,23.77960205],[67.94696176,23.78034556],[67.94683528,23.78093314],[67.94342971,23.78223515],[67.94221008,23.78446746],[67.94417262,23.78450692],[67.94309795,23.78899527],[67.94340634,23.78955555],[67.943946,23.78960371],[67.94440293,23.78926933],[67.945068,23.78662205],[67.94623745,23.78683031],[67.94667375,23.79143596],[67.95044124,23.79194212],[67.95087421,23.79179847],[67.95275891,23.79003823],[67.95276058,23.78669965],[67.95136035,23.78388548],[67.95232475,23.7825278],[67.95617735,23.78406441],[67.95624685,23.78203738],[67.96052754,23.78182662],[67.96221316,23.78039062],[67.96288002,23.77749836],[67.96619415,23.77399397],[67.96844721,23.77420366],[67.96971297,23.77164042],[67.97658527,23.77486825],[67.98100126,23.77210581],[67.98210144,23.77730322],[67.98636806,23.77571213],[67.98994935,23.77623296],[67.98903525,23.77996278],[67.98637176,23.78085244],[67.98621571,23.78257287],[67.98890138,23.7864567],[67.99200833,23.78833151],[67.9936099,23.79297376],[67.99833536,23.79197144],[67.99988711,23.79450333],[68.00016332,23.79439986],[68.00036633,23.79086804],[67.99642527,23.78638506],[67.99653804,23.78612113],[67.99960196,23.78512692],[68.00389171,23.78057253],[68.00091612,23.77945197],[68.00235975,23.77795017],[68.0048815,23.77886498],[68.00549865,23.77751934],[68.00401795,23.77720416],[68.00484216,23.77372563],[68.00655401,23.77377868],[68.00539386,23.77529192],[68.00727415,23.77581584],[68.01371121,23.77011633],[68.01455426,23.77126002],[68.01682174,23.7712481],[68.01935041,23.77123475],[68.02605808,23.77294397],[68.03375697,23.77765071],[68.03459418,23.78166008],[68.03188395,23.78706741],[68.03542793,23.78664625],[68.04129005,23.79369795],[68.0441792,23.8046875],[68.04282105,23.81281006],[68.04388261,23.81857586],[68.04321825,23.82147455],[68.0469532,23.82722521],[68.04694867,23.82758117],[68.04501712,23.83005786],[68.04632151,23.83217025],[68.04621732,23.83246756],[68.03869987,23.84920526],[68.03240705,23.86803246],[68.03458226,23.88247764],[68.0354557,23.88555074],[68.03669834,23.88629246],[68.03484404,23.88696933],[68.03786314,23.8963449],[68.03784776,23.90385473],[68.01519322,23.92260242],[68.012555,23.92686415],[68.01142085,23.93230045],[68.01089096,23.93264365],[68.00644422,23.93453252],[68.00240612,23.93964446],[68.00245345,23.93994546],[68.00698912,23.93501413],[68.00997114,23.93495357],[68.01010513,23.93495095],[68.01293302,23.95229197],[68.01510453,23.95634115],[68.0170294,23.96612275],[68.01612043,23.96861625],[68.02405953,23.99285483],[68.02537274,23.9996922],[68.0251137,24.00036252],[68.02374685,24.00339818],[68.02011526,24.00722492],[68.00696218,24.01223516],[68.00526965,24.01205945],[67.99819767,24.01598656],[67.99632502,24.01607084],[67.99353945,24.01695085],[67.99174786,24.01668823],[67.97591221,24.01109004],[67.96491468,24.00861502],[67.96390152,24.00811398],[67.96258974,24.00677598],[67.96267295,24.00650585],[67.96359408,24.00043511],[67.96090126,23.99456584]],[[68.01827335,23.9416728],[68.0190345,23.9325335],[68.01918185,23.93209004],[68.02189851,23.92901814],[68.04124558,23.91596925],[68.04624224,23.91053855],[68.04713655,23.91053891],[68.04904175,23.91120446],[68.06223392,23.92008114],[68.06303334,23.92081523],[68.06314588,23.92399955],[68.06299138,23.92450285],[68.05565166,23.93740034],[68.05427837,23.94241464],[68.05488324,23.94500911],[68.05845106,23.95262742],[68.06119871,23.95441735],[68.06884444,23.96374762],[68.07003546,23.96545148],[68.07152391,23.97168446],[68.07174122,23.97205186],[68.08063817,23.98452878],[68.08238363,23.9855957],[68.08405602,23.98815382],[68.08621037,23.99352682],[68.08616126,23.99632621],[68.0831784,24.00006366],[68.07545686,24.00909317],[68.07513511,24.00938964],[68.07117295,24.01120901],[68.07052147,24.01179624],[68.05789852,24.01484144],[68.05501056,24.01883185],[68.05098605,24.02100492],[68.05052495,24.02113617],[68.04596484,24.02044141],[68.04562235,24.02005506],[68.04545414,24.01913941],[68.04743648,24.01645553],[68.04764116,24.01548707],[68.04725301,24.01372993],[68.04553771,24.01157474],[68.04489017,24.01116335],[68.04007852,24.01130855],[68.03719306,24.0083065],[68.03699851,24.00794613],[68.03604937,24.00353098],[68.03553843,24.00056303],[68.02432418,23.97133887],[68.02303886,23.95691276],[68.01827335,23.9416728]],[[68.04575515,24.01810706],[68.04321981,24.01901042],[68.04219306,24.01838255],[68.03993845,24.01274097],[68.04005694,24.01240373],[68.04030955,24.01196635],[68.04506612,24.01212752],[68.04653645,24.01408994],[68.04653478,24.01659274],[68.04575515,24.01810706]],[[68.06781936,23.91937792],[68.06902552,23.91921484],[68.06994522,23.91959691],[68.09141028,23.93433344],[68.09185982,23.93480897],[68.09379411,23.93982184],[68.09414494,23.94105268],[68.09367347,23.9666301],[68.09414494,23.98024535],[68.09189534,23.98584747],[68.08890355,23.98779476],[68.08313465,23.97974932],[68.07752967,23.97425878],[68.07258761,23.96247876],[68.06243885,23.95131135],[68.05885065,23.94533455],[68.05881202,23.93804061],[68.06405318,23.93349957],[68.06421232,23.93322217],[68.06740057,23.92569661],[68.06772244,23.92386198],[68.06769538,23.91958106],[68.06781936,23.91937792]],[[68.09549522,23.92050207],[68.08273435,23.9126116],[68.06561005,23.90625],[68.05961597,23.90282798],[68.05643106,23.89980125],[68.05539286,23.89836752],[68.05409658,23.89591324],[68.05318665,23.89290845],[68.05283594,23.88992727],[68.05671895,23.88610446],[68.05532241,23.87827635],[68.06265914,23.86658716],[68.06202722,23.86463451],[68.06208944,23.86411095],[68.06319904,23.86070061],[68.06492984,23.85781825],[68.06573427,23.85669827],[68.06955791,23.85443795],[68.07344186,23.84877825],[68.08259523,23.84322405],[68.08454871,23.84282625],[68.08608854,23.84270644],[68.09594142,23.84298491],[68.10313237,23.84623528],[68.11165106,23.84661984],[68.11251092,23.84760535],[68.12186265,23.84908116],[68.12315404,23.84974754],[68.12266326,23.85013068],[68.11669576,23.85270524],[68.11371315,23.85434258],[68.11346316,23.85457373],[68.11168385,23.85816336],[68.11198866,23.87482202],[68.11372638,23.88042057],[68.11936235,23.88817954],[68.11886895,23.8954457],[68.12389755,23.90022373],[68.12411261,23.90053046],[68.12532353,23.90460384],[68.12506771,23.90625],[68.12350833,23.90707088],[68.12289786,23.90835226],[68.12264466,23.91357875],[68.12216187,23.91465056],[68.11683702,23.92205131],[68.12247968,23.94350362],[68.12222111,23.94684696],[68.12039506,23.94986916],[68.11081946,23.95831382],[68.10861945,23.9591732],[68.10794985,23.95957422],[68.10701656,23.96731722],[68.10684335,23.96743524],[68.10066116,23.95909893],[68.10263503,23.94622922],[68.10232246,23.93449914],[68.10163605,23.93010581],[68.09821355,23.92352665],[68.09745312,23.92252862],[68.09549522,23.92050207]],[[68.22401142,23.84681904],[68.23323238,23.84240174],[68.23361635,23.84252727],[68.23936296,23.85271347],[68.25147843,23.86202836],[68.25336206,23.86797845],[68.25488055,23.87397432],[68.25488305,23.87463546],[68.25368345,23.8768332],[68.25127435,23.87920797],[68.25066233,23.87952626],[68.24505031,23.88030136],[68.24015903,23.87672925],[68.21920204,23.86797488],[68.21702576,23.86726725],[68.21645641,23.86688244],[68.21384323,23.86189735],[68.21594656,23.85953188],[68.21624041,23.84766912],[68.22401142,23.84681904]],[[68.25865555,23.87554586],[68.25878978,23.87548435],[68.26421392,23.87552846],[68.27890456,23.87000716],[68.28161442,23.86998463],[68.28866518,23.87422395],[68.29297674,23.87492394],[68.29941642,23.86855686],[68.30341744,23.86698234],[68.30499124,23.86760414],[68.30725884,23.87510085],[68.30897057,23.87793815],[68.31060612,23.87943482],[68.31513226,23.88124311],[68.3157562,23.88136435],[68.31767535,23.88006592],[68.31774855,23.87951934],[68.31755304,23.87924242],[68.31460273,23.87915528],[68.31277323,23.87859726],[68.31141031,23.87737966],[68.30837631,23.87010956],[68.30511773,23.86551344],[68.30237436,23.86554205],[68.29779983,23.86777496],[68.29322004,23.87277555],[68.29049265,23.87273931],[68.28035188,23.86777377],[68.27556872,23.8682332],[68.27120054,23.87055016],[68.25934482,23.87148082],[68.25896621,23.87120271],[68.25767136,23.86888492],[68.25766921,23.86508906],[68.25370824,23.85781825],[68.24898064,23.85362506],[68.24900305,23.85357523],[68.24991107,23.84847331],[68.25797737,23.84497285],[68.26094306,23.83911455],[68.26363552,23.83796132],[68.27088225,23.83783162],[68.27340245,23.83563256],[68.27678311,23.83569348],[68.28260076,23.84148061],[68.2859503,23.84150314],[68.28625631,23.84137642],[68.2877624,23.83974195],[68.28735447,23.83940256],[68.28283966,23.83991194],[68.27748775,23.83435047],[68.27279723,23.83426344],[68.26888072,23.83669341],[68.26107121,23.83720505],[68.26084816,23.83236337],[68.26227295,23.82636595],[68.26089907,23.82481468],[68.25947893,23.83615196],[68.25720537,23.84398413],[68.25447166,23.84539235],[68.25086403,23.84539354],[68.2480216,23.84886825],[68.24674273,23.85297632],[68.24576902,23.85344493],[68.24440062,23.85317063],[68.24198222,23.85010207],[68.23734164,23.83998716],[68.23495257,23.83646822],[68.23429167,23.83607054],[68.23001921,23.83482945],[68.22529602,23.83485091],[68.21638846,23.83618701],[68.21338677,23.83477986],[68.21321893,23.83448815],[68.21103227,23.82906425],[68.21082914,23.82813418],[68.20961165,23.81206071],[68.20960665,23.81128621],[68.21037066,23.80722976],[68.21067464,23.80611992],[68.21614707,23.79315174],[68.21809316,23.7815752],[68.22260702,23.77699626],[68.22405863,23.77345371],[68.22412074,23.77348495],[68.22493672,23.77414465],[68.22951806,23.77400947],[68.23150206,23.77590215],[68.23185217,23.78163207],[68.23206055,23.78203511],[68.23311675,23.78178775],[68.23438084,23.77985621],[68.23335385,23.77665603],[68.23464894,23.77544785],[68.23438442,23.77498806],[68.23013544,23.77264714],[68.22479057,23.77158582],[68.22467494,23.77136755],[68.225914,23.76361513],[68.22562635,23.76170576],[68.22534835,23.76097774],[68.21922266,23.75447881],[68.21583295,23.75437605],[68.21392024,23.75540304],[68.21322024,23.75655866],[68.21316254,23.76241136],[68.21227455,23.76338661],[68.20962167,23.75838423],[68.20509124,23.75356722],[68.203125,23.74916291],[68.20027184,23.74681914],[68.20137465,23.74478126],[68.19797385,23.74125493],[68.1966207,23.73783422],[68.19330561,23.73510027],[68.19287157,23.73138392],[68.1930629,23.73046875],[68.19308031,23.73046875],[68.19526732,23.72612011],[68.20065784,23.72063446],[68.203125,23.71484375],[68.20591497,23.71156347],[68.20795906,23.70697343],[68.21991682,23.69957221],[68.22422647,23.69950783],[68.22801495,23.70246732],[68.22938561,23.7020545],[68.22774696,23.69553745],[68.22609568,23.69493115],[68.22604716,23.69237232],[68.22710717,23.69018447],[68.23042274,23.68849921],[68.2325505,23.68501341],[68.23811877,23.68130255],[68.23894155,23.68078625],[68.24398005,23.68049586],[68.24543262,23.67890716],[68.25139284,23.68051743],[68.25215781,23.67956293],[68.25593317,23.67944002],[68.26028705,23.68267715],[68.26055074,23.68296528],[68.26559484,23.6890136],[68.2668184,23.69151175],[68.26727056,23.69480705],[68.2672708,23.69527698],[68.26495576,23.70022225],[68.26305985,23.70298207],[68.26054966,23.70455337],[68.26031351,23.70714057],[68.25522757,23.71138501],[68.25427461,23.71915722],[68.26092565,23.72508061],[68.26278412,23.73046875],[68.26288748,23.73046875],[68.26142073,23.73421502],[68.26126492,23.73778546],[68.26142073,23.73852468],[68.26319253,23.74316394],[68.26608253,23.74623334],[68.26341617,23.75072014],[68.26326466,23.75120115],[68.26227772,23.75627792],[68.26231003,23.75985706],[68.26342404,23.76473367],[68.26627195,23.77057743],[68.26647675,23.77438557],[68.26982546,23.78118265],[68.26629674,23.7901628],[68.2663455,23.79285288],[68.27036166,23.78537655],[68.27286112,23.79489422],[68.27443457,23.79693067],[68.29561806,23.80415118],[68.29676497,23.80680335],[68.29591811,23.81042004],[68.28936315,23.81443262],[68.28910804,23.81670225],[68.29155385,23.81918287],[68.3039515,23.82434881],[68.30461895,23.82455838],[68.30901253,23.82486594],[68.30978894,23.82472324],[68.31297231,23.82288337],[68.31422317,23.82409334],[68.31952286,23.80844736],[68.32124174,23.80710804],[68.32300174,23.80737197],[68.32340431,23.80756176],[68.32960844,23.81447053],[68.33789003,23.81930125],[68.3364042,23.83858943],[68.3430469,23.84944737],[68.34879446,23.86530232],[68.3471055,23.88180852],[68.34252524,23.89000726],[68.34433103,23.89909542],[68.34689534,23.9039551],[68.34790111,23.90542901],[68.35067856,23.90817475],[68.35686755,23.91120803],[68.35802531,23.91161466],[68.36346304,23.91331661],[68.36728084,23.91303265],[68.37640643,23.91466236],[68.37552953,23.91891837],[68.37656248,23.92001426],[68.37861157,23.91949165],[68.37661707,23.91891837],[68.37724805,23.91474462],[68.38682795,23.9141258],[68.39311945,23.91773975],[68.40307486,23.92088044],[68.40429985,23.92244697],[68.41074491,23.92526245],[68.41305566,23.92731607],[68.41885185,23.93401206],[68.42566144,23.95214725],[68.43249977,23.96026361],[68.43439233,23.96839666],[68.43448055,23.97634864],[68.4367882,23.98663366],[68.43670034,23.98702967],[68.42992604,23.99528623],[68.42454803,23.99381995],[68.42421973,23.99365115],[68.42059827,23.99103165],[68.41394055,23.98141921],[68.40143335,23.96891046],[68.40080285,23.96845007],[68.39616454,23.96562374],[68.39479244,23.9651885],[68.39209104,23.96459424],[68.38693404,23.96518993],[68.38326848,23.96831191],[68.38140404,23.97103453],[68.38089597,23.97207928],[68.37916291,23.98044324],[68.37897301,23.98088503],[68.37633622,23.98394477],[68.37612414,23.98404038],[68.36653817,23.98096395],[68.36010957,23.97730005],[68.35977745,23.97699583],[68.35751164,23.97166038],[68.35149968,23.96779728],[68.34662104,23.96084917],[68.34511554,23.95402217],[68.34622014,23.95041275],[68.34615696,23.93256402],[68.34257424,23.92817295],[68.34241104,23.92442966],[68.34020853,23.92379391],[68.33974886,23.92208064],[68.33545244,23.91802895],[68.32733273,23.9143939],[68.32179153,23.91437101],[68.31433701,23.91712463],[68.28941512,23.92156637],[68.2837522,23.92006564],[68.27743495,23.91459656],[68.27844155,23.91257215],[68.27752841,23.90557015],[68.27861476,23.90276384],[68.27671862,23.90140223],[68.27566171,23.89873314],[68.27053511,23.89464736],[68.27071786,23.89269292],[68.26736557,23.89143252],[68.26164866,23.88623714],[68.25867593,23.87991846],[68.25839245,23.87879658],[68.25865555,23.87554586]],[[68.44271123,23.96427035],[68.44888711,23.96090806],[68.44903934,23.95992494],[68.44190645,23.96252966],[68.43692195,23.95717084],[68.43260717,23.94489682],[68.42854154,23.93787825],[68.42860055,23.93644571],[68.42865527,23.93642235],[68.43622875,23.93743002],[68.44198406,23.93624926],[68.44871998,23.93980086],[68.45409131,23.93718481],[68.45680523,23.93418121],[68.46294832,23.93188596],[68.46299005,23.93179846],[68.4558382,23.92839062],[68.45384336,23.92156124],[68.4515599,23.92008317],[68.45143521,23.91972494],[68.4515537,23.91685712],[68.45291066,23.91576493],[68.45482051,23.91644466],[68.45446551,23.9118731],[68.45661604,23.91304624],[68.45752001,23.91554677],[68.45808303,23.91460574],[68.45815182,23.91365981],[68.45734024,23.90938795],[68.45376873,23.90835786],[68.45307815,23.90750337],[68.45306385,23.90625],[68.45315194,23.90625],[68.4533782,23.9005388],[68.45063555,23.893628],[68.45372975,23.88431776],[68.45313847,23.88005233],[68.45057905,23.87756014],[68.44572651,23.87607861],[68.44427693,23.87001491],[68.43996155,23.86637974],[68.42914915,23.86193311],[68.42868376,23.86107337],[68.42862356,23.85877585],[68.43239617,23.85191965],[68.43559587,23.85181212],[68.44343317,23.84843397],[68.4437741,23.84829724],[68.44658446,23.8503164],[68.44714785,23.85053861],[68.44901204,23.85049582],[68.45143366,23.85328877],[68.45360947,23.85448575],[68.45939255,23.85631645],[68.46056902,23.85832572],[68.46387196,23.85988855],[68.46467853,23.86025345],[68.47190881,23.86130226],[68.47289658,23.86325705],[68.47959125,23.88877296],[68.47087705,23.89159656],[68.46761441,23.89436257],[68.48031795,23.89037824],[68.4805516,23.89049661],[68.48552775,23.89887786],[68.48810542,23.90147221],[68.49111426,23.90304196],[68.49919355,23.90625],[68.50006104,23.90625],[68.5048089,23.90859663],[68.51084471,23.91673446],[68.51114714,23.91739905],[68.51007497,23.92322361],[68.51318336,23.91981792],[68.518453,23.92406046],[68.51872826,23.93544042],[68.50846386,23.93894255],[68.50575721,23.94064164],[68.50590265,23.94131553],[68.5068202,23.94159508],[68.51640987,23.93780935],[68.51923954,23.93825996],[68.51932693,23.93866253],[68.51896036,23.94024026],[68.51727223,23.94193244],[68.50306177,23.94585192],[68.49799836,23.95182931],[68.49785185,23.95218074],[68.49582064,23.96208751],[68.4967761,23.96646225],[68.49692416,23.96671367],[68.49915242,23.96925402],[68.50137424,23.97141016],[68.50185943,23.97260225],[68.50273454,23.97577918],[68.50261557,23.97757685],[68.50207925,23.97844875],[68.4952867,23.98253751],[68.48662496,23.99167383],[68.4863981,23.99187863],[68.47375596,23.99239027],[68.46366477,23.99187887],[68.46142256,23.99128246],[68.45962524,23.99048376],[68.44820786,23.98087943],[68.44407582,23.96854186],[68.44271123,23.96427035]],[[68.52565253,23.94058812],[68.52701902,23.93738174],[68.53146136,23.93290246],[68.53237915,23.92451978],[68.53776777,23.91762507],[68.53693616,23.91703355],[68.53622425,23.91741073],[68.53430665,23.91924632],[68.53202045,23.92317295],[68.53187084,23.92309427],[68.53174472,23.91903985],[68.53047061,23.91696668],[68.52871347,23.91507614],[68.51745605,23.90625],[68.51687837,23.90625],[68.51431477,23.90452051],[68.51424742,23.90412974],[68.51819634,23.90180588],[68.52208984,23.89662957],[68.52515793,23.89451504],[68.52531636,23.89241481],[68.52118397,23.89443505],[68.51330674,23.90321064],[68.50821257,23.90261495],[68.50020885,23.89652336],[68.48659694,23.89031923],[68.48625934,23.88990796],[68.48733425,23.88105226],[68.49095976,23.86645567],[68.49111307,23.86610043],[68.49697387,23.86708772],[68.49896777,23.86898375],[68.49986243,23.87417912],[68.50162125,23.87522805],[68.50209737,23.87516105],[68.50235736,23.87431622],[68.50039506,23.87232447],[68.50033188,23.86648643],[68.50971735,23.86310744],[68.51439023,23.85916233],[68.51347554,23.85850155],[68.51487112,23.85717273],[68.52177966,23.85606504],[68.52272665,23.85979795],[68.53273475,23.87601566],[68.53560185,23.87614405],[68.53694832,23.87509656],[68.53614295,23.8719027],[68.53752792,23.87043095],[68.53750515,23.86728072],[68.54286551,23.87193644],[68.54687011,23.87280297],[68.54942274,23.87560451],[68.54947627,23.87821293],[68.5546875,23.88169634],[68.55751216,23.88636684],[68.56481457,23.89408731],[68.56727552,23.89858925],[68.56586695,23.90066302],[68.56727195,23.90331316],[68.57892716,23.91289711],[68.58840156,23.91644704],[68.58873856,23.91707051],[68.58765948,23.92124951],[68.58761776,23.92125142],[68.58659196,23.92111993],[68.5794605,23.92324054],[68.5593183,23.92286086],[68.55810535,23.92533684],[68.55907214,23.92962515],[68.55879807,23.93013275],[68.55705965,23.93155444],[68.5546875,23.93164063],[68.55209351,23.93164063],[68.55178833,23.93191957],[68.54257226,23.93371201],[68.53530741,23.94578874],[68.52998471,23.94433844],[68.52579653,23.94075131],[68.52565253,23.94058812]],[[68.53330207,23.87327504],[68.53309345,23.87360251],[68.5318706,23.87266922],[68.52437973,23.85946393],[68.52455771,23.85831094],[68.52506924,23.85835326],[68.52714264,23.85914564],[68.53477585,23.86494446],[68.53435695,23.87164283],[68.53330207,23.87327504]],[[68.42476773,23.86419177],[68.42458272,23.86463535],[68.42071128,23.86824417],[68.41742504,23.87022722],[68.40911496,23.87186384],[68.40874934,23.87199533],[68.40411472,23.87410116],[68.39462948,23.87809634],[68.38771606,23.87391484],[68.37984562,23.87464917],[68.37893617,23.87446106],[68.37812412,23.87394905],[68.37666607,23.87198317],[68.37577784,23.86915743],[68.37394452,23.8597759],[68.37723875,23.85792065],[68.37439823,23.85624313],[68.37253034,23.857656],[68.37068307,23.85578597],[68.35808015,23.84975135],[68.35722947,23.84923208],[68.35515761,23.84554362],[68.34870195,23.84236646],[68.34434044,23.83910286],[68.34285021,23.83627975],[68.34311187,23.83133376],[68.34775066,23.82459831],[68.34709811,23.81851506],[68.34429884,23.81487155],[68.32603693,23.79868794],[68.32518435,23.79658306],[68.32517064,23.79504478],[68.32876825,23.78870153],[68.32989204,23.78769135],[68.33159745,23.78715718],[68.33508515,23.79637885],[68.33853602,23.80063236],[68.34966624,23.80912244],[68.35583377,23.81076264],[68.36975765,23.80906177],[68.37596345,23.80339897],[68.3772217,23.79700792],[68.37912965,23.79530263],[68.39030242,23.79108131],[68.39952517,23.78942454],[68.40155864,23.79023087],[68.40024388,23.79505861],[68.39250672,23.80480492],[68.39041138,23.80972314],[68.38920164,23.83048451],[68.38686645,23.83416474],[68.37979186,23.83711815],[68.38026845,23.83810353],[68.38443995,23.8373028],[68.38746142,23.83529067],[68.39027703,23.83132923],[68.39185715,23.82792342],[68.39098227,23.8143723],[68.392138,23.80880654],[68.39808404,23.80005038],[68.40553343,23.79305983],[68.41104901,23.79569316],[68.41562665,23.80175781],[68.41522372,23.80459833],[68.41037154,23.8072257],[68.40688694,23.81111407],[68.40680563,23.81542957],[68.41174984,23.8207376],[68.41299283,23.81958807],[68.40810025,23.81365097],[68.41028714,23.80895436],[68.41792691,23.80495906],[68.42595971,23.81011534],[68.42633343,23.81034052],[68.42868614,23.81988144],[68.43774736,23.8324604],[68.43907475,23.83604705],[68.43931484,23.83878946],[68.43876398,23.83938944],[68.43140256,23.84569216],[68.42878282,23.8459568],[68.42911112,23.84759235],[68.42487395,23.85539091],[68.42564034,23.86092675],[68.42476773,23.86419177]],[[68.45445883,23.80947065],[68.45545101,23.80727625],[68.45332098,23.80881202],[68.44771576,23.80558062],[68.45031714,23.79784751],[68.44968927,23.79166567],[68.44990945,23.79085565],[68.45445251,23.78587103],[68.45645332,23.77352536],[68.45630515,23.77294636],[68.45086253,23.76650655],[68.44730234,23.75770283],[68.44330752,23.75330007],[68.44312406,23.75300074],[68.4380275,23.74398172],[68.43705976,23.74153757],[68.43706512,23.74085784],[68.43764031,23.73927891],[68.43802273,23.73907864],[68.44156897,23.74015164],[68.44438267,23.73915672],[68.44495344,23.73924184],[68.44789886,23.74087441],[68.45480776,23.74165797],[68.45912743,23.74327493],[68.46451306,23.74331892],[68.46984816,23.74034774],[68.47117937,23.74002516],[68.47688901,23.74070597],[68.47723746,23.74106467],[68.47899175,23.74434364],[68.47899365,23.74477255],[68.47824955,23.7473371],[68.47782874,23.74785745],[68.47114253,23.75213277],[68.46633637,23.76099324],[68.46435583,23.76605427],[68.46409655,23.76751053],[68.46571958,23.77520704],[68.46603942,23.77539861],[68.46679425,23.77350116],[68.46679771,23.77255321],[68.46601617,23.76654744],[68.47014844,23.75725555],[68.47152543,23.75555801],[68.47433007,23.75369501],[68.47681642,23.75281966],[68.48319483,23.75235617],[68.48398948,23.75210714],[68.48660684,23.75018644],[68.48791337,23.7490077],[68.48879266,23.74570012],[68.48879385,23.74237096],[68.48785508,23.73697555],[68.49477243,23.73716521],[68.50026286,23.74271774],[68.50678122,23.7470479],[68.50734627,23.74845576],[68.50734246,23.74875414],[68.50585616,23.75164592],[68.50325775,23.75391054],[68.49109948,23.75795746],[68.48973715,23.75933981],[68.50238943,23.7556473],[68.50997174,23.75101066],[68.51068795,23.75091815],[68.51511824,23.75249433],[68.5159415,23.75343025],[68.51713514,23.75526512],[68.52202976,23.76970005],[68.52218926,23.77527046],[68.516276,23.77903736],[68.5123924,23.78701735],[68.50725663,23.78869534],[68.50342834,23.79220176],[68.49866343,23.79374015],[68.4999603,23.79458797],[68.50385404,23.79377568],[68.50818837,23.78992903],[68.51246095,23.78843224],[68.51580083,23.79583287],[68.51943541,23.79982173],[68.52199793,23.80063427],[68.52279115,23.80371606],[68.51904511,23.81096375],[68.51970935,23.81740463],[68.51819992,23.81864345],[68.51448536,23.8185184],[68.50897944,23.82446206],[68.50800085,23.82611585],[68.50299394,23.82903636],[68.50019717,23.83001101],[68.49500561,23.83094466],[68.49019778,23.83032668],[68.48867083,23.82958364],[68.47640097,23.82120705],[68.47061884,23.81950486],[68.46467745,23.81944585],[68.46199596,23.81885171],[68.45785582,23.81721485],[68.45531833,23.81487155],[68.45440352,23.81319737],[68.45445883,23.80947065]],[[68.48570442,23.73931014],[68.48695385,23.74561572],[68.48499668,23.74431551],[68.48477328,23.74400437],[68.481866,23.73865807],[68.48170304,23.73818135],[68.48162663,23.73674357],[68.4822371,23.73592877],[68.48313665,23.73573327],[68.48452556,23.73702562],[68.48570442,23.73931014]],[[68.46731985,23.73964775],[68.46433747,23.73966944],[68.46125448,23.73852253],[68.4590801,23.73650384],[68.45720494,23.73345041],[68.45986021,23.73088717],[68.45986021,23.73046875],[68.45941555,23.73046875],[68.45888293,23.72911012],[68.45967233,23.7247647],[68.46305084,23.72701704],[68.46748173,23.72823656],[68.48402643,23.72763741],[68.48737895,23.72880864],[68.48741877,23.73046875],[68.48688221,23.73092115],[68.48413253,23.73264205],[68.47800505,23.73375011],[68.47768486,23.73388433],[68.46913266,23.73882484],[68.46731985,23.73964775]],[[68.41859531,23.72421086],[68.41832376,23.73046875],[68.41839206,23.73046875],[68.41595292,23.74316394],[68.41572416,23.74834585],[68.41598535,23.75516248],[68.41721356,23.76003921],[68.41710365,23.76012075],[68.41513514,23.76085305],[68.41346502,23.76056945],[68.41217244,23.76000714],[68.40879142,23.75801361],[68.40589547,23.75562978],[68.40475965,23.75248945],[68.39961755,23.75039756],[68.39959514,23.75068915],[68.40310395,23.75313187],[68.40410221,23.75538266],[68.41197586,23.76131701],[68.41745341,23.76180232],[68.41749895,23.76180243],[68.41939485,23.76971507],[68.42219925,23.77490938],[68.42447245,23.77666903],[68.42572355,23.78205144],[68.42624843,23.79410148],[68.42507172,23.79684305],[68.42494726,23.79679513],[68.42184174,23.79455614],[68.41674554,23.79495406],[68.41304398,23.79366243],[68.41219997,23.79324496],[68.40922165,23.78869855],[68.40621853,23.78676093],[68.40114141,23.78462577],[68.39812493,23.78462756],[68.37951565,23.79051602],[68.37097847,23.79575884],[68.36930156,23.79729354],[68.36455524,23.8021425],[68.35814548,23.80489337],[68.35408652,23.80372024],[68.35045326,23.79988205],[68.34911025,23.78287494],[68.34893143,23.78216612],[68.34552491,23.77525735],[68.34031761,23.76549912],[68.33528853,23.75920105],[68.33488476,23.75792301],[68.33509815,23.75624704],[68.33765996,23.75420678],[68.33837163,23.75315988],[68.33805203,23.75197637],[68.34325671,23.75207376],[68.34128702,23.74986064],[68.34117234,23.74483478],[68.34633744,23.74255025],[68.35072017,23.74380946],[68.35178936,23.74343181],[68.35204136,23.74296343],[68.34736156,23.74032855],[68.35028493,23.73198676],[68.34988046,23.73172176],[68.34820151,23.73276663],[68.34750295,23.73395515],[68.34487224,23.74060905],[68.33945131,23.74242747],[68.33932495,23.73448634],[68.33789146,23.7295686],[68.33576846,23.72583878],[68.33163512,23.72424686],[68.33062875,23.72177315],[68.331303,23.71914721],[68.33367026,23.7170403],[68.33395982,23.71107531],[68.3330512,23.71606815],[68.3300668,23.71991766],[68.32930934,23.72346306],[68.31860125,23.71808541],[68.31384301,23.71218717],[68.31371474,23.70674193],[68.31093872,23.69962704],[68.29768872,23.68399715],[68.30010521,23.67999876],[68.30381131,23.67977774],[68.30585086,23.68150258],[68.30519354,23.67977965],[68.30269015,23.67862666],[68.29742217,23.67962837],[68.29289341,23.67811596],[68.28333807,23.6712085],[68.28078306,23.66812873],[68.2802062,23.66247785],[68.27756846,23.66290855],[68.27440357,23.66005635],[68.26883841,23.65136755],[68.2694875,23.64955366],[68.2636404,23.64995646],[68.26326561,23.64847732],[68.25260294,23.64683604],[68.24422348,23.64753365],[68.24020755,23.64683342],[68.23858166,23.64790416],[68.23706746,23.6447854],[68.23371053,23.64477217],[68.23138285,23.6432054],[68.23141766,23.64317703],[68.23621357,23.6427685],[68.23731756,23.64291024],[68.24805415,23.64533842],[68.25922596,23.6459558],[68.27434802,23.64906681],[68.28110862,23.65192056],[68.28576231,23.65117693],[68.28996265,23.64820242],[68.30643034,23.64902568],[68.31097245,23.65205634],[68.31175041,23.65074253],[68.31159556,23.65012801],[68.30877626,23.64830732],[68.29925036,23.64735127],[68.29066563,23.64735091],[68.28036642,23.64896595],[68.27047896,23.64623475],[68.25806773,23.64467466],[68.25821817,23.64188063],[68.26047802,23.63983786],[68.25811923,23.64072835],[68.25587785,23.64505434],[68.24833083,23.64404464],[68.24494612,23.64179957],[68.24229503,23.6424973],[68.23569953,23.64125097],[68.23450696,23.64125836],[68.22942197,23.64154255],[68.22813213,23.64216626],[68.22493613,23.64428496],[68.22277725,23.64699197],[68.21915114,23.64448595],[68.21965551,23.6435523],[68.21413422,23.64285362],[68.21175277,23.64050591],[68.21078086,23.64037323],[68.21026886,23.64073157],[68.21167982,23.64327562],[68.21126866,23.64344287],[68.20754874,23.64183807],[68.20518064,23.64426923],[68.20779276,23.64597011],[68.20766997,23.64714408],[68.20421803,23.64718962],[68.203125,23.64592636],[68.19311726,23.6348623],[68.18646598,23.62382901],[68.18783498,23.61061513],[68.19130087,23.60701954],[68.19344735,23.60706735],[68.19762886,23.59690726],[68.203125,23.59458697],[68.2036221,23.59464276],[68.20522106,23.59650373],[68.20564795,23.60155892],[68.20602334,23.60181773],[68.20721698,23.60151076],[68.20839334,23.59962046],[68.21180093,23.60200644],[68.21454501,23.60048163],[68.21655393,23.60230994],[68.21646464,23.60593605],[68.22074294,23.60354066],[68.22271955,23.60613191],[68.22588873,23.60660982],[68.22791696,23.60444498],[68.22789586,23.60414445],[68.22526455,23.60421038],[68.22391927,23.60308754],[68.22372043,23.59965062],[68.22582984,23.59808195],[68.22566986,23.59759748],[68.22293353,23.596053],[68.21992791,23.59164238],[68.21982682,23.59137166],[68.22152662,23.58988476],[68.22331846,23.58916044],[68.23085415,23.58885777],[68.23311305,23.58695424],[68.23341227,23.59086335],[68.23628914,23.59079313],[68.23719776,23.59563482],[68.23757386,23.59572506],[68.23844898,23.59528208],[68.23893404,23.59248626],[68.24258006,23.59359038],[68.24328315,23.59347105],[68.24475086,23.59097993],[68.24561214,23.59059894],[68.24706304,23.59031856],[68.25085461,23.59101367],[68.25404251,23.59243846],[68.25447536,23.59277153],[68.25635982,23.59494996],[68.25621581,23.59561956],[68.25538886,23.59649217],[68.25410914,23.59651017],[68.2513659,23.59414792],[68.24922192,23.59403336],[68.24042118,23.59944522],[68.23998475,23.60095775],[68.24323595,23.60532892],[68.2421751,23.60588884],[68.24501097,23.60626841],[68.24510205,23.60415757],[68.2562983,23.60012913],[68.26022995,23.60209095],[68.26408601,23.60202837],[68.26416755,23.60214198],[68.26866007,23.60687315],[68.26975095,23.60985422],[68.26741183,23.61971927],[68.26758635,23.62021065],[68.27029598,23.62469423],[68.27561963,23.62802076],[68.2762531,23.63131404],[68.277776,23.63243425],[68.28150165,23.63194776],[68.28853774,23.62865567],[68.29243052,23.62865674],[68.298581,23.63055074],[68.30686676,23.63041043],[68.30884635,23.62708807],[68.31396937,23.62262273],[68.31382167,23.62234366],[68.30462515,23.62999165],[68.28670752,23.62726331],[68.27803147,23.63089836],[68.27304447,23.62079763],[68.27390444,23.61629212],[68.27816904,23.60970283],[68.28165805,23.61383641],[68.28302026,23.61159015],[68.28597081,23.61068213],[68.2881844,23.60575056],[68.28494763,23.60755134],[68.28205001,23.60727835],[68.28136623,23.60614324],[68.28646374,23.60469937],[68.29289675,23.6000303],[68.29152465,23.59938371],[68.28698254,23.60100436],[68.28338134,23.60041642],[68.28016615,23.59244263],[68.28021801,23.58876383],[68.27841568,23.59001875],[68.27974915,23.59479475],[68.27920961,23.59665275],[68.27609861,23.59677815],[68.27559805,23.59608972],[68.27442825,23.59281015],[68.27471292,23.59093654],[68.27706826,23.58589757],[68.28105104,23.58249021],[68.28295732,23.58368397],[68.28695321,23.57985806],[68.29134965,23.5787127],[68.2948724,23.57869005],[68.29633796,23.57954526],[68.29915893,23.58066571],[68.30137455,23.58422196],[68.30767715,23.58402097],[68.29987323,23.58771968],[68.29982495,23.59138632],[68.30426443,23.59623277],[68.30663204,23.58671641],[68.30860937,23.58657992],[68.31023061,23.58465707],[68.30894494,23.58297324],[68.31701434,23.58402443],[68.31457186,23.58796465],[68.31525815,23.5899322],[68.32467043,23.58821416],[68.33050728,23.58903706],[68.33997822,23.59504235],[68.34667611,23.5978415],[68.35132742,23.60477114],[68.35135186,23.60807645],[68.34813917,23.61550212],[68.35345066,23.61678314],[68.35318577,23.62123323],[68.35638547,23.62134635],[68.35897982,23.62737584],[68.36117971,23.62732446],[68.36235201,23.62899756],[68.37039304,23.63368785],[68.37316966,23.63861418],[68.37478161,23.63944018],[68.37606466,23.65131402],[68.38145241,23.65940154],[68.37707984,23.65139794],[68.37543881,23.64346385],[68.37572491,23.64316404],[68.37773478,23.64292693],[68.3813101,23.64400256],[68.3842417,23.64640534],[68.39061177,23.65430117],[68.39127076,23.65945256],[68.39393461,23.66060865],[68.39441085,23.66134512],[68.39563465,23.66417158],[68.39574015,23.66458917],[68.39514744,23.66653907],[68.40637863,23.69224536],[68.40800703,23.70186925],[68.41342151,23.71062374],[68.41645527,23.71805704],[68.41859531,23.72421086]],[[68.47258866,23.71494782],[68.47310936,23.71464491],[68.47416556,23.71473765],[68.47939944,23.71756637],[68.48230696,23.72067571],[68.47723007,23.7221266],[68.47430944,23.72124135],[68.47405064,23.72107065],[68.47154033,23.71663988],[68.47258866,23.71494782]],[[68.48260856,23.62782395],[68.48093212,23.62576771],[68.48156226,23.62318194],[68.47965884,23.61995006],[68.47600615,23.62000895],[68.47525704,23.61915743],[68.47402704,23.61994386],[68.47010887,23.61647332],[68.46998251,23.61621463],[68.46834266,23.60989642],[68.46973491,23.60444927],[68.46961856,23.60134888],[68.46739435,23.59633172],[68.46826124,23.59294236],[68.46866965,23.59278047],[68.47322762,23.59396553],[68.47727835,23.59127176],[68.48013175,23.59099853],[68.47975886,23.59733927],[68.47801435,23.60007453],[68.47814536,23.60424376],[68.47966516,23.60649216],[68.48299861,23.60695267],[68.48941052,23.60341537],[68.49086165,23.6038897],[68.49129558,23.60711658],[68.4895817,23.61440515],[68.49099362,23.62151074],[68.49042833,23.62402022],[68.48851466,23.62540114],[68.48369515,23.62142515],[68.48339307,23.62194765],[68.48691487,23.62713873],[68.48260856,23.62782395]],[[68.4820106,23.60624587],[68.48145604,23.60628593],[68.48000884,23.6054641],[68.47973597,23.60507631],[68.47909904,23.60268283],[68.47893775,23.60061872],[68.47909045,23.59997702],[68.48018432,23.59825945],[68.48057985,23.59799051],[68.48174822,23.59810925],[68.48266184,23.59852445],[68.48647881,23.60319221],[68.48647106,23.60354042],[68.4820106,23.60624587]],[[68.48099792,23.59198463],[68.47970486,23.59010303],[68.47334456,23.59312367],[68.46856141,23.59190094],[68.4631778,23.58382905],[68.46263552,23.58133185],[68.46504796,23.57912374],[68.46728945,23.57988143],[68.46749127,23.58286381],[68.46910048,23.582973],[68.47280061,23.57820427],[68.46804023,23.57795346],[68.46776748,23.57664025],[68.46108592,23.57523274],[68.45587444,23.57217598],[68.45476627,23.56751037],[68.4528445,23.56603181],[68.45415115,23.56363201],[68.45332468,23.56132185],[68.45175076,23.56152475],[68.45100415,23.56496108],[68.44887257,23.56552756],[68.44812965,23.56536818],[68.44535875,23.56350672],[68.44210625,23.56308424],[68.44188857,23.56063735],[68.44005454,23.55986643],[68.44135475,23.55849314],[68.43816495,23.55968463],[68.43784225,23.55954587],[68.43556273,23.55649257],[68.43432105,23.55381823],[68.4339143,23.55060565],[68.43606663,23.54948115],[68.43544996,23.54669607],[68.43035507,23.54279065],[68.43123448,23.53335154],[68.43016315,23.53340626],[68.43015575,23.53295577],[68.43028903,23.5324651],[68.43199277,23.53041756],[68.42958796,23.52329171],[68.43202496,23.52056897],[68.42914104,23.51539135],[68.42901838,23.51492393],[68.42892361,23.51073885],[68.43042576,23.50768864],[68.43068826,23.50755715],[68.43291998,23.50763547],[68.43428421,23.52160311],[68.43355763,23.52300763],[68.43715382,23.52336633],[68.43794155,23.52375233],[68.43981361,23.52606607],[68.43951726,23.52839541],[68.44229245,23.53450263],[68.44350851,23.53641176],[68.44633615,23.53979301],[68.44669831,23.54005384],[68.46075583,23.54871035],[68.46125042,23.54915535],[68.46228731,23.55381227],[68.46320164,23.55356014],[68.46373343,23.55061615],[68.46421027,23.55057526],[68.46827614,23.55283988],[68.46960747,23.5546875],[68.47037327,23.5546875],[68.47127342,23.55589998],[68.47116935,23.55608225],[68.46919405,23.55652881],[68.46881282,23.55723774],[68.46888626,23.55771375],[68.47389913,23.55777287],[68.47384882,23.56268847],[68.47410536,23.56294763],[68.47634065,23.56413043],[68.47942042,23.56230176],[68.47897208,23.56122124],[68.48118198,23.56112552],[68.48014665,23.56822073],[68.48555946,23.57570422],[68.48379827,23.5805186],[68.48379934,23.58356881],[68.48582113,23.58789146],[68.48555768,23.5916301],[68.48331487,23.59566724],[68.48283994,23.59611595],[68.48096406,23.59651351],[68.48029316,23.59644651],[68.48099792,23.59198463]],[[68.47054875,23.55296588],[68.46942902,23.54828727],[68.46762693,23.54821503],[68.45745277,23.54223573],[68.45745397,23.54062951],[68.45898354,23.53990257],[68.45733106,23.53747094],[68.45381737,23.53763604],[68.45368338,23.53671634],[68.45486987,23.53530455],[68.45899296,23.53651536],[68.46197093,23.53392005],[68.46037257,23.53425264],[68.46018136,23.53254175],[68.45857096,23.53218496],[68.45790136,23.53406405],[68.45705831,23.53174066],[68.4541105,23.53108275],[68.45338202,23.52877605],[68.45987654,23.53129423],[68.46404827,23.53569686],[68.46513355,23.53492296],[68.46990085,23.5384649],[68.47566271,23.53841841],[68.47743595,23.54102075],[68.47632372,23.54310608],[68.47867692,23.54281747],[68.48017156,23.54521263],[68.47941077,23.54866362],[68.48144925,23.55016065],[68.48154914,23.55280256],[68.47963476,23.5546875],[68.4795506,23.55515385],[68.47568464,23.5546875],[68.47574568,23.55454445],[68.47086465,23.55325794],[68.47054875,23.55296588]],[[68.48217213,23.55029023],[68.48227775,23.54689562],[68.48256552,23.54698241],[68.48319018,23.54867697],[68.48217213,23.55029023]],[[68.47209501,23.53581774],[68.47327685,23.53278554],[68.47247636,23.5309751],[68.47548664,23.53096926],[68.47647297,23.53275084],[68.47622395,23.53308356],[68.47525692,23.53300655],[68.4751327,23.53326404],[68.47311914,23.53688991],[68.47209501,23.53581774]],[[68.47249425,23.52873886],[68.47259438,23.52656245],[68.47067225,23.5267179],[68.47050345,23.52415144],[68.46901011,23.52442718],[68.47179866,23.52090621],[68.47450495,23.52210581],[68.47419822,23.52583361],[68.47453511,23.52657366],[68.47619104,23.52782333],[68.47597826,23.52826107],[68.47524667,23.52870715],[68.47249425,23.52873886]],[[68.47066164,23.52106023],[68.46764958,23.52407646],[68.46515536,23.51876581],[68.46322465,23.5184195],[68.46383846,23.51632297],[68.46502662,23.51538217],[68.46531844,23.51552975],[68.46604335,23.51758564],[68.46669197,23.51916552],[68.46757615,23.51964211],[68.46840918,23.5197643],[68.46765876,23.51760304],[68.4690876,23.51894641],[68.46984434,23.51797247],[68.47048032,23.51913774],[68.47064924,23.51991928],[68.47066164,23.52106023]],[[68.45175421,23.57315934],[68.45196736,23.57528126],[68.45515573,23.57456577],[68.46176076,23.57655144],[68.4620676,23.57684195],[68.46270537,23.57821035],[68.46128345,23.58196151],[68.46145964,23.58246362],[68.46566164,23.58866203],[68.46744788,23.59133518],[68.46753335,23.59177065],[68.46600127,23.59788513],[68.46320045,23.59939384],[68.46132195,23.59985876],[68.45792413,23.6001116],[68.45564568,23.5999943],[68.45452082,23.59911096],[68.45248854,23.59510815],[68.45249212,23.594576],[68.45316446,23.58835685],[68.45724726,23.58722305],[68.45623755,23.58395517],[68.45341468,23.5782485],[68.45282721,23.57767832],[68.45087326,23.57702231],[68.44980121,23.5796895],[68.44708812,23.58088195],[68.44468963,23.57826424],[68.44458866,23.57797277],[68.44532144,23.57658172],[68.44561195,23.57620335],[68.45175421,23.57315934]],[[68.44858992,23.59982264],[68.45210731,23.60264695],[68.45855355,23.60397625],[68.46656406,23.60086584],[68.46583974,23.61218417],[68.46694553,23.61795306],[68.46619475,23.62075174],[68.46460652,23.62259293],[68.45866811,23.62381232],[68.45588982,23.62475038],[68.45473027,23.62364662],[68.45163214,23.62398052],[68.44831586,23.62162411],[68.44459045,23.62164557],[68.44312537,23.61943567],[68.44010484,23.62028515],[68.43828464,23.61839843],[68.4368875,23.61900544],[68.43529201,23.61677873],[68.43496203,23.61621106],[68.43710816,23.60716116],[68.43998075,23.60570657],[68.44116914,23.60300815],[68.44166625,23.59691823],[68.43904614,23.59225237],[68.43887746,23.58919334],[68.44038224,23.58858776],[68.44075406,23.58657217],[68.44198787,23.58807766],[68.44244194,23.58839285],[68.44561756,23.58842146],[68.44480884,23.58990848],[68.44591844,23.59071004],[68.44858992,23.59982264]],[[68.25333202,23.58208931],[68.25522494,23.58302808],[68.25489044,23.58409846],[68.25776041,23.58467734],[68.25790405,23.5850569],[68.25765562,23.58560288],[68.25615156,23.58558321],[68.25575936,23.58873916],[68.25498044,23.59001446],[68.25448334,23.59020615],[68.24957144,23.58981121],[68.2480551,23.58913171],[68.24774575,23.58852828],[68.24537325,23.58868027],[68.24522674,23.5869565],[68.25083053,23.58716536],[68.24987543,23.58327425],[68.25032616,23.58293355],[68.25333202,23.58208931]],[[68.22766042,23.58517587],[68.22343075,23.58614504],[68.22257125,23.58580101],[68.22266805,23.58551908],[68.22432828,23.58410704],[68.22722125,23.58388436],[68.22827363,23.584378],[68.22766042,23.58517587]],[[68.21745956,23.58676255],[68.21560264,23.59132898],[68.21551025,23.58715236],[68.21710157,23.58642054],[68.21745956,23.58676255]],[[68.27446485,23.70119703],[68.27373314,23.70541143],[68.27163768,23.70499313],[68.27215636,23.7074275],[68.27374208,23.70806634],[68.27445102,23.70704675],[68.27812207,23.7100569],[68.27700281,23.70732975],[68.28055048,23.71118295],[68.28317022,23.71000183],[68.28971052,23.71855223],[68.29477024,23.72311008],[68.29424095,23.72458124],[68.28907967,23.7271806],[68.28591704,23.73046875],[68.28545105,23.73046875],[68.28504276,23.73179364],[68.28518415,23.73485553],[68.28553641,23.73537362],[68.29341996,23.74026203],[68.28812563,23.74611115],[68.28582633,23.75132644],[68.28596807,23.75448954],[68.28711116,23.75415647],[68.28913713,23.7479552],[68.29329491,23.74385715],[68.29455495,23.7407304],[68.29318881,23.73775828],[68.28668642,23.73422766],[68.28657568,23.73229694],[68.28789032,23.73046875],[68.28804791,23.73046875],[68.28998876,23.72835553],[68.29030132,23.72817135],[68.29603708,23.72593415],[68.29981661,23.72803187],[68.30774498,23.73016024],[68.31285512,23.73018956],[68.31408942,23.73183095],[68.31819654,23.73161423],[68.32428706,23.73425555],[68.31861305,23.75482345],[68.31597435,23.76329684],[68.31475472,23.77065575],[68.31393051,23.78661466],[68.32212865,23.80345464],[68.32229996,23.80434906],[68.32208312,23.80468631],[68.31936765,23.80650103],[68.31813312,23.80819547],[68.31303525,23.82112157],[68.30942977,23.82325113],[68.30708945,23.82359505],[68.30422425,23.82290018],[68.29052556,23.81665266],[68.29035127,23.81641507],[68.29313385,23.81365252],[68.29722094,23.8116883],[68.29823208,23.80383897],[68.29807365,23.80359757],[68.29033196,23.79972935],[68.27796555,23.79637277],[68.27591455,23.79518092],[68.27369034,23.7921561],[68.27331793,23.7911185],[68.27149844,23.77976406],[68.26774585,23.77194011],[68.26692092,23.76525986],[68.26444435,23.75962615],[68.26508963,23.75342238],[68.26718652,23.75131202],[68.26862216,23.75184262],[68.26921177,23.7495048],[68.26921475,23.74855065],[68.26793826,23.74256277],[68.26356638,23.73790705],[68.26624155,23.73046875],[68.26613235,23.73046875],[68.26610005,23.72955811],[68.26529205,23.72646475],[68.26366496,23.72307384],[68.25825381,23.71835434],[68.25767434,23.71680725],[68.25781417,23.71575308],[68.25858915,23.71456754],[68.26748002,23.70490181],[68.27166832,23.70363283],[68.2741363,23.70138335],[68.27446485,23.70119703]],[[68.34040594,23.77753675],[68.34195435,23.77711725],[68.34401071,23.77736366],[68.34412241,23.77746022],[68.34696496,23.78031445],[68.34727347,23.78139937],[68.34959805,23.80021214],[68.34744597,23.79945886],[68.34664476,23.79830503],[68.34467685,23.79480124],[68.34162736,23.78799415],[68.34010196,23.78222024],[68.33979571,23.77868295],[68.34040594,23.77753675]],[[68.44857836,23.73046875],[68.44915354,23.73022461],[68.45040774,23.73046875],[68.45065093,23.73157728],[68.44990015,23.73160446],[68.4483397,23.73236465],[68.44740295,23.73175085],[68.44857836,23.73046875]],[[68.35745275,23.85083211],[68.37149703,23.85856724],[68.37299275,23.86842227],[68.37561715,23.87457311],[68.37759292,23.87617815],[68.38862181,23.87601972],[68.39344215,23.88018036],[68.4112488,23.8727982],[68.41710544,23.87236094],[68.41816771,23.87625813],[68.41548824,23.8794018],[68.40919971,23.88327742],[68.40870285,23.88426602],[68.40886366,23.88491511],[68.41514266,23.89106715],[68.42195237,23.89440048],[68.42291904,23.89466238],[68.42927492,23.89567804],[68.42768764,23.89400613],[68.41918576,23.89199054],[68.41081774,23.88518214],[68.42086232,23.87649155],[68.41961372,23.8722074],[68.41977704,23.87098277],[68.42020977,23.87046134],[68.42537725,23.86643875],[68.42629707,23.86450136],[68.44199264,23.87035656],[68.44235313,23.87064576],[68.44223416,23.87452698],[68.44402325,23.87816942],[68.44903564,23.87946415],[68.45215428,23.88249493],[68.44897234,23.89156544],[68.44854391,23.89692354],[68.44713104,23.89882672],[68.44872391,23.89855254],[68.45092225,23.90067697],[68.45036721,23.90436792],[68.44471753,23.90580046],[68.44430971,23.90625],[68.44451904,23.90625],[68.44291627,23.90860975],[68.44435537,23.90884745],[68.44696045,23.90625],[68.44718576,23.90582776],[68.44990325,23.90548801],[68.45073664,23.90573156],[68.45092773,23.90625],[68.45143723,23.91319644],[68.44451726,23.91254091],[68.44653964,23.91533983],[68.45149553,23.91422641],[68.45176983,23.91542315],[68.45126665,23.91697514],[68.44896603,23.91920376],[68.4450978,23.91731524],[68.44431531,23.91889644],[68.45106292,23.92107952],[68.45303166,23.92318225],[68.45472181,23.92907906],[68.45873952,23.93063176],[68.45885491,23.93088067],[68.45536852,23.93451154],[68.45293915,23.936607],[68.45083952,23.93774974],[68.44892514,23.93829525],[68.44784856,23.93839288],[68.44139254,23.93462074],[68.43638444,23.93575311],[68.42944872,23.93402004],[68.42780042,23.93337297],[68.42733908,23.93289053],[68.42658687,23.93065882],[68.4204123,23.92097294],[68.42018783,23.92076874],[68.40608406,23.91271782],[68.39064097,23.90715063],[68.38623035,23.90625],[68.37174511,23.90673292],[68.36362135,23.90575266],[68.36298525,23.90554666],[68.35319471,23.90054882],[68.35043705,23.8960731],[68.35042918,23.89134455],[68.35345805,23.88377738],[68.35569453,23.88449693],[68.35454011,23.88806725],[68.3575623,23.89338303],[68.36752224,23.89309394],[68.36635041,23.89216483],[68.36760283,23.8907212],[68.36498201,23.89222455],[68.35893905,23.89308012],[68.35561311,23.88828921],[68.35551727,23.88796401],[68.35677981,23.88451445],[68.35474515,23.88076484],[68.35676801,23.87389815],[68.35676801,23.86320114],[68.35034203,23.84610677],[68.35038602,23.84607685],[68.35305536,23.84572446],[68.35745275,23.85083211]],[[68.08737457,23.70455873],[68.08752263,23.70497453],[68.09206665,23.70619631],[68.0926764,23.70676255],[68.09280205,23.70735216],[68.09124208,23.70797825],[68.08599067,23.70522523],[68.08446693,23.70606124],[68.08508766,23.70422244],[68.08745575,23.70289731],[68.08831716,23.70360744],[68.08737457,23.70455873]],[[68.07592428,23.70556676],[68.07636976,23.70613015],[68.07640803,23.70768166],[68.07262504,23.70507336],[68.07452702,23.70460868],[68.07592428,23.70556676]],[[68.07050371,23.70666838],[68.07305157,23.70794475],[68.07325673,23.7082566],[68.07339728,23.70930243],[68.07200325,23.71259046],[68.07286382,23.71770144],[68.07141554,23.7203989],[68.06965554,23.72068346],[68.07055092,23.72109115],[68.07292914,23.72027552],[68.07543027,23.71676934],[68.07843554,23.72012365],[68.07982361,23.71195281],[68.0854665,23.71045136],[68.08758402,23.71064234],[68.08848882,23.71108377],[68.08972895,23.71316135],[68.09858942,23.71462047],[68.09525251,23.71543515],[68.09762442,23.71689522],[68.10161316,23.71623886],[68.10612011,23.71654844],[68.10818934,23.71711481],[68.10946906,23.71820104],[68.10976446,23.71858573],[68.1096462,23.72019303],[68.10924017,23.72038674],[68.10245085,23.72028255],[68.10662973,23.72071505],[68.10849345,23.7225703],[68.10763526,23.72649205],[68.10541785,23.72865498],[68.10541785,23.73046875],[68.10555327,23.73046875],[68.10652494,23.73225236],[68.10695386,23.73248076],[68.10858667,23.73215413],[68.1086421,23.73185635],[68.10663545,23.73046875],[68.10636747,23.72937751],[68.10692215,23.72843885],[68.11050773,23.72613072],[68.11091411,23.72167695],[68.11352468,23.72044265],[68.12065935,23.72106051],[68.12248063,23.71568072],[68.12722266,23.71378493],[68.12762976,23.71637297],[68.12940776,23.71720481],[68.13025761,23.71317315],[68.13129735,23.71368265],[68.13256145,23.71243763],[68.13134325,23.70970941],[68.13292491,23.7075448],[68.14166653,23.70474768],[68.14305747,23.70557785],[68.14891374,23.7045933],[68.15817416,23.70761144],[68.15568531,23.71150887],[68.16180921,23.72217453],[68.16169167,23.72260761],[68.1595633,23.72764075],[68.15932143,23.72789586],[68.15301836,23.72803903],[68.14833176,23.72956085],[68.14681411,23.73046875],[68.14504373,23.73105276],[68.14219165,23.73361838],[68.14290512,23.73409593],[68.14763105,23.73046875],[68.15300393,23.72887611],[68.15790081,23.72859085],[68.16252232,23.72913325],[68.16372657,23.72992587],[68.16446817,23.73046875],[68.16470623,23.73046875],[68.16387975,23.73493648],[68.16414738,23.73595655],[68.16671443,23.73957396],[68.16911471,23.74012005],[68.16798615,23.74406076],[68.17453086,23.75238597],[68.17572606,23.75622523],[68.17767024,23.75719035],[68.1807878,23.76225615],[68.18811846,23.76913393],[68.19272673,23.77720475],[68.19455516,23.78344715],[68.19455516,23.79496443],[68.19161153,23.80212927],[68.18943608,23.81418335],[68.18814874,23.83497942],[68.18792915,23.83532965],[68.18646514,23.83758295],[68.18316412,23.83886111],[68.17792642,23.83694553],[68.17254007,23.83193707],[68.15539825,23.8282094],[68.14262426,23.8283745],[68.13833916,23.82616436],[68.13662434,23.82783127],[68.13449597,23.82804906],[68.12003863,23.82568586],[68.11372375,23.82596791],[68.09897053,23.817981],[68.09862483,23.81767035],[68.09584785,23.81383407],[68.09461618,23.81212986],[68.09416592,23.81116462],[68.09412718,23.80926323],[68.09542537,23.80804217],[68.09625781,23.80751622],[68.11605203,23.80065191],[68.12587345,23.79613447],[68.12658072,23.79496086],[68.12620234,23.79475641],[68.12309885,23.79540765],[68.11518347,23.79935658],[68.09631574,23.80559051],[68.09209597,23.80628932],[68.08620191,23.805233],[68.08547092,23.80506802],[68.08512604,23.80456674],[68.08511615,23.80036485],[68.08367467,23.79869938],[68.08401537,23.79534996],[68.08186674,23.79311538],[68.08173561,23.78980541],[68.08032095,23.78779912],[68.08138704,23.78356898],[68.08028901,23.77932191],[68.08206928,23.77732086],[68.08130312,23.77617323],[68.08390272,23.77417004],[68.08166337,23.7731204],[68.08066452,23.77507603],[68.07923198,23.77414834],[68.07905996,23.77379191],[68.07848394,23.76622105],[68.08094776,23.76493311],[68.07784033,23.76372385],[68.07920134,23.76225054],[68.07893765,23.75986195],[68.07904291,23.75974965],[68.08184731,23.75835407],[68.08328366,23.75624895],[68.08415341,23.75626981],[68.08461785,23.75714982],[68.08423007,23.75984168],[68.08723998,23.76211512],[68.09108055,23.77303064],[68.09489357,23.7750957],[68.09528613,23.77501607],[68.09588325,23.77420926],[68.09156525,23.77077723],[68.09149516,23.76773846],[68.08752406,23.75859988],[68.08788395,23.75398076],[68.08478475,23.75063574],[68.08024216,23.74973786],[68.07794762,23.75038946],[68.0770663,23.74834085],[68.07157981,23.74840188],[68.06907427,23.74944961],[68.06890166,23.74948776],[68.06548095,23.74651277],[68.06523216,23.74595213],[68.06607223,23.7420789],[68.06458294,23.73658895],[68.0620892,23.73549867],[68.06119823,23.73693645],[68.05783594,23.73431122],[68.05602086,23.73289478],[68.05586004,23.73180628],[68.05608857,23.73138297],[68.05890203,23.73046875],[68.0591315,23.72986424],[68.05565715,23.72760856],[68.05561078,23.72644818],[68.05773306,23.72264671],[68.05964458,23.72193754],[68.05954826,23.72037077],[68.06095707,23.72051656],[68.05983794,23.71877468],[68.06164801,23.71335435],[68.06182301,23.71299815],[68.06259072,23.71180368],[68.06611025,23.71045697],[68.06467855,23.70947182],[68.06494653,23.70831525],[68.06763637,23.70675123],[68.07050371,23.70666838]],[[68.00009394,23.75913024],[67.99429393,23.76394105],[67.99095511,23.76287436],[67.9906404,23.76296163],[67.99025965,23.76459694],[67.98972845,23.76211345],[67.99076676,23.76162934],[67.99365544,23.76194668],[67.99129403,23.75956857],[67.99216628,23.75698602],[68.00019515,23.75761724],[68.00009394,23.75913024]],[[67.9406147,23.77003956],[67.94161546,23.77050507],[67.94043684,23.77249455],[67.93954337,23.77152467],[67.93999243,23.77066255],[67.9406147,23.77003956]],[[68.21631694,23.76460266],[68.21509445,23.75845766],[68.21642292,23.75611246],[68.21769631,23.75583386],[68.22279096,23.76077676],[68.22409105,23.76375151],[68.22095895,23.77570355],[68.21638691,23.77930415],[68.21547735,23.77825224],[68.21473193,23.76844311],[68.21622074,23.76674676],[68.21645784,23.76540935],[68.21631694,23.76460266]],[[68.09788203,23.70842493],[68.10085118,23.71074164],[68.10378945,23.71106422],[68.10063934,23.71179974],[68.09764445,23.70976865],[68.09315896,23.70896172],[68.09445906,23.70737684],[68.09369326,23.70630026],[68.09410143,23.70605302],[68.09770441,23.70532656],[68.09788203,23.70842493]],[[68.10699844,23.71058965],[68.10825467,23.71014845],[68.10853732,23.71045256],[68.10936165,23.71108186],[68.10892391,23.71186447],[68.10562301,23.71291792],[68.10516965,23.71175921],[68.10591376,23.71098018],[68.10699844,23.71058965]],[[67.93988252,23.77327955],[67.94009841,23.77520132],[67.93945503,23.77647471],[67.93735623,23.77794552],[67.93919551,23.77371395],[67.93988252,23.77327955]],[[67.67855012,23.80701447],[67.67916155,23.80850136],[67.67537117,23.80844331],[67.67360985,23.81045055],[67.67381227,23.81194282],[67.67751324,23.81350076],[67.67905605,23.81216848],[67.68110693,23.81489193],[67.68480825,23.82890511],[67.68992686,23.83272791],[67.6907953,23.83467257],[67.68911028,23.84032404],[67.69042885,23.84224916],[67.69076908,23.83796215],[67.69097626,23.83750772],[67.69477725,23.83374155],[67.69506252,23.83260202],[67.69496214,23.83207226],[67.69464028,23.83148253],[67.6932224,23.83272731],[67.691154,23.83231115],[67.69088864,23.83210635],[67.68815053,23.82818186],[67.68664145,23.82766426],[67.68450344,23.82380021],[67.68456233,23.81824911],[67.68467665,23.81762016],[67.68641221,23.81457376],[67.68984222,23.81309843],[67.69117558,23.81284404],[67.69223642,23.81295645],[67.69471264,23.81520176],[67.69501436,23.81495655],[67.69566917,23.81377757],[67.69567013,23.81346405],[67.6946125,23.80999184],[67.694736,23.80943024],[67.69551444,23.8078382],[67.69653714,23.80753887],[67.71354711,23.80946016],[67.72062755,23.81212795],[67.72070456,23.81383026],[67.72638154,23.81286395],[67.72702205,23.81294072],[67.72788811,23.81380248],[67.72787285,23.81650472],[67.72749746,23.81707191],[67.72210336,23.82114017],[67.72372925,23.82350373],[67.72115481,23.8257066],[67.72092497,23.82969522],[67.70969355,23.84659612],[67.70883095,23.85281014],[67.70360744,23.86366355],[67.70223534,23.86940455],[67.70255876,23.87502337],[67.69872642,23.87860286],[67.69300306,23.88800645],[67.68483567,23.88779461],[67.68313575,23.88542855],[67.67833495,23.88238871],[67.67426515,23.88222444],[67.66996014,23.87989545],[67.66022635,23.87949884],[67.65906215,23.87733448],[67.65348184,23.87481284],[67.65606678,23.86543632],[67.65554595,23.86357045],[67.65382957,23.86217797],[67.64986384,23.86216521],[67.64749432,23.86423326],[67.64735508,23.8642832],[67.64433646,23.86414134],[67.64344406,23.86229265],[67.64325225,23.86019027],[67.64436257,23.85641205],[67.64078701,23.85477436],[67.64085484,23.84997356],[67.64298761,23.84937644],[67.64518511,23.85070777],[67.65169716,23.84993196],[67.65342665,23.84615326],[67.65723085,23.84394646],[67.65967107,23.83992612],[67.66213262,23.83878088],[67.66644967,23.84252465],[67.67017412,23.84262097],[67.67188084,23.84551108],[67.67241848,23.85170507],[67.67289257,23.84500575],[67.66945875,23.84051645],[67.66638804,23.84115195],[67.66346467,23.83789241],[67.66200185,23.83769095],[67.65976596,23.83815467],[67.65624106,23.8427304],[67.65150595,23.84141254],[67.65110993,23.83490014],[67.64923644,23.82997584],[67.65064013,23.82761824],[67.65295506,23.82826221],[67.65096605,23.82602704],[67.6504004,23.82296812],[67.65409541,23.81646955],[67.65712178,23.81534398],[67.66014647,23.81726313],[67.66144836,23.81331468],[67.66816616,23.81282306],[67.67123401,23.81101763],[67.67446101,23.8069576],[67.67563522,23.80650616],[67.67646193,23.80643165],[67.67855012,23.80701447]],[[67.64844096,23.835078],[67.64768088,23.84094131],[67.64387524,23.83694315],[67.64364517,23.83640277],[67.64342082,23.83356476],[67.64369142,23.83326483],[67.64560926,23.83319056],[67.64725602,23.83343661],[67.64758837,23.83361495],[67.64825368,23.83465052],[67.64844096,23.835078]],[[67.62829626,23.84871614],[67.63050115,23.85019243],[67.6307255,23.85194504],[67.63048565,23.85379243],[67.62542558,23.85722613],[67.62406588,23.86167514],[67.62284982,23.86229706],[67.62653613,23.86242998],[67.63016808,23.85993433],[67.62661445,23.86864793],[67.6270349,23.87150431],[67.62842357,23.87205768],[67.62735474,23.88532186],[67.63179112,23.9049443],[67.63617802,23.91115224],[67.64062798,23.92423654],[67.63984823,23.93139887],[67.63937354,23.93249083],[67.63933861,23.93249071],[67.63473511,23.93247771],[67.63281786,23.93105042],[67.62719667,23.93144834],[67.62593472,23.93105042],[67.62449872,23.92987442],[67.62520444,23.92536986],[67.62043285,23.92129076],[67.61901855,23.91810823],[67.61738086,23.91681027],[67.61294413,23.91838467],[67.61283612,23.90925336],[67.61169434,23.90625],[67.61159742,23.90625],[67.60906005,23.89744401],[67.60893226,23.89639938],[67.61053932,23.8872503],[67.61098194,23.88665366],[67.61849391,23.88352156],[67.61866093,23.87638915],[67.62145352,23.87235677],[67.62156546,23.87209606],[67.62158215,23.86985552],[67.61871004,23.86525714],[67.61403084,23.86757004],[67.61095536,23.86481583],[67.61245525,23.86201966],[67.61165416,23.86101305],[67.61255252,23.85867965],[67.61741746,23.85145283],[67.61841536,23.85153794],[67.61892295,23.85350025],[67.62117374,23.85132337],[67.62181187,23.85100436],[67.62524366,23.85092771],[67.62692547,23.84884822],[67.62770426,23.84856772],[67.62829626,23.84871614]],[[67.61773074,23.92050421],[67.61415577,23.92072392],[67.61603975,23.91908717],[67.61741555,23.91920877],[67.61773074,23.92050421]],[[67.64587951,23.88092065],[67.64581263,23.87857854],[67.64389765,23.87565935],[67.64391804,23.87039626],[67.64539194,23.86912107],[67.64814961,23.86919427],[67.64951158,23.86482656],[67.64995944,23.86466265],[67.65314341,23.86414325],[67.65348947,23.86444783],[67.65222704,23.87372518],[67.65347815,23.87639606],[67.65411317,23.87704384],[67.66028452,23.88054812],[67.66149998,23.88094687],[67.66711474,23.88076866],[67.67697704,23.88312101],[67.68090451,23.88458335],[67.68350577,23.88781214],[67.68448925,23.88822544],[67.69022763,23.88919902],[67.6933645,23.88902533],[67.69572055,23.88657916],[67.69731534,23.88213086],[67.70135856,23.87639821],[67.70258164,23.87596822],[67.70471001,23.87561905],[67.70989943,23.87787998],[67.71883655,23.87793195],[67.72354841,23.87938595],[67.72370446,23.87968385],[67.72238445,23.88250113],[67.71727824,23.88385725],[67.71376956,23.88606918],[67.7133162,23.88648403],[67.70984983,23.89154351],[67.70798147,23.90006983],[67.7081604,23.90746224],[67.71009088,23.91592741],[67.70113266,23.92526305],[67.69742322,23.92853046],[67.69495595,23.92992353],[67.69264972,23.93049395],[67.68707502,23.93080533],[67.68102014,23.93087792],[67.67215574,23.93629575],[67.65880966,23.93242013],[67.65552735,23.93097365],[67.6535238,23.92846906],[67.65377724,23.92489243],[67.65173376,23.91783917],[67.64864242,23.91318548],[67.64283204,23.90791845],[67.63894248,23.89739096],[67.63881743,23.89656031],[67.63905525,23.89410198],[67.64073181,23.89222515],[67.64170384,23.88761735],[67.64587951,23.88092065]],[[67.69067955,23.93612587],[67.69082308,23.93597174],[67.69201255,23.9369266],[67.70664704,23.9582324],[67.71281266,23.96499193],[67.71322882,23.96864033],[67.70973325,23.97504151],[67.71090865,23.9797194],[67.71468735,23.98294163],[67.72036576,23.98486614],[67.7305603,23.98577011],[67.73222792,23.98730004],[67.72460318,23.99140155],[67.72058845,23.99574876],[67.72028553,23.9962393],[67.71945536,23.99937987],[67.71966136,24.00757241],[67.71951807,24.00842512],[67.71684945,24.01477385],[67.71683431,24.0148375],[67.70916355,24.01334965],[67.70791638,24.01252365],[67.70774901,24.00784433],[67.70674574,24.00716031],[67.70002174,24.00923705],[67.69701183,24.00634181],[67.68199515,24.0014801],[67.68065155,23.99951124],[67.68065417,23.99487901],[67.67809677,23.99208498],[67.67777002,23.99199605],[67.67547143,23.99437284],[67.67192018,23.99404347],[67.67140174,23.99419677],[67.66663826,23.99706316],[67.66197276,23.99847805],[67.66146421,23.99838066],[67.65626645,23.99226093],[67.65602827,23.99060833],[67.65613723,23.98920786],[67.65805066,23.98589897],[67.65907443,23.97982836],[67.65933394,23.97919142],[67.66468895,23.9754883],[67.67626977,23.97062325],[67.67727423,23.96801305],[67.67721212,23.95929718],[67.67709565,23.958691],[67.67635882,23.95598805],[67.67358851,23.95195127],[67.66989636,23.94847167],[67.66115797,23.94279528],[67.65738475,23.94219065],[67.64955151,23.93824863],[67.66484797,23.94273448],[67.67687523,23.94440281],[67.68491471,23.94247866],[67.69067955,23.93612587]],[[67.71834421,23.97331595],[67.71919656,23.97327614],[67.72596836,23.97455335],[67.72793114,23.9755249],[67.72837687,23.97603381],[67.73021662,23.97981381],[67.73051095,23.98007906],[67.73314798,23.98095381],[67.75032306,23.97663915],[67.75959921,23.97982252],[67.75989616,23.98001945],[67.75792634,23.98443675],[67.75195432,23.98631406],[67.75153625,23.98847628],[67.75630164,23.99714065],[67.75764334,24.00464535],[67.76424098,24.01417625],[67.76404238,24.01665235],[67.76313794,24.01758325],[67.76135504,24.01838672],[67.75515044,24.01844466],[67.74025154,24.02113402],[67.7314254,24.02073443],[67.73028016,24.02084065],[67.72485185,24.02207184],[67.72269857,24.02134538],[67.72105741,24.02027535],[67.72086418,24.01994646],[67.72011805,24.01567864],[67.72179055,24.01235986],[67.72312808,23.99754608],[67.72664332,23.99389327],[67.73260558,23.99107754],[67.73460007,23.98792446],[67.73447227,23.98743165],[67.73332465,23.98503721],[67.73061514,23.98332655],[67.71698952,23.98008335],[67.71733534,23.97433305],[67.71744645,23.97389376],[67.71834421,23.97331595]],[[67.63649905,23.8755964],[67.63456976,23.87999725],[67.63371372,23.87921321],[67.63358402,23.87579155],[67.63430095,23.87295127],[67.63493645,23.87260544],[67.63649905,23.8755964]],[[67.72992647,23.87419105],[67.72767222,23.87145507],[67.72360468,23.86944985],[67.71944952,23.86944914],[67.71076095,23.87184536],[67.70840776,23.87073266],[67.70826662,23.87036037],[67.71156216,23.86703634],[67.71214378,23.86596048],[67.71578503,23.85550153],[67.71786582,23.85414088],[67.71898246,23.85056305],[67.72280395,23.84755075],[67.72956574,23.84547853],[67.73018825,23.84512115],[67.73658395,23.84020114],[67.7428745,23.84185147],[67.74319351,23.84200203],[67.74774015,23.84514511],[67.74854767,23.84608185],[67.74831343,23.84731758],[67.74672437,23.84877646],[67.74567187,23.84949493],[67.73939896,23.85420525],[67.73938751,23.85670221],[67.74354482,23.86474371],[67.74341667,23.8650918],[67.74073315,23.86858904],[67.7383697,23.86954415],[67.73537421,23.87291038],[67.72992647,23.87419105]],[[67.76165843,23.82495773],[67.76201963,23.82481515],[67.76219344,23.82491553],[67.76217461,23.82515943],[67.76203108,23.82544792],[67.76186955,23.82573903],[67.76167774,23.82604253],[67.7614516,23.82639253],[67.76117063,23.82678735],[67.76095402,23.82714152],[67.76076937,23.82745361],[67.76057208,23.82775044],[67.7602818,23.82801175],[67.75995052,23.82818675],[67.75975192,23.82798553],[67.75986254,23.82770634],[67.76001167,23.82742703],[67.76015961,23.82714796],[67.76031995,23.82687032],[67.76046276,23.82659507],[67.76061094,23.82632124],[67.76074922,23.82603693],[67.76094008,23.82571471],[67.76123023,23.82533026],[67.76165843,23.82495773]],[[67.76428235,23.8246814],[67.76710415,23.82118881],[67.76644576,23.82398963],[67.76545465,23.82428265],[67.76428235,23.8246814]],[[67.83257866,23.88698757],[67.83038366,23.89291942],[67.82734942,23.89157963],[67.82701695,23.89083326],[67.82693255,23.88965297],[67.82739234,23.88696074],[67.82792294,23.88579035],[67.82917237,23.88467324],[67.83098483,23.88306582],[67.83121145,23.88351011],[67.83257866,23.88642263],[67.83257866,23.88698757]],[[67.57402945,23.88507426],[67.57373285,23.88818097],[67.57179761,23.89168525],[67.57221103,23.89220464],[67.57309592,23.8922677],[67.57602632,23.89001536],[67.57561696,23.88770866],[67.57670093,23.88808823],[67.57761717,23.88876235],[67.57814574,23.89051127],[67.57627726,23.89348936],[67.57893968,23.89888883],[67.5790745,23.91866791],[67.58669448,23.92749393],[67.58999026,23.93304956],[67.59027791,23.93453193],[67.59030044,23.93485403],[67.58883464,23.93568766],[67.58774388,23.93617821],[67.58483744,23.9356178],[67.58438385,23.93572497],[67.58085656,23.93722856],[67.57980931,23.93774867],[67.57430661,23.93780851],[67.56599045,23.9396677],[67.56542373,23.93986845],[67.56004417,23.94337535],[67.55948257,23.94396305],[67.55459416,23.95127702],[67.55226171,23.95258224],[67.55106795,23.95276928],[67.54902506,23.95251083],[67.54834366,23.95225573],[67.54699695,23.9510324],[67.54635453,23.94071662],[67.54455686,23.93634117],[67.53469205,23.92657447],[67.53357506,23.92053974],[67.53130138,23.92178833],[67.53268588,23.91557455],[67.53043997,23.91049254],[67.53031635,23.90819824],[67.53062606,23.90718734],[67.53092122,23.90702272],[67.53433764,23.90823257],[67.53712535,23.91263795],[67.54301965,23.91787565],[67.54681265,23.9151057],[67.54551375,23.91784537],[67.54601121,23.91973245],[67.54364061,23.91988647],[67.54545915,23.92170417],[67.54586864,23.92181957],[67.54982567,23.91654456],[67.55389786,23.91738164],[67.55788195,23.91734672],[67.55879223,23.91674435],[67.55945826,23.91540468],[67.55929923,23.91502214],[67.5565927,23.91223025],[67.55868006,23.91169691],[67.56183624,23.91362095],[67.56218302,23.91337895],[67.56141865,23.91027701],[67.56228852,23.90806174],[67.56408691,23.90625],[67.56500244,23.90625],[67.56583512,23.90743613],[67.56805408,23.90625],[67.56830013,23.90625],[67.56887424,23.90561354],[67.56853068,23.90471864],[67.56224751,23.90090942],[67.56629622,23.89259815],[67.56297076,23.89505124],[67.56140566,23.89491308],[67.56653655,23.88954484],[67.56779885,23.88629174],[67.56975913,23.88473284],[67.57372355,23.8845427],[67.57402945,23.88507426]],[[67.55725121,23.90164018],[67.55683243,23.90184605],[67.55720687,23.89953673],[67.55981934,23.89797175],[67.56023848,23.89830864],[67.55997527,23.90004122],[67.55725121,23.90164018]],[[67.55376446,23.90341711],[67.55319262,23.90371501],[67.55561805,23.90209413],[67.55672646,23.90329945],[67.55376446,23.90341711]],[[67.55634737,23.90506411],[67.55610347,23.90625],[67.55584705,23.90625],[67.55542541,23.90670216],[67.55370355,23.90774775],[67.55248845,23.90705454],[67.55279541,23.90625],[67.55305445,23.90625],[67.5547955,23.90376925],[67.55614603,23.90442634],[67.55634737,23.90506411]],[[67.55136991,23.90438545],[67.55183494,23.90625],[67.55157471,23.90625],[67.5514909,23.90664506],[67.55214643,23.90885341],[67.55133593,23.90926826],[67.55086052,23.90923691],[67.55023551,23.90862095],[67.55012345,23.90708327],[67.55031025,23.90625],[67.55136991,23.90438545]],[[67.43853164,23.96889114],[67.43831825,23.97079217],[67.43695843,23.97128785],[67.43703437,23.96941948],[67.43729496,23.96905041],[67.43853164,23.96889114]],[[67.41171944,23.99954891],[67.41026914,24.00386417],[67.40870142,24.00570452],[67.40825415,24.00597084],[67.40851724,24.00429678],[67.41171944,23.99954891]],[[67.47823668,24.03543162],[67.47573781,24.03685892],[67.47021282,24.0308125],[67.46991241,24.02998936],[67.470173,24.02938354],[67.47198796,24.02888513],[67.47834647,24.0322746],[67.47838855,24.03231823],[67.47873426,24.03364217],[67.47896588,24.03413844],[67.48036838,24.03470671],[67.47823668,24.03543162]],[[68.4806962,23.50108576],[68.47859478,23.49812782],[68.47897363,23.49666476],[68.48071003,23.49573326],[68.48232114,23.49484944],[68.48161566,23.49152791],[68.48123348,23.49138391],[68.47808802,23.49220681],[68.47706127,23.49414611],[68.47654724,23.49454737],[68.47399724,23.49572754],[68.47361135,23.49565446],[68.47310126,23.49371254],[68.47413886,23.48949277],[68.47503555,23.48943496],[68.47488618,23.48668575],[68.47527456,23.48656547],[68.47718132,23.48825061],[68.47796655,23.4885267],[68.48197615,23.48893642],[68.48306704,23.49131167],[68.48428702,23.49065363],[68.48532796,23.48705482],[68.48479223,23.48508692],[68.48413718,23.48499405],[68.48085403,23.48613584],[68.47638404,23.48586786],[68.47549856,23.48218584],[68.47397745,23.48139298],[68.47417772,23.48084784],[68.47738123,23.47863293],[68.48090756,23.47771347],[68.48138344,23.47783673],[68.48683846,23.48596156],[68.48544133,23.48814082],[68.48561156,23.49140227],[68.48563755,23.49515414],[68.48321354,23.49918282],[68.4806962,23.50108576]],[[68.48725533,23.48655915],[68.48745847,23.48633862],[68.48821676,23.48703694],[68.48961794,23.49222672],[68.48958433,23.49299634],[68.48927236,23.49321902],[68.48800111,23.49219394],[68.48793626,23.49278724],[68.48665857,23.49514043],[68.48609173,23.48922265],[68.48725533,23.48655915]],[[68.50933671,23.49236715],[68.5112282,23.49066913],[68.51141286,23.49190998],[68.50981963,23.49257636],[68.50933671,23.49236715]],[[68.50691557,23.49228835],[68.50603342,23.49235976],[68.50676537,23.49071705],[68.50710213,23.49037015],[68.50845492,23.49027085],[68.50785577,23.49176466],[68.50691557,23.49228835]],[[68.49110425,23.48640645],[68.48741293,23.48539925],[68.48701286,23.48509002],[68.48291457,23.47920907],[68.4821763,23.47787452],[68.48517334,23.47628403],[68.48762631,23.47322381],[68.48835933,23.47336531],[68.49091125,23.47531855],[68.4946804,23.47631276],[68.49751902,23.47918165],[68.4976685,23.47950983],[68.4973371,23.4848237],[68.49858785,23.48909295],[68.49593174,23.48686755],[68.49110425,23.48640645]],[[68.49549604,23.47332954],[68.49782288,23.46960545],[68.49835408,23.46277964],[68.49996924,23.46017182],[68.49901414,23.45830417],[68.50001347,23.45545757],[68.50046146,23.45521605],[68.50085807,23.45550716],[68.50235271,23.4580698],[68.50152826,23.46331012],[68.49970281,23.46407783],[68.49971962,23.46454823],[68.50150836,23.46596503],[68.49850595,23.46945632],[68.49829674,23.47247458],[68.49965882,23.47316945],[68.49893212,23.47577715],[68.49619496,23.47572541],[68.49553454,23.47527552],[68.49519622,23.47416151],[68.49549604,23.47332954]],[[68.50353825,23.45522666],[68.50474274,23.45255077],[68.50694132,23.45067096],[68.50311506,23.44722855],[68.50564778,23.43681276],[68.50520682,23.43396807],[68.5038954,23.43405616],[68.50479138,23.43184376],[68.50316405,23.42916644],[68.50917315,23.43166935],[68.51125884,23.43030977],[68.51236796,23.43393004],[68.51021361,23.43860817],[68.51161933,23.43652391],[68.51527727,23.43653035],[68.51553166,23.43351758],[68.51812375,23.43624103],[68.51748705,23.44193184],[68.52092421,23.43682158],[68.52092075,23.4418236],[68.51735353,23.4449743],[68.51526344,23.44500387],[68.51374543,23.44785154],[68.51673031,23.44772541],[68.51818955,23.44536078],[68.52280271,23.44303012],[68.52393675,23.44197655],[68.52427614,23.44126546],[68.52483106,23.43698335],[68.52503324,23.43650222],[68.52600157,23.43641675],[68.5262109,23.43675613],[68.52665734,23.43930602],[68.52589798,23.44193578],[68.52545834,23.44253707],[68.52135885,23.44487095],[68.51908553,23.4487642],[68.51504636,23.45029402],[68.51169384,23.45166981],[68.50664794,23.45617962],[68.50525904,23.45657444],[68.50337505,23.45574033],[68.50353825,23.45522666]],[[68.51401043,23.43041551],[68.51635861,23.42989743],[68.51678503,23.43063521],[68.51718688,23.43220794],[68.51509881,23.43286431],[68.51428771,23.43233824],[68.51401043,23.43041551]],[[68.48993385,23.42743242],[68.49060905,23.44435871],[68.49460065,23.45303214],[68.49505496,23.4557327],[68.49492538,23.45630085],[68.48721755,23.46698928],[68.48699665,23.47251725],[68.48537815,23.47517085],[68.47667015,23.47808683],[68.47249365,23.48021865],[68.46895266,23.47801864],[68.45795774,23.47846723],[68.45741856,23.47826076],[68.45806742,23.47669947],[68.46000504,23.47704387],[68.46128726,23.47581768],[68.46136403,23.4754678],[68.45976806,23.468364],[68.45687854,23.47107744],[68.45726025,23.46765387],[68.45458674,23.47060895],[68.45461655,23.46954036],[68.45152152,23.46974063],[68.44803858,23.46765256],[68.44534922,23.46762967],[68.44412661,23.46591091],[68.44484746,23.46215224],[68.44941461,23.46097755],[68.45300603,23.46365964],[68.45268154,23.46105576],[68.44952583,23.45767236],[68.44604623,23.45764601],[68.44293082,23.45433915],[68.43723881,23.45366597],[68.43544292,23.44885898],[68.43298495,23.44999135],[68.43370855,23.44684458],[68.43644393,23.44314814],[68.43598604,23.44200873],[68.43447185,23.44187021],[68.43489444,23.44043314],[68.43286848,23.43950415],[68.42961133,23.43999267],[68.42486596,23.44736612],[68.42423475,23.44614816],[68.42342961,23.44719481],[68.42299795,23.44428241],[68.42200756,23.44559205],[68.42089844,23.44450283],[68.42061675,23.44561398],[68.41964126,23.44478977],[68.41756904,23.44586015],[68.41410673,23.44311464],[68.41262674,23.44348025],[68.41238153,23.44327343],[68.41176486,23.44161606],[68.41421223,23.43673587],[68.41303027,23.43177784],[68.41403556,23.43013251],[68.41575062,23.43048],[68.41549647,23.42917943],[68.41997612,23.42931771],[68.41891313,23.42364931],[68.42082035,23.42042744],[68.42168283,23.42029798],[68.42210555,23.42240512],[68.42116284,23.42484677],[68.42465532,23.42656791],[68.42915666,23.43124497],[68.42655361,23.43396485],[68.42048192,23.43333364],[68.41839635,23.43971741],[68.4242115,23.43967402],[68.42864025,23.43708611],[68.42855442,23.43375588],[68.43040156,23.4311552],[68.4303776,23.43405735],[68.4317708,23.43300748],[68.43484473,23.43305886],[68.43617976,23.43574202],[68.4384979,23.4356848],[68.44127345,23.44177735],[68.44033015,23.44471776],[68.44274592,23.44382346],[68.44406962,23.44474995],[68.44353712,23.44630945],[68.44597495,23.44581997],[68.44913542,23.44999707],[68.45748603,23.45184398],[68.45885372,23.45329535],[68.46570587,23.45566535],[68.46787405,23.45840073],[68.46725404,23.45557666],[68.47070706,23.45415545],[68.47237706,23.45582652],[68.47278786,23.45909774],[68.47435486,23.45975745],[68.47497654,23.4588778],[68.47358716,23.45854425],[68.47133708,23.45340967],[68.4652549,23.45473254],[68.46192026,23.45262516],[68.46222615,23.44986284],[68.46085894,23.44732857],[68.46147084,23.44485712],[68.46059191,23.44401884],[68.46738315,23.44194365],[68.4655745,23.4395864],[68.46009183,23.43683684],[68.45907783,23.43374825],[68.46221221,23.43249834],[68.46143305,23.42899823],[68.46389174,23.42731285],[68.46207237,23.42533088],[68.46451175,23.42095125],[68.46240687,23.41918838],[68.45920742,23.41908836],[68.45860255,23.41774344],[68.46129715,23.41409445],[68.46646321,23.41137373],[68.46355391,23.40722406],[68.46725321,23.40603733],[68.47181785,23.40636301],[68.47726357,23.40359604],[68.47757304,23.40351057],[68.47899497,23.40422523],[68.48340595,23.40298176],[68.48456454,23.40318847],[68.48537171,23.40443707],[68.48806512,23.41904664],[68.48993385,23.42743242]],[[68.54153121,23.40599],[68.54164684,23.40561306],[68.54248095,23.40564644],[68.54786265,23.41026401],[68.55003047,23.41469073],[68.54153121,23.40599]],[[68.5546875,23.40597093],[68.55140591,23.40447175],[68.5546875,23.40513384],[68.55627322,23.40610015],[68.55798376,23.40916598],[68.55766475,23.40932775],[68.5546875,23.40652895],[68.5546875,23.40597093]],[[68.54200423,23.40461361],[68.5372318,23.40472901],[68.53974605,23.40265357],[68.53827918,23.39968693],[68.53556645,23.40126264],[68.53618467,23.39693058],[68.52953386,23.3941102],[68.52800608,23.39185464],[68.52860916,23.39067638],[68.53261292,23.39096582],[68.53386772,23.38994861],[68.53315115,23.39294732],[68.53827953,23.39642155],[68.53999686,23.40082777],[68.54093575,23.40120447],[68.54124784,23.40107012],[68.54431462,23.39773285],[68.54137504,23.39640045],[68.54243171,23.39422655],[68.53968501,23.39364445],[68.54269087,23.39130056],[68.54215145,23.38897622],[68.54355693,23.38813591],[68.54427433,23.38938081],[68.5423969,23.39262545],[68.54285562,23.39490402],[68.54620552,23.39673626],[68.54646921,23.39661527],[68.54673052,23.39565027],[68.54571044,23.39465082],[68.54858422,23.39234185],[68.54996765,23.38736236],[68.55031776,23.38678563],[68.55283391,23.38545191],[68.55168211,23.38461554],[68.55437505,23.37986076],[68.55438364,23.37890625],[68.55441904,23.37687075],[68.5546875,23.37667406],[68.55991697,23.37596917],[68.56050932,23.37533271],[68.56060302,23.37469733],[68.55754066,23.37295973],[68.55640483,23.36987758],[68.55519533,23.36891806],[68.5546875,23.36886156],[68.55051625,23.37120593],[68.55024016,23.3710078],[68.5500164,23.36628604],[68.55005741,23.36592603],[68.55194175,23.36469853],[68.55319858,23.36630476],[68.55301964,23.36032665],[68.5546875,23.36021197],[68.55577314,23.36024487],[68.55883968,23.36261737],[68.56030285,23.36713958],[68.56171048,23.36928785],[68.56724071,23.37513256],[68.56718242,23.37570751],[68.56659293,23.37619901],[68.55639195,23.37876308],[68.55651057,23.37890625],[68.5546875,23.38169634],[68.5546875,23.38225436],[68.55423164,23.38309145],[68.5546875,23.38309145],[68.55810952,23.38116956],[68.55949998,23.38248646],[68.55608475,23.38859391],[68.5546875,23.38922977],[68.5533694,23.39135766],[68.55323183,23.39191186],[68.55453563,23.39481032],[68.5546875,23.39481032],[68.5546875,23.39760041],[68.55333757,23.39938223],[68.55035567,23.39955485],[68.55076325,23.40207851],[68.54902565,23.40089023],[68.54815447,23.40097797],[68.54756033,23.4012866],[68.54200423,23.40461361]],[[68.55290604,23.40313506],[68.55333412,23.40220106],[68.5546875,23.40262282],[68.55676818,23.4028033],[68.55636275,23.40376484],[68.5546875,23.40373886],[68.55423784,23.40380704],[68.55301905,23.40359247],[68.55290604,23.40313506]],[[68.58932185,23.37403297],[68.58783734,23.36832726],[68.58638203,23.36985433],[68.58771503,23.37220788],[68.58607125,23.37335265],[68.58271158,23.37329996],[68.58158445,23.37106454],[68.57547295,23.37322795],[68.56975544,23.37336385],[68.56886578,23.37274742],[68.56846094,23.37222755],[68.56845546,23.37180233],[68.57047117,23.37054563],[68.57060826,23.37017417],[68.56992388,23.36872292],[68.57111347,23.3650949],[68.57303357,23.36227167],[68.57424211,23.36086404],[68.57515311,23.36031807],[68.57507181,23.36238337],[68.57633984,23.36321092],[68.57905555,23.36032915],[68.58044398,23.35388768],[68.57945085,23.35318828],[68.57723582,23.35614216],[68.5786097,23.35156655],[68.57975674,23.35100961],[68.58145046,23.35305703],[68.58403516,23.35314238],[68.59133434,23.34154344],[68.60725486,23.33176994],[68.60464525,23.33726645],[68.59693134,23.34664202],[68.59894896,23.34613073],[68.61164928,23.33580303],[68.61194217,23.33451855],[68.6106019,23.3349694],[68.61108351,23.33260667],[68.61336768,23.33242035],[68.61383498,23.33393455],[68.6163851,23.33392215],[68.61629391,23.32973588],[68.61685455,23.3283658],[68.61787105,23.32791674],[68.6182301,23.32807398],[68.6188941,23.32901442],[68.62053537,23.33306944],[68.62053275,23.33663785],[68.61514056,23.35005021],[68.61750257,23.34834564],[68.61840642,23.35311604],[68.61116874,23.35742402],[68.61088765,23.35773134],[68.61020923,23.36121583],[68.60866904,23.36395443],[68.60783684,23.36423016],[68.60710561,23.36399984],[68.60713577,23.36366165],[68.60935175,23.35894096],[68.61066222,23.35159743],[68.60775375,23.35273027],[68.60356784,23.35741734],[68.59971714,23.35781884],[68.59810865,23.35680425],[68.59577334,23.35848701],[68.59463096,23.3606832],[68.59450066,23.36117446],[68.59666884,23.36103022],[68.59843385,23.36256421],[68.59806061,23.36359417],[68.59498322,23.36848187],[68.58932185,23.37403297]],[[68.59605026,23.35954797],[68.59632492,23.35925627],[68.59953105,23.35947871],[68.59735584,23.36081386],[68.59607935,23.3599869],[68.59605026,23.35954797]],[[68.62882066,23.34840107],[68.62919295,23.34802151],[68.63115215,23.34938717],[68.63267815,23.34621215],[68.63098264,23.34461057],[68.63376153,23.3426609],[68.63450301,23.34258306],[68.63495922,23.34290373],[68.63569784,23.34488916],[68.63305855,23.34768057],[68.63215315,23.3498975],[68.63160145,23.35153437],[68.62888682,23.35063636],[68.62853408,23.34910405],[68.62882066,23.34840107]],[[68.52823257,23.33107746],[68.52867675,23.33227766],[68.52880192,23.33323765],[68.52776206,23.33689666],[68.52498674,23.3378725],[68.5239228,23.33788121],[68.5223484,23.33663654],[68.51907027,23.3415035],[68.51626682,23.34123886],[68.51334095,23.33935904],[68.50468576,23.34241915],[68.50329888,23.3410058],[68.50282967,23.34004474],[68.50325024,23.33264816],[68.50340474,23.33224475],[68.50435317,23.33183837],[68.50653148,23.33530855],[68.50714564,23.331604],[68.50533736,23.33044088],[68.50501895,23.32705426],[68.50444722,23.32769573],[68.50252116,23.3237679],[68.51205492,23.31841695],[68.51973403,23.31699383],[68.53583431,23.31653643],[68.53768623,23.31849885],[68.53412616,23.32043076],[68.5357635,23.32182562],[68.53711104,23.32062912],[68.53720081,23.32182395],[68.53705835,23.32210374],[68.52934945,23.32594395],[68.52706027,23.32798553],[68.52596462,23.33017635],[68.52823257,23.33107746]],[[68.62525427,23.32460666],[68.62555134,23.32402813],[68.62719226,23.32405865],[68.62869835,23.32180011],[68.62892294,23.32149303],[68.62928855,23.32288587],[68.62916374,23.32323682],[68.6282413,23.32495844],[68.62721932,23.32570553],[68.62525153,23.32581675],[68.62525427,23.32460666]],[[68.6288588,23.32052052],[68.62709177,23.32167625],[68.62625325,23.32089412],[68.62734675,23.31667554],[68.62777495,23.31539786],[68.62771106,23.31507933],[68.62576234,23.31217206],[68.62734127,23.31240451],[68.62777436,23.31145155],[68.62868178,23.31265974],[68.62992966,23.31419134],[68.62993157,23.31501901],[68.6296432,23.31814218],[68.62913406,23.31998301],[68.6288588,23.32052052]],[[68.63073528,23.31290853],[68.63106763,23.31222296],[68.63215971,23.31233752],[68.63430274,23.31424844],[68.63242972,23.31749725],[68.63204694,23.31756437],[68.63073528,23.31290853]],[[68.63978183,23.31623673],[68.64195001,23.31545031],[68.64322102,23.31552041],[68.64380932,23.31773305],[68.64354956,23.31798625],[68.64243722,23.31670916],[68.64211345,23.31668508],[68.641348,23.31799245],[68.64074898,23.31733823],[68.63952315,23.318452],[68.63978183,23.31623673]],[[68.64196956,23.31347013],[68.64063275,23.31149185],[68.63724804,23.31140733],[68.63496923,23.31340504],[68.63453901,23.31336236],[68.63367546,23.31236315],[68.63406622,23.31091261],[68.63212001,23.31062114],[68.63347185,23.30803084],[68.63623714,23.30684817],[68.63719404,23.30717278],[68.63797653,23.30846322],[68.63775122,23.31052268],[68.63795137,23.31051135],[68.64627385,23.30717266],[68.64432001,23.31152797],[68.64362013,23.31306386],[68.64225543,23.31394315],[68.64196956,23.31347013]],[[68.61533332,23.30382907],[68.60897243,23.31321454],[68.60874152,23.31367636],[68.60927582,23.31655741],[68.60610056,23.31622803],[68.6054306,23.31515002],[68.60535967,23.31263602],[68.60830617,23.31129611],[68.60830462,23.30973744],[68.60357475,23.31388426],[68.59972584,23.31554222],[68.59413505,23.31450665],[68.59310913,23.31481576],[68.59068382,23.31824934],[68.59008646,23.31854212],[68.58833981,23.31886065],[68.58739293,23.31895006],[68.58414936,23.31752825],[68.58280134,23.31598043],[68.58274055,23.31570935],[68.5873239,23.31194186],[68.58822632,23.31142104],[68.59416676,23.30940998],[68.59381676,23.30554354],[68.5951966,23.30448437],[68.59836507,23.30520058],[68.59712684,23.30378938],[68.59949255,23.30165064],[68.60067987,23.30109203],[68.61168313,23.29921842],[68.61589336,23.29738784],[68.61843395,23.29871845],[68.61866427,23.29992485],[68.61723471,23.30322623],[68.61605942,23.30202866],[68.61533332,23.30382907]],[[68.61191392,23.29614294],[68.60218716,23.29969311],[68.59586692,23.29940927],[68.58928573,23.30559552],[68.58236373,23.30980563],[68.58263803,23.30568731],[68.58513641,23.30159044],[68.58682644,23.30131292],[68.58873594,23.29728961],[68.58868933,23.2958436],[68.58813858,23.29522121],[68.58688498,23.29541421],[68.58649278,23.29582107],[68.58482444,23.29940045],[68.58241677,23.30074668],[68.57565558,23.30340195],[68.57327271,23.30344284],[68.57246244,23.30306065],[68.57175934,23.30119824],[68.57176125,23.300915],[68.57526934,23.29475164],[68.57485461,23.29420125],[68.57438922,23.29415226],[68.57159758,23.29614127],[68.57032633,23.30032814],[68.56620264,23.30186355],[68.56414056,23.30064821],[68.56387186,23.30116415],[68.55951285,23.31240523],[68.55808675,23.31370831],[68.55730653,23.31342661],[68.55602181,23.31217563],[68.5546875,23.30859375],[68.5546875,23.30608261],[68.55324841,23.2967602],[68.5546875,23.29436386],[68.5546875,23.29408467],[68.55484295,23.29411066],[68.55684471,23.28971517],[68.55988336,23.28686225],[68.56598747,23.28648555],[68.5684514,23.28469872],[68.5678246,23.28133535],[68.5670104,23.28061235],[68.56648576,23.28048336],[68.56650043,23.28307867],[68.56593966,23.28375745],[68.56555235,23.28366446],[68.56367707,23.28184056],[68.56354725,23.28161585],[68.56414485,23.2785207],[68.56089532,23.27679491],[68.55837047,23.27752125],[68.55676162,23.27396858],[68.5546875,23.27483261],[68.55184805,23.27772284],[68.54668856,23.27799773],[68.54631567,23.27828276],[68.54549515,23.28195143],[68.54792106,23.28250515],[68.54417133,23.28560603],[68.54372704,23.28564847],[68.54126775,23.28513134],[68.54075408,23.28476536],[68.53893256,23.27943778],[68.53805292,23.27330363],[68.53818035,23.27244425],[68.54009235,23.27002656],[68.54083395,23.26601112],[68.54538035,23.26548958],[68.5473237,23.26200044],[68.5546875,23.2578125],[68.5546875,23.25753343],[68.55630517,23.25693417],[68.55877626,23.25373244],[68.55922234,23.25345755],[68.56793392,23.25091136],[68.57040095,23.24692655],[68.57396603,23.24489582],[68.57592773,23.247877],[68.57298815,23.25108445],[68.57990646,23.25215554],[68.58284843,23.25164175],[68.58453834,23.25291955],[68.58274353,23.25515235],[68.57848644,23.25518191],[68.57695425,23.25744736],[68.57184243,23.25706375],[68.57121861,23.2586112],[68.57289851,23.26089108],[68.58450496,23.2631433],[68.59583366,23.26816595],[68.59861732,23.26816261],[68.60030031,23.2728703],[68.60250366,23.26813614],[68.60710442,23.26907086],[68.60774457,23.27127695],[68.60659266,23.27337992],[68.60949385,23.27314127],[68.61197925,23.27139056],[68.61276984,23.2712692],[68.61498988,23.27155125],[68.61511183,23.27213562],[68.61032462,23.2857722],[68.61204088,23.29179883],[68.60756075,23.29498923],[68.61202347,23.29542816],[68.61207914,23.29575646],[68.61191392,23.29614294]],[[68.62837064,23.28602433],[68.62903905,23.28578186],[68.62929416,23.28733146],[68.6286149,23.28991902],[68.62819254,23.28642142],[68.62837064,23.28602433]],[[68.59438145,23.26001382],[68.59582043,23.25936484],[68.59705961,23.25948715],[68.59768617,23.26036155],[68.59400141,23.26202631],[68.59404671,23.26043797],[68.59438145,23.26001382]],[[68.63202071,23.31864035],[68.63222671,23.31863391],[68.63235724,23.31877816],[68.63233948,23.31904101],[68.63220024,23.31939721],[68.63204145,23.31982136],[68.63188148,23.32023704],[68.63176215,23.32062125],[68.63165104,23.32092774],[68.63146746,23.32059574],[68.63157225,23.31981266],[68.63171041,23.31923413],[68.63184535,23.31883466],[68.63202071,23.31864035]],[[68.52277494,23.3425467],[68.52903914,23.34046197],[68.53010476,23.34093428],[68.53116441,23.33927083],[68.53268015,23.34100318],[68.52903473,23.34371984],[68.52131331,23.34320176],[68.52277494,23.3425467]],[[68.561221,23.34222627],[68.56298041,23.34196734],[68.56515682,23.34263575],[68.56363392,23.34483206],[68.56332493,23.34491122],[68.56092322,23.34269512],[68.561221,23.34222627]],[[68.55376685,23.34176588],[68.55319011,23.34026635],[68.55331862,23.33987331],[68.5546875,23.33928573],[68.55553102,23.33968723],[68.556777,23.34181452],[68.5546875,23.34179676],[68.55376685,23.34176588]],[[68.55102742,23.33997905],[68.54998636,23.34132445],[68.55010235,23.34053481],[68.54971242,23.34015286],[68.54726505,23.33961844],[68.54567528,23.34025133],[68.54536724,23.33908701],[68.55032337,23.33938825],[68.55088925,23.33965564],[68.55102742,23.33997905]],[[68.54279292,23.33917451],[68.54214895,23.34159374],[68.54064465,23.33938634],[68.54062414,23.33910155],[68.54156256,23.33907628],[68.54172027,23.337309],[68.54451478,23.33859384],[68.54405355,23.33910263],[68.54279292,23.33917451]],[[68.57465148,23.35586906],[68.57451844,23.35895515],[68.57358611,23.35994267],[68.57301605,23.36032224],[68.57237041,23.35861731],[68.57065225,23.3595401],[68.56987095,23.35920382],[68.56971145,23.35868895],[68.57365668,23.35234392],[68.57560384,23.3521831],[68.57465148,23.35586906]],[[68.47493827,23.35540223],[68.47139215,23.35649204],[68.47379577,23.35382724],[68.47526395,23.35328555],[68.47631371,23.3533746],[68.47652018,23.35368347],[68.47662473,23.35478056],[68.47637415,23.35508895],[68.47493827,23.35540223]],[[68.5352987,23.37106442],[68.53710341,23.37267864],[68.53688645,23.37430334],[68.53546214,23.37525511],[68.53425205,23.37362325],[68.53375435,23.37454402],[68.53701496,23.37703133],[68.53296983,23.37684214],[68.53431046,23.37804627],[68.53373945,23.37890625],[68.53402507,23.37890625],[68.53412473,23.38015234],[68.53239834,23.38062453],[68.53225184,23.38395214],[68.53503382,23.38765395],[68.53065348,23.38462865],[68.53159428,23.37890625],[68.5316143,23.37890625],[68.53333294,23.37168086],[68.5352987,23.37106442]],[[68.50491416,23.37728143],[68.5055052,23.37890625],[68.50515866,23.37890625],[68.50519335,23.37960935],[68.50336802,23.38096654],[68.50299954,23.38321483],[68.50185764,23.38160384],[68.50303185,23.37890625],[68.50277281,23.37890625],[68.50282276,23.37840784],[68.50491416,23.37728143]],[[68.50397873,23.38345826],[68.50471425,23.38095105],[68.50482023,23.38106465],[68.50470865,23.38460004],[68.50397873,23.38345826]],[[68.527897,23.3869791],[68.52726436,23.39193034],[68.52523315,23.39658177],[68.52727616,23.39637184],[68.52731645,23.39867294],[68.5242362,23.39903152],[68.52579427,23.39952624],[68.52578342,23.39988124],[68.52415597,23.4012773],[68.52454054,23.4038589],[68.52382016,23.40510046],[68.5234251,23.40501607],[68.52289104,23.40329063],[68.52290666,23.40238714],[68.52070558,23.40010345],[68.52038372,23.39559162],[68.52442086,23.38821638],[68.52713335,23.38626575],[68.527897,23.3869791]],[[68.42396831,23.40184498],[68.42380261,23.40311706],[68.42246985,23.40497315],[68.42154217,23.40505815],[68.42113125,23.40473545],[68.42197275,23.40188372],[68.42113996,23.40134466],[68.41928196,23.40308666],[68.42019951,23.4067893],[68.41883898,23.4067893],[68.41842425,23.40550435],[68.41809654,23.40550935],[68.41740692,23.40679955],[68.41579771,23.40884078],[68.41461492,23.40963805],[68.41338265,23.40924573],[68.41353715,23.40640414],[68.41577256,23.40466011],[68.41343474,23.40515292],[68.41320872,23.40496826],[68.41400301,23.40340316],[68.41441774,23.40310764],[68.41907775,23.40047824],[68.42228746,23.40023196],[68.42367256,23.40090466],[68.42396831,23.40184498]],[[68.40932405,23.40895557],[68.40904653,23.40928745],[68.40878677,23.40913606],[68.40889573,23.40823126],[68.40908325,23.40735805],[68.40936732,23.40646565],[68.40974605,23.40599143],[68.40998483,23.40631294],[68.40999937,23.40722275],[68.40986335,23.40795922],[68.40970373,23.40838325],[68.40952456,23.40866888],[68.40932405,23.40895557]],[[68.46204877,23.40743327],[68.46178985,23.40664482],[68.46198666,23.40617836],[68.46427655,23.40516353],[68.46280932,23.40921247],[68.46204877,23.40743327]],[[68.46968305,23.40526116],[68.47278774,23.40340006],[68.47326136,23.40322554],[68.47592056,23.40306795],[68.47550225,23.40396881],[68.47387242,23.40393353],[68.47154212,23.4044286],[68.47205126,23.40536475],[68.46958005,23.40554786],[68.46968305,23.40526116]],[[68.46925724,23.40359831],[68.4679352,23.40422368],[68.46556032,23.40351057],[68.46467865,23.40366161],[68.46045983,23.40496612],[68.46113181,23.40307415],[68.46287274,23.40241778],[68.46925724,23.40359831]],[[68.43217874,23.40491545],[68.43253076,23.40507221],[68.43258464,23.40537167],[68.43236244,23.40566433],[68.43183207,23.40602374],[68.43105948,23.40651071],[68.43038535,23.40685165],[68.42993188,23.40704441],[68.42959547,23.4071418],[68.42930317,23.4065572],[68.42984355,23.40616512],[68.43020332,23.40593076],[68.43036783,23.40576685],[68.43060935,23.40542626],[68.43098021,23.40522456],[68.43156695,23.40498781],[68.43217874,23.40491545]],[[68.53557026,23.38077903],[68.54149163,23.37919235],[68.54229665,23.37931085],[68.54288185,23.38005948],[68.54299772,23.38086712],[68.54177785,23.38147378],[68.53720665,23.38246775],[68.53649425,23.38281155],[68.53660166,23.38470757],[68.53553903,23.38538766],[68.53471994,23.38328481],[68.5364933,23.38127053],[68.53557026,23.38077903]],[[68.54033375,23.37759423],[68.53860617,23.37577426],[68.53862035,23.37484968],[68.53924656,23.37489903],[68.54020476,23.37583375],[68.54033375,23.37759423]],[[68.46041226,23.41233993],[68.45953345,23.41243172],[68.45805228,23.41153932],[68.45809221,23.41123533],[68.46248484,23.41073906],[68.46281743,23.41086686],[68.46246195,23.41151607],[68.46041226,23.41233993]],[[68.40182173,23.41942441],[68.40018928,23.42110193],[68.39859474,23.41912234],[68.39870298,23.41867685],[68.40025628,23.41630006],[68.40145075,23.41576004],[68.40180397,23.41586363],[68.40269375,23.41781914],[68.40270185,23.41811502],[68.40182173,23.41942441]],[[68.40189791,23.42042875],[68.40233707,23.4203006],[68.40269554,23.42125011],[68.40121651,23.42280591],[68.40120697,23.42647636],[68.39955735,23.42837751],[68.39794874,23.42234814],[68.39804876,23.42199731],[68.39864683,23.42162275],[68.40108097,23.4223212],[68.40189791,23.42042875]],[[68.40657592,23.4526422],[68.40779424,23.45790482],[68.40617073,23.45626497],[68.40122426,23.45466757],[68.40342712,23.45196962],[68.40451646,23.45221353],[68.40657592,23.4526422]],[[68.47010684,23.47907054],[68.4714632,23.48032916],[68.46999085,23.48395813],[68.47111762,23.48575306],[68.47230125,23.48486126],[68.47292697,23.49065256],[68.47164667,23.49350381],[68.47018504,23.49309242],[68.47022235,23.49568057],[68.46947432,23.49626148],[68.46611226,23.49779725],[68.46380293,23.49628305],[68.46411777,23.49277341],[68.46593702,23.49087214],[68.46465933,23.49020195],[68.46492445,23.48898971],[68.46464121,23.48870373],[68.46167648,23.49021292],[68.45900798,23.48704612],[68.45969927,23.47918653],[68.46672022,23.48016345],[68.46934307,23.47889101],[68.47010684,23.47907054]],[[68.497159,23.44617796],[68.49713612,23.44407284],[68.4991523,23.4442867],[68.50009537,23.44487631],[68.50236285,23.44967413],[68.50158894,23.45257092],[68.50147426,23.45308554],[68.49729657,23.44987977],[68.4959414,23.44775093],[68.49575508,23.44722617],[68.497159,23.44617796]],[[68.49942446,23.44202006],[68.50114512,23.43906736],[68.50144792,23.43912733],[68.50169277,23.44344771],[68.50138855,23.44360507],[68.49942446,23.44202006]],[[68.4970777,23.43454385],[68.49820793,23.43449163],[68.50123286,23.43547738],[68.50044692,23.43597937],[68.49923837,23.43616223],[68.4970777,23.43454385]],[[68.50086582,23.42999387],[68.5012027,23.42998445],[68.50145495,23.43026495],[68.50161672,23.43077207],[68.5017755,23.43128157],[68.50191355,23.43172455],[68.5019294,23.43218207],[68.50158012,23.43199468],[68.50136983,23.43155384],[68.50107181,23.43122423],[68.50078344,23.43099928],[68.50061965,23.43069434],[68.50064266,23.43027055],[68.50086582,23.42999387]],[[68.43927336,23.49933386],[68.43753636,23.50006843],[68.43669963,23.49987161],[68.43781805,23.49881101],[68.43938315,23.49844241],[68.43972755,23.49869394],[68.43927336,23.49933386]],[[69.64612615,22.758322],[69.64711785,22.75523758],[69.64903641,22.75607002],[69.65106797,22.75451303],[69.66215706,22.75076175],[69.66270542,22.7505964],[69.66632283,22.75057614],[69.66651714,22.75082707],[69.66671908,22.75269997],[69.66641831,22.75296271],[69.66303933,22.75493097],[69.6548599,22.75608397],[69.64499116,22.76389647],[69.64303744,22.76459074],[69.63848543,22.76473212],[69.63812256,22.76476932],[69.63211262,22.76293647],[69.63127756,22.76195145],[69.63144195,22.76129568],[69.63203514,22.76079667],[69.6351459,22.76038897],[69.63942742,22.76103246],[69.64027345,22.75924861],[69.64612615,22.758322]],[[70.24459934,22.71225226],[70.24562657,22.71211314],[70.24633074,22.71433866],[70.24351954,22.72023165],[70.24366045,22.71259356],[70.24459934,22.71225226]],[[70.24629748,22.69155002],[70.24626601,22.69046295],[70.24462914,22.69133651],[70.24179316,22.68933713],[70.24233675,22.68812108],[70.24417758,22.68806493],[70.24282014,22.68673015],[70.24734795,22.68809664],[70.24748981,22.68824971],[70.24770427,22.69077778],[70.24644482,22.69172204],[70.24629748,22.69155002]],[[70.23508453,22.68246174],[70.23535144,22.68231785],[70.23839092,22.68240321],[70.23843813,22.68273306],[70.23505938,22.68448925],[70.23454797,22.68404531],[70.23508453,22.68246174]],[[70.23913336,22.68352485],[70.23910403,22.68215776],[70.23943186,22.68179691],[70.24155581,22.68207097],[70.24260211,22.68354416],[70.24335957,22.68221235],[70.24354661,22.68242395],[70.24382126,22.68381274],[70.24353373,22.68411422],[70.24217117,22.68445694],[70.24135923,22.68400645],[70.23945618,22.68370867],[70.23913336,22.68352485]],[[70.21687245,22.64458334],[70.21682894,22.64233267],[70.21797252,22.64250135],[70.21808565,22.64096963],[70.21942091,22.64053786],[70.22019506,22.64022911],[70.21936405,22.64275944],[70.22085226,22.64327931],[70.21690547,22.64614534],[70.21605742,22.64667034],[70.21569335,22.64560378],[70.21687245,22.64458334]],[[69.95408571,22.59517431],[69.95648396,22.59510064],[69.95936072,22.59608626],[69.9609375,22.59737706],[69.9609375,22.59765625],[69.96389556,22.59932673],[69.96397507,22.59979928],[69.9609375,22.6015625],[69.9609375,22.60184145],[69.95625031,22.60429513],[69.95330644,22.60529995],[69.95281863,22.60538733],[69.95114326,22.60429585],[69.94982004,22.60542798],[69.94847775,22.6058923],[69.94769907,22.60537815],[69.94926441,22.59891808],[69.95236766,22.59603465],[69.95408571,22.59517431]],[[70.18910384,22.59828591],[70.18979347,22.59777045],[70.19089222,22.59777915],[70.19202852,22.59815145],[70.19032896,22.59988844],[70.18942285,22.59988844],[70.18876958,22.59922361],[70.18910384,22.59828591]],[[70.00400197,22.59318364],[69.99786866,22.5884341],[69.99733317,22.58953261],[69.99540412,22.58852375],[69.99230981,22.58444715],[69.98583233,22.58361661],[69.98244345,22.58180976],[69.97554696,22.58046222],[69.97311497,22.57832646],[69.96576297,22.57791507],[69.96519566,22.57758963],[69.9609375,22.57142854],[69.9609375,22.57087052],[69.95768404,22.56338727],[69.95678306,22.55527687],[69.95734882,22.55064118],[69.95792258,22.54958665],[69.9609375,22.54743302],[69.9609375,22.54715395],[69.96464825,22.54526043],[69.97088671,22.54597592],[69.97562671,22.54782724],[69.97872341,22.54605222],[69.98086774,22.54680574],[69.98435307,22.54617596],[69.98493135,22.54624057],[69.99323285,22.54840767],[69.99921954,22.55296063],[70.00764132,22.55383182],[70.02155685,22.56342435],[70.02532363,22.56792712],[70.02706516,22.56795502],[70.02731335,22.56844115],[70.02821207,22.57461572],[70.02808642,22.57523096],[70.02493584,22.58604026],[70.02310085,22.58803284],[70.02179635,22.58862901],[70.00881052,22.59316218],[70.00400197,22.59318364]],[[70.18033957,22.58148134],[70.1826092,22.58100355],[70.18317795,22.58138514],[70.18307316,22.58251214],[70.18225992,22.58320987],[70.18102384,22.58341742],[70.18083024,22.58325434],[70.18033957,22.58148134]],[[70.04218352,22.56989396],[70.04203081,22.56729305],[70.04363227,22.56742024],[70.0443722,22.56781185],[70.04600811,22.5700649],[70.04610837,22.57069945],[70.04407537,22.57235801],[70.04218352,22.56989396]],[[70.04016066,22.56712985],[70.03952074,22.56784844],[70.03875995,22.56615615],[70.03873396,22.56500971],[70.03920591,22.5643121],[70.04052377,22.56445146],[70.04081094,22.56486511],[70.04094374,22.56597304],[70.04016066,22.56712985]],[[70.01252878,22.55429268],[70.01394784,22.55251145],[70.01453304,22.5526427],[70.02233362,22.55419683],[70.0244714,22.55506897],[70.02521014,22.55601788],[70.02496076,22.55721414],[70.02328146,22.55830443],[70.01706922,22.55772304],[70.01252878,22.55429268]],[[70.02262616,22.55252671],[70.0118103,22.54944456],[70.01636314,22.54776096],[70.01857555,22.54763746],[70.01994455,22.54789007],[70.02222741,22.54958224],[70.02450585,22.55167234],[70.02428246,22.55286515],[70.02393508,22.55311668],[70.02262616,22.55252671]],[[70.01220286,22.55201495],[70.01261008,22.55251563],[70.00989306,22.55364084],[70.00824535,22.55169272],[70.00111151,22.55203581],[69.99612784,22.54864705],[70.00488281,22.54882812],[70.01153851,22.55168247],[70.01220286,22.55201495]],[[69.95729685,22.54561174],[69.95202756,22.55106032],[69.94447684,22.55106032],[69.94216537,22.55019808],[69.93991291,22.54809356],[69.93861914,22.54534185],[69.93848824,22.53951204],[69.93892181,22.53868377],[69.94394696,22.53661823],[69.94789577,22.53561521],[69.94989467,22.53558373],[69.95327675,22.53695166],[69.95356965,22.53729045],[69.95742464,22.54369175],[69.95753741,22.54409516],[69.95729685,22.54561174]],[[69.95825922,22.54227936],[69.95401526,22.53614604],[69.95464194,22.53625906],[69.9609375,22.54045761],[69.96364486,22.54192245],[69.9609375,22.54296875],[69.9609375,22.54324782],[69.95984006,22.54350805],[69.95825922,22.54227936]],[[69.95566475,22.53603303],[69.95412362,22.53505194],[69.95255935,22.53275704],[69.95348096,22.53284812],[69.95720291,22.534518],[69.95749605,22.53559613],[69.95729482,22.53582478],[69.95566475,22.53603303]],[[69.93542135,22.52515161],[69.93617105,22.53306365],[69.92962503,22.53094804],[69.93428075,22.53503525],[69.93230414,22.53688848],[69.93308687,22.53844798],[69.93193293,22.54509091],[69.92537487,22.54784834],[69.91909623,22.55264628],[69.91660285,22.55274618],[69.90778124,22.55129266],[69.90788758,22.54973781],[69.91187441,22.54869688],[69.90900695,22.54611134],[69.90728557,22.54584205],[69.90671432,22.54879224],[69.90547335,22.54904318],[69.90056646,22.54589868],[69.90077543,22.54027152],[69.89885378,22.53767514],[69.89988673,22.53462803],[69.89833665,22.5335983],[69.89825547,22.52887106],[69.901443,22.52817786],[69.89496875,22.52285111],[69.89327872,22.52488685],[69.89012706,22.52350998],[69.86691988,22.53095424],[69.86274624,22.52925313],[69.86240661,22.52755165],[69.86504745,22.52485776],[69.87132645,22.52197874],[69.88427126,22.51972973],[69.88511932,22.51774836],[69.88830221,22.51568055],[69.89687753,22.51175892],[69.8975507,22.51398015],[69.90157616,22.51414335],[69.91547358,22.51174808],[69.92999935,22.51759386],[69.93182266,22.52007532],[69.93368745,22.51857054],[69.94149041,22.51782715],[69.94424736,22.52300632],[69.94216597,22.52854872],[69.93749344,22.53195953],[69.93542135,22.52515161]],[[69.94385397,22.53027964],[69.94631243,22.5297116],[69.94730341,22.53020346],[69.94736064,22.53102255],[69.94677424,22.53153634],[69.94396186,22.53239191],[69.94360924,22.53044975],[69.94385397,22.53027964]],[[69.36156535,22.5105499],[69.36381447,22.51242185],[69.35708404,22.52168405],[69.35129285,22.52632678],[69.34967077,22.52557123],[69.34857822,22.52709413],[69.34585607,22.52703607],[69.34135473,22.52517915],[69.33321834,22.52596271],[69.33056724,22.52431488],[69.32233155,22.52765203],[69.31729901,22.52546668],[69.31570375,22.52296805],[69.3156985,22.52046931],[69.31589925,22.51994276],[69.32195866,22.51540613],[69.32446265,22.51371443],[69.33522594,22.50733674],[69.34052551,22.50717473],[69.3471055,22.50410354],[69.34764755,22.50398195],[69.35007727,22.50404477],[69.35165036,22.50473285],[69.35668302,22.50911534],[69.36156535,22.5105499]],[[69.40196276,22.5276587],[69.40219843,22.52547014],[69.40357387,22.52422595],[69.40415442,22.52442825],[69.40599108,22.52565443],[69.40663564,22.52730346],[69.40663421,22.52768683],[69.40531933,22.53225434],[69.40516472,22.53250051],[69.40429473,22.53268373],[69.40342271,22.53191721],[69.40196276,22.5276587]],[[69.08594084,22.48861694],[69.08438396,22.48494053],[69.08677316,22.48675466],[69.08921027,22.48991227],[69.08909285,22.49047041],[69.08594084,22.48861694]],[[58.71804786,20.81163025],[58.71749806,20.81170297],[58.71720457,20.81152344],[58.71748972,20.80888307],[58.71782362,20.80890775],[58.71862066,20.81068897],[58.71863723,20.81099105],[58.71804786,20.81163025]],[[58.71474385,20.81097925],[58.71378255,20.81154716],[58.71201444,20.81145883],[58.71473825,20.80954635],[58.71474385,20.81097925]],[[58.69809234,20.8111366],[58.69916225,20.81230772],[58.69872034,20.81366313],[58.69826472,20.81405127],[58.69777274,20.81113207],[58.69809234,20.8111366]],[[58.71465087,20.81564093],[58.71494687,20.81595933],[58.71697795,20.81593335],[58.71739113,20.81618047],[58.71826625,20.81746912],[58.71859992,20.81896162],[58.71674752,20.81726301],[58.71643102,20.81713247],[58.71406114,20.81737304],[58.71322262,20.81697702],[58.71259177,20.81601775],[58.71275258,20.81547904],[58.71332693,20.81498492],[58.71394944,20.81487358],[58.71465087,20.81564093]],[[58.70342696,20.81765318],[58.70585644,20.81953454],[58.70577145,20.82006621],[58.70294964,20.82163596],[58.70248747,20.82173705],[58.70147157,20.81970501],[58.70165026,20.81865513],[58.70269966,20.81752825],[58.70342696,20.81765318]],[[58.72392035,20.82683134],[58.72372055,20.82709336],[58.72188056,20.82547045],[58.72173715,20.82488978],[58.72229517,20.82363212],[58.72318304,20.82369018],[58.72496271,20.82607555],[58.72392035,20.82683134]],[[58.72250843,20.83299446],[58.72252405,20.83355975],[58.72052503,20.83149207],[58.72067356,20.83114517],[58.72171855,20.83095336],[58.72250843,20.83299446]],[[58.69818485,20.79951465],[58.69882631,20.79914272],[58.70007515,20.79957461],[58.70371556,20.80243206],[58.70401001,20.80318415],[58.70418584,20.80460215],[58.70209372,20.80650234],[58.70160925,20.80672145],[58.69853926,20.80222011],[58.69784844,20.80038023],[58.69818485,20.79951465]],[[58.7116003,20.80061054],[58.71211696,20.80040574],[58.71688831,20.80127907],[58.72014677,20.80450118],[58.71556067,20.80611086],[58.71497703,20.80219054],[58.7116003,20.80061054]],[[58.68600202,20.79270792],[58.68623126,20.79233396],[58.68768656,20.79237223],[58.68847132,20.79285872],[58.68958473,20.79597688],[58.68934762,20.79611588],[58.68600202,20.79270792]],[[58.7109375,20.79241073],[58.71043837,20.78836012],[58.7109375,20.78850436],[58.7109375,20.78878343],[58.71112394,20.78872371],[58.71119857,20.78860414],[58.71119857,20.78840482],[58.71112394,20.78828526],[58.7109375,20.78822541],[58.7109375,20.78794634],[58.71133685,20.78779733],[58.71564245,20.79031932],[58.71646464,20.79232562],[58.71631801,20.79280734],[58.71499872,20.79395735],[58.7109375,20.79241073]],[[58.68569112,20.78721166],[58.6854496,20.78912532],[58.68350506,20.78717005],[58.68482447,20.78614366],[58.68488812,20.78583145],[58.68424821,20.78537297],[58.68248534,20.78442585],[58.67949176,20.77467525],[58.67919552,20.77437937],[58.67843115,20.77456868],[58.67842555,20.77725625],[58.67531288,20.77813876],[58.67276812,20.77439356],[58.67280316,20.77381027],[58.67377126,20.77267206],[58.67746806,20.77163887],[58.67824721,20.77023935],[58.6790868,20.77019012],[58.67948186,20.77044964],[58.68273175,20.77495527],[58.68521094,20.77354395],[58.6861515,20.77349341],[58.6881355,20.77433014],[58.68943834,20.77550697],[58.69030511,20.77912974],[58.68932807,20.77950525],[58.68782604,20.77900183],[58.68804932,20.77651477],[58.68625581,20.77634156],[58.68798745,20.78541625],[58.68569112,20.78721166]],[[58.68899107,20.78193438],[58.69218457,20.77996051],[58.69331205,20.78233063],[58.69135523,20.78332126],[58.69241965,20.78446043],[58.69144428,20.78578281],[58.69083273,20.78610194],[58.68899107,20.78193438]],[[58.69373405,20.78583646],[58.69500113,20.78516531],[58.69629264,20.78664601],[58.69624984,20.78711426],[58.69573832,20.78736353],[58.69373083,20.78615403],[58.69373405,20.78583646]],[[58.71705163,20.77473116],[58.71561503,20.77272975],[58.71550512,20.77238691],[58.71551335,20.7703346],[58.71650517,20.77039695],[58.71811986,20.76760256],[58.71603346,20.76645184],[58.72078204,20.76286387],[58.72108436,20.76576436],[58.72260833,20.76719618],[58.72181582,20.77025831],[58.71964967,20.77083075],[58.71931314,20.77210164],[58.72203696,20.77295268],[58.72349966,20.7750988],[58.72571731,20.77234006],[58.72636962,20.77490807],[58.72622752,20.77575958],[58.72412443,20.77785635],[58.72366464,20.77793992],[58.7220484,20.77581692],[58.72163796,20.77515054],[58.71705163,20.77473116]],[[58.71703935,20.76064765],[58.71625292,20.76464355],[58.71320176,20.76445997],[58.71372068,20.75843358],[58.71442056,20.76162016],[58.71703935,20.76064765]],[[58.71643186,20.75866938],[58.7144891,20.75694072],[58.71699691,20.7567811],[58.71833444,20.75706565],[58.71995974,20.75772393],[58.72047555,20.75850511],[58.72039735,20.75880897],[58.71643186,20.75866938]],[[58.7022438,20.76154125],[58.70114255,20.76175976],[58.69973028,20.76057947],[58.70064807,20.75929415],[58.70149302,20.75905025],[58.70275033,20.75904274],[58.70312727,20.75979507],[58.7022438,20.76154125]],[[58.69703305,20.76995695],[58.69749451,20.77034056],[58.69803035,20.77188516],[58.69741797,20.77343214],[58.69656098,20.77191711],[58.69564021,20.77058685],[58.6959728,20.76989496],[58.69703305,20.76995695]],[[58.69500816,20.77325153],[58.69441044,20.77415633],[58.69421482,20.77358282],[58.69424224,20.77168405],[58.69463801,20.77186406],[58.69500816,20.77325153]],[[58.7124685,20.77465522],[58.71144724,20.77277911],[58.71246195,20.77180696],[58.71288633,20.77188158],[58.71290004,20.77464986],[58.7124685,20.77465522]],[[58.69483185,20.70361567],[58.69160235,20.6973083],[58.69680965,20.69970667],[58.69812787,20.69688058],[58.69922364,20.696998],[58.70732415,20.70362008],[58.70780742,20.70360184],[58.70809066,20.70323086],[58.70650125,20.70000792],[58.70673192,20.69927621],[58.70718086,20.69933093],[58.70994222,20.70128524],[58.71024191,20.70168245],[58.71047795,20.70523524],[58.7109375,20.70591521],[58.71309733,20.70749056],[58.71484101,20.71339762],[58.71313334,20.71488941],[58.7109375,20.71372771],[58.71086693,20.71277726],[58.70962715,20.71278405],[58.70839322,20.71424043],[58.70841026,20.71489954],[58.71078837,20.71847093],[58.7109375,20.71847093],[58.7109375,20.71875],[58.71278632,20.72073555],[58.71231282,20.72107935],[58.7109375,20.72042406],[58.70959675,20.71986604],[58.70515156,20.719859],[58.69724917,20.71522903],[58.69473577,20.70686305],[58.69483185,20.70361567]],[[58.89272511,20.69736457],[58.88025105,20.69089675],[58.87346065,20.69029021],[58.87214124,20.68841183],[58.87239647,20.68637896],[58.87436426,20.68468177],[58.87502325,20.67761564],[58.87430251,20.66815102],[58.87125838,20.66252983],[58.87010562,20.64998937],[58.86783826,20.6469146],[58.86447525,20.650038],[58.86239481,20.65014577],[58.86668336,20.64518416],[58.86347985,20.63741624],[58.86555696,20.62279522],[58.86505783,20.61735964],[58.86479938,20.6169008],[58.85848057,20.61258805],[58.85795045,20.61229205],[58.84721994,20.60737145],[58.83349955,20.59396362],[58.83015168,20.58999181],[58.82638347,20.58419466],[58.8250463,20.58077562],[58.81812775,20.57322764],[58.81670415,20.56640625],[58.81631684,20.56640625],[58.81279504,20.55759871],[58.80694735,20.55260181],[58.79792166,20.54059207],[58.78538847,20.51911223],[58.78497326,20.49425006],[58.78181815,20.48841274],[58.78148806,20.48256135],[58.78147173,20.4792881],[58.78394234,20.47497904],[58.78438735,20.47109163],[58.78081715,20.46485364],[58.77775443,20.46250308],[58.77591443,20.46272182],[58.77696383,20.46076155],[58.77671862,20.45134771],[58.77424598,20.44537461],[58.77405477,20.44108045],[58.76871765,20.43710327],[58.76618183,20.43257642],[58.75871551,20.43024552],[58.75056136,20.42208385],[58.74610221,20.4231621],[58.74404883,20.42165875],[58.73512936,20.42435658],[58.73131633,20.42439592],[58.73020196,20.42362964],[58.72801292,20.42414391],[58.72586215,20.42224276],[58.72435522,20.42202067],[58.72322655,20.42253435],[58.71995544,20.42851245],[58.71538425,20.43350995],[58.71538651,20.43643403],[58.71770465,20.43992913],[58.71897411,20.43867338],[58.72025144,20.43901408],[58.72481668,20.44405127],[58.72521985,20.44539344],[58.72500765,20.44580865],[58.72157681,20.44443727],[58.71972275,20.44236267],[58.71753955,20.44321394],[58.71426582,20.43989253],[58.7109375,20.43415165],[58.70910001,20.43018162],[58.70856297,20.42966604],[58.7075628,20.4290241],[58.70415771,20.4289155],[58.70200706,20.42089844],[58.69674814,20.41583312],[58.6896224,20.41246808],[58.68376577,20.40500116],[58.68466032,20.39662385],[58.68437993,20.39296675],[58.68295526,20.390625],[58.68238425,20.390625],[58.67480934,20.38857651],[58.67186058,20.38581383],[58.67140865,20.38402057],[58.66862881,20.38271797],[58.66360664,20.38302314],[58.66376376,20.38131344],[58.6601665,20.37947321],[58.65882575,20.37490976],[58.65629947,20.37142861],[58.65156925,20.36980104],[58.65022981,20.36172462],[58.64487565,20.35830951],[58.63900232,20.34970415],[58.63818383,20.34601176],[58.63440466,20.34400797],[58.6342175,20.34377062],[58.63358974,20.34225345],[58.63358974,20.33761895],[58.63185346,20.33518398],[58.63387001,20.3309586],[58.63219547,20.32301426],[58.63387156,20.31337535],[58.6332767,20.30243373],[58.63211012,20.29368746],[58.63016665,20.29047322],[58.62663782,20.29036641],[58.62945676,20.27976346],[58.62632883,20.27546775],[58.62374032,20.26785672],[58.62769902,20.25953162],[58.62753844,20.25649691],[58.62565136,20.25333583],[58.62565327,20.25281048],[58.62851703,20.24707127],[58.62854934,20.24400115],[58.62714112,20.24280524],[58.62680924,20.24209118],[58.62564754,20.23822474],[58.62565231,20.23775601],[58.62787747,20.22983301],[58.62677646,20.22521472],[58.63030362,20.22180092],[58.63241577,20.21484375],[58.63254845,20.21484375],[58.63254428,20.20962596],[58.62954807,20.20772135],[58.63379276,20.19961154],[58.63426626,20.19486237],[58.63004303,20.18755746],[58.63330627,20.18259811],[58.63489246,20.17668927],[58.63495541,20.17175925],[58.63692534,20.16502738],[58.63594902,20.16064405],[58.64429116,20.1672132],[58.65848327,20.16797447],[58.66828966,20.18012726],[58.66743207,20.18481934],[58.66999114,20.18852055],[58.68169045,20.19416857],[58.69776714,20.19983876],[58.70181394,20.20269811],[58.70717776,20.20144212],[58.71051204,20.20679951],[58.7109375,20.20675206],[58.7109375,20.20703125],[58.71837986,20.21197426],[58.72416794,20.21437454],[58.72459614,20.21484375],[58.72461915,20.21484375],[58.72439265,20.22088826],[58.72463822,20.22220898],[58.72681296,20.22451472],[58.73228383,20.23621345],[58.73582304,20.23837435],[58.74001086,20.24658573],[58.74076843,20.24770546],[58.74313724,20.24994981],[58.74565721,20.25095415],[58.74978566,20.25528741],[58.75387895,20.25557053],[58.75685978,20.26057041],[58.76682246,20.26082671],[58.76725328,20.26582611],[58.76963472,20.26838124],[58.77301121,20.26844096],[58.77656996,20.27285194],[58.77984881,20.27446771],[58.78237832,20.27390325],[58.78509235,20.27523851],[58.78317881,20.27730536],[58.78291404,20.28249216],[58.77907038,20.28323364],[58.77911556,20.28741181],[58.78267646,20.28946614],[58.77816665,20.2925235],[58.77772081,20.29806602],[58.78173077,20.30218434],[58.78648472,20.3104074],[58.78972745,20.31338668],[58.7904675,20.31606364],[58.79811454,20.32278943],[58.79604614,20.32669878],[58.79590726,20.33015501],[58.80228341,20.34714115],[58.80113983,20.35002184],[58.80176103,20.3562057],[58.79894304,20.36075342],[58.81168461,20.37678194],[58.81210196,20.38002455],[58.81694043,20.38430655],[58.81874156,20.38881803],[58.81830966,20.390625],[58.81840074,20.390625],[58.81840074,20.39132237],[58.8213135,20.39380443],[58.82211781,20.39501774],[58.82263231,20.39672506],[58.81997645,20.40050805],[58.81991756,20.40803897],[58.82677615,20.42224956],[58.83589447,20.42981422],[58.84231186,20.43179762],[58.8429085,20.43425262],[58.84143567,20.43667054],[58.84852505,20.44497776],[58.85133016,20.44509685],[58.86491108,20.45412123],[58.88254893,20.46291792],[58.88787556,20.46712267],[58.8928802,20.46823084],[58.89878666,20.47160387],[58.90430236,20.47315896],[58.90681231,20.47530675],[58.90465248,20.47831404],[58.90601122,20.48017144],[58.91298413,20.48193014],[58.91705453,20.48433781],[58.92839324,20.48664534],[58.9383285,20.49299455],[58.94659448,20.49394727],[58.94792366,20.49757981],[58.95120537,20.50132155],[58.95116675,20.50376666],[58.95761991,20.50928724],[58.96276736,20.51584601],[58.96313405,20.51650417],[58.96342885,20.51811385],[58.96175623,20.51975977],[58.94692433,20.52595866],[58.94262302,20.53531074],[58.93979454,20.53756166],[58.93810236,20.54697371],[58.94150484,20.55148244],[58.93759274,20.55508661],[58.9373939,20.55536997],[58.93601966,20.5588206],[58.93577766,20.56035376],[58.93598545,20.56152427],[58.93853974,20.56446886],[58.93717575,20.56640625],[58.93677175,20.56640625],[58.93869483,20.57216644],[58.9384582,20.57399142],[58.93810308,20.57451403],[58.93480206,20.57655585],[58.93128967,20.57622504],[58.92658174,20.57953835],[58.92384088,20.58354867],[58.9172579,20.58568788],[58.91278684,20.58853078],[58.91253245,20.58886862],[58.90881765,20.59531355],[58.90347445,20.60869706],[58.90164661,20.61799443],[58.90164804,20.62507856],[58.90838087,20.65116847],[58.9085319,20.65662014],[58.91305614,20.66537213],[58.91266954,20.67057455],[58.91300344,20.67157805],[58.91558576,20.67506504],[58.91508675,20.68348515],[58.91645086,20.68570113],[58.91327953,20.68918371],[58.91223741,20.69256616],[58.90823293,20.69308984],[58.90566933,20.69555998],[58.90208888,20.69557464],[58.89998734,20.69737256],[58.89776134,20.69620371],[58.89715993,20.69631577],[58.89318931,20.69746244],[58.89272511,20.69736457]],[[58.93354845,20.57932711],[58.93636978,20.57883656],[58.93790746,20.57942271],[58.93824506,20.57967126],[58.93837476,20.58083093],[58.935395,20.5827502],[58.93490767,20.58293247],[58.93382752,20.58178425],[58.93332255,20.57966793],[58.93354845,20.57932711]],[[58.626791,20.29480004],[58.62614214,20.29500544],[58.62538385,20.29421186],[58.62577093,20.29311717],[58.62740111,20.29245782],[58.62791753,20.29278982],[58.626791,20.29480004]],[[58.44879436,20.34864604],[58.44846773,20.34885705],[58.44714785,20.34580004],[58.44712365,20.34331214],[58.44787776,20.34267187],[58.44850004,20.34268844],[58.44948685,20.34305811],[58.45001137,20.34520936],[58.45001256,20.34591675],[58.44879436,20.34864604]],[[58.71485555,20.44268084],[58.71290505,20.44451535],[58.71163273,20.44124973],[58.71366823,20.44117546],[58.71450985,20.44148731],[58.71485555,20.44268084]],[[58.75732195,20.46221137],[58.75574553,20.46282733],[58.75317717,20.46482265],[58.75536001,20.48108006],[58.75761867,20.48703635],[58.75757027,20.48769367],[58.75727046,20.48809338],[58.75542808,20.48788548],[58.75133336,20.48942435],[58.75012112,20.48838425],[58.75360966,20.48662484],[58.75395524,20.48494542],[58.74688566,20.47308874],[58.74511087,20.46636283],[58.74130094,20.46107686],[58.74156904,20.45472276],[58.7398746,20.45007396],[58.74082065,20.44750905],[58.74373198,20.44774926],[58.74774086,20.45198357],[58.75364614,20.45434117],[58.75743234,20.46089506],[58.75732195,20.46221137]],[[58.16564906,20.49711835],[58.16550255,20.50032866],[58.16316736,20.49810565],[58.16393554,20.49685943],[58.16597033,20.49685562],[58.16564906,20.49711835]],[[58.15323985,20.55793405],[58.15561855,20.56164181],[58.15753901,20.56572998],[58.15754652,20.56640625],[58.15737546,20.56640625],[58.15752017,20.57079482],[58.15940726,20.57344306],[58.16571772,20.56640625],[58.16617918,20.56640625],[58.17054045,20.56143057],[58.17084634,20.56121135],[58.17370665,20.56004286],[58.17443097,20.56004477],[58.17768085,20.56135571],[58.1784271,20.56196761],[58.17987275,20.56640625],[58.18001854,20.56640625],[58.17727006,20.57366455],[58.17677271,20.57495356],[58.17670965,20.57850385],[58.17577624,20.58107483],[58.1748594,20.58247376],[58.17063367,20.58447432],[58.16397262,20.58344615],[58.16160166,20.58142412],[58.16138113,20.58097935],[58.16014254,20.57547104],[58.15749681,20.57267427],[58.15641403,20.57014668],[58.15588582,20.56640625],[58.15576053,20.56640625],[58.15521252,20.56431866],[58.15095305,20.55639732],[58.15323985,20.55793405]],[[58.14481676,20.58316767],[58.14385915,20.584975],[58.14353335,20.58518481],[58.14231706,20.58354056],[58.14230645,20.58305061],[58.14370751,20.58234632],[58.14431846,20.58242786],[58.14481676,20.58316767]],[[57.79545391,19.7967087],[57.79710186,19.79590726],[57.79771602,19.79610395],[57.79821825,19.79689002],[57.79736924,19.79766631],[57.7969985,19.79774761],[57.79535472,19.79699731],[57.79545391,19.7967087]],[[72.78503466,19.50303435],[72.78536964,19.50265086],[72.78704357,19.50285006],[72.78894365,19.50352716],[72.78907013,19.50399184],[72.78884637,19.50446773],[72.78600383,19.50446415],[72.78504658,19.50359845],[72.78503466,19.50303435]],[[72.81250823,19.50358844],[72.80681098,19.50005174],[72.81281126,19.49254966],[72.81293535,19.49211705],[72.81641352,19.49181902],[72.81680775,19.49196243],[72.82260823,19.4964174],[72.82367587,19.49752224],[72.82671785,19.50407434],[72.82735181,19.50633633],[72.82637024,19.50675595],[72.82320774,19.50496685],[72.81918216,19.50410914],[72.81250823,19.50358844]],[[72.72833455,19.46151757],[72.73232913,19.45735991],[72.73527455,19.45860446],[72.73366296,19.46181464],[72.73667395,19.46561813],[72.73182046,19.46787703],[72.73075926,19.46855211],[72.73040187,19.46823084],[72.72646165,19.46717107],[72.72833455,19.46151757]],[[72.86061692,19.32597685],[72.86539078,19.32398701],[72.86614406,19.32412553],[72.86603844,19.32445586],[72.86478066,19.32530224],[72.86332846,19.32552922],[72.86061692,19.32597685]],[[72.85786402,19.3297466],[72.87352324,19.32464731],[72.87102175,19.32806253],[72.86953652,19.32948875],[72.86551476,19.33246553],[72.85933411,19.33581603],[72.85940766,19.3359375],[72.85800171,19.3359375],[72.85220301,19.33724678],[72.84484386,19.33833694],[72.83940935,19.33784294],[72.83865654,19.3376739],[72.83612144,19.3359375],[72.83547795,19.3359375],[72.83492255,19.33347142],[72.83555424,19.33292568],[72.84908116,19.33008266],[72.85786402,19.3297466]],[[72.86012781,19.32380235],[72.85639393,19.32462168],[72.85777211,19.32303774],[72.86499965,19.32048345],[72.86537564,19.32060885],[72.86200786,19.32318723],[72.86012781,19.32380235]],[[72.78039873,19.13321507],[72.78305984,19.13237035],[72.78333986,19.13465166],[72.78185976,19.13525152],[72.78152955,19.13534725],[72.78039873,19.13321507]],[[57.84313965,19.00202775],[57.84770405,19.00165021],[57.84829605,19.00371373],[57.84699786,19.00487435],[57.84894896,19.00762832],[57.84790385,19.0083245],[57.84704852,19.00840676],[57.84367311,19.00585568],[57.84266734,19.00264025],[57.84313965,19.00202775]],[[72.84180641,18.70682466],[72.84164715,18.70635295],[72.84150958,18.70586324],[72.84151268,18.70537031],[72.8417139,18.70508635],[72.84203494,18.70508182],[72.84227824,18.70536315],[72.84243417,18.70588064],[72.84259021,18.70644784],[72.84273577,18.70702291],[72.84284854,18.70751965],[72.84280491,18.70798707],[72.84258974,18.70843816],[72.84207714,18.70792937],[72.84196353,18.7073245],[72.84180641,18.70682466]],[[72.81413531,18.70496321],[72.81231904,18.70638096],[72.81236076,18.70376802],[72.81316781,18.70232403],[72.81352866,18.70234716],[72.81520772,18.70309973],[72.81521404,18.70346606],[72.81413531,18.70496321]],[[72.86480725,18.63559747],[72.86353636,18.6328125],[72.86412525,18.6328125],[72.86553943,18.63406384],[72.86480725,18.63559747]],[[72.96369815,18.29843557],[72.96533155,18.29829001],[72.96611691,18.29845166],[72.96677077,18.29922855],[72.96569395,18.30099988],[72.96303797,18.30032337],[72.96369815,18.29843557]],[[73.08353102,17.81441665],[73.08377445,17.81408775],[73.08451414,17.81426811],[73.08524883,17.81475115],[73.08606565,17.81684911],[73.08413076,17.81863844],[73.08354485,17.81863844],[73.08264863,17.81788576],[73.08267331,17.81740427],[73.08353102,17.81441665]],[[56.13851714,17.61354291],[56.1407088,17.61193085],[56.14151466,17.61247706],[56.14053273,17.61404324],[56.14017415,17.61422992],[56.13867605,17.61381555],[56.13851714,17.61354291]],[[56.02035093,17.53392136],[56.01374531,17.53002465],[56.01319361,17.52989554],[56.00722706,17.52874565],[56.00252676,17.52854717],[56.00190985,17.5286175],[55.99811423,17.53058624],[55.99343121,17.52976942],[55.99119353,17.52762365],[55.99271584,17.52588666],[55.99206686,17.52485955],[55.98640776,17.52386093],[55.9823842,17.52087617],[55.97984922,17.52159595],[55.97677207,17.51975107],[55.97205234,17.51910985],[55.96805727,17.51636934],[55.96355605,17.51532447],[55.96411216,17.51267755],[55.96291113,17.51101244],[55.95800006,17.50803256],[55.95722926,17.50486207],[55.95755577,17.50434852],[55.96165717,17.50368631],[55.96297085,17.50435758],[55.96324146,17.50403023],[55.96416545,17.50181425],[55.96393788,17.50125563],[55.96289301,17.50021386],[55.96208048,17.50110567],[55.96120465,17.50061274],[55.96191907,17.49816513],[55.96347642,17.49456692],[55.96375716,17.49425876],[55.96557283,17.49462354],[55.96881866,17.4930917],[55.96886432,17.49027348],[55.96926045,17.49008656],[55.97232938,17.49174726],[55.9757905,17.48706234],[55.97610831,17.48697472],[55.97802293,17.48846614],[55.98196101,17.48852766],[55.98509097,17.48680675],[55.98836863,17.48712802],[55.99205554,17.48369205],[55.99367535,17.48460341],[55.99957132,17.48217392],[56.00431836,17.48349273],[56.00618148,17.48249292],[56.00982547,17.48330355],[56.01152921,17.48159313],[56.01187932,17.4793359],[56.01319265,17.47886884],[56.01485932,17.47927844],[56.01860952,17.47939956],[56.02248836,17.48098254],[56.02473426,17.48049271],[56.02546406,17.48412275],[56.02855301,17.48410487],[56.02894557,17.48200941],[56.03158546,17.48212814],[56.03141546,17.48133326],[56.03248906,17.48174906],[56.03345311,17.48018694],[56.03547788,17.47970283],[56.03697526,17.48209286],[56.04035628,17.48139584],[56.0428338,17.48339546],[56.04257572,17.48107004],[56.04484725,17.48092353],[56.04551971,17.48313475],[56.04796517,17.48427033],[56.04947412,17.48247755],[56.05482376,17.48661792],[56.06705415,17.49193656],[56.07310236,17.49671864],[56.07884133,17.49762762],[56.08019662,17.49617791],[56.08226323,17.49811184],[56.08611584,17.49908066],[56.08875334,17.49912512],[56.08938396,17.49822891],[56.08982062,17.50105464],[56.08769095,17.50298536],[56.09180403,17.50290978],[56.09216583,17.50505257],[56.09467018,17.50633061],[56.09429705,17.50774658],[56.09599066,17.50762141],[56.09595633,17.51130354],[56.09524572,17.51221263],[56.09225392,17.51225674],[56.09007168,17.51099944],[56.08886087,17.51219976],[56.08562052,17.51210964],[56.08226585,17.51012921],[56.08150005,17.51241982],[56.07497847,17.51224411],[56.07109022,17.51471067],[56.06188166,17.51591492],[56.06139982,17.51624215],[56.05822086,17.52390265],[56.05879211,17.52891326],[56.05894387,17.52976763],[56.05620515,17.53366744],[56.05809545,17.53648221],[56.05636191,17.53866756],[56.05673933,17.54564071],[56.05322731,17.55264378],[56.05060315,17.55418098],[56.04779816,17.55304575],[56.03708303,17.54153955],[56.03010571,17.53696597],[56.02955544,17.53671408],[56.02035093,17.53392136]],[[56.32414341,17.51274002],[56.32428062,17.51220572],[56.32549346,17.51149237],[56.32621038,17.51158977],[56.32757461,17.51231396],[56.32762361,17.51278877],[56.32589185,17.51388228],[56.32560646,17.51397753],[56.32457113,17.51350284],[56.32414341,17.51274002]],[[56.33334303,17.50889897],[56.33165741,17.50679517],[56.32971406,17.50264215],[56.32430136,17.49954152],[56.32169676,17.49483883],[56.3220427,17.49424207],[56.32291222,17.49379873],[56.32420504,17.49526942],[56.32605827,17.49885273],[56.32956851,17.49683535],[56.33466196,17.49647355],[56.33804691,17.49737465],[56.33881783,17.49376225],[56.34369898,17.49063635],[56.34564042,17.49154425],[56.34798646,17.49535561],[56.35186172,17.49707723],[56.35188484,17.49853754],[56.35078835,17.49903703],[56.34907567,17.50051796],[56.34880114,17.50094652],[56.34634244,17.50638831],[56.33427608,17.50872111],[56.33334303,17.50889897]],[[55.87750554,17.47768676],[55.87632811,17.48283041],[55.87843645,17.4805696],[55.88011396,17.48139954],[55.87932754,17.48326766],[55.88287711,17.48485565],[55.88307011,17.48526287],[55.88317645,17.4932152],[55.88274705,17.49423516],[55.88014925,17.49629986],[55.87109125,17.49539435],[55.86748385,17.49694526],[55.86652803,17.49929655],[55.86293614,17.50239015],[55.85442376,17.50720274],[55.85249126,17.50902772],[55.84880734,17.50951171],[55.84442925,17.50477183],[55.84183335,17.50297153],[55.83976507,17.50297892],[55.83949053,17.50115454],[55.83713937,17.50017893],[55.83436573,17.49514234],[55.83113146,17.49494123],[55.83119214,17.49700272],[55.83044136,17.49741185],[55.83015728,17.49741125],[55.82829273,17.49676144],[55.8278228,17.49404621],[55.82567513,17.49342716],[55.82555175,17.49289775],[55.82646501,17.49233675],[55.83006656,17.49213803],[55.82681286,17.49003994],[55.82787395,17.48835373],[55.82760882,17.48529351],[55.82996905,17.48669016],[55.82929516,17.484079],[55.82925332,17.48307586],[55.83006573,17.48282981],[55.83044934,17.48335385],[55.83205688,17.48773181],[55.83471787,17.48359823],[55.83839607,17.48407757],[55.84186423,17.48254764],[55.84553397,17.48344791],[55.84853208,17.48609614],[55.85240805,17.48684025],[55.85430145,17.48402774],[55.85377645,17.48195505],[55.85080492,17.47940135],[55.85140657,17.47478926],[55.85303605,17.47740531],[55.85531402,17.47548306],[55.85734785,17.47937834],[55.85964155,17.47735941],[55.86136568,17.47788811],[55.86171806,17.47578454],[55.86509085,17.47602797],[55.863204,17.4731456],[55.86464214,17.4718945],[55.86494172,17.47189713],[55.86974955,17.47650754],[55.87414444,17.47625124],[55.87750554,17.47768676]],[[55.61029506,17.47450507],[55.61016536,17.48181868],[55.60960007,17.48238063],[55.60426152,17.48371065],[55.6035639,17.48413491],[55.59766865,17.48269522],[55.59488118,17.48118556],[55.59504545,17.47617912],[55.59686255,17.47087145],[55.59376085,17.46892655],[55.59310782,17.46755934],[55.59282625,17.46505857],[55.59406435,17.46290636],[55.59477293,17.46266687],[55.59762132,17.46380401],[55.60141611,17.46402025],[55.60195041,17.46430826],[55.60434735,17.46679604],[55.60444927,17.46745825],[55.60402083,17.46787345],[55.60129201,17.46865654],[55.60219204,17.47109485],[55.6068567,17.47132301],[55.60781264,17.47342718],[55.61029506,17.47450507]],[[73.30182302,16.98235047],[73.30199826,16.98028874],[73.30223763,16.97981203],[73.30451131,16.97919452],[73.30310345,16.98243165],[73.30240452,16.98283303],[73.30182302,16.98235047]],[[54.80564392,16.94406581],[54.8035295,16.94479275],[54.79817724,16.94249582],[54.79558814,16.93759274],[54.79627216,16.93542385],[54.79795861,16.93546236],[54.79865527,16.93750691],[54.80286181,16.94035316],[54.80338764,16.94175756],[54.80458927,16.94034684],[54.80536056,16.94060922],[54.80607104,16.94184315],[54.80756032,16.94315684],[54.80564392,16.94406581]],[[54.74571693,16.94557166],[54.74650943,16.94622731],[54.74694264,16.9470818],[54.74337006,16.94857323],[54.73993027,16.95176375],[54.73753273,16.94674361],[54.74108326,16.94600463],[54.74061751,16.94420576],[54.74222934,16.94495082],[54.74418867,16.94384146],[54.74571693,16.94557166]],[[54.76129556,16.94654441],[54.76202393,16.94578707],[54.76370347,16.94595134],[54.76372981,16.94635785],[54.76221478,16.94728196],[54.76129556,16.94654441]],[[73.44291115,16.10077465],[73.44353342,16.10006595],[73.44410276,16.10031927],[73.44447577,16.10113823],[73.44274163,16.10267854],[73.44291115,16.10077465]],[[73.46043754,16.03899264],[73.46130311,16.03884852],[73.46186245,16.03946066],[73.46225154,16.04372156],[73.45913875,16.04552913],[73.45724583,16.04100025],[73.46043754,16.03899264]],[[73.46546411,15.89462161],[73.46755123,15.89354432],[73.46739244,15.89507127],[73.46617925,15.89587677],[73.46572495,15.89596903],[73.46546411,15.89462161]],[[73.46218085,15.89037335],[73.46181393,15.88907576],[73.46428084,15.88684893],[73.46429336,15.88936663],[73.46250284,15.89027441],[73.46218085,15.89037335]],[[73.45587575,15.8896178],[73.45528245,15.88987792],[73.4548074,15.8885324],[73.45644951,15.88686824],[73.45667446,15.88706565],[73.45665824,15.88878381],[73.45587575,15.8896178]],[[73.79614735,15.37241781],[73.79682386,15.37239957],[73.79886603,15.37434506],[73.7994467,15.37793922],[73.79495025,15.37893605],[73.7933284,15.37769353],[73.79314601,15.37732124],[73.79289067,15.37544107],[73.79300034,15.37488496],[73.79614735,15.37241781]],[[73.77937937,15.35526085],[73.76652885,15.35246944],[73.76229715,15.35509741],[73.76090157,15.35256767],[73.76535368,15.34995925],[73.76849663,15.35119891],[73.77194023,15.34996057],[73.77896273,15.35098052],[73.78046453,15.34884334],[73.78143835,15.3485198],[73.78279805,15.34886122],[73.78481066,15.35166395],[73.78471994,15.35330415],[73.78197312,15.35553658],[73.78045261,15.35577774],[73.77937937,15.35526085]],[[74.09428966,14.87633777],[74.09448755,14.87591314],[74.09523284,14.87599325],[74.09725726,14.87699282],[74.09711301,14.87817538],[74.0967195,14.87832224],[74.09460998,14.87762904],[74.09428966,14.87633777]],[[74.09864581,14.84199584],[74.10015225,14.84184265],[74.10101342,14.84205174],[74.10148942,14.84269261],[74.10196626,14.84413636],[74.10165977,14.84454608],[74.09653342,14.84557664],[74.09705985,14.84331632],[74.09739852,14.84281838],[74.09864581,14.84199584]],[[74.14158905,14.84256256],[74.14240932,14.84167922],[74.14341044,14.84157395],[74.14422667,14.84181905],[74.14485931,14.84291041],[74.14188802,14.84284961],[74.14158905,14.84256256]],[[74.09314775,14.83621848],[74.09374905,14.83602762],[74.09471047,14.83695614],[74.09385121,14.83851266],[74.09314775,14.83621848]],[[74.05730963,14.81932175],[74.05751371,14.81899285],[74.05851102,14.81908441],[74.06209028,14.82071125],[74.05849743,14.82145274],[74.05730963,14.81932175]],[[74.06262815,14.82032394],[74.06353223,14.81930161],[74.06497097,14.81934214],[74.06540716,14.81996155],[74.06410313,14.82101917],[74.06352425,14.82121575],[74.06262815,14.82032394]],[[74.05497718,14.81595695],[74.05609047,14.81595361],[74.05670905,14.81646442],[74.05543697,14.81704664],[74.05438936,14.81617475],[74.05497718,14.81595695]],[[74.08739352,14.79365194],[74.08858025,14.79357064],[74.08899164,14.79475772],[74.08866143,14.79532135],[74.08696377,14.79579794],[74.08637965,14.79533434],[74.08739352,14.79365194]],[[53.5428555,12.71363544],[53.51873434,12.71035695],[53.5153594,12.70828605],[53.51462662,12.70578623],[53.51045728,12.70293486],[53.50772631,12.69900954],[53.50115573,12.69796276],[53.4974364,12.70010853],[53.49480951,12.69789863],[53.49329305,12.69882405],[53.48802686,12.69805086],[53.48552096,12.69968891],[53.48381031,12.68873072],[53.48074281,12.68802857],[53.47912097,12.68638384],[53.47639096,12.68635786],[53.47611988,12.68400824],[53.47416246,12.68064427],[53.47292256,12.67869341],[53.46735275,12.67150414],[53.46671677,12.67125344],[53.45010865,12.66857314],[53.44333315,12.67100763],[53.4375,12.67103791],[53.42125523,12.66493094],[53.41612065,12.66432953],[53.40957356,12.65962482],[53.39948535,12.65625],[53.39765096,12.65531635],[53.39677012,12.65344524],[53.39681041,12.65282917],[53.40001404,12.64786601],[53.39931023,12.64383244],[53.40086436,12.64154816],[53.39985585,12.63820314],[53.40094614,12.63380516],[53.39968634,12.62932718],[53.40278327,12.62837195],[53.40430808,12.61999774],[53.40319264,12.61899865],[53.40142834,12.60960042],[53.39931905,12.6064043],[53.39957786,12.60320282],[53.39750564,12.60164475],[53.39942563,12.60067904],[53.3991698,12.58786476],[53.40019763,12.57910144],[53.39917028,12.56990361],[53.39751411,12.56682503],[53.39734507,12.56362736],[53.39473271,12.55917954],[53.39217937,12.55824888],[53.38605165,12.55119967],[53.38442552,12.54999805],[53.38107264,12.54843914],[53.38070035,12.54836071],[53.37857783,12.5487653],[53.37813866,12.54868901],[53.37549853,12.54691744],[53.36959624,12.54657054],[53.36795437,12.54457891],[53.36505425,12.54362655],[53.35961175,12.54428554],[53.3592416,12.54421103],[53.35451758,12.54146922],[53.35375416,12.54129064],[53.35185528,12.54265642],[53.3420974,12.54031801],[53.33802307,12.53758335],[53.33762825,12.53747261],[53.3347398,12.53735924],[53.33379245,12.53864813],[53.32442582,12.54147756],[53.32338452,12.54349327],[53.31922984,12.54404175],[53.31607103,12.54168165],[53.31035495,12.54032516],[53.30537033,12.53644335],[53.30522943,12.53596354],[53.30631924,12.53027713],[53.30670476,12.52967608],[53.31144345,12.52799165],[53.31621075,12.52237415],[53.31870532,12.52201664],[53.32259011,12.51870847],[53.34618914,12.50610018],[53.36158395,12.49546087],[53.36486495,12.49506426],[53.37333393,12.48831034],[53.3866235,12.48046875],[53.38752162,12.48046875],[53.398211,12.47400904],[53.404742,12.46914995],[53.41066957,12.46652555],[53.41206968,12.46487355],[53.42708278,12.45697665],[53.4375,12.45228791],[53.44792366,12.44807434],[53.45190477,12.44508982],[53.45255578,12.44481993],[53.46018136,12.44322336],[53.46577644,12.43980658],[53.47421324,12.43039298],[53.47272992,12.43038034],[53.47329521,12.42553604],[53.47525787,12.42200065],[53.47865713,12.42065334],[53.47763574,12.41663146],[53.48528123,12.41174614],[53.48810005,12.41090882],[53.48962033,12.41266727],[53.49053431,12.40877604],[53.50755382,12.3983947],[53.50584996,12.39597917],[53.50708103,12.39583886],[53.50697482,12.39463353],[53.50963914,12.39671028],[53.51527691,12.39420605],[53.51498067,12.39152777],[53.51183927,12.39500022],[53.50982845,12.39329505],[53.51168692,12.39128661],[53.51332533,12.39110005],[53.51280451,12.38868141],[53.51907265,12.38665915],[53.52137005,12.38461387],[53.52255154,12.37903595],[53.52508736,12.37613583],[53.52790904,12.37502825],[53.52859151,12.37368047],[53.53175974,12.37365556],[53.52991557,12.3727324],[53.52901173,12.37004685],[53.53079784,12.36774635],[53.53327656,12.3684864],[53.53292215,12.36371577],[53.53461897,12.36095238],[53.5368005,12.3594408],[53.53967464,12.35974824],[53.5413028,12.35825872],[53.54194105,12.35555327],[53.54338372,12.35641754],[53.54523706,12.35503161],[53.54324031,12.35196781],[53.54455113,12.34506965],[53.54370272,12.3448019],[53.54705572,12.33960342],[53.54928315,12.33931053],[53.55242884,12.34195256],[53.55262053,12.34055841],[53.55862713,12.34060025],[53.55737746,12.33878565],[53.55873466,12.33707845],[53.56129313,12.34014702],[53.56307101,12.33876264],[53.56372464,12.3394829],[53.56593895,12.33857572],[53.56576848,12.33765733],[53.5669229,12.33910906],[53.56972516,12.33952796],[53.57153654,12.33762336],[53.58250105,12.33431113],[53.58366442,12.33439398],[53.58431721,12.33623338],[53.58613086,12.33399856],[53.60298455,12.32901657],[53.63155103,12.31509292],[53.63753426,12.31470263],[53.65190315,12.30924571],[53.67539716,12.3046875],[53.67634547,12.3046875],[53.67934728,12.30364323],[53.72389853,12.30081081],[53.73455453,12.30182552],[53.75176895,12.30140126],[53.76300347,12.30326283],[53.76767731,12.30282736],[53.77993095,12.3046875],[53.78249395,12.3046875],[53.78234971,12.30483007],[53.7890625,12.30580354],[53.79154325,12.30661046],[53.79947543,12.30832195],[53.80737197,12.30862474],[53.80909908,12.30893815],[53.81194472,12.3101716],[53.82275498,12.31103277],[53.82917798,12.30985451],[53.83511114,12.31091166],[53.84036851,12.31214964],[53.86949325,12.32157338],[53.90553427,12.3283931],[53.91851175,12.32954955],[53.92929721,12.33363092],[53.95497346,12.33325923],[53.96059036,12.3354094],[53.96474898,12.33485103],[53.97272825,12.33590805],[54.0012809,12.32907534],[54.00529325,12.32944834],[54.00951314,12.32819808],[54.01373243,12.32992303],[54.01897931,12.33429408],[54.02505362,12.34746075],[54.03359485,12.35076261],[54.03511822,12.35113466],[54.04194295,12.35197485],[54.06724322,12.35242975],[54.08257365,12.3554095],[54.09503508,12.35600805],[54.1186192,12.35370994],[54.12910485,12.35025275],[54.140625,12.35128343],[54.140625,12.3515625],[54.1452136,12.35355067],[54.15215755,12.35861051],[54.16353917,12.36378694],[54.16733015,12.36855543],[54.17182624,12.37132907],[54.18005967,12.37332892],[54.19215882,12.38855195],[54.1950407,12.39032161],[54.21438873,12.39451694],[54.21711087,12.39594054],[54.22194791,12.39580548],[54.22427285,12.39825416],[54.22489154,12.40069056],[54.22671688,12.40082622],[54.22677851,12.40481234],[54.22906971,12.40938926],[54.22937024,12.41442895],[54.23288023,12.42279434],[54.23982871,12.42817855],[54.24361253,12.42972577],[54.24505568,12.43161213],[54.24584806,12.43113363],[54.25010288,12.43336093],[54.25866008,12.43896854],[54.27556562,12.44261301],[54.27981925,12.44500554],[54.28389096,12.44426525],[54.30726731,12.44587052],[54.31218696,12.44508731],[54.31473362,12.44344854],[54.3201884,12.44535363],[54.32345963,12.44451284],[54.32392096,12.44461286],[54.32551563,12.44720125],[54.33064175,12.44597876],[54.333866,12.44864845],[54.33417761,12.44876766],[54.33568883,12.44887614],[54.33869624,12.44733047],[54.33946228,12.44747961],[54.34038293,12.44788468],[54.34129214,12.44975054],[54.34675682,12.45167124],[54.34716296,12.45178688],[54.35108185,12.45272124],[54.35354733,12.45187128],[54.36293244,12.45416856],[54.36718416,12.45757055],[54.37489426,12.45891166],[54.37662721,12.45832562],[54.37951732,12.46022487],[54.38311172,12.45931745],[54.39012861,12.46030855],[54.39971471,12.46302533],[54.40523446,12.46659398],[54.41158044,12.46641421],[54.41345882,12.46861494],[54.41278994,12.47274983],[54.41405427,12.47399998],[54.41673315,12.47587407],[54.42064714,12.47764897],[54.42485595,12.47766554],[54.42935753,12.48046875],[54.42959225,12.48046875],[54.43056703,12.482324],[54.43466258,12.48458135],[54.44125283,12.4848417],[54.44327354,12.48622274],[54.44420874,12.48400617],[54.44537246,12.48439527],[54.4454112,12.49013031],[54.44011486,12.49737835],[54.44322824,12.50517643],[54.44332623,12.50906813],[54.44889188,12.51810944],[54.46083415,12.52420676],[54.46120405,12.52434194],[54.47703004,12.52896452],[54.47759044,12.52910244],[54.48295343,12.52909934],[54.48696113,12.53061736],[54.4921875,12.53125],[54.4921875,12.53152895],[54.504372,12.53316557],[54.51657236,12.53723967],[54.52693057,12.54238117],[54.52880335,12.54140127],[54.53289628,12.54179728],[54.53494334,12.54087186],[54.53524745,12.54158962],[54.53542614,12.542979],[54.53245962,12.54591477],[54.53137875,12.55030382],[54.53262746,12.55157185],[54.53290033,12.55488145],[54.52886856,12.55220675],[54.52272987,12.5534085],[54.51981413,12.55223095],[54.51511645,12.55347872],[54.5108242,12.55680966],[54.50841176,12.55635762],[54.50723112,12.55337012],[54.50499105,12.55327845],[54.50372767,12.55110705],[54.49764883,12.5467782],[54.4921875,12.54492176],[54.49175882,12.54436386],[54.48025322,12.54360437],[54.47348523,12.54507041],[54.46858251,12.54691327],[54.45499671,12.55350113],[54.45422411,12.55391204],[54.43882668,12.56309605],[54.42456937,12.57432056],[54.42262685,12.57773316],[54.4199934,12.57951331],[54.41473258,12.58028686],[54.41156662,12.57903945],[54.40567505,12.57900572],[54.399827,12.58192694],[54.39554524,12.58240604],[54.39070773,12.58645415],[54.38482201,12.58753717],[54.38321102,12.58924592],[54.38055694,12.5895648],[54.36966825,12.59730041],[54.36753654,12.60060143],[54.3660382,12.60042107],[54.36429644,12.60225856],[54.36114144,12.60183406],[54.3609972,12.60359097],[54.35904038,12.60467696],[54.35451245,12.60542035],[54.34986305,12.60262108],[54.34368515,12.60509312],[54.33992887,12.60476625],[54.33919895,12.60664237],[54.33748865,12.60584521],[54.33058417,12.60708582],[54.32716537,12.60610223],[54.32658017,12.60620356],[54.31890035,12.61065996],[54.31662846,12.61030471],[54.31517375,12.60869133],[54.31179881,12.60861397],[54.31050777,12.60894453],[54.30490041,12.61198807],[54.29943931,12.61753464],[54.29417431,12.61415994],[54.28925824,12.61593616],[54.28864026,12.61619437],[54.28142333,12.62096894],[54.27707505,12.62600768],[54.27245414,12.62767291],[54.26997471,12.6273396],[54.26898193,12.62916434],[54.26532614,12.63041246],[54.26201105,12.63519502],[54.26315844,12.63738596],[54.26194346,12.6400609],[54.25377762,12.63919806],[54.24979353,12.64006126],[54.24421024,12.64450681],[54.24177647,12.64333415],[54.23679364,12.64441323],[54.23427141,12.64640045],[54.2298578,12.64382124],[54.22708476,12.64435637],[54.21967185,12.63928378],[54.21537316,12.63879061],[54.21484303,12.63944983],[54.21966422,12.6419965],[54.22274446,12.64645743],[54.22016966,12.64773154],[54.21372855,12.65329313],[54.21122324,12.65625],[54.21099472,12.65625],[54.20718324,12.66184485],[54.20307636,12.66216016],[54.20280254,12.66229832],[54.19956374,12.66568446],[54.19917297,12.66620135],[54.19792116,12.66861105],[54.19789457,12.66895235],[54.19978034,12.67308867],[54.19873166,12.67484057],[54.19717956,12.67252874],[54.19409466,12.6721158],[54.19403934,12.6702913],[54.18866062,12.66725862],[54.17788124,12.66420436],[54.16922271,12.66381276],[54.16047692,12.66603744],[54.15707326,12.66879225],[54.15138245,12.67109692],[54.14522934,12.67570186],[54.140625,12.6796875],[54.140625,12.67996645],[54.12849402,12.69177055],[54.12094891,12.69513881],[54.11703968,12.69813585],[54.11518586,12.69766092],[54.10868371,12.70096767],[54.10182583,12.69986343],[54.09385717,12.70225763],[54.09099317,12.70225644],[54.08955205,12.70155275],[54.08873844,12.70070875],[54.08553183,12.69437516],[54.08595896,12.68905103],[54.08355355,12.68327284],[54.08311307,12.68236613],[54.08212328,12.68182886],[54.08021104,12.68241966],[54.08090651,12.67984235],[54.07833505,12.67753816],[54.05551744,12.66716194],[54.05259883,12.66789925],[54.04012716,12.66105425],[54.02940488,12.66098654],[54.02362823,12.65625],[54.0234375,12.65625],[54.0235852,12.65610623],[54.01939833,12.6552633],[54.00746763,12.64933014],[54.00600016,12.64904582],[53.99967492,12.64920068],[53.99414062,12.64787936],[53.98532641,12.64844477],[53.98253822,12.65009606],[53.97903573,12.65007675],[53.97527266,12.64834845],[53.97304845,12.6431849],[53.96637785,12.64383793],[53.95841098,12.63910687],[53.95172715,12.64250505],[53.94696712,12.64013517],[53.93749654,12.64401138],[53.93130386,12.64398015],[53.91259897,12.65256083],[53.90881395,12.65129971],[53.90179431,12.6512984],[53.89124417,12.64812887],[53.88127863,12.64310336],[53.87799704,12.64017141],[53.87075722,12.62814522],[53.87025642,12.62201393],[53.86696935,12.62069905],[53.86467707,12.61495614],[53.86212933,12.61230183],[53.86056531,12.61220157],[53.86063027,12.61079121],[53.85550117,12.60760951],[53.84868324,12.6002804],[53.84838176,12.60009253],[53.84113955,12.59687042],[53.84073114,12.59673774],[53.83724761,12.59634304],[53.81779885,12.59846532],[53.80482805,12.60234904],[53.7890625,12.60853791],[53.78612995,12.60949552],[53.76637995,12.61890018],[53.76150477,12.62158644],[53.75538814,12.62607956],[53.74812663,12.62958741],[53.73782217,12.63770735],[53.73247516,12.63983917],[53.72163856,12.64739835],[53.710747,12.65625],[53.70982504,12.65625],[53.70937693,12.65730846],[53.70284414,12.66103315],[53.68425894,12.67595363],[53.6762799,12.68087387],[53.65857291,12.69630635],[53.65140915,12.70167875],[53.64903081,12.70253718],[53.64612687,12.70305276],[53.64555526,12.70293582],[53.64102745,12.70036542],[53.61916006,12.69989264],[53.61567235,12.69787538],[53.60436583,12.69705784],[53.58639777,12.70140243],[53.57849395,12.69996047],[53.56634438,12.70445967],[53.55667436,12.70996344],[53.5526092,12.71138215],[53.54873991,12.71112525],[53.54522026,12.71252465],[53.5428555,12.71363544]],[[52.14286685,12.44056273],[52.14134765,12.44235623],[52.13684154,12.44227088],[52.13643014,12.44274974],[52.13562691,12.44344282],[52.13481331,12.43920815],[52.13096905,12.43721676],[52.13095176,12.43685412],[52.13183975,12.43525887],[52.13213062,12.43504107],[52.13415563,12.43440223],[52.13667941,12.43843186],[52.13904464,12.43902254],[52.14281321,12.44020021],[52.14286685,12.44056273]],[[53.15867817,12.63883495],[53.15819705,12.63904512],[53.1561985,12.63632035],[53.15574133,12.63545406],[53.15601265,12.63462806],[53.15703356,12.63458872],[53.15752494,12.63491404],[53.15897214,12.63798904],[53.15867817,12.63883495]],[[53.50500524,12.71018291],[53.49885893,12.7109375],[53.49627936,12.708094],[53.50239301,12.70803416],[53.50278735,12.70825303],[53.50500524,12.71018291]],[[52.08310676,12.24458921],[52.08176374,12.24164367],[52.08086181,12.24301207],[52.07889247,12.2430793],[52.07747245,12.24254572],[52.07727158,12.24021256],[52.07398808,12.24090886],[52.07155991,12.23816681],[52.06335711,12.23996282],[52.06374466,12.23720145],[52.06188107,12.23362613],[52.06443071,12.23560703],[52.06717968,12.23602617],[52.06856894,12.23276103],[52.06523192,12.22999144],[52.06211865,12.229285],[52.06417096,12.22384655],[52.07111096,12.22409296],[52.07072067,12.22222292],[52.07185411,12.22091854],[52.07958257,12.21712506],[52.0839082,12.21702278],[52.08663738,12.2138766],[52.08815646,12.21542454],[52.09092343,12.21563518],[52.09074426,12.21234214],[52.09491515,12.21249187],[52.09390295,12.20817471],[52.09872234,12.20632267],[52.11075902,12.20375144],[52.11449885,12.20419526],[52.11744595,12.20178044],[52.12283182,12.20167494],[52.12126672,12.2054044],[52.12630105,12.20121348],[52.12774205,12.20149326],[52.13011837,12.20504367],[52.13533723,12.20432305],[52.13593304,12.20343244],[52.13484347,12.20229435],[52.13582015,12.20158255],[52.14203107,12.20040131],[52.14515293,12.20169437],[52.14668906,12.19822645],[52.14454377,12.19711685],[52.14617515,12.19533956],[52.14733827,12.19601095],[52.14815366,12.19208956],[52.15021181,12.19058084],[52.15242136,12.18654335],[52.15637875,12.1847856],[52.15852106,12.18504036],[52.15978837,12.18371916],[52.16347325,12.18285012],[52.16519058,12.18481457],[52.16718852,12.18492866],[52.17031646,12.18716836],[52.17610276,12.18518281],[52.17881036,12.18198633],[52.18167055,12.18441355],[52.18407977,12.18400908],[52.18453467,12.18239176],[52.18716347,12.18169701],[52.19032884,12.1829468],[52.19792664,12.18155313],[52.20095158,12.17920101],[52.20788884,12.18045247],[52.21287215,12.17823637],[52.21482003,12.18020093],[52.22063553,12.17982745],[52.22271121,12.18187606],[52.22731745,12.18032944],[52.22824872,12.18191612],[52.22962773,12.17331767],[52.23325396,12.16731703],[52.23474085,12.16172624],[52.23656416,12.15826261],[52.23794293,12.15713346],[52.24476004,12.15583801],[52.24515533,12.15576494],[52.24967277,12.15773237],[52.25004435,12.15773511],[52.25291765,12.15620303],[52.25734246,12.1564728],[52.26309466,12.15499294],[52.26471686,12.15664828],[52.26672626,12.15662098],[52.27478325,12.15398586],[52.27791715,12.15441847],[52.28104734,12.15144086],[52.28420806,12.15019286],[52.28783846,12.15009665],[52.29038942,12.15152824],[52.29121494,12.14991927],[52.2939527,12.15092385],[52.29504907,12.14756978],[52.29637945,12.14709437],[52.2968533,12.14707744],[52.29863965,12.1489706],[52.29968846,12.14852274],[52.30066454,12.15077746],[52.30228293,12.15113604],[52.31027937,12.1498754],[52.31757855,12.15148175],[52.32159984,12.15036166],[52.32412112,12.14828718],[52.32562363,12.15016985],[52.33170247,12.15031636],[52.33571756,12.15226674],[52.33914042,12.15230298],[52.34153223,12.15084624],[52.34254098,12.15217137],[52.34224975,12.15427124],[52.35686493,12.15952683],[52.37100863,12.15595877],[52.3730818,12.15416658],[52.37581205,12.15404725],[52.37925065,12.15555823],[52.37947762,12.1557939],[52.38074946,12.15875065],[52.38021135,12.16140664],[52.38010967,12.16151297],[52.3687216,12.16563833],[52.3671838,12.16966021],[52.36849225,12.17641091],[52.36774457,12.17845643],[52.37034178,12.18033707],[52.37001121,12.18231368],[52.37288117,12.18334484],[52.37293911,12.18440092],[52.37726104,12.18546641],[52.3784523,12.18474555],[52.37867975,12.18486381],[52.37982714,12.18776095],[52.38271034,12.18770266],[52.3828125,12.18777895],[52.3828125,12.18889511],[52.38283968,12.18892396],[52.38763988,12.19045222],[52.38918996,12.19482672],[52.39400876,12.19489455],[52.39520586,12.19689345],[52.39171696,12.19843745],[52.39122677,12.19826615],[52.3828125,12.19335926],[52.37553656,12.18864632],[52.35853696,12.19078314],[52.35422647,12.19008422],[52.35005546,12.19221175],[52.34274423,12.19326425],[52.34010506,12.19504952],[52.33753085,12.19329154],[52.33324206,12.19431996],[52.33175015,12.19117212],[52.32072365,12.18871784],[52.31524551,12.18950808],[52.29895985,12.20114601],[52.29601705,12.19816208],[52.29336905,12.1980741],[52.28792965,12.20136607],[52.28454185,12.20002913],[52.27933288,12.20612216],[52.27433765,12.20437992],[52.26984251,12.20093524],[52.26858902,12.20212698],[52.26655734,12.20203102],[52.26523185,12.19900274],[52.2636137,12.19983923],[52.26318061,12.20181561],[52.26095748,12.2012186],[52.25817847,12.20418715],[52.25411224,12.20375502],[52.24922252,12.20131385],[52.24427366,12.20460641],[52.24236524,12.20331347],[52.23514736,12.20393217],[52.23266971,12.20288825],[52.23119175,12.20446825],[52.22982955,12.20372546],[52.22531462,12.20444298],[52.22051275,12.20070791],[52.21832526,12.20415056],[52.21545327,12.20594096],[52.2125957,12.20591521],[52.21112216,12.20425045],[52.20918584,12.20589375],[52.20655346,12.20225656],[52.20284987,12.2023102],[52.18945825,12.20863378],[52.18738735,12.21109533],[52.18087935,12.21466505],[52.17860937,12.21412456],[52.17634487,12.21746755],[52.17251635,12.21508575],[52.16776562,12.21728277],[52.15109873,12.23298275],[52.15118825,12.23467827],[52.15042448,12.23530412],[52.15002894,12.23543942],[52.14240265,12.23383236],[52.13752055,12.23624182],[52.13322485,12.24028838],[52.12903142,12.23887932],[52.12530303,12.2418282],[52.12097621,12.24204791],[52.12049305,12.23921335],[52.11899817,12.23870945],[52.11201024,12.24381816],[52.10648966,12.24252152],[52.10418785,12.24404204],[52.10479164,12.24117625],[52.09934962,12.23804402],[52.09867215,12.23805344],[52.08694255,12.24058783],[52.08521545,12.2420752],[52.08310676,12.24458921]],[[53.03570974,12.17961848],[53.03232956,12.17843425],[53.02881742,12.17876411],[53.02522731,12.17679513],[53.02056944,12.17821908],[53.01159263,12.17726397],[53.00904906,12.17846203],[53.00842595,12.17395675],[53.00376844,12.17369175],[52.99855733,12.17050743],[52.99656475,12.17202055],[52.98965251,12.16858041],[52.98183584,12.17042971],[52.98026443,12.16750288],[52.97859097,12.16730523],[52.97836697,12.16691506],[52.9783231,12.16626441],[52.97876453,12.16561484],[52.98121548,12.16496241],[52.98457575,12.16504014],[52.98562217,12.16417456],[52.98592734,12.16368318],[52.98493278,12.16213381],[52.9849596,12.16152275],[52.98597312,12.16048527],[52.98755157,12.16151106],[52.99137497,12.15990651],[52.99327433,12.16150284],[52.99640501,12.16095805],[52.99656332,12.15995264],[53.00008273,12.15824926],[53.0123409,12.15389812],[53.02154493,12.14561868],[53.02591824,12.13978195],[53.03696382,12.1368525],[53.04747093,12.13242197],[53.05392993,12.13209403],[53.05549586,12.13025737],[53.05540395,12.12890625],[53.05542874,12.12890625],[53.05553722,12.1280483],[53.05863845,12.12513423],[53.05910122,12.12501895],[53.06120765,12.12623918],[53.06212103,12.1284821],[53.06263196,12.12859166],[53.06524396,12.12843728],[53.06567705,12.12890625],[53.06564724,12.12903082],[53.06668055,12.13004744],[53.0679599,12.12890625],[53.06880951,12.12866211],[53.06967187,12.12890625],[53.0695039,12.12905145],[53.07508576,12.13111973],[53.07699025,12.13035655],[53.08412886,12.13127971],[53.08493865,12.13309145],[53.0859375,12.13309145],[53.08676553,12.13353765],[53.08856165,12.14010584],[53.08987856,12.14157188],[53.08851814,12.14419901],[53.08828604,12.14909744],[53.09019566,12.15263867],[53.0859375,12.16183031],[53.0859375,12.16210926],[53.07976913,12.16653621],[53.07620752,12.16760707],[53.07474816,12.16919231],[53.07402992,12.17132342],[53.07470977,12.17317235],[53.07341611,12.17391384],[53.0708214,12.17462266],[53.06426334,12.17389011],[53.06230545,12.17486393],[53.05691385,12.17417967],[53.05142152,12.17785597],[53.04458535,12.17877793],[53.04012394,12.17778075],[53.03900993,12.17850995],[53.03570974,12.17961848]],[[53.26915371,12.12859714],[53.26255322,12.12579012],[53.24538457,12.12217367],[53.24674547,12.12110674],[53.2466979,12.11927843],[53.24814665,12.11901021],[53.24749637,12.12134016],[53.24898136,12.12091935],[53.24916792,12.11909187],[53.25171685,12.11811626],[53.25461304,12.11937034],[53.25555122,12.11806774],[53.25519848,12.11577666],[53.25675762,12.11544657],[53.25669956,12.11453283],[53.25917161,12.11307847],[53.262591,12.11340916],[53.26461554,12.11187208],[53.27825475,12.11447191],[53.2833724,12.11152565],[53.28554273,12.11239851],[53.29014993,12.11128676],[53.29120648,12.10940385],[53.29395163,12.11059725],[53.29504573,12.11231053],[53.29832888,12.11169732],[53.3011111,12.10859561],[53.303406,12.10833955],[53.30605865,12.10888207],[53.30722332,12.10891545],[53.30967474,12.11059225],[53.30995536,12.11097455],[53.30960154,12.11242485],[53.30903125,12.11282825],[53.29451013,12.11917007],[53.28873146,12.12527788],[53.28740132,12.12605631],[53.28403187,12.12716508],[53.27894926,12.12825882],[53.26979041,12.12813616],[53.26915371,12.12859714]],[[51.18681896,10.546875],[51.18799531,10.5411849],[51.18814898,10.54083812],[51.18959785,10.5400027],[51.18922675,10.53843212],[51.19064271,10.53708231],[51.19122076,10.53704047],[51.19145584,10.53757024],[51.19144905,10.53978837],[51.19130504,10.540277],[51.1885215,10.546875],[51.18225706,10.55969417],[51.1855545,10.54814827],[51.18681896,10.546875]],[[73.10994184,-0.65687394],[73.11011422,-0.6572355],[73.11043465,-0.65721262],[73.11090434,-0.65700114],[73.11140096,-0.65670097],[73.11180425,-0.65642798],[73.11206484,-0.65613055],[73.11211145,-0.65582705],[73.11200655,-0.65554535],[73.11187625,-0.65531385],[73.11170757,-0.65515864],[73.11147332,-0.65504563],[73.11119926,-0.65492415],[73.11091363,-0.65482974],[73.11052024,-0.65443611],[73.11041915,-0.65415692],[73.11028326,-0.65387845],[73.11015046,-0.65360224],[73.11000741,-0.65332782],[73.10987413,-0.65304923],[73.10971177,-0.65274596],[73.10951626,-0.65239096],[73.10927153,-0.65200555],[73.10906684,-0.65171361],[73.10881352,-0.65154004],[73.10866511,-0.65138185],[73.10831416,-0.65111065],[73.10803604,-0.65074575],[73.10776687,-0.65033841],[73.10757112,-0.64998817],[73.10741353,-0.6496942],[73.10728383,-0.64940345],[73.1071434,-0.64906085],[73.10701156,-0.64864814],[73.10686791,-0.64822721],[73.10684335,-0.64781177],[73.10669911,-0.64746332],[73.10655606,-0.64716947],[73.10637796,-0.64689505],[73.10640812,-0.64499605],[73.10604334,-0.64370871],[73.10600293,-0.64280248],[73.10576105,-0.6421231],[73.10563457,-0.64165175],[73.10545564,-0.64128447],[73.10529256,-0.64087474],[73.10491288,-0.64036608],[73.10460103,-0.63988626],[73.10276008,-0.63729274],[73.10136533,-0.63375235],[73.10123515,-0.63246918],[73.10067856,-0.63111305],[73.10013866,-0.62734592],[73.09996057,-0.62633765],[73.09989917,-0.61968672],[73.09972346,-0.61878455],[73.09926605,-0.61779237],[73.09913695,-0.61712575],[73.09901404,-0.61671865],[73.09881711,-0.61626315],[73.09847164,-0.61556828],[73.09795678,-0.61479056],[73.09753644,-0.61418986],[73.09721434,-0.61373913],[73.09701407,-0.61340344],[73.0968734,-0.61312425],[73.09678423,-0.61285865],[73.0952425,-0.60961235],[73.09324682,-0.60701597],[73.09369612,-0.60663044],[73.09350431,-0.60624361],[73.09297645,-0.60564268],[73.09329605,-0.60542905],[73.09344554,-0.60511553],[73.09342194,-0.60465455],[73.09328377,-0.60424221],[73.09313357,-0.6039201],[73.09298646,-0.60364151],[73.09288025,-0.60337305],[73.09147406,-0.60214972],[73.09057081,-0.60204732],[73.08993125,-0.60191095],[73.08942533,-0.60178125],[73.08888924,-0.60165024],[73.08826232,-0.6015377],[73.08774865,-0.60137522],[73.08732963,-0.60106695],[73.08695984,-0.60047567],[73.08672297,-0.59975874],[73.08652055,-0.59919596],[73.08625245,-0.59871745],[73.0858829,-0.59821463],[73.08561707,-0.59778905],[73.08545625,-0.59742332],[73.08535576,-0.59709334],[73.08519006,-0.59685648],[73.08485675,-0.59660995],[73.08436155,-0.5962255],[73.08426201,-0.59298778],[73.08380806,-0.59274542],[73.08336926,-0.59259474],[73.08298147,-0.59249246],[73.08259201,-0.59236407],[73.08220124,-0.59205425],[73.08194375,-0.59168243],[73.08180261,-0.59129167],[73.08180356,-0.59088194],[73.08191812,-0.59053934],[73.08206916,-0.59029675],[73.08230114,-0.59015775],[73.08260191,-0.59006906],[73.08281493,-0.58993673],[73.08292735,-0.58974266],[73.08312964,-0.58938813],[73.08324873,-0.5889194],[73.08336926,-0.58850741],[73.083377,-0.58816576],[73.08293712,-0.58775544],[73.08272958,-0.58736968],[73.08285213,-0.58678937],[73.08331215,-0.58622992],[73.08380473,-0.5860095],[73.08428907,-0.58607364],[73.08480751,-0.58622265],[73.08524621,-0.58642065],[73.08563876,-0.58669662],[73.08602202,-0.58710945],[73.0863353,-0.58750343],[73.08669794,-0.58775628],[73.08711481,-0.58777726],[73.08749366,-0.58768117],[73.08781815,-0.58775616],[73.08804703,-0.5881865],[73.08808303,-0.588889],[73.08799863,-0.58960915],[73.08798695,-0.59032226],[73.08809423,-0.59091616],[73.08811653,-0.59332335],[73.08851993,-0.59339488],[73.08895922,-0.59350801],[73.08925128,-0.59379292],[73.08940411,-0.5942955],[73.08949351,-0.59485626],[73.08947337,-0.59541476],[73.08938324,-0.59583712],[73.08937538,-0.59614694],[73.08947301,-0.59641623],[73.08957684,-0.59667993],[73.08978486,-0.59700358],[73.08989811,-0.59722662],[73.09011054,-0.59736323],[73.09040678,-0.59734654],[73.09062874,-0.59714246],[73.09077167,-0.59679425],[73.09091568,-0.59644377],[73.09105074,-0.59609735],[73.09116542,-0.59567332],[73.0911653,-0.59516513],[73.09104848,-0.59474635],[73.09090614,-0.59442794],[73.09075296,-0.59414804],[73.09062195,-0.59387112],[73.09048796,-0.59360135],[73.09035063,-0.59337747],[73.09013164,-0.59324193],[73.08983624,-0.59316087],[73.08961594,-0.59302986],[73.08947361,-0.59277594],[73.08932924,-0.59236586],[73.0891937,-0.59181356],[73.08907962,-0.59125125],[73.08908403,-0.59068775],[73.08921134,-0.59019995],[73.08922231,-0.58970451],[73.08914793,-0.58944166],[73.08915305,-0.58917296],[73.08917356,-0.58886111],[73.08921886,-0.58842945],[73.08914304,-0.58785355],[73.0888803,-0.58728814],[73.08852696,-0.58677316],[73.08809042,-0.58623385],[73.08772731,-0.58569956],[73.08744955,-0.58507025],[73.08738124,-0.58438134],[73.08752811,-0.58384192],[73.08782065,-0.58337486],[73.08821404,-0.58288455],[73.08849144,-0.58247948],[73.08866453,-0.58211446],[73.08878708,-0.58167064],[73.08896351,-0.58107555],[73.08925354,-0.58028376],[73.08967292,-0.57955265],[73.09003174,-0.57881761],[73.08959317,-0.57869315],[73.08863425,-0.57864392],[73.08797181,-0.57893252],[73.08732891,-0.57903361],[73.0867573,-0.57916987],[73.08619904,-0.57930505],[73.08572006,-0.57945192],[73.08530056,-0.57958448],[73.08496416,-0.57972503],[73.08467817,-0.57985675],[73.08438623,-0.58002102],[73.08404124,-0.5802263],[73.08364713,-0.58048832],[73.08329654,-0.58069372],[73.08299816,-0.58085763],[73.08272398,-0.58098698],[73.08245647,-0.58112264],[73.08218563,-0.58125222],[73.08188891,-0.58141565],[73.08152247,-0.58161855],[73.08107185,-0.58187604],[73.08063734,-0.58207917],[73.08027947,-0.58226228],[73.07984555,-0.58246303],[73.0790838,-0.58271575],[73.07794464,-0.58291864],[73.07615316,-0.58471906],[73.07611597,-0.58535147],[73.07596731,-0.58564913],[73.07596791,-0.58824825],[73.07608056,-0.5887351],[73.07607365,-0.58929467],[73.07598162,-0.58984745],[73.07597077,-0.59039044],[73.07609594,-0.59082437],[73.07630312,-0.59120131],[73.07657015,-0.59158385],[73.07677817,-0.59192204],[73.07696188,-0.59223461],[73.07716,-0.59257722],[73.07740712,-0.59295702],[73.07760561,-0.59329605],[73.07780755,-0.59362817],[73.0780797,-0.59405971],[73.07844865,-0.59462786],[73.07872057,-0.59517074],[73.07892334,-0.59563828],[73.07912552,-0.59614074],[73.07938004,-0.59671962],[73.07958162,-0.59735322],[73.07973647,-0.59801471],[73.07983685,-0.598809],[73.08031046,-0.59945011],[73.08040965,-0.59970772],[73.08058453,-0.60001826],[73.08085728,-0.60049343],[73.08122826,-0.60120797],[73.0815016,-0.60197067],[73.08172405,-0.6025387],[73.08199596,-0.60303295],[73.08236492,-0.60360062],[73.08263648,-0.60411966],[73.08281934,-0.60450053],[73.08294916,-0.60479343],[73.08308494,-0.60506141],[73.0832144,-0.60533154],[73.08335853,-0.60560751],[73.08349276,-0.60588658],[73.08363867,-0.60616696],[73.08377361,-0.6064465],[73.08391821,-0.60672283],[73.08404732,-0.60699224],[73.08417952,-0.60725617],[73.0842998,-0.60754025],[73.0844717,-0.60791492],[73.08476186,-0.60846305],[73.08524585,-0.60915351],[73.08540964,-0.60978782],[73.08558691,-0.61005747],[73.08572733,-0.61034393],[73.08586645,-0.61068535],[73.08599615,-0.61111796],[73.08615935,-0.61163044],[73.08636451,-0.61223316],[73.08662665,-0.61276734],[73.08683205,-0.61314631],[73.08699596,-0.61343276],[73.0871253,-0.61371183],[73.08726072,-0.61404586],[73.0873903,-0.61445534],[73.08755445,-0.61489415],[73.08776033,-0.61537635],[73.08802128,-0.61583865],[73.08822191,-0.61621845],[73.08837652,-0.61657441],[73.08850384,-0.6169579],[73.08868277,-0.61733496],[73.08895802,-0.61776125],[73.08933806,-0.61826003],[73.08961594,-0.61870515],[73.08979177,-0.61916876],[73.08989084,-0.61975086],[73.09120452,-0.6213268],[73.09127855,-0.62166572],[73.09140801,-0.62185943],[73.09158528,-0.62195384],[73.09177434,-0.62212443],[73.09203255,-0.62252104],[73.09239244,-0.62315655],[73.09265995,-0.62380707],[73.09287655,-0.62430263],[73.0931406,-0.62477183],[73.0935148,-0.62535131],[73.09384847,-0.62594664],[73.09419668,-0.62649918],[73.09459758,-0.62702465],[73.09510875,-0.62752533],[73.09549725,-0.62782204],[73.09568965,-0.62800753],[73.09576416,-0.62819481],[73.0970633,-0.62949908],[73.09727263,-0.62956893],[73.09755147,-0.62984777],[73.09762132,-0.63005722],[73.09899104,-0.63157797],[73.09919643,-0.63211441],[73.09947395,-0.63260865],[73.09974778,-0.63304091],[73.10002792,-0.63344765],[73.10023081,-0.63378894],[73.10039175,-0.63407862],[73.10052645,-0.63434732],[73.10067534,-0.63461161],[73.10080695,-0.63488936],[73.10090256,-0.63522255],[73.10088515,-0.63566637],[73.10082591,-0.63625503],[73.10095561,-0.63703215],[73.10133433,-0.63779068],[73.10218418,-0.63913107],[73.10245895,-0.63976467],[73.10262907,-0.64020336],[73.10275137,-0.64050734],[73.1029042,-0.64078844],[73.10310233,-0.64112174],[73.10335958,-0.64151716],[73.10356665,-0.64190066],[73.1037575,-0.64251566],[73.10385382,-0.64386106],[73.10400474,-0.64467084],[73.10420895,-0.64511693],[73.10449243,-0.64549232],[73.10476995,-0.64587235],[73.10505104,-0.64626884],[73.10525393,-0.64661002],[73.10541308,-0.64690113],[73.10554314,-0.64719212],[73.10568571,-0.64753616],[73.10582244,-0.64794862],[73.10596883,-0.64836395],[73.10607946,-0.64876413],[73.10614455,-0.64909601],[73.10615683,-0.64942038],[73.10626245,-0.64987886],[73.10650253,-0.65055513],[73.10686743,-0.6512742],[73.10719121,-0.65179706],[73.10759318,-0.65204275],[73.1081171,-0.6521399],[73.10846913,-0.65226352],[73.10865021,-0.65247607],[73.10880923,-0.65273845],[73.10884511,-0.65304112],[73.10902464,-0.65332031],[73.10917187,-0.65359962],[73.10932374,-0.6538794],[73.10945666,-0.65415883],[73.10956311,-0.65443552],[73.10957336,-0.65470445],[73.10953915,-0.6549654],[73.1095947,-0.65524244],[73.10970175,-0.65561247],[73.10983038,-0.65618277],[73.10994184,-0.65687394]],[[73.09859991,-0.60288084],[73.09885061,-0.60312211],[73.09925902,-0.60308051],[73.09939086,-0.60288775],[73.09967077,-0.60272491],[73.10014772,-0.60259998],[73.10063517,-0.60246313],[73.10107625,-0.60233176],[73.10142314,-0.60218811],[73.10170197,-0.60206032],[73.10196185,-0.60192931],[73.10225737,-0.60180426],[73.10267031,-0.60161054],[73.10324764,-0.60127711],[73.10381246,-0.60077596],[73.10403037,-0.60038066],[73.10349953,-0.60010445],[73.10318744,-0.60037303],[73.10264623,-0.60068512],[73.10198164,-0.60106432],[73.1012994,-0.60133254],[73.10070956,-0.60150814],[73.10016704,-0.60163546],[73.09973514,-0.60178971],[73.09934795,-0.60198486],[73.09895265,-0.60223174],[73.09851956,-0.60262096],[73.09859991,-0.60288084]],[[73.13467801,-0.61512995],[73.13503671,-0.61548805],[73.13532734,-0.61548281],[73.13553393,-0.61535394],[73.13566113,-0.61516917],[73.13583088,-0.61500883],[73.13608074,-0.61484206],[73.13629007,-0.61457968],[73.13627875,-0.61425221],[73.13600731,-0.61387145],[73.13537908,-0.61347902],[73.13449097,-0.61319435],[73.13417888,-0.61352313],[73.13427985,-0.61410975],[73.13441396,-0.61454105],[73.13454175,-0.61485791],[73.13467801,-0.61512995]],[[73.11053133,-0.66028595],[73.11105311,-0.66040933],[73.11125088,-0.66027737],[73.11135805,-0.66008914],[73.11151695,-0.65991902],[73.11183906,-0.65973783],[73.11232984,-0.65948224],[73.11284566,-0.65920734],[73.11318505,-0.65883374],[73.11319184,-0.65839922],[73.11287427,-0.65804946],[73.11238742,-0.65783536],[73.11206615,-0.65817881],[73.11171556,-0.65827215],[73.11129403,-0.65839136],[73.11082947,-0.65849984],[73.11052585,-0.65865338],[73.11036694,-0.65890396],[73.11026645,-0.65925407],[73.110273,-0.65966582],[73.11038315,-0.66002512],[73.11053133,-0.66028595]],[[73.11416125,-0.65966213],[73.11414707,-0.66061425],[73.11428785,-0.66133642],[73.11444485,-0.66174102],[73.11459994,-0.66199744],[73.11473346,-0.66222382],[73.11489236,-0.66249347],[73.11509454,-0.66291547],[73.11537528,-0.66361678],[73.11565185,-0.66450667],[73.11593282,-0.66520715],[73.11613381,-0.66563034],[73.11628854,-0.66591012],[73.11641431,-0.66616166],[73.11656892,-0.66644192],[73.11676586,-0.66678405],[73.11703217,-0.66718614],[73.11728585,-0.66757691],[73.1175729,-0.66796541],[73.11813891,-0.66797972],[73.11854231,-0.66816855],[73.11896312,-0.6683619],[73.11929846,-0.66863108],[73.11950445,-0.66893435],[73.12104595,-0.67059934],[73.12124312,-0.67097592],[73.12148631,-0.67136633],[73.12167692,-0.67171144],[73.12187946,-0.67205417],[73.12219703,-0.67248714],[73.12270343,-0.67299235],[73.12320316,-0.67337346],[73.12367845,-0.67370546],[73.12417805,-0.67405844],[73.125,-0.67466521],[73.125,-0.67494404],[73.12532544,-0.67514884],[73.12569737,-0.67555797],[73.12579048,-0.67579985],[73.12722206,-0.67720914],[73.12799895,-0.67715776],[73.12850642,-0.67746162],[73.12915015,-0.67733276],[73.12989283,-0.67685485],[73.13007081,-0.6755414],[73.12954867,-0.67507505],[73.12822473,-0.67359388],[73.12783563,-0.67339873],[73.12744558,-0.67316365],[73.12715483,-0.67299223],[73.12697494,-0.67280745],[73.1268028,-0.67248797],[73.12653565,-0.67199945],[73.12621725,-0.67143941],[73.12581217,-0.67095947],[73.12543833,-0.67067266],[73.125,-0.67047977],[73.125,-0.66992176],[73.12474883,-0.66979158],[73.12452555,-0.66953123],[73.12446976,-0.66932654],[73.12307596,-0.66782868],[73.12297392,-0.66754985],[73.12283766,-0.66727173],[73.12270772,-0.666996],[73.12257445,-0.66672194],[73.12245774,-0.66644073],[73.12229264,-0.66612852],[73.12199986,-0.66575813],[73.12147045,-0.66537547],[73.12086082,-0.6651268],[73.12039161,-0.66495216],[73.1200515,-0.66477764],[73.11979544,-0.66451657],[73.11963475,-0.66421592],[73.11671984,-0.66119766],[73.11642826,-0.66069186],[73.11602294,-0.66010988],[73.11558151,-0.65956116],[73.11459446,-0.65868604],[73.11445272,-0.6591233],[73.11416125,-0.65966213]],[[73.13070822,-0.67739022],[73.1305058,-0.67786431],[73.13035786,-0.67828047],[73.1302098,-0.67886472],[73.13008118,-0.67956054],[73.13007605,-0.68033946],[73.13023174,-0.68093324],[73.13051796,-0.68141282],[73.13090694,-0.68190646],[73.13118255,-0.68234324],[73.13135064,-0.68278897],[73.13145673,-0.68329763],[73.13160801,-0.68374348],[73.13191044,-0.68414986],[73.13250423,-0.68453205],[73.13323545,-0.68477774],[73.13382494,-0.6849426],[73.13430917,-0.68506682],[73.13478231,-0.68520343],[73.13532364,-0.68533826],[73.13586402,-0.68549371],[73.1364274,-0.68563712],[73.13697243,-0.68575323],[73.13758123,-0.68574846],[73.13827264,-0.68562186],[73.13908005,-0.68547451],[73.13977313,-0.68535745],[73.14036608,-0.68536341],[73.14084375,-0.68545806],[73.14128125,-0.68547964],[73.14170265,-0.68537462],[73.14196372,-0.68532324],[73.14245915,-0.68481934],[73.14266276,-0.68435252],[73.14132261,-0.68306518],[73.14104342,-0.68296397],[73.14076388,-0.68282735],[73.14048445,-0.68269205],[73.14020622,-0.68254542],[73.13993204,-0.68241465],[73.13966346,-0.68227971],[73.13939178,-0.68215442],[73.13907862,-0.68198013],[73.13865435,-0.6817106],[73.13811016,-0.68130291],[73.13760567,-0.68089902],[73.13720095,-0.68047845],[73.13696206,-0.68016088],[73.13672662,-0.67998385],[73.13635504,-0.67987442],[73.13587797,-0.67974913],[73.13534343,-0.6796211],[73.13491905,-0.67947388],[73.13460386,-0.67933786],[73.13433147,-0.67920113],[73.13406694,-0.67909968],[73.13254344,-0.67769456],[73.1322844,-0.67761481],[73.13180602,-0.67729592],[73.13126791,-0.67721605],[73.13089585,-0.67708075],[73.13070822,-0.67739022]],[[73.13205564,-0.68500638],[73.13161051,-0.68495595],[73.13130164,-0.68521655],[73.13091552,-0.68542421],[73.13050926,-0.68568242],[73.13015187,-0.68588126],[73.12985134,-0.68603134],[73.12949693,-0.68628836],[73.12966657,-0.68677485],[73.12981832,-0.68707097],[73.12993491,-0.68742681],[73.12992561,-0.68787324],[73.12982345,-0.68837082],[73.12979305,-0.68886101],[73.12990725,-0.68912721],[73.13041675,-0.68900847],[73.13070416,-0.68885255],[73.13100767,-0.68867207],[73.13136005,-0.68846536],[73.13176,-0.68822026],[73.13211918,-0.68805265],[73.13242173,-0.68791354],[73.1326617,-0.68766224],[73.13279843,-0.68701935],[73.13280213,-0.68602371],[73.13266826,-0.68537331],[73.13241315,-0.68511665],[73.13205564,-0.68500638]],[[73.12367785,-0.67806101],[73.12341416,-0.67756724],[73.12295365,-0.67770183],[73.12276804,-0.67784643],[73.12262762,-0.67813623],[73.12255883,-0.67871773],[73.12275183,-0.67967367],[73.12326264,-0.68076265],[73.125,-0.68080354],[73.12576795,-0.68073237],[73.12577355,-0.68107283],[73.1256597,-0.68151176],[73.12544966,-0.68197203],[73.12536871,-0.68234682],[73.12555981,-0.68286312],[73.12599361,-0.68311524],[73.12633133,-0.68323755],[73.12667024,-0.68336105],[73.12700987,-0.68373454],[73.12769794,-0.68367755],[73.1281656,-0.68323576],[73.12843192,-0.68272912],[73.1284703,-0.68232513],[73.12825501,-0.68202674],[73.12792671,-0.68178093],[73.12761736,-0.68144262],[73.12741256,-0.68103528],[73.12728906,-0.6806761],[73.12730145,-0.68037415],[73.12743771,-0.68009603],[73.12734926,-0.67950547],[73.12702525,-0.67942095],[73.12600887,-0.67936111],[73.12561536,-0.67920673],[73.125,-0.67912936],[73.12449062,-0.67894232],[73.12414026,-0.67882526],[73.12391853,-0.67866695],[73.12379324,-0.67840743],[73.12367785,-0.67806101]],[[74.15857208,14.85425734],[74.16014457,14.85711157],[74.15728354,14.85564137],[74.15487301,14.85197365],[74.15857208,14.85425734]],[[74.17372763,14.86205387],[74.17230797,14.86304855],[74.16913283,14.86124825],[74.16873646,14.86038387],[74.16891873,14.85942066],[74.17169476,14.85920107],[74.17321467,14.85972047],[74.17371035,14.8612318],[74.17372763,14.86205387]],[[74.22630274,14.86822546],[74.22990894,14.86754715],[74.22646987,14.86771703],[74.22619176,14.86730838],[74.22664773,14.86665797],[74.22908938,14.86570168],[74.23003507,14.86559796],[74.23216593,14.86564386],[74.23248374,14.86688805],[74.23409414,14.86614144],[74.24118745,14.86989653],[74.23474586,14.87257624],[74.23150766,14.87365627],[74.22589386,14.87157977],[74.22429335,14.87137365],[74.22405565,14.87092555],[74.22423434,14.87048912],[74.22594595,14.86841607],[74.22630274,14.86822546]],[[74.28915536,14.89319718],[74.2880125,14.89186227],[74.29131806,14.89153361],[74.29257786,14.89180565],[74.30005455,14.89636683],[74.29358721,14.89571404],[74.28964722,14.89392376],[74.28915536,14.89319718]],[[73.94900513,15.16922426],[73.94862771,15.17242372],[73.94657183,15.17121565],[73.94628084,15.16897428],[73.94898844,15.16480315],[73.95073605,15.16438115],[73.95095778,15.16476452],[73.94900513,15.16922426]],[[73.86146486,15.40534675],[73.86294031,15.40342402],[73.86463475,15.4034847],[73.86521065,15.40375984],[73.86558735,15.40762675],[73.86515725,15.40817535],[73.86287594,15.40850735],[73.86202335,15.40767956],[73.86146486,15.40534675]],[[73.9780246,15.36325955],[73.97867715,15.36242986],[73.97978055,15.36265326],[73.97984707,15.36308956],[73.97813666,15.36528301],[73.9780246,15.36325955]],[[73.97923934,15.35555518],[73.97985625,15.35382903],[73.98189807,15.35877156],[73.98941874,15.35334671],[73.9837085,15.35885322],[73.98052645,15.3624202],[73.97923934,15.35555518]],[[74.00804353,15.31450462],[74.01033282,15.31073356],[74.01029134,15.31098366],[74.00740397,15.31794155],[74.00758648,15.31537116],[74.00804353,15.31450462]],[[73.87959564,15.50469434],[73.88055718,15.50448263],[73.88992596,15.50455594],[73.89474022,15.50477254],[73.91009355,15.50709975],[73.91072845,15.50739086],[73.91699576,15.51213717],[73.91753221,15.51353335],[73.91532314,15.51655805],[73.91793835,15.52189505],[73.92115903,15.52128792],[73.92238462,15.52179682],[73.9239794,15.52329803],[73.92523944,15.52476013],[73.93110335,15.52772117],[73.93148231,15.52995682],[73.92755401,15.53357518],[73.92755055,15.5356189],[73.92361915,15.53973114],[73.92008436,15.54056764],[73.91630506,15.54547977],[73.91485715,15.54547977],[73.91074312,15.54159343],[73.89876294,15.53486764],[73.89728415,15.53267765],[73.89262164,15.53013361],[73.89240694,15.52992213],[73.89043725,15.52661085],[73.88948727,15.52211106],[73.88686883,15.51833141],[73.88455796,15.51688588],[73.88131976,15.51165116],[73.87750661,15.51001811],[73.87476492,15.50791967],[73.87464702,15.50655985],[73.87550795,15.50560296],[73.8763591,15.50520253],[73.87959564,15.50469434]],[[73.91412234,15.54546785],[73.91367006,15.5465672],[73.91324496,15.54697084],[73.90940952,15.54885626],[73.90587616,15.54523063],[73.90057457,15.54471362],[73.90001595,15.54443932],[73.89854491,15.54244244],[73.89856112,15.54206324],[73.89956474,15.53833377],[73.89977014,15.53803897],[73.90181661,15.53750658],[73.91396713,15.54523385],[73.91412234,15.54546785]],[[73.49485183,15.99609375],[73.49434876,15.99944687],[73.493981,15.99609375],[73.49367654,15.99609375],[73.49387836,15.99502754],[73.49440682,15.99528646],[73.49454665,15.99609375],[73.49485183,15.99609375]],[[73.49967325,16.00836122],[73.49949956,16.00897372],[73.49642074,16.00743353],[73.49611735,16.00714266],[73.49523973,16.00572956],[73.49620128,16.00576782],[73.49828482,16.00652957],[73.49920666,16.00716054],[73.49967325,16.00836122]],[[73.51894414,16.01584554],[73.51887035,16.01625872],[73.51618946,16.01618302],[73.50862777,16.01195061],[73.50880074,16.01077294],[73.5099591,16.01052225],[73.51094675,16.01080871],[73.51798224,16.01446295],[73.51894414,16.01584554]],[[73.46666122,16.13653767],[73.46380973,16.13865685],[73.46160364,16.13539696],[73.46163046,16.13475001],[73.46303606,16.13378835],[73.46282744,16.13121176],[73.46350825,16.12967885],[73.46423566,16.12960577],[73.46757543,16.13211215],[73.46747267,16.13431096],[73.46666122,16.13653767]],[[73.47939515,16.1589421],[73.48068535,16.16177452],[73.47841716,16.16118026],[73.47726512,16.15850925],[73.47760296,16.15851665],[73.47939515,16.1589421]],[[73.45053864,16.49556506],[73.45493186,16.49451101],[73.45530713,16.494614],[73.45501494,16.49534631],[73.45124173,16.49756086],[73.44992197,16.49800014],[73.44866765,16.49780774],[73.44870913,16.49760842],[73.45053864,16.49556506]],[[73.38650966,16.61878276],[73.38872826,16.61855435],[73.38985705,16.61889625],[73.39063823,16.62083495],[73.39064515,16.6213752],[73.38928211,16.62231755],[73.38833666,16.62641776],[73.38776076,16.62728274],[73.38616383,16.62887657],[73.3795495,16.63117671],[73.37942266,16.63029754],[73.37968814,16.62961781],[73.38202751,16.62721682],[73.38207853,16.62118423],[73.38650966,16.61878276]],[[73.44038546,17.58132064],[73.44711435,17.58074856],[73.44740236,17.58100164],[73.44712365,17.58199465],[73.44684827,17.58212686],[73.4411689,17.5834558],[73.43879581,17.5823065],[73.43991828,17.58140504],[73.44038546,17.58132064]],[[73.44827187,17.58223104],[73.44890881,17.58209038],[73.45370841,17.58331347],[73.44547284,17.58652496],[73.4468379,17.58323991],[73.44827187,17.58223104]],[[73.44241774,17.58640993],[73.44069576,17.58646917],[73.44059896,17.58629084],[73.44537044,17.58376825],[73.44515657,17.58558083],[73.44479108,17.58585],[73.44241774,17.58640993]],[[73.43692195,17.58414412],[73.43771172,17.58673835],[73.43813443,17.58924925],[73.43770397,17.59249794],[73.43760395,17.59278595],[73.43613994,17.59411454],[73.43566573,17.58610725],[73.43651211,17.58385706],[73.43692195,17.58414412]],[[73.45317328,17.58206081],[73.45065284,17.58058465],[73.45067203,17.58039248],[73.45364094,17.57926965],[73.45734847,17.57913697],[73.45953333,17.57964694],[73.45362747,17.58195972],[73.45317328,17.58206081]],[[73.03844607,18.05121124],[73.03817058,18.05172408],[73.03768373,18.05170822],[73.03718066,18.05149162],[73.03682721,18.05069745],[73.03708375,18.05033076],[73.03846002,18.04998004],[73.03844607,18.05121124]],[[73.07913327,18.31006718],[73.07869184,18.31035221],[73.07592142,18.30734062],[73.07586336,18.30574346],[73.07669926,18.30469561],[73.07723677,18.30488121],[73.07932615,18.3062396],[73.07968414,18.30729032],[73.07991207,18.30902672],[73.07913327,18.31006718]],[[73.08199012,18.31941175],[73.08194625,18.3220402],[73.08065796,18.31907475],[73.08166492,18.31886566],[73.08199012,18.31941175]],[[73.04617882,18.48408091],[73.0469681,18.48369825],[73.05424654,18.48494375],[73.05455327,18.48542976],[73.05416441,18.48600507],[73.05104685,18.48663545],[73.04628205,18.48458254],[73.04617882,18.48408091]],[[73.07985985,18.46954536],[73.08042085,18.46946466],[73.08020413,18.47135377],[73.07733071,18.47313976],[73.07728255,18.47196865],[73.07985985,18.46954536]],[[72.90169728,18.95167351],[72.90371752,18.95632815],[72.90659952,18.95784497],[72.90774322,18.95773935],[72.90795505,18.95744658],[72.9079051,18.95334423],[72.90890348,18.9532243],[72.90896094,18.95826113],[72.9086616,18.95924556],[72.90848315,18.95949817],[72.90678012,18.95867074],[72.90570974,18.96105754],[72.90431154,18.96106064],[72.90349686,18.96329856],[72.90132284,18.96421266],[72.90070605,18.96431506],[72.89949393,18.96231604],[72.89957786,18.96060133],[72.90243065,18.95705104],[72.89914131,18.94087994],[72.90155995,18.94315553],[72.90048957,18.94379175],[72.90110815,18.94883728],[72.90169728,18.95167351]],[[72.92432785,18.96026385],[72.92584145,18.95805061],[72.92800355,18.95763636],[72.92968261,18.95500863],[72.93516946,18.95212615],[72.94201422,18.96502721],[72.94209135,18.96540856],[72.94181967,18.9695276],[72.93943727,18.97207606],[72.93893051,18.97223771],[72.93777955,18.97238386],[72.92775846,18.96733224],[72.92432427,18.96328628],[72.92432785,18.96026385]],[[73.02647591,18.99951875],[73.02586818,18.9997586],[73.02597976,18.99778342],[73.02646005,18.99622393],[73.02826846,18.99277341],[73.02845562,18.99324107],[73.02846587,18.99733901],[73.02826345,18.99800575],[73.02647591,18.99951875]],[[73.05402815,18.99832594],[73.05919135,18.99627745],[73.06060708,18.99647808],[73.0622375,18.99750555],[73.06566393,19.00181127],[73.06589425,19.00284004],[73.06577706,19.00342727],[73.06280208,19.00559378],[73.06073296,19.01417995],[73.05648625,19.01676655],[73.05014062,19.01413083],[73.04698563,19.00613403],[73.05402815,18.99832594]],[[73.06522572,19.02136207],[73.06473875,19.02152872],[73.0642966,19.02120376],[73.06383336,19.02113783],[73.06342924,19.02109694],[73.06303954,19.02114034],[73.06266534,19.02114284],[73.06241596,19.02084482],[73.06286144,19.02054715],[73.06331122,19.02043915],[73.06386006,19.02044237],[73.06431782,19.02055848],[73.06469643,19.02069652],[73.06507921,19.02084208],[73.06542468,19.02097321],[73.06522572,19.02136207]],[[72.99724865,19.2567867],[72.99885428,19.25541925],[72.99897552,19.25567055],[72.99843431,19.2594223],[72.99816024,19.2598803],[72.99502206,19.26251102],[72.99466133,19.26259255],[72.99544823,19.25973547],[72.99724865,19.2567867]],[[72.87618792,19.52454126],[72.87612498,19.52609015],[72.87546635,19.52622175],[72.87081051,19.52489364],[72.87333286,19.52346003],[72.87460434,19.52359486],[72.87618792,19.52454126]],[[72.87220585,19.52616346],[72.87385881,19.52682436],[72.87324286,19.52807415],[72.86801422,19.53271675],[72.86064541,19.53579581],[72.85018396,19.53742611],[72.84509027,19.53292227],[72.84330988,19.52558851],[72.84404147,19.52493834],[72.85110331,19.52614605],[72.86623907,19.52414656],[72.87220585,19.52616346]],[[72.88704753,19.56121898],[72.88686836,19.56136894],[72.88444936,19.56092966],[72.88412845,19.55832398],[72.88429427,19.55789053],[72.88860524,19.55554736],[72.88881135,19.55567384],[72.88704753,19.56121898]],[[72.88915896,20.74054337],[72.89218485,20.73977244],[72.89302885,20.73983002],[72.89653444,20.74111903],[72.89987051,20.74469066],[72.89624894,20.74854112],[72.89183772,20.74993777],[72.88854992,20.74593866],[72.88903475,20.74278176],[72.8879081,20.74180877],[72.88915896,20.74054337]],[[72.84649324,20.76251554],[72.84497297,20.76316977],[72.84478462,20.762887],[72.8444463,20.76237905],[72.84419918,20.75883281],[72.84727895,20.75365675],[72.8475219,20.75358081],[72.85622334,20.75199056],[72.85746658,20.75233674],[72.85779238,20.75282514],[72.8575505,20.75493193],[72.85684156,20.75676072],[72.85354996,20.76112604],[72.84649324,20.76251554]],[[71.38757551,20.86474025],[71.38773775,20.86697185],[71.38631737,20.86509788],[71.38744164,20.86329174],[71.38772345,20.86346161],[71.38757551,20.86474025]],[[71.51067984,20.90275621],[71.51637876,20.90451944],[71.52047086,20.90325701],[71.52912712,20.90293741],[71.53032148,20.90382016],[71.53026354,20.9045639],[71.52979207,20.90519333],[71.52678084,20.90666604],[71.52637875,20.90677285],[71.52145123,20.90619421],[71.52032626,20.90642571],[71.51930738,20.90741575],[71.51776147,20.91256595],[71.51633286,20.91397631],[71.51286197,20.91222775],[71.51244044,20.9089123],[71.50660312,20.90410125],[71.50729454,20.90310764],[71.50968111,20.90233505],[71.51067984,20.90275621]],[[72.84181297,20.94382513],[72.84225845,20.94371116],[72.84467626,20.94380701],[72.84531903,20.94443858],[72.84534967,20.94501591],[72.84461665,20.94929004],[72.84403205,20.95051384],[72.84159934,20.95252144],[72.84056854,20.95328414],[72.83886552,20.95371854],[72.83856785,20.95360172],[72.83858466,20.94715965],[72.83941746,20.94533277],[72.83997262,20.94474065],[72.84181297,20.94382513]],[[71.64914691,20.97753537],[71.64825106,20.97771573],[71.64518094,20.97656953],[71.64411545,20.97528505],[71.64410806,20.97499573],[71.64482641,20.97436595],[71.64825606,20.97439241],[71.64886236,20.97548687],[71.64931226,20.97730231],[71.64914691,20.97753537]],[[71.67917645,20.98942578],[71.68156254,20.99162936],[71.68683505,20.99140882],[71.68729961,20.99189484],[71.68801236,20.99488902],[71.68634164,20.99637282],[71.68275726,20.99637282],[71.67646885,20.99420893],[71.67404735,20.99261916],[71.67335534,20.99151742],[71.67451477,20.98975647],[71.67380154,20.98494256],[71.67588103,20.9850111],[71.67774987,20.98880935],[71.67917645,20.98942578]],[[71.69547606,20.99707735],[71.69762528,20.99629307],[71.70211542,20.99634981],[71.70321727,20.99498653],[71.70353043,20.99498534],[71.70455074,20.99642575],[71.70527005,20.99826145],[71.70372868,20.99967587],[71.69869065,20.99942887],[71.69547606,20.99707735]],[[71.70812786,20.99655151],[71.70979536,20.99644434],[71.71270215,20.99706316],[71.71396136,20.99826145],[71.70892525,20.99974763],[71.70603991,20.99827504],[71.70590746,20.99796486],[71.70643795,20.99707293],[71.70812786,20.99655151]],[[72.65080237,21.07383382],[72.64722693,21.07613957],[72.64610577,21.07576513],[72.6457926,21.07522464],[72.64567852,21.07161701],[72.64843345,21.06763101],[72.65241301,21.06534076],[72.65618575,21.06685424],[72.65598083,21.06532395],[72.65725756,21.06520331],[72.65787506,21.06571746],[72.65800285,21.06642973],[72.65439963,21.07376754],[72.65080237,21.07383382]],[[72.69092786,21.09375],[72.69177413,21.09726345],[72.69377494,21.1008805],[72.69903064,21.10837924],[72.69691575,21.11841965],[72.70202386,21.12348366],[72.70452476,21.13335395],[72.70706904,21.13397193],[72.70973825,21.13686371],[72.71059954,21.13996506],[72.71061432,21.14042401],[72.70398915,21.14396966],[72.70253146,21.14635336],[72.69778955,21.14723265],[72.69622505,21.14766836],[72.67908692,21.15494335],[72.675107,21.15572155],[72.66962183,21.15342712],[72.66508758,21.14847481],[72.66604435,21.1396178],[72.67025125,21.13057733],[72.67176473,21.12652874],[72.67381072,21.11893201],[72.67361963,21.1132313],[72.67601216,21.10470462],[72.68275774,21.09865224],[72.68586564,21.09491253],[72.68614483,21.09375],[72.68651748,21.09375],[72.68641424,21.09056032],[72.68802154,21.08999515],[72.68879533,21.08991694],[72.69000876,21.09045601],[72.69069934,21.09375],[72.69092786,21.09375]],[[72.68072891,21.09572935],[72.67891514,21.09885335],[72.67862213,21.09871805],[72.67890763,21.097808],[72.68059027,21.09544992],[72.68072891,21.09572935]],[[72.67649853,21.09878838],[72.67624855,21.09963751],[72.67321873,21.10415244],[72.67168117,21.11501944],[72.66963661,21.11148155],[72.6695739,21.10490835],[72.67102993,21.10131967],[72.6717658,21.10039985],[72.67453003,21.09725416],[72.67500043,21.09711456],[72.67626357,21.09724247],[72.67649853,21.09878838]],[[72.69941556,21.1125102],[72.69984305,21.11226106],[72.70112932,21.11235571],[72.70323718,21.11402941],[72.70218384,21.12206781],[72.69920504,21.11971486],[72.69792354,21.11638868],[72.69941556,21.1125102]],[[72.75424087,21.15746248],[72.75116575,21.15807414],[72.75008774,21.15739965],[72.74955404,21.15694034],[72.74520385,21.15078115],[72.74538183,21.14959192],[72.75597465,21.15706551],[72.75424087,21.15746248]],[[72.10265374,21.26953125],[72.10312533,21.27412546],[72.10235441,21.27078676],[72.10145605,21.26953125],[72.10110414,21.26953125],[72.09950185,21.26681554],[72.09958458,21.2655884],[72.09998631,21.26595795],[72.10259891,21.26953125],[72.10265374,21.26953125]],[[72.58832943,21.33970165],[72.58748865,21.33988571],[72.58721566,21.33965886],[72.58580124,21.33715606],[72.58631766,21.33631074],[72.58740222,21.3363291],[72.58759534,21.33660388],[72.58833766,21.33942187],[72.58832943,21.33970165]],[[72.58298385,21.36236668],[72.58373916,21.36493707],[72.58014226,21.36427176],[72.5798794,21.36403072],[72.57919395,21.36082912],[72.57940721,21.36023402],[72.5827651,21.36216497],[72.58298385,21.36236668]],[[72.60007191,21.37824595],[72.60047114,21.38696992],[72.59806204,21.38605666],[72.59369695,21.38015723],[72.58961892,21.37308955],[72.59202814,21.37179482],[72.58767092,21.36723483],[72.58875942,21.36736834],[72.58935237,21.36777902],[72.60007191,21.37824595]],[[72.62205541,21.40364826],[72.62648392,21.41087115],[72.62737417,21.41299522],[72.62830305,21.41699934],[72.62805498,21.41743481],[72.62609208,21.41281044],[72.62413311,21.41279805],[72.62109065,21.40822208],[72.61656046,21.40418613],[72.61285746,21.39855123],[72.61269116,21.39585102],[72.61554384,21.39638472],[72.61708367,21.39930582],[72.62162745,21.40314221],[72.62205541,21.40364826]],[[72.63187134,21.4120599],[72.63336122,21.41195011],[72.63566947,21.41322351],[72.63710737,21.41624165],[72.63711691,21.41664362],[72.63660765,21.41739237],[72.63551796,21.41771412],[72.63521135,21.41612017],[72.63243246,21.41364682],[72.63187134,21.4120599]],[[72.67604184,21.44333196],[72.67641342,21.4453125],[72.67633057,21.4453125],[72.67629504,21.44573474],[72.67583191,21.44660354],[72.67138553,21.44614947],[72.66982543,21.4453125],[72.66576397,21.44299877],[72.66404605,21.44097531],[72.66387391,21.43986881],[72.66539145,21.43863046],[72.66719878,21.43841386],[72.67272115,21.44020176],[72.67579043,21.44297814],[72.67604184,21.44333196]],[[72.36393893,21.60025215],[72.36154354,21.60260034],[72.35943663,21.60238981],[72.35903084,21.60289705],[72.35749495,21.60414827],[72.35657024,21.60543168],[72.35317504,21.61311698],[72.3472718,21.61015046],[72.345474,21.60257256],[72.34854674,21.60009527],[72.35234427,21.58548546],[72.35516894,21.58163035],[72.35759807,21.5812819],[72.35831571,21.57984507],[72.35869133,21.57976294],[72.36159503,21.58134341],[72.36354578,21.58570623],[72.36292005,21.58686781],[72.36465836,21.58777964],[72.36511242,21.58840013],[72.36541092,21.58992851],[72.36430705,21.59334457],[72.36429882,21.59580004],[72.36509204,21.59778035],[72.36248064,21.59851444],[72.36231256,21.59891021],[72.36393893,21.60025215]],[[72.59885085,21.61728835],[72.60283446,21.62034893],[72.60290122,21.62109375],[72.60291004,21.62109375],[72.60175657,21.62649131],[72.60351825,21.62925255],[72.60693741,21.63192141],[72.60776293,21.63240397],[72.61009276,21.63267946],[72.61155724,21.63536263],[72.60604787,21.63444352],[72.60349357,21.63100874],[72.60083914,21.63074315],[72.60126615,21.63181186],[72.60032165,21.63223672],[72.59629798,21.63017023],[72.59543777,21.63056362],[72.59544551,21.63379276],[72.59398425,21.63433266],[72.5959028,21.637784],[72.59454501,21.63887358],[72.59296298,21.63828456],[72.58892095,21.63318944],[72.58824396,21.63178015],[72.58797717,21.63012397],[72.59142172,21.62420785],[72.59022295,21.62236786],[72.59060085,21.62109375],[72.59061301,21.62109375],[72.59066093,21.62061846],[72.59346175,21.61866581],[72.59690297,21.61937022],[72.59885085,21.61728835]],[[72.58419943,21.62609816],[72.5839473,21.62906265],[72.5813266,21.6267209],[72.58227718,21.62591255],[72.58419943,21.62609816]],[[72.59743655,21.63892305],[72.59937418,21.63700855],[72.60215473,21.63911784],[72.60279095,21.64103484],[72.59987652,21.63970184],[72.59935343,21.63975251],[72.59607875,21.64124072],[72.59581041,21.64065134],[72.59743655,21.63892305]],[[72.61765826,21.63855231],[72.61789727,21.63842761],[72.62023354,21.63909614],[72.61739922,21.63943493],[72.61765826,21.63855231]],[[72.61726952,21.63812113],[72.61729658,21.63851285],[72.61493194,21.63682342],[72.61451042,21.63639557],[72.61459506,21.63543665],[72.61525166,21.63555121],[72.61726952,21.63812113]],[[72.61016047,21.62996554],[72.61029065,21.62962735],[72.61056364,21.629776],[72.61085474,21.63016486],[72.61118877,21.63063443],[72.61149836,21.63108468],[72.61177874,21.63150036],[72.6118716,21.63179874],[72.61175764,21.63195586],[72.61152661,21.63202345],[72.61116517,21.63186944],[72.61070454,21.63143086],[72.61029971,21.6307348],[72.61016047,21.62996554]],[[72.60536385,21.6195991],[72.60720336,21.61892796],[72.60739327,21.61917615],[72.60771382,21.62109375],[72.60940826,21.62887442],[72.60654461,21.62819445],[72.60508907,21.62268901],[72.60531187,21.62109375],[72.60536385,21.6195991]],[[72.72219968,21.64329243],[72.72310197,21.64322794],[72.72724915,21.64389765],[72.73573434,21.64698994],[72.73605144,21.6469835],[72.73668492,21.64376116],[72.73786342,21.64372373],[72.74388456,21.64558375],[72.74539864,21.64641035],[72.75104547,21.65296078],[72.75093853,21.65534568],[72.75071037,21.65568626],[72.74621177,21.65856373],[72.74360347,21.6582334],[72.72997177,21.66116047],[72.72392893,21.66543734],[72.72306657,21.66577923],[72.72094965,21.66607046],[72.71766841,21.6654036],[72.71504486,21.66403413],[72.71033931,21.65946436],[72.71055293,21.65812397],[72.71282375,21.65387762],[72.71642625,21.65072036],[72.71566331,21.64590335],[72.71712887,21.64469957],[72.72219968,21.64329243]],[[72.85917473,21.67097676],[72.86767423,21.66918635],[72.86655712,21.66816914],[72.86727154,21.66658998],[72.87154365,21.66469395],[72.87198591,21.66469312],[72.87424445,21.66589296],[72.88806832,21.66498625],[72.89608204,21.66532135],[72.89883947,21.66652036],[72.90088713,21.66610563],[72.90113926,21.66786075],[72.91290414,21.6767807],[72.91329944,21.67775035],[72.91328847,21.67829263],[72.91280162,21.67911506],[72.90436923,21.68111467],[72.89312351,21.68143725],[72.89276206,21.6815443],[72.8893193,21.68494451],[72.88756537,21.68389571],[72.88434076,21.68498313],[72.87665415,21.68395805],[72.86570716,21.68520308],[72.86275423,21.68526781],[72.85720587,21.68409395],[72.84945905,21.68038821],[72.845752,21.67972791],[72.84278452,21.67748594],[72.84260178,21.67699003],[72.84342301,21.67649114],[72.84688878,21.67701292],[72.84934366,21.67480028],[72.85838485,21.67118323],[72.85917473,21.67097676]],[[72.85816693,21.66894281],[72.85485816,21.66954052],[72.85478997,21.66698551],[72.85572863,21.66592503],[72.85613406,21.66565275],[72.85967517,21.66443062],[72.86282027,21.66431236],[72.86308718,21.66483831],[72.86216605,21.66808546],[72.85816693,21.66894281]],[[73.09481263,21.72931623],[73.09425747,21.72945392],[73.09013545,21.72917104],[73.08621526,21.73084652],[73.08274615,21.73099637],[73.07556331,21.73494995],[73.07291114,21.73493302],[73.06391203,21.73028445],[73.06180286,21.72819054],[73.05598581,21.72609985],[73.05122006,21.71872056],[73.05366707,21.71765625],[73.05805552,21.72074425],[73.06129706,21.72119105],[73.08015001,21.71666062],[73.08892047,21.71980655],[73.09241748,21.72147143],[73.09660757,21.72430086],[73.09688795,21.72479761],[73.09668267,21.72811031],[73.09481263,21.72931623]],[[73.06262565,21.71839237],[73.06035912,21.71908724],[73.05918086,21.71823084],[73.05992544,21.71768081],[73.06262565,21.71839237]],[[73.16515803,21.7764194],[73.16590667,21.77885294],[73.16635311,21.78184712],[73.16622722,21.78239155],[73.16308725,21.78949058],[73.15373075,21.79745007],[73.15185666,21.79854095],[73.15146351,21.79832006],[73.14121211,21.77385604],[73.14068675,21.7626754],[73.14152813,21.75495756],[73.14180946,21.75480354],[73.14844465,21.757851],[73.15792274,21.76547563],[73.15961587,21.76705074],[73.16296935,21.7717036],[73.16328502,21.77226734],[73.16515803,21.7764194]],[[73.1715579,21.78398323],[73.17173982,21.7836138],[73.17264736,21.78371406],[73.17297983,21.78396165],[73.17354786,21.78778207],[73.1732763,21.78957236],[73.17267168,21.7919358],[73.17110336,21.79377317],[73.1715579,21.78398323]],[[73.16722012,21.77688813],[73.16760445,21.77685475],[73.16820586,21.77727246],[73.16872394,21.77779913],[73.16918945,21.77824426],[73.16951776,21.77851105],[73.16970766,21.77876091],[73.16988444,21.77910411],[73.17017925,21.77943647],[73.17053115,21.77971804],[73.17081952,21.78006375],[73.17077684,21.78064895],[73.17012274,21.78027844],[73.16982687,21.77987802],[73.16942203,21.77950621],[73.16902757,21.77927697],[73.16863275,21.77907121],[73.16813636,21.77870727],[73.16757131,21.77804375],[73.16723514,21.77733398],[73.16722012,21.77688813]],[[73.28008294,21.90475881],[73.2804594,21.90457344],[73.28120255,21.90498567],[73.28036976,21.90650463],[73.2799896,21.90657067],[73.27920616,21.90604866],[73.28008294,21.90475881]],[[73.28558743,21.89965701],[73.28691602,21.89903235],[73.28772366,21.89936471],[73.28678644,21.90187454],[73.2833178,21.90243292],[73.28558743,21.89965701]],[[73.29511535,21.89492333],[73.29571617,21.89475584],[73.29631722,21.89527392],[73.29696965,21.89731216],[73.29571235,21.89680338],[73.29511535,21.89492333]],[[73.59305036,21.94364154],[73.59387445,21.94345045],[73.59397316,21.94404686],[73.59208596,21.94651365],[73.59239078,21.94452333],[73.59305036,21.94364154]],[[73.59508491,21.93740058],[73.59575367,21.93733704],[73.59634495,21.93814623],[73.59569597,21.9396857],[73.59409285,21.94061875],[73.59394181,21.93839288],[73.59508491,21.93740058]],[[73.14277756,21.8634938],[73.14231467,21.86355996],[73.13887107,21.86169398],[73.14015007,21.85897815],[73.14180982,21.85831022],[73.14252615,21.85907674],[73.14266253,21.85896134],[73.14269125,21.85748804],[73.15077567,21.85673535],[73.15480566,21.85465217],[73.15559471,21.85492825],[73.15533221,21.85705686],[73.15434837,21.85805857],[73.14500594,21.86323714],[73.14466107,21.86336803],[73.14277756,21.8634938]],[[72.28740454,21.70744038],[72.28200924,21.72248018],[72.28082585,21.72777355],[72.28079975,21.72836494],[72.28276122,21.73360455],[72.27953684,21.74204075],[72.27629805,21.74479413],[72.27400315,21.74957263],[72.27143085,21.74372602],[72.26806831,21.74040401],[72.26828337,21.73573124],[72.26850855,21.73478735],[72.26909411,21.73323572],[72.28740454,21.70744038]],[[72.58007813,21.84215188],[72.57898366,21.84238875],[72.55832815,21.83464253],[72.55898786,21.83345127],[72.56164074,21.83345592],[72.5639503,21.83392024],[72.57494593,21.83399153],[72.57608581,21.83467805],[72.57839084,21.83584225],[72.57869005,21.83633745],[72.57872593,21.83970416],[72.58081818,21.84171307],[72.58007813,21.84215188]],[[72.53152895,21.86952615],[72.52869594,21.86969864],[72.52839982,21.86815286],[72.52963185,21.86780071],[72.53160846,21.86834455],[72.53152895,21.86952615]],[[72.35750043,21.92996955],[72.35702646,21.93148828],[72.35794282,21.93039525],[72.35838926,21.93112636],[72.35827613,21.93171644],[72.35693944,21.93903482],[72.35442925,21.94314253],[72.35163474,21.94013333],[72.35073292,21.93488157],[72.34783316,21.92816865],[72.35245395,21.92525256],[72.35441387,21.92905092],[72.3561933,21.92532647],[72.36008584,21.92446053],[72.36061525,21.92532337],[72.36043572,21.92571151],[72.35836482,21.92692888],[72.35750043,21.92996955]],[[72.46925128,22.2029798],[72.46966958,22.20358157],[72.47241712,22.20325327],[72.47237074,22.20526564],[72.47223806,22.2064929],[72.4732089,22.20784354],[72.4723376,22.20817244],[72.46926105,22.20512748],[72.46791553,22.20526981],[72.46791053,22.20235956],[72.46925128,22.2029798]],[[72.37457824,22.2088449],[72.37099504,22.21414626],[72.37036014,22.22283244],[72.36835575,22.22431242],[72.36860442,22.22596312],[72.37090373,22.22707355],[72.37053096,22.22951865],[72.36891603,22.23085928],[72.37095976,22.23414552],[72.37006974,22.23501623],[72.36719334,22.23194206],[72.36728466,22.22977531],[72.36555636,22.22876286],[72.36382115,22.22396672],[72.363765,22.21330905],[72.36568737,22.20840061],[72.37624204,22.20374358],[72.37664366,22.20408797],[72.37636495,22.20677376],[72.37457824,22.2088449]],[[72.38800251,22.21074235],[72.38787723,22.21001267],[72.39203405,22.21011007],[72.39217865,22.21045971],[72.39013505,22.21333802],[72.38839436,22.21433592],[72.38268387,22.21553767],[72.38768566,22.21288598],[72.38800251,22.21074235]],[[72.21369123,22.00134182],[72.2143383,22.00127745],[72.21621144,22.00275612],[72.21595681,22.00345933],[72.21312261,22.00268114],[72.21266556,22.00295782],[72.21265841,22.00357533],[72.21414864,22.00511146],[72.21372485,22.00528014],[72.21282363,22.00535285],[72.2107594,22.0035938],[72.21102846,22.00288761],[72.21369123,22.00134182]],[[69.72371864,21.56074345],[69.7246294,21.56268442],[69.72471142,21.56324136],[69.72405982,21.56400835],[69.71882904,21.55794835],[69.71868563,21.55760491],[69.71894944,21.55478835],[69.71933627,21.55440366],[69.72169006,21.55396593],[69.72191346,21.55423844],[69.72371864,21.56074345]],[[69.74020207,21.59267604],[69.73675478,21.59555054],[69.73744535,21.60098195],[69.73558474,21.60421276],[69.73509073,21.60896277],[69.72818661,21.61193717],[69.72764945,21.61076355],[69.72516787,21.61022091],[69.72479558,21.60908175],[69.72934616,21.60473156],[69.73348606,21.59587801],[69.73756123,21.59204745],[69.73826218,21.59214866],[69.74020207,21.59267604]],[[69.09225166,22.45657766],[69.09401572,22.45156276],[69.09263313,22.45183921],[69.09403253,22.45089984],[69.09267485,22.44851196],[69.0934993,22.44633174],[69.09552956,22.44537401],[69.09506035,22.44290733],[69.09614372,22.44185996],[69.09034336,22.43829107],[69.09066772,22.43602002],[69.08524835,22.43207622],[69.08578706,22.42911422],[69.08417606,22.42602503],[69.08350718,22.42258382],[69.08388448,22.42206585],[69.08467245,22.4213227],[69.08567512,22.42084122],[69.08795846,22.42170453],[69.0882436,22.42195284],[69.09045124,22.42760372],[69.09447622,22.43041885],[69.09540474,22.43095136],[69.09955502,22.43227673],[69.10070407,22.43293953],[69.10386264,22.43283093],[69.10836554,22.43725455],[69.10713506,22.44405568],[69.10939038,22.45355892],[69.10829568,22.46051776],[69.11108637,22.46389234],[69.12318635,22.46844018],[69.12707782,22.46553123],[69.13113522,22.46553516],[69.13252711,22.4665873],[69.13466096,22.46582067],[69.13788533,22.46243894],[69.13953161,22.46275485],[69.14059126,22.46455312],[69.14446986,22.46217382],[69.14487112,22.46208477],[69.14594245,22.46261406],[69.14656985,22.46334386],[69.14725113,22.46642256],[69.15054595,22.46905911],[69.14838398,22.47396266],[69.14487004,22.47507644],[69.14303803,22.47730196],[69.14258492,22.47734034],[69.13790667,22.47707152],[69.13546383,22.47771657],[69.12580073,22.47565103],[69.10992146,22.46673453],[69.10529828,22.46576297],[69.0996598,22.46219766],[69.09353745,22.46107817],[69.09225166,22.45657766]],[[69.2987442,22.47083843],[69.29312253,22.45888865],[69.29889917,22.45640945],[69.30158806,22.45296681],[69.3043195,22.4533416],[69.30982614,22.45155311],[69.31102908,22.45146251],[69.32149065,22.45145655],[69.32174087,22.45164514],[69.32690752,22.45742214],[69.32739651,22.45911252],[69.32798707,22.4624058],[69.32809675,22.46324468],[69.32471871,22.46941364],[69.31856704,22.47234774],[69.30656743,22.47193515],[69.30541062,22.47172582],[69.30473876,22.47135055],[69.30472684,22.46978891],[69.30440903,22.46993375],[69.30183995,22.4740411],[69.30146623,22.47409976],[69.2987442,22.47083843]],[[69.61511958,22.45405304],[69.61271155,22.45071852],[69.609375,22.45117176],[69.60801804,22.45114243],[69.59420383,22.44556201],[69.58845723,22.43872654],[69.58832931,22.43817151],[69.58863294,22.43609285],[69.59124041,22.43241811],[69.59222841,22.42855442],[69.59380937,22.42644393],[69.59632278,22.42446315],[69.59991133,22.42255855],[69.6007663,22.42225695],[69.60279918,22.42298245],[69.60814762,22.41746581],[69.609375,22.41713154],[69.61410701,22.41614306],[69.61556423,22.41450715],[69.63325644,22.40691686],[69.63631833,22.40681481],[69.63846791,22.40822256],[69.6426506,22.41550791],[69.64645576,22.41745162],[69.64876795,22.42138696],[69.65460742,22.42355037],[69.65724277,22.42662716],[69.65412223,22.43106794],[69.64694285,22.43224955],[69.64519918,22.43384314],[69.6448698,22.43433964],[69.64748156,22.43529737],[69.64764273,22.43545187],[69.64860356,22.43781471],[69.64706254,22.43930686],[69.64715612,22.44207251],[69.64323926,22.45021606],[69.64303565,22.45053566],[69.64086175,22.45086157],[69.6401726,22.45117831],[69.62878656,22.45895565],[69.62857223,22.45906866],[69.62608671,22.45957172],[69.61900604,22.45672202],[69.61876476,22.45656347],[69.61511958,22.45405304]],[[69.14244294,22.45359755],[69.14193404,22.45763016],[69.14090013,22.45489836],[69.14207733,22.45302463],[69.14244294,22.45359755]],[[69.2756654,22.4186455],[69.27760506,22.41809475],[69.27972543,22.41951585],[69.27947736,22.41973174],[69.27759123,22.41959095],[69.2756654,22.4186455]],[[69.27840853,22.41564226],[69.27895224,22.41535306],[69.28063416,22.41586256],[69.28087544,22.41650701],[69.27980292,22.41748178],[69.27867711,22.41780043],[69.27801406,22.41730702],[69.27778685,22.41660404],[69.27840853,22.41564226]],[[69.48047221,22.38957167],[69.48146653,22.38826561],[69.48497224,22.38774371],[69.48739314,22.38898325],[69.48902047,22.391819],[69.48902202,22.39246404],[69.48632216,22.39684975],[69.48288906,22.39874578],[69.4803549,22.39013088],[69.48047221,22.38957167]],[[69.33545327,22.38887775],[69.33514881,22.38897908],[69.33388794,22.38798487],[69.33375287,22.38770914],[69.33399487,22.38620436],[69.33022702,22.38592196],[69.33009183,22.38330615],[69.32520032,22.38364947],[69.32314062,22.38220263],[69.32266498,22.38068914],[69.32269025,22.38029253],[69.32821214,22.37502635],[69.33077824,22.37468076],[69.33310592,22.37250948],[69.33347654,22.37260342],[69.3336637,22.37691855],[69.33645201,22.37769365],[69.34040988,22.38160765],[69.33977342,22.38673985],[69.33762801,22.38714576],[69.33545327,22.38887775]],[[69.195261,22.37441051],[69.19495165,22.37446845],[69.19445336,22.37263191],[69.19006705,22.36911917],[69.19291425,22.36906815],[69.1949743,22.36780226],[69.19622385,22.37097228],[69.19622827,22.37181127],[69.195261,22.37441051]],[[69.21441865,22.38251185],[69.21516097,22.38369465],[69.21341574,22.38456726],[69.21299827,22.38473213],[69.21254635,22.38435912],[69.21350896,22.38246596],[69.21384835,22.38229156],[69.21441865,22.38251185]],[[69.19993067,22.38434887],[69.20049715,22.38476038],[69.20234966,22.38659525],[69.20177901,22.38747966],[69.19963467,22.38675976],[69.19949496,22.38446236],[69.19993067,22.38434887]],[[69.1827054,22.36704683],[69.18416977,22.36449563],[69.18514955,22.3638519],[69.18542051,22.36410856],[69.18570375,22.36633384],[69.18549347,22.36684501],[69.18392491,22.36739314],[69.18329775,22.36749172],[69.1827054,22.36704683]],[[69.44843495,22.35700095],[69.44673586,22.35635591],[69.43987346,22.35645807],[69.43762553,22.35424137],[69.45005667,22.35075486],[69.45367098,22.35080695],[69.45829582,22.35228646],[69.45853603,22.35289884],[69.45710385,22.35525882],[69.45521605,22.35646391],[69.45311701,22.35765851],[69.45066643,22.35800695],[69.44843495,22.35700095]],[[69.30952156,22.30421615],[69.31196237,22.30331898],[69.31036115,22.30616796],[69.30952156,22.30421615]],[[70.42531681,22.89732635],[70.42590547,22.89710855],[70.42968047,22.90083444],[70.42863286,22.90579903],[70.42535985,22.89801002],[70.42531681,22.89732635]],[[70.35050392,22.9308331],[70.36347926,22.93541586],[70.38118327,22.94310963],[70.38393867,22.94466913],[70.38571513,22.94653726],[70.38728726,22.94882298],[70.38730264,22.95128965],[70.39327633,22.96267927],[70.39341915,22.96307278],[70.39392376,22.96597457],[70.39486432,22.98756802],[70.3945291,22.99511707],[70.39229035,22.99776781],[70.38298786,22.99761522],[70.38711643,22.99823964],[70.39390981,23.00158215],[70.39630032,23.01598811],[70.39664865,23.02433991],[70.39577281,23.02734375],[70.39584446,23.02734375],[70.39517724,23.02916992],[70.39481544,23.02975535],[70.393278,23.03062475],[70.39172924,23.03122056],[70.38660908,23.03127945],[70.38168085,23.03358781],[70.37742054,23.03335607],[70.37107694,23.03434801],[70.36704445,23.03574455],[70.36576176,23.03783357],[70.36500883,23.04068947],[70.36550522,23.04439306],[70.3683207,23.04971397],[70.37290275,23.05191231],[70.37653768,23.05627501],[70.37657738,23.05851161],[70.37193346,23.06240964],[70.37103415,23.06847715],[70.37387907,23.07511413],[70.38005185,23.08300698],[70.37937713,23.08719838],[70.37051892,23.09496987],[70.36607432,23.10098875],[70.36520255,23.10309613],[70.36323416,23.10488105],[70.35986125,23.10581136],[70.35081804,23.1065675],[70.34753346,23.10285115],[70.34196866,23.10050821],[70.33162594,23.10203075],[70.32700706,23.10208976],[70.32160294,23.10052586],[70.3125,23.10100436],[70.31097555,23.10085583],[70.30968106,23.0996052],[70.30559266,23.09826982],[70.30455625,23.09826982],[70.30234516,23.09862816],[70.29898024,23.10069573],[70.29322231,23.10159183],[70.28925514,23.10594726],[70.2793926,23.09828877],[70.27193904,23.09711683],[70.26413584,23.09344137],[70.26207912,23.09129465],[70.25897741,23.09118152],[70.24933386,23.08624601],[70.23814416,23.08286107],[70.23078024,23.07913888],[70.23048365,23.07887423],[70.22522306,23.07070863],[70.22607386,23.05320406],[70.22471941,23.05024231],[70.22478235,23.04956675],[70.22938526,23.03944755],[70.23048854,23.03555632],[70.23158002,23.02734375],[70.23420823,23.0121783],[70.23428011,23.01137698],[70.23235261,22.99733615],[70.23228824,22.9901818],[70.23310184,22.98678136],[70.23648596,22.97961235],[70.23653245,22.97954631],[70.24230695,22.97755802],[70.24266291,22.97737002],[70.24880564,22.97308946],[70.25186944,22.97261035],[70.26238275,22.96319854],[70.26565814,22.96204925],[70.26578724,22.95995414],[70.26901674,22.95553947],[70.27127695,22.95489562],[70.27448535,22.95179963],[70.27571702,22.95252061],[70.27908945,22.95077467],[70.27994216,22.94867694],[70.29067814,22.94482732],[70.30656195,22.95112741],[70.3073616,22.95057583],[70.30622387,22.94810557],[70.30635095,22.94662821],[70.30678141,22.94549966],[70.31010771,22.94154811],[70.3125,22.94196415],[70.31291854,22.94199491],[70.31682885,22.93908763],[70.32243061,22.93672752],[70.32393634,22.93617165],[70.34024155,22.93129802],[70.34236073,22.93089604],[70.34694016,22.93028724],[70.35050392,22.9308331]],[[70.25052774,23.09045804],[70.27278495,23.10259116],[70.27823174,23.11544263],[70.27814651,23.1159234],[70.2719475,23.11711586],[70.27144384,23.11721706],[70.26957226,23.11651647],[70.26925075,23.11614585],[70.26631451,23.10787988],[70.2652626,23.10656345],[70.26140726,23.10380125],[70.25642395,23.10262525],[70.25316298,23.09933627],[70.24959803,23.09722257],[70.24839985,23.09674525],[70.23931777,23.09595263],[70.22776723,23.09012985],[70.22354865,23.09009326],[70.22112405,23.08897722],[70.21865678,23.08693755],[70.2180016,23.08608985],[70.21494305,23.07625997],[70.21499217,23.07372701],[70.21790588,23.07052076],[70.21951783,23.07065415],[70.22012877,23.07115507],[70.22472501,23.07913554],[70.23050976,23.08366692],[70.24385226,23.0895344],[70.25052774,23.09045804]],[[70.21725667,23.09169984],[70.21891153,23.09338987],[70.21940255,23.09458327],[70.22033727,23.09874356],[70.21993482,23.09946704],[70.21954584,23.09957755],[70.21722996,23.09874964],[70.21164048,23.09197915],[70.21094441,23.09099257],[70.21011341,23.08828127],[70.21055734,23.08743191],[70.21226025,23.08629465],[70.21248138,23.08650064],[70.21725667,23.09169984]],[[70.22541761,23.10089016],[70.22137487,23.09668005],[70.22229815,23.09672272],[70.22553766,23.09870052],[70.22592151,23.09914637],[70.22541761,23.10089016]],[[70.29386282,23.10247195],[70.29611874,23.10229266],[70.29750741,23.10271251],[70.29759026,23.10391676],[70.29670036,23.10861564],[70.29613864,23.10903835],[70.29508924,23.1092242],[70.29086781,23.10618091],[70.29386282,23.10247195]],[[70.29800367,23.10837555],[70.30040967,23.10167992],[70.30307066,23.09971845],[70.30448401,23.09940076],[70.30505621,23.09951246],[70.31204534,23.10295761],[70.3125,23.10295761],[70.31925428,23.10354567],[70.32400823,23.10515785],[70.32598674,23.10541976],[70.34599614,23.10490561],[70.34849715,23.10843682],[70.34896016,23.11052763],[70.34943402,23.11516201],[70.3477931,23.11776066],[70.34653544,23.11804235],[70.34557593,23.1179229],[70.33659041,23.11474907],[70.33099306,23.11656415],[70.31396222,23.11516631],[70.3125,23.11467636],[70.30810535,23.11135721],[70.30628705,23.11052024],[70.29897857,23.10980356],[70.29797292,23.10894763],[70.29800367,23.10837555]],[[70.35375643,23.10799563],[70.36480415,23.10543931],[70.37168574,23.09634912],[70.38003492,23.08966875],[70.38247645,23.08579862],[70.38204098,23.08140981],[70.38154376,23.08043063],[70.37769926,23.07659781],[70.37578237,23.07351434],[70.37439895,23.07030582],[70.37344933,23.06704426],[70.37344778,23.06459355],[70.37501216,23.06231618],[70.37685013,23.06037164],[70.37948942,23.05930304],[70.37996793,23.05923045],[70.38778615,23.05949426],[70.39449596,23.06415832],[70.39809275,23.06414485],[70.39890742,23.06385934],[70.40229046,23.06125867],[70.40248024,23.06094635],[70.40516043,23.05279982],[70.40503335,23.05209672],[70.40248013,23.04252493],[70.39862847,23.03903544],[70.39789355,23.03635836],[70.40224504,23.02916431],[70.40655386,23.03452301],[70.41278851,23.03946257],[70.41905415,23.04736447],[70.43742585,23.06207573],[70.44595933,23.06486428],[70.47109365,23.06838882],[70.48119605,23.07209277],[70.48488748,23.07738233],[70.48649478,23.08602405],[70.49002016,23.09398305],[70.50348318,23.11531675],[70.52311015,23.13049054],[70.52763605,23.13551831],[70.53076565,23.14119434],[70.53385711,23.14414084],[70.53470922,23.14467561],[70.54434943,23.15080905],[70.55253231,23.16113281],[70.55276895,23.16447961],[70.55150104,23.16647994],[70.54758334,23.16804731],[70.54696536,23.16810465],[70.52298295,23.16604495],[70.51479316,23.16873884],[70.50643897,23.16903186],[70.50160718,23.16579032],[70.49911475,23.16165924],[70.49640632,23.1504426],[70.49176455,23.14934456],[70.49053395,23.14934695],[70.48417246,23.15171385],[70.47685957,23.15242505],[70.47303247,23.1544944],[70.46267736,23.15713942],[70.4615283,23.15779555],[70.45293105,23.16514885],[70.44950914,23.16736186],[70.44515252,23.16932464],[70.44377923,23.16961515],[70.44118261,23.16915631],[70.43674445,23.16740561],[70.43089604,23.16235554],[70.42232943,23.15793121],[70.40973294,23.15660143],[70.40088367,23.15773475],[70.38717484,23.15181506],[70.37389553,23.15412748],[70.37356913,23.15399778],[70.37023115,23.15062523],[70.36999512,23.1479671],[70.36004364,23.13046801],[70.35365462,23.12293923],[70.35193384,23.11676085],[70.35167193,23.11344063],[70.35202515,23.10999167],[70.35344446,23.10815644],[70.35375643,23.10799563]],[[70.46441042,23.15757358],[70.46482575,23.15739632],[70.46595526,23.15834832],[70.46390176,23.15881145],[70.45686853,23.16726983],[70.45664275,23.16443765],[70.46144474,23.15885496],[70.46441042,23.15757358]],[[70.47705066,23.06331515],[70.46973813,23.05808616],[70.46452343,23.05578101],[70.46310306,23.05473685],[70.46043193,23.05175686],[70.45984948,23.05060506],[70.45960152,23.04747653],[70.45847714,23.0496608],[70.45649886,23.04752803],[70.45336902,23.04281962],[70.44676054,23.02734375],[70.44694757,23.02734375],[70.44641948,23.02525234],[70.44701266,23.02513266],[70.45048225,23.02561295],[70.45151114,23.02644086],[70.45209527,23.02734375],[70.45221567,23.02734375],[70.46008313,23.04274893],[70.46605051,23.04767895],[70.4794327,23.05815005],[70.48246384,23.06278133],[70.48225057,23.06526995],[70.47705066,23.06331515]],[[70.43718517,23.01964033],[70.43998301,23.02734375],[70.43978977,23.02734375],[70.43982196,23.02773166],[70.44895065,23.05062282],[70.44847775,23.05171406],[70.44497538,23.05002737],[70.44282305,23.04804134],[70.42968714,23.03332531],[70.4293611,23.03302026],[70.42160547,23.02734375],[70.42090595,23.02734375],[70.41468251,23.01918983],[70.41446924,23.01880932],[70.41245925,23.01230276],[70.41067827,22.99877512],[70.41365814,22.99015415],[70.41396165,22.98992872],[70.41560757,22.99020755],[70.42025864,22.99459207],[70.42942154,23.00548673],[70.43718517,23.01964033]],[[70.45507753,22.99516952],[70.43576026,22.98331976],[70.43449914,22.98213232],[70.43376923,22.98074365],[70.43274403,22.97875333],[70.43304181,22.97854972],[70.43849754,22.9780395],[70.45097995,22.98579144],[70.45428801,22.98955977],[70.45507753,22.99516952]],[[70.44128466,23.04750705],[70.44143307,23.04932475],[70.43340445,23.04820335],[70.43015623,23.04674256],[70.42932975,23.04624105],[70.42011094,23.03718054],[70.41558743,23.02873886],[70.41524112,23.02734375],[70.41515255,23.02734375],[70.41458404,23.02400506],[70.41483152,23.02264655],[70.41531014,23.02271092],[70.41969466,23.02734375],[70.41978705,23.02734375],[70.42184806,23.02928913],[70.42977715,23.03480411],[70.44128466,23.04750705]],[[70.45038056,23.05073071],[70.45023942,23.05001867],[70.45062077,23.05010867],[70.45117044,23.05037892],[70.45168197,23.05079007],[70.45198143,23.05117762],[70.45217395,23.05150545],[70.45236456,23.05180275],[70.45264101,23.05205464],[70.45291567,23.05221784],[70.45311093,23.05238342],[70.45323932,23.05260384],[70.45331383,23.05282521],[70.45304024,23.05305457],[70.45202112,23.05220842],[70.45181978,23.05213845],[70.45168531,23.05201721],[70.45158017,23.05184984],[70.45135713,23.05165017],[70.45091581,23.05130458],[70.45038056,23.05073071]],[[70.44978452,23.05234158],[70.45670021,23.05489683],[70.4582901,23.05555403],[70.45909226,23.05620444],[70.45917106,23.05730236],[70.45891237,23.05744684],[70.45517564,23.05622184],[70.44978452,23.05234158]],[[70.46019578,23.05616522],[70.46078932,23.0552783],[70.46114886,23.05548728],[70.46823442,23.05880141],[70.46965325,23.06051946],[70.46943355,23.06095123],[70.46752906,23.06062567],[70.46151173,23.05762517],[70.46019578,23.05616522]],[[70.45239615,23.06015921],[70.45213103,23.06043005],[70.44666231,23.05831218],[70.44923365,23.05792773],[70.45219433,23.05933261],[70.45239615,23.06015921]],[[70.39490271,23.03846383],[70.39490592,23.04197001],[70.39277303,23.04572952],[70.39259708,23.04977775],[70.39266562,23.05049014],[70.39763093,23.05548871],[70.39819384,23.05721235],[70.39864504,23.05886698],[70.39916706,23.06186378],[70.39690947,23.06310785],[70.38973117,23.05878782],[70.38356864,23.05884325],[70.37928915,23.05708754],[70.37662745,23.05306923],[70.36831021,23.04502594],[70.36682522,23.04226863],[70.36763036,23.03775215],[70.37621486,23.03492343],[70.38285232,23.03514195],[70.38844585,23.0327363],[70.39361811,23.03386223],[70.39490271,23.03846383]],[[70.39423156,23.04590344],[70.39760995,23.04102886],[70.40067363,23.04230475],[70.40155864,23.04339492],[70.40197384,23.04423654],[70.40395594,23.05241871],[70.40359485,23.05441415],[70.40265667,23.05642605],[70.40054595,23.05829346],[70.39980614,23.05565405],[70.39532971,23.05288911],[70.39376914,23.05035365],[70.39489007,23.04952872],[70.39423156,23.04590344]],[[70.42885184,22.93253851],[70.43093073,22.92764676],[70.43211782,22.92635334],[70.43337095,22.92614007],[70.43622923,22.92635334],[70.44221938,22.93074214],[70.44554102,22.93077111],[70.44749284,22.93020535],[70.44781065,22.92998147],[70.4513725,22.92311311],[70.451828,22.9226222],[70.45685375,22.91919506],[70.45705283,22.91873991],[70.45660257,22.91441536],[70.45414793,22.91179454],[70.45087826,22.90167046],[70.44641507,22.89460182],[70.44540715,22.89207351],[70.44592392,22.89036882],[70.45168352,22.88910925],[70.45675373,22.88664413],[70.46284926,22.89105821],[70.46927846,22.89323962],[70.46956253,22.89350581],[70.47510231,22.90849614],[70.48025668,22.91364396],[70.48043895,22.91611373],[70.47299898,22.92176306],[70.47090173,22.93276918],[70.47119606,22.94094563],[70.46249473,22.94562125],[70.45804524,22.94481015],[70.45786905,22.94517362],[70.44954133,22.95469487],[70.4446913,22.95594466],[70.43722904,22.96090484],[70.43393922,22.96146405],[70.43086004,22.95819247],[70.42613184,22.94257307],[70.42643905,22.93854761],[70.42657685,22.93816781],[70.42885184,22.93253851]],[[70.47567177,22.9211446],[70.47773814,22.92106104],[70.47836566,22.92119968],[70.47900343,22.92229545],[70.48108542,22.93336356],[70.48095644,22.93397892],[70.47920811,22.93606675],[70.47400415,22.93866146],[70.47164333,22.93472707],[70.47156465,22.93395436],[70.47182727,22.93234503],[70.47441435,22.92540646],[70.47450495,22.9219563],[70.47567177,22.9211446]],[[69.6369853,22.77933133],[69.63601887,22.77977323],[69.63562667,22.77947474],[69.63541937,22.77777565],[69.63569462,22.77658248],[69.63733482,22.77566767],[69.63771725,22.77584445],[69.63726521,22.77882743],[69.6369853,22.77933133]],[[68.60640371,23.22255194],[68.6073333,23.22248793],[68.60855556,23.22367227],[68.609061,23.22245204],[68.60972178,23.22219944],[68.61296034,23.22120345],[68.61369205,23.2219125],[68.61368156,23.2222054],[68.61283386,23.22379017],[68.61169505,23.22786534],[68.60968411,23.23057902],[68.60919321,23.23083115],[68.60461783,23.2304399],[68.60422802,23.23021364],[68.60347152,23.228338],[68.60345328,23.22631454],[68.60380864,23.2252866],[68.60564625,23.22291684],[68.60640371,23.22255194]],[[68.63715565,23.22929311],[68.63642383,23.22945964],[68.63436043,23.22805524],[68.63363707,23.22671413],[68.63424838,23.22558916],[68.63509464,23.22531748],[68.63659596,23.22667587],[68.63753223,23.22893262],[68.63715565,23.22929311]],[[68.63272071,23.22930014],[68.63206601,23.22937965],[68.63145256,23.22874737],[68.63153195,23.22808135],[68.63223875,23.22743583],[68.63255823,23.22744215],[68.63351858,23.22822475],[68.63360882,23.22871387],[68.63272071,23.22930014]],[[68.65908825,23.26948166],[68.6586076,23.27109313],[68.65797615,23.27083075],[68.65707052,23.26940501],[68.65736914,23.26878881],[68.66032863,23.26800942],[68.65908825,23.26948166]],[[68.70764804,23.30658865],[68.70825124,23.30634618],[68.70868528,23.30779803],[68.70683551,23.30902016],[68.70873845,23.30939686],[68.70823681,23.31013012],[68.70695758,23.31097186],[68.70380294,23.31169117],[68.70343006,23.31023526],[68.70020604,23.30981982],[68.70008004,23.30944753],[68.70764804,23.30658865]],[[68.58742464,23.37729275],[68.58656478,23.37890625],[68.58628845,23.37890625],[68.58619571,23.37995398],[68.58546543,23.38083696],[68.58101201,23.3845396],[68.57902443,23.38528347],[68.5782119,23.38478374],[68.57866323,23.3835957],[68.58350146,23.38041568],[68.58361316,23.38009524],[68.58325005,23.37890625],[68.58322525,23.37890625],[68.58329046,23.37873185],[68.58443975,23.37890625],[68.58673048,23.37569213],[68.58742464,23.37729275]],[[68.59763575,23.79568517],[68.59874082,23.79651594],[68.60155106,23.79592526],[68.60186255,23.79610836],[68.60216641,23.79687571],[68.6020931,23.79837477],[68.60636723,23.80296302],[68.60801256,23.80590308],[68.60574305,23.80913413],[68.60500181,23.80936074],[68.60106552,23.80787122],[68.59905696,23.80451024],[68.59386981,23.80320776],[68.59374893,23.80287075],[68.59511471,23.79703176],[68.59526432,23.79679263],[68.59745514,23.79550886],[68.59763575,23.79568517]],[[68.59563231,23.81038046],[68.59636855,23.81249535],[68.59384251,23.81184983],[68.59439528,23.81013727],[68.59546065,23.81012201],[68.59563231,23.81038046]],[[68.70549726,23.84840345],[68.70852017,23.84925711],[68.71047425,23.84866226],[68.71065223,23.84956551],[68.70768106,23.85077643],[68.70656848,23.85105157],[68.70297587,23.85075235],[68.70294964,23.85029435],[68.70549726,23.84840345]],[[68.69939828,23.85050595],[68.70083213,23.85169077],[68.70014524,23.85249972],[68.69830513,23.85299933],[68.69555604,23.85127056],[68.69496596,23.84937727],[68.69651651,23.84891164],[68.69939828,23.85050595]],[[68.55200398,23.97324407],[68.55068815,23.97372735],[68.54853821,23.97284293],[68.54843748,23.97254455],[68.55009794,23.97051287],[68.55203223,23.97026265],[68.55295396,23.97131026],[68.55200398,23.97324407]],[[67.94773316,24.43595445],[67.95075917,24.43479657],[67.95142746,24.43481994],[67.95166171,24.43514717],[67.95121086,24.43633044],[67.94773316,24.43595445]],[[67.70746458,24.18468916],[67.70713794,24.18513048],[67.70472062,24.18512785],[67.70685255,24.18377435],[67.70722234,24.18378794],[67.70746458,24.18468916]],[[67.63029337,24.17459381],[67.62982845,24.17469466],[67.62955284,24.17449236],[67.62966478,24.17429173],[67.62989521,24.17414224],[67.63026047,24.17402387],[67.63064003,24.17388201],[67.63105226,24.17374313],[67.63160455,24.17361832],[67.63224268,24.17359054],[67.63258255,24.17366564],[67.63254404,24.17377806],[67.63226044,24.17389536],[67.63185453,24.17403734],[67.63140512,24.17417336],[67.63101912,24.17432213],[67.63067615,24.17445755],[67.63029337,24.17459381]],[[67.47035337,24.29371142],[67.47436714,24.29311502],[67.47488964,24.29327405],[67.47508836,24.29415035],[67.47458971,24.29501855],[67.4725424,24.29685485],[67.46945608,24.29819822],[67.46784735,24.29810965],[67.46781921,24.29720068],[67.47035337,24.29371142]],[[67.42795837,24.56738341],[67.43030167,24.56728435],[67.43284404,24.56798506],[67.4368273,24.57770658],[67.43140233,24.58738434],[67.42780662,24.58849895],[67.42815673,24.57832015],[67.42640626,24.57715356],[67.42618966,24.56991565],[67.42706501,24.56781375],[67.42795837,24.56738341]],[[66.97724855,24.80776942],[66.97704172,24.80802023],[66.97597277,24.80740798],[66.97830796,24.80338228],[66.97724855,24.80776942]],[[66.97190738,24.80714703],[66.97158134,24.80722594],[66.97106695,24.80680323],[66.97197735,24.80552888],[66.97226524,24.80564833],[66.97190738,24.80714703]],[[66.97074056,24.81176555],[66.97010624,24.81426466],[66.96999633,24.81029975],[66.97012091,24.80979812],[66.97135293,24.80902123],[66.97160542,24.80931091],[66.97074056,24.81176555]],[[66.96887016,24.81990886],[66.96856928,24.82036996],[66.96832252,24.82015586],[66.96842742,24.81917834],[66.96857071,24.81819463],[66.96872246,24.81723046],[66.96892905,24.81691432],[66.96914685,24.817451],[66.96920204,24.81848931],[66.96908033,24.81932783],[66.96887016,24.81990886]],[[66.95375621,24.83286905],[66.95336747,24.83578074],[66.95161235,24.83789635],[66.95134866,24.83389485],[66.95149136,24.83350194],[66.95344734,24.83272362],[66.95375621,24.83286905]],[[66.95011973,24.83659112],[66.94982481,24.83704841],[66.949422,24.83521903],[66.95061445,24.83373213],[66.9506253,24.83407903],[66.95011973,24.83659112]],[[66.94644463,24.83784056],[66.94731414,24.83869004],[66.94490385,24.83836651],[66.94644463,24.83784056]],[[66.95486021,24.83328664],[66.95506322,24.83297551],[66.95641935,24.83340776],[66.95618391,24.83487928],[66.95780993,24.83357954],[66.95798636,24.83410311],[66.95749891,24.83488595],[66.95621014,24.83562577],[66.95486021,24.83328664]],[[66.94050682,24.84312046],[66.93986082,24.84322155],[66.93871951,24.84254086],[66.93998563,24.84110236],[66.94334686,24.83972836],[66.9440484,24.83984387],[66.94511366,24.84077513],[66.94527662,24.84120703],[66.94457757,24.84216011],[66.94050682,24.84312046]],[[66.92235363,24.84154701],[66.92535102,24.8444103],[66.92569566,24.84843636],[66.92913938,24.85074127],[66.92934215,24.85102832],[66.92896521,24.85172606],[66.92848277,24.85199976],[66.92267811,24.85326576],[66.91983187,24.85034335],[66.91915131,24.84742844],[66.91671336,24.84583688],[66.91642141,24.84537482],[66.91599321,24.84340346],[66.91695595,24.84102595],[66.91752803,24.84057248],[66.91936862,24.84026206],[66.92235363,24.84154701]]]]},"geometry_name":"the_geom","properties":{"name":"Arabian Sea","id":"39","longitude":63.99431793475,"latitude":13.33512865951,"min_x":51.02230715795,"min_y":-0.70336914037,"max_x":74.335017443,"max_y":25.5973770618,"area":4241184,"mrgid":4268}}],"totalFeatures":1,"numberMatched":1,"numberReturned":1,"timeStamp":"2026-03-03T13:53:24.068Z","crs":{"type":"name","properties":{"name":"urn:ogc:def:crs:EPSG::4326"}}}