{"type":"FeatureCollection","features":[{"type":"Feature","properties":{"name":"Saudi Arabia 12NM Territorial Waters (Red Sea)","type":"HRA"},"geometry":{"type":"MultiPolygon","coordinates":[[[[34.399467213138976,27.966546951002787],[34.41561234210574,27.933716659384306],[34.44201661113899,27.90055238727086],[34.47546176159498,27.87274111288883],[34.51456762493276,27.851427754426158],[34.557723880294034,27.8374895811952],[34.603155703166756,27.83150050559816],[34.648995755581495,27.83370768729485],[34.67093157649782,27.83675079542769],[34.71564181803544,27.847172189159412],[34.756985404369125,27.865395420213794],[34.771327069150885,27.875393766418537],[34.7987261407309,27.872313816808898],[34.82474369552616,27.87383415003713],[34.861008349771026,27.87258653411474],[34.90565148918477,27.8789831333987],[34.91043676146066,27.88057885284776],[34.92161015052147,27.87960683734995],[34.92843401511055,27.879605671870397],[34.972071345252125,27.883337970820673],[34.985602048071144,27.886909035281008],[34.99240859629655,27.87873947384952],[35.020666212845796,27.850740769493253],[35.05434219159654,27.827869397327394],[35.08890946843694,27.81242352149234],[35.10210553643657,27.79603973406936],[35.12018503392283,27.77807582892341],[35.120404976373074,27.777183382732222],[35.133014473531176,27.748403602615735],[35.13625041619687,27.742433928975313],[35.1479617809556,27.71553720949516],[35.16690214073769,27.687130135277677],[35.172521286642834,27.680098594483653],[35.19897865824335,27.652620738543227],[35.22373980215232,27.634726676508222],[35.22940000769286,27.621323534259563],[35.24749041030563,27.588171765310452],[35.2657431570993,27.56134299840692],[35.28366560252725,27.540428119648354],[35.28437500722623,27.533390897242153],[35.28807437575291,27.513136875489838],[35.2998715495503,27.474142971427106],[35.310894700255886,27.44844516142837],[35.323187151145795,27.42461729931462],[35.36133907567097,27.361849844719043],[35.379167696680774,27.33705457896867],[35.40090696248814,27.314836785003564],[35.411759773145796,27.305264169929472],[35.42442826726989,27.286778654128252],[35.44142211908836,27.26529065623644],[35.46511093480127,27.23915566213053],[35.49101262564941,27.214998619749053],[35.50321452777533,27.205366496247176],[35.52499033024479,27.190190393095023],[35.54722396868952,27.176560704738712],[35.57517741747428,27.146922429133596],[35.575412436534975,27.138594976486864],[35.57665095399936,27.128710500200942],[35.5887071132695,27.082829845134974],[35.59197482761467,27.074819580433765],[35.60366582633223,27.051088563218144],[35.63236466726689,27.00177528071918],[35.65371434059289,26.971890944044556],[35.73391198349722,26.878851354160382],[35.76229999225565,26.851558373290647],[35.802785411830264,26.819234578472713],[35.809236681759266,26.809865602971076],[35.846102286868316,26.770012243409923],[35.85702028804071,26.746803701343993],[35.876071321373445,26.716890190746966],[35.88493896512203,26.692684353172055],[35.90304454649444,26.656129109375406],[35.92895148073931,26.623506681329093],[35.955484442074116,26.5963153148837],[35.97479353068394,26.578814491895752],[36.018000811122654,26.544165710473816],[36.04293710126777,26.515611685271566],[36.10714066288303,26.412523149994513],[36.17612491718693,26.260244421541987],[36.20354927002849,26.2164272443638],[36.24019177934151,26.172038899159013],[36.24966521810924,26.15766005691234],[36.30747801219127,26.034297826992113],[36.3349037414406,25.991469861621127],[36.35884218268012,25.962934681463366],[36.37433866782996,25.94774669644799],[36.35327580601864,25.912901694111103],[36.33737814272917,25.87846026523437],[36.325945315145475,25.846118525674296],[36.32080243202243,25.81249933594369],[36.318787656695555,25.777164602763897],[36.314223954329904,25.772004241900127],[36.29534316036827,25.740182063560706],[36.28715084491764,25.722717091491322],[36.27328622052511,25.68074277927271],[36.26997199633077,25.637052990941957],[36.27735691569363,25.593758924202028],[36.28365561383056,25.572652885693532],[36.30148653481037,25.531635500336638],[36.32887923668357,25.495128945773818],[36.341658396158294,25.48159369012275],[36.35613149845917,25.467666729281888],[36.3750870898807,25.45108399191876],[36.42757657375475,25.416998784707506],[36.43749357707273,25.412366550085824],[36.479760230418314,25.397342523264243],[36.524530641804446,25.390393163912844],[36.532807996525435,25.390652672842045],[36.560837258678795,25.375170588229718],[36.56750209436077,25.372122380887173],[36.578245866305195,25.368431927212807],[36.58520275763092,25.36463970505181],[36.6000971796961,25.35969002855127],[36.60133638659434,25.3571934000224],[36.60492289390978,25.35133854661128],[36.63679565654631,25.311709152818118],[36.63943131305552,25.30915921930364],[36.67963114455242,25.270261812864447],[36.70399405574893,25.249960611845683],[36.70739366213775,25.24752657019903],[36.713750251834696,25.24110826182285],[36.755986323422526,25.20802131301149],[36.77704396834974,25.195341048273722],[36.81664095779743,25.176410289106652],[36.85964342326689,25.165064889569102],[36.90428968041574,25.16177022150104],[36.94875135036142,25.166661959344342],[36.95610306388334,25.16889300834283],[36.95861789901088,25.166022804498432],[36.97839442856147,25.146268616340958],[36.994225215445056,25.132964078455014],[37.000834685014865,25.12265666825216],[37.030042272447474,25.092856229256636],[37.03376304660983,25.089747504769075],[37.03186129474057,25.071796823670656],[37.031404041540235,25.038785188233796],[37.03446512520578,25.02087845276873],[37.02741085834564,25.017540685208022],[36.993215171495386,24.992405894260134],[36.96524980524814,24.961619505602236],[36.94462991299892,24.926415386580555],[36.93217416278738,24.888203102075465],[36.92837288258912,24.84851115472508],[36.933369652301145,24.808925677033795],[36.94695688666025,24.771027059580586],[36.964169659287684,24.735530814783843],[36.9878579453458,24.6982067874313],[37.000805651272614,24.682109866525753],[37.0294318969647,24.652981159949363],[37.02956752339827,24.65288822570056],[37.02989636818324,24.65206137749306],[37.05236485547498,24.618365958187226],[37.08017152631299,24.584669093426616],[37.13911107433795,24.510028667345697],[37.201286469441946,24.427481866802264],[37.19886113113433,24.412716590685527],[37.200107060536006,24.376952547205843],[37.20836649787511,24.341966715336685],[37.219858778020274,24.308327700168164],[37.23549468013157,24.274131302007287],[37.25780734888326,24.243151500561805],[37.28602461636123,24.216454624584106],[37.30105111874413,24.204651917546904],[37.301248588121354,24.204398048684126],[37.30964684928409,24.190851618886118],[37.34243977910821,24.150704543028443],[37.3645213789139,24.129759656094592],[37.395287646559446,24.105530130927562],[37.43043608290157,24.086892885209394],[37.468757130496506,24.074488933414962],[37.48093073483565,24.072749693807694],[37.50492842390132,24.061341923593083],[37.548433399684654,24.05018781640915],[37.59352470895095,24.04739896345386],[37.63607756582602,24.04876943835135],[37.65147607750446,24.050664833128376],[37.66378941732448,24.041745771497414],[37.671678824619015,24.03512144081262],[37.68680176658027,24.02352663811651],[37.73224517451648,23.99174458043645],[37.76601235730648,23.972300648755525],[37.80308821159633,23.958770267648553],[37.84224121230238,23.95160303041882],[37.84459605940661,23.951569957728776],[37.84846722928452,23.949085140046837],[37.87957460715209,23.930948777251118],[37.885925836097364,23.926286696499],[37.89865199670795,23.917618954957618],[37.92115861121752,23.903416177970957],[37.958922250719816,23.88430519923149],[37.98624249605311,23.876354825370285],[37.99129074571974,23.87243888207393],[37.99394755949397,23.869368941252446],[38.01550074994203,23.847890141299892],[38.035209847151464,23.83091534649777],[38.05432177772712,23.816240355479465],[38.0672377264477,23.80741990932636],[38.076797445147896,23.80124785355626],[38.10058606554767,23.78674150407017],[38.13943577368197,23.76850772967767],[38.14185418909497,23.76523002071644],[38.17477139499595,23.736196965390675],[38.18456122120289,23.72921224430735],[38.20929326137768,23.714177199964897],[38.2245008868455,23.69406991322211],[38.2339474549243,23.684035400917146],[38.26105075666041,23.65994285568671],[38.261305280580046,23.659119732696865],[38.263112124109256,23.653583743024882],[38.286690050221395,23.584934140202915],[38.30137995409281,23.552460519314142],[38.322063814031274,23.522849920232375],[38.32468098642378,23.519744000730316],[38.327189638406786,23.500263118154475],[38.34077306453898,23.462408380989753],[38.36229427892188,23.427781928269734],[38.39089091527144,23.397762333732214],[38.41284233792778,23.378897515220082],[38.43348238918247,23.364713632147893],[38.44481538857739,23.325582214162168],[38.45764373232982,23.296665797698303],[38.46533318282869,23.281510826377048],[38.46751997831462,23.26183300625283],[38.48270693869711,23.220133592969038],[38.48433156499022,23.216907755179502],[38.492403835755326,23.192984287389084],[38.50620103677024,23.171118116914172],[38.520708484318426,23.139850689759076],[38.544935433879346,23.107361013365832],[38.546776641991876,23.10535040108979],[38.553958456604455,23.092405361246872],[38.56535846493982,23.075408399336933],[38.56192162079819,23.037807484634325],[38.5670232937088,22.998031267413296],[38.58066215492271,22.959998345963534],[38.601216680437986,22.917548572457786],[38.633781483746304,22.869824016511853],[38.64843353296836,22.85388924304986],[38.6529788732989,22.84990251193533],[38.660874705415374,22.833521975325286],[38.7125483049082,22.74703704898638],[38.740806001450636,22.710258123405477],[38.75665068319857,22.693913663000338],[38.76581269399568,22.68076579815446],[38.77203398206365,22.66753788631439],[38.79116629165753,22.63574651139715],[38.79406428525596,22.629550357887926],[38.80729865271693,22.605772719722754],[38.819345725518694,22.58728748426199],[38.83981143636958,22.54358356323963],[38.85948037440166,22.51176726737023],[38.85985652864371,22.464402586967225],[38.861852023938454,22.450659649813385],[38.861225882075786,22.44861117499006],[38.85466112990458,22.41834131953301],[38.853231419831495,22.387504442636455],[38.854305845978566,22.358847170616656],[38.857122262608385,22.339028571892182],[38.848710173639546,22.327502870784198],[38.83106239966208,22.28450774866738],[38.8236979091663,22.257523525689738],[38.817140615099376,22.208411004079633],[38.817151797439315,22.2014452485186],[38.81544495298431,22.197689297430504],[38.81319561121649,22.190477069453312],[38.7870018943267,22.172157946369975],[38.75952789274331,22.143925355666795],[38.73833485205429,22.111396288162528],[38.72418630163475,22.075750492937242],[38.71758906521882,22.038279644604263],[38.71621824413793,22.019166922343622],[38.72006907129607,21.96616979127428],[38.73853281477795,21.882047122070787],[38.75317692892508,21.83992037515255],[38.782194808832074,21.780120233465926],[38.80939605919319,21.738505984987572],[38.82805107972439,21.716541109020532],[38.82948985616338,21.71354678166134],[38.83152759550335,21.710172485287057],[38.837855476720094,21.70158018661949],[38.85420626865005,21.666675310874904],[38.859258501479644,21.65858391688056],[38.86916219095113,21.64642326444131],[38.869735049414615,21.645361307998378],[38.874586600049305,21.626571179163978],[38.87402019704563,21.61411135434511],[38.87523506563331,21.58290135720209],[38.87885958334932,21.553612578971386],[38.88571560216634,21.521589940995124],[38.89067441999069,21.509359106795518],[38.90315108168528,21.471086736418407],[38.912286875982915,21.4508371421187],[38.917325842775746,21.442854619634172],[38.90976005913858,21.435266527850835],[38.88736792487272,21.40107210077966],[38.872760894081736,21.36342207580814],[38.86652010442683,21.323831582936595],[38.8688892865647,21.28389240182419],[38.87976610412708,21.245208909516336],[38.89870739582878,21.209333747716645],[38.92998839585716,21.162579164450026],[38.94440642446624,21.14575792672164],[38.94557817255574,21.13250007434405],[38.94779150192248,21.12086731350312],[38.962782672480415,21.075034912858357],[38.96329617419422,21.073952542304234],[38.96507110138497,21.066330784553124],[38.97582097324261,21.03383301182288],[38.99233241883703,21.003518846725445],[39.01412305408522,20.97626776157854],[39.02519200449222,20.96464137746681],[39.0545015983023,20.940120392957194],[39.06443594994168,20.907123182301948],[39.07079940026825,20.89264649772378],[39.08920932793204,20.859827236379704],[39.103648762653805,20.839043279987337],[39.10414218497937,20.837776253058287],[39.12544613011556,20.80477602267978],[39.15314559932747,20.776226218661098],[39.17127940240563,20.763592647621028],[39.19074356738503,20.7401585790762],[39.22009936546884,20.71228684507764],[39.23252237888654,20.681476317405558],[39.25748650733236,20.64553517292658],[39.270592193030446,20.630493530495993],[39.2978553368951,20.604470115658618],[39.320746410875174,20.589427142633845],[39.33269854010622,20.574107700883783],[39.33277240055912,20.574029373977204],[39.33622914270383,20.56224799185537],[39.350058422922764,20.533687483783034],[39.3565782010384,20.52262799984958],[39.36308189756352,20.513323077025174],[39.374009192512595,20.483198326256314],[39.3979430572354,20.4462174778514],[39.421039915709734,20.423564991078564],[39.464881009834365,20.356830143993296],[39.49585881147992,20.320129166875997],[39.52295478879126,20.294805299726324],[39.542467031009195,20.278671571008584],[39.573662886094475,20.2558940611609],[39.593570267522686,20.22612602310067],[39.62773251836859,20.194225801054728],[39.66867979791635,20.170369995334365],[39.68688977875342,20.16228245962934],[39.70498272126826,20.155885832052107],[39.71362965273853,20.149942958594124],[39.811367997238015,20.09353110376861],[39.86780440059003,20.070721358874792],[39.88527815304354,20.066331133490202],[39.922902873138845,20.06020862119473],[39.961100078157656,20.060501321331945],[39.998508644064046,20.06717647044939],[39.99899814492571,20.067147230845897],[40.00596729572402,20.068026102152295],[40.01568460078501,20.05756555754244],[40.02154284856514,20.05256585612334],[40.0548264380693,20.02930350144803],[40.0884731890164,20.014271529123906],[40.10792779339351,19.993462657186843],[40.13425790883405,19.969755681280844],[40.17988985816991,19.935206557404268],[40.20558474693375,19.918518821124653],[40.22583141796596,19.907341812281196],[40.26897934323373,19.89033278545648],[40.2764925675394,19.88241082578973],[40.292122172733244,19.871950107915126],[40.29484841524925,19.868743897808702],[40.32752112425929,19.84394976891828],[40.3322939376298,19.830454843388182],[40.350428681647074,19.799221232483273],[40.37417032769031,19.771523532207752],[40.380679966740814,19.765181903225837],[40.41208205901013,19.74131149951209],[40.42961357037077,19.717061397448678],[40.435504467757376,19.710474164019203],[40.445373067415495,19.691309853813525],[40.4583271658439,19.67041097759092],[40.479672124871705,19.641995144427618],[40.50593431573184,19.61751191031112],[40.52090193018986,19.605806564224345],[40.55100509799438,19.586511642262433],[40.55341728443956,19.56566818244175],[40.56783226734299,19.525126944268912],[40.59107221005308,19.488424599312612],[40.62206694473909,19.457242051349347],[40.6528298735114,19.437269603167277],[40.68281102157633,19.40793454561803],[40.70700383360893,19.387627893683714],[40.73288483079401,19.371848758003466],[40.73615612617307,19.35803303575715],[40.737023351122126,19.355487033105213],[40.739505893958125,19.34350114555903],[40.74179542594727,19.33495973489359],[40.74534024615688,19.326867578152687],[40.745331553554,19.32380391531841],[40.753492619040834,19.284982373283565],[40.7695999297254,19.248457912128593],[40.793016115991506,19.21566368988873],[40.822818707004686,19.187885653539276],[40.829647068028635,19.182676054076953],[40.83196109452543,19.149280295176695],[40.84413423410114,19.108775561610567],[40.84813182167875,19.099382089976555],[40.86567144092873,19.06703685114714],[40.86704359612866,19.064990327247664],[40.86937225817482,19.05874573897883],[40.88804375943044,19.021485371617814],[40.914408653893844,18.988661725951506],[40.92727431683898,18.97811960355033],[40.9264348213055,18.971877019497708],[40.925229173892596,18.933137701852086],[40.925975315005104,18.922723468254205],[40.9337765627447,18.88082283190831],[40.95077289250495,18.841455534723536],[40.967962069182356,18.817752150394632],[40.96998758611724,18.811634845117688],[40.98634482089253,18.775298471276784],[41.00264839113128,18.752794770804126],[41.00064164631159,18.739379899953356],[40.999054430146806,18.6975739831334],[41.000049796286376,18.683904299964077],[41.00741913098129,18.64358200280517],[41.02329892111845,18.605547669291706],[41.02965529626133,18.59395972410249],[41.05790208983135,18.55589633410946],[41.07529777514777,18.51918426755337],[41.10487602109848,18.474028465407745],[41.112934213352204,18.4647598939945],[41.14073327014382,18.438287807085302],[41.15114612589275,18.43007748889453],[41.17525435897958,18.413654245479847],[41.186314021967426,18.407191566467503],[41.222282708407405,18.390432608144078],[41.229488805794034,18.387851822134376],[41.23196991131899,18.385680105818913],[41.23231606788444,18.38504719196046],[41.23554725100132,18.362483995212997],[41.237754381274414,18.35398337090149],[41.239170238706194,18.349277745259368],[41.24316494714379,18.324951909698708],[41.2532755389075,18.28757159944237],[41.257845029557096,18.275615959070112],[41.26353914069938,18.264930559126345],[41.2648714097391,18.24645056065471],[41.27501892973179,18.209902430997996],[41.28742695115917,18.185341943455335],[41.2976157980093,18.15120410379398],[41.31545410674167,18.117479279326595],[41.339645822522314,18.087565049576952],[41.3584341592566,18.071717407222092],[41.36800716928542,18.05995698336125],[41.393631513711746,18.03839956941417],[41.40080695514211,18.016531676836216],[41.410558977593816,18],[41.63695079701314,18],[41.63688183,17.9996978],[41.63707507,17.99929655],[41.63872516,17.99702191],[41.64395845,17.99190462],[41.64793265,17.98992062],[41.65079308,17.98998678],[41.6513015,17.99026966],[41.65401113,17.99539292],[41.65427804,17.99567366],[41.6599268923069,18],[41.6701326762336,18],[41.67014396,17.99939621],[41.67198491,17.99735332],[41.67094302,17.99415195],[41.67175484,17.99129927],[41.67037654,17.99044204],[41.66799712,17.99143505],[41.66825473,17.98925495],[41.66737926,17.98858905],[41.66159427,17.98685741],[41.66118276,17.98172891],[41.66355455,17.97758627],[41.66687691,17.97513831],[41.67144683990623,17.97609084497594],[41.670909,17.977525],[41.672374,17.990139],[41.675304,18.001288],[41.673676,18.009263],[41.660899,18.012356],[41.653575,18.015326],[41.65211,18.02265],[41.652599,18.03144],[41.651052,18.039008],[41.608897,18.075181],[41.593516,18.095893],[41.60255,18.114691],[41.585134,18.135403],[41.577973,18.146389],[41.575206,18.15941],[41.570811,18.165188],[41.562022,18.168158],[41.556407,18.174302],[41.561046,18.189846],[41.540701,18.191881],[41.521332,18.196682],[41.524181,18.200995],[41.525727,18.204291],[41.528087,18.20718],[41.533702,18.210354],[41.527517,18.222317],[41.518565,18.227973],[41.507172,18.228258],[41.493337,18.223944],[41.499766,18.233344],[41.504649,18.242987],[41.505626,18.251776],[41.500173,18.258734],[41.506358,18.272203],[41.500499,18.278998],[41.487641,18.280829],[41.472179,18.279202],[41.475352,18.292873],[41.472016,18.311957],[41.46461,18.330959],[41.455414,18.344062],[41.450857,18.356024],[41.444672,18.393988],[41.441905,18.402086],[41.439708,18.41059],[41.438162,18.464179],[41.435802,18.469957],[41.432953,18.47427],[41.428396,18.476874],[41.421072,18.477769],[41.415782,18.481513],[41.41391,18.489976],[41.413341,18.499335],[41.411469,18.505764],[41.375255,18.529486],[41.369802,18.535834],[41.368175,18.546291],[41.363292,18.558661],[41.355724,18.569037],[41.34018,18.575629],[41.334321,18.580552],[41.329845,18.585435],[41.328298,18.587633],[41.322113,18.585639],[41.311697,18.575344],[41.307791,18.573432],[41.296886,18.577338],[41.285818,18.583808],[41.275401,18.592027],[41.267345,18.601304],[41.240571,18.657945],[41.229259,18.673326],[41.216563,18.686347],[41.210216,18.697943],[41.209239,18.711615],[41.212169,18.731024],[41.236013,18.796617],[41.239513,18.817043],[41.242524,18.824897],[41.247813,18.828437],[41.249034,18.834174],[41.239513,18.848334],[41.235362,18.849107],[41.213227,18.860419],[41.212169,18.862006],[41.171235,18.871649],[41.160899,18.902981],[41.16033,18.908881],[41.140961,18.933295],[41.136485,18.93651],[41.135753,18.946926],[41.137218,18.957709],[41.143321,18.977484],[41.148204,18.988471],[41.153087,18.996039],[41.156749,19.003852],[41.158865,19.022162],[41.163748,19.042955],[41.176524,19.067369],[41.167817,19.082221],[41.149425,19.093736],[41.129649,19.10163],[41.086436,19.113593],[41.068614,19.125393],[41.05836,19.152981],[41.0442,19.17414],[41.040212,19.183539],[41.040701,19.194648],[41.048188,19.217719],[41.047537,19.227444],[41.041677,19.245754],[41.040212,19.255845],[41.036143,19.264553],[41.017833,19.273993],[41.01352,19.282864],[41.009125,19.304023],[40.998302,19.314927],[40.982921,19.322699],[40.955903,19.343329],[40.957693,19.346422],[40.958995,19.358588],[40.956716,19.368638],[40.946951,19.384182],[40.944672,19.392727],[40.943126,19.403306],[40.937673,19.419379],[40.938324,19.430569],[40.945079,19.44066],[40.954356,19.448676],[40.959239,19.456],[40.952159,19.464057],[40.9546,19.474799],[40.952485,19.485256],[40.946951,19.49372],[40.944672,19.505683],[40.859141,19.534491],[40.83546,19.546617],[40.784679,19.59634],[40.760427,19.60871],[40.760427,19.614936],[40.771251,19.613511],[40.794444,19.601264],[40.800629,19.642239],[40.798025,19.692328],[40.790863,19.714057],[40.744884,19.777004],[40.725434,19.789252],[40.674001,19.794989],[40.654063,19.794338],[40.64503,19.784735],[40.656586,19.759508],[40.641612,19.771226],[40.628673,19.792141],[40.620372,19.812079],[40.619477,19.82099],[40.605154,19.829535],[40.564464,19.885891],[40.533539,19.903998],[40.527029,19.910346],[40.528005,19.917548],[40.540538,19.943915],[40.534516,19.961819],[40.522634,19.97248],[40.492198,19.984849],[40.4546,20.006578],[40.445567,20.009711],[40.436371,20.023342],[40.427582,20.026435],[40.418468,20.031195],[40.393565,20.064276],[40.385509,20.068101],[40.36085,20.07392],[40.352224,20.074856],[40.333751,20.079535],[40.313487,20.090725],[40.267833,20.125312],[40.232107,20.16356],[40.23878,20.178046],[40.221853,20.189032],[40.195649,20.19599],[40.164806,20.200385],[40.158946,20.20539],[40.149587,20.218207],[40.133962,20.231513],[40.125011,20.241116],[40.125987,20.245551],[40.115571,20.251654],[40.083832,20.279242],[40.067638,20.286526],[40.045177,20.286119],[40.020356,20.28205],[40.000336,20.275133],[39.991954,20.266669],[39.968028,20.275092],[39.925304,20.299384],[39.903087,20.308254],[39.904307,20.295559],[39.910167,20.288479],[39.918305,20.283515],[39.926606,20.276842],[39.931407,20.274726],[39.941091,20.268541],[39.947113,20.262152],[39.940684,20.259182],[39.923188,20.263577],[39.825369,20.320054],[39.81129,20.331488],[39.798188,20.337388],[39.778331,20.342719],[39.760102,20.350816],[39.74464,20.381171],[39.727387,20.396918],[39.673595,20.436225],[39.646495,20.461575],[39.587087,20.552151],[39.567393,20.567694],[39.567393,20.575141],[39.577403,20.57453],[39.585297,20.575873],[39.591075,20.580268],[39.594737,20.588772],[39.579356,20.591376],[39.566661,20.598293],[39.543468,20.619208],[39.536957,20.630276],[39.531016,20.659491],[39.526378,20.670722],[39.492931,20.706244],[39.489919,20.722886],[39.506033,20.746405],[39.471365,20.757473],[39.45753,20.759467],[39.459972,20.751654],[39.46461,20.746039],[39.470714,20.742011],[39.477875,20.738959],[39.458263,20.744859],[39.43629,20.756659],[39.423188,20.771715],[39.430186,20.787421],[39.420909,20.791693],[39.416759,20.797756],[39.417654,20.805325],[39.42335,20.814114],[39.427745,20.806383],[39.435395,20.800767],[39.445567,20.796861],[39.45753,20.794257],[39.452647,20.806138],[39.451182,20.811591],[39.450694,20.817816],[39.448741,20.827297],[39.444021,20.827623],[39.437266,20.825751],[39.430186,20.828355],[39.416759,20.846503],[39.411306,20.846869],[39.409679,20.828355],[39.388357,20.841132],[39.359711,20.862616],[39.339122,20.887437],[39.340831,20.910305],[39.344981,20.905178],[39.35255,20.898912],[39.35963,20.896715],[39.361827,20.90351],[39.358409,20.915351],[39.352794,20.919867],[39.34547,20.922187],[39.337413,20.927395],[39.32781,20.93183],[39.317393,20.930121],[39.306814,20.926093],[39.29713,20.923977],[39.296886,20.927965],[39.268728,20.968573],[39.26238,20.983059],[39.259532,20.999823],[39.258962,21.023871],[39.255707,21.032945],[39.242035,21.041693],[39.239024,21.05093],[39.237804,21.062893],[39.23406,21.067206],[39.22755,21.069281],[39.185395,21.097235],[39.174327,21.108873],[39.167979,21.136298],[39.158702,21.155911],[39.156505,21.167548],[39.158702,21.172593],[39.168224,21.185289],[39.170177,21.191474],[39.163259,21.205878],[39.125743,21.260403],[39.11199,21.268215],[39.08074,21.315009],[39.159923,21.379828],[39.171072,21.40412],[39.172374,21.436021],[39.164724,21.464911],[39.149669,21.480129],[39.149669,21.485663],[39.160411,21.494452],[39.158946,21.507799],[39.142751,21.54092],[39.130056,21.519599],[39.119802,21.516913],[39.110362,21.528144],[39.101248,21.548407],[39.108653,21.554592],[39.092296,21.576565],[39.088715,21.605862],[39.09018,21.63703],[39.088145,21.664455],[39.077403,21.691555],[39.079356,21.706366],[39.098155,21.712836],[39.103526,21.718573],[39.108572,21.732123],[39.10906,21.747789],[39.101248,21.759996],[39.093598,21.739163],[39.08839,21.730455],[39.08074,21.725816],[39.066742,21.725246],[39.063487,21.730048],[39.063731,21.737942],[39.060313,21.746405],[39.053884,21.751858],[39.04949,21.754828],[39.045421,21.758734],[39.040375,21.766832],[39.037364,21.776068],[39.035899,21.792629],[39.03297,21.800971],[39.031016,21.801459],[39.019298,21.807807],[39.017263,21.811184],[39.014496,21.818752],[39.012462,21.822089],[38.978554,21.862074],[38.949598,21.921916],[38.931254,22.006073],[38.932655,22.025186],[38.959144,22.034443],[38.986214,22.002239],[39.005693,22.002005],[39.01002,22.024115],[39.01002,22.043606],[39.012462,22.054267],[39.016612,22.058092],[39.03004,22.067084],[39.03297,22.072211],[39.035004,22.091132],[39.044444,22.130805],[39.046641,22.151068],[39.040375,22.151068],[39.026134,22.116889],[39.019298,22.131578],[39.022716,22.142483],[39.029307,22.153225],[39.03297,22.167792],[39.03297,22.208808],[39.040375,22.235785],[39.073253,22.271145],[39.083507,22.313544],[39.090587,22.323391],[39.09962,22.331732],[39.108653,22.342231],[39.122325,22.370185],[39.139496,22.386379],[39.142751,22.390611],[39.142751,22.403225],[39.13738,22.4147],[39.127615,22.42121],[39.114919,22.418606],[39.108165,22.408922],[39.101248,22.380439],[39.0948,22.370183],[39.070256,22.365828],[39.069227,22.39449],[39.082071,22.436285],[39.07422,22.490973],[39.081517,22.546792],[39.073988,22.574175],[39.066254,22.587551],[39.038585,22.622707],[39.012462,22.678656],[38.993012,22.708564],[38.985688,22.72427],[38.988292,22.736396],[39.014659,22.758979],[39.013031,22.766791],[38.965017,22.816311],[38.945486,22.831204],[38.936778,22.826361],[38.94044,22.820787],[38.958018,22.803616],[38.964692,22.794664],[38.967947,22.784003],[38.969005,22.77383],[38.971446,22.763861],[38.978282,22.75373],[38.970876,22.746894],[38.957714,22.774961],[38.929852,22.815018],[38.902599,22.843166],[38.851001,22.929721],[38.851175,22.943275],[38.880407,22.928494],[38.912852,22.861965],[38.930512,22.856757],[38.941417,22.850531],[38.95102,22.851955],[38.958832,22.859117],[38.964692,22.870429],[38.954275,22.881903],[38.937348,22.912095],[38.926931,22.918199],[38.919607,22.921088],[38.911469,22.928453],[38.905284,22.938463],[38.902599,22.949286],[38.893891,22.965155],[38.873871,22.972805],[38.851085,22.977973],[38.834321,22.986518],[38.81422,22.982733],[38.799571,22.998684],[38.779063,23.041164],[38.790212,23.051337],[38.798676,23.064643],[38.804373,23.07925],[38.806407,23.093248],[38.803928,23.121856],[38.799213,23.137263],[38.79835,23.149604],[38.78666,23.154558],[38.777619,23.139292],[38.765115,23.161101],[38.747689,23.182957],[38.729259,23.216254],[38.711436,23.235745],[38.703949,23.257758],[38.691713,23.27296],[38.688918,23.28654],[38.680254,23.303795],[38.680417,23.318251],[38.672869,23.348151],[38.659331,23.37179],[38.646537,23.400726],[38.64087,23.440074],[38.637113,23.468169],[38.631244,23.490047],[38.628917,23.50788],[38.612153,23.524319],[38.604747,23.535386],[38.601573,23.551947],[38.600175,23.568249],[38.577891,23.556627],[38.568044,23.562486],[38.559906,23.562486],[38.560883,23.545722],[38.570323,23.536933],[38.59547,23.528388],[38.59547,23.52147],[38.562022,23.524359],[38.540064,23.543245],[38.539223,23.591869],[38.494849,23.644635],[38.471365,23.713324],[38.464366,23.73607],[38.459972,23.76081],[38.452647,23.784003],[38.437022,23.802069],[38.427094,23.806708],[38.41627,23.808905],[38.399571,23.814086],[38.390126,23.824131],[38.385493,23.838504],[38.377481,23.856017],[38.365348,23.870448],[38.348888,23.87519],[38.332707,23.879426],[38.319133,23.886385],[38.309337,23.893378],[38.299563,23.910222],[38.283338,23.9278],[38.275401,23.933824],[38.258906,23.944819],[38.238469,23.950583],[38.22209,23.952574],[38.198281,23.967098],[38.185356,23.975929],[38.165641,23.992923],[38.146636,24.014909],[38.126179,24.029428],[38.109117,24.043892],[38.079135,24.070388],[38.071069,24.07408],[38.062881,24.076006],[38.053968,24.072323],[38.045729,24.06739],[38.023204,24.08161],[38.007579,24.093085],[37.966416,24.117094],[37.935321,24.139007],[37.941124,24.150951],[37.958421,24.162076],[37.983072,24.165664],[37.97326,24.174709],[37.958457,24.170309],[37.93953,24.161441],[37.9322,24.174211],[37.943772,24.191356],[37.94795,24.207047],[37.937292,24.21085],[37.93069,24.203406],[37.918366,24.201232],[37.912577,24.191538],[37.918299,24.186267],[37.921542,24.177268],[37.923126,24.164534],[37.923905,24.155547],[37.918133,24.149593],[37.89601,24.157208],[37.865634,24.149888],[37.82016,24.181708],[37.806407,24.193264],[37.767589,24.221393],[37.758661,24.241612],[37.745585,24.249884],[37.728407,24.257422],[37.710413,24.266457],[37.695712,24.279213],[37.676091,24.291236],[37.652322,24.290566],[37.640961,24.291693],[37.625987,24.28144],[37.622735,24.268237],[37.628394,24.24804],[37.585775,24.246662],[37.575174,24.261637],[37.545706,24.274411],[37.52272,24.267732],[37.500636,24.2887],[37.48675,24.311147],[37.464661,24.339588],[37.429403,24.367307],[37.417958,24.400966],[37.427854,24.421132],[37.435246,24.418874],[37.454954,24.406871],[37.463208,24.422546],[37.456669,24.441249],[37.31923,24.624239],[37.25766,24.702338],[37.228526,24.737698],[37.227061,24.765367],[37.230479,24.772691],[37.231293,24.78262],[37.230317,24.792548],[37.227061,24.799547],[37.219737,24.802802],[37.206798,24.791002],[37.1963,24.789618],[37.178722,24.799384],[37.165782,24.815497],[37.148611,24.85102],[37.174083,24.850572],[37.196544,24.847235],[37.218923,24.846625],[37.244151,24.854438],[37.256602,24.871243],[37.258067,24.92178],[37.279959,24.964097],[37.277029,24.98664],[37.257823,25.028551],[37.251475,25.052558],[37.257823,25.111477],[37.256033,25.134101],[37.250743,25.155463],[37.242198,25.175279],[37.230479,25.193671],[37.211681,25.21426],[37.200206,25.224189],[37.189464,25.231187],[37.180024,25.239081],[37.170665,25.257799],[37.162283,25.265692],[37.142345,25.279771],[37.122569,25.299547],[37.105317,25.32217],[37.093272,25.344468],[37.090994,25.354397],[37.088878,25.376776],[37.086436,25.385443],[37.079845,25.394599],[37.064626,25.409735],[37.059825,25.419623],[37.077403,25.431057],[37.062673,25.453681],[37.01824,25.494696],[37.01059,25.507392],[36.994477,25.549954],[36.989268,25.556952],[36.975597,25.565131],[36.970388,25.570461],[36.969005,25.576158],[36.969981,25.588568],[36.96697,25.594306],[36.958263,25.60635],[36.944102,25.635199],[36.93629,25.646145],[36.923513,25.654771],[36.894298,25.665595],[36.881602,25.672838],[36.842296,25.729804],[36.817393,25.757961],[36.795665,25.759467],[36.793712,25.748277],[36.800466,25.736721],[36.803966,25.726793],[36.792247,25.720608],[36.779552,25.724066],[36.748871,25.743883],[36.733897,25.748521],[36.724946,25.753892],[36.702322,25.779975],[36.696056,25.789537],[36.694835,25.7956],[36.696056,25.817125],[36.693858,25.822903],[36.681814,25.825588],[36.675629,25.830512],[36.663422,25.855658],[36.66212,25.879096],[36.671641,25.901435],[36.692638,25.923285],[36.705821,25.943752],[36.709483,25.971137],[36.705577,25.999335],[36.696056,26.022284],[36.672374,26.045233],[36.640636,26.060207],[36.605642,26.068264],[36.57252,26.070705],[36.536632,26.082424],[36.512706,26.110989],[36.449229,26.246894],[36.42628,26.281806],[36.382823,26.33454],[36.30893,26.498236],[36.229828,26.625556],[36.18214,26.680243],[36.124197,26.726752],[36.097667,26.753974],[36.081879,26.797268],[36.051768,26.844672],[36.031993,26.906806],[36.013927,26.90233],[36.000255,26.91352],[35.976736,26.94774],[35.911876,26.999579],[35.831716,27.092719],[35.803071,27.142076],[35.799815,27.150092],[35.798595,27.15998],[35.800792,27.168158],[35.810557,27.18244],[35.812836,27.191067],[35.807953,27.20307],[35.784028,27.2355],[35.699962,27.324774],[35.652599,27.353827],[35.640391,27.363471],[35.61671,27.389635],[35.589854,27.4289],[35.559581,27.455634],[35.521495,27.518459],[35.510509,27.544176],[35.506847,27.564439],[35.506196,27.600531],[35.500255,27.61933],[35.491954,27.632392],[35.458995,27.663398],[35.440766,27.690253],[35.41505,27.75137],[35.394379,27.777004],[35.384939,27.78262],[35.364757,27.7897],[35.356944,27.794379],[35.351329,27.801418],[35.346853,27.815009],[35.336762,27.833686],[35.332367,27.862209],[35.322765,27.876288],[35.271007,27.927802],[35.255219,27.952786],[35.245616,27.962348],[35.229991,27.968736],[35.181488,28.002916],[35.181488,27.996039],[35.174653,27.996039],[35.163585,28.009345],[35.176524,28.019477],[35.199067,28.028225],[35.216319,28.037665],[35.226899,28.033149],[35.225841,28.038764],[35.216319,28.054389],[35.210297,28.056586],[35.182628,28.061916],[35.174653,28.065009],[35.167817,28.065009],[35.167817,28.058173],[35.161794,28.058173],[35.157725,28.064358],[35.151866,28.071031],[35.144786,28.076402],[35.137218,28.078599],[35.119395,28.077948],[35.110362,28.078925],[35.098643,28.089748],[35.051931,28.119574],[35.042003,28.113023],[35.030284,28.113471],[35.019705,28.113471],[35.022472,28.107856],[35.026215,28.102973],[35.030772,28.099107],[35.020681,28.103746],[35.009532,28.110541],[34.997895,28.114203],[34.986013,28.10932],[34.975841,28.10342],[34.945486,28.095364],[34.937266,28.091254],[34.931326,28.086005],[34.927745,28.078599],[34.920909,28.078599],[34.920909,28.085435],[34.914073,28.085435],[34.90089,28.082261],[34.880626,28.085639],[34.860199,28.085395],[34.846446,28.071194],[34.843761,28.076321],[34.842947,28.076402],[34.838878,28.078599],[34.838878,28.085435],[34.846446,28.085435],[34.846446,28.092922],[34.842621,28.09984],[34.847667,28.105536],[34.856944,28.109849],[34.866222,28.112779],[34.8567,28.116441],[34.847016,28.117621],[34.836762,28.116278],[34.825369,28.112779],[34.825369,28.105902],[34.832774,28.105902],[34.832774,28.099107],[34.821625,28.095771],[34.814301,28.088935],[34.804861,28.071194],[34.801768,28.075385],[34.798676,28.076809],[34.795258,28.077297],[34.791759,28.078599],[34.795746,28.084621],[34.801606,28.090399],[34.809418,28.095404],[34.819102,28.099107],[34.818533,28.102932],[34.81837,28.107123],[34.819102,28.112779],[34.804942,28.113349],[34.793712,28.11107],[34.786469,28.104722],[34.784434,28.092922],[34.778982,28.095771],[34.777354,28.096177],[34.77589,28.094957],[34.770763,28.092922],[34.770356,28.096137],[34.770844,28.102729],[34.770763,28.105902],[34.764985,28.105902],[34.764985,28.099107],[34.757009,28.099107],[34.751964,28.107611],[34.747325,28.112006],[34.742442,28.111558],[34.736583,28.105902],[34.727387,28.112128],[34.725108,28.115058],[34.718923,28.123033],[34.715343,28.127631],[34.709239,28.140082],[34.706309,28.1376],[34.702485,28.134996],[34.698497,28.131537],[34.694998,28.126451],[34.681977,28.135159],[34.678396,28.130764],[34.677745,28.120795],[34.674571,28.112779],[34.667003,28.10871],[34.653575,28.103583],[34.647146,28.099107],[34.647146,28.092922],[34.668305,28.078599],[34.668305,28.071194],[34.661794,28.070787],[34.658946,28.069159],[34.657481,28.066962],[34.655284,28.065009],[34.647146,28.071194],[34.642345,28.054592],[34.641449,28.041693],[34.63502,28.033271],[34.613048,28.030219],[34.614757,28.03498],[34.615733,28.035712],[34.617361,28.035468],[34.620453,28.037665],[34.613048,28.044501],[34.608653,28.058824],[34.6067,28.071845],[34.606212,28.096015],[34.598888,28.103258],[34.574392,28.094062],[34.578868,28.105902],[34.572765,28.112779],[34.587413,28.131822],[34.596934,28.138902],[34.605642,28.142564],[34.606212,28.147528],[34.612478,28.150336],[34.620942,28.157375],[34.62672,28.160549],[34.620453,28.167385],[34.623383,28.172675],[34.627126,28.176663],[34.632498,28.179389],[34.64031,28.181057],[34.64031,28.176418],[34.638031,28.175442],[34.635265,28.175727],[34.633474,28.174872],[34.643403,28.170233],[34.651703,28.167792],[34.657725,28.170559],[34.660899,28.181057],[34.655284,28.181057],[34.655284,28.187893],[34.648123,28.194241],[34.649587,28.200873],[34.657237,28.206285],[34.668305,28.20897],[34.668305,28.215766],[34.664887,28.224514],[34.674571,28.270453],[34.678396,28.268459],[34.685313,28.265937],[34.688731,28.263617],[34.688243,28.266791],[34.688731,28.277289],[34.682953,28.27383],[34.680431,28.271674],[34.674571,28.277248],[34.694672,28.29442],[34.715017,28.32746],[34.730479,28.363593],[34.741059,28.41059],[34.76059,28.436591],[34.767914,28.466457],[34.775076,28.483344],[34.803775,28.527133],[34.796173,28.572185],[34.793432,28.619434],[34.77847,28.6645],[34.796886,28.725816],[34.809825,28.757961],[34.825369,28.784369],[34.825369,28.790595],[34.819102,28.790595],[34.836111,28.816474],[34.838552,28.828559],[34.832774,28.839586],[34.832774,28.845852],[34.844086,28.87641],[34.84197,28.889635],[34.825369,28.894232],[34.825369,28.900377],[34.840099,28.922431],[34.856293,28.963813],[34.86378,29.006252],[34.85255,29.031399],[34.85255,29.045071],[34.864024,29.063666],[34.873546,29.085273],[34.893565,29.17475],[34.898204,29.18773],[34.909353,29.21015],[34.907888,29.216376],[34.909353,29.230658],[34.918956,29.239081],[34.942068,29.250474],[34.935232,29.267279],[34.932628,29.289252],[34.936371,29.30386],[34.94809,29.298285],[34.949229,29.3015],[34.949392,29.304267],[34.950694,29.305732],[34.955577,29.305121],[34.948009,29.319973],[34.945323,29.3369],[34.949385,29.351686],[34.962413,29.359768],[34.969005,29.450832],[34.976085,29.477037],[34.98827389099526,29.5],[34.915720859853785,29.5],[34.914073,29.493801],[34.910818,29.489936],[34.903005,29.489691],[34.893728,29.490546],[34.886729,29.490058],[34.875336,29.484809],[34.866873,29.479193],[34.859711,29.472154],[34.85255,29.462795],[34.847016,29.451117],[34.843761,29.440823],[34.838145,29.432929],[34.825369,29.428616],[34.828868,29.42772],[34.831716,29.427639],[34.833263,29.426174],[34.832774,29.421129],[34.824229,29.417385],[34.817638,29.412177],[34.815196,29.406399],[34.819102,29.400702],[34.809581,29.399115],[34.805186,29.39643],[34.805919,29.392564],[34.812266,29.387641],[34.800629,29.377875],[34.777599,29.346096],[34.772716,29.341864],[34.761974,29.336859],[34.757009,29.333075],[34.75294,29.327094],[34.749766,29.321194],[34.744965,29.315823],[34.736583,29.311265],[34.736583,29.305121],[34.745291,29.291327],[34.741954,29.277004],[34.734141,29.263129],[34.729015,29.250474],[34.729015,29.19892],[34.723643,29.186672],[34.712087,29.177436],[34.700369,29.170356],[34.694998,29.164496],[34.693858,29.150458],[34.690115,29.134467],[34.683849,29.119045],[34.674571,29.106513],[34.677013,29.094916],[34.674571,29.03441],[34.676606,29.024807],[34.686534,29.012437],[34.688731,29.000393],[34.68572,28.988674],[34.678233,28.98314],[34.669119,28.98017],[34.646739,28.967434],[34.64324,28.962063],[34.64031,28.948798],[34.640961,28.942694],[34.646007,28.922349],[34.647146,28.86286],[34.620453,28.845852],[34.620453,28.839586],[34.623383,28.830552],[34.626313,28.816962],[34.626313,28.802395],[34.620453,28.790595],[34.624034,28.787055],[34.627289,28.782538],[34.633474,28.770697],[34.62436,28.765326],[34.622813,28.759833],[34.625011,28.75373],[34.62672,28.746487],[34.624522,28.735989],[34.619884,28.729193],[34.615245,28.724189],[34.613048,28.719184],[34.607677,28.701483],[34.584239,28.672349],[34.570323,28.626166],[34.55952177510498,28.61180081688817],[34.56003143228591,28.609539885590767],[34.56763589984943,28.58677348529249],[34.568874540228364,28.566142751181257],[34.56189915209974,28.553058799855084],[34.55476793637528,28.536164214321165],[34.547615832732255,28.51453961236999],[34.530698731429645,28.486328788768812],[34.5181977409174,28.449607815921265],[34.51128538602883,28.418621295762616],[34.50867051103247,28.41248188016417],[34.48767307465712,28.39064922794467],[34.466495931886534,28.357196362011255],[34.4530528379033,28.320782060030247],[34.45057978099845,28.302760629065613],[34.45038190661134,28.301812858501176],[34.448102846799465,28.29937997192789],[34.427141611675374,28.270654831961338],[34.41785583639392,28.26154697111029],[34.420584,28.256171],[34.420584,28.249945],[34.412934,28.23314],[34.421153,28.218166],[34.434337,28.204413],[34.443126,28.1883],[34.452485,28.180365],[34.455333,28.174872],[34.455251,28.167467],[34.452647,28.163235],[34.449962,28.160346],[34.448578,28.157172],[34.447765,28.14468],[34.438639,28.109557],[34.426753,28.081544],[34.444027,28.053541],[34.427419,27.983059],[34.434906,27.975572],[34.408865,27.972113],[34.400727,27.968736],[34.399467213138976,27.966546951002787]],[[34.489513,27.996039],[34.493012,28.0008],[34.494395,28.001776],[34.494477,28.001654],[34.496349,27.996039],[34.49643,27.996202],[34.500011,28.003811],[34.504893,28.009914],[34.510753,28.014146],[34.517345,28.016547],[34.517426,28.016506],[34.534841,28.008246],[34.540538,28.003119],[34.5442,27.996039],[34.51824,27.99136],[34.506847,27.986233],[34.503184,27.975572],[34.507904,27.971177],[34.511892,27.967475],[34.528819,27.965888],[34.557953,27.97016],[34.570567,27.974107],[34.572765,27.972154],[34.57488,27.972113],[34.5796,27.965522],[34.583995,27.957953],[34.585134,27.955146],[34.585216,27.955064],[34.601329,27.942613],[34.620453,27.927802],[34.620453,27.920356],[34.582205,27.917914],[34.547211,27.919664],[34.518077,27.930406],[34.498139,27.953111],[34.496349,27.955146],[34.497813,27.968736],[34.494395,27.988227],[34.489513,27.996039]],[[34.661786,27.930218],[34.681773,27.958703],[34.731882,27.957141],[34.732162,27.918943],[34.704695,27.908368],[34.681039,27.915174],[34.661786,27.930218]],[[36.491466,25.645087],[36.499685,25.662543],[36.524425,25.685777],[36.53533,25.698147],[36.54363,25.702867],[36.545258,25.696479],[36.539399,25.684963],[36.522634,25.662177],[36.523936,25.652899],[36.531016,25.644599],[36.537934,25.639838],[36.543956,25.639635],[36.548839,25.637844],[36.553966,25.631334],[36.562022,25.627183],[36.570323,25.624457],[36.596202,25.600246],[36.609386,25.591539],[36.622895,25.590522],[36.631114,25.592434],[36.6338,25.589993],[36.634532,25.582913],[36.63795,25.574612],[36.647146,25.57095],[36.655935,25.571845],[36.6574,25.572577],[36.654145,25.573717],[36.654796,25.57807],[36.659434,25.582099],[36.667735,25.581],[36.683116,25.572333],[36.681977,25.566352],[36.676036,25.554755],[36.667654,25.54975],[36.660981,25.552802],[36.647797,25.561469],[36.567719,25.598456],[36.546072,25.603217],[36.539399,25.589179],[36.52947,25.593817],[36.510509,25.610419],[36.497732,25.623969],[36.491466,25.645087]],[[36.54005,25.760484],[36.542491,25.801947],[36.558442,25.836371],[36.583669,25.857896],[36.590831,25.860541],[36.577485,25.848578],[36.56658,25.832994],[36.55836,25.815823],[36.555431,25.796332],[36.564138,25.778795],[36.583263,25.762274],[36.590831,25.759345],[36.59783,25.758368],[36.597341,25.751695],[36.588715,25.738511],[36.58546,25.725491],[36.586681,25.719794],[36.58839,25.71426],[36.596039,25.708889],[36.607595,25.711249],[36.611095,25.709459],[36.605642,25.701117],[36.595551,25.696601],[36.583018,25.698676],[36.562999,25.713284],[36.551768,25.719794],[36.544281,25.73135],[36.542735,25.739325],[36.54005,25.760484]],[[36.681163,25.544135],[36.681407,25.553453],[36.691254,25.567206],[36.706798,25.571234],[36.725597,25.565172],[36.775076,25.535386],[36.78061,25.527737],[36.785818,25.516018],[36.801036,25.507636],[36.816661,25.502387],[36.839041,25.489936],[36.874522,25.463324],[36.883311,25.454332],[36.881847,25.450751],[36.87794,25.447699],[36.879161,25.443345],[36.87379,25.44595],[36.858409,25.456855],[36.845063,25.464423],[36.834809,25.466742],[36.83074,25.47309],[36.82545,25.484117],[36.816173,25.488267],[36.809744,25.485785],[36.800629,25.488471],[36.790212,25.49787],[36.78061,25.504381],[36.77589,25.50552],[36.771332,25.507066],[36.765961,25.514228],[36.765391,25.524237],[36.756521,25.527004],[36.742524,25.529202],[36.739919,25.532701],[36.743988,25.53144],[36.742931,25.535875],[36.734386,25.546617],[36.719249,25.55565],[36.701345,25.554674],[36.693207,25.550198],[36.688813,25.546373],[36.681163,25.544135]],[[36.776134,25.489163],[36.776541,25.496405],[36.78712,25.494086],[36.796886,25.486558],[36.815196,25.465888],[36.823741,25.459866],[36.842052,25.450751],[36.877126,25.436957],[36.893891,25.432929],[36.906423,25.431627],[36.915701,25.426703],[36.920258,25.419582],[36.899425,25.41885],[36.896332,25.405951],[36.904307,25.39411],[36.91627,25.396877],[36.928477,25.409125],[36.942149,25.418362],[36.958344,25.419013],[36.961436,25.414496],[36.943126,25.405504],[36.935395,25.39997],[36.924815,25.389106],[36.914806,25.370917],[36.89975,25.361029],[36.878673,25.373725],[36.859711,25.39289],[36.841482,25.405951],[36.80128,25.444892],[36.798676,25.447414],[36.795095,25.453274],[36.795095,25.456977],[36.797048,25.45661],[36.799083,25.458686],[36.797211,25.464504],[36.787608,25.474433],[36.776134,25.489163]],[[36.826996,25.547187],[36.828949,25.561347],[36.841319,25.570014],[36.855642,25.568305],[36.866547,25.557522],[36.866059,25.545885],[36.855479,25.536689],[36.849376,25.533026],[36.839854,25.535834],[36.826996,25.547187]],[[36.898123,25.584052],[36.898204,25.595445],[36.904633,25.603176],[36.914399,25.606635],[36.923025,25.602851],[36.927745,25.593085],[36.928396,25.583808],[36.925792,25.576565],[36.921153,25.576239],[36.91505,25.580552],[36.91391,25.578803],[36.916515,25.571438],[36.915863,25.56802],[36.913585,25.569159],[36.920421,25.555121],[36.927582,25.52851],[36.923188,25.519436],[36.911957,25.53498],[36.905447,25.53913],[36.900727,25.549302],[36.899425,25.577786],[36.898123,25.584052]],[[36.944347,25.448798],[36.951834,25.467515],[36.961436,25.477769],[36.973643,25.477851],[36.987478,25.47602],[36.999278,25.469428],[37.008962,25.449856],[37.015391,25.450588],[37.017589,25.457709],[37.021739,25.452786],[37.026866,25.419623],[37.037364,25.411811],[37.042328,25.407375],[37.04005,25.40644],[37.035655,25.408189],[37.028087,25.409329],[37.027192,25.405178],[37.031261,25.398749],[37.023285,25.399848],[37.003591,25.411526],[36.998546,25.422431],[37.000255,25.429185],[36.990571,25.430121],[36.978282,25.426947],[36.971446,25.435289],[36.966563,25.448961],[36.95753,25.448961],[36.946544,25.441881],[36.944347,25.448798]]],[[[41.56738675,16.875],[41.56942368,16.86866724],[41.56772363,16.86657858],[41.56800008,16.85867405],[41.56916523,16.85554111],[41.57582736,16.85122705],[41.57817733,16.84619665],[41.58396745,16.84361064],[41.58477235,16.84008765],[41.58978117,16.83943236],[41.58765113,16.8348211],[41.58337271,16.8340944],[41.58293045,16.83211613],[41.58402753,16.82970858],[41.59374654,16.82418942],[41.59762776,16.82015657],[41.60351062,16.81814015],[41.60784471,16.81441772],[41.61774957,16.81141424],[41.62729454,16.81089926],[41.63150728,16.81223917],[41.63212216,16.81354094],[41.62983274,16.81336594],[41.62771595,16.81546867],[41.62522697,16.82070386],[41.61976695,16.82291746],[41.6125617,16.83088183],[41.611045,16.83577812],[41.60528123,16.84247327],[41.60165703,16.85039461],[41.59597528,16.85647571],[41.59379351,16.86088681],[41.59234297,16.86130834],[41.59207737,16.86170983],[41.59089196,16.86584771],[41.58841193,16.86730254],[41.58675754,16.87098968],[41.58419096,16.8722738],[41.58311546,16.875],[41.5826143,16.875],[41.5767436,16.88294387],[41.57652926,16.88341892],[41.57383811,16.89509344],[41.57045972,16.89834607],[41.57001293,16.8986752],[41.56841135,16.89825356],[41.56767118,16.89753521],[41.56762564,16.89687908],[41.56938946,16.89102495],[41.56745565,16.875],[41.56738675,16.875]]],[[[41.58376348,16.88941503],[41.58581495,16.88655508],[41.58585155,16.8818413],[41.58830488,16.87561095],[41.58873606,16.875],[41.59007621,16.8742491],[41.59483266,16.86847603],[41.5974369,16.86267185],[41.60326755,16.85426235],[41.60698485,16.85141492],[41.60698485,16.84869266],[41.6123749,16.84244204],[41.61796618,16.8394016],[41.620579,16.83121407],[41.62284434,16.82957315],[41.62724614,16.82845128],[41.62797403,16.82852125],[41.62843275,16.82883644],[41.62817585,16.829988],[41.62478888,16.83146346],[41.62278795,16.83586967],[41.60558248,16.85839021],[41.59888267,16.86815715],[41.59753215,16.87038684],[41.59563994,16.875],[41.59514916,16.875],[41.5951184,16.87597644],[41.58827043,16.88634646],[41.58625746,16.89220417],[41.58574462,16.89252245],[41.58505106,16.89247274],[41.58451724,16.89194596],[41.58376348,16.88941503]]],[[[41.63806391,17.00267065],[41.63953245,17.00089693],[41.63830304,16.99963975],[41.64133334,16.99763823],[41.64401364,16.99919963],[41.64433563,16.99995625],[41.64378905,17.00127614],[41.64334571,17.00221002],[41.64163887,17.00241423],[41.64090502,17.00303257],[41.63861406,17.00337458],[41.63806391,17.00267065]]],[[[41.64108884,17.01327121],[41.64599884,17.01108074],[41.64687145,17.01093245],[41.65341485,17.01141512],[41.65450513,17.00989127],[41.65496135,17.00982225],[41.65653694,17.01035798],[41.65772867,17.01149952],[41.65991151,17.01607847],[41.65604353,17.01941323],[41.65559566,17.01963031],[41.65275955,17.01906896],[41.65104175,17.02071083],[41.64969778,17.01982641],[41.65054154,17.01730526],[41.64841175,17.01439536],[41.64565945,17.01356983],[41.64238131,17.01458073],[41.64108884,17.01327121]]],[[[41.65137541,16.91957402],[41.65198493,16.91854632],[41.65670311,16.91493738],[41.65983427,16.91401041],[41.66425824,16.90896034],[41.67365146,16.9017663],[41.67836487,16.89105356],[41.68424475,16.89144337],[41.68930817,16.89660132],[41.69206297,16.89792836],[41.69374895,16.89822078],[41.70061266,16.89975107],[41.70723534,16.89955354],[41.70767248,16.89997196],[41.70657313,16.90959334],[41.70780826,16.91279554],[41.71476376,16.91988444],[41.71839523,16.92072666],[41.71962035,16.92230046],[41.71959806,16.92371535],[41.71511412,16.92621481],[41.72341573,16.9273318],[41.72531307,16.92820561],[41.72697008,16.93030918],[41.72745872,16.9325211],[41.72381043,16.93302846],[41.7211647,16.9372102],[41.71740568,16.93798256],[41.71179986,16.94075465],[41.70954502,16.94342995],[41.70572197,16.94459796],[41.70499527,16.94971335],[41.70454252,16.95076024],[41.70180166,16.95442808],[41.70013738,16.95449555],[41.69732141,16.95569468],[41.68934774,16.96101344],[41.68575633,16.96230006],[41.68253601,16.96291971],[41.68141425,16.96140528],[41.6766535,16.96033835],[41.67534626,16.95936286],[41.67321062,16.95499372],[41.67142475,16.95411956],[41.66913915,16.94933605],[41.6639868,16.94570148],[41.66187716,16.94183445],[41.65949965,16.94054592],[41.65523136,16.93373323],[41.65498436,16.93310165],[41.65231693,16.92618978],[41.65141952,16.92299354],[41.65137541,16.91957402]]],[[[41.66888213,17.96106672],[41.67000973,17.95750976],[41.67027211,17.95689166],[41.67753494,17.94925904],[41.67784071,17.94901764],[41.68442404,17.94480526],[41.68567204,17.94412851],[41.69011581,17.94358492],[41.6917572,17.94157851],[41.69310611482082,17.941216501258236],[41.679547009286935,17.957797603093606],[41.6758219,17.95910633],[41.67461824,17.96104467],[41.67633772,17.96252525],[41.66981328,17.96368265],[41.66888213,17.96106672]]],[[[41.66979945,16.97353995],[41.66994667,16.97303092],[41.670349,16.97243035],[41.67429447,16.97237706],[41.67585588,16.97394562],[41.67642975,16.97527814],[41.67225385,16.97544634],[41.66979945,16.97353995]]],[[[41.67192493700142,17.97481599470337],[41.67192554,17.97116494],[41.67381522135719,17.96977553419768],[41.67192493700142,17.97481599470337]]],[[[41.68964887,17.89104295],[41.69050574,17.88952315],[41.69403875,17.88934851],[41.69500077,17.88754952],[41.69531095,17.88758564],[41.69625723,17.88966465],[41.69652355,17.89090061],[41.69459975,17.89282751],[41.69221055,17.89362276],[41.69128191,17.89372385],[41.69034565,17.89321375],[41.68965042,17.89225245],[41.68964887,17.89104295]]],[[[41.69505656,17.93403995],[41.69755125,17.93328488],[41.70026696,17.9302994],[41.702221979870416,17.930068930621893],[41.69684103287743,17.936649160404624],[41.69534874,17.93564856],[41.69505656,17.93403995]]],[[[41.71057284,16.91015697],[41.71274292,16.90502441],[41.71303356,16.90466571],[41.71395147,16.90463245],[41.71516907,16.90846813],[41.71798885,16.91007328],[41.72323573,16.90970814],[41.72798622,16.91266215],[41.73374271,16.91343856],[41.73522997,16.91399086],[41.73628664,16.91485441],[41.73721325,16.91611111],[41.737275,16.91683376],[41.73410952,16.91630936],[41.73285496,16.91761851],[41.73079562,16.91890395],[41.72979641,16.92281866],[41.72962463,16.92348933],[41.71701646,16.91643536],[41.71488941,16.91621804],[41.71061516,16.91314495],[41.71057284,16.91015697]]],[[[41.714813435975024,17.91467114384279],[41.71579647,17.91289902],[41.71692493149612,17.91208904709808],[41.714813435975024,17.91467114384279]]],[[[41.72153091,16.72915137],[41.7218374,16.7257719],[41.72688746,16.72201312],[41.74021876,16.70826018],[41.75659084,16.70236135],[41.75816846,16.69921875],[41.75852394,16.69921875],[41.75925136,16.69838154],[41.76420045,16.69835222],[41.77617681,16.69562101],[41.78452766,16.69452774],[41.79260313,16.69447744],[41.79642594,16.69259596],[41.80065882,16.69355535],[41.8047564,16.69295836],[41.80989695,16.69057262],[41.81332958,16.68562627],[41.81866515,16.68554497],[41.83031976,16.67902374],[41.83110261,16.67888904],[41.83284688,16.67936385],[41.83301735,16.67989898],[41.82892323,16.69100487],[41.82727134,16.69298303],[41.82574201,16.69418263],[41.81668866,16.69906676],[41.81188965,16.70154011],[41.79357874,16.71854782],[41.79486096,16.71945584],[41.79951143,16.71522665],[41.80426848,16.71528757],[41.80643165,16.71335244],[41.80798864,16.71523726],[41.81046605,16.71549237],[41.81059635,16.71575034],[41.80411184,16.72197807],[41.79998851,16.72483802],[41.79386735,16.7281816],[41.79352665,16.72831094],[41.78386676,16.73081458],[41.77713418,16.73211324],[41.76452422,16.73328841],[41.75222945,16.73681366],[41.74906504,16.73682976],[41.74382973,16.7385298],[41.7428478,16.73820162],[41.74336696,16.73702192],[41.74732566,16.73327351],[41.75232422,16.73011231],[41.7525388,16.72814453],[41.74678195,16.72898245],[41.74758601,16.73074675],[41.74512851,16.73431182],[41.73755407,16.73171222],[41.73730898,16.73032391],[41.73537242,16.73096871],[41.73381305,16.72982633],[41.73282087,16.73292887],[41.72578347,16.73056567],[41.72278476,16.73074436],[41.72153091,16.72915137]]],[[[41.72787952,16.79305065],[41.72958851,16.79225922],[41.73052907,16.79021156],[41.73429155,16.79039633],[41.73538315,16.78919494],[41.73801875,16.78981602],[41.74104047,16.7866044],[41.74561465,16.78671873],[41.74715376,16.78887701],[41.74864662,16.78756905],[41.75104845,16.78782177],[41.75219667,16.78628957],[41.75647426,16.78946376],[41.75674832,16.79457891],[41.75809383,16.79678082],[41.75809348,16.79752505],[41.75747013,16.79903615],[41.75718105,16.79925466],[41.75630248,16.79915547],[41.75544536,16.80228055],[41.75508451,16.80249155],[41.75162625,16.80248451],[41.75135255,16.80266285],[41.73792756,16.80716908],[41.73501253,16.80719864],[41.73443627,16.80677295],[41.73925245,16.80307913],[41.74059224,16.80060136],[41.73429191,16.80024195],[41.73302734,16.80336428],[41.73113942,16.80401695],[41.73267353,16.80038333],[41.72836602,16.79853225],[41.72787952,16.79305065]]],[[[41.73075974,16.64941394],[41.73652053,16.64875984],[41.73908806,16.64961052],[41.73901153,16.64987755],[41.73833346,16.65054071],[41.73801827,16.65072775],[41.7370398,16.64981842],[41.73075974,16.64941394]]],[[[41.73196733,16.92175543],[41.73199034,16.92132783],[41.73353422,16.92115295],[41.73404884,16.92139494],[41.73563838,16.92311215],[41.73590422,16.92412746],[41.73556292,16.92444921],[41.7337507,16.92351782],[41.73196733,16.92175543]]],[[[41.73735583,17.05540574],[41.73911381,17.05123687],[41.73965895,17.05078125],[41.74003017,17.05078125],[41.74157858,17.04993045],[41.75171578,17.04829955],[41.75439763,17.04834986],[41.7651931,17.04913664],[41.77005601,17.05078125],[41.77058482,17.05078125],[41.77292013,17.05245745],[41.77305937,17.05358434],[41.77268672,17.05455208],[41.76859105,17.06006324],[41.76285326,17.06029773],[41.7595067,17.06283486],[41.75636625,17.06204367],[41.74846542,17.06605423],[41.74460077,17.06502533],[41.74375856,17.06449831],[41.73823404,17.06008995],[41.73735583,17.05786455],[41.73735583,17.05540574]]],[[[41.74509871,16.91017365],[41.74540591,16.90879762],[41.74738932,16.90868151],[41.74955034,16.90992045],[41.75011361,16.9111613],[41.74978113,16.91146326],[41.74828327,16.91216385],[41.74509871,16.91017365]]],[[[41.74591756,16.90303481],[41.74629641,16.90251386],[41.74830234,16.90273821],[41.74870241,16.90132105],[41.74904013,16.90136194],[41.74987435,16.90320826],[41.74688411,16.90405285],[41.74591756,16.90303481]]],[[[41.74825466,17.00264907],[41.74840271,17.00235522],[41.74949765,17.00145733],[41.74981916,17.00145924],[41.75108254,17.00236023],[41.75089252,17.00276983],[41.74874854,17.00339556],[41.74825466,17.00264907]]],[[[41.75124025,16.89966595],[41.75238252,16.89830625],[41.75300145,16.89829445],[41.75408852,16.8988173],[41.75209165,16.90033066],[41.75172722,16.90037072],[41.75124025,16.89966595]]],[[[41.75445616,16.88962746],[41.75555873,16.87849093],[41.755624983039944,16.87836411955395],[41.755614,16.878387],[41.75681448381351,16.89306456722364],[41.75445616,16.88962746]]],[[[41.75449717,16.58861065],[41.75544894,16.58861375],[41.75844705,16.59112871],[41.75950384,16.59345376],[41.75545216,16.59057868],[41.75449717,16.58861065]]],[[[41.75910532,16.86787772],[41.76016665,16.86671376],[41.75921524,16.86459124],[41.762718972103684,16.863585548691272],[41.75917461925065,16.870969330838417],[41.75910532,16.86787772]]],[[[41.761771550594545,17.87556299205868],[41.76188385,17.8754189],[41.76515424,17.86869264],[41.77092731,17.86678553],[41.771310519206246,17.866488002179654],[41.761771550594545,17.87556299205868]]],[[[41.76665229753167,16.893808544568753],[41.767415516175895,16.893604048265352],[41.76714873,16.89385486],[41.76665229753167,16.893808544568753]]],[[[41.77093005,17.84306037],[41.77447283,17.83804297],[41.77808452,17.83552301],[41.78257561,17.83834267],[41.78557578284492,17.839313222726627],[41.78047238189072,17.853750945917657],[41.77748215,17.84555995],[41.77093005,17.84306037]]],[[[41.77369654,16.81339347],[41.77518165,16.80673325],[41.77652025,16.80507421],[41.78102601,16.80499685],[41.78455973,16.80663335],[41.80140615,16.80678833],[41.80184436,16.80845153],[41.797192901484046,16.809989429231134],[41.790089,16.810037],[41.778168,16.81269],[41.780772,16.819322],[41.78050715366494,16.82404858929645],[41.77567542,16.82098412],[41.77369654,16.81339347]]],[[[41.773706966974665,16.889722254625408],[41.777182,16.884666],[41.77872923560605,16.883498760111085],[41.77930856,16.88532436],[41.77751422,16.88829291],[41.77633905,16.88901353],[41.773706966974665,16.889722254625408]]],[[[41.77569997,17.01003301],[41.77751434,17.0093137],[41.77660096,17.01159871],[41.77569997,17.01003301]]],[[[41.78505465454138,16.878726842203744],[41.789218,16.875586],[41.794264133018196,16.87338167626247],[41.79428577,16.875],[41.79395986,16.875],[41.78505465454138,16.878726842203744]]],[[[41.78764045,16.98401737],[41.78777647,16.98308325],[41.79130554,16.97641528],[41.79095495,16.97079301],[41.79087651,16.9704504],[41.78942585,16.96860933],[41.78950393,16.9682399],[41.79244363,16.96620774],[41.79263616,16.96179116],[41.79551983,16.95825613],[41.79564214,16.95770085],[41.79477775,16.95466363],[41.80030572,16.95119595],[41.80724514,16.95274556],[41.81163275,16.95921314],[41.81235397,16.96288717],[41.81509495,16.96537304],[41.8214817,16.96831465],[41.82139385,16.96861184],[41.81186235,16.97274756],[41.81153142,16.97618794],[41.81025541,16.97942281],[41.8091073,16.98075604],[41.80853856,16.98106945],[41.79799068,16.98394155],[41.79771352,16.98577046],[41.79420805,16.98510265],[41.78823316,16.98657763],[41.78764045,16.98401737]]],[[[41.78856087,17.00867057],[41.79086292,17.00541484],[41.7911731,17.00536728],[41.79786575,17.00695407],[41.79902565,17.00792635],[41.79909158,17.00861013],[41.79582036,17.00980413],[41.79414213,17.01161396],[41.79385054,17.01189315],[41.79239738,17.01098347],[41.79290795,17.0084095],[41.79122603,17.00938416],[41.78856087,17.00867057]]],[[[41.78968465,16.66056466],[41.79152966,16.658517],[41.79205966,16.65858674],[41.79425025,16.66112328],[41.79426134,16.66140425],[41.79303575,16.66273582],[41.79217041,16.66289687],[41.79075694,16.66298926],[41.78972626,16.66166091],[41.78968465,16.66056466]]],[[[41.80197585,16.55182648],[41.80482161,16.55137086],[41.8070538,16.55316114],[41.80719447,16.55344272],[41.80633187,16.55405295],[41.8052088,16.55406141],[41.80197585,16.55182648]]],[[[41.80511497540502,17.83612700829206],[41.80561376,17.83048522],[41.80777252,17.83073843],[41.81236553,17.82487726],[41.81475878,17.82448411],[41.81700134,17.82227623],[41.82005095,17.82213688],[41.82179546,17.82035208],[41.82629204,17.81979144],[41.83530271,17.81108618],[41.8359375,17.81082594],[41.84111094,17.80869377],[41.84436274,17.80965936],[41.84760082,17.8080914],[41.85212624,17.80828524],[41.86124921,17.80561113],[41.86488986,17.80628085],[41.87207127,17.80526078],[41.87893808,17.80153644],[41.884059182262106,17.80737200569209],[41.869477,17.820502],[41.84783,17.811957],[41.810395,17.8369],[41.80511497540502,17.83612700829206]]],[[[41.80597831979186,16.809930598304966],[41.81344807,16.80558836],[41.81659818,16.8029108],[41.81945992,16.79810035],[41.82156575,16.79703808],[41.82244003,16.79466712],[41.82621398881271,16.792170068903854],[41.824941,16.798237],[41.807561,16.80992],[41.80597831979186,16.809930598304966]]],[[[41.814438818916706,16.864568682458504],[41.817829300565414,16.863087603946905],[41.81698155,16.86453915],[41.814438818916706,16.864568682458504]]],[[[41.8165915,16.65018117],[41.81954455,16.64741874],[41.82036221,16.64844131],[41.81801784,16.6522305],[41.81754005,16.65240562],[41.8165915,16.65018117]]],[[[41.81861414866331,16.8627447554159],[41.828084,16.858608],[41.828934852035026,16.85767987752243],[41.82785821,16.85966277],[41.82540131,16.86112344],[41.81861414866331,16.8627447554159]]],[[[41.83215725938259,16.85416482605867],[41.849424,16.83533],[41.85530279737614,16.827476864129352],[41.85535741,16.83494055],[41.85347092,16.83718097],[41.85447347,16.84290457],[41.85035241,16.84308124],[41.84566617,16.84510851],[41.84514666,16.84542465],[41.84430635,16.84754241],[41.84307218,16.84874403],[41.8398509,16.85089457],[41.8359375,16.85212052],[41.83312428,16.85331047],[41.83215725938259,16.85416482605867]]],[[[41.83656335,16.89831364],[41.83895733380998,16.895129193992755],[41.846202,16.901272],[41.870372,16.902655],[41.88795,16.907782],[41.90089,16.918362],[41.910981,16.936021],[41.921235,16.935207],[41.923106,16.935045],[41.928208205370545,16.953907295631645],[41.92164075,16.95656705],[41.91729414,16.95667016],[41.91382825,16.95978797],[41.91237283,16.95912635],[41.91620362,16.95575166],[41.91611052,16.95129788],[41.90005207,16.92941177],[41.88913977,16.92078733],[41.87067926,16.9152081],[41.86401558,16.91469586],[41.84393156,16.91596651],[41.84181952,16.91475725],[41.84345806,16.91174531],[41.84087753,16.90641546],[41.83875787,16.9061625],[41.83656335,16.89831364]]],[[[41.84280431,16.66782713],[41.84358776,16.66498816],[41.84826851,16.66319108],[41.85042334,16.66014743],[41.85378325,16.65872967],[41.86008656,16.65358567],[41.8602097,16.64877486],[41.86264861,16.64562821],[41.86456168,16.64526558],[41.86633444,16.64778483],[41.86877513,16.64809525],[41.86958492,16.64796925],[41.87363505,16.64643657],[41.87695491,16.64467573],[41.88393784,16.63987577],[41.88560915,16.63960826],[41.8861165,16.64003015],[41.88504386,16.64227903],[41.88084126,16.64601386],[41.87934005,16.64801097],[41.87805748,16.65139985],[41.87351668,16.65519321],[41.87309575,16.6554563],[41.85331321,16.66661561],[41.84513843,16.66688871],[41.84484506,16.66726065],[41.84484792,16.66945314],[41.84300482,16.66817546],[41.84280431,16.66782713]]],[[[41.84653246,17.01219046],[41.85240614,17.01054585],[41.852590994289635,17.01037726502696],[41.86085,17.013617],[41.86213772538991,17.009046682246392],[41.86446166,17.00880647],[41.86540222,17.00851953],[41.87376392,17.00477946],[41.87729466,17.00445962],[41.878073951640644,17.003557560145246],[41.895681,17.001899],[41.898929675500966,17.000637893555528],[41.90055406,17.00074482],[41.90016103,17.00335252],[41.89755106,17.00418317],[41.89689922,17.00581574],[41.89177465,17.00700486],[41.88990116,17.00546515],[41.88674617,17.0089035],[41.88428295,17.00676394],[41.87463808,17.01011145],[41.86862338,17.01272261],[41.86608517,17.01684666],[41.86231434,17.01592982],[41.86102176,17.01407993],[41.86045825,17.01402974],[41.85931563,17.01421297],[41.85618293,17.01669645],[41.85471857,17.01726794],[41.85153461,17.01732981],[41.84896886,17.01872075],[41.84790432,17.01771522],[41.84811485,17.01517975],[41.84653246,17.01219046]]],[[[41.856587208849824,16.825761095210765],[41.86006,16.821122],[41.863916,16.796687],[41.863292,16.785142],[41.881137,16.765738],[41.88938015430925,16.758957969906287],[41.87994814,16.76911461],[41.87152624,16.78058243],[41.86687815,16.79010642],[41.86564696,16.79729354],[41.86567783,16.81145644],[41.86734057,16.81768644],[41.856587208849824,16.825761095210765]]],[[[41.86813882767883,16.84723361951354],[41.86867428,16.84356976],[41.8728707955162,16.84142862060221],[41.86813882767883,16.84723361951354]]],[[[41.87506056,17.79375482],[41.87607956,17.79026484],[41.87805915,17.78978956],[41.87711227,17.79208672],[41.88211596,17.79662263],[41.88503373,17.79529858],[41.88876474,17.79070246],[41.88861513,17.78882301],[41.89703405,17.78601205],[41.89775801,17.77577531],[41.90225935,17.77103424],[41.90868485,17.76893735],[41.90844071,17.76748526],[41.91229558,17.76583433],[41.92102706,17.76616812],[41.92221665,17.76590395],[41.9259876,17.76334643],[41.93136585,17.75390625],[41.93439662,17.74899685],[41.93817472,17.74689603],[41.94047332,17.74416804],[41.94916892,17.74294984],[41.95642078,17.73481905],[41.95819533,17.72961307],[41.95988035,17.72753525],[41.96640563,17.72156167],[41.96680367,17.72130656],[41.96846676,17.72040987],[41.96928804084053,17.72040805330198],[41.938975,17.761868],[41.928722,17.767157],[41.89029084713411,17.801760930283244],[41.88909674,17.80043292],[41.88551271,17.80215633],[41.8829689,17.79934597],[41.87990916,17.79984915],[41.88160455,17.79762804],[41.87769365,17.79428995],[41.87506056,17.79375482]]],[[[41.881635297600354,16.830676661416227],[41.88187265,16.82871616],[41.88228536,16.82753825],[41.88550174,16.82186604],[41.88841915,16.81876337],[41.88816905,16.81763041],[41.89272368,16.81538153],[41.89630377,16.81113625],[41.89682531,16.81073701],[41.898484180348696,16.809918414978927],[41.889595,16.820912],[41.881635297600354,16.830676661416227]]],[[[41.88452578,16.98805237],[41.88910353,16.98394644],[41.88941145,16.98373902],[41.89340186,16.98198235],[41.89381838,16.98221016],[41.89238143,16.98474431],[41.88643336,16.98813593],[41.88452578,16.98805237]]],[[[41.89373868369962,16.755373060620062],[41.898467,16.751484],[41.905143,16.747581],[41.93043303492762,16.7500843283304],[41.92144287,16.75080752],[41.91347075,16.74863446],[41.90905488,16.74863505],[41.90449834,16.74958992],[41.89373868369962,16.755373060620062]]],[[[41.89474583,16.98032105],[41.89797485,16.97753465],[41.89908946,16.97841394],[41.8990159,16.97930145],[41.89852345,16.98007786],[41.89683485,16.98067701],[41.89474583,16.98032105]]],[[[41.897596,16.98729718],[41.90019512,16.98685968],[41.90246165,16.98485076],[41.90429354,16.98540854],[41.90818894,16.98397636],[41.91210747,16.98045325],[41.91400933,16.97714305],[41.91306114,16.97232091],[41.91636455,16.96933401],[41.91555798,16.96736801],[41.91874266,16.96292603],[41.92037368,16.96132934],[41.92274165,16.96015096],[41.926936964706414,16.959794600520645],[41.920909,16.978949],[41.907481,16.984809],[41.89765445789682,16.989096905725965],[41.897596,16.98729718]]],[[[41.90190828,17.09654212],[41.90545845,17.09395337],[41.90623355,17.09405887],[41.90624213,17.09447753],[41.9040904,17.09688103],[41.90190828,17.09654212]]],[[[41.90393233,16.96293485],[41.90416157,16.96214378],[41.90601814,16.96035135],[41.90631366,16.96044993],[41.90924323,16.96131873],[41.90937257,16.96161675],[41.90805638,16.96369815],[41.90757728,16.96410716],[41.90639675,16.96451783],[41.90559006,16.9646064],[41.90423405,16.96388125],[41.90393233,16.96293485]]],[[[41.90614235,17.10114574],[41.9062978,17.10054052],[41.90828276,17.10020006],[41.90878785,17.10040355],[41.90814996,17.10194302],[41.90778744,17.10205936],[41.90614235,17.10114574]]],[[[41.90614843,16.62609625],[41.90635681,16.62514722],[41.90872335,16.62267196],[41.91206551,16.62132096],[41.91722357,16.61675274],[41.92085326,16.61560857],[41.92484665,16.61272323],[41.92758226,16.61294627],[41.92787325,16.61434138],[41.92356741,16.61946905],[41.92269444,16.62268496],[41.92196524,16.62515235],[41.92032528,16.62647045],[41.91953897,16.62690568],[41.91513801,16.62850225],[41.91330147,16.62855172],[41.91073382,16.62893724],[41.90702951,16.62723696],[41.90614843,16.62609625]]],[[[41.90948045,17.09414077],[41.91346133,17.08545697],[41.91803956,17.08013284],[41.92273235,17.07703805],[41.9350878,17.07210803],[41.93556166,17.07365024],[41.93519795,17.07464385],[41.93413258,17.07634354],[41.93013132,17.08074486],[41.91613615,17.09218454],[41.91144443,17.09434974],[41.90948045,17.09414077]]],[[[41.9144659,16.63331115],[41.91582823,16.63107884],[41.92114115,16.62960625],[41.92336166,16.63113272],[41.92244422,16.6320647],[41.91781545,16.63318253],[41.91571188,16.6330024],[41.9144659,16.63331115]]],[[[41.92045701,17.09684622],[41.92079091,17.09465146],[41.92285597,17.09175146],[41.92344844,17.09118676],[41.92881203,17.08815372],[41.93174458,17.08533466],[41.93415427,17.0827409],[41.93755615,17.07739914],[41.93787396,17.07708526],[41.93977606,17.07659411],[41.93943942,17.07960677],[41.93677413,17.08415711],[41.93648171,17.08443701],[41.93116355,17.08794987],[41.92509794,17.09424984],[41.92045701,17.09684622]]],[[[41.92062116,17.01470578],[41.92074537,17.01442003],[41.92282832,17.01303923],[41.92360735,17.01290894],[41.92393434,17.01320755],[41.92435205,17.01466191],[41.92144811,17.0164746],[41.92072344,17.01611865],[41.92062116,17.01470578]]],[[[41.926347965095324,16.696633738434116],[41.92877471,16.69200671],[41.93332934,16.68640625],[41.94217080946426,16.682289456517967],[41.932834,16.690845],[41.926347965095324,16.696633738434116]]],[[[41.931027706509894,16.750143191761133],[41.93707919266486,16.75074219673586],[41.93683398,16.75090265],[41.93322635,16.75136852],[41.931027706509894,16.750143191761133]]],[[[41.93355456682904,16.97806661963635],[41.938162,16.972886],[41.939057,16.968817],[41.94516,16.942288],[41.94518746532279,16.940592283837073],[41.94885623,16.9406383],[41.950302,16.94072115],[41.95071077,16.94356847],[41.95032787,16.94513214],[41.95005083,16.94563103],[41.94764721,16.94680762],[41.94754291,16.94720066],[41.94872987,16.94860101],[41.94705975,16.95037985],[41.94800127,16.95246625],[41.94363165,16.95534611],[41.94543755,16.96132171],[41.94357026,16.96489894],[41.94518018,16.96939194],[41.94280565,16.97017622],[41.94297183,16.97247791],[41.93984807,16.97443533],[41.93891203,16.97646654],[41.93719471,16.97614944],[41.93816996,16.98002624],[41.93517685,16.97987604],[41.93355456682904,16.97806661963635]]],[[[41.934152078600384,16.832995352075876],[41.938162,16.821357],[41.95577601071351,16.815446113367422],[41.95253646,16.81882095],[41.94477177,16.82143497],[41.94143712,16.82448626],[41.93652725,16.83219612],[41.934152078600384,16.832995352075876]]],[[[41.94018137,17.06981003],[41.94084585,17.06861985],[41.94443405,17.06720054],[41.94786906,17.06372416],[41.94889736,17.06395555],[41.94890106,17.06633902],[41.94657874,17.06751525],[41.94546401,17.07029295],[41.9441725,17.07093275],[41.94216812,17.07147455],[41.9404422,17.07023001],[41.94018137,17.06981003]]],[[[41.941167161879626,16.89568253177966],[41.943802,16.883459],[41.95563848898676,16.880531621081413],[41.95045793,16.88361692],[41.94755542,16.88881135],[41.94208694,16.89433885],[41.941167161879626,16.89568253177966]]],[[[41.9433465,16.48623216],[41.94368446,16.48587263],[41.94536912,16.48510373],[41.94697416,16.48511684],[41.94767535,16.48547494],[41.94813764,16.48667645],[41.94678152,16.48875797],[41.94653535,16.48907161],[41.94391167,16.48788321],[41.9433465,16.48623216]]],[[[41.945166185867556,16.745450526922667],[41.953321,16.733098],[41.973427,16.731661],[41.9936,16.737931],[42.011048,16.73908],[42.02302,16.727427],[42.022921,16.715867],[42.028588610549136,16.71582285753653],[42.02772224,16.71809125],[42.03092074,16.7191689],[42.02882135,16.72346091],[42.02198565,16.73168695],[42.02001786,16.73753941],[42.00770116,16.7417618],[42.00626731,16.74118841],[42.00388968,16.7439537],[42.00706542,16.74564636],[42.00679612,16.74720693],[42.00424612,16.74595022],[42.00152278,16.74767804],[41.99400353,16.74634325],[41.9789077,16.73778296],[41.97499585,16.73821557],[41.97014225,16.73723531],[41.96467805,16.73878205],[41.96102452,16.73724544],[41.95497215,16.73903406],[41.945166185867556,16.745450526922667]]],[[[41.945259210563016,16.936162714070534],[41.94541658952449,16.9264460961111],[41.94569027,16.92686355],[41.94951403,16.93480456],[41.94549716,16.93580735],[41.945259210563016,16.936162714070534]]],[[[41.95409226,16.99344444],[41.95416284,16.99309671],[41.9555552,16.99285877],[41.95617115,16.99323106],[41.95670903,16.99497676],[41.95668554,16.99548495],[41.95474017,16.99866796],[41.95409226,16.99344444]]],[[[41.95446014,17.06431711],[41.9550513,17.06317675],[41.95596194,17.06321216],[41.95713127,17.06377244],[41.95782244,17.06635642],[41.95785725,17.06678295],[41.95702362,17.06776595],[41.9552958,17.06712282],[41.95446014,17.06431711]]],[[[41.95664480256968,16.88028274143717],[41.975278688892374,16.87567424257797],[41.96611655,16.87920392],[41.95664480256968,16.88028274143717]]],[[[41.959325316407856,16.853229051838305],[41.9616369,16.8518126],[41.96452916,16.85221136],[41.96300319334352,16.85328124887946],[41.959325316407856,16.853229051838305]]],[[[41.96041274,17.05078125],[41.96558917,17.04275358],[41.96653366,17.04215801],[41.96679175,17.04240811],[41.96495485,17.04723406],[41.96465266,17.04764545],[41.96157885,17.05078125],[41.96041274,17.05078125]]],[[[41.96155624542153,16.465011896723695],[41.96351423740078,16.464993001708905],[41.96425154009962,16.464490741990712],[41.96442926,16.46450496],[41.96464741,16.46586013],[41.96442926,16.46629846],[41.96226585,16.46603465],[41.96155624542153,16.465011896723695]]],[[[41.96200471462846,16.81335589307018],[41.962657,16.813137],[41.976573,16.804999],[41.98335495822816,16.80212469187818],[41.98241258,16.80313015],[41.97573674,16.80824804],[41.97305381,16.81303227],[41.96200471462846,16.81335589307018]]],[[[41.97144429043058,16.85340104633319],[41.97351575,16.85142911],[41.97558296,16.85120356],[41.97561943,16.84993017],[41.97809815,16.84812152],[41.98642564,16.84762681],[41.98410886402404,16.85358078406792],[41.97144429043058,16.85340104633319]]],[[[41.97145605,17.04161191],[41.97188008,17.04026616],[41.97218025,17.03999341],[41.97421873,17.03882694],[41.97438443,17.03907955],[41.97219813,17.04163337],[41.97145605,17.04161191]]],[[[41.97315276,16.59097385],[41.97336197,16.59048665],[41.97667241,16.58822632],[41.97788656,16.58796406],[41.98158252,16.58837748],[41.98442256,16.58931506],[41.99303114,16.59753263],[41.99395335,16.59841025],[41.99412286,16.59920895],[41.99388552,16.59939861],[41.99219847,16.60022354],[41.99100661,16.59959686],[41.98968744,16.59866917],[41.98928034,16.59670365],[41.98891294,16.59666598],[41.98205745,16.59899485],[41.97821772,16.59815967],[41.97443485,16.59365678],[41.97315276,16.59097385]]],[[[41.9760103937962,16.875392356185614],[41.98444079872374,16.85535528289886],[41.98748004,16.8558712],[41.98571706,16.86193347],[41.98647535,16.86574781],[41.98535836,16.8680073],[41.98887444,16.86642683],[41.99047506,16.87124813],[41.9863801,16.87165356],[41.98412383,16.87446165],[41.98244607,16.875],[41.98140681,16.87531996],[41.98381674,16.87777424],[41.98815608,16.87850904],[41.98857021,16.88106501],[41.98757863,16.88214695],[41.98153055,16.87885821],[41.97969031,16.87713671],[41.97922838,16.87625563],[41.97936106,16.875],[41.97953343,16.875],[41.97941887,16.87427747],[41.97856605,16.87430728],[41.97778583,16.875],[41.97702885,16.875],[41.9760103937962,16.875392356185614]]],[[[41.97794235,17.00281954],[41.97831166,17.00199986],[41.97936475,17.00177825],[41.98006642,17.00233603],[41.98016965,17.00293314],[41.97938216,17.00415266],[41.97901273,17.00422621],[41.97801054,17.00335991],[41.97794235,17.00281954]]],[[[41.97908235,16.88323081],[41.97959161,16.88357532],[41.98095214,16.88504624],[41.98093152,16.88547504],[41.97974205,16.88610625],[41.97924018,16.88619316],[41.97908235,16.88323081]]],[[[41.98252188941014,16.667387448676543],[41.98335815,16.66719103],[41.98457384,16.66759396],[41.98532081,16.66838944],[41.985431219407495,16.66898342193212],[41.98252188941014,16.667387448676543]]],[[[41.98523970275203,17.710739268658887],[41.99120474,17.70887411],[41.99225724,17.70713675],[41.99842572,17.70362937],[42.00136006,17.7000308],[42.00934935,17.69725704],[42.01112151,17.69434142],[42.01281583,17.69595277],[42.02335525,17.69228876],[42.02454221,17.69309413],[42.02408524934208,17.693954670558377],[42.000499,17.717475],[41.998709,17.715481],[41.992442,17.712714],[41.98523970275203,17.710739268658887]]],[[[41.98607111,16.76972926],[41.98721075,16.76727426],[41.99067414,16.76553476],[41.99305117,16.75732243],[41.99639177,16.75483274],[41.99793887,16.7516371],[42.00388467,16.75215912],[42.0042752,16.75222695],[42.00529754,16.75362241],[42.0040369,16.75466478],[42.00528073,16.75707304],[42.00816715,16.75938976],[42.00609624,16.76128685],[42.00865257,16.76158595],[42.00751674,16.76430798],[42.01028705,16.76237035],[42.01176727,16.76262355],[42.01236415,16.76415622],[42.00803912,16.766433],[42.00670755,16.76825404],[42.00724185,16.76961458],[42.0012836959583,16.77508577848425],[42.001958,16.772556],[42.001845,16.760987],[41.986246181201054,16.76997351269905],[41.98607111,16.76972926]]],[[[41.99121976,16.80331016],[41.99352491,16.79946387],[41.99356355571343,16.797798116326234],[41.995442,16.797002],[41.99553248933432,16.796662512236516],[42.00123501,16.79837036],[42.00171912,16.79899693],[42.00030112,16.80237985],[41.9967972,16.80539298],[41.99515522,16.80478764],[41.99483705,16.8051126],[41.99426007,16.80558515],[41.99154401,16.80426145],[41.99131525,16.80394065],[41.99121976,16.80331016]]],[[[41.99163544,16.83038926],[41.99491525,16.82957923],[42.00696754,16.83267987],[42.01108551,16.83238244],[42.01779532,16.83372092],[42.02519417,16.83098674],[42.02811122,16.83129084],[42.03067195,16.82851136],[42.03108215,16.82999325],[42.03776276,16.83369553],[42.03914237,16.83588946],[42.03905535,16.84093225],[42.03515625,16.84305823],[42.03415203,16.84303105],[42.03385282,16.84042394],[42.03271925,16.84085286],[42.03241122,16.83931005],[42.02689314,16.83955693],[42.02655327,16.83975756],[42.02372861,16.84381497],[42.02134812,16.84133971],[42.02190912,16.83892035],[42.020473,16.83953536],[42.01221275,16.83683777],[42.00487065,16.84090555],[42.00442505,16.84078348],[41.99263871,16.83435071],[41.99286771,16.83147383],[41.99163544,16.83038926]]],[[[41.99739015,16.62332332],[41.99956667,16.62360024],[42.00212514,16.62627602],[42.00690043,16.62438345],[42.00967312,16.6201694],[42.00740325,16.61632586],[42.00814545,16.61196673],[42.01532471,16.60468841],[42.0177778,16.60389495],[42.01891696,16.60703945],[42.01862586,16.61055613],[42.01698613,16.61426246],[42.01539886,16.61535966],[42.01610494,16.61841297],[42.02111065,16.61988556],[42.02523375,16.62687743],[42.02940822,16.62934375],[42.03080165,16.63264692],[42.03479147,16.63267505],[42.0351125,16.63144445],[42.03265536,16.62749994],[42.03008687,16.62659621],[42.02584374,16.61942351],[42.02574575,16.61477745],[42.02767253,16.60807633],[42.03155577,16.59945774],[42.03196216,16.59943485],[42.03344262,16.60890067],[42.03299415,16.61225188],[42.03551185,16.62152827],[42.03519773,16.62622166],[42.03716075,16.63155437],[42.04282761,16.63796985],[42.04338455,16.63956082],[42.04365623,16.64131534],[42.04224885,16.64653575],[42.04108262,16.64863455],[42.03746462,16.65083277],[42.03692794,16.65148783],[42.03618884,16.65425301],[42.03362393,16.65556932],[42.03280008,16.65601945],[42.028409,16.65458131],[42.00924063,16.65352964],[42.00258255,16.64025128],[41.99941623,16.63742495],[41.99739015,16.62332332]]],[[[41.99965584,16.78869557],[42.00425875,16.78474104],[42.00570178,16.77807033],[42.00957155,16.77267242],[42.0096246,16.76985216],[42.01013172,16.76932788],[42.01519895,16.76715887],[42.01879644,16.76908624],[42.02029645,16.76742995],[42.02095354,16.76774526],[42.02148282,16.76901448],[42.02134216,16.76946342],[42.01940775,16.77187467],[42.02145553,16.77472293],[42.01989424,16.77625751],[42.01667166,16.77545142],[42.01636386,16.77556896],[42.01542187,16.77679265],[42.01543355,16.77731872],[42.01597011,16.77995098],[42.01991606,16.78117061],[42.02154326,16.78296197],[42.02088904,16.78702807],[42.01723444,16.78952396],[42.01526451,16.78858721],[42.01404107,16.78969812],[42.01157474,16.78968835],[42.00996125,16.79501605],[42.00563955,16.80226231],[42.00439572,16.79627276],[42.00435972,16.79506016],[42.00281882,16.79211986],[41.99987185,16.79035831],[41.99965584,16.78869557]]],[[[42.00355613,16.77469373],[42.00382864,16.77389216],[42.00498724,16.77325368],[42.00514996,16.77489603],[42.00419462,16.77603614],[42.00360584,16.77631235],[42.00355613,16.77469373]]],[[[42.00558794,16.85388911],[42.00612736,16.85285652],[42.00707924,16.85307407],[42.00761855,16.85543418],[42.00580704,16.85442054],[42.00558794,16.85388911]]],[[[42.00603914,16.8505398],[42.00665236,16.84946525],[42.00800335,16.84967744],[42.00832784,16.85115194],[42.00632286,16.85093606],[42.00603914,16.8505398]]],[[[42.03590477,16.55255425],[42.03595912,16.54589891],[42.03710747,16.54220486],[42.03768766,16.54087126],[42.04340982,16.53137875],[42.04347146,16.52832031],[42.04453945,16.52635884],[42.04702544,16.52417076],[42.04740977,16.52410221],[42.05532455,16.52462792],[42.05869627,16.52560186],[42.06018507,16.52616274],[42.06244993,16.52821505],[42.06289291,16.52887428],[42.06460762,16.53278232],[42.06420696,16.53438461],[42.06707597,16.53884184],[42.06793356,16.54333556],[42.07048333,16.54483747],[42.06946111,16.54733014],[42.07134914,16.54896855],[42.07421684,16.55479026],[42.07176924,16.55827785],[42.06997693,16.56393003],[42.06943226,16.56280732],[42.06812,16.56398916],[42.06777,16.56405616],[42.06598926,16.56367731],[42.06490195,16.5630542],[42.06325221,16.56088305],[42.06288922,16.56023276],[42.0619961,16.55384016],[42.06125307,16.55150115],[42.05980003,16.54813385],[42.05661273,16.54110241],[42.05517471,16.54021466],[42.05481994,16.54031062],[42.05540407,16.54606235],[42.05895996,16.55413687],[42.05943,16.55952382],[42.05921376,16.56034362],[42.05847216,16.56092632],[42.05293202,16.56158745],[42.04620564,16.56584823],[42.04219472,16.56359446],[42.03883815,16.56042945],[42.03797162,16.55900872],[42.03590477,16.55255425]]],[[[42.04477366931363,16.732163953095537],[42.04619944,16.73158753],[42.04683902241533,16.731770097795327],[42.04477366931363,16.732163953095537]]],[[[42.06438005,17.10839844],[42.06679404,17.10575831],[42.06708777,17.10611534],[42.06782317,17.10789907],[42.06774056,17.10819507],[42.06630635,17.10916173],[42.06508076,17.10945344],[42.06438005,17.10839844]]],[[[42.06717473387803,16.812276294833605],[42.068533,16.811754],[42.076508,16.808661],[42.10184243694526,16.793609947755026],[42.10178006,16.79417861],[42.10510683,16.7986834],[42.10380685,16.79968154],[42.10259748,16.79682982],[42.10208821,16.7988075],[42.10374033,16.80057371],[42.10374987,16.80264413],[42.1034584,16.80317581],[42.10212243,16.80356598],[42.10165358,16.80343497],[42.10091186,16.80219924],[42.09676194,16.80230844],[42.09652662,16.80254471],[42.09436572,16.8092699],[42.094473,16.8098402],[42.09533215,16.80996847],[42.09706068,16.80580354],[42.09944224,16.80826473],[42.09967101,16.80872178],[42.09948957,16.80987966],[42.09807765,16.81175041],[42.09738457,16.81221116],[42.09453821,16.81174922],[42.09387505,16.81365144],[42.09170473,16.81198084],[42.08748508,16.81700647],[42.08647501,16.81979001],[42.08584642,16.81971955],[42.08479595,16.81884754],[42.08497107,16.81491554],[42.07981992,16.81385946],[42.07766223,16.81493676],[42.07284653,16.81507528],[42.06717473387803,16.812276294833605]]],[[[42.07291055,16.63180614],[42.07379711,16.63004005],[42.082178070005455,16.628114734160683],[42.07448721882017,16.63467706401657],[42.07341027,16.63393366],[42.07291055,16.63180614]]],[[[42.07564449704727,16.692079909244303],[42.08390236,16.69119585],[42.08458555,16.69099152],[42.0899111,16.68900275],[42.09137845,16.68720794],[42.09202766,16.68838894],[42.09426868,16.68685985],[42.09857416,16.68627524],[42.10536662018035,16.683428560133496],[42.085753,16.693525],[42.07564449704727,16.692079909244303]]],[[[42.08027821915002,17.654235076444248],[42.08142352,17.65335715],[42.08881497,17.64423215],[42.10057779802377,17.635985772570674],[42.097667,17.644355],[42.093516,17.652086],[42.086192,17.655422],[42.08027821915002,17.654235076444248]]],[[[42.10338176629482,16.79269544049708],[42.104076,16.792283],[42.104750625559,16.782820116214427],[42.10642135,16.78273106],[42.10938752,16.78688991],[42.10937691,16.78743803],[42.10913563,16.78779936],[42.10596538,16.78803873],[42.10725987,16.79022205],[42.10417593,16.7915194],[42.10433865,16.79325795],[42.10338176629482,16.79269544049708]]],[[[42.10689770602818,16.682640408020273],[42.10945523,16.68089604],[42.11237013809702,16.676497720989403],[42.111114,16.68047],[42.10689770602818,16.682640408020273]]],[[[42.10756133698161,16.771993171741357],[42.11097252080924,16.766664792739117],[42.11059725,16.76883066],[42.10756133698161,16.771993171741357]]],[[[42.113257237952695,16.656421086642663],[42.117633,16.659855],[42.11524602189576,16.66740332851956],[42.11481655,16.6614598],[42.11392903,16.65780616],[42.113257237952695,16.656421086642663]]],[[[42.116547,16.744167],[42.141165,16.740596],[42.147694,16.721273],[42.15471757443022,16.718418721159306],[42.15470064,16.7205404],[42.15223145,16.72426796],[42.15023625,16.72508025],[42.14558303,16.73091507],[42.13987267,16.74353886],[42.13759387,16.74607921],[42.13379776,16.74530494],[42.1315453,16.74652076],[42.12954974,16.74502456],[42.12793136,16.74618995],[42.12730813,16.74411345],[42.12549615,16.74402034],[42.1230998,16.75119925],[42.11846489986245,16.754755343924774],[42.116547,16.744167]]],[[[42.13563085,17.57360935],[42.13812435,17.57130766],[42.13996887,17.56250024],[42.1450181,17.55721498],[42.15121675,17.55304074],[42.15377665,17.5526278],[42.15449274,17.55307841],[42.15448833,17.55379891],[42.15259325,17.55701506],[42.15607107,17.55806506],[42.1567173,17.55956841],[42.15662611,17.56012034],[42.15616775,17.56094766],[42.15353394,17.56114244],[42.15219426,17.56276333],[42.15267205,17.56368542],[42.16044557,17.56330752],[42.16554344,17.56078815],[42.16875537541813,17.560691892577225],[42.152843,17.573798],[42.143809,17.576606],[42.14088,17.571194],[42.136769360931275,17.576381005940142],[42.13563085,17.57360935]]],[[[42.15479982039251,16.7183852975924],[42.17991886898046,16.708177280350576],[42.18021774,16.70832252],[42.18236017,16.71971643],[42.18141484,16.72389555],[42.17691195,16.72245383],[42.17481816,16.72306216],[42.17025304,16.7203474],[42.16230512,16.71791291],[42.15479982039251,16.7183852975924]]],[[[42.15865380358583,16.58479161002681],[42.15909886,16.58150637],[42.16104341,16.58096075],[42.16290915,16.58283663],[42.1654911,16.58283865],[42.17818618,16.58150315],[42.18637216,16.58246458],[42.1875,16.58314717],[42.1875,16.58342636],[42.18819344,16.58402073],[42.19122851,16.58898652],[42.19276917,16.59621191],[42.19417143,16.59794843],[42.19366264,16.60363376],[42.19555473,16.60579062],[42.19555557,16.60631835],[42.19529748,16.60665786],[42.19199288,16.60610402],[42.1893512,16.60753095],[42.18740761,16.61430597],[42.18543828,16.61773884],[42.18512011,16.61811948],[42.18405447994107,16.618746195600966],[42.188199,16.605264],[42.178233,16.58511],[42.178559,16.583482],[42.15865380358583,16.58479161002681]]],[[[42.176556,16.651644],[42.179085,16.634912],[42.18146179125586,16.627180256840695],[42.18189025,16.6385771],[42.18059993,16.64499676],[42.18274605,16.65062666],[42.18254042,16.65183485],[42.18113315,16.65529454],[42.17939496,16.65376174],[42.17764077074487,16.65506719399432],[42.176556,16.651644]]],[[[42.1776605977416,17.553357173697847],[42.18157673,17.54810965],[42.18173528,17.54650164],[42.18332088,17.54613173],[42.1851778,17.54316795],[42.18557096,17.54289997],[42.1875,17.54268956],[42.18988394171217,17.54328950906989],[42.1776605977416,17.553357173697847]]],[[[42.17790365,16.80736804],[42.17948747,16.80552685],[42.18038547,16.80542755],[42.18077922,16.80576456],[42.18059075,16.80649805],[42.17861056,16.80858433],[42.17790365,16.80736804]]],[[[42.18111685387966,16.707690436652506],[42.186438,16.705528],[42.186307,16.691396],[42.183488454189835,16.673607272016113],[42.18595886,16.67430615],[42.18735445,16.67633915],[42.1875,16.67661834],[42.18886745,16.67660463],[42.19336653,16.6851176],[42.19353414,16.68577385],[42.19166446,16.69465125],[42.19186544,16.69921875],[42.19186902,16.69921875],[42.19195592,16.70131195],[42.19407332,16.70551014],[42.19194365,16.7112447],[42.1943531,16.71048737],[42.19525945,16.7119019],[42.19349134,16.71312535],[42.19126165,16.71167505],[42.19087005,16.71160603],[42.18883503,16.71253586],[42.18849111,16.712448],[42.1875,16.71177447],[42.18230772,16.70966864],[42.18111685387966,16.707690436652506]]],[[[42.18242705,16.80702114],[42.18287635,16.80546987],[42.18333554,16.80447722],[42.18478072,16.80399501],[42.18242705,16.80702114]]],[[[42.18426001,16.66410995],[42.18445516,16.66303384],[42.18537605,16.66246152],[42.18630064,16.66260648],[42.18711448,16.66395295],[42.18556201,16.66486824],[42.18502045,16.66493571],[42.18426001,16.66410995]]],[[[42.18788326,16.72306383],[42.18794024,16.72244895],[42.18836367,16.72224915],[42.18894064,16.72263765],[42.18932986,16.72319663],[42.18952644,16.72362816],[42.18930197,16.7240355],[42.18891144,16.72409356],[42.18848371,16.7239083],[42.18813157,16.72359204],[42.18788326,16.72306383]]],[[[42.18897188,16.72675204],[42.18947685,16.72688854],[42.19042826,16.72873461],[42.19000232,16.73440027],[42.18972111,16.73480594],[42.18903387,16.73354721],[42.18897188,16.72675204]]],[[[42.1904453,16.72184837],[42.19051361,16.71985793],[42.19103205,16.71947706],[42.19156778,16.719437],[42.19452131,16.73283732],[42.19835865,16.73531294],[42.19888842,16.73548424],[42.20250797,16.73520136],[42.20323563,16.73568952],[42.20455205,16.73738241],[42.20538855,16.73876631],[42.20550632,16.73947525],[42.20462096,16.74154747],[42.20304251,16.73811352],[42.20052052,16.73722613],[42.19786108,16.73817444],[42.19731796,16.73643804],[42.19343054,16.73426712],[42.19277346,16.73334241],[42.19079411,16.72501934],[42.1904453,16.72184837]]],[[[42.192630904671816,17.54102699384576],[42.19471121,17.53656864],[42.19835246178522,17.536314476689565],[42.192630904671816,17.54102699384576]]],[[[42.19501853,16.71962798],[42.19563734,16.71979702],[42.19662476,16.72140431],[42.19801915,16.72673011],[42.20275605,16.73090518],[42.20143998,16.73316157],[42.19714272,16.72888315],[42.19510365,16.72273958],[42.19501853,16.71962798]]],[[[42.19630885,16.79207146],[42.19675076,16.79110181],[42.19787514,16.79029155],[42.19816291,16.79050565],[42.19709253,16.79277742],[42.19666338,16.79305434],[42.19630885,16.79207146]]],[[[42.19762981,16.74437332],[42.19847465,16.74346948],[42.19952285,16.74572456],[42.19762981,16.74437332]]],[[[42.19853926,16.796965],[42.19864166,16.79655015],[42.19959021,16.79442585],[42.19995415,16.79452395],[42.20020545,16.79642415],[42.19980431,16.79724085],[42.19914615,16.79766262],[42.19853926,16.796965]]],[[[42.19891322,17.53422844],[42.20168591,17.53215897],[42.20294976,17.53195107],[42.20313702241669,17.532373709584775],[42.19982322276536,17.53510309555429],[42.19891322,17.53422844]]],[[[42.20144522,16.72404385],[42.20218623,16.72217464],[42.20252681,16.72221136],[42.20338595,16.72440875],[42.20259094,16.7252388],[42.20144522,16.72404385]]],[[[42.20152533,16.71865284],[42.20215547,16.71716583],[42.20828188,16.71358883],[42.20854914,16.71641016],[42.20719731,16.71763504],[42.2067641,16.71873963],[42.20744813,16.72108698],[42.20744204,16.7215178],[42.20227551,16.72035921],[42.20157135,16.71944642],[42.20152533,16.71865284]]],[[[42.20308006,17.17841387],[42.20335031,17.17685604],[42.20368791,17.17632353],[42.20516443,17.17551374],[42.20593405,17.17571461],[42.20677316,17.17722285],[42.20665455,17.17794812],[42.20535636,17.17915106],[42.20415938,17.17954075],[42.20308006,17.17841387]]],[[[42.20475864,16.74471247],[42.20482552,16.74395657],[42.20510435,16.74358892],[42.20543134,16.74386072],[42.20566094,16.74451804],[42.20578945,16.74513435],[42.20573986,16.74565732],[42.20551765,16.74612463],[42.20498502,16.74577475],[42.2048614,16.74533248],[42.20475864,16.74471247]]],[[[42.20763934,16.7376585],[42.20825887,16.73753667],[42.20884395,16.73811114],[42.21005201,16.74187374],[42.20852923,16.74046957],[42.20763934,16.7376585]]],[[[42.20857406,16.74784875],[42.20899737,16.74794102],[42.20974886,16.74891913],[42.20989895,16.74947214],[42.20948315,16.75043547],[42.20898724,16.75066614],[42.20857441,16.75021076],[42.20857406,16.74784875]]],[[[42.21031904,16.75068045],[42.21218443,16.74737275],[42.21154547,16.74414432],[42.21201098,16.74367261],[42.21264112,16.74357223],[42.21487141,16.74613404],[42.21423304,16.75007558],[42.22018266,16.75411761],[42.21787274,16.7624042],[42.21775031,16.76266634],[42.21620166,16.76380062],[42.21560562,16.76376915],[42.21447635,16.76389444],[42.21339941,16.76250136],[42.21066201,16.75415301],[42.21031904,16.75068045]]],[[[42.21353591,16.72895741],[42.21564138,16.72732365],[42.21703541,16.72717905],[42.22117817,16.72901118],[42.22163975,16.72935641],[42.22288036,16.73119438],[42.2228291,16.73204517],[42.22245395,16.73250234],[42.22141671,16.73302364],[42.21353591,16.72895741]]],[[[42.2166903,16.74896646],[42.21677756,16.74866903],[42.21757984,16.74886096],[42.21788406,16.74925196],[42.21775186,16.75086105],[42.2166903,16.74896646]]],[[[42.21701825,16.73903668],[42.21784997,16.73847187],[42.21923757,16.73986375],[42.21946025,16.74065292],[42.21941745,16.74098301],[42.21701825,16.73903668]]],[[[42.22205472,16.74741626],[42.22338831,16.74648416],[42.22374201,16.74772525],[42.22242653,16.74876702],[42.22205472,16.74741626]]],[[[42.22285473,16.72544146],[42.22319555,16.72479355],[42.22476625,16.72450352],[42.22549915,16.72575724],[42.22418511,16.72671115],[42.22285473,16.72544146]]],[[[42.22504306,16.74229705],[42.22543025,16.74100077],[42.22571218,16.74035573],[42.22700953,16.73972476],[42.22708595,16.74179184],[42.22670674,16.74236834],[42.22563076,16.74280691],[42.22504306,16.74229705]]],[[[42.22744656,16.73741066],[42.22857153,16.73570454],[42.23104525,16.73406017],[42.23392224,16.73336124],[42.23428297,16.73359776],[42.23449063,16.7353574],[42.23421824,16.73576176],[42.23162627,16.73797262],[42.22935152,16.73886895],[42.22889316,16.73866725],[42.22760093,16.73789024],[42.22744656,16.73741066]]],[[[42.22748876,16.72536814],[42.23005581,16.72445703],[42.23085666,16.72556818],[42.2308464,16.72587907],[42.23021495,16.72672594],[42.22988868,16.72690344],[42.22752786,16.72580707],[42.22748876,16.72536814]]],[[[42.23403466,16.58089435],[42.23442101,16.5793817],[42.2366271,16.57893944],[42.23846614,16.57706797],[42.23816884,16.57991195],[42.23521292,16.58140028],[42.23460925,16.58150232],[42.23403466,16.58089435]]],[[[42.236394548210534,17.504981400503553],[42.23844278,17.50065577],[42.25537646,17.48489821],[42.25821292,17.48054385],[42.25977421,17.47326565],[42.26435053,17.47151005],[42.26812926326761,17.46695951113684],[42.266775,17.473578],[42.26059,17.485053],[42.236394548210534,17.504981400503553]]],[[[42.23707175,16.43513894],[42.23755312,16.43405664],[42.24349928,16.43080986],[42.25003231,16.43134415],[42.26325393,16.42610896],[42.26537526,16.41768444],[42.26365805,16.41423357],[42.25996411,16.41110468],[42.26003575,16.4106698],[42.26070404,16.41017365],[42.26508415,16.4103626],[42.26557565,16.41024828],[42.27072454,16.40801513],[42.27063465,16.41113377],[42.26986265,16.41260695],[42.26812243,16.41692841],[42.27000666,16.42316115],[42.27209735,16.42457306],[42.27254283,16.4253453],[42.27243006,16.42612135],[42.27194297,16.42662478],[42.2571032,16.43141663],[42.25076175,16.4358263],[42.24681735,16.43591166],[42.24085963,16.43666291],[42.23724008,16.43564332],[42.23707175,16.43513894]]],[[[42.24356985,16.42613006],[42.24491322,16.42529416],[42.24495256,16.42569911],[42.24376404,16.42817795],[42.24356985,16.42613006]]],[[[42.24522543,16.51094556],[42.24757946,16.51050198],[42.24788582,16.51069546],[42.25004888,16.51517308],[42.25203323,16.51626778],[42.25175488,16.51642728],[42.24823034,16.51575994],[42.24781537,16.51552451],[42.24625087,16.51403904],[42.24529314,16.51266944],[42.24522543,16.51094556]]],[[[42.25132775,16.63258243],[42.25144207,16.63205993],[42.25343752,16.63154137],[42.25426745,16.63260305],[42.25408852,16.63406217],[42.25374711,16.63437402],[42.25132775,16.63258243]]],[[[42.2545222,16.61690474],[42.25615466,16.60645032],[42.2569102,16.60602653],[42.25731528,16.60666382],[42.26019025,16.61438346],[42.25795972,16.61621165],[42.25665164,16.61924362],[42.25638604,16.61970353],[42.25534701,16.6192466],[42.2545222,16.61690474]]],[[[42.25594771,16.59992528],[42.25689054,16.59883451],[42.25727105,16.59895182],[42.25926912,16.60000384],[42.2591784,16.60029876],[42.25787008,16.60206497],[42.25594771,16.59992528]]],[[[42.25832593,16.71365535],[42.25841224,16.71329594],[42.2587713,16.71332836],[42.25920844,16.71369386],[42.25953686,16.71413636],[42.26111591,16.71582687],[42.26131916,16.71612477],[42.26163065,16.71640074],[42.26198661,16.71663785],[42.26225448,16.71692693],[42.26224601,16.71724093],[42.261922,16.71751666],[42.26142347,16.71769977],[42.26129198,16.71739042],[42.26107013,16.71678984],[42.26068676,16.71635294],[42.26016438,16.71602893],[42.25965846,16.71564043],[42.25928521,16.71521926],[42.25892866,16.71474886],[42.25859106,16.71422243],[42.25832593,16.71365535]]],[[[42.25875115,16.72859085],[42.26087892,16.72722816],[42.26245034,16.72691095],[42.2603538,16.7288146],[42.25875115,16.72859085]]],[[[42.26076746,16.71912694],[42.26100922,16.71880567],[42.26221323,16.71867824],[42.26402342,16.72023666],[42.26293075,16.7207911],[42.26076746,16.71912694]]],[[[42.26152813,16.59162116],[42.26251423,16.58940935],[42.2626996,16.58909905],[42.26472175,16.58795345],[42.26757491,16.58883405],[42.26884246,16.59012282],[42.27072644,16.58998263],[42.27118444,16.59037995],[42.27098441,16.59137452],[42.27064216,16.59160316],[42.26398027,16.59491766],[42.26362622,16.59269452],[42.26152813,16.59162116]]],[[[42.271168818107284,17.46231029254501],[42.27352345,17.45059633],[42.27461708,17.44917846],[42.28140903,17.44651127],[42.29725516,17.44912255],[42.30221474,17.44768453],[42.30729677285406,17.445162639923268],[42.301524,17.453599],[42.291677,17.457424],[42.281423,17.457913],[42.273611,17.459947],[42.271168818107284,17.46231029254501]]],[[[42.27121747,16.62172222],[42.27184236,16.61974704],[42.27231884,16.61978376],[42.27234507,16.62230885],[42.27184033,16.62269974],[42.27121747,16.62172222]]],[[[42.28528452,16.87669444],[42.28559732,16.87649035],[42.28694058,16.87663746],[42.28770161,16.87856722],[42.28604472,16.87893426],[42.28547061,16.87855124],[42.28528452,16.87669444]]],[[[42.2950685,16.4869343],[42.29781675,16.48724365],[42.30207336,16.48740077],[42.30229521,16.4880892],[42.30224216,16.4887886],[42.30095613,16.48953033],[42.29660046,16.48867226],[42.29575205,16.48837256],[42.2950685,16.4869343]]],[[[42.29921293,16.89083517],[42.3007586,16.88942027],[42.30188703,16.88962054],[42.30265963,16.89042008],[42.30208945,16.891698],[42.30132806,16.89200306],[42.29921293,16.89083517]]],[[[42.30180526,17.04320288],[42.30267811,17.04198015],[42.30372417,17.04205036],[42.30451191,17.04319787],[42.30464828,17.04374814],[42.30367255,17.04486966],[42.30336797,17.04495466],[42.30194914,17.04366982],[42.30180526,17.04320288]]],[[[42.30593002,17.33423662],[42.30824876,17.33588743],[42.31034482,17.33584654],[42.30911517,17.33181655],[42.31035554,17.33167827],[42.3108921,17.32937765],[42.31326783,17.32957411],[42.31511486,17.33295465],[42.31499517,17.32884777],[42.31679349677198,17.327282858043677],[42.315196,17.333238],[42.31285156400409,17.34253036796324],[42.31193137,17.34076905],[42.30593002,17.33423662]]],[[[42.31593215,16.86039746],[42.31604815,16.86011302],[42.32016504,16.86049843],[42.32215941,16.86595035],[42.32188451,16.86631691],[42.31738555,16.86382401],[42.31593215,16.86039746]]],[[[42.32729495,16.57442951],[42.32993245,16.57365942],[42.33155715,16.57556105],[42.33075714,16.57623267],[42.32983112,16.57652915],[42.32729495,16.57442951]]],[[[42.32855761,16.57158363],[42.33075345,16.57042766],[42.33118093,16.57121694],[42.33086765,16.57158577],[42.32982194,16.57193732],[42.32855761,16.57158363]]],[[[42.33685291,16.59735274],[42.33695555,16.59679043],[42.33918345,16.59642434],[42.34156585,16.59707201],[42.3417834,16.59725225],[42.34203386,16.60030031],[42.34014451,16.60016727],[42.33685291,16.59735274]]],[[[42.34926486,16.58548868],[42.35066831,16.58353996],[42.35108244,16.58307171],[42.35778606,16.57751727],[42.35996795,16.57403815],[42.36150718,16.57351363],[42.36196053,16.57375944],[42.36251426,16.57615554],[42.36192453,16.57755375],[42.35821915,16.58113503],[42.35004914,16.58550346],[42.34948945,16.58571005],[42.34926486,16.58548868]]],[[[42.3567,17.18244],[42.359223,17.165188],[42.366466,17.149319],[42.384044,17.120998],[42.36643237934688,17.1103183911081],[42.36666715,17.0997858],[42.36835611,17.09410954],[42.36867857,17.08914626],[42.36867857,17.076947693479337],[42.373871,17.04328],[42.36995516536081,17.036646601257235],[42.37118447,17.01605296],[42.37276125,17.01411748],[42.37324107,17.01402712],[42.37477088,17.01490414],[42.37493384,17.01523197],[42.37323165,17.01564574],[42.37395871,17.01913786],[42.37975705,17.024405],[42.38365614,17.0353471],[42.38371098,17.03876317],[42.38066161,17.03086853],[42.37942994,17.03031421],[42.37764525,17.03456843],[42.37952805,17.04182315],[42.37814832,17.05078125],[42.37830651,17.05078125],[42.37829912,17.05164754],[42.37607396,17.05848086],[42.37576795,17.06341445],[42.3769443,17.06637573],[42.37544668,17.06901038],[42.37835813,17.07622564],[42.37432146,17.0847671],[42.37152946,17.08779216],[42.36943281,17.10194325],[42.37449276,17.10969377],[42.38050544,17.1146543],[42.38576925,17.11687887],[42.39543295,17.11556935],[42.39748895,17.11626446],[42.39010131,17.12375641],[42.38988006,17.12829268],[42.38133633,17.13525486],[42.38485396,17.13963771],[42.37993276,17.14608717],[42.38159215,17.14985812],[42.37829173,17.15364325],[42.37879741,17.15886974],[42.37858057,17.15923131],[42.37454522,17.15930223],[42.37072694,17.16337955],[42.37168503,17.16769612],[42.36748254,17.16783845],[42.36456346,17.17065334],[42.36610675,17.17535543],[42.36834133,17.17741728],[42.36849062969624,17.177483025712664],[42.3567,17.18244]]],[[[42.39266886133124,17.16731810020694],[42.39822042,17.16355562],[42.40306342,17.16136897],[42.40443325,17.16005051],[42.40614045,17.15814853],[42.40594065,17.15723646],[42.40553355,17.15661645],[42.40082836,17.15366995],[42.39991295,17.15035486],[42.40039945,17.14921951],[42.40109932,17.14887714],[42.41036594,17.14848614],[42.41188872,17.15240145],[42.411952151370684,17.152452953867325],[42.410818,17.155748],[42.401703,17.16352],[42.39266886133124,17.16731810020694]]],[[[42.40242696,17.00354755],[42.4096992,16.99485564],[42.41156781,16.9930582],[42.4166857,16.98943555],[42.42154181,16.98816335],[42.42196774,16.9870187],[42.42285836,16.98549485],[42.42987466,16.983217],[42.43406427,16.98029661],[42.43429506,16.98056674],[42.43292391,16.98226976],[42.43174672,16.98383355],[42.43036234,16.98474205],[42.42726445,16.98570526],[42.42516017,16.98787832],[42.41564643,16.99305916],[42.40715337,17.00164413],[42.40242696,17.00354755]]],[[[42.40347004,16.88516462],[42.40440452,16.88299263],[42.40737736,16.88067651],[42.4125452,16.87922585],[42.41569555,16.87956238],[42.41894805,16.88376856],[42.41879404,16.88431835],[42.41385841,16.88808393],[42.41269243,16.88864195],[42.40907764,16.88893235],[42.40347004,16.88516462]]],[[[42.41043007,17.11281848],[42.41159677,17.10310328],[42.41513061,17.09868348],[42.42164958,17.09364116],[42.42856807782014,17.085207328831977],[42.425059,17.093085],[42.420584,17.107733],[42.416432594297405,17.135953673486025],[42.41345644,17.12850571],[42.41390026,17.11788487],[42.41043007,17.11281848]]],[[[42.41167402,16.98674405],[42.41190183,16.98534095],[42.41326225,16.98341584],[42.41577041,16.98165357],[42.41603005,16.98186874],[42.41525996,16.98439658],[42.41485572,16.98499262],[42.41244924,16.98667467],[42.41186547,16.98696685],[42.41167402,16.98674405]]],[[[42.44271922,16.79616427],[42.44445801,16.78980136],[42.4494971,16.78376114],[42.45572507,16.77866375],[42.45586336,16.77549517],[42.45682025,16.77549517],[42.45725918,16.78167236],[42.45340824,16.78435397],[42.45041418,16.78887928],[42.45029783,16.78956366],[42.45197237,16.79594731],[42.44630885,16.79931498],[42.44600797,16.79941225],[42.44337034,16.79790866],[42.44283676,16.79678476],[42.44271922,16.79616427]]],[[[42.4453361,16.82411397],[42.44554412,16.8236258],[42.44690871,16.82214987],[42.44724584,16.82238746],[42.4474827,16.82341862],[42.44722784,16.82399941],[42.44574034,16.82515144],[42.4453361,16.82411397]]],[[[42.45181382,16.81480706],[42.45295334,16.81328166],[42.45485032,16.81297445],[42.45513165,16.81460714],[42.4548192,16.81483555],[42.45355308,16.8152194],[42.45181382,16.81480706]]],[[[42.45279586,16.82590234],[42.45303416,16.82508945],[42.45505178,16.82382858],[42.45592284,16.82376254],[42.45620024,16.82413363],[42.45558834,16.82532561],[42.45509815,16.82568037],[42.4530791,16.82619655],[42.45279586,16.82590234]]],[[[42.45466375,16.77015817],[42.45536196,16.76849306],[42.45660675,16.76789475],[42.45717657,16.76800013],[42.45803845,16.76901448],[42.45689785,16.77219224],[42.45675933,16.77305984],[42.45466375,16.77015817]]],[[[42.45823026,16.81072366],[42.45939445,16.80740237],[42.46016705,16.80651903],[42.46086645,16.80671203],[42.46487415,16.80928338],[42.46433616,16.81099463],[42.46186042,16.81159055],[42.46055174,16.81168675],[42.45823026,16.81072366]]],[[[42.50099677800163,17.037902999026045],[42.50366545,17.03707993],[42.5127815,17.03289545],[42.51849854,17.03007877],[42.519724711212724,17.02927889619453],[42.512706,17.037014],[42.50099677800163,17.037902999026045]]],[[[42.52663934132054,17.014126042134126],[42.52692986,17.01171982],[42.53102386,17.00811946],[42.53753746,17.00588882],[42.5390625,17.00585926],[42.54136990657974,17.006087912923025],[42.534516,17.010321],[42.52663934132054,17.014126042134126]]],[[[42.52810812,16.88432634],[42.53064036,16.88391364],[42.53207326,16.88630044],[42.53195131,16.89198351],[42.53366697,16.89241505],[42.53393066,16.89227974],[42.53366852,16.88743114],[42.53471458,16.88467824],[42.53592873,16.88396323],[42.5386492,16.88629305],[42.53677702,16.88224924],[42.5390625,16.88141727],[42.54128694,16.88035548],[42.54215118659888,16.87923894301807],[42.555675,16.922065],[42.548513,16.938137],[42.54857478217,16.975140752625776],[42.54538524,16.96363091],[42.54611433,16.95944655],[42.53928924,16.95872235],[42.53923321,16.95075631],[42.54388261,16.94431365],[42.54537702,16.93451536],[42.54970121,16.93072116],[42.55016875,16.92770147],[42.54617918,16.92398512],[42.54986036,16.92000997],[42.55020392,16.91436398],[42.54941905,16.91289961],[42.54639411,16.91217005],[42.54407191,16.90967715],[42.54332507,16.90200114],[42.54079962,16.90118647],[42.5390625,16.90178573],[42.53663075,16.90224898],[42.53718495,16.89659286],[42.53694296,16.89611447],[42.53518331,16.89676046],[42.53000605,16.89290357],[42.52975011,16.88662398],[42.52810812,16.88432634]]],[[[42.54542995,16.86339617],[42.54596233,16.8628633],[42.550046322664706,16.86690105804052],[42.54973215120947,16.867321703932284],[42.54542995,16.86339617]]],[[[42.54658318,16.67660391],[42.55009377,16.67634416],[42.55022764,16.67958927],[42.55067778,16.68077815],[42.55325341,16.68470621],[42.55379355,16.68509603],[42.55638492,16.68747056],[42.56071115,16.68886495],[42.55902481,16.69178486],[42.55492353,16.69224334],[42.55364466,16.69098687],[42.54662907,16.68038487],[42.54658318,16.67660391]]],[[[42.56138694,16.72297656],[42.56197095,16.7219094],[42.56322527,16.72118473],[42.56702852,16.72053087],[42.56476533,16.72336638],[42.56339085,16.723719],[42.56238472,16.72380841],[42.56138694,16.72297656]]],[[[42.57238496631992,16.83699172501702],[42.57420373,16.83241105],[42.57995868,16.83070815],[42.58444166,16.83188188],[42.57791543,16.83332884],[42.57787312834976,16.833365818999265],[42.575857,16.832343],[42.57238496631992,16.83699172501702]]],[[[42.5848124,16.83665645],[42.58617365,16.83623922],[42.586849994975644,16.837919948571397],[42.584854413017446,16.83690755313453],[42.5848124,16.83665645]]],[[[42.59687912880033,16.836825244209855],[42.60215068,16.83388042],[42.60610855,16.82670736],[42.60913706,16.82578945],[42.61078358,16.82323635],[42.61375225,16.82549155],[42.60937703,16.82689762],[42.60973954,16.82976115],[42.610395356516335,16.82969457822118],[42.596934,16.836819],[42.59687912880033,16.836825244209855]]],[[[42.61496523777797,16.82727596895639],[42.61560225,16.82674396],[42.61594414042449,16.826757884814892],[42.61496523777797,16.82727596895639]]],[[[42.62533701,16.82048297],[42.627066352720036,16.8208714549138],[42.62630681554445,16.821273439898665],[42.62533701,16.82048297]]],[[[42.63636828727973,16.81451074403713],[42.63691235,16.81196082],[42.637645336053986,16.813138285764914],[42.63636828727973,16.81451074403713]]],[[[42.63708985,16.42375314],[42.63749015,16.42305827],[42.63947725,16.42288971],[42.64129424,16.42357898],[42.64618945,16.42717707],[42.64609802,16.42893231],[42.64358354,16.42993534],[42.63894796,16.42996645],[42.63763952,16.42871094],[42.63708985,16.42375314]]],[[[42.63737285,16.81086624],[42.64004699608172,16.810557195489764],[42.63899088883565,16.811692205487375],[42.63737285,16.81086624]]],[[[42.64284194,16.80408704],[42.64519477,16.80400205],[42.645397548606795,16.80480689822469],[42.644629623112145,16.805632196145037],[42.64284194,16.80408704]]],[[[42.64543104,16.80288065],[42.64554453,16.80242252],[42.64837182,16.80021024],[42.64658797,16.80034804],[42.64752185,16.79817522],[42.64780188,16.79783845],[42.65067017,16.79646182],[42.6512922,16.79482436],[42.65410376,16.79433846],[42.660036042242496,16.788780109077432],[42.65919,16.789984],[42.64696039529369,16.8031272898128],[42.64692914,16.80249965],[42.64602888,16.80354965],[42.64543104,16.80288065]]],[[[42.66178882,16.77974725],[42.66209125,16.7797544],[42.66327834,16.78138745],[42.66305316,16.78255975],[42.66275406,16.78281844],[42.66225302,16.78278422],[42.66178882,16.77974725]]],[[[42.67478803961166,16.76862502863035],[42.68733645,16.74352455],[42.69394791,16.74220753],[42.70057046,16.7355206],[42.70681596,16.73223424],[42.69615793,16.73645318],[42.69330168,16.74141252],[42.68666828,16.74075317],[42.68674231,16.73678708],[42.68856931,16.73357987],[42.69124472,16.73105645],[42.69549215,16.73016012],[42.69916046,16.72490752],[42.70161619126113,16.722679259495127],[42.701508,16.723334],[42.712413,16.730618],[42.706309,16.740627],[42.678233,16.764716],[42.67478803961166,16.76862502863035]]],[[[42.68279791,16.32991207],[42.68496704,16.32776701],[42.68568444,16.32791865],[42.68677056,16.32998598],[42.68343234,16.3314774],[42.68279791,16.32991207]]],[[[42.70381534,16.66972291],[42.70382416,16.66590381],[42.70454895,16.66448271],[42.70655346,16.66469991],[42.70886517,16.669034],[42.71265686,16.6662873],[42.71467805,16.66877008],[42.72223377,16.66877615],[42.72903895,16.66581452],[42.72807014,16.66053891],[42.72539794,16.6602869],[42.73052835,16.64856851],[42.72994637,16.63922298],[42.7293241,16.63591897],[42.7259804,16.62526965],[42.72454834,16.61483121],[42.71969724,16.60917497],[42.71559703,16.60652542],[42.71531045,16.60549664],[42.71714115,16.60021865],[42.71714115,16.5964756],[42.71376455,16.58919823],[42.71199954,16.58234227],[42.71200192,16.58142436],[42.71389806,16.57569993],[42.71289063,16.56649423],[42.71933937,16.55897844],[42.7231909,16.55679703],[42.72525442,16.55289137],[42.72539175,16.55257392],[42.72699118,16.54364181],[42.72561181,16.54087615],[42.72510302,16.53427684],[42.73172343,16.5234375],[42.73185468,16.5234375],[42.73265195,16.52164221],[42.73337817,16.51506126],[42.73711968,16.50460374],[42.74536753,16.49895191],[42.74785447,16.49792326],[42.75301528,16.49796093],[42.76063454,16.49395776],[42.76236665,16.48991537],[42.76613712,16.48621106],[42.76767242,16.47957396],[42.77057123,16.47616625],[42.77253425,16.47079992],[42.77398825,16.45664394],[42.77220452,16.45029867],[42.7652508,16.43570077],[42.76505625,16.43538213],[42.76203454,16.43098044],[42.75823188,16.42799497],[42.75793636,16.42758524],[42.75458825,16.42193484],[42.75473011,16.42110264],[42.75619781,16.41825902],[42.76177526,16.41352654],[42.76410675,16.40412176],[42.76526475,16.40024734],[42.76526475,16.39971387],[42.7634809,16.39377511],[42.75944877,16.38460255],[42.75781977,16.38289988],[42.76453841,16.37366307],[42.7707895,16.36754668],[42.77172363,16.36453676],[42.78101754,16.35701275],[42.78235793,16.35839176],[42.78082216,16.35933197],[42.77995563,16.36289835],[42.77316713,16.36556876],[42.77223504,16.36937594],[42.76968885,16.37187302],[42.76922286,16.37423992],[42.77251124,16.37008894],[42.77419031,16.36584163],[42.77844405,16.36600316],[42.78188443,16.36418498],[42.78394294,16.35950816],[42.78623211,16.35784042],[42.78476346,16.35593307],[42.78881836,16.34804535],[42.78884923,16.34765625],[42.78893328,16.34765625],[42.7901628,16.34085882],[42.79525816,16.33335924],[42.79539526,16.33296788],[42.79703796,16.32510996],[42.79706132,16.32410145],[42.79394352,16.31561255],[42.79241967,16.31404293],[42.79303181,16.30346704],[42.79564655,16.28842413],[42.79670835,16.28466177],[42.80500555,16.26637244],[42.80371964,16.25722516],[42.80541945,16.24941492],[42.80517316,16.24518216],[42.80203342,16.23874235],[42.80178332,16.23666406],[42.80192542,16.23595154],[42.81065345,16.21867967],[42.81119168,16.21476388],[42.80859625,16.21208954],[42.80889821,16.20968735],[42.81450152,16.20661271],[42.82026684,16.19933987],[42.82054216697481,16.19826549884378],[42.812755,16.238267],[42.808849,16.312649],[42.807628,16.319566],[42.801768,16.340155],[42.802582,16.339423],[42.803071,16.342353],[42.802989,16.347357],[42.801768,16.353217],[42.798839,16.358466],[42.790701,16.368638],[42.78948,16.370958],[42.788097,16.373684],[42.788259,16.409857],[42.781261,16.420233],[42.794932,16.452826],[42.788259,16.471869],[42.739757,16.524563],[42.728689,16.547187],[42.724946,16.566352],[42.725922,16.610175],[42.737641,16.652818],[42.737315,16.671129],[42.73396089969998,16.67191451967062],[42.73395515,16.67158926],[42.73360312,16.67093432],[42.73306978,16.67083526],[42.73092586619345,16.67262531490842],[42.72716093991343,16.67350704872281],[42.72714806,16.67349875],[42.72718525,16.66826785],[42.71683371,16.6696732],[42.71400726,16.67031217],[42.71351242,16.67058194],[42.71206832,16.67431748],[42.71177864,16.67450714],[42.70727074,16.67586708],[42.70572221,16.67520297],[42.70541716,16.67481732],[42.70472908,16.6729846],[42.70381534,16.66972291]]],[[[42.70526755,16.69550335],[42.70585907,16.69150162],[42.70604944,16.69120073],[42.70993054,16.68741345],[42.71421981,16.68697655],[42.71381116,16.69025731],[42.71549424770211,16.692213102703775],[42.713878,16.693671],[42.707961045619705,16.70276277575657],[42.70756805,16.69921875],[42.70750701,16.69849312],[42.70526755,16.69550335]]],[[[42.70730913,16.66425824],[42.71008933,16.66395414],[42.71035695,16.66409957],[42.71044064,16.66462636],[42.70944953,16.66499245],[42.70882642,16.66515493],[42.70730913,16.66425824]]],[[[42.71001995,16.66253006],[42.71007514,16.66220593],[42.71226752,16.66178405],[42.71258593,16.66344655],[42.71219456,16.66362846],[42.71001995,16.66253006]]],[[[42.71519291,16.68571305],[42.71684515,16.68390953],[42.71735954,16.67679691],[42.71620715,16.67498195],[42.71925175,16.6741786],[42.72107833007221,16.674931576689055],[42.719249,16.67536],[42.725922,16.682807],[42.71757947620184,16.69033217257914],[42.71599734,16.69002163],[42.71519291,16.68571305]]],[[[42.74946725,16.36831772],[42.74985564,16.36846244],[42.75106597,16.37024856],[42.75274074,16.37149251],[42.75301254,16.37214851],[42.75232315,16.37349665],[42.75183713,16.37366867],[42.75080085,16.37316644],[42.74946821,16.37075424],[42.74946725,16.36831772]]],[[[42.81939077735432,16.17355909290305],[42.82509505269681,16.174878012218425],[42.824256412810016,16.17918597871122],[42.82213426,16.17755592],[42.82150292,16.17675722],[42.81939077735432,16.17355909290305]]]]}},{"type":"Feature","properties":{"name":"Israel 12NM Territorial Waters","type":"HRA"},"geometry":{"type":"MultiPolygon","coordinates":[[[[34.01515076426065,31.2245675869077],[34.01536602691842,31.218389353140072],[34.047048,31.229193],[34.198497,31.3133],[34.200269,31.314267],[34.222667,31.326646],[34.236664,31.342353],[34.281423,31.376695],[34.301606,31.407701],[34.348399,31.437649],[34.368175,31.468166],[34.44337,31.534573],[34.47877,31.578274],[34.481204,31.583141],[34.489513,31.600409],[34.513927,31.627143],[34.602712,31.757758],[34.60963,31.76553],[34.665945,31.873887],[34.693207,31.926459],[34.711925,31.951606],[34.743337,32.039862],[34.743988,32.044623],[34.742686,32.055609],[34.743337,32.06037],[34.757009,32.066596],[34.837657,32.280707],[34.87322,32.430325],[34.904145,32.560614],[34.909841,32.570258],[34.915863,32.614895],[34.920909,32.628241],[34.919119,32.642971],[34.942068,32.724514],[34.94752,32.814154],[34.955577,32.834377],[34.97047,32.841376],[34.983165,32.838772],[35.003429,32.827541],[35.018728,32.825019],[35.02768,32.826606],[35.062755,32.858344],[35.067068,32.866848],[35.075531,32.893093],[35.0796,32.905829],[35.07781,32.917873],[35.06544,32.923082],[35.071544,32.937934],[35.078461,32.998847],[35.09197,33.031195],[35.096202,33.05036],[35.092133,33.067694],[35.096446,33.071357],[35.101817,33.077623],[35.106456,33.080756],[35.09962,33.087592],[35.104259,33.088528],[35.105235,33.089016],[35.105235,33.090644],[35.106456,33.095038],[35.101899,33.094468],[35.100434,33.095689],[35.100434,33.098212],[35.09962,33.101264],[35.105805,33.112454],[35.114757,33.123725],[35.125499,33.132514],[35.147634,33.140326],[35.154796,33.150295],[35.160981,33.161689],[35.167817,33.170152],[35.161794,33.176947],[35.167817,33.177883],[35.171072,33.176581],[35.174653,33.170152],[35.204763,33.224799],[35.209158,33.254625],[35.188324,33.280015],[35.209727,33.293402],[35.20997678299991,33.29371051253097],[35.17262045371561,33.292562739719585],[35.146360487266435,33.28686166701572],[35.12305833208428,33.2883235149858],[35.07434622060415,33.28720160246908],[35.048517468821,33.282097594996465],[35.048306597981224,33.282828227026656],[35.043658046892226,33.28189021408107],[35.03585209298676,33.279592693059996],[35.026926151341,33.277826528489584],[35.017926058850534,33.27431429904383],[34.99792666213662,33.26842171655208],[34.956405013647036,33.247499288027406],[34.92080779800807,33.219988672733884],[34.892600779816966,33.18702731394352],[34.87294032983966,33.149976658673324],[34.87090826070419,33.14217506030376],[34.85808469392141,33.10619311210492],[34.853670201332086,33.0675350817154],[34.853872571603375,33.065831417367285],[34.85340387896568,33.06470189045667],[34.841206685708556,33.01759250361978],[34.84028040857863,33.00924545552053],[34.83923813427129,33.00875525602008],[34.803109600713974,32.98786872111834],[34.77217778856007,32.961771356884626],[34.74749154976441,32.93135223649548],[34.729884400845954,32.897646697398145],[34.721872612407054,32.87740970887701],[34.710014688466195,32.8241520453284],[34.705855368365945,32.752681705677254],[34.68804883157588,32.688817291427085],[34.682251747002006,32.65578854517021],[34.6824700590813,32.64685669232265],[34.68005854592577,32.6372615548447],[34.67681242494975,32.612731963486034],[34.67154232352319,32.59967030392515],[34.640958160721695,32.46941192071091],[34.60833887609663,32.33070878085799],[34.54893359113458,32.17202030189499],[34.53619501506065,32.15607581811786],[34.5184471422056,32.12073369543124],[34.509019215869536,32.083168412256484],[34.50838019611479,32.078406274874354],[34.508336141477784,32.071572831807615],[34.49547527712036,32.035187903859054],[34.4938725220956,32.03302773408197],[34.47750699085632,32.006833867151606],[34.45041626142774,31.954355580956534],[34.40308819587585,31.862898246630017],[34.39906456486047,31.857732364947726],[34.318520436099696,31.738873972221764],[34.30401503020819,31.72295282662345],[34.27221017126244,31.676030050659687],[34.26393490825076,31.658748215960962],[34.25120078544532,31.622785334168114],[34.24660060783182,31.58542877473822],[34.247900388637966,31.57223581067832],[34.20467005380396,31.53666624135458],[34.1797336260452,31.512531622139193],[34.159673376276324,31.485296760457764],[34.1382324852206,31.450173447320747],[34.11887196682623,31.406718990872378],[34.11433632335048,31.377116651801277],[34.10512668513447,31.370556628007893],[34.08907564890815,31.357792744443785],[34.05976273192451,31.329609495993562],[34.037183765969466,31.297222412874135],[34.02213722018641,31.261787355078148],[34.01515076426065,31.2245675869077]]],[[[34.753755946524876,29.32829335516473],[34.77626970713808,29.314892648131757],[34.817123706567386,29.29961777035873],[34.86058208978502,29.291495715898535],[34.87513807322125,29.2912794486325],[34.87886955813159,29.29093547179547],[34.91125266770559,29.289955728598233],[34.91905003829398,29.290200209743187],[34.93327344300147,29.29177100383794],[34.936371,29.30386],[34.94809,29.298285],[34.949229,29.3015],[34.949392,29.304267],[34.950694,29.305732],[34.955577,29.305121],[34.948009,29.319973],[34.945323,29.3369],[34.949385,29.351686],[34.962413,29.359768],[34.969005,29.450832],[34.976085,29.477037],[34.997813,29.517971],[34.996837,29.533881],[34.976085,29.552151],[34.962413,29.552151],[34.961599,29.555406],[34.961599,29.558092],[34.960216,29.559516],[34.955577,29.558987],[34.951345,29.54564],[34.944998,29.536851],[34.927745,29.518012],[34.91977,29.507392],[34.915782,29.50023],[34.914073,29.493801],[34.910818,29.489936],[34.903005,29.489691],[34.893728,29.490546],[34.886729,29.490058],[34.875336,29.484809],[34.866873,29.479193],[34.859711,29.472154],[34.85255,29.462795],[34.847016,29.451117],[34.843761,29.440823],[34.838145,29.432929],[34.825369,29.428616],[34.828868,29.42772],[34.831716,29.427639],[34.833263,29.426174],[34.832774,29.421129],[34.824229,29.417385],[34.817638,29.412177],[34.815196,29.406399],[34.819102,29.400702],[34.809581,29.399115],[34.805186,29.39643],[34.805919,29.392564],[34.812266,29.387641],[34.800629,29.377875],[34.777599,29.346096],[34.772716,29.341864],[34.761974,29.336859],[34.757009,29.333075],[34.753755946524876,29.32829335516473]]],[[[35.980263,33.533949],[35.997451178091666,33.54055782148637],[35.99745117809166,33.54055782148637],[35.980263,33.533949]]]]}},{"type":"Feature","properties":{"name":"Lebanon 12NM Territorial Waters","type":"HRA"},"geometry":{"type":"Polygon","coordinates":[[[34.861043414611196,33.10062039221137],[34.862883790866604,33.08705842927418],[34.86658956032081,33.05634151787271],[34.88034094483607,33.01876382777903],[34.90114026610436,32.986411859368395],[34.90350445339418,32.9825028082572],[34.930650456426285,32.95293650290449],[34.96385672126083,32.92811245215806],[35.001966522071164,32.90889199005612],[35.043655801873086,32.895941543161584],[35.07501174586426,32.89148271702794],[35.075531,32.893093],[35.0796,32.905829],[35.07781,32.917873],[35.06544,32.923082],[35.071544,32.937934],[35.078461,32.998847],[35.09197,33.031195],[35.096202,33.05036],[35.092133,33.067694],[35.096446,33.071357],[35.101817,33.077623],[35.106456,33.080756],[35.09962,33.087592],[35.104259,33.088528],[35.105235,33.089016],[35.105235,33.090644],[35.106456,33.095038],[35.101899,33.094468],[35.100434,33.095689],[35.100434,33.098212],[35.09962,33.101264],[35.105805,33.112454],[35.114757,33.123725],[35.125499,33.132514],[35.147634,33.140326],[35.154796,33.150295],[35.160981,33.161689],[35.167817,33.170152],[35.161794,33.176947],[35.167817,33.177883],[35.171072,33.176581],[35.174653,33.170152],[35.204763,33.224799],[35.209158,33.254625],[35.188324,33.280015],[35.209727,33.293402],[35.224783,33.311998],[35.243663,33.355699],[35.246104,33.368883],[35.246755,33.395819],[35.250499,33.409735],[35.268728,33.432603],[35.275076,33.444973],[35.271007,33.457506],[35.323009,33.490912],[35.349132,33.513861],[35.360362,33.543443],[35.362478,33.556342],[35.400645,33.643134],[35.394379,33.64997],[35.409923,33.661282],[35.421641,33.702338],[35.438487,33.711371],[35.437836,33.723375],[35.477306,33.8039],[35.481293,33.823676],[35.483002,33.86518],[35.483246,33.872463],[35.479991,33.884263],[35.473806,33.893866],[35.47047,33.902086],[35.475841,33.90998],[35.486583,33.912991],[35.499766,33.9112],[35.511241,33.90705],[35.517345,33.902533],[35.524181,33.902533],[35.533865,33.90705],[35.548106,33.906195],[35.557465,33.905666],[35.572032,33.90998],[35.57838,33.916693],[35.587901,33.936591],[35.59311,33.94477],[35.593435,33.94892],[35.59197,33.950426],[35.585704,33.950914],[35.594249,33.959296],[35.606293,33.983222],[35.613536,33.99315],[35.620128,33.995103],[35.636729,33.995307],[35.64088,33.999416],[35.640391,34.008531],[35.635753,34.013251],[35.630382,34.016099],[35.627208,34.019843],[35.626964,34.044257],[35.643321,34.08808],[35.647716,34.119127],[35.644542,34.130845],[35.630382,34.152818],[35.627208,34.166938],[35.627208,34.201117],[35.630382,34.208441],[35.644542,34.216986],[35.647716,34.222154],[35.648285,34.253607],[35.653005,34.284857],[35.665212,34.311347],[35.688731,34.328315],[35.705821,34.316596],[35.722179,34.33747],[35.737315,34.369208],[35.750743,34.389797],[35.806163,34.414984],[35.823578,34.434516],[35.805431,34.458686],[35.805431,34.464911],[35.823985,34.460842],[35.903331,34.477973],[35.956798,34.520087],[35.972911,34.529771],[35.983165,34.538642],[35.98878,34.55272],[35.989594,34.599677],[35.986827,34.620795],[35.980642,34.638495],[35.9699,34.649849],[35.965668,34.668443],[35.947439,34.69953],[35.940929,34.726223],[35.931163,34.740953],[35.928966,34.749823],[35.928966,34.790717],[35.926036,34.796942],[35.908458,34.821763],[35.904552,34.831773],[35.902139941990015,34.84106028589358],[35.86701774512027,34.83095073474613],[35.825350268118875,34.8105724952253],[35.78945289879968,34.78380624881065],[35.760751698215394,34.75171990287161],[35.74038171661006,34.715592284810555],[35.72914261262175,34.676861547761476],[35.72817601583864,34.65389216727034],[35.72204185691749,34.65260672005554],[35.67769071920108,34.63484137762786],[35.638638332423824,34.61005810972864],[35.60649851156741,34.57928447004768],[35.582594248297696,34.54379512168789],[35.57634952788676,34.52733345792736],[35.56288876588291,34.51609277715751],[35.53724782065537,34.48435532901262],[35.53629201715065,34.48288445633826],[35.52924761034178,34.47875071359608],[35.50571887190829,34.4617524476669],[35.46636994897102,34.42539664058251],[35.43888962792306,34.38226067424871],[35.42674370177412,34.35574856151505],[35.41290544865191,34.30938536517244],[35.40973145251894,34.2879698637296],[35.40269888442918,34.27566923242378],[35.39954215134601,34.268339452712226],[35.389027437800046,34.23510982781227],[35.38555544202915,34.200882541759846],[35.385653067847784,34.1667038358699],[35.38982952625971,34.13015955052457],[35.39304166910166,34.11604574376613],[35.39683633017478,34.10436367523386],[35.39635636823422,34.103067661879784],[35.39497861206375,34.09797819960435],[35.358345878632136,34.08449890315035],[35.32203568307758,34.06386935592813],[35.29087465112521,34.03810941077366],[35.26590038754777,34.00808108667721],[35.26054275747283,34.00017803180025],[35.2405674104572,33.96175383206506],[35.230689320920646,33.92072182072062],[35.23132731899824,33.878882807494556],[35.239538298977045,33.848726287913784],[35.22220972639687,33.81317696929206],[35.202508567906705,33.78445371233588],[35.18970880524596,33.75304788739477],[35.1807751874944,33.74141377290084],[35.164037253733554,33.70656973868849],[35.15543364120613,33.66973697604262],[35.15541992989029,33.66681706174396],[35.13708068927874,33.62483963895197],[35.13670679517531,33.6235740641801],[35.12452132233917,33.61573312578467],[35.09028440404686,33.58882805432251],[35.06303269041,33.556867442281394],[35.04381060056124,33.521085951936065],[35.03819862533868,33.500585787742075],[35.03014411266472,33.48809479127447],[35.01677461490121,33.45331114210929],[35.013066446178456,33.43938825607001],[35.009187256267396,33.41214246443642],[34.983756796196914,33.38360584976354],[34.96395621354955,33.34921543181866],[34.95235387241977,33.31230777067459],[34.94936280957546,33.27423058739462],[34.9502119244673,33.26861095905809],[34.94770796352542,33.26655871899995],[34.91581879711371,33.23426267537683],[34.90688141565084,33.22297734888966],[34.88907269233062,33.19623255420302],[34.88290975605382,33.1850318399554],[34.86646029089117,33.14382705687307],[34.861043414611196,33.10062039221137]]]}}]}