{"type":"FeatureCollection","features":[{"type":"Feature","properties":{"name":"JWLA 033 Country - Russia","group":"countries-europe","source":"Natural Earth / geo-countries"},"geometry":{"type":"MultiPolygon","coordinates":[[[[87.816324,49.165837],[87.323796,49.085274],[87.217963,49.229813],[86.933329,49.324277],[86.802432,49.52225],[86.599344,49.573513],[86.775871,49.695004],[86.642442,49.793861],[86.214251,49.496153],[85.946257,49.481374],[85.942123,49.551085],[85.628447,49.606482],[85.263095,49.581523],[84.975774,49.89401],[84.986729,50.066971],[84.261812,50.253626],[84.19794,50.493146],[83.950565,50.780416],[83.433956,50.992651],[82.764539,50.906661],[82.475823,50.714012],[81.763464,50.784343],[81.460226,50.730341],[81.400798,50.959113],[81.051517,50.955702],[81.152028,51.186541],[80.682754,51.302012],[80.599245,51.208555],[80.421995,51.187574],[80.439048,50.958131],[80.154518,50.827235],[80.049305,50.852349],[80.085995,50.752149],[80.021296,50.766877],[79.042958,51.992512],[77.866802,53.272331],[76.525695,53.961307],[76.374387,54.147755],[76.664602,54.134061],[76.837718,54.296894],[76.766094,54.36459],[76.885673,54.422777],[76.852394,54.461173],[75.429225,54.090085],[75.360702,54.059544],[75.433979,53.986525],[75.027906,53.807931],[74.806214,53.837697],[74.626793,53.687318],[74.453471,53.684993],[74.409132,53.477564],[73.90415,53.639156],[73.347181,53.459374],[73.39121,53.520249],[73.224915,53.629854],[73.431827,53.865447],[73.682872,53.874129],[73.740646,54.057942],[73.601533,54.071223],[73.518024,53.956036],[73.190705,53.961617],[72.885504,54.117318],[72.624228,54.134991],[72.503099,54.050862],[72.694818,53.992571],[72.423414,53.903481],[72.358405,54.092978],[72.466718,54.109928],[72.298563,54.1784],[72.33298,54.223771],[72.221875,54.333222],[72.043178,54.378026],[72.066743,54.222376],[72.187356,54.179433],[72.155109,54.128377],[71.762472,54.247646],[71.647234,54.108585],[71.349732,54.197675],[71.182301,54.101557],[70.980039,54.325057],[71.190621,54.318184],[71.141218,54.563751],[71.264673,54.661729],[70.994095,54.807508],[70.960092,55.105578],[70.793177,55.233167],[70.820359,55.294145],[70.468586,55.285462],[70.231351,55.141493],[69.673866,55.33404],[69.334558,55.385148],[69.226244,55.333575],[68.943161,55.43455],[68.980885,55.291458],[68.734234,55.351714],[68.593621,55.193583],[68.177109,55.170535],[68.308161,55.072815],[68.166051,54.95613],[67.846794,54.963933],[67.698482,54.867918],[65.97745,54.611706],[65.951871,54.693665],[65.743976,54.600854],[65.477378,54.632687],[65.214293,54.527887],[65.173779,54.310174],[64.910642,54.402727],[64.720163,54.333842],[64.004496,54.319735],[63.976642,54.218862],[63.708648,54.250437],[62.580965,54.053601],[62.545102,53.883689],[62.408159,53.92472],[62.446141,54.014534],[61.581801,53.947664],[61.337682,54.063161],[61.193505,54.018254],[61.210765,53.907667],[61.017391,53.948956],[60.971813,53.915832],[61.178725,53.780853],[61.042713,53.654246],[60.904737,53.657088],[61.280734,53.542418],[61.503047,53.588978],[61.555343,53.505727],[61.381607,53.436119],[61.235259,53.50304],[61.162706,53.299151],[62.050662,53.124769],[62.094173,52.992658],[61.959246,52.934935],[61.448269,53.021416],[60.97543,52.971548],[61.058422,52.922171],[60.672193,52.682625],[61.039922,52.334998],[60.672193,52.144338],[60.4258,52.129584],[59.985723,51.952282],[60.09228,51.854769],[60.452051,51.805469],[60.371539,51.705166],[60.484711,51.651034],[60.921067,51.611476],[61.015221,51.492078],[61.473798,51.425803],[61.646259,51.263193],[61.513175,51.159514],[61.404034,50.802585],[61.095216,50.722693],[60.718495,50.652672],[60.300433,50.684659],[60.021276,50.854055],[59.815708,50.56291],[59.555052,50.484361],[59.466272,50.507357],[59.535311,50.54658],[59.437643,50.631123],[58.925943,50.678148],[58.664357,50.789924],[58.550152,50.893277],[58.595007,51.023372],[58.323396,51.141944],[58.167643,51.055179],[57.796193,51.123263],[57.722399,50.908728],[57.418128,50.862375],[57.168221,51.093782],[56.716052,51.072465],[56.709644,50.981592],[56.446508,51.056575],[56.343878,50.911416],[56.174896,50.908677],[56.100069,50.74786],[55.694305,50.538777],[55.305389,50.664971],[54.685788,51.023553],[54.55267,51.010169],[54.673593,50.634326],[54.499443,50.523274],[54.383584,50.59991],[54.478566,50.815711],[53.93586,51.185611],[53.67386,51.219872],[53.609368,51.364101],[53.407313,51.484171],[52.52499,51.467531],[52.307794,51.774541],[52.035252,51.652404],[51.869164,51.673074],[51.693309,51.454096],[51.584324,51.534918],[51.304238,51.47164],[51.352503,51.636229],[50.767009,51.7594],[50.764322,51.578662],[50.599836,51.634731],[50.348947,51.322605],[49.795906,51.109569],[49.460112,51.116158],[49.359137,50.992651],[49.423732,50.882063],[49.36942,50.82677],[48.830435,50.596034],[48.608795,50.647917],[48.780981,50.137561],[48.885884,50.030436],[48.784598,49.933387],[48.429891,49.809674],[48.239308,49.864761],[47.808224,50.319927],[47.624669,50.440798],[47.469795,50.411756],[47.276266,50.199883],[47.308719,50.044802],[46.899907,49.820319],[46.775108,49.332545],[47.040002,49.150334],[46.753818,48.91407],[46.479312,48.411852],[47.078294,48.275349],[47.103564,48.101199],[47.173947,48.084198],[47.058398,47.994488],[47.125164,47.832094],[47.359672,47.683344],[47.435326,47.834394],[48.174351,47.712851],[48.525079,47.410234],[49.00629,46.76911],[48.764031,46.682836],[48.556705,46.761746],[48.479087,46.683457],[49.306,46.263129],[49.1421,46.309963],[49.05893,46.251776],[49.119477,46.158759],[49.020763,46.176663],[48.949962,46.098293],[48.839203,46.149359],[48.825531,46.066799],[48.667817,46.107815],[48.7824,45.858385],[48.721446,45.838324],[48.593761,45.958197],[48.465587,45.940172],[48.224294,45.768378],[48.242849,45.709906],[47.848888,45.717231],[47.818207,45.6081],[47.580414,45.770901],[47.653656,45.559068],[47.425304,45.734809],[47.559744,45.598456],[47.419119,45.426663],[47.379405,45.202826],[47.111501,44.958482],[47.084483,44.817532],[47.011485,44.902289],[46.971446,44.783759],[46.791677,44.706041],[46.683604,44.506781],[46.758962,44.40058],[47.002615,44.367336],[47.122244,44.222724],[47.22169,44.23078],[47.489268,43.815579],[47.366547,43.602851],[47.424327,43.503974],[47.544444,43.86522],[47.701508,43.874498],[47.490896,43.462836],[47.564952,43.268052],[47.481212,43.202338],[47.461925,43.020819],[47.69809,42.867133],[47.751801,42.636664],[48.078787,42.362738],[48.386729,41.937201],[48.552908,41.875556],[48.370153,41.58015],[48.086553,41.476643],[47.828739,41.198417],[47.268411,41.302803],[47.141391,41.5524],[47.028262,41.557075],[46.745033,41.840135],[46.549851,41.79776],[46.479312,41.887005],[45.631405,42.201172],[45.698688,42.507587],[45.32269,42.530118],[45.122961,42.702278],[44.902974,42.753076],[44.78231,42.61665],[44.508115,42.750286],[43.958433,42.554406],[43.751107,42.598745],[43.800613,42.746462],[43.194345,42.926761],[42.79132,43.176177],[41.614131,43.213022],[40.689966,43.523129],[40.23313,43.575765],[40.096705,43.562639],[39.93336,43.406684],[38.775645,44.261217],[38.217296,44.387193],[37.799978,44.722602],[37.769298,44.632392],[37.478282,44.677191],[37.191905,44.991034],[36.59311,45.164781],[36.935232,45.268012],[36.966156,45.311591],[36.788829,45.292182],[36.781586,45.387641],[36.687999,45.331488],[36.833263,45.44302],[37.131521,45.340562],[37.169119,45.251166],[37.319184,45.271674],[37.162283,45.306464],[37.504731,45.36107],[37.72047,45.299628],[37.702647,45.543158],[37.658702,45.580797],[37.608246,45.415839],[37.595063,45.635321],[37.702891,45.621772],[37.66684,45.663764],[37.816417,45.744615],[37.940115,46.020331],[38.091075,46.060004],[38.060313,45.826606],[38.207286,46.131781],[38.539073,46.033596],[38.57602,46.087348],[38.122895,46.377509],[37.90504,46.411038],[37.755138,46.645941],[37.98227,46.617499],[38.261485,46.728176],[38.57545,46.653795],[38.513438,46.732489],[38.383556,46.713813],[38.414724,46.833319],[39.088145,47.033189],[39.261892,47.008612],[39.367849,47.106147],[39.254568,47.140123],[39.264008,47.26081],[39.119884,47.277045],[38.492931,47.128079],[38.559906,47.218207],[38.821137,47.276313],[38.216645,47.103258],[38.284722,47.241149],[38.220333,47.288794],[38.260331,47.492942],[38.352935,47.607095],[38.713016,47.675722],[38.877244,47.86124],[39.759051,47.832947],[39.831191,48.099985],[39.993248,48.27323],[39.815895,48.308164],[39.906845,48.398339],[39.835325,48.57347],[39.63172,48.586906],[39.751196,48.781881],[40.053813,48.869215],[39.782305,48.888438],[39.681123,49.020316],[39.891342,49.041762],[40.141663,49.245781],[40.0349,49.487058],[40.126057,49.559095],[40.017743,49.607878],[39.801529,49.542197],[39.570432,49.713297],[39.289932,49.732056],[39.182755,49.858508],[38.937395,49.803473],[38.314074,50.049504],[38.189844,50.062785],[38.119047,49.919176],[38.000398,49.899798],[37.590294,50.20381],[37.599183,50.290885],[37.314755,50.42297],[36.594386,50.20443],[36.400186,50.306646],[36.269031,50.281376],[36.105837,50.42111],[35.611397,50.351708],[35.425258,50.500485],[35.377716,50.621821],[35.468873,50.668536],[35.293587,50.937615],[35.308676,51.047325],[35.143622,51.058487],[35.09918,51.183182],[34.185954,51.248914],[34.308737,51.33462],[34.21572,51.373765],[34.21541,51.531998],[34.089113,51.666615],[34.414157,51.736456],[34.385735,51.817665],[34.096244,51.951817],[34.07361,52.139558],[33.815227,52.345075],[33.531679,52.288825],[33.196506,52.368949],[32.926858,52.246915],[32.394281,52.326807],[32.233309,52.080853],[31.927229,52.031089],[31.764345,52.100568],[31.567354,52.311382],[31.552988,52.502249],[31.610763,52.535993],[31.4917,52.667096],[31.569525,52.767504],[31.247064,53.014388],[31.464002,53.199984],[32.20592,53.100352],[32.447197,53.288764],[32.717465,53.334937],[32.717794,53.431062],[32.429421,53.56159],[32.442133,53.713932],[32.10603,53.806949],[31.787289,53.794392],[31.823566,54.045488],[31.324682,54.229249],[31.22536,54.428048],[31.093585,54.479415],[31.128621,54.640387],[30.770607,54.786011],[30.994211,55.067027],[30.821353,55.26438],[30.905948,55.376001],[30.886156,55.600483],[30.742185,55.594385],[30.217773,55.855145],[29.907817,55.843208],[29.5081,55.685491],[29.363406,55.751482],[29.395601,55.947723],[29.030765,56.024178],[28.80897,55.934571],[28.594719,56.092391],[28.269364,56.058207],[28.169112,56.125257],[28.132215,56.535982],[27.882618,56.725479],[27.852232,56.854309],[27.661185,56.839271],[27.745469,57.067991],[27.696066,57.085457],[27.846134,57.267307],[27.536283,57.415695],[27.528169,57.528479],[27.328027,57.583153],[27.553853,57.794768],[27.790841,57.880861],[27.673122,57.912823],[27.495355,58.22146],[27.554886,58.395248],[27.428849,58.709403],[27.477785,58.875426],[27.694412,58.975936],[27.903909,59.290387],[28.181825,59.356068],[28.038578,59.462987],[28.072602,59.57803],[27.995372,59.715522],[28.123871,59.792304],[28.404959,59.682847],[28.500499,59.861029],[28.83253,59.786526],[29.161388,60.002631],[30.115001,59.870551],[30.23463,59.99136],[29.948253,60.02969],[29.899669,60.133612],[29.70102,60.200507],[29.092296,60.177965],[28.815684,60.361274],[28.63087,60.375556],[28.453624,60.539618],[28.683604,60.455878],[28.644542,60.669745],[28.721934,60.721177],[28.235606,60.559963],[27.816417,60.528225],[28.335924,60.859387],[29.203158,61.245901],[31.221587,62.491587],[31.569525,62.905929],[31.177817,63.225238],[30.001145,63.715337],[30.586432,64.084668],[30.50344,64.24378],[30.032461,64.396949],[29.965178,64.564432],[30.180824,64.642774],[30.114937,64.754343],[29.78028,64.795581],[29.588147,64.991435],[29.820484,65.093651],[29.833197,65.205013],[29.580085,65.235399],[29.720129,65.329088],[29.718165,65.454171],[29.825755,65.551969],[29.732324,65.60871],[30.11628,65.687206],[30.083517,65.804615],[29.875365,66.133587],[29.051539,66.907803],[29.519831,67.298167],[29.916241,67.508129],[30.009413,67.685844],[29.651192,67.823562],[29.298656,68.081789],[28.663759,68.204003],[28.447441,68.514889],[28.801477,68.835489],[28.444238,68.865823],[29.172979,69.069377],[29.37679,69.301611],[30.123411,69.441912],[30.231622,69.558339],[30.14863,69.618491],[30.755311,69.521494],[30.927032,69.57839],[30.843988,69.766234],[31.409028,69.715806],[31.296723,69.612616],[31.452159,69.68891],[31.810557,69.68773],[31.721202,69.725572],[31.728038,69.845404],[32.098888,69.791897],[31.918305,69.926459],[32.054454,69.963772],[32.523204,69.803168],[33.120291,69.744208],[33.075043,69.631659],[32.871755,69.582506],[32.169688,69.654853],[32.147472,69.75141],[31.968272,69.654202],[32.016124,69.580227],[32.385997,69.585354],[32.501964,69.517035],[32.238455,69.436957],[33.084972,69.47606],[32.819672,69.319159],[32.872732,69.310981],[32.969493,69.387356],[33.497813,69.432115],[33.261241,69.291002],[33.511567,69.225491],[33.023448,69.057766],[33.023448,68.954739],[33.112641,69.075385],[33.426606,69.104682],[33.562836,69.182074],[33.56422,69.293036],[33.723969,69.336819],[35.181977,69.183539],[35.175955,69.257717],[35.330333,69.276068],[35.873546,69.194892],[37.680512,68.713446],[38.316905,68.447577],[38.388682,68.343166],[38.715831,68.291571],[38.532481,68.355292],[38.639171,68.384955],[39.520763,68.075995],[39.850434,68.042548],[39.721365,68.158759],[39.793224,68.16474],[40.410655,67.875067],[40.321544,67.851142],[40.466807,67.761176],[40.670746,67.810289],[41.016612,67.697903],[40.989431,67.563707],[41.115977,67.447008],[41.140473,67.235338],[41.307791,67.234768],[41.38087,67.137519],[41.178071,66.809556],[40.565603,66.455756],[40.084972,66.288764],[38.554373,66.054999],[35.557791,66.38703],[34.803559,66.613511],[34.480154,66.537584],[34.355968,66.629788],[34.525157,66.648179],[34.142263,66.670844],[34.161143,66.735093],[33.832693,66.695543],[33.592052,66.830715],[33.541189,66.815579],[33.62615,66.748114],[33.483246,66.730414],[33.100597,66.85814],[32.804861,67.010321],[32.932791,67.079779],[31.877696,67.164781],[32.261974,67.124986],[32.549815,67.000067],[32.420177,66.892157],[32.890961,66.781562],[32.934744,66.741929],[32.812022,66.735745],[32.97462,66.691107],[33.308604,66.655178],[32.865245,66.597968],[33.259613,66.618394],[33.523611,66.541083],[32.968761,66.540432],[33.046886,66.506049],[33.7046,66.443834],[33.310802,66.316799],[34.08725,66.248928],[34.552989,66.093695],[34.71225,65.996568],[34.660899,65.95303],[34.838878,65.906806],[34.929698,65.739488],[34.704845,65.797309],[34.772227,65.609565],[34.681895,65.453355],[34.317882,65.397447],[34.615245,65.254584],[34.816091,65.043402],[34.719005,64.997626],[34.926524,64.859076],[34.785004,64.784125],[35.009031,64.743184],[34.854846,64.714402],[34.973409,64.624986],[34.929482,64.591498],[34.757986,64.560248],[35.410504,64.286755],[35.58907,64.322313],[35.589122,64.381008],[35.810802,64.342027],[36.365001,64.001776],[37.534362,63.800858],[38.073741,64.017401],[38.045665,64.148342],[37.902029,64.239936],[38.005382,64.275377],[37.749027,64.441714],[37.286228,64.352206],[37.121501,64.39474],[36.744116,64.681046],[36.559761,64.717423],[36.513845,64.825344],[36.57252,64.829576],[36.459972,64.887641],[36.814147,64.975716],[36.867361,65.075995],[36.817926,65.131337],[37.007677,65.172977],[37.67266,65.035663],[37.794595,64.920615],[38.046434,64.853672],[38.357904,64.852411],[38.374278,64.798],[38.036306,64.761908],[38.117035,64.702786],[38.039887,64.658271],[38.49171,64.767524],[38.425548,64.793443],[39.566524,64.545268],[39.900401,64.603461],[39.809906,64.659329],[39.889334,64.669908],[40.479991,64.539618],[40.533214,64.558987],[40.378103,64.922512],[39.740896,65.356513],[39.730317,65.524359],[40.710134,65.972317],[41.623383,66.165107],[42.200938,66.532172],[42.644786,66.452541],[42.575043,66.401557],[43.302094,66.426011],[43.692638,66.237209],[43.325043,66.106757],[43.343028,66.059516],[43.514903,65.974189],[43.521739,66.036119],[43.411388,66.061835],[43.464122,66.127143],[43.836436,66.185777],[44.045665,66.081041],[44.167166,65.885443],[44.079356,66.206692],[44.38559,66.60224],[44.563243,66.666205],[44.38087,66.763902],[44.480724,66.953559],[44.302501,67.055976],[44.358897,67.09162],[43.815329,67.177453],[43.766699,67.277689],[44.04184,67.680406],[44.144542,67.679429],[44.076671,67.707709],[44.097179,67.892727],[44.250743,67.919135],[44.148611,67.925238],[44.195649,67.9831],[44.138031,67.995103],[44.411794,68.063422],[44.180837,68.036078],[44.22755,68.29678],[43.273673,68.658176],[43.984548,68.551337],[45.582137,68.514198],[45.943858,68.446234],[46.044688,68.319525],[46.534923,68.132554],[46.461436,68.111802],[46.525727,68.113593],[46.698253,67.816474],[45.350434,67.730414],[45.314626,67.592108],[45.096853,67.563178],[44.918956,67.440863],[44.951687,67.320717],[45.593893,67.15824],[45.853201,66.88703],[46.597911,66.857978],[46.398774,66.751776],[47.558767,66.904975],[47.725597,67.000922],[47.701915,67.17182],[47.793142,67.360582],[47.947927,67.444322],[47.824718,67.560289],[48.008311,67.65058],[48.099376,67.639472],[48.071462,67.590399],[48.255707,67.682685],[48.656261,67.712226],[49.1067,67.639472],[48.803722,67.726874],[48.585948,67.934272],[49.133311,67.862616],[50.00115,68.058051],[50.759939,68.371405],[51.058849,68.351386],[52.177094,68.582424],[52.059581,68.515611],[52.361013,68.474921],[52.158865,68.398627],[52.248546,68.317694],[52.402029,68.337714],[52.725841,68.458075],[52.491384,68.591539],[52.6067,68.625718],[52.562185,68.649156],[52.299327,68.590522],[52.328461,68.63345],[53.878591,68.974107],[54.527354,69.009955],[53.611827,68.913479],[54.026215,68.845445],[53.72047,68.656928],[53.926931,68.432563],[53.8213,68.349677],[53.655935,68.407538],[53.574474,68.399807],[53.691173,68.34455],[53.44044,68.372504],[53.231781,68.29678],[53.992524,68.221381],[54.218761,68.317857],[54.203298,68.20954],[54.536306,68.305813],[54.650157,68.194322],[54.831879,68.173285],[54.917979,68.240302],[54.85613,68.324042],[54.996755,68.439154],[55.392914,68.564276],[56.049083,68.65412],[57.329845,68.564765],[57.587413,68.733873],[57.929535,68.751044],[57.945974,68.831204],[58.171153,68.88935],[58.245128,68.888414],[58.25115,68.792222],[58.439301,68.762885],[58.275645,68.877997],[58.878754,69.003119],[59.202891,69.003607],[58.891856,68.934231],[59.415538,68.766669],[59.398448,68.701117],[59.201508,68.705959],[59.063487,68.601874],[59.074229,68.437201],[59.674815,68.336168],[59.963878,68.46601],[59.772472,68.626166],[59.811209,68.687934],[60.466645,68.722317],[60.968761,68.906928],[60.907237,68.927395],[60.90268,69.12226],[60.776703,69.177191],[60.591319,69.132799],[60.562836,69.295233],[60.152599,69.626288],[60.653575,69.672756],[60.736013,69.839057],[60.926606,69.867499],[64.127615,69.550116],[65.004405,69.304145],[64.812836,69.266262],[64.785899,69.147121],[65.029552,69.271877],[67.090099,68.855658],[67.046153,68.818305],[67.1963,68.707343],[68.246349,68.355129],[68.184255,68.242133],[68.44809,68.237982],[68.609141,68.318996],[68.564789,68.349799],[69.10906,68.878974],[68.946056,68.893256],[69.179942,68.952094],[68.487153,68.97016],[68.026215,69.319403],[68.102224,69.482245],[68.045584,69.551093],[68.040212,69.489691],[67.824392,69.510728],[67.017263,69.70307],[66.868663,69.639838],[66.957693,69.536851],[66.813731,69.571682],[66.771007,69.740668],[66.874197,69.995917],[66.978201,70.057603],[67.00408,69.963202],[67.197032,69.995795],[67.327647,70.106024],[67.105235,70.209377],[67.266287,70.414537],[67.224946,70.507025],[67.326996,70.716946],[67.257009,70.825588],[67.138438,70.841783],[66.719981,70.769599],[66.650238,70.910712],[66.889496,71.078681],[66.819509,71.100979],[66.739919,71.007025],[66.620453,71.057847],[66.900401,71.28559],[67.58839,71.415107],[68.305431,71.696112],[68.643728,72.033189],[68.90089,72.479071],[68.869395,72.532375],[69.35377,72.952582],[69.773936,72.973293],[69.572276,72.920071],[69.887543,72.881496],[71.529796,72.916815],[72.836925,72.709906],[72.721446,72.70303],[72.844981,72.520413],[72.84783,72.261623],[72.522227,71.922268],[72.32016,71.823188],[72.363048,71.73607],[71.803396,71.480292],[72.105724,71.290351],[72.636485,71.131659],[72.648204,70.999579],[72.827403,70.887641],[72.688243,70.634426],[72.76588,70.550727],[72.739106,70.411811],[72.459483,70.304429],[72.61199,70.144761],[72.522146,70.012397],[72.677908,69.872992],[72.649587,69.748114],[72.50172,69.646715],[72.633311,69.454291],[72.505138,69.42121],[72.632091,69.328315],[72.477875,69.176947],[72.571056,68.951158],[73.646739,68.484442],[73.108572,68.226386],[73.081065,68.119778],[73.200694,67.913764],[73.094737,67.830146],[73.114268,67.690375],[72.556326,67.604682],[72.405935,67.479967],[72.402599,67.32807],[72.060069,67.308743],[72.231293,67.169176],[71.913259,67.13231],[71.99464,67.055976],[71.763682,66.9289],[71.301931,66.953559],[71.514903,66.878485],[71.480724,66.826972],[71.584239,66.731635],[71.459646,66.638739],[71.083507,66.632066],[71.12379,66.584296],[70.68865,66.515367],[70.295177,66.638251],[70.735037,66.74844],[70.315684,66.679877],[69.897797,66.871649],[69.577485,66.829576],[69.637218,66.796576],[68.965017,66.809556],[69.083751,66.779486],[69.112641,66.618842],[69.205577,66.569403],[69.902843,66.415473],[70.362641,66.334418],[71.428884,66.355943],[72.097016,66.248481],[72.347341,66.306383],[72.402599,66.50023],[72.288829,66.501125],[72.493663,66.618801],[72.942393,66.656684],[73.85377,66.996772],[73.919932,67.077704],[73.899587,67.29621],[74.730317,67.686265],[74.824962,67.940497],[74.736827,68.121283],[74.331554,68.385565],[74.457774,68.506293],[74.413422,68.619534],[74.48113,68.720526],[74.62794,68.774604],[76.113129,68.977729],[76.582367,68.975165],[76.6963,68.857733],[76.662608,68.762641],[77.315929,68.530585],[77.167003,68.281806],[77.330577,68.246649],[77.200206,67.996324],[77.299001,67.925442],[77.079845,67.790351],[77.684581,67.563666],[79.028331,67.569485],[78.751475,67.653144],[78.50766,67.613756],[78.573253,67.632636],[78.453624,67.69245],[78.113455,67.656968],[77.874278,67.685289],[77.948904,67.728217],[77.792979,67.76732],[77.494151,67.751288],[77.469737,67.879096],[77.572765,67.935533],[77.469737,67.995103],[77.586436,68.163316],[78.153575,68.257554],[77.91391,68.456732],[77.956309,68.495429],[77.774099,68.534247],[77.646983,68.911119],[76.042003,69.239081],[75.508556,69.26142],[75.09197,69.132799],[75.153982,69.119208],[74.772797,69.081244],[74.313731,69.146389],[73.961274,69.083808],[73.776622,69.153957],[73.899587,69.414008],[73.515961,69.746405],[73.705251,69.955308],[73.734548,70.180894],[74.266856,70.479722],[74.320811,70.658637],[73.952159,70.836819],[73.91033,70.950995],[73.532725,71.264309],[73.022472,71.428778],[73.481781,71.652737],[73.52589,71.822211],[74.994884,72.137844],[75.111095,72.346422],[75.061046,72.583197],[74.747569,72.808295],[75.036632,72.881659],[75.318858,72.819159],[75.522309,72.759833],[75.347504,72.692288],[75.708181,72.565863],[75.561697,72.525336],[75.735525,72.257392],[75.517833,72.153225],[75.443858,71.991929],[75.286794,71.959906],[75.237559,71.863593],[75.300629,71.724595],[75.49171,71.666083],[75.421723,71.627997],[75.532888,71.542304],[75.266612,71.462226],[75.263031,71.365546],[76.108409,71.204495],[76.888927,71.190416],[76.914236,71.072455],[77.005138,71.184475],[77.558116,71.173651],[77.837738,71.124579],[77.948904,70.976264],[78.411388,70.895453],[79.039561,70.937323],[79.102794,71.02025],[78.431488,70.932115],[78.539806,71.036322],[78.443858,71.115302],[78.346202,71.099799],[78.471039,71.061754],[78.237559,71.109687],[78.312511,71.226386],[77.956065,71.253892],[77.990489,71.346381],[77.928477,71.3605],[77.711925,71.281317],[77.435557,71.333197],[77.524913,71.305243],[76.272309,71.572903],[76.030447,71.897773],[76.878184,72.050035],[77.584646,71.831122],[78.109548,71.880439],[78.225759,71.982571],[78.031586,72.094672],[77.38738,72.092231],[77.490733,72.175442],[77.441742,72.209621],[77.668224,72.192816],[78.136241,72.385199],[79.209483,72.390204],[80.834646,72.083319],[80.820811,72.024604],[80.649425,72.065579],[81.249766,71.859198],[81.342296,71.764228],[81.736664,71.699897],[82.867361,71.786444],[83.203787,71.736884],[83.289887,71.647895],[83.050141,71.561591],[83.021983,71.436672],[82.259288,71.252672],[82.352794,71.096259],[82.208344,70.986802],[82.408376,70.790188],[82.100108,70.589301],[82.334239,70.210517],[82.209483,70.590888],[82.445323,70.606513],[82.478689,70.804999],[82.688162,70.9619],[82.888845,70.925971],[82.877289,70.986884],[83.106619,70.896186],[83.010509,70.426581],[82.664073,70.260159],[82.883067,70.089016],[83.149425,70.076483],[83.129731,70.208564],[82.951671,70.325141],[83.534434,70.331977],[83.774669,70.47663],[83.381847,71.03266],[83.116059,71.113471],[83.24171,71.112209],[83.156993,71.231838],[83.628184,71.610907],[83.403575,71.81977],[82.665375,71.883979],[82.185069,72.093492],[82.307384,72.182847],[82.18214,72.2862],[81.208181,72.354926],[80.704112,72.545356],[80.834483,72.62051],[80.634125,72.703925],[80.805186,72.849595],[80.814301,72.97427],[80.437185,73.100898],[80.594981,73.114569],[80.520844,73.155829],[80.255382,73.176093],[80.533702,73.218492],[80.528331,73.28148],[80.272716,73.30976],[80.662446,73.498236],[80.540294,73.48725],[80.510916,73.5539],[84.793224,73.764716],[85.427013,73.7119],[85.570486,73.812934],[86.016124,73.866523],[87.080089,73.871527],[87.026622,73.783596],[85.784516,73.455756],[85.806407,73.350735],[86.663341,73.122138],[86.782481,73.000881],[86.659679,73.151801],[85.93393,73.32392],[85.861501,73.364407],[85.882335,73.496243],[87.164806,73.611396],[87.312022,73.682522],[87.280528,73.729926],[87.653331,73.861233],[87.544932,73.914293],[87.487559,73.835842],[87.296397,73.841376],[86.963064,74.017768],[87.419932,74.012112],[87.362315,74.047756],[86.895763,74.070217],[86.663341,74.235907],[86.02003,74.262519],[85.911876,74.339789],[86.286794,74.312934],[86.263927,74.380194],[86.095714,74.403998],[86.475271,74.458197],[86.928233,74.389472],[86.717133,74.325141],[86.781749,74.307074],[87.26238,74.354682],[86.548839,74.507148],[86.758311,74.547187],[85.740408,74.635891],[86.076427,74.724311],[86.120616,74.751939],[86.028331,74.813951],[86.090587,74.820787],[86.346934,74.780829],[86.21339,74.76557],[86.336925,74.704088],[86.939464,74.60932],[86.953868,74.683661],[86.794688,74.685045],[87.022797,74.728583],[87.097179,74.862128],[87.366466,74.935207],[87.172862,74.985297],[87.435802,75.002631],[87.574067,74.929674],[87.763682,75.017768],[86.940766,75.074042],[86.988048,75.153225],[87.992524,75.10692],[88.371349,75.255316],[88.625987,75.266506],[88.550304,75.314276],[88.611664,75.344224],[89.085216,75.403022],[88.73585,75.409857],[89.229259,75.502672],[89.678722,75.441555],[89.623871,75.477484],[90.057872,75.519721],[89.914561,75.560696],[90.886729,75.670559],[91.580251,75.637763],[91.742931,75.73607],[94.143077,75.941311],[93.546072,75.953437],[93.418956,75.87287],[93.258149,75.951728],[93.32016,75.972235],[93.00587,75.944037],[93.072032,75.912502],[93.007009,75.886664],[92.853526,75.955268],[92.923839,76.05329],[93.313487,76.106269],[93.960704,76.048326],[93.635509,76.122992],[93.685802,76.13227],[94.526215,76.061591],[94.738536,76.115627],[94.539887,76.149726],[96.177257,76.096259],[95.605479,75.898627],[95.739513,75.856431],[95.937266,75.949164],[96.518565,76.015774],[96.664561,75.965399],[96.463878,75.880032],[96.835216,75.888983],[97.205821,76.033637],[97.396821,76.047309],[97.198253,75.942369],[97.823904,75.988105],[97.5796,76.047797],[98.161388,76.090806],[98.219981,76.102525],[97.917735,76.122992],[98.816417,76.267035],[98.712738,76.204983],[99.235037,76.223578],[99.295584,76.204983],[99.09018,76.164008],[99.574229,76.155097],[99.46754,76.10871],[99.754893,76.049018],[99.614757,75.837226],[99.424001,75.793443],[99.570649,75.779731],[99.902354,75.927191],[99.825043,76.119859],[99.590668,76.272406],[99.066173,76.353095],[98.848888,76.517279],[100.304454,76.461859],[100.851085,76.540107],[102.249522,76.383124],[100.9192,76.552924],[101.104828,76.616441],[101.23463,76.767279],[100.981293,76.787177],[100.872081,76.8994],[101.206309,76.986029],[101.177094,77.059231],[101.583669,77.222317],[103.196625,77.658922],[103.59254,77.631578],[104.290294,77.737535],[104.257498,77.685289],[104.751638,77.706204],[104.866873,77.612982],[105.334239,77.541002],[105.873709,77.56859],[105.927257,77.45893],[106.259451,77.383531],[105.795665,77.373521],[105.455821,77.240465],[104.163585,77.107978],[105.934825,77.143215],[105.435395,77.000067],[106.80714,77.052476],[107.285818,77.020575],[107.474864,76.932074],[106.953624,76.720526],[106.724132,76.718899],[106.789236,76.685004],[106.624766,76.56684],[106.396658,76.604315],[106.417003,76.509223],[107.84547,76.534817],[107.974376,76.613227],[107.90211,76.671088],[108.003917,76.74018],[109.397797,76.759996],[110.034516,76.691962],[111.090343,76.762274],[111.143891,76.687893],[111.555431,76.684149],[111.466807,76.639797],[112.15797,76.490465],[111.871593,76.361396],[112.288422,76.451361],[112.670909,76.363105],[112.688975,76.253892],[112.547862,76.242377],[112.82016,76.171129],[112.786876,76.086249],[112.591807,76.054674],[112.962169,76.06509],[113.059337,76.163764],[113.302745,76.115627],[112.93214,76.259589],[113.216075,76.266791],[113.459727,76.148383],[113.555919,75.972235],[113.439789,75.944281],[113.547699,75.902899],[113.499848,75.861965],[113.808604,75.936469],[113.890147,75.85399],[113.72047,75.61933],[113.426117,75.540229],[113.617442,75.656236],[113.067556,75.683498],[113.128917,75.694322],[112.364919,75.856431],[112.870616,75.711493],[112.768809,75.702826],[112.878103,75.646674],[112.803396,75.604478],[112.882091,75.546047],[113.267426,75.651109],[113.254893,75.574368],[113.638438,75.519721],[113.719493,75.424628],[113.549083,75.40644],[113.653656,75.384345],[113.55128,75.269355],[112.879649,74.992906],[112.146821,74.878363],[111.743826,74.663153],[111.402843,74.691107],[110.960216,74.548489],[110.331554,74.496161],[110.280528,74.478217],[110.362559,74.41828],[110.212087,74.372382],[109.589854,74.31509],[109.942638,74.307766],[109.796886,74.161689],[108.996104,74.01557],[108.06658,73.635321],[107.172862,73.621649],[106.785411,73.340522],[106.062755,73.273017],[105.833832,73.002265],[105.066742,72.78559],[105.117849,72.775133],[105.482595,72.768134],[106.036368,72.952522],[106.823294,72.825614],[107.103263,72.856406],[106.25464,72.9672],[106.181488,73.108466],[106.333018,73.189643],[106.775564,73.141018],[108.316661,73.221584],[108.374848,73.232408],[108.238943,73.274359],[109.439138,73.440497],[109.180186,73.510199],[109.221202,73.545111],[109.713878,73.452582],[110.898611,73.685858],[110.917979,73.765611],[110.663748,73.787258],[109.673676,73.678168],[109.555512,73.755194],[109.535655,73.821234],[109.819835,73.877265],[110.021495,74.014472],[110.958995,73.908637],[111.103038,73.950019],[111.126231,74.030463],[111.536469,74.051174],[111.582205,74.025702],[111.223399,73.99258],[111.435557,73.812567],[112.371837,73.705308],[112.920177,73.778876],[112.822927,73.99844],[113.111501,73.892157],[113.427908,73.633979],[113.14503,73.460761],[113.49464,73.339911],[113.487071,72.96369],[113.097179,72.840806],[113.177257,72.732978],[114.090343,72.600653],[113.390961,72.680609],[113.158214,72.822699],[113.516856,72.952948],[113.600597,73.10399],[113.542491,73.236274],[114.000255,73.334459],[113.48585,73.494778],[115.413097,73.710395],[118.450206,73.588772],[118.997569,73.49136],[118.489513,73.484442],[118.371837,73.431708],[118.394216,73.238023],[119.534516,73.055243],[119.722504,72.95893],[120.533702,72.874213],[119.778331,72.984809],[121.791352,72.976874],[122.732188,72.826565],[122.313243,72.934394],[122.84311,72.872504],[122.95338,72.891547],[122.436697,72.977362],[122.61378,73.030951],[123.13795,72.918036],[123.338145,72.981106],[123.314301,73.025784],[123.467947,73.079576],[123.375824,73.155504],[123.670665,73.203315],[123.21811,73.408759],[123.383556,73.435777],[123.246104,73.545885],[123.568858,73.716051],[123.691254,73.604193],[123.947032,73.62637],[123.999522,73.641506],[123.87672,73.772528],[124.059581,73.684801],[124.35255,73.806586],[124.856212,73.724066],[124.986583,73.627875],[125.127208,73.688178],[125.179373,73.558539],[125.630219,73.534613],[125.538259,73.474514],[125.574962,73.423],[125.947765,73.541002],[125.911876,73.436103],[125.974864,73.43594],[126.288097,73.557278],[126.391124,73.464016],[126.151622,73.436103],[126.254568,73.402533],[126.181407,73.388902],[126.453136,73.395087],[126.589692,73.295803],[126.555675,73.254828],[126.658702,73.302639],[126.562999,73.381496],[126.932384,73.429877],[126.867198,73.517646],[127.050466,73.549018],[127.987559,73.470852],[127.922374,73.443061],[128.051768,73.416327],[127.98227,73.363349],[128.315929,73.361029],[128.23463,73.265367],[128.892589,73.216986],[128.816742,73.100898],[129.066173,73.127672],[129.443508,73.028944],[129.478931,72.97924],[129.359618,72.940012],[128.927519,72.980158],[128.290782,72.908637],[128.129242,72.786078],[129.358084,72.70303],[127.905447,72.667141],[128.611339,72.482733],[129.258311,72.463935],[129.241954,72.415676],[129.489024,72.354193],[129.357595,72.262885],[129.521658,72.249416],[129.241954,72.134467],[129.458751,72.141588],[129.333263,72.091051],[128.934093,72.072984],[128.494314,72.202786],[128.569509,72.24372],[127.665782,72.43008],[127.838878,72.342475],[127.747081,72.325629],[128.441661,72.100287],[128.926606,71.738756],[129.18393,71.809272],[129.030121,71.994818],[129.543712,71.722968],[129.305431,71.760891],[128.830333,71.679145],[128.927908,71.59101],[129.233084,71.560248],[129.42335,71.32453],[129.762706,71.14761],[129.645274,71.096625],[130.067719,71.085761],[130.201508,71.011054],[130.167328,70.968817],[130.619884,70.8664],[130.789073,70.971137],[130.882335,70.786078],[131.042003,70.738756],[131.546153,70.887112],[131.898285,71.222357],[132.188324,71.215888],[131.966075,71.254584],[132.091645,71.498114],[132.539317,71.883612],[132.717784,71.946234],[133.066274,71.971291],[133.341361,71.886265],[133.354003,71.83396],[133.031345,71.955099],[132.796395,71.910922],[132.714854,71.776801],[132.985216,71.719717],[133.151622,71.579169],[133.908702,71.3994],[134.739024,71.367987],[134.650645,71.297309],[134.810232,71.481838],[135.42335,71.531195],[135.340831,71.565904],[135.621593,71.623114],[136.443858,71.575873],[136.58725,71.487779],[136.774587,71.523424],[137.492198,71.346829],[137.403494,71.284735],[137.704926,71.284735],[137.720225,71.231431],[137.526134,71.220282],[137.842296,71.119696],[138.038259,71.131049],[137.739268,71.229478],[138.067231,71.224921],[138.215017,71.257636],[137.992442,71.292182],[138.322927,71.311225],[137.828624,71.387152],[138.098643,71.581448],[138.500255,71.613105],[138.401866,71.567084],[138.577159,71.551947],[138.554861,71.606879],[138.756033,71.643012],[139.008962,71.585273],[139.192231,71.415107],[139.421886,71.488756],[140.018321,71.470852],[139.761729,71.652045],[139.708018,71.769924],[139.765391,71.854926],[139.336192,71.942694],[139.634532,71.954535],[139.874197,72.178168],[140.192882,72.166734],[140.145518,72.224921],[139.56072,72.232001],[139.432384,72.182847],[139.555919,72.175442],[139.242198,72.145697],[139.089203,72.236884],[139.498383,72.48725],[140.576508,72.496324],[141.070079,72.57807],[140.932628,72.600653],[141.01295,72.690823],[140.595958,72.858588],[140.725841,72.898627],[142.2317,72.701565],[143.486827,72.7001],[145.409516,72.555894],[146.854015,72.354193],[145.371755,72.345933],[144.943207,72.438178],[144.482758,72.23664],[144.105479,72.277899],[144.415538,72.175035],[145.068696,72.26435],[146.92921,72.312649],[145.972504,71.856269],[145.999848,72.017646],[146.346934,72.127631],[146.078949,72.170396],[145.949718,72.083075],[145.84254,72.230048],[145.613292,72.24433],[145.701996,72.217027],[145.6338,72.093492],[145.800466,72.00731],[145.769298,71.913804],[145.329356,71.870998],[144.970958,71.980292],[144.962169,71.922268],[145.188731,71.856024],[144.926768,71.782538],[144.89324,71.675198],[145.333263,71.661078],[146.156505,71.820705],[147.195567,72.329901],[148.402029,72.31094],[149.611339,72.148383],[150.074229,71.894232],[149.709483,71.772895],[149.329112,71.89704],[149.148692,71.771389],[148.866059,71.810248],[149.039399,71.764594],[148.827159,71.675198],[149.965099,71.662787],[150.068858,71.615058],[149.868012,71.497016],[150.670177,71.466376],[150.036632,71.227607],[150.096202,71.210517],[150.738943,71.393988],[150.613292,71.284369],[151.033051,71.393988],[151.492442,71.333157],[152.133962,70.998114],[151.657481,70.990546],[152.540782,70.791327],[155.936371,71.099351],[157.989106,71.047512],[159.237804,70.829291],[159.84311,70.581529],[160.094249,70.309882],[159.958669,70.141059],[159.68865,70.133979],[159.889985,70.107652],[159.869314,70.005032],[159.692068,69.910875],[159.769054,69.76203],[160.99464,69.593166],[160.937755,69.440131],[161.038585,69.194892],[160.962901,69.105536],[161.340343,69.027533],[161.394054,68.943427],[161.106944,68.605211],[160.758067,68.564276],[160.821056,68.527411],[161.149913,68.570868],[161.330821,68.691962],[161.327647,68.797065],[161.575857,68.932603],[161.415375,69.331448],[161.676443,69.482327],[162.38852,69.681545],[163.584809,69.684068],[164.072765,69.7685],[164.834258,69.567404],[165.674729,69.595978],[166.893809,69.495917],[167.802013,69.775214],[168.036143,69.720526],[167.926443,69.654202],[168.256602,69.531684],[168.192068,69.379869],[168.288259,69.242662],[169.371267,69.076565],[169.484141,68.821682],[169.625499,68.777248],[170.351085,68.82807],[170.609548,68.752346],[170.458669,68.831732],[170.594574,68.909003],[170.694021,68.858466],[170.979259,69.055854],[171.159434,69.037258],[170.919444,69.164984],[170.913097,69.304145],[170.60613,69.589789],[170.180414,69.584636],[170.231553,69.688589],[170.559976,69.753854],[170.556814,70.092434],[170.406749,70.11286],[170.481619,70.142035],[172.701345,69.98314],[173.2671,69.790758],[173.475759,69.829169],[173.195974,69.900946],[173.460785,69.948554],[173.737804,69.851996],[175.715542,69.881453],[175.529737,69.856304],[175.997177,69.769363],[176.143482,69.78209],[176.145792,69.839552],[175.790229,69.873085],[176.127615,69.893785],[176.242035,69.774359],[176.976899,69.634426],[178.772634,69.415229],[179.048839,69.336371],[178.75587,69.372992],[178.653982,69.31745],[179.261485,69.272162],[179.958507,68.995673],[179.576915,69.110907],[179.729991,69.006537],[180,68.98105],[180,65.06619],[179.478689,64.82274],[178.561534,64.591539],[178.485606,64.6105],[178.75587,64.682196],[177.601736,64.725898],[177.427094,64.821031],[177.491873,64.850084],[177.399913,64.936469],[176.93686,65.082831],[176.306326,65.055487],[176.914724,65.049302],[177.27589,64.850002],[177.025645,64.774359],[176.62615,64.867906],[176.45753,64.809149],[176.065196,64.958645],[175.71461,64.793647],[174.441742,64.69245],[175.711681,64.774726],[176.038748,64.92182],[176.41505,64.714748],[176.100841,64.548407],[176.428884,64.678941],[176.727387,64.579169],[176.98585,64.711127],[177.491873,64.767524],[177.369395,64.521674],[177.669932,64.305121],[178.183849,64.205797],[178.100841,64.23786],[178.250662,64.32685],[178.243907,64.400092],[178.183849,64.411282],[178.564708,64.060614],[178.382579,63.979234],[178.64324,64.000963],[178.762869,63.642768],[178.268403,63.588446],[178.341482,63.527411],[178.675466,63.563707],[178.720225,63.476467],[178.603201,63.419094],[178.663585,63.390367],[178.815766,63.419664],[178.770844,63.59394],[179.005544,63.321357],[178.848155,63.404202],[178.809337,63.350491],[179.386485,63.1612],[179.403656,63.055406],[179.249522,62.984687],[179.589041,62.762397],[179.383637,62.520819],[179.116059,62.472235],[179.103282,62.297919],[178.061046,62.541083],[177.306814,62.582099],[177.324474,62.727729],[177.454438,62.808539],[177.188975,62.709662],[177.009532,62.867255],[176.958018,62.643541],[177.26588,62.588324],[176.661876,62.534613],[176.320567,62.335028],[175.337901,62.082831],[175.395193,62.122748],[175.273611,62.152574],[175.230317,62.043931],[174.765147,61.916693],[174.625499,61.982856],[174.690115,61.861274],[174.104503,61.848538],[173.824718,61.660549],[173.544607,61.749091],[173.49586,61.589179],[173.128429,61.396959],[172.715587,61.430732],[172.931326,61.351549],[172.894542,61.277899],[172.667817,61.334459],[172.766775,61.262519],[172.573741,61.187201],[172.338227,61.211005],[172.434418,61.149563],[172.286388,61.123684],[172.489594,61.081244],[172.448253,61.044338],[172.263031,61.01496],[172.009288,61.101142],[172.200857,60.975775],[172.006847,60.855211],[171.957774,60.953111],[171.961599,60.854682],[171.548595,60.809516],[171.632579,60.744818],[171.436209,60.699408],[171.420258,60.77619],[171.374848,60.654975],[171.16033,60.556586],[170.750743,60.529486],[170.81072,60.49844],[170.717296,60.428168],[170.51588,60.450629],[170.662934,60.350246],[170.473969,60.232245],[170.400645,59.965644],[170.265147,59.920356],[169.936046,60.075751],[169.843761,60.210761],[169.97462,60.232164],[169.755219,60.27558],[169.69337,60.41649],[169.235362,60.621161],[167.781912,60.548163],[167.634939,60.455268],[167.365977,60.465806],[167.374034,60.405951],[167.229666,60.359687],[167.024913,60.42768],[167.052745,60.340522],[166.199067,59.826077],[166.109548,59.82746],[166.102794,59.90941],[166.287771,60.224677],[166.232595,60.395982],[166.39088,60.492255],[166.052257,60.453843],[165.946056,60.38935],[166.168956,60.45246],[165.245779,60.103339],[164.999278,60.135321],[165.198578,60.005194],[164.80714,59.789618],[164.723318,59.956773],[164.488536,60.111029],[164.140636,59.950995],[164.172048,59.867621],[164.041677,59.907538],[164.204845,59.997504],[163.651541,60.051663],[163.66212,59.986029],[163.765636,59.997504],[163.714366,59.926459],[163.361827,59.82746],[163.390147,59.631537],[163.183442,59.565497],[163.321462,59.411038],[163.306651,59.271308],[163.066905,59.234076],[163.218616,59.150678],[163.226052,59.055495],[163.012462,59.161444],[162.903575,59.133979],[163.077758,59.007594],[163.033211,58.948608],[162.920988,58.923924],[162.902599,58.983954],[162.405294,58.654445],[161.993228,58.087392],[162.082042,57.882473],[162.455539,57.784351],[162.34547,57.691596],[162.521789,57.754156],[162.559337,57.949286],[162.711599,57.966742],[163.218942,57.813458],[163.32951,57.708945],[163.074834,57.461],[162.789017,57.32652],[162.859851,57.051443],[162.7835,56.763029],[163.238969,56.733021],[163.366069,56.180659],[162.993195,56.010626],[162.583507,56.22484],[163.116052,56.500504],[162.989949,56.533434],[162.94261,56.449028],[162.682944,56.483867],[162.429454,56.394029],[162.59254,56.26849],[162.056752,56.069135],[161.764131,55.554846],[161.812981,55.179184],[162.12672,54.881171],[162.130147,54.772415],[161.723806,54.509426],[161.281912,54.498847],[161.15089,54.597317],[160.741222,54.535224],[160.052989,54.175727],[159.917979,54.005357],[159.818207,53.659654],[159.969249,53.570299],[159.96046,53.496772],[159.825043,53.5362],[159.796641,53.481513],[159.920665,53.396959],[160.058604,53.097357],[159.756847,53.220893],[159.81072,53.270087],[159.163829,53.134914],[158.739431,52.903306],[158.576427,53.067857],[158.45338,53.034613],[158.435557,52.919745],[158.632986,52.916978],[158.499766,52.778957],[158.575857,52.667548],[158.421153,52.659125],[158.517345,52.524726],[158.430919,52.418891],[158.543468,52.420722],[158.558604,52.324856],[158.390147,52.226223],[158.286876,51.967515],[157.759192,51.543983],[157.536876,51.48607],[157.475738,51.361474],[156.669988,50.863917],[156.761937,50.984431],[156.721874,51.195482],[156.535492,51.289252],[156.439192,52.216031],[156.296723,52.492336],[156.372325,52.446845],[156.431895,52.524604],[156.265726,52.598171],[156.111196,52.93542],[155.551177,55.284205],[155.689789,56.047512],[155.980865,56.670493],[156.125255,56.832017],[156.174001,56.845852],[156.063731,56.715969],[156.461275,56.948406],[156.552094,57.108954],[156.718028,57.08275],[156.976491,57.391016],[156.930675,57.658433],[156.783051,57.739895],[156.981456,57.857123],[157.241873,57.770494],[157.4699,57.803941],[157.695079,58.027289],[158.22462,58.025458],[158.320974,57.954413],[158.251231,58.038398],[159.198741,58.48664],[159.727794,58.883043],[159.729666,59.011298],[159.864431,59.14057],[160.336274,59.36107],[160.52003,59.559963],[160.87379,59.632148],[161.466655,60.032239],[161.897215,60.202961],[161.994232,60.430608],[162.753673,60.645941],[162.916688,60.760006],[163.324821,60.804665],[163.315319,60.750624],[163.728173,60.868382],[163.774263,60.91852],[163.53604,60.990775],[163.625042,61.121073],[164.004242,61.326565],[163.976573,61.419745],[163.759494,61.479001],[163.866057,61.646524],[164.044815,61.683433],[164.122901,62.249613],[164.243578,62.327977],[164.73903,62.460367],[165.316173,62.324205],[165.110875,62.429416],[165.65089,62.459174],[165.110029,62.485326],[164.446919,62.689419],[163.26705,62.521995],[163.228589,62.384894],[163.351698,62.350112],[163.091487,62.226638],[163.101079,62.092076],[163.17628,62.068183],[163.000305,61.828752],[163.321801,61.67579],[163.0447,61.517129],[162.803531,61.71099],[162.622667,61.659069],[162.746109,61.624102],[162.672076,61.604551],[162.386136,61.658919],[162.02693,61.400906],[161.900076,61.427476],[161.913018,61.357294],[161.807293,61.372207],[160.915149,60.899645],[160.791449,60.734197],[160.410319,60.706086],[160.185933,60.578406],[160.149612,60.650713],[160.251685,60.772418],[160.170095,60.824897],[160.444215,61.03622],[159.797539,60.931103],[159.98214,61.152187],[159.907725,61.259426],[159.803512,61.241003],[159.996383,61.284324],[159.943748,61.297854],[159.999244,61.382414],[160.106853,61.429963],[160.0515,61.448904],[160.28514,61.554107],[160.272034,61.686523],[160.399288,61.793537],[160.345714,61.944729],[160.039012,61.846246],[159.898331,61.718134],[159.577213,61.652771],[159.536511,61.785284],[159.427592,61.784415],[159.394018,61.875546],[159.117796,61.91666],[158.920746,61.903022],[158.853038,61.826321],[158.260227,61.825934],[158.063437,61.742286],[157.537341,61.791946],[157.027599,61.65058],[156.923833,61.551813],[156.679463,61.524017],[156.662918,61.210892],[156.045202,60.973033],[155.9406,60.880458],[155.913621,60.703583],[155.818126,60.723212],[154.952403,60.367418],[154.490408,59.972398],[154.563698,60.093705],[154.433597,60.076429],[154.487804,59.896308],[154.22077,59.86962],[154.361176,59.584703],[154.241804,59.665741],[154.091061,59.530569],[154.123736,59.473608],[154.263782,59.436878],[154.402311,59.535015],[154.419688,59.439765],[154.515856,59.410386],[154.426524,59.534857],[154.978689,59.490668],[155.209713,59.34388],[155.194102,59.175767],[154.813301,59.194172],[154.804879,59.132226],[154.438021,59.215521],[154.307975,59.094159],[154.026378,59.054389],[153.691975,59.185061],[153.750905,59.218532],[153.369151,59.241278],[153.299978,59.152493],[153.35022,59.13402],[153.034369,59.067841],[152.899913,58.903632],[152.55674,58.949981],[152.36671,59.057278],[152.020298,58.875037],[151.337277,58.838867],[151.103405,59.090555],[152.282785,59.204837],[152.147472,59.293036],[151.760265,59.299262],[151.637576,59.48248],[151.424627,59.597716],[150.937106,59.555868],[150.779912,59.432263],[150.535562,59.478969],[150.77156,59.536958],[150.715772,59.556007],[149.326834,59.758612],[149.378593,59.724654],[149.033214,59.624823],[149.21697,59.487982],[148.968435,59.452216],[148.869151,59.474921],[148.88795,59.546291],[148.727042,59.450332],[148.787254,59.358765],[148.989906,59.375377],[148.96419,59.27327],[148.787937,59.236484],[148.470876,59.25651],[148.336113,59.397023],[148.219436,59.40887],[147.492035,59.246772],[146.503917,59.463121],[146.358961,59.42994],[146.322957,59.179952],[146.050292,59.138873],[145.833998,59.275307],[145.975797,59.398749],[145.818126,59.415961],[143.840505,59.402476],[143.493617,59.318518],[143.164806,59.381008],[142.01531,58.99726],[141.583734,58.617749],[140.740001,58.271308],[140.458573,57.831787],[140.052745,57.720445],[139.8143,57.507362],[139.113811,57.234385],[138.902473,57.031213],[138.623057,56.959296],[138.56152,56.826548],[138.484907,56.84954],[138.148448,56.603583],[138.208496,56.468929],[137.914067,56.359526],[137.698029,56.126202],[136.462847,55.579291],[136.142589,55.314439],[135.469064,55.056664],[135.183724,54.859155],[135.265147,54.721666],[135.654145,54.665961],[135.725108,54.577704],[136.823497,54.647528],[136.826508,54.458157],[136.75408,54.391669],[136.806488,54.173774],[136.663585,53.947089],[136.764334,53.775295],[137.18572,53.85106],[137.279959,54.022773],[137.061371,54.145697],[137.419119,54.311347],[137.711681,54.330471],[137.483897,54.084662],[137.405121,54.146674],[137.302745,54.087877],[137.602061,53.953843],[137.862804,53.967597],[137.594981,53.813137],[137.55421,53.714301],[137.217621,53.600572],[137.335134,53.529364],[138.150076,53.672756],[138.395681,53.928412],[138.55893,53.989569],[138.579926,53.828315],[138.215587,53.491767],[138.473155,53.525946],[138.771821,54.01557],[138.7671,54.104682],[138.675792,54.071519],[138.746593,54.242499],[138.643565,54.297187],[139.302257,54.190619],[139.767589,54.303941],[139.875173,54.18887],[140.240571,54.056952],[140.3567,53.790025],[140.581228,53.639309],[141.377696,53.309638],[141.424001,53.174872],[141.170421,52.983466],[140.706716,53.111029],[141.26059,52.85224],[141.212087,52.797593],[141.316254,52.659125],[141.135265,52.470526],[141.167166,52.364895],[141.546886,52.176907],[141.354991,52.105902],[141.31365,52.004096],[141.417817,51.954739],[140.932628,51.628241],[140.901378,51.494086],[140.800059,51.454169],[140.896007,51.428778],[140.87379,51.371772],[140.68629,51.312812],[140.706716,51.031684],[140.542247,50.877143],[140.442149,50.530097],[140.545421,50.344062],[140.549164,50.114081],[140.674571,50.098212],[140.415212,49.874579],[140.517263,49.785549],[140.560802,49.575385],[140.432872,49.306138],[140.351085,49.295071],[140.365326,49.132392],[140.219249,49.013861],[140.39796,48.992743],[140.212983,48.767401],[140.177013,48.461819],[139.261729,47.787909],[138.974864,47.323676],[138.594819,47.067328],[138.344574,46.548733],[138.034028,46.155951],[137.144542,45.374661],[136.825531,45.204088],[136.235362,44.651679],[136.165294,44.496527],[135.837901,44.362698],[135.624034,44.038479],[135.463634,43.949652],[135.487885,43.832709],[135.285411,43.691881],[135.182221,43.710639],[135.230724,43.682115],[135.115326,43.500678],[134.193696,43.079779],[133.926768,42.882717],[133.193696,42.706773],[133.062022,42.688422],[132.911632,42.818752],[132.833018,42.749823],[132.774425,42.895901],[132.289317,42.882717],[132.381684,43.19123],[132.314952,43.31566],[131.972016,43.082506],[131.847179,43.089911],[132.051524,43.297919],[131.895274,43.31863],[131.774181,43.302069],[131.564952,42.996283],[131.38795,42.930121],[131.458995,42.884426],[131.257069,42.751561],[131.185346,42.55955],[131.120347,42.66719],[130.872569,42.603949],[130.815478,42.634172],[130.944591,42.631171],[130.65667,42.66408],[130.842133,42.558539],[130.703603,42.295241],[130.530771,42.53048],[130.571906,42.621818],[130.40375,42.677551],[130.586478,42.817258],[131.073994,42.896582],[131.269641,43.364744],[131.166908,43.521066],[131.261476,44.046098],[131.065829,44.682028],[130.930127,44.824965],[131.419502,44.958962],[131.853068,45.337596],[131.931512,45.248712],[132.92122,45.027899],[133.09878,45.10779],[133.140224,45.435419],[133.413489,45.573343],[133.514362,45.879268],[133.658125,45.93451],[133.687374,46.141836],[133.89408,46.291336],[133.926016,46.371305],[133.847778,46.456985],[134.005288,46.645836],[134.114222,47.055811],[134.197111,47.085163],[134.17551,47.310421],[134.535281,47.465579],[134.772579,47.710732],[134.566907,47.985496],[134.718733,48.263412],[134.206206,48.359659],[133.737914,48.251087],[133.544024,48.10151],[133.091958,48.10678],[132.820657,47.942372],[132.660357,47.931339],[132.556694,47.723496],[132.475769,47.706753],[130.983457,47.700035],[130.906976,47.884262],[130.66482,48.102052],[130.822123,48.333769],[130.759594,48.467921],[130.639292,48.477249],[130.529738,48.616258],[130.66668,48.841464],[130.625286,48.87436],[130.201799,48.882599],[129.926467,49.025691],[129.735057,49.238908],[129.551813,49.290481],[129.480603,49.421274],[129.316065,49.344121],[129.066881,49.361639],[128.750208,49.484526],[128.790412,49.527107],[128.686749,49.603227],[128.198304,49.538993],[127.854655,49.584881],[127.538654,49.789934],[127.486668,50.02563],[127.589814,50.186395],[127.354634,50.298636],[127.295516,50.722797],[126.931766,51.063783],[126.905153,51.208116],[126.981169,51.308859],[126.808983,51.289067],[126.890115,51.407018],[126.700566,51.562719],[126.715759,51.71749],[126.446059,51.982539],[126.551324,52.11297],[126.312217,52.22795],[126.392057,52.264356],[126.212327,52.533048],[125.977302,52.610769],[126.104065,52.754455],[125.856948,52.899046],[125.668691,52.877962],[125.733545,52.981651],[125.637995,53.046143],[125.073688,53.212205],[124.848121,53.113684],[123.614294,53.563347],[122.293703,53.492653],[121.203485,53.276749],[120.874255,53.28016],[120.065828,52.783213],[120.042677,52.613508],[120.112854,52.584518],[120.429941,52.636091],[120.707391,52.550334],[120.628378,52.357891],[120.783201,52.161985],[120.705789,51.979955],[120.064898,51.614887],[119.728433,51.064533],[119.517955,50.904801],[119.496664,50.737059],[119.146711,50.404263],[119.363959,50.319462],[119.31621,50.092654],[119.091676,49.986562],[118.670565,49.962068],[117.873766,49.513206],[117.057588,49.672886],[116.21764,50.013848],[115.750898,49.884967],[115.387819,49.891064],[114.75375,50.236211],[114.333,50.272333],[113.579661,50.019945],[113.212448,49.822025],[113.071578,49.617748],[112.777126,49.501372],[112.473269,49.534135],[112.030195,49.411869],[111.362742,49.367634],[110.731359,49.137674],[110.382234,49.240045],[110.225034,49.165372],[109.286693,49.33854],[108.538057,49.32743],[108.032661,49.589326],[107.962898,49.661104],[107.946517,49.933491],[107.192196,50.006044],[106.656518,50.327007],[106.244863,50.290265],[105.984879,50.399767],[105.32864,50.476455],[104.405802,50.300548],[104.121685,50.148258],[103.306593,50.190426],[103.20169,50.296983],[102.887135,50.314966],[102.302933,50.563892],[102.329392,50.718817],[102.203043,50.829353],[102.179272,51.286431],[102.091267,51.364644],[101.315448,51.463604],[100.510898,51.726895],[99.917911,51.749478],[99.709655,51.880581],[99.32389,51.934221],[98.886398,52.128551],[98.711111,51.845105],[98.33222,51.718317],[98.233828,51.516521],[98.020611,51.435182],[97.80636,51.001126],[97.984644,50.846923],[98.023298,50.642026],[98.275376,50.537692],[98.262457,50.283805],[98.047999,50.023046],[97.566582,49.916799],[97.57361,49.847501],[97.301688,49.725545],[97.005892,49.865278],[96.346294,49.888584],[96.086362,49.992764],[95.922651,49.944601],[95.827876,50.020152],[95.480611,49.892201],[95.076398,49.945531],[94.921575,50.045887],[94.592293,50.029816],[94.354478,50.223602],[94.273346,50.544771],[93.104942,50.598825],[92.921077,50.792456],[92.671893,50.675616],[92.384572,50.865579],[92.15885,50.689103],[91.749779,50.684091],[91.382153,50.454958],[91.012046,50.425295],[90.699714,50.225152],[89.667684,49.92729],[89.615336,49.84192],[89.682308,49.708336],[89.339435,49.580799],[89.187352,49.621985],[89.160738,49.502716],[88.962662,49.46215],[88.88892,49.54168],[88.719421,49.442926],[88.19997,49.454347],[88.108503,49.247434],[87.816324,49.165837]]],[[[22.76722,54.35627],[19.63077,54.446652],[19.956309,54.756903],[19.976736,54.964586],[20.482432,54.975531],[20.924569,55.282658],[20.989431,55.273116],[20.558116,54.981757],[21.090668,54.901557],[21.243419,54.961249],[21.181326,55.193345],[21.349839,55.287789],[22.076823,55.02858],[22.541084,55.075761],[22.844321,54.832261],[22.681747,54.5699],[22.76722,54.35627]]],[[[33.628517,46.124935],[33.846216,46.195705],[34.504285,45.95068],[34.735309,45.953013],[34.809983,45.784996],[35.480724,45.297797],[35.694998,45.33039],[35.817149,45.464057],[35.946625,45.372138],[36.252452,45.461493],[36.631114,45.374742],[36.489268,45.33633],[36.367849,45.048774],[35.847992,44.992418],[35.706391,45.094672],[35.469574,45.10102],[35.108409,44.824937],[34.533214,44.752916],[34.10255,44.425116],[33.741222,44.395901],[33.379649,44.564521],[33.551117,44.614651],[33.537364,44.818996],[33.619884,44.908637],[33.562511,45.09394],[32.899262,45.354234],[32.591482,45.320136],[32.48585,45.394924],[32.936778,45.662502],[33.691661,45.860745],[33.759451,45.922268],[33.632009,45.944403],[33.628517,46.124935]]],[[[-180,65.066229],[-180,68.98237],[-179.579905,68.908637],[-179.540964,68.963284],[-179.26114,68.80312],[-178.844813,68.752361],[-178.517127,68.602962],[-178.687598,68.660659],[-178.701513,68.551619],[-178.041819,68.42768],[-177.95051,68.337714],[-178.060374,68.276923],[-177.99706,68.256537],[-177.732371,68.326117],[-178.345164,68.53441],[-177.496327,68.292955],[-177.765574,68.262641],[-177.338083,68.244574],[-177.166249,68.137397],[-176.564538,68.010316],[-176.779142,68.001902],[-176.49952,67.888605],[-176.23961,67.897574],[-176.533319,68.002962],[-175.920725,67.85102],[-176.084707,67.832077],[-176.13738,67.777359],[-176.064958,67.748273],[-176.300463,67.724244],[-176.205792,67.645152],[-175.66966,67.605048],[-176.007146,67.722794],[-175.824029,67.81296],[-175.2865,67.667106],[-175.12677,67.49989],[-175.218331,67.534199],[-175.172398,67.435114],[-175.350453,67.382514],[-175.31117,67.34468],[-175.023338,67.374182],[-175.056101,67.46015],[-174.777099,67.328437],[-174.889932,67.211563],[-174.897755,67.053957],[-174.700021,66.91652],[-174.758637,66.908778],[-174.68782,66.732417],[-174.97411,66.682115],[-174.467714,66.540059],[-174.4635,66.279748],[-174.165974,66.399375],[-174.22289,66.444565],[-174.015907,66.472171],[-173.93316,66.353603],[-173.999313,66.21925],[-173.713934,66.411213],[-173.876073,66.515251],[-174.214359,66.561426],[-173.923696,66.686781],[-174.017776,66.94747],[-174.239192,66.971785],[-174.184358,67.009118],[-174.234217,67.034746],[-174.474235,67.018827],[-174.356309,67.061358],[-174.61621,67.040955],[-173.547078,67.090677],[-173.463582,67.029487],[-173.07126,67.044233],[-173.272159,67.051951],[-173.145269,67.005635],[-173.309471,66.950769],[-173.318839,66.844369],[-173.241542,66.828454],[-173.102283,66.837521],[-173.213823,66.903168],[-173.083223,66.982929],[-172.66583,66.885043],[-172.362487,66.933213],[-172.928476,67.02157],[-172.994589,67.01027],[-171.718517,66.950777],[-171.640215,66.929815],[-171.694169,66.879572],[-171.630033,66.830058],[-171.353401,66.771853],[-171.388079,66.715183],[-171.27313,66.640643],[-170.385193,66.316532],[-170.653066,66.248481],[-170.31496,66.293149],[-170.106204,66.193047],[-170.288836,66.17988],[-170.223582,66.148139],[-169.922678,66.150295],[-170.043568,66.193305],[-169.990915,66.190131],[-169.654501,66.085305],[-169.71861,66.006133],[-169.981516,66.039008],[-170.606313,65.861314],[-170.532419,65.852729],[-170.571156,65.761217],[-170.488773,65.670758],[-170.588166,65.604566],[-170.875437,65.623358],[-171.463265,65.83259],[-171.263865,65.655585],[-170.981812,65.592054],[-171.038654,65.466987],[-171.250893,65.521991],[-172.034203,65.474438],[-171.743619,65.499661],[-172.260081,65.545233],[-172.206029,65.580766],[-172.322352,65.622113],[-172.272051,65.64775],[-172.401562,65.681017],[-172.82551,65.691107],[-172.389722,65.581817],[-172.388609,65.432236],[-172.121376,65.483979],[-172.188539,65.24245],[-172.692209,65.268378],[-172.201531,65.216874],[-172.215321,65.090277],[-172.086614,65.093638],[-172.323004,64.948345],[-173.000133,64.855268],[-173.164116,64.764603],[-172.805735,64.803371],[-172.750467,64.762366],[-173.008739,64.675552],[-172.844633,64.64887],[-172.966858,64.572397],[-172.465077,64.558417],[-172.220244,64.407338],[-172.545226,64.376505],[-172.932188,64.483706],[-173.013051,64.461575],[-172.788324,64.437861],[-172.848677,64.304386],[-173.106265,64.24098],[-173.368253,64.285478],[-173.274485,64.431098],[-173.388539,64.598822],[-173.365994,64.422475],[-173.598245,64.330628],[-173.98933,64.412348],[-174.042293,64.528258],[-174.652292,64.725328],[-174.591974,64.817405],[-174.653223,64.897901],[-174.723082,64.80721],[-174.897983,64.798138],[-174.918748,64.855543],[-175.056776,64.759414],[-175.456841,64.797215],[-175.352526,64.826459],[-175.850697,64.990383],[-175.740677,65.123435],[-175.881554,65.258455],[-175.908839,65.402953],[-176.044057,65.452094],[-176.976552,65.608059],[-177.415925,65.440748],[-178.461101,65.472741],[-178.528798,65.511176],[-178.411089,65.681765],[-178.872507,65.893948],[-178.978383,66.049262],[-178.725334,65.991926],[-178.682444,66.101874],[-178.495675,66.140127],[-178.462302,66.367891],[-178.603719,66.360756],[-178.722902,66.209747],[-178.895781,66.149711],[-179.117665,66.242662],[-179.09496,66.345608],[-179.19811,66.399319],[-179.171457,66.289455],[-179.424021,66.344062],[-179.251955,66.14517],[-179.574583,66.111297],[-179.682322,66.18773],[-179.817494,65.984117],[-179.766672,65.81981],[-179.277044,65.630256],[-179.26051,65.532179],[-179.464002,65.416991],[-179.52421,65.235361],[-179.66309,65.141263],[-180,65.066229]]],[[[180,71.53642],[180,70.992423],[179.80698,70.913097],[178.832042,70.808539],[178.622732,71.037746],[178.869151,71.209662],[180,71.53642]]],[[[-180,70.99201],[-180,71.536688],[-179.735951,71.586412],[-178.394846,71.540717],[-177.445912,71.222642],[-177.930491,71.041449],[-179.342112,70.908026],[-180,70.99201]]],[[[131.920095,43.019517],[131.790538,42.974555],[131.787364,43.034369],[131.920095,43.019517]]],[[[142.529063,54.297187],[142.543224,54.237209],[142.649099,54.283393],[142.733572,54.421454],[143.003917,54.135484],[142.861339,53.888129],[143.052745,53.607245],[143.006521,53.575751],[143.121104,53.518052],[143.070811,53.461086],[143.210623,53.363227],[143.360525,52.871405],[143.304698,52.471381],[143.224457,52.361762],[143.286469,52.565334],[143.235362,52.556708],[143.097667,52.104234],[143.174815,51.866604],[143.310395,51.75434],[143.221202,51.531643],[143.337901,51.508368],[143.346528,51.635932],[143.447765,51.508368],[143.474946,51.343248],[143.379405,51.350084],[143.509288,51.280666],[143.790294,50.309231],[144.117442,49.767808],[144.282725,49.25019],[144.441417,49.013861],[144.66684,48.889635],[144.722016,48.672065],[144.503673,48.948717],[144.006033,49.269355],[143.302013,49.405178],[143.249766,49.373277],[143.355154,49.320014],[143.619395,49.324042],[143.174164,49.245998],[143.0088,49.123033],[142.969249,48.878485],[142.549571,48.020087],[142.545258,47.766669],[142.748057,47.44477],[143.016368,47.253607],[143.174083,46.862738],[143.10613,46.792426],[143.365001,46.686754],[143.177745,46.832465],[143.497895,46.800727],[143.60963,46.384223],[143.4463,46.047105],[143.337901,46.40941],[143.368663,46.555487],[142.82781,46.592963],[142.710948,46.745185],[142.457205,46.630805],[142.094249,45.902777],[141.942068,46.024359],[141.81422,46.538398],[142.056651,47.053697],[141.96046,47.591783],[142.177419,47.930406],[142.174001,48.151313],[141.857432,48.774237],[141.967296,48.862372],[142.142263,49.568061],[142.150076,50.345689],[142.045177,50.528266],[142.269216,51.112413],[142.078949,51.471381],[141.703461,51.724026],[141.78712,51.72484],[141.809581,51.80622],[141.639008,51.884508],[141.641856,52.318183],[141.843761,52.590806],[141.928396,53.020657],[141.768809,53.371649],[142.241059,53.529364],[142.284841,53.371405],[142.434337,53.37816],[142.675304,53.518215],[142.498057,53.615627],[142.515391,53.672756],[142.800059,53.697577],[142.739106,53.845689],[142.604177,53.697577],[142.708263,53.948228],[142.282563,54.297187],[142.529063,54.297187]]],[[[28.634613,60.601386],[28.561697,60.594468],[28.575531,60.643052],[28.634613,60.601386]]],[[[-172.243096,64.815942],[-172.043356,64.751183],[-172.633193,64.684439],[-172.461344,64.827595],[-172.243096,64.815942]]],[[[70.130626,66.556342],[69.835297,66.488837],[69.545421,66.59101],[69.575206,66.638251],[69.424571,66.768378],[69.15089,66.775377],[69.425466,66.806708],[69.635509,66.693834],[69.575206,66.731391],[70.007579,66.710679],[70.130626,66.556342]]],[[[51.299571,68.495429],[51.498302,68.488593],[50.792491,68.379299],[51.299571,68.495429]]],[[[55.369477,68.947903],[55.506602,68.913764],[55.259125,68.912909],[55.369477,68.947903]]],[[[54.643321,69.009345],[54.694835,68.99726],[54.580251,68.957465],[54.643321,69.009345]]],[[[161.487071,69.026679],[161.422211,68.893256],[161.421886,69.021552],[161.141449,69.087348],[161.168956,69.325263],[161.073253,69.445014],[161.357921,69.550116],[161.319102,69.242662],[161.487071,69.026679]]],[[[161.631114,69.561103],[161.588552,69.436184],[161.410167,69.415513],[161.402354,69.580797],[161.487315,69.64057],[161.631114,69.561103]]],[[[71.353363,73.385199],[71.214122,73.285061],[71.144298,73.340522],[71.353363,73.385199]]],[[[51.409516,71.806138],[51.439626,71.942206],[51.610037,72.091702],[51.84311,72.157945],[52.368419,72.075344],[52.368419,72.162421],[52.46461,72.154975],[52.402029,72.223212],[52.484548,72.209621],[52.413585,72.269517],[52.668793,72.306383],[52.600108,72.355414],[52.868175,72.346747],[52.712576,72.366523],[52.67335,72.413275],[52.784679,72.446194],[52.679373,72.471503],[53.077485,72.593573],[52.764903,72.56037],[52.806,72.60928],[52.738455,72.62051],[53.21811,72.648424],[52.375255,72.730373],[52.595958,72.852444],[53.026866,72.924994],[53.382009,72.888617],[53.141856,72.989203],[53.382009,73.011542],[53.121918,73.100898],[53.32252,73.220852],[53.753184,73.298896],[54.190766,73.272203],[54.934825,73.42536],[56.435232,73.230129],[56.559906,73.166205],[55.80836,73.066107],[56.466156,73.052476],[56.377208,73.006659],[55.642263,72.97191],[56.212413,72.977362],[56.2199,72.853217],[56.13795,72.782294],[55.431651,72.78559],[55.81072,72.758368],[55.946056,72.668891],[55.648774,72.704088],[55.719249,72.651842],[55.618175,72.542182],[55.2671,72.586982],[55.553071,72.520209],[55.15211,72.462795],[55.442149,72.444159],[55.459239,72.350491],[55.388194,72.3133],[55.567719,72.208401],[55.363129,72.076972],[55.42628,72.064602],[55.390473,71.942694],[55.246593,71.955715],[55.495616,71.902086],[55.67213,71.611029],[56.105724,71.258979],[57.038748,70.869818],[57.638682,70.729885],[57.480724,70.744452],[57.539317,70.704779],[57.440115,70.630805],[56.740489,70.702582],[57.302908,70.586127],[56.585297,70.64232],[56.513438,70.725735],[56.581309,70.737738],[56.476817,70.750393],[56.199229,70.709377],[56.6421,70.597724],[56.475922,70.547919],[56.400645,70.56387],[56.562511,70.579047],[55.84669,70.683905],[56.047862,70.585273],[55.884044,70.585273],[55.625255,70.633734],[55.791515,70.633694],[55.75766,70.693915],[55.444591,70.743598],[55.36378,70.718166],[55.472504,70.65412],[55.290863,70.68891],[55.162608,70.553127],[54.533214,70.813056],[54.47877,70.736029],[54.767426,70.647935],[54.307465,70.773383],[53.459239,70.823554],[53.300141,70.8664],[53.704763,70.845933],[53.72934,70.936469],[53.491873,71.072455],[54.232432,71.119696],[53.992198,71.16059],[54.12794,71.207709],[54.064464,71.237006],[53.733084,71.171698],[53.461681,71.254706],[53.951182,71.462226],[53.413341,71.311754],[53.25172,71.456041],[53.444102,71.545478],[52.903087,71.392727],[52.8213,71.469916],[52.635427,71.462226],[52.561371,71.627997],[52.38559,71.549547],[52.40504,71.490465],[52.271169,71.57274],[52.141856,71.545478],[52.279063,71.476549],[51.86199,71.456244],[51.549815,71.560248],[51.409516,71.806138]]],[[[127.404796,73.518622],[127.690929,73.542873],[128.063324,73.49136],[127.404796,73.518622]]],[[[86.892345,73.696723],[86.783946,73.608222],[86.398936,73.594387],[86.892345,73.696723]]],[[[97.158051,76.088284],[97.293305,76.09634],[96.698578,75.995795],[97.158051,76.088284]]],[[[95.177419,76.170844],[95.047048,76.16413],[95.081228,76.218573],[95.177419,76.170844]]],[[[94.999197,76.273261],[94.848888,76.186103],[94.434744,76.202623],[94.999197,76.273261]]],[[[96.57488,76.341498],[96.72462,76.346381],[96.383311,76.335273],[96.57488,76.341498]]],[[[96.896658,76.256496],[97.04127,76.239081],[96.715994,76.208686],[96.876801,76.322252],[96.82838,76.341498],[97.052989,76.314846],[96.787364,76.212388],[96.896658,76.256496]]],[[[94.163097,76.596015],[94.316417,76.589667],[93.868337,76.588568],[94.163097,76.596015]]],[[[95.266124,76.671088],[95.327485,76.664252],[94.84669,76.637844],[95.122081,76.718899],[95.266124,76.671088]]],[[[56.98699,74.690497],[56.626801,74.693549],[56.450938,74.747992],[56.500987,74.793524],[55.832693,74.800035],[56.664561,74.944322],[56.294932,74.96483],[56.44158,75.004381],[56.397472,75.036526],[55.903331,74.991278],[55.946056,75.074042],[55.747732,75.075385],[56.037934,75.217597],[56.337413,75.189643],[56.445811,75.067288],[56.530447,75.078437],[56.88087,75.223293],[56.8921,75.280463],[56.76059,75.287014],[56.836192,75.355211],[57.046235,75.398139],[57.741059,75.327867],[57.532725,75.478664],[58.195649,75.603217],[57.954275,75.624091],[57.979503,75.671942],[58.604503,75.732611],[58.536143,75.759955],[59.398692,75.937445],[60.322276,75.998236],[60.084483,76.036363],[60.268077,76.110093],[60.83839,76.122992],[60.481456,76.027045],[60.734711,76.005357],[61.145763,76.116116],[60.89975,76.157172],[61.076915,76.279975],[62.382498,76.271186],[62.503673,76.17768],[62.77947,76.270697],[63.170177,76.243476],[63.933116,76.362291],[64.090831,76.312812],[65.484874,76.574897],[65.991384,76.533352],[65.771739,76.672919],[66.461925,76.8605],[67.588064,77.013373],[68.462901,76.966702],[68.808604,76.869086],[68.76238,76.842353],[69.002615,76.71662],[68.787608,76.588568],[68.904307,76.578803],[68.207042,76.330471],[68.301606,76.303412],[63.761729,75.641588],[63.552013,75.711493],[63.613292,75.702338],[63.304373,75.588609],[61.732188,75.380601],[61.4817,75.223456],[61.276622,75.327867],[61.107432,75.197659],[60.83253,75.152899],[60.747406,75.033108],[60.506847,75.114244],[60.416026,75.010932],[59.927257,75.005805],[60.687511,74.923814],[60.223481,74.864325],[60.372325,74.793524],[60.276378,74.749661],[59.5088,74.79975],[59.839203,74.696234],[59.872244,74.647773],[59.755219,74.58747],[59.090505,74.738267],[59.269542,74.658189],[59.083669,74.648871],[59.193696,74.630805],[59.091156,74.49494],[59.143321,74.464016],[58.186778,74.581244],[58.638682,74.42357],[58.570486,74.388861],[58.711111,74.306586],[58.680349,74.251654],[58.49822,74.172512],[58.264334,74.206692],[58.521983,74.149237],[58.16212,74.150377],[58.097423,74.059882],[58.21339,74.029446],[58.108409,73.986151],[57.754161,74.04682],[57.48878,74.193427],[57.41212,74.184027],[57.535655,74.09398],[57.260753,74.080308],[57.878429,73.934312],[57.83253,73.906317],[57.932872,73.841376],[57.748709,73.72602],[57.395356,73.845526],[56.555675,73.888577],[57.349864,73.827582],[57.617524,73.66885],[57.3296,73.573879],[56.735118,73.680243],[56.816905,73.629462],[56.746755,73.607367],[57.251964,73.48428],[56.908458,73.314683],[56.78712,73.364],[56.729828,73.244534],[56.12086,73.290025],[55.917491,73.448391],[55.971202,73.402981],[55.924001,73.311998],[54.900076,73.448391],[54.2942,73.334133],[54.033051,73.374661],[54.417328,73.477688],[54.184581,73.49136],[54.541515,73.610989],[55.34962,73.717231],[54.53004,73.704169],[54.051443,73.610989],[53.639334,73.780748],[54.785411,73.966213],[54.588634,74.018866],[55.018891,74.173],[55.864431,74.105943],[55.090505,74.261217],[55.735037,74.280015],[55.232921,74.3758],[55.34962,74.433824],[56.263357,74.479967],[55.499766,74.566962],[55.612315,74.676093],[56.98699,74.690497]]],[[[93.8684,78.14709],[93.62908,78.15705],[93.749982,78.203992],[93.8684,78.14709]]],[[[92.456798,79.110419],[92.724376,79.07685],[92.175629,79.130845],[92.456798,79.110419]]],[[[92.990571,79.419501],[92.593516,79.405219],[92.79127,79.440009],[92.990571,79.419501]]],[[[92.305431,79.45303],[92.470551,79.432563],[91.784679,79.419501],[92.305431,79.45303]]],[[[91.372244,79.485541],[91.531261,79.449286],[90.820079,79.556708],[91.372244,79.485541]]],[[[100.199962,79.678941],[100.309825,79.665961],[99.905772,79.603827],[99.982921,79.697903],[100.199962,79.678941]]],[[[94.327647,80.028998],[93.959483,79.965277],[93.96811,80.009182],[94.327647,80.028998]]],[[[146.175059,43.538153],[146.209158,43.483466],[146.100434,43.500678],[146.175059,43.538153]]],[[[146.881684,43.859198],[146.914561,43.80272],[146.625011,43.726752],[146.64796,43.814765],[146.881684,43.859198]]],[[[146.469249,44.428778],[146.551931,44.451117],[146.503184,44.362128],[146.096365,44.238756],[145.620128,43.867092],[145.557953,43.657904],[145.427582,43.770901],[146.090994,44.478217],[146.469249,44.428778]]],[[[148.799164,45.415676],[148.844005,45.371039],[148.782237,45.319403],[148.27768,45.222561],[147.913024,44.963002],[147.653801,44.994851],[147.555431,44.823554],[147.226027,44.581002],[146.876039,44.434144],[146.931308,44.586009],[147.037825,44.599012],[146.998623,44.662612],[147.19658,44.713682],[147.096528,44.795803],[147.21654,44.799007],[147.503103,45.066474],[147.886241,45.218736],[147.917735,45.409857],[148.069591,45.251166],[148.31186,45.275295],[148.726573,45.525214],[148.851329,45.481513],[148.799164,45.415676]]],[[[150.334239,46.210842],[150.56935,46.231758],[150.245369,46.037032],[150.197602,45.929633],[149.637766,45.610946],[149.436697,45.586982],[149.693614,45.861029],[150.334239,46.210842]]],[[[152.205577,47.128811],[152.255382,47.154853],[151.850601,46.790473],[151.711111,46.815497],[152.225434,47.176581],[152.205577,47.128811]]],[[[152.503429,47.383246],[152.540294,47.325141],[152.429731,47.319191],[152.503429,47.383246]]],[[[153.021271,47.799597],[153.066367,47.76117],[152.99263,47.697111],[153.021271,47.799597]]],[[[153.288422,48.07746],[153.275473,48.032739],[153.159069,48.09218],[153.288422,48.07746]]],[[[154.212901,48.91767],[154.008556,48.732815],[154.119477,48.899604],[154.212901,48.91767]]],[[[153.98699,48.965399],[153.918712,48.931301],[153.91505,48.982489],[153.98699,48.965399]]],[[[154.562999,49.157172],[154.601329,49.11107],[154.454438,49.141588],[154.562999,49.157172]]],[[[154.447558,49.816984],[154.447928,49.72951],[154.391241,49.749187],[154.447558,49.816984]]],[[[156.125255,50.637519],[156.152599,50.530341],[155.781993,50.189643],[155.561534,50.166571],[155.364268,50.000067],[155.241466,50.054755],[155.233409,50.304633],[155.658946,50.388861],[156.041189,50.772773],[156.104747,50.767279],[156.125255,50.637519]]],[[[156.46046,50.873725],[156.500012,50.749327],[156.405772,50.654202],[156.180024,50.688422],[156.180675,50.761176],[156.46046,50.873725]]],[[[155.563487,50.808254],[155.446788,50.884589],[155.543791,50.92982],[155.672862,50.870307],[155.563487,50.808254]]],[[[142.549653,54.302232],[142.604177,54.310207],[142.540701,54.297797],[142.549653,54.302232]]],[[[137.821788,54.457831],[137.917979,54.509426],[137.732188,54.364407],[137.821788,54.457831]]],[[[137.622569,54.570787],[137.634451,54.411322],[137.568126,54.396633],[137.622569,54.570787]]],[[[168.059255,54.546617],[168.110688,54.516262],[167.448904,54.820461],[167.472992,54.866848],[167.73406,54.762641],[168.059255,54.546617]]],[[[137.171235,55.119534],[137.048595,54.923285],[136.670421,54.907294],[137.171235,55.119534]]],[[[138.046723,55.058051],[138.212169,55.036363],[137.706065,54.624986],[137.485362,54.87934],[137.225922,54.777818],[137.60613,55.2001],[137.961436,55.134508],[137.898123,55.025458],[138.046723,55.058051]]],[[[166.664399,54.756415],[166.592296,54.717719],[166.206391,54.936591],[166.023611,55.177558],[165.74643,55.297065],[165.924083,55.358547],[166.287771,55.3039],[166.244314,55.16234],[166.64975,54.84455],[166.664399,54.756415]]],[[[150.725271,59.127997],[150.779159,59.109516],[150.481388,58.99969],[150.725271,59.127997]]],[[[164.7069,58.976828],[164.631874,58.865366],[164.179698,58.82567],[163.846035,58.690515],[163.490019,58.444503],[163.412854,58.535369],[163.610543,58.607463],[163.779552,58.810402],[163.913191,58.994291],[163.730842,58.995802],[163.804185,59.031278],[164.558116,59.239691],[164.7069,58.976828]]],[[[155.507711,59.328127],[155.566932,59.340424],[155.600049,59.319429],[155.507711,59.328127]]],[[[29.791352,59.994859],[29.786876,59.975084],[29.6574,60.025458],[29.791352,59.994859]]],[[[27.88502,60.011054],[27.820486,59.982733],[27.820079,60.030829],[27.88502,60.011054]]],[[[27.022227,60.042182],[26.984711,60.017727],[26.950043,60.099555],[27.022227,60.042182]]],[[[28.711762,60.294989],[28.624197,60.270209],[28.546886,60.334215],[28.711762,60.294989]]],[[[28.516856,60.337714],[28.503673,60.311021],[28.442393,60.344306],[28.516856,60.337714]]],[[[35.943126,64.405097],[36.031261,64.373114],[35.856293,64.403388],[35.943126,64.405097]]],[[[35.866873,65.031317],[35.764185,64.963708],[35.505162,65.095552],[35.78645,65.165106],[35.866873,65.031317]]],[[[-169.083363,65.815863],[-168.994618,65.815863],[-169.076527,65.755072],[-169.083363,65.815863]]],[[[42.645838,66.742345],[42.680973,66.681886],[42.4265,66.752009],[42.645838,66.742345]]],[[[32.385997,67.13231],[32.407074,67.107123],[32.341482,67.136054],[32.385997,67.13231]]],[[[59.241954,69.177558],[58.782237,69.326483],[59.150727,69.254625],[59.241954,69.177558]]],[[[34.030121,69.393541],[34.406912,69.352525],[33.975597,69.369615],[34.030121,69.393541]]],[[[50.323009,69.150539],[50.169281,69.011623],[50.113455,68.995673],[50.223318,69.153957],[49.53891,68.835395],[48.797618,68.729397],[48.592052,68.730862],[48.23585,68.882392],[48.215994,68.995673],[48.334321,69.299872],[48.906261,69.507961],[49.271739,69.507961],[50.164399,69.260891],[50.323009,69.150539]]],[[[169.446462,69.849107],[169.305919,69.77025],[169.234711,69.592108],[168.874522,69.567857],[168.172537,69.695217],[167.785655,69.858303],[168.253184,70.02204],[169.446462,69.849107]]],[[[60.539806,69.818671],[60.475922,69.72248],[60.25408,69.689439],[59.563487,69.715033],[59.602306,69.782457],[59.431488,69.889472],[58.939708,69.942206],[59.132091,69.873277],[59.015961,69.859687],[58.695567,70.002834],[58.44988,70.233954],[58.824229,70.215888],[58.522309,70.331122],[59.042735,70.466376],[59.535167,70.217475],[60.413829,69.962714],[60.539806,69.818671]]],[[[57.117361,70.558539],[57.193044,70.541449],[57.035411,70.544867],[57.121349,70.516059],[57.06365,70.502427],[56.859711,70.585273],[57.117361,70.558539]]],[[[162.381684,70.681464],[162.484141,70.65412],[162.237804,70.65412],[162.381684,70.681464]]],[[[161.662283,70.791327],[161.694591,70.750434],[161.483653,70.839748],[161.662283,70.791327]]],[[[160.723481,70.838446],[160.763974,70.804045],[160.504066,70.805012],[160.545552,70.851474],[160.40797,70.914252],[160.674385,70.914211],[160.723481,70.838446]]],[[[53.231781,71.215888],[53.046886,71.072455],[53.139334,70.993638],[53.009776,70.968207],[52.642833,71.223334],[52.211762,71.308092],[52.708669,71.407213],[52.995128,71.306464],[52.74464,71.374172],[52.847911,71.347113],[52.779307,71.325751],[53.231781,71.215888]]],[[[137.914236,71.558498],[137.965831,71.510688],[137.69337,71.419379],[136.991873,71.517524],[137.914236,71.558498]]],[[[78.279063,72.552191],[78.366954,72.51203],[77.811371,72.31509],[76.869884,72.30744],[77.568126,72.62816],[78.279063,72.552191]]],[[[128.831065,72.655219],[128.974457,72.593817],[128.653331,72.527493],[128.111095,72.634711],[128.831065,72.655219]]],[[[128.317149,72.812323],[128.994083,72.932471],[129.21966,72.926406],[129.417139,72.812596],[129.207043,72.761895],[128.317149,72.812323]]],[[[79.562999,72.768256],[79.395274,72.704047],[78.909923,72.741278],[78.592296,72.862128],[79.205333,73.097602],[79.541352,72.925523],[79.490733,72.908433],[79.562999,72.768256]]],[[[74.725352,73.107123],[74.961599,73.066107],[74.734223,73.092475],[74.646658,72.974555],[74.687022,72.870917],[74.120779,72.998847],[74.211681,73.114569],[74.725352,73.107123]]],[[[120.278575,73.100898],[119.747406,73.032782],[119.658539,73.108588],[120.021983,73.168118],[120.278575,73.100898]]],[[[76.695079,73.186225],[76.736583,73.155504],[76.632579,73.131252],[76.170909,73.181627],[76.695079,73.186225]]],[[[71.669119,73.227484],[71.750126,73.042112],[71.374501,73.178934],[69.874848,73.038275],[70.064952,73.237128],[69.967947,73.376207],[70.469574,73.499213],[71.229177,73.464748],[70.997081,73.288398],[71.274669,73.25434],[71.459158,73.348375],[71.669119,73.227484]]],[[[76.756602,73.449693],[76.116873,73.513414],[76.250743,73.554185],[76.756602,73.449693]]],[[[75.922618,73.523668],[75.321137,73.397366],[75.619395,73.553412],[76.033865,73.579047],[75.922618,73.523668]]],[[[143.474946,73.320624],[143.565113,73.23115],[143.174945,73.17658],[140.788621,73.410005],[139.9651,73.326567],[139.816696,73.339069],[139.767088,73.418345],[140.493302,73.485044],[140.899181,73.801459],[141.127208,73.881659],[142.045177,73.916571],[142.582774,73.825344],[143.407237,73.542792],[143.536957,73.443549],[143.474946,73.320624]]],[[[124.585948,73.915839],[124.656993,73.902777],[124.514171,73.841376],[124.321788,73.923285],[124.585948,73.915839]]],[[[84.355235,74.018866],[84.418305,73.970445],[83.91212,73.993598],[84.355235,74.018866]]],[[[83.513438,74.121283],[83.620128,74.090888],[83.392345,74.035793],[82.828136,74.080308],[83.180024,74.155178],[83.513438,74.121283]]],[[[82.568044,74.162909],[82.740001,74.101386],[82.592133,74.056464],[82.317556,74.116848],[82.568044,74.162909]]],[[[136.258962,73.957465],[136.08074,73.898179],[135.391287,74.234565],[136.010753,74.103461],[136.258962,73.957465]]],[[[141.09783,74.149237],[140.987966,73.984768],[140.437755,73.908433],[140.164716,74.070638],[140.221889,74.220082],[140.3499,74.254216],[140.891449,74.276516],[141.05836,74.234442],[141.09783,74.149237]]],[[[116.098318,74.354682],[116.052989,74.285224],[115.898204,74.302069],[115.980724,74.377509],[116.098318,74.354682]]],[[[84.87086,74.505561],[84.933116,74.492906],[84.578624,74.468492],[84.767833,74.409898],[84.386567,74.457668],[84.87086,74.505561]]],[[[113.405772,74.444037],[113.429454,74.394192],[113.207042,74.251654],[112.774913,74.08808],[112.162852,74.138577],[111.468516,74.344794],[111.951345,74.370795],[112.007335,74.538153],[112.110118,74.551215],[113.405772,74.444037]]],[[[85.53891,74.574408],[85.615571,74.549465],[85.31186,74.465644],[85.166759,74.511868],[85.237478,74.575263],[85.53891,74.574408]]],[[[86.078461,74.555243],[86.207205,74.512356],[85.707693,74.465074],[85.790538,74.567613],[86.078461,74.555243]]],[[[79.614106,74.601752],[79.490001,74.516913],[79.182791,74.629055],[79.614106,74.601752]]],[[[85.227061,74.745103],[85.114513,74.745836],[85.466645,74.813951],[85.706228,74.731431],[85.227061,74.745103]]],[[[87.028982,74.991523],[87.122081,74.951646],[87.077647,74.899644],[86.726573,74.916205],[86.947032,74.840725],[86.871593,74.820461],[86.230317,74.895087],[86.565929,74.896918],[86.523936,74.986965],[87.028982,74.991523]]],[[[82.136567,75.14232],[82.150401,75.09516],[82.056814,75.117906],[82.136567,75.14232]]],[[[82.239594,75.375678],[82.281261,75.345649],[82.076915,75.346137],[81.956391,75.182034],[81.870779,75.315904],[81.640798,75.287502],[81.511078,75.350287],[81.793305,75.465074],[81.76824,75.380764],[81.939626,75.3935],[81.896983,75.492377],[82.170746,75.519721],[82.013031,75.444037],[82.239594,75.375678]]],[[[150.827647,75.163398],[150.926768,75.152086],[150.654063,75.00788],[150.645274,74.906643],[149.208995,74.758002],[148.17213,74.803534],[146.071788,75.240302],[146.167817,75.386054],[146.37908,75.462958],[146.389171,75.58515],[146.486339,75.594387],[146.770763,75.506741],[146.6421,75.447699],[146.770763,75.375678],[147.15504,75.336371],[147.436209,75.38935],[147.333181,75.430365],[148.407725,75.421088],[148.54713,75.385565],[148.457286,75.310858],[148.610362,75.215522],[149.126801,75.268622],[150.129405,75.225531],[150.163422,75.156643],[150.560802,75.12873],[150.491873,75.109605],[150.827647,75.163398]]],[[[136.975108,75.591742],[136.969819,75.609036],[137.081309,75.568183],[136.975108,75.591742]]],[[[137.059906,75.640774],[137.131358,75.652411],[136.981212,75.616523],[137.059906,75.640774]]],[[[135.991384,75.527167],[135.983409,75.417182],[135.450043,75.375678],[135.678233,75.859768],[135.932791,75.67593],[136.160167,75.629625],[135.991384,75.527167]]],[[[82.109548,75.888983],[82.228038,75.88703],[81.593272,75.917182],[82.109548,75.888983]]],[[[83.27947,75.956285],[82.862315,75.917182],[82.259044,75.972235],[83.27947,75.956285]]],[[[145.366222,75.540229],[144.72934,75.431586],[144.667247,75.341539],[144.941091,75.273342],[144.768403,75.261176],[144.417735,75.069037],[143.998546,75.02497],[142.898123,75.141547],[142.494314,75.375678],[142.724376,75.550686],[143.01352,75.602444],[143.00115,75.707953],[142.337901,75.725653],[142.406912,75.695258],[142.008311,75.622748],[142.131847,75.60163],[142.08725,75.544623],[142.19988,75.348822],[142.425792,75.212958],[142.668712,75.087958],[143.614513,75.011135],[143.707774,74.947455],[142.715099,74.895168],[142.514008,74.817369],[141.974132,74.933783],[142.364513,74.93065],[142.198741,75.004218],[141.843761,74.998969],[140.068696,74.827948],[139.652029,74.98078],[139.495128,74.946926],[139.516612,74.855943],[139.611095,74.870754],[139.528575,74.801663],[139.127208,74.652289],[137.895274,74.846177],[137.651378,75.022773],[137.149099,75.134223],[136.874766,75.349514],[137.422374,75.369818],[137.143321,75.410224],[137.301036,75.47134],[137.18922,75.576606],[137.279552,75.591376],[137.080333,75.714586],[137.198497,75.789618],[137.742686,75.749091],[137.423188,75.910102],[138.027517,76.031928],[138.138031,76.118842],[138.376638,76.157172],[138.328298,76.136054],[138.409923,76.064846],[138.492442,76.159735],[139.048839,76.239081],[138.928233,76.221666],[139.10963,76.096869],[139.882579,75.945502],[139.828787,75.923245],[139.938813,75.841864],[140.480724,75.80093],[140.537608,75.774319],[140.434906,75.664455],[140.676768,75.623277],[141.062266,75.650092],[140.864431,75.738837],[140.966156,76.03498],[141.585216,76.007514],[141.325531,76.172187],[142.546886,75.862982],[143.947113,75.834784],[145.366222,75.540229]]],[[[96.644054,76.267035],[96.589692,76.174628],[96.346853,76.254706],[96.407725,76.221259],[96.278494,76.222235],[96.370372,76.189887],[96.301768,76.111396],[95.310557,76.201158],[95.349946,76.288764],[96.644054,76.267035]]],[[[113.292491,76.363227],[113.137543,76.369452],[113.264334,76.444322],[113.408702,76.387112],[113.292491,76.363227]]],[[[111.958832,76.6022],[112.388438,76.653876],[112.548513,76.581732],[112.507579,76.540717],[112.714122,76.520453],[112.567882,76.443508],[111.958832,76.6022]]],[[[96.472016,76.691596],[95.889903,76.616441],[96.004161,76.679633],[96.472016,76.691596]]],[[[95.650238,76.677924],[95.834727,76.691596],[95.437348,76.671088],[95.650238,76.677924]]],[[[97.476329,76.650336],[97.596202,76.6022],[97.34311,76.599311],[97.391368,76.634955],[97.305349,76.684394],[97.4463,76.714748],[97.476329,76.650336]]],[[[149.374713,76.738202],[149.20009,76.626806],[148.452203,76.623336],[149.453497,76.768779],[149.374713,76.738202]]],[[[96.527354,77.205512],[96.566417,77.156195],[96.477224,77.082221],[96.235037,76.990465],[95.257091,76.991604],[96.527354,77.205512]]],[[[105.784923,77.280585],[106.011485,77.287421],[105.861827,77.254869],[105.784923,77.280585]]],[[[89.68922,77.280585],[89.81702,77.21059],[89.49279,77.140757],[89.134613,77.217719],[89.266287,77.298285],[89.68922,77.280585]]],[[[106.361176,77.321926],[106.434093,77.327948],[106.333018,77.321601],[106.361176,77.321926]]],[[[107.745128,77.329047],[107.204845,77.23432],[107.423188,77.269843],[107.319835,77.28734],[107.356212,77.345689],[107.745128,77.329047]]],[[[106.861176,77.445746],[106.52475,77.390448],[106.924815,77.467027],[106.861176,77.445746]]],[[[107.704112,78.137152],[107.45102,78.053168],[106.39503,78.130927],[107.337901,78.190741],[107.704112,78.137152]]],[[[106.532237,78.253852],[106.022716,78.211371],[106.470063,78.342597],[106.765636,78.308498],[106.450206,78.261298],[106.532237,78.253852]]],[[[105.415538,78.583441],[104.787364,78.336371],[103.015961,78.256496],[102.66033,78.164496],[102.607107,78.225531],[101.209809,78.193508],[99.871267,77.952216],[99.371349,77.959662],[99.426036,77.987006],[99.287283,78.034857],[100.036876,78.339423],[100.031912,78.428412],[100.275645,78.579739],[100.364513,78.737047],[100.636485,78.796942],[101.139415,78.751695],[100.782237,78.863349],[101.02711,79.03144],[101.591645,78.976996],[100.988129,79.062649],[101.028087,79.123481],[101.557384,79.254381],[101.646739,79.364244],[102.246267,79.241645],[102.146983,79.345038],[102.302908,79.432807],[103.138357,79.325141],[102.82545,79.227118],[102.701427,79.04149],[102.39796,78.844957],[102.665782,78.892401],[102.921153,79.058417],[103.624278,79.17121],[104.455333,78.966742],[104.499197,78.863756],[104.405447,78.861518],[104.632579,78.842841],[104.578868,78.775214],[104.887055,78.857123],[105.175059,78.809272],[105.415538,78.583441]]],[[[77.613617,79.521918],[76.696056,79.477607],[76.051443,79.648505],[77.613617,79.521918]]],[[[93.628184,79.933417],[93.813731,79.898668],[93.052094,79.715277],[91.921886,79.678941],[92.332856,79.722398],[92.099457,79.809882],[91.07252,79.850979],[91.26238,79.903022],[91.017589,79.966986],[91.153819,79.980048],[91.136404,80.040025],[90.894867,80.054999],[93.628184,79.933417]]],[[[51.346853,79.953315],[51.470225,79.944322],[50.045258,79.974433],[50.552501,79.988023],[50.963552,80.101874],[51.264822,80.056342],[51.213552,80.042222],[51.346853,79.953315]]],[[[36.593598,80.158759],[36.652599,80.174872],[36.853689,80.151923],[36.593598,80.158759]]],[[[99.885997,79.04149],[99.946625,78.97012],[99.877208,78.931138],[99.40561,78.822455],[97.442231,78.817206],[97.559744,78.830512],[96.798513,78.989203],[95.697276,78.998277],[95.670177,79.069403],[95.46754,79.111518],[94.851817,79.062649],[94.320811,79.264309],[94.312266,79.479193],[93.739268,79.44774],[93.991222,79.494045],[93.690196,79.542426],[93.86085,79.595933],[93.23585,79.438951],[93.114106,79.467271],[93.272716,79.487006],[93.17628,79.528754],[92.854177,79.556098],[93.280284,79.552476],[94.169444,79.775214],[94.690115,79.816107],[94.22462,79.898668],[94.951996,80.104478],[95.334727,80.028998],[95.502126,80.111477],[97.592133,80.174872],[98.042979,80.071112],[97.551524,79.823717],[97.604015,79.797024],[97.213145,79.720364],[97.705821,79.76317],[98.087901,79.905504],[98.412852,79.888495],[98.567393,79.970649],[98.465587,79.999905],[98.515391,80.052314],[99.198985,80.049994],[100.022472,79.823554],[100.076996,79.78266],[99.842052,79.748765],[99.686046,79.322699],[99.034923,79.295966],[99.885997,79.04149]]],[[[50.081309,80.068061],[49.57545,80.136298],[49.898611,80.233954],[50.318614,80.19599],[50.081309,80.068061]]],[[[55.794932,80.642279],[55.431651,80.71426],[56.530447,80.787095],[56.946056,80.693793],[55.794932,80.642279]]],[[[46.687266,80.529283],[46.083995,80.439887],[46.030447,80.465074],[46.083995,80.555976],[45.994965,80.577094],[45.51531,80.519761],[44.896007,80.604885],[47.536306,80.856676],[48.496349,80.798082],[48.764008,80.659613],[48.063731,80.662421],[47.715831,80.768378],[47.30421,80.652777],[47.433279,80.610663],[46.687266,80.529283]]],[[[62.221934,80.813218],[62.275238,80.783881],[62.230724,80.727851],[62.037446,80.665839],[62.147309,80.639146],[61.706228,80.59748],[61.084483,80.41059],[60.307384,80.495551],[59.636404,80.43122],[59.241954,80.529283],[59.362153,80.558824],[59.229259,80.64411],[59.693858,80.837144],[60.170909,80.853949],[60.224376,80.848375],[59.96811,80.809882],[60.36199,80.789984],[61.60255,80.895657],[62.221934,80.813218]]],[[[58.130056,80.780748],[57.815684,80.809882],[58.74586,80.902737],[59.029063,80.824123],[58.130056,80.780748]]],[[[55.76588,80.783677],[54.87672,80.721137],[54.011729,80.79621],[55.097016,80.902818],[55.986501,80.803656],[55.76588,80.783677]]],[[[51.689301,80.727281],[51.743988,80.71426],[50.994802,80.547349],[49.727794,80.49433],[49.675304,80.481513],[49.798676,80.426907],[49.490408,80.363511],[48.839529,80.387844],[48.65447,80.317043],[49.068696,80.199652],[48.528331,80.209133],[48.51059,80.124213],[48.372406,80.091783],[48.116059,80.136786],[47.663585,80.070014],[47.605235,80.078599],[47.736501,80.162014],[48.046641,80.189032],[47.678559,80.247748],[47.101817,80.170315],[46.659516,80.274156],[47.088552,80.371649],[47.223888,80.308987],[48.132986,80.326483],[48.188731,80.337551],[47.635916,80.388129],[48.202322,80.416002],[48.100108,80.476304],[47.42335,80.442939],[48.375499,80.571112],[48.569021,80.505601],[49.188243,80.52143],[49.407074,80.617418],[49.284923,80.645331],[49.631033,80.639594],[49.681977,80.721137],[48.955333,80.734768],[50.237153,80.933498],[50.396983,80.921088],[50.023123,80.872504],[50.826671,80.919094],[51.045177,80.851467],[50.251231,80.741604],[50.372406,80.713446],[51.312673,80.789984],[51.689301,80.727281]]],[[[79.806651,80.974311],[80.437185,80.940172],[80.326427,80.860541],[79.011485,80.824123],[79.187999,80.95185],[79.806651,80.974311]]],[[[58.653656,81.043769],[58.56129,80.957017],[58.366954,80.94595],[57.882823,81.030219],[58.069509,81.111518],[58.653656,81.043769]]],[[[57.336436,80.891791],[56.144216,81.092353],[56.702891,81.113105],[58.2824,80.9265],[57.870942,80.859565],[57.336436,80.891791]]],[[[54.564138,80.995429],[54.454926,81.04857],[54.720388,81.119574],[55.520274,81.00845],[56.019216,81.043606],[57.681326,80.816799],[57.058767,80.69184],[56.668468,80.809231],[55.798839,80.854438],[55.315196,80.975287],[54.564138,80.995429]]],[[[50.476573,81.069973],[50.347423,81.09101],[50.529633,81.167873],[50.976817,81.105902],[50.374278,81.022773],[50.476573,81.069973]]],[[[91.547211,81.153795],[91.186209,81.05683],[89.996349,81.105292],[89.893891,81.17357],[91.547211,81.153795]]],[[[97.747081,80.741604],[97.972911,80.721137],[97.130626,80.665839],[97.19158,80.645331],[97.042166,80.564887],[97.225841,80.346666],[97.422862,80.326972],[97.187999,80.233588],[94.53004,80.131008],[93.749848,79.996772],[92.065766,80.172431],[92.837413,80.160142],[92.888194,80.172431],[92.129649,80.275865],[93.289399,80.266832],[93.244395,80.309556],[91.42213,80.309556],[91.98878,80.401597],[92.627615,80.391547],[91.927501,80.448391],[92.792654,80.529283],[92.825206,80.650621],[93.239594,80.769436],[92.534679,80.753079],[92.558604,80.80268],[93.162608,80.946967],[93.075857,80.973456],[95.547211,81.220771],[95.060557,81.241645],[95.103526,81.271308],[95.776622,81.288804],[96.954845,80.91059],[97.883556,80.769477],[97.747081,80.741604]]],[[[57.266124,81.426825],[56.755056,81.449897],[57.013031,81.536811],[57.784028,81.564765],[57.888845,81.485582],[58.544444,81.429999],[58.305675,81.376899],[57.266124,81.426825]]],[[[62.503673,81.652777],[62.106456,81.673245],[62.804698,81.721625],[63.805919,81.660142],[63.467459,81.589057],[62.503673,81.652777]]],[[[58.295421,81.714179],[57.891287,81.707953],[58.145274,81.776842],[57.939708,81.803616],[58.156098,81.830268],[59.403087,81.836575],[59.002235,81.740275],[58.295421,81.714179]]],[[[150.843331,46.448224],[150.780077,46.457159],[150.808481,46.486438],[150.843331,46.448224]]],[[[154.836681,49.650051],[154.88502,49.558498],[154.79713,49.456977],[154.808849,49.304918],[154.612559,49.289374],[154.836681,49.650051]]],[[[59.034353,75.959866],[59.26002,75.984076],[58.724132,75.89704],[59.034353,75.959866]]],[[[59.00172,79.980618],[58.792735,80.011054],[59.529145,80.120917],[59.909841,80.005601],[59.40268,79.921861],[59.00172,79.980618]]],[[[55.712087,80.103461],[56.019054,80.18183],[55.952322,80.261786],[56.129893,80.351223],[57.021983,80.364],[57.148936,80.207221],[57.054373,80.167792],[57.077485,80.082994],[56.956798,80.066311],[55.712087,80.103461]]],[[[52.622895,80.183295],[52.182872,80.276068],[52.568858,80.289496],[52.950531,80.412584],[53.861827,80.276068],[53.489919,80.17182],[52.622895,80.183295]]],[[[57.528819,80.131415],[57.290212,80.169013],[57.20753,80.353949],[57.274425,80.391547],[56.946056,80.481513],[58.452403,80.468085],[59.264334,80.343207],[58.425059,80.32217],[58.076915,80.261786],[58.429373,80.241889],[58.42628,80.186713],[57.528819,80.131415]]],[[[53.798025,80.472886],[53.972911,80.529283],[53.858735,80.554429],[53.883311,80.610745],[54.269054,80.58869],[54.170421,80.572577],[54.458263,80.50137],[54.288259,80.420356],[53.798025,80.472886]]],[[[60.256196,81.036363],[61.679942,81.113715],[61.599783,81.031399],[60.987804,80.922024],[60.069998,80.979641],[60.256196,81.036363]]],[[[62.770518,80.885565],[63.142263,80.971381],[64.036469,80.986884],[64.169119,81.010199],[64.13266,81.082424],[64.237315,81.151842],[64.704845,81.205268],[65.229828,81.136705],[65.43629,81.037055],[65.306163,80.995429],[65.453868,80.950426],[64.425629,80.740871],[63.130707,80.683092],[62.530772,80.804755],[62.770518,80.885565]]],[[[57.336192,81.205268],[58.083751,81.214545],[57.70045,81.137152],[56.994395,81.166164],[57.336192,81.205268]]],[[[55.646821,81.200263],[55.431651,81.275946],[55.712087,81.330552],[56.54477,81.254788],[56.602794,81.261705],[56.37379,81.35517],[56.726248,81.397162],[57.90504,81.297105],[56.614513,81.178534],[55.646821,81.200263]]],[[[58.563487,81.324408],[58.510509,81.321112],[59.017914,81.403388],[59.356944,81.344306],[58.563487,81.324408]]],[[[61.903656,81.604926],[62.1963,81.564846],[61.653982,81.604926],[61.903656,81.604926]]],[[[40.454926,64.581855],[40.194835,64.574164],[39.871349,64.684027],[40.228363,64.699897],[40.454926,64.581855]]],[[[40.001964,64.737372],[39.943696,64.727973],[39.949718,64.741929],[40.001964,64.737372]]],[[[40.145193,64.73428],[40.075531,64.757025],[40.333507,64.772406],[40.402517,64.662502],[40.145193,64.73428]]],[[[36.01295,65.051703],[36.005138,65.026516],[35.897716,65.032864],[36.01295,65.051703]]],[[[36.211436,65.158271],[36.260997,65.154527],[35.951996,65.146389],[36.211436,65.158271]]],[[[54.329763,68.311469],[54.220958,68.245185],[54.212738,68.291083],[54.329763,68.311469]]],[[[53.912283,68.361965],[53.957693,68.293362],[53.853201,68.337144],[53.912283,68.361965]]],[[[49.049083,68.678412],[49.124278,68.66767],[48.76588,68.690375],[49.049083,68.678412]]],[[[49.579275,68.819281],[49.598481,68.814765],[49.499197,68.78559],[49.579275,68.819281]]],[[[54.266775,68.81684],[54.374848,68.790961],[54.228201,68.79621],[54.266775,68.81684]]],[[[49.814301,68.899482],[49.841807,68.906236],[49.75172,68.877427],[49.814301,68.899482]]],[[[54.974294,68.939887],[55.022227,68.928209],[54.914236,68.937567],[54.974294,68.939887]]],[[[50.082856,68.960924],[50.107677,68.963528],[50.004242,68.930732],[50.082856,68.960924]]],[[[67.217296,69.420559],[67.286876,69.438056],[67.132172,69.363918],[66.93865,69.439399],[67.217296,69.420559]]],[[[67.327973,69.572699],[67.22934,69.433539],[67.037934,69.497952],[67.327973,69.572699]]],[[[66.837087,70.391913],[66.60727,70.461819],[66.640147,70.526313],[66.837087,70.391913]]],[[[66.559255,70.544257],[66.397309,70.630316],[66.427989,70.799506],[66.559255,70.544257]]],[[[66.600434,70.913764],[66.447276,70.818915],[66.59962,71.004381],[66.600434,70.913764]]],[[[53.369802,71.291734],[53.395356,71.280504],[53.1692,71.349189],[53.369802,71.291734]]],[[[152.875255,76.151353],[152.773448,76.083401],[152.584158,76.125922],[152.875255,76.151353]]],[[[156.660981,77.107611],[156.515798,77.087714],[156.528819,77.12108],[156.660981,77.107611]]],[[[92.062266,77.62995],[92.110118,77.610907],[91.865977,77.628648],[92.062266,77.62995]]],[[[58.814789,79.916693],[58.870372,79.901313],[58.248302,79.933417],[58.613943,79.979438],[58.814789,79.916693]]],[[[60.167247,80.168524],[60.21046,80.149156],[59.902599,80.16767],[60.167247,80.168524]]],[[[54.407725,80.284817],[54.31544,80.201809],[54.144054,80.192043],[54.110362,80.252672],[54.407725,80.284817]]],[[[55.49879,80.31684],[55.234874,80.227932],[54.942068,80.240871],[55.49879,80.31684]]],[[[54.987478,80.414374],[55.263031,80.430609],[55.129893,80.374335],[54.987478,80.414374]]],[[[54.841807,80.431342],[54.400076,80.384223],[54.62672,80.47724],[54.841807,80.431342]]],[[[54.821462,80.464789],[54.63087,80.502102],[55.056407,80.502875],[54.821462,80.464789]]],[[[59.737153,81.189765],[59.755544,81.169989],[59.014659,81.193061],[59.737153,81.189765]]],[[[60.562755,81.273627],[60.432302,81.244371],[59.842052,81.287014],[60.562755,81.273627]]],[[[58.368907,81.579657],[58.297699,81.584784],[58.696462,81.620307],[58.368907,81.579657]]],[[[132.44988,42.828111],[132.475597,42.800238],[132.401541,42.831977],[132.418468,42.879869],[132.44988,42.828111]]],[[[47.851085,43.999213],[47.655772,43.943183],[47.665701,43.996283],[47.851085,43.999213]]],[[[47.997081,45.467841],[47.917735,45.570054],[47.957042,45.650458],[47.997081,45.467841]]],[[[139.225456,54.589358],[139.27675,54.61311],[139.243593,54.581032],[139.225456,54.589358]]],[[[138.190013,54.715579],[138.226783,54.715626],[138.210144,54.70113],[138.190013,54.715579]]],[[[149.032789,59.192178],[149.117654,59.20951],[149.09837,59.175387],[149.032789,59.192178]]],[[[-172.47529,64.641832],[-172.519399,64.593004],[-172.725046,64.626451],[-172.47529,64.641832]]],[[[67.381196,68.792263],[67.401215,68.761257],[67.115815,68.798367],[67.381196,68.792263]]],[[[-175.585683,71.379869],[-175.650258,71.357001],[-175.81078,71.411689],[-175.585683,71.379869]]],[[[161.893767,69.653838],[161.825533,69.550346],[161.665617,69.620548],[161.893767,69.653838]]],[[[170.124871,69.773378],[170.275277,69.773371],[170.101485,69.687211],[169.97896,69.719935],[170.124871,69.773378]]],[[[83.305109,70.805515],[83.469408,70.737735],[83.30476,70.644604],[83.258185,70.419738],[83.09138,70.361112],[83.130917,70.60926],[83.305109,70.805515]]],[[[97.645681,76.756212],[97.459809,76.718451],[97.166921,76.745714],[97.645681,76.756212]]],[[[89.047128,77.140895],[89.135898,77.127114],[88.919571,76.977101],[88.663875,77.080351],[89.047128,77.140895]]]]}},{"type":"Feature","properties":{"name":"JWLA 033 Country - Ukraine","group":"countries-europe","source":"Natural Earth / geo-countries"},"geometry":{"type":"MultiPolygon","coordinates":[[[[31.764345,52.100568],[31.82584,52.104056],[31.858706,52.09987],[31.882064,52.086408],[31.88749,52.070027],[31.887748,52.051553],[31.892037,52.036179],[31.910383,52.029073],[31.927229,52.031089],[31.980559,52.047625],[32.016939,52.049796],[32.077142,52.039951],[32.095591,52.040726],[32.233309,52.080853],[32.277699,52.102661],[32.306741,52.141185],[32.318833,52.201414],[32.328238,52.219165],[32.33785,52.22547],[32.350149,52.229888],[32.361311,52.235908],[32.366995,52.2472],[32.363275,52.255726],[32.344465,52.276526],[32.339504,52.287249],[32.35356,52.321588],[32.394281,52.326807],[32.48058,52.307144],[32.528433,52.316213],[32.725423,52.252083],[32.755602,52.252393],[32.814823,52.262005],[32.844176,52.262341],[32.861022,52.257199],[32.890788,52.242316],[32.908978,52.241102],[32.926858,52.246915],[33.030107,52.303604],[33.048246,52.309082],[33.057289,52.308643],[33.070415,52.304173],[33.079613,52.305594],[33.087365,52.310762],[33.099044,52.324766],[33.108862,52.328332],[33.127983,52.332724],[33.14085,52.340372],[33.166637,52.360061],[33.182863,52.367296],[33.196506,52.368949],[33.294329,52.357296],[33.358976,52.357555],[33.376185,52.355255],[33.400576,52.344343],[33.403676,52.342956],[33.419334,52.338331],[33.437318,52.339158],[33.451787,52.345256],[33.465326,52.352749],[33.480519,52.357761],[33.499433,52.340992],[33.493025,52.303139],[33.510078,52.287533],[33.531679,52.288825],[33.600202,52.330786],[33.687948,52.355823],[33.733579,52.360991],[33.778951,52.360061],[33.804065,52.354609],[33.815227,52.345075],[33.823392,52.331458],[33.839102,52.313914],[33.858739,52.302157],[33.9007,52.285854],[33.919511,52.269756],[33.944419,52.235779],[33.957751,52.224695],[34.021933,52.1979],[34.038883,52.18648],[34.05573,52.170331],[34.065341,52.158626],[34.071026,52.148963],[34.07361,52.139558],[34.07392,52.128318],[34.05666,52.105813],[34.05666,52.100387],[34.06007,52.083179],[34.062551,52.050209],[34.068235,52.031011],[34.080328,52.013622],[34.101102,51.992512],[34.104409,51.975304],[34.096657,51.960576],[34.096244,51.951817],[34.146163,51.95161],[34.166421,51.942257],[34.203421,51.91231],[34.209415,51.908796],[34.222644,51.903164],[34.228432,51.899262],[34.231016,51.894534],[34.234633,51.880736],[34.23422,51.878282],[34.246002,51.875465],[34.264916,51.881201],[34.276698,51.881227],[34.294578,51.873889],[34.327754,51.850505],[34.347288,51.841695],[34.371101,51.826811],[34.385735,51.817665],[34.41271,51.777693],[34.414157,51.736456],[34.37633,51.708602],[34.3569,51.705553],[34.298195,51.706147],[34.127973,51.680748],[34.089113,51.666615],[34.079501,51.643102],[34.090663,51.633206],[34.12601,51.627005],[34.140066,51.621191],[34.14451,51.613776],[34.148851,51.593209],[34.152985,51.583984],[34.160323,51.576129],[34.202387,51.546157],[34.21541,51.531998],[34.223678,51.514764],[34.225952,51.492879],[34.223781,51.482363],[34.214996,51.464663],[34.212102,51.455026],[34.213239,51.44482],[34.217063,51.43606],[34.219647,51.427275],[34.217063,51.417069],[34.208795,51.411463],[34.186988,51.40831],[34.181923,51.402342],[34.185851,51.394151],[34.195979,51.385624],[34.21572,51.373765],[34.230499,51.367667],[34.247346,51.363429],[34.264399,51.361207],[34.280315,51.361259],[34.300159,51.36839],[34.308737,51.33462],[34.283623,51.301237],[34.243935,51.274081],[34.185954,51.248914],[34.257888,51.229561],[34.281762,51.226435],[34.299539,51.231629],[34.336953,51.251136],[34.371783,51.256847],[34.40899,51.253126],[34.480407,51.236977],[34.513479,51.229561],[34.578178,51.236693],[34.608357,51.234006],[34.622413,51.224756],[34.628511,51.211061],[34.633162,51.19561],[34.642774,51.180624],[34.65745,51.171658],[34.674917,51.167679],[34.74809,51.164733],[34.817544,51.174733],[34.899606,51.196463],[34.946115,51.214291],[34.961824,51.215325],[34.980324,51.209537],[34.999445,51.202095],[35.018772,51.20455],[35.038719,51.210157],[35.059389,51.212327],[35.078716,51.207625],[35.091325,51.197677],[35.09918,51.183182],[35.123778,51.091327],[35.143622,51.058487],[35.172561,51.040632],[35.20646,51.038927],[35.27426,51.048797],[35.308676,51.047325],[35.328417,51.043165],[35.3464,51.036602],[35.355082,51.025595],[35.34671,51.008257],[35.332551,50.999937],[35.278084,50.992651],[35.282218,50.98154],[35.282218,50.961107],[35.282218,50.954255],[35.284802,50.944333],[35.293587,50.937615],[35.317151,50.934205],[35.32914,50.929089],[35.341749,50.91586],[35.34299,50.904129],[35.340406,50.89183],[35.341439,50.876482],[35.348571,50.86377],[35.369034,50.846045],[35.377716,50.833746],[35.37968,50.819586],[35.377406,50.807546],[35.37906,50.797211],[35.393116,50.788374],[35.41823,50.778917],[35.429393,50.772148],[35.438488,50.762381],[35.447066,50.73432],[35.443759,50.709464],[35.445412,50.687502],[35.468873,50.668536],[35.391565,50.646367],[35.376166,50.634585],[35.377716,50.621821],[35.425258,50.500485],[35.446446,50.476042],[35.480139,50.466895],[35.501946,50.464311],[35.52272,50.459505],[35.540807,50.450048],[35.554656,50.433253],[35.562304,50.409637],[35.563855,50.391809],[35.570159,50.376461],[35.592173,50.360493],[35.611397,50.351708],[35.631551,50.34499],[35.652118,50.341114],[35.673202,50.340184],[35.69221,50.344168],[35.69687,50.345145],[35.710306,50.355635],[35.721261,50.36871],[35.737694,50.381577],[35.746169,50.383954],[35.765393,50.384523],[35.774384,50.3869],[35.785547,50.394496],[35.80539,50.412169],[35.819343,50.419042],[35.83743,50.423228],[35.931894,50.430153],[36.105837,50.42111],[36.133226,50.411601],[36.14077,50.392946],[36.169296,50.383696],[36.269031,50.281376],[36.291976,50.274038],[36.31585,50.274865],[36.339518,50.28148],[36.361429,50.29166],[36.380962,50.304062],[36.38799,50.30644],[36.400186,50.306646],[36.410005,50.304579],[36.430572,50.296879],[36.452689,50.293572],[36.480181,50.28086],[36.512117,50.276416],[36.521109,50.27409],[36.536405,50.267527],[36.538886,50.265047],[36.536095,50.260913],[36.533925,50.238692],[36.531651,50.228822],[36.534648,50.219933],[36.549531,50.212182],[36.571028,50.206911],[36.594386,50.20443],[36.616917,50.206394],[36.635831,50.214042],[36.644409,50.222259],[36.660429,50.243859],[36.669834,50.253006],[36.682649,50.260654],[36.848634,50.323699],[36.914056,50.339099],[36.980099,50.342148],[37.051722,50.335327],[37.197037,50.362405],[37.226699,50.377081],[37.285197,50.41527],[37.314755,50.42297],[37.415214,50.431858],[37.435265,50.424934],[37.450251,50.398992],[37.46379,50.366539],[37.480017,50.340029],[37.568177,50.312537],[37.599183,50.290885],[37.60156,50.249027],[37.591534,50.225308],[37.588641,50.21461],[37.590294,50.20381],[37.597116,50.196937],[37.631842,50.174096],[37.72765,50.078701],[37.76341,50.062578],[37.842785,50.039117],[37.881749,50.023046],[37.915856,50.003306],[37.946552,49.978191],[37.979004,49.941449],[37.980038,49.939589],[37.995334,49.921347],[37.995851,49.905895],[38.000398,49.899798],[38.022924,49.909142],[38.066544,49.927238],[38.079153,49.929925],[38.090315,49.928426],[38.108402,49.920675],[38.119047,49.919176],[38.166176,49.94057],[38.171344,49.984082],[38.164109,50.030384],[38.173928,50.06015],[38.189844,50.062785],[38.25382,50.059064],[38.281208,50.062423],[38.299915,50.060511],[38.314074,50.049504],[38.34415,49.992092],[38.356036,49.980568],[38.376293,49.974935],[38.420114,49.971783],[38.437788,49.967287],[38.461145,49.9569],[38.497526,49.948167],[38.570183,49.956642],[38.619482,49.950751],[38.628887,49.953334],[38.637776,49.95721],[38.662167,49.962585],[38.664647,49.965168],[38.664337,49.962688],[38.672812,49.942999],[38.675603,49.927031],[38.680977,49.918298],[38.687282,49.913802],[38.747846,49.885432],[38.852233,49.865795],[38.886339,49.845176],[38.910524,49.820578],[38.937395,49.803473],[39.032273,49.807349],[39.04912,49.810552],[39.068344,49.821094],[39.099866,49.851635],[39.117126,49.864399],[39.15578,49.873598],[39.181006,49.859487],[39.182755,49.858508],[39.238049,49.765129],[39.26089,49.74451],[39.289932,49.732056],[39.327656,49.72632],[39.36724,49.731849],[39.405997,49.744252],[39.443618,49.749523],[39.479895,49.733606],[39.499118,49.728129],[39.557513,49.723994],[39.570432,49.713297],[39.581594,49.690715],[39.597407,49.647978],[39.622935,49.613459],[39.653321,49.599816],[39.688667,49.59346],[39.729182,49.580799],[39.781065,49.548398],[39.801529,49.542197],[39.828711,49.541473],[39.859406,49.545556],[39.889379,49.553256],[39.9147,49.562971],[39.974025,49.602555],[39.998106,49.608239],[40.017743,49.607878],[40.115515,49.590566],[40.118504,49.588451],[40.130708,49.579817],[40.126057,49.559095],[40.110657,49.545349],[40.072003,49.530673],[40.05433,49.519769],[40.0349,49.487058],[40.040894,49.455484],[40.061978,49.425821],[40.101355,49.385462],[40.148071,49.349599],[40.159543,49.333579],[40.157166,49.315854],[40.142697,49.281903],[40.141663,49.245781],[40.134015,49.236272],[40.110244,49.227642],[40.090917,49.217255],[40.057741,49.182787],[40.038414,49.168524],[39.979606,49.141859],[39.952114,49.124548],[39.930927,49.10057],[39.926069,49.086514],[39.923382,49.057989],[39.918731,49.047808],[39.907259,49.042589],[39.891342,49.041762],[39.86199,49.045121],[39.831501,49.045276],[39.748922,49.026208],[39.698279,49.028378],[39.681123,49.020316],[39.673991,48.970139],[39.687531,48.957581],[39.707788,48.948796],[39.725978,48.937014],[39.739414,48.918979],[39.747372,48.905336],[39.758741,48.895415],[39.782305,48.888438],[39.861887,48.876449],[39.89651,48.879912],[39.908189,48.878413],[39.918628,48.87247],[39.937644,48.856244],[39.950357,48.852781],[39.972268,48.860326],[39.989941,48.875674],[40.008855,48.887818],[40.034279,48.885596],[40.053813,48.869215],[40.05278,48.849733],[40.038724,48.829992],[40.019603,48.813146],[39.975265,48.789685],[39.934957,48.786687],[39.824163,48.815626],[39.801219,48.814903],[39.779411,48.80772],[39.759361,48.792837],[39.751196,48.781881],[39.744478,48.770513],[39.736313,48.761521],[39.711405,48.754803],[39.70293,48.746586],[39.641849,48.611711],[39.63172,48.586906],[39.670271,48.588405],[39.690114,48.593676],[39.809177,48.583754],[39.835325,48.57347],[39.855066,48.556107],[39.862714,48.530062],[39.863851,48.52275],[39.866124,48.51704],[39.868501,48.512906],[39.869535,48.509908],[39.865401,48.501485],[39.855996,48.499366],[39.846694,48.499831],[39.842146,48.499056],[39.84473,48.483502],[39.854342,48.47544],[39.864781,48.469833],[39.8962,48.423919],[39.906845,48.398339],[39.914493,48.384696],[39.924105,48.376118],[39.901471,48.361184],[39.884108,48.346352],[39.815895,48.308164],[39.884831,48.278992],[39.905192,48.280646],[39.957385,48.293384],[39.978882,48.290077],[39.993248,48.27323],[39.990665,48.253748],[39.977642,48.235455],[39.960485,48.222071],[39.912633,48.197679],[39.89372,48.182977],[39.843077,48.119751],[39.831191,48.099985],[39.829021,48.076782],[39.844317,48.045673],[39.842973,48.036397],[39.840286,48.035002],[39.833568,48.03619],[39.778791,48.029214],[39.768146,48.024331],[39.759878,48.014951],[39.761945,48.009784],[39.770109,48.004099],[39.780238,47.993144],[39.794397,47.971311],[39.796154,47.961363],[39.793984,47.945705],[39.79047,47.937747],[39.779825,47.922477],[39.777034,47.913743],[39.777551,47.906586],[39.782098,47.892892],[39.782925,47.886561],[39.775587,47.85801],[39.759051,47.832947],[39.733833,47.815997],[39.70076,47.811527],[39.600611,47.829485],[39.570018,47.830932],[39.50935,47.822767],[39.479895,47.826126],[39.457054,47.831293],[39.413956,47.82318],[39.391631,47.822612],[39.373545,47.828296],[39.340058,47.843567],[39.319698,47.846021],[39.173557,47.837055],[39.133249,47.829536],[39.113509,47.828555],[39.092942,47.832094],[39.039095,47.856925],[39.03618,47.857003],[38.877244,47.86124],[38.830942,47.848243],[38.796215,47.819925],[38.770997,47.780831],[38.753324,47.735149],[38.745159,47.693111],[38.734514,47.677143],[38.713016,47.675722],[38.677876,47.685178],[38.662167,47.683292],[38.643357,47.673525],[38.606356,47.645052],[38.587649,47.634303],[38.562225,47.626629],[38.352935,47.607095],[38.319035,47.591308],[38.293404,47.562783],[38.274387,47.527849],[38.260331,47.492942],[38.263638,47.421706],[38.257954,47.393232],[38.233356,47.362407],[38.203383,47.334631],[38.190568,47.316906],[38.188707,47.30099],[38.201006,47.290629],[38.220333,47.288794],[38.257644,47.292747],[38.27573,47.291817],[38.291853,47.287037],[38.300949,47.27603],[38.298158,47.256031],[38.284722,47.241149],[38.263948,47.231537],[38.241314,47.22394],[38.222504,47.215233],[38.203487,47.192314],[38.196976,47.162394],[38.20142,47.130742],[38.216645,47.103258],[38.216482,47.103095],[38.1963,47.089504],[38.142263,47.037665],[38.108084,47.026353],[38.130382,47.058417],[38.130056,47.074652],[38.10434,47.08161],[38.071544,47.099799],[38.06658,47.09809],[38.061046,47.094957],[38.035167,47.084296],[38.026215,47.08161],[37.987641,47.091946],[37.962087,47.095933],[37.95045,47.091254],[37.861095,47.101508],[37.753266,47.075263],[37.710297,47.074164],[37.58074,47.090399],[37.546397,47.08161],[37.482921,47.035956],[37.37794,46.933905],[37.351736,46.898749],[37.335216,46.882473],[37.312999,46.875556],[37.317393,46.900824],[37.295421,46.920233],[37.260753,46.932685],[37.227061,46.936998],[37.208181,46.93358],[37.162283,46.909084],[37.04656,46.877753],[37.028819,46.875556],[37.017751,46.871283],[36.984874,46.852484],[36.973806,46.848293],[36.938813,46.839504],[36.886241,46.804023],[36.853689,46.800482],[36.862478,46.776923],[36.849132,46.754462],[36.8296,46.731879],[36.819591,46.707668],[36.812266,46.680569],[36.793712,46.653632],[36.769298,46.637397],[36.743826,46.642157],[36.743826,46.649604],[36.751231,46.649604],[36.771658,46.643459],[36.790294,46.671291],[36.802257,46.707017],[36.802501,46.724758],[36.794281,46.729193],[36.758067,46.758857],[36.742849,46.764716],[36.710134,46.772773],[36.696056,46.779975],[36.67921,46.773017],[36.661632,46.773749],[36.633962,46.779975],[36.617035,46.776679],[36.605968,46.769436],[36.59783,46.762152],[36.590017,46.758857],[36.524099,46.758857],[36.482677,46.741685],[36.432465,46.734849],[36.400157,46.723944],[36.371104,46.708441],[36.303477,46.659247],[36.284353,46.63642],[36.278331,46.607408],[36.270844,46.607408],[36.271169,46.622219],[36.267589,46.625556],[36.257823,46.621731],[36.247895,46.619045],[36.246755,46.612738],[36.245779,46.610826],[36.240733,46.61994],[36.243337,46.624091],[36.244477,46.63052],[36.244314,46.635321],[36.232921,46.640692],[36.230642,46.642157],[36.221853,46.654039],[36.216645,46.658677],[36.209972,46.662665],[36.189464,46.669013],[36.171723,46.668606],[36.134451,46.662665],[36.062022,46.670111],[35.925548,46.652289],[35.901622,46.652737],[35.827159,46.623358],[35.771169,46.601264],[35.741954,46.584418],[35.661306,46.519273],[35.628673,46.498481],[35.510509,46.457221],[35.491466,46.447984],[35.475759,46.435696],[35.445486,46.405992],[35.430024,46.395575],[35.39503,46.378607],[35.380138,46.368476],[35.284516,46.259223],[35.279552,46.255154],[35.26352,46.242255],[35.209483,46.169867],[35.184744,46.145494],[35.161794,46.128241],[35.121104,46.118476],[35.096528,46.104193],[35.062266,46.098619],[35.038585,46.086086],[35.000011,46.073635],[34.982107,46.077826],[34.985362,46.08747],[35.0171,46.112779],[35.051931,46.128241],[35.049083,46.132066],[35.044444,46.141913],[35.148936,46.16413],[35.20045,46.18301],[35.227875,46.221747],[35.251801,46.24022],[35.262218,46.25731],[35.291352,46.293362],[35.32781,46.319241],[35.342133,46.335761],[35.346039,46.361029],[35.328868,46.348049],[35.311534,46.337633],[35.291759,46.336412],[35.267589,46.35106],[35.258556,46.373358],[35.264496,46.399807],[35.284516,46.437405],[35.27711,46.440741],[35.260916,46.441596],[35.250499,46.443549],[35.243175,46.446967],[35.230317,46.455512],[35.21461,46.462633],[35.201671,46.476304],[35.191417,46.494289],[35.188324,46.512437],[35.166677,46.49315],[35.174001,46.473334],[35.192068,46.455064],[35.201996,46.440497],[35.205089,46.427558],[35.210704,46.420152],[35.213715,46.411811],[35.209483,46.39643],[35.201508,46.385321],[35.167817,46.361029],[35.108409,46.297756],[35.105072,46.295071],[35.075043,46.271064],[35.030772,46.251776],[34.936046,46.235419],[34.926524,46.235053],[34.914073,46.238105],[34.908051,46.244289],[34.907237,46.251654],[34.904796,46.255683],[34.893565,46.251776],[34.886567,46.242743],[34.885427,46.231391],[34.882172,46.221747],[34.838878,46.207668],[34.835134,46.203192],[34.817638,46.186225],[34.812266,46.176663],[34.81129,46.166246],[34.813243,46.158271],[34.819102,46.141913],[34.824229,46.077948],[34.828949,46.063422],[34.838552,46.047553],[34.87436,45.926093],[34.883474,45.912828],[34.895193,45.901028],[34.90504,45.888617],[34.958181,45.789537],[35.001891,45.729003],[34.975667,45.717322],[34.952331,45.721989],[34.917328,45.747658],[34.870656,45.773328],[34.809983,45.784996],[34.788981,45.803664],[34.784314,45.829334],[34.784314,45.869004],[34.784314,45.899341],[34.763312,45.932011],[34.735309,45.953013],[34.688637,45.974015],[34.641966,45.981016],[34.599961,45.978683],[34.569625,45.976349],[34.529954,45.981016],[34.52062,45.969348],[34.504285,45.95068],[34.464614,45.955347],[34.434277,45.971682],[34.410942,45.988017],[34.392273,46.009019],[34.378272,46.030021],[34.361937,46.055691],[34.333934,46.069692],[34.301264,46.069692],[34.273261,46.083693],[34.235923,46.097695],[34.20092,46.100028],[34.161249,46.090694],[34.105243,46.095361],[34.067906,46.104696],[34.025902,46.116364],[33.990898,46.130365],[33.944226,46.153701],[33.892888,46.177037],[33.846216,46.195705],[33.801878,46.202706],[33.755207,46.193372],[33.715726,46.195743],[33.67028,46.218106],[33.661623,46.21017],[33.671456,46.172951],[33.660449,46.148184],[33.628517,46.124935],[33.613455,46.145209],[33.596528,46.155748],[33.571544,46.149359],[33.549815,46.13642],[33.532481,46.121527],[33.531261,46.106879],[33.557872,46.094713],[33.557872,46.087307],[33.531261,46.085924],[33.505626,46.080268],[33.495779,46.067857],[33.516287,46.046332],[33.506358,46.04682],[33.485525,46.053168],[33.423839,46.05329],[33.415294,46.058092],[33.384288,46.087592],[33.357758,46.103827],[33.331065,46.107489],[33.310802,46.087307],[33.305837,46.092353],[33.301443,46.093655],[33.296397,46.093573],[33.290294,46.094713],[33.306895,46.106147],[33.317719,46.119696],[33.315684,46.131008],[33.293468,46.135688],[33.21461,46.128241],[33.221853,46.141506],[33.225352,46.15412],[33.235118,46.223822],[33.211925,46.206285],[33.194998,46.178697],[33.175059,46.153144],[33.14324,46.141913],[33.135509,46.140692],[33.122895,46.135891],[33.112804,46.135688],[33.103282,46.138373],[33.081798,46.149359],[33.023448,46.169867],[33.032481,46.141018],[33.01824,46.127672],[32.913097,46.11518],[32.899262,46.11522],[32.891612,46.116685],[32.88266,46.120673],[32.87615,46.121405],[32.853201,46.120347],[32.844574,46.121405],[32.789806,46.134345],[32.766287,46.135688],[32.751313,46.133043],[32.714041,46.120063],[32.588227,46.104397],[32.57781,46.101549],[32.567556,46.096584],[32.551036,46.084296],[32.543712,46.080471],[32.503429,46.076117],[32.302501,46.116685],[32.280528,46.12759],[32.267751,46.126614],[32.262462,46.128241],[32.260509,46.132148],[32.257335,46.144965],[32.255626,46.149359],[32.25172,46.156887],[32.247406,46.170722],[32.241954,46.176663],[32.260916,46.188625],[32.266775,46.19481],[32.269298,46.204576],[32.239268,46.195258],[32.213145,46.193061],[32.187348,46.196723],[32.142589,46.207994],[32.128673,46.209703],[32.115408,46.214545],[32.077891,46.249498],[32.050141,46.266059],[32.018077,46.257514],[31.968435,46.275702],[31.885753,46.320014],[31.884044,46.308661],[31.88795,46.295152],[31.889903,46.28384],[31.882335,46.27912],[31.819184,46.280585],[31.801117,46.285061],[31.785899,46.292385],[31.772472,46.30268],[31.767345,46.318183],[31.779959,46.331773],[31.799815,46.342231],[31.816742,46.347968],[31.837413,46.349555],[31.892589,46.341132],[31.968272,46.35106],[31.977306,46.355292],[32.029633,46.388983],[32.041677,46.390855],[32.055186,46.39057],[32.06186,46.393785],[32.053559,46.405992],[32.007823,46.448961],[31.99171,46.453559],[31.9546,46.450995],[31.910655,46.455878],[31.771658,46.495836],[31.748546,46.499945],[31.72641,46.500881],[31.710704,46.495429],[31.695974,46.484117],[31.690278,46.478583],[31.686534,46.470893],[31.685069,46.461371],[31.686534,46.429877],[31.663585,46.472113],[31.655772,46.478339],[31.641449,46.482082],[31.524425,46.564195],[31.508311,46.587592],[31.540294,46.570054],[31.566661,46.55036],[31.581554,46.545233],[31.756358,46.554267],[31.790212,46.547268],[31.847911,46.523017],[31.851736,46.521959],[31.861827,46.519273],[31.947113,46.519273],[32.033458,46.506293],[32.091156,46.512844],[32.111664,46.512437],[32.221528,46.495429],[32.276134,46.470893],[32.317556,46.464342],[32.361013,46.466864],[32.399669,46.478339],[32.427013,46.498847],[32.408376,46.517279],[32.43572,46.543158],[32.505707,46.584133],[32.52475,46.592719],[32.570974,46.596422],[32.58839,46.604315],[32.60377,46.615709],[32.619395,46.623521],[32.6338,46.633124],[32.645518,46.649604],[32.621837,46.641791],[32.594574,46.628323],[32.567393,46.618476],[32.543712,46.621731],[32.409028,46.568915],[32.335785,46.562161],[32.269298,46.587592],[32.253754,46.604722],[32.24822,46.607408],[32.236827,46.604438],[32.220063,46.590725],[32.210948,46.587592],[32.199718,46.586493],[32.180186,46.581773],[32.169932,46.580756],[32.146332,46.560248],[32.132091,46.570299],[32.117931,46.606879],[32.101085,46.614895],[32.039561,46.623481],[32.022797,46.629136],[32.008962,46.639797],[31.992931,46.657416],[31.979828,46.677069],[31.974457,46.693996],[31.970714,46.712877],[31.961436,46.727607],[31.950206,46.741767],[31.940278,46.758857],[31.936209,46.80036],[31.954763,46.831448],[31.9817,46.860338],[32.002452,46.895453],[32.007498,46.915229],[32.006684,46.930487],[31.995942,46.940375],[31.946056,46.946682],[31.935883,46.95482],[31.93922,46.967963],[31.968923,46.998684],[31.976899,47.009345],[31.970958,47.016343],[31.943696,47.018948],[31.900157,47.013617],[31.881114,47.015041],[31.865245,47.026353],[31.89324,47.068427],[31.896821,47.092719],[31.882335,47.118598],[31.868175,47.127346],[31.855724,47.129625],[31.845551,47.134019],[31.837901,47.149237],[31.834727,47.168199],[31.834483,47.178941],[31.830577,47.186754],[31.816742,47.197089],[31.75766,47.216213],[31.748546,47.228461],[31.753266,47.248521],[31.752126,47.255845],[31.74171,47.259101],[31.737804,47.255357],[31.723806,47.237494],[31.720551,47.231879],[31.726817,47.220526],[31.742442,47.209174],[31.761729,47.200507],[31.806163,47.192694],[31.816254,47.180854],[31.815603,47.122626],[31.819998,47.117092],[31.844737,47.112982],[31.851573,47.108344],[31.856619,47.103664],[31.861827,47.101508],[31.874278,47.093817],[31.866466,47.077053],[31.852306,47.060533],[31.844737,47.053697],[31.837413,47.00845],[31.868988,46.998847],[31.914073,47.003079],[31.947113,46.999091],[31.917735,46.976264],[31.904307,46.960517],[31.899425,46.943834],[31.907725,46.926459],[31.925629,46.922919],[31.947602,46.928168],[31.968272,46.936998],[31.97283,46.915351],[31.96339,46.885688],[31.945079,46.859524],[31.923188,46.848293],[31.898611,46.842922],[31.877452,46.828274],[31.864757,46.806586],[31.865245,46.779975],[31.902843,46.745185],[31.906749,46.738227],[31.899425,46.693996],[31.902354,46.676988],[31.907481,46.669176],[31.908539,46.662746],[31.899425,46.649604],[31.8921,46.643622],[31.870128,46.633124],[31.858409,46.629136],[31.814708,46.623033],[31.771495,46.627509],[31.674083,46.653225],[31.614431,46.649604],[31.597179,46.643215],[31.588715,46.629584],[31.578868,46.617336],[31.556814,46.614895],[31.548513,46.618069],[31.534516,46.627183],[31.525401,46.629136],[31.504161,46.627997],[31.493012,46.62873],[31.485037,46.63227],[31.480968,46.64643],[31.490896,46.663398],[31.546153,46.727607],[31.560232,46.749091],[31.559825,46.758857],[31.572113,46.766303],[31.618175,46.813463],[31.60613,46.826402],[31.59783,46.820461],[31.591319,46.805976],[31.583995,46.793647],[31.576671,46.789374],[31.557384,46.783637],[31.549327,46.779975],[31.543468,46.774848],[31.524181,46.754055],[31.52296,46.750312],[31.519542,46.747463],[31.508311,46.745185],[31.495616,46.750718],[31.481619,46.758857],[31.466807,46.783596],[31.456065,46.796047],[31.440684,46.800482],[31.451915,46.775458],[31.453787,46.76911],[31.455821,46.754584],[31.461925,46.748684],[31.470714,46.745347],[31.502126,46.727729],[31.50587,46.720404],[31.498302,46.707668],[31.479666,46.687201],[31.478201,46.683783],[31.462657,46.675238],[31.428559,46.637641],[31.416189,46.629136],[31.396658,46.626044],[31.352224,46.60932],[31.337657,46.601264],[31.323904,46.606147],[31.295746,46.608873],[31.28297,46.614895],[31.275564,46.607408],[31.256684,46.6164],[31.18686,46.629136],[31.159516,46.628974],[31.108165,46.617743],[31.054535,46.612738],[31.013031,46.603339],[30.991384,46.601264],[30.982432,46.597398],[30.959239,46.583401],[30.95045,46.584133],[30.939138,46.587714],[30.926036,46.584296],[30.866954,46.555813],[30.854503,46.553412],[30.812511,46.560045],[30.802582,46.560248],[30.790701,46.552924],[30.760916,46.524359],[30.754893,46.515855],[30.758311,46.50259],[30.775238,46.477688],[30.782074,46.457221],[30.785899,46.457261],[30.793468,46.452338],[30.798188,46.446438],[30.792979,46.443549],[30.790375,46.441474],[30.786794,46.43651],[30.783539,46.430854],[30.77475,46.400621],[30.772472,46.39643],[30.731293,46.358588],[30.714529,46.347968],[30.660655,46.350898],[30.651866,46.34455],[30.656505,46.339016],[30.679373,46.328315],[30.686534,46.320014],[30.686778,46.309027],[30.682384,46.299547],[30.653494,46.259589],[30.583507,46.190334],[30.56186,46.161689],[30.547699,46.147773],[30.531993,46.141913],[30.523285,46.133775],[30.503429,46.094387],[30.494151,46.080471],[30.371267,45.997952],[30.261404,45.895494],[30.204926,45.855862],[30.138438,45.81977],[30.140961,45.832953],[30.135265,45.889146],[30.127452,45.891343],[30.118337,45.884508],[30.110606,45.875067],[30.105805,45.863471],[30.102306,45.836859],[30.100597,45.830308],[30.096853,45.823717],[30.096446,45.818427],[30.094574,45.814846],[30.086681,45.813544],[30.084321,45.815619],[30.07838,45.819403],[30.072439,45.82099],[30.069591,45.816718],[30.061209,45.813463],[30.014659,45.839667],[29.990733,45.847073],[29.968516,45.838935],[29.96046,45.819159],[29.958263,45.794623],[29.952891,45.771959],[29.943044,45.783515],[29.932384,45.792426],[29.932384,45.799872],[29.939138,45.810452],[29.935069,45.816148],[29.92628,45.813788],[29.918712,45.799872],[29.917735,45.782904],[29.922374,45.769436],[29.930186,45.759101],[29.939301,45.751532],[29.932384,45.724189],[29.927419,45.73371],[29.919688,45.740546],[29.898204,45.751532],[29.895763,45.755357],[29.896821,45.759914],[29.896169,45.763617],[29.887706,45.765123],[29.881684,45.763007],[29.878754,45.758287],[29.876801,45.753607],[29.874034,45.751532],[29.850841,45.751125],[29.823741,45.747626],[29.802419,45.737494],[29.795746,45.717353],[29.803233,45.704169],[29.816417,45.697699],[29.843028,45.69066],[29.858246,45.679877],[29.865001,45.672349],[29.860118,45.668931],[29.84254,45.663886],[29.826671,45.654242],[29.809581,45.648586],[29.789073,45.65526],[29.786143,45.648912],[29.783865,45.646633],[29.784353,45.643622],[29.789073,45.635443],[29.774099,45.629584],[29.745942,45.622626],[29.733735,45.614325],[29.735037,45.64057],[29.723969,45.667426],[29.705251,45.688422],[29.682628,45.696845],[29.685313,45.70425],[29.67921,45.751532],[29.685802,45.767727],[29.692231,45.775336],[29.693858,45.781317],[29.685883,45.792426],[29.680431,45.798285],[29.677582,45.800198],[29.674001,45.801581],[29.653331,45.81387],[29.647472,45.818549],[29.642833,45.827216],[29.638194,45.826321],[29.633556,45.821357],[29.631358,45.813544],[29.634613,45.806627],[29.648692,45.793606],[29.651866,45.789008],[29.64796,45.781195],[29.629568,45.763495],[29.623871,45.751532],[29.622732,45.736233],[29.625336,45.728258],[29.630707,45.721503],[29.637543,45.709906],[29.603201,45.691311],[29.597179,45.652289],[29.599376,45.604438],[29.589692,45.559068],[29.615001,45.550116],[29.62908,45.546698],[29.648448,45.545396],[29.66684,45.548163],[29.681163,45.555121],[29.707042,45.57331],[29.694509,45.562201],[29.661632,45.525865],[29.648448,45.518134],[29.638031,45.513861],[29.631684,45.504462],[29.62672,45.495063],[29.62086,45.49079],[29.605154,45.487006],[29.605724,45.478176],[29.621104,45.454413],[29.629649,45.446926],[29.640798,45.441799],[29.651866,45.44302],[29.65561,45.45185],[29.653819,45.464016],[29.656016,45.474189],[29.672374,45.477118],[29.672374,45.453843],[29.675304,45.449612],[29.681488,45.450181],[29.686534,45.453559],[29.685883,45.457261],[29.694347,45.455512],[29.702159,45.45661],[29.708669,45.452786],[29.713227,45.436225],[29.719737,45.451361],[29.724457,45.468166],[29.73227,45.475735],[29.747406,45.463446],[29.754649,45.447252],[29.75587,45.427883],[29.747813,45.414293],[29.727712,45.415676],[29.741873,45.404527],[29.750173,45.38581],[29.753917,45.364081],[29.756196,45.321234],[29.754893,45.31269],[29.751475,45.304145],[29.742931,45.290473],[29.741222,45.282213],[29.729747,45.258124],[29.727712,45.247748],[29.728689,45.239325],[29.729747,45.237738],[29.728038,45.236884],[29.708751,45.223334],[29.692393,45.216742],[29.67449,45.213568],[29.659028,45.215888],[29.664215,45.223184],[29.666488,45.230625],[29.66499,45.23786],[29.659254,45.244165],[29.672276,45.272948],[29.667109,45.311861],[29.650262,45.346122],[29.628145,45.360798],[29.616362,45.365346],[29.569699,45.394956],[29.430637,45.430406],[29.353743,45.435936],[29.343924,45.438106],[29.332969,45.442137],[29.322117,45.443842],[29.312815,45.439346],[29.307027,45.434127],[29.299276,45.428908],[29.290491,45.424619],[29.281809,45.422293],[29.260828,45.422035],[29.244602,45.424205],[29.228169,45.42374],[29.206672,45.41542],[29.191582,45.40617],[29.183107,45.398987],[29.179386,45.391856],[29.174322,45.388962],[29.150138,45.387877],[29.141869,45.385086],[29.127503,45.374544],[29.110295,45.369066],[29.069522,45.360798],[29.018156,45.330878],[29.004617,45.326072],[28.982448,45.325503],[28.973663,45.323695],[28.96648,45.319871],[28.960433,45.311292],[28.957384,45.292017],[28.952837,45.285092],[28.929893,45.279098],[28.910049,45.287366],[28.893616,45.29982],[28.880852,45.306176],[28.858114,45.30907],[28.831811,45.322299],[28.816308,45.326072],[28.789746,45.321421],[28.788609,45.307106],[28.79016,45.292069],[28.761531,45.281837],[28.75967,45.274189],[28.762564,45.265145],[28.767267,45.257755],[28.774295,45.253363],[28.802665,45.244165],[28.7914,45.234966],[28.778687,45.23109],[28.747371,45.23047],[28.710061,45.226956],[28.577046,45.248092],[28.494157,45.278891],[28.40517,45.295066],[28.370237,45.309225],[28.353287,45.312429],[28.330239,45.322919],[28.310809,45.347827],[28.281198,45.401829],[28.286418,45.421725],[28.266884,45.440483],[28.237635,45.452059],[28.215146,45.450365],[28.212934,45.450198],[28.199498,45.461774],[28.201565,45.468854],[28.20849,45.481411],[28.217171,45.493193],[28.217275,45.493348],[28.270423,45.521471],[28.270501,45.521512],[28.341918,45.517636],[28.416849,45.503787],[28.480928,45.501978],[28.502012,45.508748],[28.506456,45.520582],[28.500048,45.554585],[28.497981,45.556445],[28.498239,45.558719],[28.503743,45.566102],[28.504596,45.567246],[28.510435,45.571018],[28.536893,45.579803],[28.523096,45.593239],[28.518755,45.607036],[28.516895,45.620989],[28.511314,45.635045],[28.498498,45.644295],[28.482891,45.650755],[28.474003,45.657938],[28.480928,45.669462],[28.504182,45.693698],[28.515241,45.702018],[28.532501,45.710079],[28.56144,45.71659],[28.567641,45.7246],[28.563525,45.735494],[28.560613,45.743204],[28.576684,45.761911],[28.643605,45.76651],[28.669753,45.77731],[28.673267,45.78687],[28.671924,45.797257],[28.669392,45.806301],[28.669753,45.812037],[28.677298,45.816584],[28.706392,45.821132],[28.725564,45.82878],[28.738276,45.837565],[28.745046,45.850484],[28.746441,45.870586],[28.742307,45.887329],[28.728406,45.921953],[28.729181,45.938644],[28.74024,45.953217],[28.757603,45.961175],[28.93196,45.993163],[28.956868,46.001379],[28.958935,46.021016],[28.941158,46.064683],[28.938781,46.089281],[28.946429,46.105094],[28.980846,46.132121],[29.00348,46.158941],[29.015365,46.182609],[29.009836,46.204364],[28.984112,46.221221],[28.95077,46.24307],[28.950615,46.243122],[28.93351,46.258986],[28.93289,46.272629],[28.939918,46.286995],[28.945809,46.304978],[28.944879,46.32074],[28.927309,46.368024],[28.919247,46.404662],[28.925448,46.432774],[28.945809,46.454788],[29.020326,46.489515],[29.055915,46.49874],[29.074948,46.503674],[29.162747,46.538091],[29.183059,46.538042],[29.184244,46.538039],[29.200212,46.523983],[29.206775,46.502511],[29.207602,46.417891],[29.205638,46.406109],[29.199282,46.396497],[29.190342,46.387196],[29.183417,46.37761],[29.183727,46.367171],[29.200677,46.35712],[29.222898,46.366473],[29.259175,46.394353],[29.27137,46.397427],[29.278192,46.395877],[29.283256,46.397427],[29.290077,46.410243],[29.290697,46.419261],[29.285943,46.439492],[29.289147,46.451636],[29.306717,46.471997],[29.320773,46.468741],[29.344234,46.434169],[29.362114,46.415928],[29.374723,46.416186],[29.418235,46.462488],[29.436838,46.476699],[29.456724,46.484366],[29.457612,46.484709],[29.480867,46.482048],[29.486448,46.475872],[29.488205,46.469361],[29.486241,46.462488],[29.480867,46.455512],[29.475286,46.447554],[29.473322,46.439802],[29.475079,46.432257],[29.480867,46.425152],[29.49606,46.420811],[29.527479,46.416651],[29.541432,46.413034],[29.555643,46.404197],[29.56944,46.382286],[29.582979,46.369651],[29.598586,46.363063],[29.615639,46.361822],[29.632072,46.36606],[29.645508,46.375594],[29.652949,46.391898],[29.647988,46.416393],[29.654396,46.422697],[29.682715,46.42293],[29.702869,46.42833],[29.713824,46.443058],[29.714134,46.47117],[29.72695,46.455796],[29.779557,46.421095],[29.80033,46.398358],[29.805085,46.389986],[29.806738,46.380891],[29.80617,46.361564],[29.808185,46.354691],[29.828132,46.339395],[29.847769,46.341462],[29.884666,46.3642],[29.902546,46.371176],[29.918669,46.373656],[30.037267,46.368928],[30.08114,46.374199],[30.107185,46.391898],[30.131576,46.422826],[30.118244,46.428692],[30.102017,46.430733],[30.086928,46.428873],[30.077006,46.422826],[30.060005,46.436805],[30.014064,46.462023],[30.021712,46.470653],[30.009413,46.488068],[30.00285,46.494217],[29.994944,46.498532],[29.989259,46.498687],[29.977064,46.493184],[29.970553,46.491737],[29.967039,46.493856],[29.962078,46.503442],[29.960217,46.505948],[29.916086,46.518815],[29.901926,46.53083],[29.898826,46.553129],[29.916086,46.554369],[29.9381,46.55734],[29.949675,46.578863],[29.947402,46.588346],[29.934948,46.608836],[29.931279,46.619171],[29.931899,46.632374],[29.935413,46.641857],[29.94027,46.650797],[29.944404,46.662476],[29.952621,46.724694],[29.951122,46.743117],[29.946678,46.750739],[29.935671,46.765157],[29.931795,46.772443],[29.930452,46.781642],[29.930658,46.803087],[29.928178,46.809754],[29.917429,46.813965],[29.907714,46.810942],[29.898516,46.806653],[29.889627,46.80717],[29.884873,46.812673],[29.876915,46.830786],[29.872212,46.837711],[29.843635,46.854144],[29.815213,46.856624],[29.785758,46.854661],[29.754132,46.85802],[29.735838,46.867192],[29.712481,46.893444],[29.696151,46.904683],[29.680855,46.908559],[29.648092,46.910419],[29.631865,46.914398],[29.623287,46.91954],[29.607577,46.93202],[29.598482,46.935379],[29.573161,46.933725],[29.567476,46.934656],[29.558691,46.94574],[29.559828,46.95884],[29.560626,46.961256],[29.564996,46.974498],[29.572489,47.011757],[29.583393,47.02279],[29.595433,47.032143],[29.60303,47.04576],[29.6021,47.061005],[29.594865,47.074595],[29.583393,47.085215],[29.570164,47.091442],[29.551353,47.090202],[29.539726,47.078885],[29.530993,47.066017],[29.520141,47.059919],[29.511459,47.066017],[29.480867,47.10524],[29.478696,47.108469],[29.47787,47.111544],[29.478593,47.114645],[29.480867,47.117487],[29.508669,47.119399],[29.530373,47.123688],[29.544842,47.135574],[29.55063,47.160172],[29.540398,47.212546],[29.544015,47.23425],[29.568717,47.243138],[29.580189,47.26045],[29.579259,47.283601],[29.57006,47.306778],[29.556573,47.324038],[29.539881,47.334218],[29.520968,47.33892],[29.501072,47.339825],[29.480867,47.338274],[29.470635,47.322746],[29.466087,47.307449],[29.459163,47.293497],[29.441696,47.282128],[29.425573,47.278666],[29.409553,47.279751],[29.394464,47.284712],[29.380821,47.29298],[29.370882,47.304434],[29.367592,47.308225],[29.364491,47.322436],[29.364078,47.336879],[29.35891,47.352718],[29.345836,47.365844],[29.330385,47.370495],[29.314675,47.372717],[29.300826,47.378194],[29.292713,47.388866],[29.288217,47.400777],[29.281396,47.411474],[29.2507,47.425375],[29.232613,47.44633],[29.21835,47.451601],[29.201866,47.446588],[29.192409,47.435814],[29.182074,47.429871],[29.163884,47.439379],[29.155615,47.449999],[29.140009,47.480152],[29.137189,47.484008],[29.130656,47.492942],[29.130604,47.493045],[29.130501,47.493097],[29.130397,47.4932],[29.117426,47.533327],[29.130501,47.55963],[29.156184,47.582781],[29.182074,47.613219],[29.192409,47.650917],[29.191479,47.686264],[29.196956,47.717502],[29.22667,47.743237],[29.238608,47.756001],[29.234732,47.766801],[29.221968,47.774811],[29.187448,47.783209],[29.177836,47.78972],[29.177733,47.800701],[29.186724,47.818219],[29.19892,47.829485],[29.21742,47.842895],[29.232768,47.85708],[29.236024,47.870723],[29.225999,47.87558],[29.186621,47.883642],[29.172565,47.891006],[29.164607,47.905604],[29.155822,47.939866],[29.147967,47.955369],[29.136288,47.968184],[29.123989,47.975987],[29.110037,47.979656],[29.092725,47.980173],[29.061047,47.96976],[29.017226,47.931081],[28.980846,47.926378],[28.950356,47.934801],[28.936087,47.942164],[28.914803,47.953146],[28.882557,47.976763],[28.862085,48.000502],[28.855685,48.007923],[28.839252,48.018285],[28.832534,48.024822],[28.830777,48.030868],[28.827573,48.057016],[28.811554,48.082906],[28.809176,48.089779],[28.80835,48.096574],[28.805921,48.103809],[28.799255,48.111793],[28.771246,48.124454],[28.735072,48.128691],[28.665619,48.129337],[28.573635,48.154969],[28.541596,48.155951],[28.519323,48.149129],[28.501082,48.112827],[28.49979,48.108914],[28.494157,48.091846],[28.493744,48.074819],[28.490023,48.065491],[28.479584,48.064923],[28.459379,48.074457],[28.447441,48.082751],[28.419019,48.122232],[28.435659,48.134686],[28.436899,48.149853],[28.427288,48.163366],[28.411578,48.170704],[28.388634,48.168586],[28.37556,48.156648],[28.364966,48.141507],[28.349566,48.129725],[28.328586,48.127012],[28.317424,48.135358],[28.315563,48.149284],[28.322178,48.163211],[28.337887,48.175484],[28.352253,48.181866],[28.363364,48.191013],[28.37003,48.211632],[28.36817,48.230623],[28.357731,48.238607],[28.340575,48.240106],[28.294479,48.236488],[28.277529,48.229124],[28.261716,48.219952],[28.240322,48.211632],[28.216965,48.208144],[28.199911,48.211735],[28.189369,48.223052],[28.185752,48.242379],[28.178517,48.258864],[28.162084,48.257185],[28.131078,48.239589],[28.115575,48.236747],[28.093251,48.237444],[28.078678,48.244912],[28.098315,48.284108],[28.092838,48.302066],[28.076405,48.314933],[28.055941,48.321496],[28.003177,48.325883],[27.967057,48.328886],[27.92644,48.339428],[27.904529,48.362475],[27.896674,48.367178],[27.885371,48.378444],[27.864841,48.398907],[27.849855,48.40963],[27.78526,48.441566],[27.751773,48.451979],[27.627026,48.451256],[27.606873,48.457819],[27.604806,48.484122],[27.582998,48.486034],[27.557057,48.474355],[27.545171,48.472365],[27.50383,48.472365],[27.480885,48.451411],[27.420217,48.417149],[27.403474,48.411491],[27.389832,48.415005],[27.36141,48.432807],[27.342186,48.436114],[27.306012,48.42366],[27.25193,48.37831],[27.246481,48.373741],[27.208551,48.360615],[27.175788,48.361804],[27.068818,48.388882],[27.048044,48.397667],[27.037398,48.399683],[27.02634,48.397099],[27.025409,48.389864],[27.0282,48.381389],[27.027786,48.374774],[27.02851,48.370795],[27.031817,48.36524],[27.033057,48.360202],[27.027683,48.357747],[27.015591,48.359401],[27.004635,48.358755],[26.997814,48.361545],[26.990579,48.362372],[26.981071,48.35568],[26.943244,48.351262],[26.908724,48.36524],[26.875961,48.383999],[26.842785,48.39374],[26.831933,48.391363],[26.828419,48.385136],[26.825628,48.377772],[26.816947,48.371726],[26.810074,48.371881],[26.793589,48.376273],[26.78806,48.375963],[26.777518,48.36617],[26.778189,48.357204],[26.78408,48.345164],[26.789351,48.32594],[26.790075,48.307053],[26.785734,48.294108],[26.774365,48.287183],[26.754573,48.286149],[26.735918,48.291834],[26.723619,48.302582],[26.712974,48.314907],[26.699434,48.325113],[26.679797,48.330178],[26.67401,48.321703],[26.6691,48.30881],[26.636079,48.294883],[26.625124,48.282894],[26.618613,48.267184],[26.617889,48.258968],[26.5874,48.249356],[26.461309,48.230391],[26.44467,48.227729],[26.397437,48.226205],[26.380488,48.223207],[26.347311,48.212097],[26.330258,48.208506],[26.311758,48.20972],[26.30349,48.212045],[26.296152,48.178998],[26.297495,48.156338],[26.286953,48.124712],[26.270727,48.093603],[26.255327,48.072338],[26.243235,48.062907],[26.217087,48.048024],[26.204788,48.037379],[26.18267,48.003273],[26.173058,47.993144],[26.125723,47.978416],[26.10253,47.978267],[26.029294,47.977796],[25.965732,47.964903],[25.918087,47.968158],[25.90124,47.965962],[25.870958,47.957022],[25.818351,47.952578],[25.752516,47.934595],[25.261744,47.898576],[25.218956,47.878474],[25.121908,47.770315],[25.080257,47.743133],[25.08005,47.743082],[25.079947,47.742927],[25.017418,47.724582],[24.94238,47.715563],[24.928858,47.713938],[24.896599,47.710061],[24.877789,47.718742],[24.854431,47.743133],[24.820738,47.784087],[24.808232,47.79574],[24.793659,47.804473],[24.712837,47.825919],[24.679144,47.84013],[24.661471,47.853876],[24.656923,47.866201],[24.655993,47.879301],[24.649275,47.895217],[24.633669,47.908291],[24.608451,47.921934],[24.569808,47.937289],[24.561632,47.940537],[24.542098,47.943819],[24.485564,47.943199],[24.428514,47.952526],[24.409187,47.952061],[24.386242,47.94369],[24.347175,47.920875],[24.297876,47.919789],[24.231006,47.897026],[24.209302,47.897594],[24.150184,47.912916],[24.148737,47.912115],[24.131167,47.914544],[24.094787,47.937928],[24.074943,47.944181],[24.025231,47.95325],[24.008798,47.961208],[23.977275,47.962293],[23.876609,47.93444],[23.855215,47.934233],[23.848394,47.949658],[23.796511,47.981982],[23.780078,47.987511],[23.710521,47.985083],[23.687267,47.987253],[23.646132,47.996606],[23.581744,48.001567],[23.563243,48.005753],[23.525623,48.00118],[23.514461,47.998983],[23.503712,47.992886],[23.499371,47.986219],[23.494307,47.980535],[23.488519,47.975858],[23.485476,47.974234],[23.481595,47.972163],[23.460821,47.971337],[23.396019,47.993067],[23.394468,47.993454],[23.393021,47.993583],[23.391574,47.993454],[23.390127,47.993067],[23.382169,47.991129],[23.374728,47.99056],[23.367286,47.991206],[23.360052,47.993144],[23.337521,48.010869],[23.289772,48.038206],[23.248637,48.071227],[23.231377,48.079728],[23.161718,48.095903],[23.139083,48.098125],[23.118619,48.091536],[23.098982,48.071227],[23.076555,48.024512],[23.063119,48.007458],[23.020331,47.984721],[23.004415,47.983067],[22.988188,47.986374],[22.972478,47.992886],[22.957079,48.00012],[22.939302,48.00565],[22.924109,48.004823],[22.915738,47.992989],[22.924213,47.972732],[22.915841,47.959193],[22.897858,47.950976],[22.877601,47.946739],[22.840807,47.966789],[22.832435,47.978933],[22.849489,47.993144],[22.851349,48.008802],[22.857964,48.018026],[22.861581,48.028387],[22.85476,48.047301],[22.844321,48.061047],[22.830988,48.072442],[22.801429,48.090968],[22.765566,48.104533],[22.762052,48.109261],[22.745722,48.116289],[22.728566,48.113137],[22.711616,48.105824],[22.693219,48.101768],[22.621182,48.101768],[22.608056,48.096833],[22.605472,48.097039],[22.600098,48.101122],[22.583045,48.124816],[22.568886,48.156519],[22.55576,48.177164],[22.481449,48.242586],[22.477418,48.24393],[22.473284,48.244498],[22.469047,48.244136],[22.44972,48.237677],[22.434217,48.236747],[22.418404,48.238969],[22.398767,48.244343],[22.394529,48.244757],[22.390498,48.244343],[22.386468,48.243051],[22.378613,48.238865],[22.370861,48.237393],[22.363627,48.23871],[22.357116,48.243103],[22.308126,48.293694],[22.297378,48.314003],[22.296447,48.327801],[22.298721,48.339324],[22.298721,48.349143],[22.29128,48.357566],[22.284355,48.358393],[22.25676,48.357282],[22.256967,48.373224],[22.271849,48.403455],[22.236089,48.415289],[22.201983,48.418157],[22.16922,48.409527],[22.159298,48.402318],[22.158263,48.402222],[22.156508,48.40206],[22.13284,48.404798],[22.13377,48.476835],[22.144829,48.493114],[22.148343,48.508823],[22.136664,48.549337],[22.138731,48.569595],[22.153717,48.585873],[22.219036,48.620935],[22.225237,48.628222],[22.235676,48.644164],[22.243221,48.651192],[22.25552,48.656773],[22.282185,48.662405],[22.294277,48.667625],[22.310297,48.681681],[22.322492,48.700336],[22.3289,48.721575],[22.32766,48.743021],[22.330761,48.756405],[22.338409,48.762968],[22.347814,48.767877],[22.356495,48.776145],[22.36342,48.787617],[22.365694,48.794387],[22.363523,48.828287],[22.36156,48.836452],[22.362283,48.844255],[22.368898,48.856451],[22.370799,48.858248],[22.378406,48.865442],[22.402384,48.878826],[22.411789,48.887766],[22.413753,48.893864],[22.41365,48.906783],[22.41489,48.911693],[22.427292,48.929469],[22.448996,48.971431],[22.466566,48.980526],[22.505013,48.984246],[22.520516,48.992928],[22.520103,49.009826],[22.524754,49.032874],[22.531989,49.055715],[22.539637,49.0722],[22.560721,49.085532],[22.580771,49.08145],[22.618288,49.054216],[22.642886,49.043157],[22.664384,49.041452],[22.685778,49.042796],[22.721951,49.041039],[22.744482,49.045535],[22.755334,49.044708],[22.765463,49.038403],[22.783963,49.02135],[22.795022,49.019025],[22.812902,49.012875],[22.835019,48.999749],[22.855276,48.994013],[22.866955,49.009981],[22.865014,49.013237],[22.863751,49.015356],[22.847525,49.033701],[22.843184,49.043106],[22.844424,49.056697],[22.853519,49.076282],[22.853416,49.084757],[22.841324,49.094886],[22.796469,49.11137],[22.778072,49.12031],[22.748823,49.14558],[22.71637,49.160566],[22.720194,49.161186],[22.721434,49.1616],[22.705725,49.168835],[22.692496,49.157931],[22.687845,49.155915],[22.681747,49.161238],[22.687121,49.173382],[22.702934,49.195034],[22.717094,49.230433],[22.73394,49.26087],[22.737764,49.275391],[22.724225,49.367065],[22.719781,49.382982],[22.7142,49.39063],[22.692599,49.405513],[22.679576,49.418948],[22.676786,49.424478],[22.673065,49.435847],[22.666864,49.478376],[22.660146,49.493001],[22.640922,49.528761],[22.665831,49.567363],[22.741692,49.633664],[22.758951,49.6656],[22.766186,49.67423],[22.777348,49.680483],[22.798846,49.683273],[22.809801,49.686322],[22.826648,49.697381],[22.888246,49.769728],[22.897961,49.777428],[22.906746,49.7812],[22.924419,49.785438],[22.933101,49.79107],[22.937752,49.798202],[22.945917,49.818356],[22.951188,49.826624],[22.993046,49.854426],[23.101463,49.957107],[23.141254,49.985477],[23.177841,50.003977],[23.207916,50.03395],[23.436429,50.193475],[23.481595,50.215954],[23.536062,50.242774],[23.536165,50.242774],[23.536268,50.242826],[23.536372,50.242826],[23.565311,50.257812],[23.644169,50.312692],[23.658018,50.325611],[23.658677,50.327005],[23.671247,50.353568],[23.682203,50.368245],[23.695742,50.376771],[23.713002,50.382404],[23.747522,50.38938],[23.928699,50.390827],[23.981306,50.40478],[24.003217,50.437698],[24.007764,50.448498],[24.009418,50.461469],[24.007867,50.480744],[24.010658,50.492785],[24.075047,50.514282],[24.09396,50.52715],[24.106466,50.538622],[24.107706,50.540844],[24.102539,50.543634],[24.095407,50.556864],[24.085279,50.604406],[24.10843,50.629882],[24.108165,50.630287],[24.082798,50.669156],[24.074943,50.690189],[24.081041,50.712978],[24.05417,50.717164],[24.026884,50.728016],[24.012828,50.743312],[24.025851,50.76083],[24.025851,50.767032],[23.997946,50.769202],[23.974278,50.776178],[23.959498,50.788891],[23.957638,50.808011],[23.969937,50.825168],[23.992881,50.836226],[24.020477,50.838552],[24.046935,50.829095],[24.067295,50.834831],[24.100472,50.834986],[24.130857,50.839069],[24.143156,50.856432],[24.130237,50.868937],[24.046935,50.898031],[23.979342,50.937512],[23.964356,50.953222],[23.958878,50.966348],[23.957845,50.975339],[23.955054,50.983556],[23.943995,50.994201],[23.9318,50.999472],[23.919087,51.002728],[23.911749,51.00681],[23.915987,51.014665],[23.915987,51.020866],[23.904205,51.062724],[23.895523,51.076108],[23.869271,51.10174],[23.854492,51.121532],[23.858213,51.13073],[23.874749,51.13613],[23.863587,51.148274],[23.816045,51.178789],[23.765195,51.199021],[23.742664,51.216255],[23.687267,51.2924],[23.670214,51.299376],[23.650887,51.299609],[23.635177,51.304699],[23.628666,51.325964],[23.63404,51.339296],[23.647786,51.353998],[23.665563,51.365806],[23.683856,51.370276],[23.677655,51.38379],[23.678895,51.394073],[23.686027,51.40105],[23.697602,51.404435],[23.689437,51.416423],[23.648716,51.453966],[23.647166,51.460193],[23.662772,51.480192],[23.648613,51.486212],[23.630526,51.490424],[23.614817,51.49722],[23.608099,51.511224],[23.606238,51.517399],[23.615437,51.51311],[23.624118,51.515901],[23.628666,51.531223],[23.626289,51.540886],[23.599107,51.588971],[23.593319,51.596955],[23.594353,51.604965],[23.606445,51.618117],[23.616677,51.624783],[23.628976,51.629046],[23.726231,51.644859],[23.749692,51.644472],[23.820282,51.631268],[23.845293,51.629821],[23.884878,51.619874],[23.912886,51.598583],[23.941308,51.581917],[23.981306,51.586],[24.130754,51.669793],[24.244132,51.718214],[24.272347,51.742889],[24.296119,51.808131],[24.311518,51.827561],[24.347898,51.861151],[24.369602,51.875103],[24.39079,51.880013],[24.639767,51.892131],[24.701055,51.882907],[24.721829,51.882338],[25.002742,51.910476],[25.092659,51.939751],[25.138031,51.948949],[25.1833,51.94975],[25.351971,51.921483],[25.547396,51.919442],[25.683476,51.918021],[25.767915,51.928511],[25.981132,51.903474],[26.050585,51.904817],[26.080764,51.900657],[26.14536,51.864846],[26.175332,51.856707],[26.407773,51.850609],[26.419762,51.846862],[26.419968,51.839731],[26.416971,51.830636],[26.419245,51.820921],[26.431544,51.810224],[26.4456,51.805599],[26.665741,51.801387],[26.854774,51.749349],[26.920816,51.742528],[27.021585,51.764542],[27.109952,51.762423],[27.151086,51.756764],[27.177855,51.747075],[27.184159,51.731443],[27.181472,51.710126],[27.181059,51.68341],[27.189017,51.663773],[27.20359,51.655143],[27.22364,51.653696],[27.247928,51.655659],[27.277487,51.651138],[27.27449,51.6338],[27.25971,51.612303],[27.254026,51.595379],[27.267462,51.587498],[27.289269,51.588971],[27.32906,51.596955],[27.388385,51.590728],[27.409004,51.59171],[27.430966,51.598428],[27.458768,51.617496],[27.477268,51.623672],[27.512305,51.623129],[27.512426,51.623099],[27.620619,51.595896],[27.676842,51.59481],[27.692655,51.589229],[27.705161,51.568352],[27.697306,51.543186],[27.66413,51.492853],[27.666182,51.490194],[27.670331,51.484817],[27.683767,51.475515],[27.700045,51.467531],[27.714256,51.463707],[27.730121,51.465154],[27.74056,51.471407],[27.787327,51.510914],[27.792546,51.517296],[27.797145,51.530603],[27.796267,51.541532],[27.793735,51.552307],[27.793218,51.565019],[27.799522,51.585199],[27.812545,51.602019],[27.831252,51.612923],[27.854196,51.615326],[27.87559,51.60804],[27.936051,51.567009],[27.954758,51.560782],[27.973155,51.55781],[28.070824,51.557629],[28.090151,51.562048],[28.114232,51.575613],[28.146685,51.614396],[28.166218,51.633103],[28.187612,51.645195],[28.21004,51.651965],[28.2304,51.651138],[28.245128,51.640622],[28.248901,51.630596],[28.248384,51.622096],[28.249366,51.613078],[28.257789,51.601761],[28.269726,51.594268],[28.29851,51.582977],[28.310912,51.57445],[28.317424,51.56396],[28.328172,51.536364],[28.333857,51.52838],[28.346879,51.525151],[28.359643,51.529362],[28.385533,51.545046],[28.435349,51.56613],[28.461239,51.571659],[28.488369,51.572021],[28.578079,51.56011],[28.603918,51.553547],[28.612703,51.53993],[28.615183,51.51957],[28.630893,51.46363],[28.637301,51.449626],[28.647016,51.439006],[28.663552,51.433993],[28.677918,51.438076],[28.691148,51.443424],[28.703963,51.442623],[28.711095,51.430247],[28.718226,51.411618],[28.728768,51.401256],[28.746751,51.413995],[28.751609,51.428748],[28.749439,51.46686],[28.752229,51.483706],[28.771866,51.511276],[28.799875,51.532618],[28.831914,51.548276],[28.863643,51.558921],[28.892892,51.562874],[28.954594,51.563262],[28.980846,51.569463],[28.999966,51.582408],[29.023634,51.614034],[29.043581,51.626178],[29.063218,51.630596],[29.083682,51.631217],[29.123886,51.625041],[29.147967,51.615636],[29.160421,51.603311],[29.181453,51.567009],[29.214836,51.53546],[29.226515,51.519053],[29.230443,51.492879],[29.221038,51.466963],[29.227756,51.45562],[29.244395,51.447894],[29.264859,51.432908],[29.276125,51.413581],[29.2846,51.391748],[29.297002,51.373713],[29.319946,51.365574],[29.340565,51.370096],[29.35326,51.377055],[29.379684,51.391541],[29.402732,51.39614],[29.446399,51.384901],[29.466294,51.385056],[29.480867,51.401256],[29.495543,51.425648],[29.505465,51.437456],[29.519004,51.441797],[29.545049,51.443657],[29.5682,51.449626],[29.583186,51.460813],[29.597345,51.473965],[29.618016,51.485644],[29.637756,51.490889],[29.660804,51.493137],[29.682715,51.491199],[29.699975,51.483706],[29.716511,51.465671],[29.725296,51.450452],[29.737905,51.439497],[29.828649,51.429963],[29.846633,51.432908],[29.856761,51.439859],[29.873608,51.459186],[29.886268,51.464793],[29.896552,51.464198],[29.912572,51.457429],[29.925077,51.457868],[29.985745,51.477867],[30.00869,51.482078],[30.14863,51.48443],[30.17731,51.479495],[30.20537,51.466498],[30.242784,51.434407],[30.256892,51.425053],[30.30738,51.409602],[30.320195,51.402083],[30.32619,51.395262],[30.329032,51.388622],[30.330117,51.380715],[30.330014,51.370354],[30.328257,51.362473],[30.319885,51.341596],[30.317095,51.340588],[30.324536,51.329969],[30.355129,51.305267],[30.368461,51.297671],[30.383757,51.293924],[30.413523,51.294054],[30.428096,51.291754],[30.442772,51.283047],[30.465044,51.261937],[30.480702,51.258862],[30.494655,51.259921],[30.508091,51.257673],[30.520803,51.252402],[30.532017,51.244625],[30.539613,51.235168],[30.550672,51.236796],[30.554657,51.242507],[30.555323,51.243462],[30.556615,51.267311],[30.559354,51.269326],[30.577234,51.289015],[30.579921,51.303665],[30.610462,51.317541],[30.638315,51.33586],[30.632424,51.364101],[30.64555,51.36746],[30.644517,51.372679],[30.637489,51.378596],[30.632424,51.383971],[30.622606,51.412108],[30.618162,51.418723],[30.606018,51.424562],[30.595579,51.42495],[30.587879,51.427353],[30.584004,51.439213],[30.586019,51.451848],[30.593564,51.458901],[30.604829,51.461227],[30.618162,51.459651],[30.618162,51.467144],[30.60762,51.469831],[30.597284,51.474275],[30.588913,51.48182],[30.584004,51.493835],[30.58974,51.501974],[30.585399,51.509389],[30.575064,51.516056],[30.562868,51.521766],[30.571446,51.526417],[30.576407,51.531119],[30.584004,51.542256],[30.567415,51.547268],[30.534136,51.553263],[30.52256,51.562719],[30.52256,51.568921],[30.527728,51.571298],[30.531087,51.573313],[30.535273,51.575018],[30.543127,51.576388],[30.543127,51.582589],[30.534549,51.585845],[30.515119,51.596257],[30.515119,51.603673],[30.543851,51.620132],[30.556615,51.62362],[30.552843,51.633335],[30.549949,51.637185],[30.555323,51.639769],[30.563488,51.647314],[30.570309,51.6515],[30.564315,51.665297],[30.575994,51.686407],[30.570309,51.69992],[30.582815,51.702297],[30.613821,51.702918],[30.624983,51.706096],[30.630564,51.715604],[30.632011,51.727981],[30.63506,51.739685],[30.64617,51.747075],[30.64617,51.754542],[30.638109,51.755111],[30.618162,51.761338],[30.630461,51.770019],[30.652785,51.77914],[30.670562,51.790535],[30.669631,51.806064],[30.662293,51.815598],[30.661983,51.819422],[30.666324,51.822393],[30.672732,51.829602],[30.694539,51.847276],[30.69733,51.850738],[30.702808,51.853761],[30.707562,51.860376],[30.71397,51.866964],[30.734537,51.873734],[30.737224,51.882235],[30.737844,51.891588],[30.741668,51.897919],[30.74973,51.899624],[30.779495,51.897919],[30.788177,51.900606],[30.797065,51.906729],[30.810605,51.918382],[30.810605,51.925178],[30.80523,51.929338],[30.802543,51.935539],[30.80306,51.939131],[30.831379,51.9459],[30.845641,51.951352],[30.858044,51.957631],[30.869102,51.96502],[30.879334,51.97365],[30.879644,51.97688],[30.879024,51.982022],[30.880885,51.988171],[30.888739,51.994347],[30.896904,51.998326],[30.902795,51.99998],[30.908377,51.998352],[30.915198,51.99259],[30.941243,51.993804],[30.950131,52.006775],[30.940519,52.020082],[30.91127,52.022562],[30.914629,52.027575],[30.916851,52.032355],[30.919745,52.037264],[30.924706,52.042277],[30.918815,52.059175],[30.934421,52.069717],[30.959329,52.074678],[31.096324,52.079613],[31.134823,52.076667],[31.159214,52.068115],[31.204896,52.04393],[31.228977,52.03822],[31.252438,52.044499],[31.268871,52.061242],[31.284271,52.081241],[31.304425,52.097493],[31.383076,52.117492],[31.474854,52.117776],[31.649933,52.096847],[31.764345,52.100568]]],[[[29.918712,45.69066],[30.075694,45.792426],[30.125987,45.811469],[29.908051,45.666449],[29.807465,45.614325],[29.730968,45.591376],[29.781261,45.610663],[29.801443,45.621894],[29.809418,45.631659],[29.814789,45.641059],[29.827647,45.644721],[29.84311,45.646186],[29.8567,45.649115],[29.872732,45.658271],[29.901622,45.680487],[29.918712,45.69066]]],[[[32.989268,46.042629],[32.99936,46.035305],[33.045095,46.037909],[33.057465,46.025214],[33.04005,46.012152],[32.619395,46.060004],[32.62672,46.065904],[32.631358,46.06623],[32.639334,46.060004],[32.783214,46.046332],[32.852061,46.056301],[32.881684,46.055406],[32.913585,46.038804],[32.954845,46.051744],[32.978689,46.05329],[32.989268,46.042629]]],[[[31.940278,46.204576],[32.070811,46.18244],[32.153087,46.155992],[32.16627,46.149359],[32.143891,46.152655],[32.101817,46.166693],[31.737153,46.220771],[31.580333,46.262763],[31.549001,46.282416],[31.521983,46.313218],[31.514008,46.329413],[31.505056,46.354926],[31.504405,46.373358],[31.521983,46.368476],[31.538422,46.325832],[31.554373,46.296332],[31.577973,46.27558],[31.618175,46.259223],[31.940278,46.204576]]]]}},{"type":"Feature","properties":{"name":"JWLA 033 Country - Belarus","group":"countries-europe","source":"Natural Earth / geo-countries"},"geometry":{"type":"Polygon","coordinates":[[[23.606238,51.517399],[23.602311,51.530783],[23.588668,51.535899],[23.572752,51.539672],[23.56035,51.555304],[23.567171,51.55489],[23.573992,51.555304],[23.552081,51.578817],[23.5434,51.592743],[23.539886,51.607109],[23.545157,51.63411],[23.543813,51.6438],[23.532444,51.6515],[23.532444,51.658967],[23.541436,51.659742],[23.547534,51.662067],[23.56035,51.671963],[23.555389,51.676304],[23.549291,51.683203],[23.546087,51.689637],[23.550014,51.692427],[23.559213,51.695166],[23.556939,51.701393],[23.550221,51.708421],[23.546604,51.713589],[23.552288,51.736636],[23.556319,51.747359],[23.56035,51.754542],[23.577299,51.766686],[23.59828,51.77467],[23.617504,51.786504],[23.628666,51.809759],[23.610269,51.825184],[23.594559,51.843297],[23.605721,51.851591],[23.609856,51.873269],[23.621845,51.877429],[23.621328,51.882028],[23.620604,51.883217],[23.618847,51.883268],[23.61492,51.88425],[23.621431,51.895567],[23.622155,51.927943],[23.628666,51.946339],[23.647579,51.97409],[23.660705,51.98688],[23.676415,51.994088],[23.664943,52.011168],[23.650783,52.048943],[23.642515,52.061397],[23.641482,52.072921],[23.637451,52.084471],[23.625255,52.089716],[23.61585,52.0923],[23.609856,52.09863],[23.604791,52.106769],[23.598177,52.11452],[23.579366,52.121548],[23.531928,52.120644],[23.512497,52.124442],[23.484695,52.158626],[23.488726,52.16214],[23.491517,52.174103],[23.487693,52.181622],[23.470949,52.171623],[23.464335,52.176351],[23.454413,52.181467],[23.450485,52.185911],[23.43674,52.175679],[23.427231,52.17679],[23.418239,52.182501],[23.405734,52.185911],[23.391368,52.182501],[23.388474,52.184154],[23.395812,52.193379],[23.395812,52.19958],[23.374831,52.200949],[23.312716,52.215289],[23.29959,52.223428],[23.284191,52.219734],[23.212257,52.231671],[23.189726,52.240533],[23.197684,52.25831],[23.19448,52.271462],[23.183525,52.281306],[23.176099,52.285136],[23.168746,52.288928],[23.165645,52.289393],[23.21205,52.347504],[23.230447,52.365074],[23.270548,52.395123],[23.392298,52.509638],[23.480458,52.554416],[23.569031,52.585887],[23.736153,52.614903],[23.868961,52.670042],[23.908752,52.699859],[23.922498,52.742596],[23.920426,52.772625],[23.912059,52.893853],[23.909476,52.901501],[23.905445,52.906539],[23.902034,52.912534],[23.901104,52.923257],[23.903894,52.931137],[23.914953,52.944625],[23.91795,52.9508],[23.917537,52.95881],[23.909062,52.986664],[23.908959,52.993046],[23.911336,53.00506],[23.909682,53.012734],[23.89821,53.02754],[23.867928,53.051027],[23.859349,53.067976],[23.860693,53.087484],[23.870305,53.101256],[23.882397,53.113297],[23.891389,53.127714],[23.893663,53.151951],[23.883121,53.163991],[23.865964,53.172001],[23.848084,53.183809],[23.836198,53.199286],[23.828447,53.213833],[23.818628,53.227967],[23.800645,53.242462],[23.782972,53.270936],[23.742974,53.365478],[23.722924,53.397104],[23.675795,53.455705],[23.590942,53.611251],[23.567068,53.681014],[23.564794,53.742405],[23.56469,53.742405],[23.540402,53.763593],[23.52986,53.78416],[23.520662,53.837335],[23.51043,53.862502],[23.497201,53.885549],[23.486866,53.909992],[23.485625,53.939293],[23.520145,53.93397],[23.609959,53.901827],[23.627116,53.89821],[23.642618,53.898985],[23.691918,53.911491],[23.754446,53.916762],[23.77181,53.924307],[23.787209,53.927924],[23.794134,53.927097],[23.812117,53.920844],[23.820592,53.919294],[23.828344,53.920069],[23.904721,53.946062],[23.919811,53.947768],[23.935417,53.943944],[23.964873,53.93273],[23.981306,53.930404],[24.045385,53.930869],[24.074943,53.935727],[24.136748,53.955416],[24.169615,53.95893],[24.201137,53.95247],[24.229146,53.932368],[24.246406,53.903636],[24.257051,53.894024],[24.276378,53.891802],[24.310175,53.892681],[24.341904,53.887048],[24.377871,53.886841],[24.414044,53.897693],[24.528663,53.958361],[24.579099,53.975621],[24.642971,53.983011],[24.666845,53.993863],[24.670566,53.994276],[24.674287,53.993708],[24.677904,53.992313],[24.690823,53.972831],[24.705603,53.964201],[24.723896,53.963426],[24.788698,53.969678],[24.806372,53.975311],[24.819084,53.992313],[24.819187,53.992416],[24.819291,53.992519],[24.819394,53.992571],[24.821358,54.019908],[24.81247,54.038925],[24.799034,54.05603],[24.787148,54.077631],[24.782497,54.092875],[24.784254,54.096234],[24.790559,54.096596],[24.799447,54.10321],[24.818154,54.110135],[24.818671,54.113959],[24.81743,54.120625],[24.817534,54.128222],[24.821565,54.134526],[24.850984,54.144951],[24.855981,54.146722],[24.902283,54.149771],[24.948275,54.145895],[25.027133,54.12786],[25.071989,54.132201],[25.115603,54.148789],[25.156531,54.175712],[25.173068,54.19659],[25.193532,54.243667],[25.206244,54.256793],[25.224124,54.25855],[25.287583,54.245217],[25.369748,54.247904],[25.394036,54.257154],[25.434137,54.291829],[25.459355,54.298909],[25.472068,54.297152],[25.478682,54.293328],[25.483488,54.287695],[25.553975,54.231265],[25.5455,54.227492],[25.522142,54.228629],[25.501678,54.221756],[25.499301,54.211834],[25.523382,54.204238],[25.528963,54.195659],[25.521729,54.188218],[25.493203,54.18243],[25.485762,54.175402],[25.493307,54.157522],[25.516044,54.144758],[25.543019,54.136955],[25.631593,54.128325],[25.653503,54.128739],[25.663942,54.132356],[25.679755,54.145327],[25.690607,54.148221],[25.728124,54.145223],[25.74001,54.146257],[25.763057,54.156437],[25.771016,54.172147],[25.771946,54.21788],[25.775046,54.22248],[25.786829,54.231781],[25.789206,54.236225],[25.786622,54.242323],[25.781764,54.244442],[25.776287,54.245631],[25.772256,54.248938],[25.765641,54.259997],[25.757786,54.268988],[25.748898,54.276326],[25.739286,54.282579],[25.734739,54.283199],[25.723267,54.280977],[25.719236,54.281546],[25.715412,54.285215],[25.704766,54.302991],[25.701769,54.312758],[25.695981,54.320975],[25.682339,54.325626],[25.667353,54.3233],[25.607408,54.304852],[25.564,54.303146],[25.542296,54.308056],[25.528653,54.320975],[25.529997,54.346141],[25.548807,54.367742],[25.594696,54.400091],[25.612576,54.421796],[25.616296,54.441071],[25.615573,54.461896],[25.619914,54.488096],[25.630869,54.508354],[25.646165,54.520394],[25.70735,54.54153],[25.726471,54.55295],[25.740423,54.568505],[25.745591,54.5884],[25.739906,54.607727],[25.715102,54.643229],[25.708384,54.663021],[25.709521,54.67563],[25.713862,54.685552],[25.719133,54.69475],[25.72306,54.705344],[25.72461,54.715679],[25.7212,54.766736],[25.7243,54.78012],[25.734946,54.78906],[25.756753,54.800377],[25.766571,54.803271],[25.773393,54.803374],[25.778457,54.805286],[25.782901,54.81371],[25.782281,54.821978],[25.773703,54.841925],[25.772256,54.850865],[25.782695,54.869675],[25.802538,54.881612],[25.825793,54.891999],[25.84667,54.90621],[25.853078,54.916442],[25.854835,54.925486],[25.858452,54.932979],[25.870234,54.938818],[25.907855,54.948068],[25.926148,54.947758],[25.962529,54.942901],[25.981132,54.942694],[26.102572,54.957008],[26.138642,54.968946],[26.153628,54.978506],[26.170325,54.99326],[26.187838,55.008736],[26.224631,55.054884],[26.229386,55.06341],[26.231246,55.075451],[26.230316,55.100255],[26.233003,55.111624],[26.264422,55.140098],[26.309484,55.144645],[26.420278,55.128109],[26.428753,55.128212],[26.438572,55.130021],[26.444773,55.133948],[26.450664,55.13984],[26.459139,55.144749],[26.473402,55.145679],[26.578925,55.118549],[26.600939,55.120823],[26.616339,55.135395],[26.627501,55.164438],[26.633909,55.192188],[26.641143,55.202833],[26.656956,55.215339],[26.685689,55.231617],[26.701088,55.236836],[26.739901,55.242776],[26.76558,55.246706],[26.789661,55.257197],[26.80072,55.27332],[26.791574,55.290166],[26.768629,55.300243],[26.602696,55.316883],[26.542338,55.307581],[26.525388,55.308098],[26.465754,55.320862],[26.450044,55.327063],[26.445496,55.337502],[26.455212,55.356105],[26.479086,55.381375],[26.486011,55.390832],[26.49924,55.428091],[26.507818,55.439149],[26.543268,55.459613],[26.546472,55.471241],[26.527662,55.492169],[26.532106,55.516251],[26.55164,55.534492],[26.576134,55.550564],[26.595565,55.56803],[26.605177,55.590096],[26.607657,55.616451],[26.603833,55.643271],[26.594531,55.666991],[26.615615,55.687971],[26.64011,55.695568],[26.666878,55.693966],[26.720105,55.681874],[26.743049,55.682856],[26.822838,55.70611],[26.842785,55.719339],[26.900146,55.778715],[26.957817,55.818584],[26.979426,55.826291],[26.981071,55.826878],[27.110779,55.836283],[27.151448,55.832459],[27.173204,55.825741],[27.235526,55.795846],[27.263018,55.787216],[27.282448,55.791867],[27.329163,55.817576],[27.349627,55.831219],[27.374587,55.814837],[27.405851,55.804347],[27.438821,55.79874],[27.564601,55.792229],[27.592713,55.794244],[27.601498,55.809618],[27.610128,55.83096],[27.617156,55.878554],[27.64501,55.922841],[27.744435,55.959738],[27.776991,55.992397],[27.781229,56.016375],[27.812545,56.034514],[27.880654,56.063866],[27.892747,56.077095],[27.901532,56.089342],[27.911453,56.100246],[27.92706,56.109367],[27.939669,56.113062],[27.98101,56.118023],[28.023798,56.12965],[28.0511,56.140666],[28.06824,56.147582],[28.110976,56.156806],[28.148907,56.142414],[28.169112,56.125257],[28.238462,56.082624],[28.269364,56.058207],[28.289828,56.046606],[28.310912,56.042679],[28.333443,56.050249],[28.366516,56.07911],[28.389771,56.088567],[28.537824,56.097714],[28.594719,56.092391],[28.611462,56.088464],[28.620713,56.082986],[28.637094,56.065726],[28.671924,56.037563],[28.680606,56.027382],[28.690011,56.003895],[28.695488,55.98015],[28.706392,55.959841],[28.73192,55.946793],[28.80897,55.934571],[28.830881,55.937672],[28.833051,55.960978],[28.859716,55.976455],[28.922141,55.992139],[28.922245,55.992191],[28.922451,55.992242],[28.980846,56.013533],[29.030765,56.024178],[29.088643,56.023222],[29.145435,56.012034],[29.192926,55.992139],[29.224035,55.978186],[29.377411,55.954028],[29.395601,55.947723],[29.413067,55.937982],[29.431567,55.924184],[29.441076,55.914934],[29.444435,55.906925],[29.440559,55.900543],[29.433738,55.899535],[29.425573,55.9],[29.417408,55.89801],[29.407796,55.893876],[29.399631,55.891887],[29.391983,55.888373],[29.384128,55.879949],[29.380718,55.871242],[29.375654,55.846799],[29.371933,55.836386],[29.348162,55.802848],[29.343614,55.786984],[29.350745,55.766055],[29.363406,55.751482],[29.413067,55.727762],[29.461023,55.6873],[29.480867,55.681099],[29.5081,55.685491],[29.585356,55.73802],[29.684162,55.770602],[29.710827,55.773754],[29.779867,55.763807],[29.805705,55.771455],[29.844772,55.812563],[29.869474,55.830547],[29.907817,55.843208],[29.947712,55.848194],[29.988226,55.846799],[30.106255,55.821917],[30.132352,55.826878],[30.177258,55.851372],[30.200254,55.857987],[30.217773,55.855145],[30.251517,55.837626],[30.270793,55.83065],[30.468817,55.793521],[30.477395,55.787733],[30.477808,55.779129],[30.471814,55.770964],[30.469282,55.762644],[30.480702,55.753962],[30.569586,55.729519],[30.580128,55.724765],[30.587466,55.718306],[30.5916,55.705697],[30.588396,55.696601],[30.583745,55.68854],[30.583745,55.679135],[30.596354,55.665286],[30.616611,55.657431],[30.639142,55.654485],[30.679967,55.656346],[30.693713,55.65216],[30.703324,55.642341],[30.71304,55.626683],[30.742185,55.594385],[30.77071,55.591543],[30.804093,55.602344],[30.847657,55.611025],[30.886156,55.600483],[30.907122,55.57777],[30.912821,55.571596],[30.919745,55.534492],[30.899385,55.499146],[30.914371,55.493306],[30.919435,55.492325],[30.913234,55.479715],[30.887189,55.468088],[30.881298,55.451448],[30.889101,55.433413],[30.905276,55.420856],[30.918608,55.407627],[30.918298,55.387783],[30.905948,55.376001],[30.845641,55.351145],[30.811225,55.323084],[30.797169,55.304274],[30.794275,55.285515],[30.804093,55.272958],[30.821353,55.26438],[30.856803,55.253476],[30.869826,55.241539],[30.886517,55.204538],[30.900728,55.192136],[30.947237,55.171362],[30.959795,55.162577],[30.96119,55.158546],[30.956849,55.149503],[30.958813,55.144439],[30.962223,55.142888],[30.972455,55.140873],[30.975039,55.13953],[30.979483,55.134259],[30.984031,55.1309],[30.985478,55.125835],[30.98062,55.115345],[30.972662,55.108575],[30.970285,55.101444],[30.973075,55.093951],[30.98062,55.086303],[30.994211,55.067027],[31.006407,55.04243],[31.005632,55.022999],[30.98062,55.018658],[30.933491,55.025635],[30.913234,55.024601],[30.90662,55.012561],[30.916955,54.996024],[30.931424,54.985172],[30.936075,54.973235],[30.917368,54.953959],[30.899488,54.946363],[30.838613,54.93918],[30.814842,54.928018],[30.817426,54.917631],[30.827451,54.902541],[30.826108,54.877478],[30.810708,54.86151],[30.787867,54.847713],[30.768127,54.829936],[30.762649,54.801979],[30.770607,54.786011],[30.786058,54.779345],[30.827296,54.771025],[30.98062,54.705654],[30.995503,54.689841],[30.999017,54.671341],[31.020928,54.673666],[31.10516,54.668292],[31.128621,54.640387],[31.167947,54.621577],[31.139474,54.582871],[31.089554,54.535897],[31.064646,54.492282],[31.093585,54.479415],[31.167896,54.467064],[31.179017,54.453353],[31.179213,54.453111],[31.20903,54.448047],[31.22536,54.428048],[31.248717,54.376785],[31.26174,54.364486],[31.274142,54.356632],[31.284788,54.347381],[31.292022,54.331258],[31.299154,54.272606],[31.309799,54.244339],[31.324682,54.229249],[31.480641,54.156644],[31.506376,54.143931],[31.530871,54.13742],[31.583116,54.129514],[31.666935,54.101867],[31.697837,54.097939],[31.725794,54.097474],[31.73675,54.094167],[31.748119,54.086312],[31.755767,54.074943],[31.762588,54.060319],[31.77127,54.048537],[31.783517,54.045798],[31.808477,54.055978],[31.813851,54.057063],[31.822636,54.053446],[31.823876,54.050139],[31.823566,54.045488],[31.84651,53.992313],[31.841446,53.984561],[31.839689,53.977223],[31.839276,53.969782],[31.837932,53.962134],[31.82646,53.940171],[31.81013,53.882604],[31.79256,53.857437],[31.753803,53.81961],[31.744656,53.794857],[31.787289,53.794392],[31.873175,53.777132],[32.083602,53.809637],[32.10603,53.806949],[32.164837,53.78168],[32.290411,53.760854],[32.325809,53.745454],[32.357384,53.71972],[32.371801,53.714397],[32.421566,53.715792],[32.442133,53.713932],[32.461563,53.7068],[32.48058,53.692073],[32.487815,53.684683],[32.490192,53.677138],[32.487815,53.669645],[32.48058,53.66241],[32.406115,53.639414],[32.399087,53.635384],[32.398001,53.627425],[32.401102,53.609855],[32.411489,53.582364],[32.429421,53.56159],[32.452933,53.546397],[32.48058,53.535648],[32.53081,53.521437],[32.554271,53.510792],[32.569877,53.492602],[32.569877,53.492395],[32.576802,53.486039],[32.584295,53.48423],[32.592511,53.486452],[32.600573,53.492395],[32.618143,53.494255],[32.635713,53.492653],[32.650286,53.487641],[32.647599,53.479321],[32.641656,53.468985],[32.646772,53.457978],[32.658244,53.455653],[32.688526,53.462216],[32.701239,53.462113],[32.719532,53.439478],[32.717794,53.431062],[32.704443,53.366408],[32.717465,53.334937],[32.697931,53.325893],[32.681808,53.326798],[32.666719,53.331345],[32.649872,53.333671],[32.579954,53.324369],[32.583468,53.321217],[32.591891,53.311837],[32.595922,53.308272],[32.569154,53.298841],[32.537321,53.295068],[32.505643,53.297187],[32.48058,53.305171],[32.454845,53.300443],[32.447197,53.288764],[32.455982,53.277783],[32.479133,53.274915],[32.469211,53.255458],[32.455672,53.236674],[32.423633,53.204402],[32.405546,53.192672],[32.389113,53.187633],[32.352836,53.18045],[32.32028,53.162777],[32.295165,53.140866],[32.267983,53.124769],[32.215687,53.125518],[32.210519,53.121772],[32.209072,53.116346],[32.206695,53.112392],[32.206488,53.10986],[32.207005,53.105158],[32.20592,53.100352],[32.201114,53.097561],[32.197393,53.097742],[32.188608,53.099241],[32.152332,53.096347],[32.126545,53.084229],[32.117295,53.081102],[32.082775,53.081955],[32.009911,53.099964],[31.980559,53.098026],[31.954721,53.089991],[31.930743,53.088337],[31.907179,53.091928],[31.855502,53.110248],[31.842635,53.112186],[31.806823,53.110015],[31.796281,53.112392],[31.780468,53.127869],[31.769719,53.169262],[31.756283,53.186574],[31.738558,53.192542],[31.694478,53.192904],[31.674945,53.19523],[31.614018,53.209751],[31.593606,53.210681],[31.573659,53.207089],[31.535935,53.194868],[31.512061,53.194067],[31.464002,53.199984],[31.416356,53.199984],[31.378529,53.182026],[31.359925,53.133838],[31.361165,53.121306],[31.361573,53.120038],[31.364886,53.109731],[31.367057,53.098931],[31.363698,53.088776],[31.354137,53.08211],[31.329436,53.079345],[31.319204,53.076374],[31.269285,53.028418],[31.247064,53.014388],[31.322615,52.977129],[31.339151,52.958061],[31.36623,52.908555],[31.387934,52.887987],[31.418113,52.870237],[31.450979,52.857214],[31.480641,52.850935],[31.505136,52.848894],[31.512784,52.841039],[31.515161,52.828379],[31.523946,52.811661],[31.538364,52.799853],[31.55056,52.794737],[31.560843,52.787063],[31.569525,52.767504],[31.570248,52.725258],[31.547924,52.705699],[31.480641,52.68247],[31.4917,52.667096],[31.536142,52.630484],[31.565907,52.59015],[31.579033,52.577825],[31.615207,52.558576],[31.628643,52.54806],[31.624302,52.53806],[31.610763,52.535993],[31.574382,52.541264],[31.559293,52.540541],[31.563634,52.537053],[31.575933,52.524728],[31.558156,52.519999],[31.55056,52.511886],[31.552988,52.502249],[31.565494,52.492637],[31.587922,52.482612],[31.589369,52.458039],[31.583322,52.4283],[31.582857,52.402772],[31.59035,52.391842],[31.600531,52.383393],[31.608075,52.372463],[31.608592,52.354428],[31.602753,52.340915],[31.592262,52.328616],[31.579602,52.318513],[31.567354,52.311382],[31.59712,52.284303],[31.613656,52.273012],[31.631433,52.26477],[31.648693,52.260997],[31.68342,52.257199],[31.699439,52.251463],[31.688897,52.243221],[31.681921,52.230456],[31.679492,52.215858],[31.682386,52.201931],[31.689517,52.19157],[31.698716,52.185446],[31.749049,52.163949],[31.762588,52.149841],[31.766619,52.130075],[31.764345,52.100568],[31.649933,52.096847],[31.474854,52.117776],[31.383076,52.117492],[31.304425,52.097493],[31.284271,52.081241],[31.268871,52.061242],[31.252438,52.044499],[31.228977,52.03822],[31.204896,52.04393],[31.159214,52.068115],[31.134823,52.076667],[31.096324,52.079613],[30.959329,52.074678],[30.934421,52.069717],[30.918815,52.059175],[30.924706,52.042277],[30.919745,52.037264],[30.916851,52.032355],[30.914629,52.027575],[30.91127,52.022562],[30.940519,52.020082],[30.950131,52.006775],[30.941243,51.993804],[30.915198,51.99259],[30.908377,51.998352],[30.902795,51.99998],[30.896904,51.998326],[30.888739,51.994347],[30.880885,51.988171],[30.879024,51.982022],[30.879644,51.97688],[30.879334,51.97365],[30.869102,51.96502],[30.858044,51.957631],[30.845641,51.951352],[30.831379,51.9459],[30.80306,51.939131],[30.802543,51.935539],[30.80523,51.929338],[30.810605,51.925178],[30.810605,51.918382],[30.797065,51.906729],[30.788177,51.900606],[30.779495,51.897919],[30.74973,51.899624],[30.741668,51.897919],[30.737844,51.891588],[30.737224,51.882235],[30.734537,51.873734],[30.71397,51.866964],[30.707562,51.860376],[30.702808,51.853761],[30.69733,51.850738],[30.694539,51.847276],[30.672732,51.829602],[30.666324,51.822393],[30.661983,51.819422],[30.662293,51.815598],[30.669631,51.806064],[30.670562,51.790535],[30.652785,51.77914],[30.630461,51.770019],[30.618162,51.761338],[30.638109,51.755111],[30.64617,51.754542],[30.64617,51.747075],[30.63506,51.739685],[30.632011,51.727981],[30.630564,51.715604],[30.624983,51.706096],[30.613821,51.702918],[30.582815,51.702297],[30.570309,51.69992],[30.575994,51.686407],[30.564315,51.665297],[30.570309,51.6515],[30.563488,51.647314],[30.555323,51.639769],[30.549949,51.637185],[30.552843,51.633335],[30.556615,51.62362],[30.543851,51.620132],[30.515119,51.603673],[30.515119,51.596257],[30.534549,51.585845],[30.543127,51.582589],[30.543127,51.576388],[30.535273,51.575018],[30.531087,51.573313],[30.527728,51.571298],[30.52256,51.568921],[30.52256,51.562719],[30.534136,51.553263],[30.567415,51.547268],[30.584004,51.542256],[30.576407,51.531119],[30.571446,51.526417],[30.562868,51.521766],[30.575064,51.516056],[30.585399,51.509389],[30.58974,51.501974],[30.584004,51.493835],[30.588913,51.48182],[30.597284,51.474275],[30.60762,51.469831],[30.618162,51.467144],[30.618162,51.459651],[30.604829,51.461227],[30.593564,51.458901],[30.586019,51.451848],[30.584004,51.439213],[30.587879,51.427353],[30.595579,51.42495],[30.606018,51.424562],[30.618162,51.418723],[30.622606,51.412108],[30.632424,51.383971],[30.637489,51.378596],[30.644517,51.372679],[30.64555,51.36746],[30.632424,51.364101],[30.638315,51.33586],[30.610462,51.317541],[30.579921,51.303665],[30.577234,51.289015],[30.559354,51.269326],[30.556615,51.267311],[30.555323,51.243462],[30.554657,51.242507],[30.550672,51.236796],[30.539613,51.235168],[30.532017,51.244625],[30.520803,51.252402],[30.508091,51.257673],[30.494655,51.259921],[30.480702,51.258862],[30.465044,51.261937],[30.442772,51.283047],[30.428096,51.291754],[30.413523,51.294054],[30.383757,51.293924],[30.368461,51.297671],[30.355129,51.305267],[30.324536,51.329969],[30.317095,51.340588],[30.319885,51.341596],[30.328257,51.362473],[30.330014,51.370354],[30.330117,51.380715],[30.329032,51.388622],[30.32619,51.395262],[30.320195,51.402083],[30.30738,51.409602],[30.256892,51.425053],[30.242784,51.434407],[30.20537,51.466498],[30.17731,51.479495],[30.14863,51.48443],[30.00869,51.482078],[29.985745,51.477867],[29.925077,51.457868],[29.912572,51.457429],[29.896552,51.464198],[29.886268,51.464793],[29.873608,51.459186],[29.856761,51.439859],[29.846633,51.432908],[29.828649,51.429963],[29.737905,51.439497],[29.725296,51.450452],[29.716511,51.465671],[29.699975,51.483706],[29.682715,51.491199],[29.660804,51.493137],[29.637756,51.490889],[29.618016,51.485644],[29.597345,51.473965],[29.583186,51.460813],[29.5682,51.449626],[29.545049,51.443657],[29.519004,51.441797],[29.505465,51.437456],[29.495543,51.425648],[29.480867,51.401256],[29.466294,51.385056],[29.446399,51.384901],[29.402732,51.39614],[29.379684,51.391541],[29.35326,51.377055],[29.340565,51.370096],[29.319946,51.365574],[29.297002,51.373713],[29.2846,51.391748],[29.276125,51.413581],[29.264859,51.432908],[29.244395,51.447894],[29.227756,51.45562],[29.221038,51.466963],[29.230443,51.492879],[29.226515,51.519053],[29.214836,51.53546],[29.181453,51.567009],[29.160421,51.603311],[29.147967,51.615636],[29.123886,51.625041],[29.083682,51.631217],[29.063218,51.630596],[29.043581,51.626178],[29.023634,51.614034],[28.999966,51.582408],[28.980846,51.569463],[28.954594,51.563262],[28.892892,51.562874],[28.863643,51.558921],[28.831914,51.548276],[28.799875,51.532618],[28.771866,51.511276],[28.752229,51.483706],[28.749439,51.46686],[28.751609,51.428748],[28.746751,51.413995],[28.728768,51.401256],[28.718226,51.411618],[28.711095,51.430247],[28.703963,51.442623],[28.691148,51.443424],[28.677918,51.438076],[28.663552,51.433993],[28.647016,51.439006],[28.637301,51.449626],[28.630893,51.46363],[28.615183,51.51957],[28.612703,51.53993],[28.603918,51.553547],[28.578079,51.56011],[28.488369,51.572021],[28.461239,51.571659],[28.435349,51.56613],[28.385533,51.545046],[28.359643,51.529362],[28.346879,51.525151],[28.333857,51.52838],[28.328172,51.536364],[28.317424,51.56396],[28.310912,51.57445],[28.29851,51.582977],[28.269726,51.594268],[28.257789,51.601761],[28.249366,51.613078],[28.248384,51.622096],[28.248901,51.630596],[28.245128,51.640622],[28.2304,51.651138],[28.21004,51.651965],[28.187612,51.645195],[28.166218,51.633103],[28.146685,51.614396],[28.114232,51.575613],[28.090151,51.562048],[28.070824,51.557629],[27.973155,51.55781],[27.954758,51.560782],[27.936051,51.567009],[27.87559,51.60804],[27.854196,51.615326],[27.831252,51.612923],[27.812545,51.602019],[27.799522,51.585199],[27.793218,51.565019],[27.793735,51.552307],[27.796267,51.541532],[27.797145,51.530603],[27.792546,51.517296],[27.787327,51.510914],[27.74056,51.471407],[27.730121,51.465154],[27.714256,51.463707],[27.700045,51.467531],[27.683767,51.475515],[27.670331,51.484817],[27.666182,51.490194],[27.66413,51.492853],[27.697306,51.543186],[27.705161,51.568352],[27.692655,51.589229],[27.676842,51.59481],[27.620619,51.595896],[27.512426,51.623099],[27.512305,51.623129],[27.477268,51.623672],[27.458768,51.617496],[27.430966,51.598428],[27.409004,51.59171],[27.388385,51.590728],[27.32906,51.596955],[27.289269,51.588971],[27.267462,51.587498],[27.254026,51.595379],[27.25971,51.612303],[27.27449,51.6338],[27.277487,51.651138],[27.247928,51.655659],[27.22364,51.653696],[27.20359,51.655143],[27.189017,51.663773],[27.181059,51.68341],[27.181472,51.710126],[27.184159,51.731443],[27.177855,51.747075],[27.151086,51.756764],[27.109952,51.762423],[27.021585,51.764542],[26.920816,51.742528],[26.854774,51.749349],[26.665741,51.801387],[26.4456,51.805599],[26.431544,51.810224],[26.419245,51.820921],[26.416971,51.830636],[26.419968,51.839731],[26.419762,51.846862],[26.407773,51.850609],[26.175332,51.856707],[26.14536,51.864846],[26.080764,51.900657],[26.050585,51.904817],[25.981132,51.903474],[25.767915,51.928511],[25.683476,51.918021],[25.547396,51.919442],[25.351971,51.921483],[25.1833,51.94975],[25.138031,51.948949],[25.092659,51.939751],[25.002742,51.910476],[24.721829,51.882338],[24.701055,51.882907],[24.639767,51.892131],[24.39079,51.880013],[24.369602,51.875103],[24.347898,51.861151],[24.311518,51.827561],[24.296119,51.808131],[24.272347,51.742889],[24.244132,51.718214],[24.130754,51.669793],[23.981306,51.586],[23.941308,51.581917],[23.912886,51.598583],[23.884878,51.619874],[23.845293,51.629821],[23.820282,51.631268],[23.749692,51.644472],[23.726231,51.644859],[23.628976,51.629046],[23.616677,51.624783],[23.606445,51.618117],[23.594353,51.604965],[23.593319,51.596955],[23.599107,51.588971],[23.626289,51.540886],[23.628666,51.531223],[23.624118,51.515901],[23.615437,51.51311],[23.606238,51.517399]]]}},{"type":"Feature","properties":{"name":"JWLA 033 Country - Saudi Arabia","group":"countries-mideast","source":"Natural Earth / geo-countries"},"geometry":{"type":"MultiPolygon","coordinates":[[[[50.807872,24.746649],[50.881008,24.636404],[50.928602,24.587208],[50.978883,24.567726],[51.038879,24.559872],[51.095465,24.560182],[51.147451,24.576279],[51.215258,24.62585],[51.217621,24.617662],[51.268809,24.624498],[51.278168,24.618883],[51.286388,24.608385],[51.295177,24.602607],[51.306407,24.610826],[51.307465,24.603095],[51.306326,24.594062],[51.302419,24.586615],[51.295909,24.583564],[51.290294,24.578518],[51.292247,24.567816],[51.296886,24.558092],[51.299571,24.55622],[51.29656,24.521918],[51.302419,24.517157],[51.320079,24.522691],[51.333669,24.53205],[51.361095,24.576117],[51.375173,24.589097],[51.38795,24.597073],[51.395844,24.608344],[51.395274,24.631334],[51.410004,24.624335],[51.428396,24.62287],[51.443858,24.619696],[51.45045,24.607408],[51.455333,24.594184],[51.46754,24.592353],[51.483084,24.59219],[51.498302,24.583564],[51.498302,24.576117],[51.482107,24.569241],[51.461436,24.563463],[51.443696,24.554755],[51.436209,24.538804],[51.432302,24.538764],[51.409516,24.515855],[51.404796,24.507758],[51.39975,24.494574],[51.395274,24.487942],[51.336192,24.447943],[51.326915,24.436103],[51.324229,24.431301],[51.311371,24.414862],[51.306407,24.405992],[51.304373,24.396186],[51.302257,24.37401],[51.299571,24.364447],[51.299083,24.35871],[51.299978,24.351996],[51.299653,24.34634],[51.295909,24.34394],[51.285167,24.344468],[51.280447,24.343573],[51.278575,24.340522],[51.277843,24.318996],[51.278819,24.307766],[51.282237,24.302965],[51.344981,24.297797],[51.367849,24.302965],[51.380138,24.309963],[51.38852,24.316555],[51.397797,24.321519],[51.412852,24.323472],[51.479015,24.310858],[51.496918,24.298285],[51.526134,24.268256],[51.569347,24.256171],[51.575539,24.217722],[51.575229,24.191935],[51.573162,24.127831],[51.578536,24.101837],[51.593522,24.078325],[51.65047,24.010603],[51.702559,23.948591],[51.754753,23.886553],[51.806842,23.82449],[51.859036,23.76253],[51.911229,23.700518],[51.963422,23.638558],[52.015512,23.576495],[52.067705,23.514483],[52.119795,23.452523],[52.171988,23.390486],[52.224078,23.328422],[52.276271,23.26641],[52.328309,23.20445],[52.380503,23.142413],[52.432644,23.080375],[52.484837,23.018338],[52.538477,22.95475],[52.558476,22.938575],[52.583074,22.931108],[52.743788,22.911342],[52.882797,22.894237],[53.021807,22.877132],[53.16092,22.860053],[53.29993,22.842974],[53.438939,22.825869],[53.578052,22.808764],[53.717062,22.791685],[53.856071,22.77458],[53.995288,22.757449],[54.134297,22.740319],[54.273307,22.723265],[54.41242,22.70616],[54.551326,22.689004],[54.690336,22.671951],[54.829449,22.654897],[54.968562,22.637741],[55.105297,22.620946],[55.120387,22.623426],[55.186843,22.703577],[55.250405,22.605495],[55.331123,22.480593],[55.412049,22.355691],[55.492767,22.230789],[55.573589,22.105939],[55.626713,22.023773],[55.637048,22.001914],[55.637565,21.97897],[55.600171,21.86606],[55.59519,21.851019],[55.588575,21.831227],[55.570075,21.775416],[55.54124,21.688651],[55.503826,21.576152],[55.459591,21.443033],[55.410188,21.294464],[55.357478,21.135559],[55.344624,21.096909],[55.302908,20.971486],[55.248338,20.807413],[55.195525,20.64856],[55.146225,20.49999],[55.101887,20.366846],[55.064473,20.254269],[55.035741,20.167556],[55.017137,20.111745],[55.010523,20.092005],[54.97838,19.995421],[54.827898,19.945269],[54.656746,19.888193],[54.485594,19.831194],[54.314648,19.774195],[54.143496,19.717144],[53.97224,19.660119],[53.801088,19.603068],[53.630039,19.545992],[53.458886,19.488992],[53.287837,19.431942],[53.116582,19.374917],[52.945533,19.317866],[52.77438,19.260789],[52.603125,19.20379],[52.432127,19.146739],[52.261078,19.089689],[52.089926,19.032638],[51.978615,18.995638],[51.820692,18.974373],[51.660495,18.952824],[51.500298,18.931249],[51.340101,18.9097],[51.179904,18.888151],[51.01981,18.866576],[50.859717,18.845027],[50.699365,18.823529],[50.539323,18.801903],[50.379126,18.780353],[50.218929,18.758856],[50.058732,18.737255],[49.898535,18.715706],[49.738442,18.694157],[49.578245,18.672608],[49.418048,18.651059],[49.257851,18.62951],[49.128815,18.612095],[49.035849,18.57972],[48.991304,18.557886],[48.84754,18.48771],[48.675974,18.40402],[48.484358,18.310408],[48.312585,18.226589],[48.184428,18.163931],[48.161949,18.148919],[48.084382,18.055902],[47.993587,17.947588],[47.835509,17.758194],[47.686267,17.579652],[47.589012,17.463276],[47.572114,17.432322],[47.52483,17.307575],[47.457961,17.130893],[47.428569,17.093104],[47.427575,17.091826],[47.313577,17.027902],[47.190897,16.958914],[47.161338,16.947442],[47.128782,16.94305],[46.997026,16.948514],[46.983003,16.949096],[46.970342,16.956847],[46.885799,17.069554],[46.811799,17.168462],[46.747203,17.254762],[46.710099,17.275381],[46.487891,17.245977],[46.322629,17.224066],[46.079957,17.247992],[45.890821,17.266647],[45.642309,17.29109],[45.430384,17.312019],[45.384702,17.326489],[45.222128,17.417388],[45.165387,17.428395],[44.997336,17.429532],[44.972466,17.429696],[44.849024,17.430513],[44.646453,17.431805],[44.624645,17.427206],[44.561962,17.404468],[44.533798,17.402867],[44.465172,17.416457],[44.404142,17.418731],[44.307352,17.408964],[44.230561,17.391859],[44.211544,17.390619],[44.169376,17.40235],[44.149015,17.40483],[44.134288,17.394702],[44.119663,17.369949],[44.10447,17.351965],[44.08535,17.343439],[44.059357,17.347056],[44.020961,17.366021],[44.003908,17.36783],[43.982307,17.356823],[43.967114,17.339563],[43.954299,17.320029],[43.938692,17.305198],[43.915128,17.301839],[43.903294,17.30432],[43.897351,17.307368],[43.894044,17.312174],[43.890065,17.320184],[43.892649,17.34008],[43.892649,17.351035],[43.886706,17.353671],[43.863245,17.346953],[43.845778,17.346177],[43.806194,17.349588],[43.76878,17.345506],[43.750642,17.345661],[43.730643,17.35243],[43.689302,17.38385],[43.619539,17.458832],[43.577061,17.482965],[43.50337,17.513454],[43.487144,17.517485],[43.453141,17.518777],[43.43495,17.522859],[43.412885,17.519965],[43.391025,17.511955],[43.303072,17.459039],[43.215946,17.387209],[43.167887,17.33052],[43.165044,17.32592],[43.222199,17.307834],[43.241836,17.293416],[43.252171,17.27197],[43.248605,17.25192],[43.226178,17.241274],[43.203337,17.236313],[43.176878,17.225513],[43.156156,17.2097],[43.150058,17.18996],[43.150988,17.16686],[43.145304,17.146551],[43.124323,17.106967],[43.118432,17.086245],[43.122463,17.070122],[43.130318,17.053482],[43.136002,17.031416],[43.135899,17.009609],[43.131558,16.990437],[43.115435,16.951835],[43.108717,16.926978],[43.112644,16.910028],[43.133728,16.871013],[43.145821,16.834477],[43.157345,16.825382],[43.194448,16.815461],[43.204732,16.807709],[43.211502,16.796857],[43.212845,16.783886],[43.208608,16.773396],[43.201063,16.768125],[43.191864,16.764249],[43.182873,16.757996],[43.168507,16.737222],[43.170677,16.723476],[43.179772,16.708232],[43.185679,16.684847],[43.186077,16.683272],[43.179979,16.664617],[43.162926,16.661516],[43.122773,16.673299],[43.097762,16.677794],[43.084946,16.672575],[43.079985,16.658829],[43.078641,16.637694],[43.074611,16.61878],[43.048772,16.553461],[43.036267,16.536304],[43.014666,16.520698],[42.970948,16.49579],[42.956272,16.490726],[42.917411,16.483801],[42.906766,16.479357],[42.902942,16.466283],[42.905629,16.45109],[42.906766,16.434915],[42.898187,16.418896],[42.872452,16.401636],[42.837312,16.387218],[42.78948,16.370958],[42.788097,16.373684],[42.788259,16.409857],[42.781261,16.420233],[42.794932,16.452826],[42.788259,16.471869],[42.739757,16.524563],[42.728689,16.547187],[42.724946,16.566352],[42.725922,16.610175],[42.737641,16.652818],[42.737315,16.671129],[42.719249,16.67536],[42.725922,16.682807],[42.713878,16.693671],[42.703868,16.709052],[42.701508,16.723334],[42.712413,16.730618],[42.706309,16.740627],[42.678233,16.764716],[42.671886,16.771918],[42.65919,16.789984],[42.635753,16.815172],[42.628917,16.819892],[42.596934,16.836819],[42.586925,16.837958],[42.575857,16.832343],[42.541759,16.877997],[42.555675,16.922065],[42.548513,16.938137],[42.548595,16.98725],[42.5442,17.00434],[42.534516,17.010321],[42.524913,17.01496],[42.520681,17.028225],[42.512706,17.037014],[42.494477,17.038398],[42.473969,17.037258],[42.459727,17.038479],[42.44752,17.049018],[42.437511,17.065131],[42.425059,17.093085],[42.420584,17.107733],[42.415538,17.142035],[42.410818,17.155748],[42.401703,17.16352],[42.3567,17.18244],[42.359223,17.165188],[42.366466,17.149319],[42.384044,17.120998],[42.36378,17.10871],[42.373871,17.04328],[42.362966,17.024807],[42.35727,17.0456],[42.3567,17.114163],[42.35255,17.13467],[42.339122,17.17357],[42.321625,17.309272],[42.315196,17.333238],[42.31072,17.350979],[42.316661,17.400824],[42.315196,17.422065],[42.307872,17.444322],[42.301524,17.453599],[42.291677,17.457424],[42.281423,17.457913],[42.273611,17.459947],[42.268565,17.46483],[42.266775,17.473578],[42.26059,17.485053],[42.152843,17.573798],[42.143809,17.576606],[42.14088,17.571194],[42.134044,17.57982],[42.123302,17.600775],[42.103526,17.627509],[42.097667,17.644355],[42.093516,17.652086],[42.086192,17.655422],[42.063487,17.650865],[42.053233,17.653225],[42.048839,17.665676],[42.043793,17.674302],[42.000499,17.717475],[41.998709,17.715481],[41.992442,17.712714],[41.984874,17.710639],[41.97934,17.710639],[41.969737,17.719794],[41.938975,17.761868],[41.928722,17.767157],[41.869477,17.820502],[41.84783,17.811957],[41.810395,17.8369],[41.787608,17.833564],[41.778331,17.859809],[41.760753,17.876532],[41.739268,17.890692],[41.719249,17.909247],[41.677257,17.960598],[41.670909,17.977525],[41.672374,17.990139],[41.675304,18.001288],[41.673676,18.009263],[41.660899,18.012356],[41.653575,18.015326],[41.65211,18.02265],[41.652599,18.03144],[41.651052,18.039008],[41.608897,18.075181],[41.593516,18.095893],[41.60255,18.114691],[41.585134,18.135403],[41.577973,18.146389],[41.575206,18.15941],[41.570811,18.165188],[41.562022,18.168158],[41.556407,18.174302],[41.561046,18.189846],[41.540701,18.191881],[41.521332,18.196682],[41.524181,18.200995],[41.525727,18.204291],[41.528087,18.20718],[41.533702,18.210354],[41.527517,18.222317],[41.518565,18.227973],[41.507172,18.228258],[41.493337,18.223944],[41.499766,18.233344],[41.504649,18.242987],[41.505626,18.251776],[41.500173,18.258734],[41.506358,18.272203],[41.500499,18.278998],[41.487641,18.280829],[41.472179,18.279202],[41.475352,18.292873],[41.472016,18.311957],[41.46461,18.330959],[41.455414,18.344062],[41.450857,18.356024],[41.444672,18.393988],[41.441905,18.402086],[41.439708,18.41059],[41.438162,18.464179],[41.435802,18.469957],[41.432953,18.47427],[41.428396,18.476874],[41.421072,18.477769],[41.415782,18.481513],[41.41391,18.489976],[41.413341,18.499335],[41.411469,18.505764],[41.375255,18.529486],[41.369802,18.535834],[41.368175,18.546291],[41.363292,18.558661],[41.355724,18.569037],[41.34018,18.575629],[41.334321,18.580552],[41.329845,18.585435],[41.328298,18.587633],[41.322113,18.585639],[41.311697,18.575344],[41.307791,18.573432],[41.296886,18.577338],[41.285818,18.583808],[41.275401,18.592027],[41.267345,18.601304],[41.240571,18.657945],[41.229259,18.673326],[41.216563,18.686347],[41.210216,18.697943],[41.209239,18.711615],[41.212169,18.731024],[41.236013,18.796617],[41.239513,18.817043],[41.242524,18.824897],[41.247813,18.828437],[41.249034,18.834174],[41.239513,18.848334],[41.235362,18.849107],[41.213227,18.860419],[41.212169,18.862006],[41.171235,18.871649],[41.160899,18.902981],[41.16033,18.908881],[41.140961,18.933295],[41.136485,18.93651],[41.135753,18.946926],[41.137218,18.957709],[41.143321,18.977484],[41.148204,18.988471],[41.153087,18.996039],[41.156749,19.003852],[41.158865,19.022162],[41.163748,19.042955],[41.176524,19.067369],[41.167817,19.082221],[41.149425,19.093736],[41.129649,19.10163],[41.086436,19.113593],[41.068614,19.125393],[41.05836,19.152981],[41.0442,19.17414],[41.040212,19.183539],[41.040701,19.194648],[41.048188,19.217719],[41.047537,19.227444],[41.041677,19.245754],[41.040212,19.255845],[41.036143,19.264553],[41.017833,19.273993],[41.01352,19.282864],[41.009125,19.304023],[40.998302,19.314927],[40.982921,19.322699],[40.955903,19.343329],[40.957693,19.346422],[40.958995,19.358588],[40.956716,19.368638],[40.946951,19.384182],[40.944672,19.392727],[40.943126,19.403306],[40.937673,19.419379],[40.938324,19.430569],[40.945079,19.44066],[40.954356,19.448676],[40.959239,19.456],[40.952159,19.464057],[40.9546,19.474799],[40.952485,19.485256],[40.946951,19.49372],[40.944672,19.505683],[40.859141,19.534491],[40.83546,19.546617],[40.784679,19.59634],[40.760427,19.60871],[40.760427,19.614936],[40.771251,19.613511],[40.794444,19.601264],[40.800629,19.642239],[40.798025,19.692328],[40.790863,19.714057],[40.744884,19.777004],[40.725434,19.789252],[40.674001,19.794989],[40.654063,19.794338],[40.64503,19.784735],[40.656586,19.759508],[40.641612,19.771226],[40.628673,19.792141],[40.620372,19.812079],[40.619477,19.82099],[40.605154,19.829535],[40.564464,19.885891],[40.533539,19.903998],[40.527029,19.910346],[40.528005,19.917548],[40.540538,19.943915],[40.534516,19.961819],[40.522634,19.97248],[40.492198,19.984849],[40.4546,20.006578],[40.445567,20.009711],[40.436371,20.023342],[40.427582,20.026435],[40.418468,20.031195],[40.393565,20.064276],[40.385509,20.068101],[40.36085,20.07392],[40.352224,20.074856],[40.333751,20.079535],[40.313487,20.090725],[40.267833,20.125312],[40.232107,20.16356],[40.23878,20.178046],[40.221853,20.189032],[40.195649,20.19599],[40.164806,20.200385],[40.158946,20.20539],[40.149587,20.218207],[40.133962,20.231513],[40.125011,20.241116],[40.125987,20.245551],[40.115571,20.251654],[40.083832,20.279242],[40.067638,20.286526],[40.045177,20.286119],[40.020356,20.28205],[40.000336,20.275133],[39.991954,20.266669],[39.968028,20.275092],[39.925304,20.299384],[39.903087,20.308254],[39.904307,20.295559],[39.910167,20.288479],[39.918305,20.283515],[39.926606,20.276842],[39.931407,20.274726],[39.941091,20.268541],[39.947113,20.262152],[39.940684,20.259182],[39.923188,20.263577],[39.825369,20.320054],[39.81129,20.331488],[39.798188,20.337388],[39.778331,20.342719],[39.760102,20.350816],[39.74464,20.381171],[39.727387,20.396918],[39.673595,20.436225],[39.646495,20.461575],[39.587087,20.552151],[39.567393,20.567694],[39.567393,20.575141],[39.577403,20.57453],[39.585297,20.575873],[39.591075,20.580268],[39.594737,20.588772],[39.579356,20.591376],[39.566661,20.598293],[39.543468,20.619208],[39.536957,20.630276],[39.531016,20.659491],[39.526378,20.670722],[39.492931,20.706244],[39.489919,20.722886],[39.506033,20.746405],[39.471365,20.757473],[39.45753,20.759467],[39.459972,20.751654],[39.46461,20.746039],[39.470714,20.742011],[39.477875,20.738959],[39.458263,20.744859],[39.43629,20.756659],[39.423188,20.771715],[39.430186,20.787421],[39.420909,20.791693],[39.416759,20.797756],[39.417654,20.805325],[39.42335,20.814114],[39.427745,20.806383],[39.435395,20.800767],[39.445567,20.796861],[39.45753,20.794257],[39.452647,20.806138],[39.451182,20.811591],[39.450694,20.817816],[39.448741,20.827297],[39.444021,20.827623],[39.437266,20.825751],[39.430186,20.828355],[39.416759,20.846503],[39.411306,20.846869],[39.409679,20.828355],[39.388357,20.841132],[39.359711,20.862616],[39.339122,20.887437],[39.340831,20.910305],[39.344981,20.905178],[39.35255,20.898912],[39.35963,20.896715],[39.361827,20.90351],[39.358409,20.915351],[39.352794,20.919867],[39.34547,20.922187],[39.337413,20.927395],[39.32781,20.93183],[39.317393,20.930121],[39.306814,20.926093],[39.29713,20.923977],[39.296886,20.927965],[39.268728,20.968573],[39.26238,20.983059],[39.259532,20.999823],[39.258962,21.023871],[39.255707,21.032945],[39.242035,21.041693],[39.239024,21.05093],[39.237804,21.062893],[39.23406,21.067206],[39.22755,21.069281],[39.185395,21.097235],[39.174327,21.108873],[39.167979,21.136298],[39.158702,21.155911],[39.156505,21.167548],[39.158702,21.172593],[39.168224,21.185289],[39.170177,21.191474],[39.163259,21.205878],[39.125743,21.260403],[39.11199,21.268215],[39.08074,21.315009],[39.159923,21.379828],[39.171072,21.40412],[39.172374,21.436021],[39.164724,21.464911],[39.149669,21.480129],[39.149669,21.485663],[39.160411,21.494452],[39.158946,21.507799],[39.142751,21.54092],[39.130056,21.519599],[39.119802,21.516913],[39.110362,21.528144],[39.101248,21.548407],[39.108653,21.554592],[39.092296,21.576565],[39.088715,21.605862],[39.09018,21.63703],[39.088145,21.664455],[39.077403,21.691555],[39.079356,21.706366],[39.098155,21.712836],[39.103526,21.718573],[39.108572,21.732123],[39.10906,21.747789],[39.101248,21.759996],[39.093598,21.739163],[39.08839,21.730455],[39.08074,21.725816],[39.066742,21.725246],[39.063487,21.730048],[39.063731,21.737942],[39.060313,21.746405],[39.053884,21.751858],[39.04949,21.754828],[39.045421,21.758734],[39.040375,21.766832],[39.037364,21.776068],[39.035899,21.792629],[39.03297,21.800971],[39.031016,21.801459],[39.019298,21.807807],[39.017263,21.811184],[39.014496,21.818752],[39.012462,21.822089],[38.978554,21.862074],[38.949598,21.921916],[38.931254,22.006073],[38.932655,22.025186],[38.959144,22.034443],[38.986214,22.002239],[39.005693,22.002005],[39.01002,22.024115],[39.01002,22.043606],[39.012462,22.054267],[39.016612,22.058092],[39.03004,22.067084],[39.03297,22.072211],[39.035004,22.091132],[39.044444,22.130805],[39.046641,22.151068],[39.040375,22.151068],[39.026134,22.116889],[39.019298,22.131578],[39.022716,22.142483],[39.029307,22.153225],[39.03297,22.167792],[39.03297,22.208808],[39.040375,22.235785],[39.073253,22.271145],[39.083507,22.313544],[39.090587,22.323391],[39.09962,22.331732],[39.108653,22.342231],[39.122325,22.370185],[39.139496,22.386379],[39.142751,22.390611],[39.142751,22.403225],[39.13738,22.4147],[39.127615,22.42121],[39.114919,22.418606],[39.108165,22.408922],[39.101248,22.380439],[39.0948,22.370183],[39.070256,22.365828],[39.069227,22.39449],[39.082071,22.436285],[39.07422,22.490973],[39.081517,22.546792],[39.073988,22.574175],[39.066254,22.587551],[39.038585,22.622707],[39.012462,22.678656],[38.993012,22.708564],[38.985688,22.72427],[38.988292,22.736396],[39.014659,22.758979],[39.013031,22.766791],[38.965017,22.816311],[38.945486,22.831204],[38.936778,22.826361],[38.94044,22.820787],[38.958018,22.803616],[38.964692,22.794664],[38.967947,22.784003],[38.969005,22.77383],[38.971446,22.763861],[38.978282,22.75373],[38.970876,22.746894],[38.957714,22.774961],[38.929852,22.815018],[38.902599,22.843166],[38.851001,22.929721],[38.851175,22.943275],[38.880407,22.928494],[38.912852,22.861965],[38.930512,22.856757],[38.941417,22.850531],[38.95102,22.851955],[38.958832,22.859117],[38.964692,22.870429],[38.954275,22.881903],[38.937348,22.912095],[38.926931,22.918199],[38.919607,22.921088],[38.911469,22.928453],[38.905284,22.938463],[38.902599,22.949286],[38.893891,22.965155],[38.873871,22.972805],[38.851085,22.977973],[38.834321,22.986518],[38.81422,22.982733],[38.799571,22.998684],[38.779063,23.041164],[38.790212,23.051337],[38.798676,23.064643],[38.804373,23.07925],[38.806407,23.093248],[38.803928,23.121856],[38.799213,23.137263],[38.79835,23.149604],[38.78666,23.154558],[38.777619,23.139292],[38.765115,23.161101],[38.747689,23.182957],[38.729259,23.216254],[38.711436,23.235745],[38.703949,23.257758],[38.691713,23.27296],[38.688918,23.28654],[38.680254,23.303795],[38.680417,23.318251],[38.672869,23.348151],[38.659331,23.37179],[38.646537,23.400726],[38.64087,23.440074],[38.637113,23.468169],[38.631244,23.490047],[38.628917,23.50788],[38.612153,23.524319],[38.604747,23.535386],[38.601573,23.551947],[38.600175,23.568249],[38.577891,23.556627],[38.568044,23.562486],[38.559906,23.562486],[38.560883,23.545722],[38.570323,23.536933],[38.59547,23.528388],[38.59547,23.52147],[38.562022,23.524359],[38.540064,23.543245],[38.539223,23.591869],[38.494849,23.644635],[38.471365,23.713324],[38.464366,23.73607],[38.459972,23.76081],[38.452647,23.784003],[38.437022,23.802069],[38.427094,23.806708],[38.41627,23.808905],[38.399571,23.814086],[38.390126,23.824131],[38.385493,23.838504],[38.377481,23.856017],[38.365348,23.870448],[38.348888,23.87519],[38.332707,23.879426],[38.319133,23.886385],[38.309337,23.893378],[38.299563,23.910222],[38.283338,23.9278],[38.275401,23.933824],[38.258906,23.944819],[38.238469,23.950583],[38.22209,23.952574],[38.198281,23.967098],[38.185356,23.975929],[38.165641,23.992923],[38.146636,24.014909],[38.126179,24.029428],[38.109117,24.043892],[38.079135,24.070388],[38.071069,24.07408],[38.062881,24.076006],[38.053968,24.072323],[38.045729,24.06739],[38.023204,24.08161],[38.007579,24.093085],[37.966416,24.117094],[37.935321,24.139007],[37.941124,24.150951],[37.958421,24.162076],[37.983072,24.165664],[37.97326,24.174709],[37.958457,24.170309],[37.93953,24.161441],[37.9322,24.174211],[37.943772,24.191356],[37.94795,24.207047],[37.937292,24.21085],[37.93069,24.203406],[37.918366,24.201232],[37.912577,24.191538],[37.918299,24.186267],[37.921542,24.177268],[37.923126,24.164534],[37.923905,24.155547],[37.918133,24.149593],[37.89601,24.157208],[37.865634,24.149888],[37.82016,24.181708],[37.806407,24.193264],[37.767589,24.221393],[37.758661,24.241612],[37.745585,24.249884],[37.728407,24.257422],[37.710413,24.266457],[37.695712,24.279213],[37.676091,24.291236],[37.652322,24.290566],[37.640961,24.291693],[37.625987,24.28144],[37.622735,24.268237],[37.628394,24.24804],[37.585775,24.246662],[37.575174,24.261637],[37.545706,24.274411],[37.52272,24.267732],[37.500636,24.2887],[37.48675,24.311147],[37.464661,24.339588],[37.429403,24.367307],[37.417958,24.400966],[37.427854,24.421132],[37.435246,24.418874],[37.454954,24.406871],[37.463208,24.422546],[37.456669,24.441249],[37.31923,24.624239],[37.25766,24.702338],[37.228526,24.737698],[37.227061,24.765367],[37.230479,24.772691],[37.231293,24.78262],[37.230317,24.792548],[37.227061,24.799547],[37.219737,24.802802],[37.206798,24.791002],[37.1963,24.789618],[37.178722,24.799384],[37.165782,24.815497],[37.148611,24.85102],[37.174083,24.850572],[37.196544,24.847235],[37.218923,24.846625],[37.244151,24.854438],[37.256602,24.871243],[37.258067,24.92178],[37.279959,24.964097],[37.277029,24.98664],[37.257823,25.028551],[37.251475,25.052558],[37.257823,25.111477],[37.256033,25.134101],[37.250743,25.155463],[37.242198,25.175279],[37.230479,25.193671],[37.211681,25.21426],[37.200206,25.224189],[37.189464,25.231187],[37.180024,25.239081],[37.170665,25.257799],[37.162283,25.265692],[37.142345,25.279771],[37.122569,25.299547],[37.105317,25.32217],[37.093272,25.344468],[37.090994,25.354397],[37.088878,25.376776],[37.086436,25.385443],[37.079845,25.394599],[37.064626,25.409735],[37.059825,25.419623],[37.077403,25.431057],[37.062673,25.453681],[37.01824,25.494696],[37.01059,25.507392],[36.994477,25.549954],[36.989268,25.556952],[36.975597,25.565131],[36.970388,25.570461],[36.969005,25.576158],[36.969981,25.588568],[36.96697,25.594306],[36.958263,25.60635],[36.944102,25.635199],[36.93629,25.646145],[36.923513,25.654771],[36.894298,25.665595],[36.881602,25.672838],[36.842296,25.729804],[36.817393,25.757961],[36.795665,25.759467],[36.793712,25.748277],[36.800466,25.736721],[36.803966,25.726793],[36.792247,25.720608],[36.779552,25.724066],[36.748871,25.743883],[36.733897,25.748521],[36.724946,25.753892],[36.702322,25.779975],[36.696056,25.789537],[36.694835,25.7956],[36.696056,25.817125],[36.693858,25.822903],[36.681814,25.825588],[36.675629,25.830512],[36.663422,25.855658],[36.66212,25.879096],[36.671641,25.901435],[36.692638,25.923285],[36.705821,25.943752],[36.709483,25.971137],[36.705577,25.999335],[36.696056,26.022284],[36.672374,26.045233],[36.640636,26.060207],[36.605642,26.068264],[36.57252,26.070705],[36.536632,26.082424],[36.512706,26.110989],[36.449229,26.246894],[36.42628,26.281806],[36.382823,26.33454],[36.30893,26.498236],[36.229828,26.625556],[36.18214,26.680243],[36.124197,26.726752],[36.097667,26.753974],[36.081879,26.797268],[36.051768,26.844672],[36.031993,26.906806],[36.013927,26.90233],[36.000255,26.91352],[35.976736,26.94774],[35.911876,26.999579],[35.831716,27.092719],[35.803071,27.142076],[35.799815,27.150092],[35.798595,27.15998],[35.800792,27.168158],[35.810557,27.18244],[35.812836,27.191067],[35.807953,27.20307],[35.784028,27.2355],[35.699962,27.324774],[35.652599,27.353827],[35.640391,27.363471],[35.61671,27.389635],[35.589854,27.4289],[35.559581,27.455634],[35.521495,27.518459],[35.510509,27.544176],[35.506847,27.564439],[35.506196,27.600531],[35.500255,27.61933],[35.491954,27.632392],[35.458995,27.663398],[35.440766,27.690253],[35.41505,27.75137],[35.394379,27.777004],[35.384939,27.78262],[35.364757,27.7897],[35.356944,27.794379],[35.351329,27.801418],[35.346853,27.815009],[35.336762,27.833686],[35.332367,27.862209],[35.322765,27.876288],[35.271007,27.927802],[35.255219,27.952786],[35.245616,27.962348],[35.229991,27.968736],[35.181488,28.002916],[35.181488,27.996039],[35.174653,27.996039],[35.163585,28.009345],[35.176524,28.019477],[35.199067,28.028225],[35.216319,28.037665],[35.226899,28.033149],[35.225841,28.038764],[35.216319,28.054389],[35.210297,28.056586],[35.182628,28.061916],[35.174653,28.065009],[35.167817,28.065009],[35.167817,28.058173],[35.161794,28.058173],[35.157725,28.064358],[35.151866,28.071031],[35.144786,28.076402],[35.137218,28.078599],[35.119395,28.077948],[35.110362,28.078925],[35.098643,28.089748],[35.051931,28.119574],[35.042003,28.113023],[35.030284,28.113471],[35.019705,28.113471],[35.022472,28.107856],[35.026215,28.102973],[35.030772,28.099107],[35.020681,28.103746],[35.009532,28.110541],[34.997895,28.114203],[34.986013,28.10932],[34.975841,28.10342],[34.945486,28.095364],[34.937266,28.091254],[34.931326,28.086005],[34.927745,28.078599],[34.920909,28.078599],[34.920909,28.085435],[34.914073,28.085435],[34.90089,28.082261],[34.880626,28.085639],[34.860199,28.085395],[34.846446,28.071194],[34.843761,28.076321],[34.842947,28.076402],[34.838878,28.078599],[34.838878,28.085435],[34.846446,28.085435],[34.846446,28.092922],[34.842621,28.09984],[34.847667,28.105536],[34.856944,28.109849],[34.866222,28.112779],[34.8567,28.116441],[34.847016,28.117621],[34.836762,28.116278],[34.825369,28.112779],[34.825369,28.105902],[34.832774,28.105902],[34.832774,28.099107],[34.821625,28.095771],[34.814301,28.088935],[34.804861,28.071194],[34.801768,28.075385],[34.798676,28.076809],[34.795258,28.077297],[34.791759,28.078599],[34.795746,28.084621],[34.801606,28.090399],[34.809418,28.095404],[34.819102,28.099107],[34.818533,28.102932],[34.81837,28.107123],[34.819102,28.112779],[34.804942,28.113349],[34.793712,28.11107],[34.786469,28.104722],[34.784434,28.092922],[34.778982,28.095771],[34.777354,28.096177],[34.77589,28.094957],[34.770763,28.092922],[34.770356,28.096137],[34.770844,28.102729],[34.770763,28.105902],[34.764985,28.105902],[34.764985,28.099107],[34.757009,28.099107],[34.751964,28.107611],[34.747325,28.112006],[34.742442,28.111558],[34.736583,28.105902],[34.727387,28.112128],[34.725108,28.115058],[34.718923,28.123033],[34.715343,28.127631],[34.709239,28.140082],[34.706309,28.1376],[34.702485,28.134996],[34.698497,28.131537],[34.694998,28.126451],[34.681977,28.135159],[34.678396,28.130764],[34.677745,28.120795],[34.674571,28.112779],[34.667003,28.10871],[34.653575,28.103583],[34.647146,28.099107],[34.647146,28.092922],[34.668305,28.078599],[34.668305,28.071194],[34.661794,28.070787],[34.658946,28.069159],[34.657481,28.066962],[34.655284,28.065009],[34.647146,28.071194],[34.642345,28.054592],[34.641449,28.041693],[34.63502,28.033271],[34.613048,28.030219],[34.614757,28.03498],[34.615733,28.035712],[34.617361,28.035468],[34.620453,28.037665],[34.613048,28.044501],[34.608653,28.058824],[34.6067,28.071845],[34.606212,28.096015],[34.598888,28.103258],[34.574392,28.094062],[34.578868,28.105902],[34.572765,28.112779],[34.587413,28.131822],[34.596934,28.138902],[34.605642,28.142564],[34.606212,28.147528],[34.612478,28.150336],[34.620942,28.157375],[34.62672,28.160549],[34.620453,28.167385],[34.623383,28.172675],[34.627126,28.176663],[34.632498,28.179389],[34.64031,28.181057],[34.64031,28.176418],[34.638031,28.175442],[34.635265,28.175727],[34.633474,28.174872],[34.643403,28.170233],[34.651703,28.167792],[34.657725,28.170559],[34.660899,28.181057],[34.655284,28.181057],[34.655284,28.187893],[34.648123,28.194241],[34.649587,28.200873],[34.657237,28.206285],[34.668305,28.20897],[34.668305,28.215766],[34.664887,28.224514],[34.674571,28.270453],[34.678396,28.268459],[34.685313,28.265937],[34.688731,28.263617],[34.688243,28.266791],[34.688731,28.277289],[34.682953,28.27383],[34.680431,28.271674],[34.674571,28.277248],[34.694672,28.29442],[34.715017,28.32746],[34.730479,28.363593],[34.741059,28.41059],[34.76059,28.436591],[34.767914,28.466457],[34.775076,28.483344],[34.803775,28.527133],[34.796173,28.572185],[34.793432,28.619434],[34.77847,28.6645],[34.796886,28.725816],[34.809825,28.757961],[34.825369,28.784369],[34.825369,28.790595],[34.819102,28.790595],[34.836111,28.816474],[34.838552,28.828559],[34.832774,28.839586],[34.832774,28.845852],[34.844086,28.87641],[34.84197,28.889635],[34.825369,28.894232],[34.825369,28.900377],[34.840099,28.922431],[34.856293,28.963813],[34.86378,29.006252],[34.85255,29.031399],[34.85255,29.045071],[34.864024,29.063666],[34.873546,29.085273],[34.893565,29.17475],[34.898204,29.18773],[34.909353,29.21015],[34.907888,29.216376],[34.909353,29.230658],[34.918956,29.239081],[34.942068,29.250474],[34.935232,29.267279],[34.932628,29.289252],[34.936371,29.30386],[34.94809,29.298285],[34.949229,29.3015],[34.949392,29.304267],[34.950694,29.305732],[34.955577,29.305121],[34.948009,29.319973],[34.945323,29.3369],[34.949385,29.351686],[35.060319,29.334696],[35.179072,29.316661],[35.334618,29.293148],[35.473628,29.272065],[35.622042,29.249689],[35.740251,29.231731],[35.797225,29.223075],[35.912464,29.205686],[36.016437,29.189951],[36.043825,29.190881],[36.069457,29.200028],[36.177977,29.278369],[36.283707,29.35485],[36.399979,29.438902],[36.477081,29.494609],[36.541263,29.589409],[36.603584,29.681471],[36.649576,29.7494],[36.70487,29.831152],[36.728745,29.853528],[36.756237,29.865517],[36.84295,29.881226],[36.931936,29.897246],[37.075804,29.923291],[37.218534,29.949129],[37.352376,29.973314],[37.470198,29.994553],[37.491696,30.011193],[37.536137,30.105295],[37.56921,30.174955],[37.605177,30.250713],[37.634529,30.312776],[37.647552,30.330863],[37.670703,30.347606],[37.779327,30.400419],[37.900146,30.459072],[37.97332,30.494522],[37.980038,30.498088],[37.980968,30.498398],[37.981381,30.498811],[37.981071,30.499483],[37.931565,30.549661],[37.821908,30.660869],[37.712044,30.772025],[37.602283,30.883232],[37.492626,30.994492],[37.489422,30.997696],[37.486321,31.0009],[37.483117,31.004103],[37.480017,31.007256],[37.349895,31.12823],[37.221722,31.247292],[37.219774,31.249101],[37.089653,31.370076],[36.959532,31.490999],[36.997912,31.500814],[37.207269,31.554354],[37.455005,31.617709],[37.702742,31.681116],[37.761412,31.69612],[37.950479,31.744472],[37.986522,31.753358],[38.175375,31.799921],[38.400167,31.855369],[38.624856,31.91087],[38.849752,31.966319],[38.963337,31.994379],[38.96344,31.994327],[38.96344,31.994482],[38.998064,32.006936],[39.116816,32.102899],[39.136246,32.115353],[39.146375,32.118144],[39.149269,32.118919],[39.152163,32.119746],[39.154953,32.120573],[39.157744,32.121348],[39.355561,32.092564],[39.553275,32.063729],[39.750989,32.034893],[39.9486,32.00611],[40.028802,31.994482],[40.029008,31.994482],[40.029112,31.994431],[40.029318,31.994379],[40.37028,31.938465],[40.424126,31.920533],[40.479834,31.892835],[40.58267,31.840435],[40.670313,31.795683],[40.758163,31.751086],[40.845909,31.706335],[40.933553,31.661634],[41.021299,31.616934],[41.109046,31.572286],[41.196689,31.527586],[41.284539,31.482834],[41.372182,31.438134],[41.459825,31.393434],[41.547572,31.348734],[41.635422,31.304034],[41.723065,31.259385],[41.810708,31.214685],[41.898558,31.169985],[41.986202,31.125285],[42.075395,31.079861],[42.141644,31.030407],[42.22629,30.967465],[42.31073,30.904523],[42.395169,30.841581],[42.479712,30.778639],[42.574486,30.707636],[42.669157,30.636684],[42.763932,30.565629],[42.783413,30.551045],[42.858707,30.494677],[42.85881,30.494626],[42.858913,30.494574],[42.859017,30.494522],[42.964747,30.420005],[43.052907,30.357786],[43.140963,30.295671],[43.229071,30.233505],[43.317231,30.171338],[43.431746,30.090568],[43.546365,30.009797],[43.660983,29.929027],[43.775498,29.848205],[43.824013,29.81398],[43.890065,29.767383],[44.004631,29.686613],[44.119146,29.605817],[44.233661,29.524995],[44.328953,29.45779],[44.424296,29.390533],[44.519742,29.323328],[44.614878,29.256071],[44.691825,29.201836],[44.698232,29.199718],[44.70464,29.197495],[44.710893,29.195273],[44.717456,29.193103],[44.808923,29.185894],[44.888712,29.179512],[44.968293,29.173259],[45.047824,29.166903],[45.127457,29.160624],[45.229983,29.152459],[45.332406,29.144372],[45.434932,29.136207],[45.537406,29.12812],[45.63988,29.120032],[45.742406,29.111868],[45.844932,29.103754],[45.947355,29.095641],[46.02363,29.089595],[46.099697,29.083575],[46.17592,29.077477],[46.252143,29.071457],[46.357459,29.063137],[46.401178,29.071276],[46.427322,29.076143],[46.444896,29.079415],[46.488614,29.08758],[46.532436,29.095745],[46.64416,29.083626],[46.755781,29.071534],[46.867351,29.059416],[46.97923,29.04722],[47.078759,29.035748],[47.178391,29.024224],[47.278023,29.012701],[47.377552,29.001202],[47.433363,28.994717],[47.433466,28.994717],[47.433983,28.994614],[47.434086,28.994588],[47.446323,28.976243],[47.494496,28.904025],[47.549945,28.770596],[47.554596,28.745378],[47.55842,28.69148],[47.568031,28.660991],[47.581674,28.631483],[47.596815,28.608823],[47.618158,28.591486],[47.641102,28.577249],[47.659809,28.560041],[47.668129,28.533505],[47.721821,28.53397],[47.899587,28.535624],[48.077406,28.537277],[48.255225,28.538879],[48.432781,28.54048],[48.456391,28.518459],[48.468761,28.510647],[48.49464,28.500149],[48.498546,28.492906],[48.50766,28.449164],[48.507823,28.415717],[48.499034,28.393378],[48.476085,28.400784],[48.471202,28.394192],[48.469981,28.391303],[48.468761,28.387112],[48.488292,28.385891],[48.504893,28.389635],[48.517345,28.398993],[48.523936,28.414455],[48.535492,28.40762],[48.534923,28.398668],[48.523936,28.380316],[48.517833,28.354193],[48.5171,28.342434],[48.522227,28.318834],[48.534923,28.298814],[48.618419,28.217271],[48.623546,28.205268],[48.609141,28.186103],[48.601736,28.167385],[48.600841,28.147773],[48.606456,28.126451],[48.616466,28.110541],[48.648123,28.071967],[48.654796,28.061591],[48.653331,28.049872],[48.65211,28.046088],[48.667817,28.037665],[48.701996,28.023993],[48.712901,28.022895],[48.747081,28.023993],[48.75587,28.021715],[48.77589,28.011949],[48.787934,28.009711],[48.792003,28.007025],[48.791515,28.0008],[48.788259,27.993883],[48.784516,27.989244],[48.778087,27.98664],[48.771332,27.987006],[48.764008,27.989244],[48.746837,27.981635],[48.742361,27.975246],[48.743663,27.96133],[48.753266,27.947984],[48.773285,27.929755],[48.796235,27.913642],[48.814708,27.906684],[48.815196,27.902248],[48.837657,27.872301],[48.87794,27.836819],[48.88266,27.826728],[48.87379,27.806586],[48.872569,27.793891],[48.873383,27.782131],[48.87672,27.777004],[48.874522,27.769924],[48.865489,27.754055],[48.852794,27.737494],[48.839203,27.728583],[48.846202,27.740302],[48.847667,27.748725],[48.84547,27.773261],[48.848481,27.787299],[48.854259,27.795356],[48.857595,27.803534],[48.852875,27.817939],[48.838064,27.804023],[48.821788,27.766832],[48.805024,27.756496],[48.823416,27.799628],[48.825531,27.811103],[48.820567,27.830024],[48.812511,27.828599],[48.804047,27.815009],[48.785167,27.744696],[48.784516,27.728583],[48.782237,27.726142],[48.778819,27.71955],[48.78004,27.714097],[48.791352,27.714911],[48.796886,27.719713],[48.803966,27.736477],[48.81129,27.742825],[48.81129,27.698188],[48.815278,27.687567],[48.824555,27.688951],[48.833995,27.697455],[48.839203,27.708075],[48.846202,27.697089],[48.847341,27.683824],[48.84547,27.667141],[48.858084,27.662828],[48.867686,27.667792],[48.875011,27.677476],[48.880138,27.687567],[48.880544,27.670315],[48.878429,27.664211],[48.873302,27.659654],[48.878184,27.65058],[48.877126,27.644477],[48.870616,27.641181],[48.85963,27.640448],[48.869802,27.618557],[48.873302,27.612494],[48.848969,27.623358],[48.838878,27.623196],[48.831798,27.612494],[48.852794,27.604641],[48.870779,27.605618],[48.884776,27.615058],[48.893809,27.632961],[48.900645,27.632961],[48.907481,27.61872],[48.895274,27.607733],[48.891124,27.588121],[48.896739,27.572008],[48.914317,27.571519],[48.921641,27.578843],[48.917247,27.585842],[48.909516,27.592678],[48.907481,27.599433],[48.915294,27.608629],[48.926036,27.613837],[48.949067,27.61872],[48.968516,27.620347],[48.9817,27.614569],[49.017345,27.585191],[49.05421,27.568264],[49.063975,27.556342],[49.044688,27.544176],[49.05893,27.538153],[49.071625,27.539496],[49.077647,27.546536],[49.072032,27.557847],[49.088878,27.551093],[49.106293,27.546861],[49.144298,27.544176],[49.15268,27.546332],[49.170421,27.555732],[49.178477,27.557847],[49.188975,27.556708],[49.208751,27.551581],[49.219574,27.550442],[49.239757,27.545111],[49.255138,27.532375],[49.278087,27.503241],[49.28533,27.497626],[49.292491,27.494127],[49.299083,27.489895],[49.305349,27.482123],[49.307872,27.474514],[49.309825,27.456692],[49.312755,27.448635],[49.300141,27.448065],[49.292654,27.452948],[49.289887,27.462348],[49.291759,27.475328],[49.284923,27.475328],[49.263927,27.452867],[49.208832,27.458075],[49.18922,27.441148],[49.181895,27.441148],[49.175059,27.458319],[49.157725,27.458482],[49.119802,27.441148],[49.128103,27.436916],[49.150076,27.431342],[49.161388,27.426907],[49.170258,27.421047],[49.176117,27.415839],[49.183116,27.411119],[49.195486,27.40644],[49.201996,27.398668],[49.207042,27.395168],[49.212576,27.396796],[49.229503,27.411811],[49.229666,27.413886],[49.235037,27.418158],[49.237315,27.423977],[49.240245,27.427191],[49.246918,27.423774],[49.254568,27.417792],[49.263845,27.413886],[49.256847,27.400051],[49.247325,27.393134],[49.237478,27.388129],[49.229666,27.379706],[49.226736,27.36872],[49.226085,27.34276],[49.223399,27.331285],[49.23406,27.333889],[49.245779,27.339423],[49.257335,27.34691],[49.267426,27.355211],[49.278819,27.358791],[49.292166,27.355455],[49.312755,27.344957],[49.304861,27.325507],[49.307872,27.306301],[49.315115,27.286811],[49.319021,27.266425],[49.317068,27.2237],[49.322602,27.205715],[49.339529,27.207831],[49.33839,27.189602],[49.345225,27.182807],[49.355968,27.185004],[49.366873,27.194159],[49.361827,27.209133],[49.37086,27.218736],[49.386404,27.219631],[49.40089,27.207831],[49.407074,27.215277],[49.412364,27.204006],[49.409434,27.193915],[49.403982,27.183295],[49.40089,27.170233],[49.397472,27.162584],[49.388845,27.159329],[49.377696,27.159166],[49.366873,27.160631],[49.374848,27.149075],[49.399099,27.144721],[49.407074,27.132717],[49.417166,27.138129],[49.423595,27.14647],[49.435069,27.166815],[49.435883,27.16234],[49.436778,27.16177],[49.438487,27.162055],[49.441905,27.160631],[49.431895,27.142768],[49.440196,27.139797],[49.465668,27.146959],[49.481293,27.144436],[49.508311,27.133979],[49.524425,27.132717],[49.497325,27.159084],[49.489106,27.17475],[49.50408,27.187934],[49.516449,27.188381],[49.526134,27.182807],[49.534923,27.176174],[49.544932,27.173651],[49.552745,27.176744],[49.572113,27.194159],[49.568614,27.17829],[49.559418,27.153998],[49.558604,27.139553],[49.564626,27.116685],[49.570079,27.104071],[49.575531,27.098578],[49.594249,27.090725],[49.612478,27.071967],[49.670177,26.990912],[49.699474,26.958238],[49.708263,26.952135],[49.736664,26.940904],[49.74586,26.934272],[49.760509,26.92064],[49.770844,26.91356],[49.833018,26.888007],[49.871837,26.862494],[49.894054,26.860297],[49.917247,26.861477],[49.942149,26.858344],[49.972992,26.842353],[50.001964,26.816962],[50.052013,26.755927],[50.069102,26.728583],[50.141938,26.681342],[50.158458,26.664862],[50.161876,26.639228],[50.11671,26.67536],[50.09254,26.689114],[50.037852,26.695217],[50.023692,26.69953],[50.014008,26.710761],[50.006358,26.747626],[49.997569,26.74136],[49.988455,26.724433],[49.983735,26.708197],[49.982921,26.695705],[49.983246,26.683743],[49.986501,26.672756],[49.993663,26.663153],[50.003673,26.653632],[50.006358,26.648586],[50.002208,26.587388],[50.003673,26.570705],[50.03061,26.494615],[50.04184,26.478461],[50.058279,26.463935],[50.076508,26.453762],[50.162283,26.427069],[50.19158,26.403551],[50.209239,26.369534],[50.216563,26.32392],[50.215994,26.215074],[50.21225,26.191311],[50.201996,26.171373],[50.182384,26.160102],[50.181895,26.175482],[50.174083,26.180732],[50.163422,26.177232],[50.154552,26.166246],[50.160981,26.141099],[50.158376,26.102484],[50.150401,26.063218],[50.141368,26.035956],[50.125824,26.046454],[50.12143,26.060736],[50.121837,26.076483],[50.120291,26.091213],[50.113292,26.103258],[50.10434,26.111233],[50.0949,26.117621],[50.086762,26.125312],[50.081309,26.129096],[50.076671,26.129096],[50.073578,26.131537],[50.071625,26.159247],[50.069591,26.165961],[50.065684,26.173733],[50.057872,26.18358],[50.045665,26.194525],[50.0324,26.201077],[50.021007,26.197659],[49.994884,26.152167],[49.986827,26.145819],[49.975841,26.139594],[49.980968,26.126125],[49.991547,26.113105],[49.997325,26.108222],[49.999522,26.100898],[50.0088,26.086493],[50.010427,26.07689],[50.007091,26.074408],[50.000173,26.07217],[49.993175,26.068061],[49.990001,26.060452],[49.992361,26.045885],[49.996104,26.031724],[49.996918,26.017279],[49.990001,26.001776],[50.006847,25.996527],[50.021007,26.004462],[50.028168,26.019477],[50.024099,26.035956],[50.033702,26.033352],[50.040538,26.028266],[50.052013,26.015448],[50.057384,26.01317],[50.061697,26.014146],[50.064626,26.013373],[50.065684,26.00552],[50.065766,25.999457],[50.066905,25.996283],[50.069835,25.995103],[50.075938,25.995022],[50.101329,25.989488],[50.111501,25.97602],[50.11671,25.958238],[50.127696,25.940375],[50.127696,25.933539],[50.107758,25.91474],[50.118337,25.867865],[50.141938,25.816107],[50.161876,25.782701],[50.222016,25.717353],[50.247244,25.679429],[50.257498,25.631903],[50.251231,25.631903],[50.233735,25.679511],[50.226736,25.687161],[50.21461,25.689643],[50.199962,25.695868],[50.187511,25.703559],[50.174978,25.720445],[50.15919,25.731757],[50.144705,25.733344],[50.141368,25.713813],[50.148692,25.699856],[50.174327,25.68301],[50.182384,25.672838],[50.187673,25.682929],[50.18922,25.687161],[50.196056,25.687161],[50.23406,25.61518],[50.347992,25.482123],[50.374278,25.461168],[50.371349,25.474514],[50.364757,25.490058],[50.36199,25.502997],[50.370779,25.508368],[50.381358,25.512885],[50.385916,25.510647],[50.389985,25.488674],[50.39503,25.483303],[50.399913,25.480373],[50.40211,25.477973],[50.410167,25.464097],[50.428722,25.456204],[50.462901,25.446926],[50.471528,25.437201],[50.490896,25.392279],[50.483409,25.385443],[50.495616,25.370063],[50.509125,25.343573],[50.520356,25.314765],[50.525076,25.29267],[50.523936,25.280219],[50.518728,25.258002],[50.517589,25.244859],[50.519786,25.232123],[50.524425,25.22309],[50.529063,25.216295],[50.534679,25.199042],[50.549083,25.174791],[50.551606,25.159491],[50.545421,25.118598],[50.553477,25.077948],[50.562185,25.054836],[50.572765,25.042873],[50.580414,25.062161],[50.606293,25.042711],[50.633474,25.01142],[50.644786,24.995063],[50.661632,24.979967],[50.681407,24.913886],[50.706554,24.898871],[50.72641,24.881659],[50.735037,24.843411],[50.737315,24.782172],[50.741466,24.770575],[50.750011,24.753119],[50.76059,24.736396],[50.771332,24.726955],[50.786143,24.72724],[50.807872,24.746649]]],[[[42.186438,16.705528],[42.186307,16.691396],[42.183461,16.673434],[42.176556,16.651644],[42.179085,16.634912],[42.188199,16.605264],[42.178233,16.58511],[42.178559,16.583482],[42.155836,16.584977],[42.127975,16.617357],[42.105253,16.625257],[42.083815,16.626718],[42.07317,16.635801],[42.101428,16.647138],[42.117633,16.659855],[42.111114,16.68047],[42.085753,16.693525],[42.060242,16.689878],[42.030721,16.687541],[42.01056,16.682557],[41.991694,16.672419],[41.975532,16.663553],[41.955457,16.670115],[41.932834,16.690845],[41.916863,16.705099],[41.894087,16.710394],[41.867396,16.728569],[41.843368,16.74672],[41.831421,16.767354],[41.824941,16.798237],[41.807561,16.80992],[41.790089,16.810037],[41.778168,16.81269],[41.780772,16.819322],[41.77956,16.840952],[41.764899,16.859044],[41.755614,16.878387],[41.757085,16.896372],[41.771857,16.892414],[41.777182,16.884666],[41.789218,16.875586],[41.828084,16.858608],[41.849424,16.83533],[41.86006,16.821122],[41.863916,16.796687],[41.863292,16.785142],[41.881137,16.765738],[41.898467,16.751484],[41.905143,16.747581],[41.941391,16.751169],[41.953321,16.733098],[41.973427,16.731661],[41.9936,16.737931],[42.011048,16.73908],[42.02302,16.727427],[42.022921,16.715867],[42.03499,16.715773],[42.064606,16.728382],[42.036488,16.733744],[42.021739,16.755805],[42.033865,16.77383],[42.041352,16.802314],[42.047862,16.812079],[42.062185,16.814195],[42.068533,16.811754],[42.076508,16.808661],[42.104076,16.792283],[42.105267,16.775577],[42.118494,16.754916],[42.116547,16.744167],[42.141165,16.740596],[42.147694,16.721273],[42.186438,16.705528]]],[[[41.918893,16.791155],[41.904223,16.802821],[41.889595,16.820912],[41.864313,16.851927],[41.84303,16.880347],[41.834972,16.891669],[41.834972,16.89175],[41.846202,16.901272],[41.870372,16.902655],[41.88795,16.907782],[41.90089,16.918362],[41.910981,16.936021],[41.921235,16.935207],[41.923106,16.935045],[41.928477,16.954901],[41.920909,16.978949],[41.907481,16.984809],[41.894054,16.990668],[41.881114,16.991685],[41.858572,16.996405],[41.846202,16.997463],[41.843761,17.001899],[41.85141,17.009914],[41.86085,17.013617],[41.863292,17.00495],[41.895681,17.001899],[41.921153,16.992011],[41.938162,16.972886],[41.939057,16.968817],[41.94516,16.942288],[41.945468,16.923272],[41.939919,16.901473],[41.943802,16.883459],[41.975963,16.875505],[41.985181,16.853596],[41.944102,16.853013],[41.932302,16.838365],[41.938162,16.821357],[41.962657,16.813137],[41.976573,16.804999],[41.995442,16.797002],[42.001958,16.772556],[42.001845,16.760987],[41.97247,16.77791],[41.936323,16.788456],[41.918893,16.791155]]],[[[49.56544,27.351752],[49.585134,27.344306],[49.638438,27.330634],[49.688813,27.317694],[49.670421,27.311428],[49.655121,27.314602],[49.640391,27.32099],[49.62379,27.324449],[49.60727,27.322455],[49.591807,27.316799],[49.577647,27.308295],[49.56544,27.297797],[49.557465,27.305487],[49.556407,27.304836],[49.551768,27.304023],[49.54363,27.309272],[49.538259,27.311428],[49.538097,27.311469],[49.538097,27.317694],[49.551443,27.322821],[49.554047,27.328274],[49.549815,27.334459],[49.545502,27.338324],[49.541515,27.341864],[49.531261,27.346177],[49.520274,27.344631],[49.509613,27.340888],[49.500255,27.338772],[49.487559,27.334133],[49.474946,27.322333],[49.463878,27.306627],[49.456228,27.290351],[49.453624,27.316392],[49.472179,27.342027],[49.501231,27.360541],[49.531261,27.365465],[49.542491,27.363715],[49.551036,27.360053],[49.56544,27.351752]]],[[[37.026866,25.419623],[37.037364,25.411811],[37.042328,25.407375],[37.04005,25.40644],[37.035655,25.408189],[37.028087,25.409329],[37.027192,25.405178],[37.031261,25.398749],[37.023285,25.399848],[37.003591,25.411526],[36.998546,25.422431],[37.000255,25.429185],[36.990571,25.430121],[36.978282,25.426947],[36.971446,25.435289],[36.966563,25.448961],[36.95753,25.448961],[36.946544,25.441881],[36.944347,25.448798],[36.951834,25.467515],[36.961436,25.477769],[36.973643,25.477851],[36.987478,25.47602],[36.999278,25.469428],[37.008962,25.449856],[37.015391,25.450588],[37.017589,25.457709],[37.021739,25.452786],[37.026866,25.419623]]],[[[36.942149,25.418362],[36.958344,25.419013],[36.961436,25.414496],[36.943126,25.405504],[36.935395,25.39997],[36.924815,25.389106],[36.914806,25.370917],[36.89975,25.361029],[36.878673,25.373725],[36.859711,25.39289],[36.841482,25.405951],[36.80128,25.444892],[36.798676,25.447414],[36.795095,25.453274],[36.795095,25.456977],[36.797048,25.45661],[36.799083,25.458686],[36.797211,25.464504],[36.787608,25.474433],[36.776134,25.489163],[36.776541,25.496405],[36.78712,25.494086],[36.796886,25.486558],[36.815196,25.465888],[36.823741,25.459866],[36.842052,25.450751],[36.877126,25.436957],[36.893891,25.432929],[36.906423,25.431627],[36.915701,25.426703],[36.920258,25.419582],[36.899425,25.41885],[36.896332,25.405951],[36.904307,25.39411],[36.91627,25.396877],[36.928477,25.409125],[36.942149,25.418362]]],[[[36.849376,25.533026],[36.839854,25.535834],[36.826996,25.547187],[36.828949,25.561347],[36.841319,25.570014],[36.855642,25.568305],[36.866547,25.557522],[36.866059,25.545885],[36.855479,25.536689],[36.849376,25.533026]]],[[[36.790212,25.49787],[36.78061,25.504381],[36.77589,25.50552],[36.771332,25.507066],[36.765961,25.514228],[36.765391,25.524237],[36.756521,25.527004],[36.742524,25.529202],[36.739919,25.532701],[36.743988,25.53144],[36.742931,25.535875],[36.734386,25.546617],[36.719249,25.55565],[36.701345,25.554674],[36.693207,25.550198],[36.688813,25.546373],[36.681163,25.544135],[36.681407,25.553453],[36.691254,25.567206],[36.706798,25.571234],[36.725597,25.565172],[36.775076,25.535386],[36.78061,25.527737],[36.785818,25.516018],[36.801036,25.507636],[36.816661,25.502387],[36.839041,25.489936],[36.874522,25.463324],[36.883311,25.454332],[36.881847,25.450751],[36.87794,25.447699],[36.879161,25.443345],[36.87379,25.44595],[36.858409,25.456855],[36.845063,25.464423],[36.834809,25.466742],[36.83074,25.47309],[36.82545,25.484117],[36.816173,25.488267],[36.809744,25.485785],[36.800629,25.488471],[36.790212,25.49787]]],[[[36.900727,25.549302],[36.899425,25.577786],[36.898123,25.584052],[36.898204,25.595445],[36.904633,25.603176],[36.914399,25.606635],[36.923025,25.602851],[36.927745,25.593085],[36.928396,25.583808],[36.925792,25.576565],[36.921153,25.576239],[36.91505,25.580552],[36.91391,25.578803],[36.916515,25.571438],[36.915863,25.56802],[36.913585,25.569159],[36.920421,25.555121],[36.927582,25.52851],[36.923188,25.519436],[36.911957,25.53498],[36.905447,25.53913],[36.900727,25.549302]]],[[[36.683116,25.572333],[36.681977,25.566352],[36.676036,25.554755],[36.667654,25.54975],[36.660981,25.552802],[36.647797,25.561469],[36.567719,25.598456],[36.546072,25.603217],[36.539399,25.589179],[36.52947,25.593817],[36.510509,25.610419],[36.497732,25.623969],[36.491466,25.645087],[36.499685,25.662543],[36.524425,25.685777],[36.53533,25.698147],[36.54363,25.702867],[36.545258,25.696479],[36.539399,25.684963],[36.522634,25.662177],[36.523936,25.652899],[36.531016,25.644599],[36.537934,25.639838],[36.543956,25.639635],[36.548839,25.637844],[36.553966,25.631334],[36.562022,25.627183],[36.570323,25.624457],[36.596202,25.600246],[36.609386,25.591539],[36.622895,25.590522],[36.631114,25.592434],[36.6338,25.589993],[36.634532,25.582913],[36.63795,25.574612],[36.647146,25.57095],[36.655935,25.571845],[36.6574,25.572577],[36.654145,25.573717],[36.654796,25.57807],[36.659434,25.582099],[36.667735,25.581],[36.683116,25.572333]]],[[[36.544281,25.73135],[36.542735,25.739325],[36.54005,25.760484],[36.542491,25.801947],[36.558442,25.836371],[36.583669,25.857896],[36.590831,25.860541],[36.577485,25.848578],[36.56658,25.832994],[36.55836,25.815823],[36.555431,25.796332],[36.564138,25.778795],[36.583263,25.762274],[36.590831,25.759345],[36.59783,25.758368],[36.597341,25.751695],[36.588715,25.738511],[36.58546,25.725491],[36.586681,25.719794],[36.58839,25.71426],[36.596039,25.708889],[36.607595,25.711249],[36.611095,25.709459],[36.605642,25.701117],[36.595551,25.696601],[36.583018,25.698676],[36.562999,25.713284],[36.551768,25.719794],[36.544281,25.73135]]]]}},{"type":"Feature","properties":{"name":"JWLA 033 Country - Yemen","group":"countries-mideast","source":"Natural Earth / geo-countries"},"geometry":{"type":"MultiPolygon","coordinates":[[[[51.978615,18.995638],[51.985689,18.979732],[52.013962,18.916159],[52.05675,18.819628],[52.099538,18.723044],[52.142326,18.626513],[52.185011,18.52993],[52.227799,18.433424],[52.27069,18.336866],[52.313323,18.240283],[52.356163,18.143777],[52.399003,18.047272],[52.441739,17.950637],[52.484527,17.854157],[52.527419,17.757625],[52.570207,17.661094],[52.61284,17.564562],[52.655628,17.467979],[52.698416,17.371447],[52.730145,17.299875],[52.728285,17.299359],[52.723014,17.298687],[52.721464,17.29817],[52.736243,17.289178],[52.773864,17.287111],[52.79102,17.28122],[52.801562,17.267423],[52.840319,17.183707],[52.902745,17.048263],[52.965273,16.912922],[53.027905,16.777478],[53.090343,16.642401],[53.090017,16.642239],[53.069184,16.631822],[53.021821,16.619452],[52.984874,16.62816],[52.973888,16.618313],[52.962169,16.616278],[52.950531,16.615627],[52.940278,16.610175],[52.921153,16.591132],[52.909923,16.583075],[52.885265,16.575426],[52.851085,16.556138],[52.809093,16.548326],[52.788829,16.5397],[52.752126,16.518297],[52.736827,16.511949],[52.597667,16.476711],[52.532563,16.447252],[52.420421,16.371243],[52.318614,16.291164],[52.292735,16.263821],[52.27947,16.243883],[52.261404,16.20897],[52.228689,16.171942],[52.221446,16.160875],[52.217052,16.148383],[52.217052,16.138088],[52.219574,16.125963],[52.222667,16.1164],[52.224376,16.113593],[52.216807,16.09516],[52.194347,16.070299],[52.184093,16.029446],[52.160004,16.002102],[52.155528,15.983873],[52.163422,15.964789],[52.177419,15.942369],[52.186534,15.919094],[52.175466,15.877916],[52.19158,15.862982],[52.224376,15.846747],[52.225271,15.831936],[52.217052,15.760728],[52.221446,15.716986],[52.231212,15.67475],[52.238292,15.668647],[52.242849,15.663479],[52.244884,15.657701],[52.243826,15.651557],[52.238536,15.642524],[52.237478,15.637519],[52.236583,15.62934],[52.233572,15.621772],[52.228363,15.616116],[52.220714,15.613959],[52.198985,15.611477],[52.04713,15.570014],[52.038748,15.563137],[52.031505,15.555813],[52.025727,15.551215],[52.016938,15.548651],[52.001638,15.547268],[51.99171,15.545071],[51.913097,15.515326],[51.874197,15.491523],[51.875011,15.469387],[51.874197,15.465033],[51.871837,15.463772],[51.869395,15.463772],[51.868175,15.463121],[51.868663,15.451565],[51.865408,15.4501],[51.859874,15.453315],[51.853852,15.455715],[51.846528,15.45954],[51.838715,15.466295],[51.829275,15.468695],[51.816661,15.459418],[51.809418,15.455756],[51.7588,15.445624],[51.679942,15.403469],[51.667247,15.391425],[51.66212,15.377143],[51.667735,15.357652],[51.676524,15.346991],[51.676443,15.340277],[51.655284,15.33275],[51.54949,15.322984],[51.530528,15.31684],[51.513438,15.308051],[51.498302,15.298041],[51.474294,15.270697],[51.454275,15.269517],[51.446544,15.266425],[51.443614,15.260199],[51.432465,15.25967],[51.382009,15.238023],[51.367849,15.229722],[51.342459,15.237698],[51.314464,15.226711],[51.288422,15.210273],[51.268809,15.201809],[51.069835,15.149644],[50.851329,15.109931],[50.661469,15.058498],[50.554047,15.04857],[50.459483,15.010443],[50.432384,14.995429],[50.358246,14.933336],[50.343028,14.92475],[50.302257,14.917467],[50.243826,14.887152],[50.179535,14.843329],[50.16505,14.842475],[50.146251,14.849799],[50.12143,14.844224],[50.079356,14.82567],[50.060395,14.820217],[50.051768,14.818752],[50.04184,14.818264],[50.035818,14.838935],[50.029796,14.850287],[50.021007,14.84927],[50.006033,14.844387],[49.942149,14.838772],[49.798595,14.792182],[49.578136,14.737291],[49.46046,14.67357],[49.417817,14.656928],[49.372406,14.649807],[49.352061,14.639797],[49.312755,14.612779],[49.228852,14.575263],[49.190196,14.54857],[49.181895,14.516588],[49.171886,14.518256],[49.156749,14.526109],[49.137055,14.53266],[49.113536,14.530219],[49.092784,14.519599],[49.077973,14.50609],[49.028087,14.436347],[49.009939,14.401109],[49.000255,14.359565],[49.007986,14.354438],[49.008556,14.343004],[49.006033,14.331204],[49.003673,14.324774],[48.991547,14.316881],[48.950531,14.300605],[48.941661,14.294379],[48.935802,14.270453],[48.92156,14.261868],[48.903494,14.25849],[48.886974,14.250312],[48.882335,14.243232],[48.880382,14.234605],[48.880138,14.212104],[48.876964,14.206732],[48.869884,14.201361],[48.862966,14.194648],[48.85255,14.166978],[48.835297,14.156236],[48.797618,14.140448],[48.738292,14.068183],[48.719493,14.057278],[48.713715,14.055406],[48.701834,14.046698],[48.695811,14.043606],[48.689301,14.042426],[48.681488,14.043606],[48.564789,14.046047],[48.548106,14.040513],[48.503429,14.002631],[48.493826,13.998969],[48.485525,13.998481],[48.47755,13.996731],[48.468761,13.988959],[48.45045,14.010647],[48.415375,14.016832],[48.338227,14.016303],[48.341156,14.012397],[48.345714,14.002631],[48.30421,14.001899],[48.188731,13.969143],[48.193614,13.993394],[48.177582,14.009182],[48.155284,14.020209],[48.140391,14.030585],[48.133556,14.023139],[48.105968,14.036038],[48.016856,14.057278],[48.001638,14.04914],[47.948578,14.033393],[47.931163,14.030585],[47.917328,14.021389],[47.866547,13.961656],[47.820974,13.938463],[47.667247,13.887193],[47.645681,13.873196],[47.56422,13.78913],[47.436046,13.678046],[47.398204,13.654853],[47.16684,13.585598],[46.911876,13.533271],[46.824229,13.476304],[46.700694,13.430325],[46.683849,13.427232],[46.66391,13.43008],[46.628266,13.440823],[46.604747,13.440904],[46.583507,13.435126],[46.540212,13.416897],[46.52003,13.413031],[46.312999,13.41356],[46.269542,13.420478],[46.247813,13.432115],[46.234548,13.436347],[46.228689,13.431057],[46.224132,13.428697],[46.19752,13.420478],[46.111339,13.406806],[45.940603,13.399359],[45.923188,13.395453],[45.890473,13.38231],[45.875743,13.379462],[45.833751,13.381334],[45.81544,13.379543],[45.803477,13.372016],[45.665782,13.341986],[45.632091,13.324897],[45.535899,13.228664],[45.508474,13.208686],[45.494151,13.194648],[45.481456,13.157538],[45.434093,13.098334],[45.403005,13.070136],[45.365245,13.053697],[45.193533,13.012681],[45.154063,12.992133],[45.118175,12.961737],[45.104503,12.944892],[45.099457,12.936184],[45.093761,12.926256],[45.093191,12.924709],[45.086599,12.907294],[45.083995,12.889472],[45.082286,12.886623],[45.058767,12.827135],[45.056651,12.817125],[45.062022,12.776557],[45.058604,12.76203],[45.039317,12.756293],[45.017751,12.759833],[44.99464,12.769192],[44.97934,12.782294],[44.980968,12.797309],[44.997406,12.803453],[45.017751,12.801744],[45.035167,12.803656],[45.042491,12.820868],[45.038585,12.821234],[45.023285,12.841051],[45.021983,12.84512],[45.02003,12.848944],[45.021495,12.853461],[45.021495,12.857164],[45.015147,12.85871],[45.009288,12.856676],[45.008474,12.85224],[45.009288,12.847561],[45.008311,12.84512],[45.001231,12.833482],[44.998057,12.831448],[44.993012,12.832465],[44.983653,12.837144],[44.97755,12.838202],[44.955089,12.837063],[44.944591,12.83397],[44.940115,12.82803],[44.933116,12.812649],[44.916759,12.799465],[44.898285,12.79621],[44.884776,12.81094],[44.871593,12.803534],[44.867442,12.794827],[44.871837,12.769965],[44.879405,12.776435],[44.885427,12.777981],[44.91627,12.774888],[44.920909,12.771389],[44.918956,12.759426],[44.912771,12.748196],[44.898285,12.736762],[44.881358,12.729885],[44.868337,12.732123],[44.83961,12.743476],[44.830821,12.748847],[44.82488,12.757025],[44.824962,12.761623],[44.822602,12.765082],[44.809744,12.769965],[44.785167,12.772284],[44.764903,12.76557],[44.727794,12.742011],[44.726736,12.746527],[44.722911,12.752346],[44.720958,12.756293],[44.725597,12.766506],[44.719249,12.780097],[44.706879,12.793647],[44.693614,12.803453],[44.652354,12.817939],[44.610606,12.819566],[44.572765,12.811591],[44.542817,12.797309],[44.489919,12.753485],[44.432953,12.69359],[44.430837,12.688178],[44.423513,12.675971],[44.415538,12.670152],[44.411794,12.684027],[44.406993,12.685248],[44.383474,12.676337],[44.35434,12.669338],[44.289561,12.638983],[44.267345,12.636786],[44.247325,12.638983],[44.228526,12.638658],[44.191173,12.619127],[44.169119,12.61815],[44.149425,12.624986],[44.138031,12.638983],[44.151622,12.637885],[44.176117,12.633246],[44.189952,12.632148],[44.198416,12.639065],[44.198009,12.652248],[44.191173,12.660468],[44.179698,12.652655],[44.153494,12.655951],[44.121349,12.643378],[44.062348,12.611721],[44.033702,12.604315],[44.0171,12.603705],[43.99171,12.612128],[43.961436,12.599595],[43.9463,12.598049],[43.927094,12.610175],[43.909434,12.645331],[43.894786,12.652655],[43.874197,12.655463],[43.857758,12.662543],[43.8296,12.680609],[43.813487,12.688381],[43.794688,12.694892],[43.773774,12.699408],[43.751475,12.701117],[43.737804,12.705756],[43.699474,12.727851],[43.679454,12.735256],[43.644054,12.734565],[43.634613,12.738674],[43.619395,12.749579],[43.60963,12.75434],[43.600597,12.756293],[43.587738,12.75137],[43.530772,12.695502],[43.525564,12.690375],[43.511729,12.683173],[43.490733,12.680609],[43.468028,12.683905],[43.46225,12.693345],[43.481212,12.773424],[43.481944,12.812079],[43.473155,12.846625],[43.452891,12.878607],[43.422618,12.906195],[43.418712,12.916449],[43.415538,12.9289],[43.408458,12.936957],[43.401378,12.943427],[43.398204,12.951158],[43.396821,12.970852],[43.392914,12.989691],[43.386404,13.00727],[43.377126,13.023179],[43.341807,13.062649],[43.336192,13.074408],[43.334727,13.08218],[43.32252,13.10578],[43.312999,13.131252],[43.308849,13.139309],[43.248871,13.212714],[43.226329,13.283881],[43.239594,13.315131],[43.248302,13.348944],[43.254242,13.526557],[43.274669,13.557603],[43.278494,13.566596],[43.280284,13.574123],[43.284516,13.58039],[43.295177,13.585598],[43.281993,13.617133],[43.28533,13.686591],[43.280935,13.722113],[43.247895,13.783677],[43.2435,13.794338],[43.233165,13.87637],[43.227306,13.885443],[43.161717,13.95399],[43.139193,14.007348],[43.118067,14.052492],[43.09552,14.083956],[43.084253,14.159187],[43.075792,14.194759],[43.065917,14.224865],[43.047563,14.275508],[43.019054,14.368354],[43.010997,14.388414],[43.006114,14.41942],[42.9935,14.44831],[42.989919,14.480211],[42.987315,14.489244],[42.9817,14.494778],[42.96339,14.507758],[42.959321,14.513495],[42.961192,14.525377],[42.965994,14.53026],[42.973481,14.528469],[42.983653,14.520331],[42.994151,14.500474],[43.006114,14.454779],[43.021495,14.442084],[43.021983,14.471096],[43.02003,14.484605],[43.014008,14.496772],[43.028656,14.537991],[43.017589,14.571234],[42.998057,14.601508],[42.987315,14.633857],[42.989513,14.641059],[42.99879,14.651272],[43.000987,14.657172],[42.999848,14.663316],[42.997325,14.666205],[42.994802,14.667914],[42.990489,14.68008],[42.983653,14.685126],[42.976817,14.688381],[42.973806,14.691881],[42.971446,14.697008],[42.966563,14.70185],[42.961681,14.708564],[42.954112,14.742662],[42.953136,14.75373],[42.942231,14.788886],[42.894542,14.84748],[42.883637,14.883694],[42.881602,14.904608],[42.883311,14.915513],[42.891124,14.913804],[42.895763,14.905992],[42.894054,14.899319],[42.890961,14.891425],[42.891124,14.880316],[42.898285,14.861762],[42.910411,14.841376],[42.926606,14.823228],[42.945649,14.811428],[42.946788,14.825873],[42.953136,14.859198],[42.952322,14.879543],[42.941661,14.915351],[42.937266,14.948472],[42.93214,14.960842],[42.923595,14.971422],[42.898123,14.995266],[42.887218,15.008205],[42.880138,15.024848],[42.877452,15.048529],[42.882335,15.102484],[42.877452,15.119859],[42.864024,15.13642],[42.828949,15.15176],[42.796886,15.178697],[42.776703,15.191392],[42.754731,15.201809],[42.733409,15.209296],[42.711274,15.21426],[42.691417,15.21426],[42.676931,15.205797],[42.671397,15.18537],[42.660411,15.182563],[42.637706,15.190863],[42.618012,15.207506],[42.61671,15.229722],[42.610118,15.243598],[42.621349,15.244696],[42.654633,15.237209],[42.671723,15.239651],[42.682628,15.246487],[42.688731,15.257025],[42.691905,15.270697],[42.690929,15.281236],[42.680675,15.296047],[42.678233,15.308295],[42.704275,15.355455],[42.712413,15.366278],[42.717621,15.353461],[42.715099,15.336982],[42.707856,15.321519],[42.699392,15.311672],[42.718516,15.303127],[42.733735,15.293891],[42.774262,15.260443],[42.779145,15.253323],[42.781261,15.240302],[42.778575,15.221625],[42.781993,15.215074],[42.794932,15.209296],[42.795909,15.217353],[42.794607,15.222602],[42.791677,15.226304],[42.788097,15.229722],[42.803071,15.245185],[42.809093,15.267768],[42.806895,15.344306],[42.797374,15.379706],[42.781261,15.407904],[42.777192,15.421942],[42.77768,15.432807],[42.779959,15.443183],[42.781261,15.455715],[42.780528,15.467475],[42.778331,15.47899],[42.774262,15.491034],[42.759939,15.516059],[42.719249,15.570014],[42.721365,15.578192],[42.733409,15.592231],[42.723888,15.6022],[42.714854,15.613959],[42.708263,15.627834],[42.705577,15.644355],[42.716075,15.679836],[42.713634,15.694729],[42.691905,15.702094],[42.699229,15.717434],[42.709239,15.725898],[42.721039,15.732815],[42.733409,15.743069],[42.74171,15.753241],[42.745779,15.761949],[42.746918,15.77265],[42.747244,15.788398],[42.752452,15.816392],[42.765798,15.835761],[42.783458,15.849433],[42.801768,15.860338],[42.819998,15.874945],[42.830333,15.892524],[42.834809,15.915351],[42.843272,16.052191],[42.840099,16.097805],[42.812755,16.238267],[42.808849,16.312649],[42.807628,16.319566],[42.801768,16.340155],[42.802582,16.339423],[42.803071,16.342353],[42.802989,16.347357],[42.801768,16.353217],[42.798839,16.358466],[42.790701,16.368638],[42.78948,16.370958],[42.837312,16.387218],[42.872452,16.401636],[42.898187,16.418896],[42.906766,16.434915],[42.905629,16.45109],[42.902942,16.466283],[42.906766,16.479357],[42.917411,16.483801],[42.956272,16.490726],[42.970948,16.49579],[43.014666,16.520698],[43.036267,16.536304],[43.048772,16.553461],[43.074611,16.61878],[43.078641,16.637694],[43.079985,16.658829],[43.084946,16.672575],[43.097762,16.677794],[43.122773,16.673299],[43.162926,16.661516],[43.179979,16.664617],[43.186077,16.683272],[43.185679,16.684847],[43.179772,16.708232],[43.170677,16.723476],[43.168507,16.737222],[43.182873,16.757996],[43.191864,16.764249],[43.201063,16.768125],[43.208608,16.773396],[43.212845,16.783886],[43.211502,16.796857],[43.204732,16.807709],[43.194448,16.815461],[43.157345,16.825382],[43.145821,16.834477],[43.133728,16.871013],[43.112644,16.910028],[43.108717,16.926978],[43.115435,16.951835],[43.131558,16.990437],[43.135899,17.009609],[43.136002,17.031416],[43.130318,17.053482],[43.122463,17.070122],[43.118432,17.086245],[43.124323,17.106967],[43.145304,17.146551],[43.150988,17.16686],[43.150058,17.18996],[43.156156,17.2097],[43.176878,17.225513],[43.203337,17.236313],[43.226178,17.241274],[43.248605,17.25192],[43.252171,17.27197],[43.241836,17.293416],[43.222199,17.307834],[43.165044,17.32592],[43.167887,17.33052],[43.215946,17.387209],[43.303072,17.459039],[43.391025,17.511955],[43.412885,17.519965],[43.43495,17.522859],[43.453141,17.518777],[43.487144,17.517485],[43.50337,17.513454],[43.577061,17.482965],[43.619539,17.458832],[43.689302,17.38385],[43.730643,17.35243],[43.750642,17.345661],[43.76878,17.345506],[43.806194,17.349588],[43.845778,17.346177],[43.863245,17.346953],[43.886706,17.353671],[43.892649,17.351035],[43.892649,17.34008],[43.890065,17.320184],[43.894044,17.312174],[43.897351,17.307368],[43.903294,17.30432],[43.915128,17.301839],[43.938692,17.305198],[43.954299,17.320029],[43.967114,17.339563],[43.982307,17.356823],[44.003908,17.36783],[44.020961,17.366021],[44.059357,17.347056],[44.08535,17.343439],[44.10447,17.351965],[44.119663,17.369949],[44.134288,17.394702],[44.149015,17.40483],[44.169376,17.40235],[44.211544,17.390619],[44.230561,17.391859],[44.307352,17.408964],[44.404142,17.418731],[44.465172,17.416457],[44.533798,17.402867],[44.561962,17.404468],[44.624645,17.427206],[44.646453,17.431805],[44.849024,17.430513],[44.972466,17.429696],[44.997336,17.429532],[45.165387,17.428395],[45.222128,17.417388],[45.384702,17.326489],[45.430384,17.312019],[45.642309,17.29109],[45.890821,17.266647],[46.079957,17.247992],[46.322629,17.224066],[46.487891,17.245977],[46.710099,17.275381],[46.747203,17.254762],[46.811799,17.168462],[46.885799,17.069554],[46.970342,16.956847],[46.983003,16.949096],[46.997026,16.948514],[47.128782,16.94305],[47.161338,16.947442],[47.190897,16.958914],[47.313577,17.027902],[47.427575,17.091826],[47.428569,17.093104],[47.457961,17.130893],[47.52483,17.307575],[47.572114,17.432322],[47.589012,17.463276],[47.686267,17.579652],[47.835509,17.758194],[47.993587,17.947588],[48.084382,18.055902],[48.161949,18.148919],[48.184428,18.163931],[48.312585,18.226589],[48.484358,18.310408],[48.675974,18.40402],[48.84754,18.48771],[48.991304,18.557886],[49.035849,18.57972],[49.128815,18.612095],[49.257851,18.62951],[49.418048,18.651059],[49.578245,18.672608],[49.738442,18.694157],[49.898535,18.715706],[50.058732,18.737255],[50.218929,18.758856],[50.379126,18.780353],[50.539323,18.801903],[50.699365,18.823529],[50.859717,18.845027],[51.01981,18.866576],[51.179904,18.888151],[51.340101,18.9097],[51.500298,18.931249],[51.660495,18.952824],[51.820692,18.974373],[51.978615,18.995638]]],[[[53.248326,12.121302],[53.268071,12.128832],[53.286884,12.127337],[53.298066,12.121873],[53.308239,12.118395],[53.310267,12.111444],[53.277495,12.113829],[53.263076,12.114869],[53.248326,12.121302]]],[[[53.053068,12.17492],[53.068366,12.17494],[53.082918,12.164794],[53.087074,12.148555],[53.086378,12.134344],[53.071829,12.130283],[53.05659,12.128251],[53.026774,12.139742],[53.006703,12.156644],[52.985265,12.162727],[52.98872,12.172198],[53.003953,12.176942],[53.01705,12.175576],[53.02746,12.179648],[53.03855,12.180333],[53.053068,12.17492]]],[[[52.289199,12.200815],[52.319374,12.188264],[52.374685,12.200588],[52.389496,12.197252],[52.389578,12.197252],[52.394705,12.187323],[52.381482,12.182545],[52.371129,12.171565],[52.37894,12.165691],[52.388464,12.148868],[52.359981,12.153854],[52.347904,12.151296],[52.330577,12.146186],[52.284679,12.154486],[52.24023,12.156877],[52.235034,12.165283],[52.224376,12.180325],[52.21811,12.180609],[52.211762,12.180894],[52.190684,12.174628],[52.179861,12.172838],[52.175792,12.176337],[52.164561,12.192532],[52.162364,12.197414],[52.156993,12.196234],[52.136691,12.204541],[52.123753,12.201978],[52.112315,12.198635],[52.105805,12.203803],[52.101817,12.207017],[52.068487,12.222008],[52.064118,12.235473],[52.078763,12.239737],[52.094086,12.241767],[52.118435,12.241549],[52.147777,12.234898],[52.178876,12.213943],[52.200434,12.206443],[52.216804,12.207335],[52.246114,12.202371],[52.289199,12.200815]]],[[[43.428966,12.673774],[43.442231,12.667222],[43.443858,12.663804],[43.448985,12.652981],[43.447439,12.638658],[43.435802,12.632148],[43.428884,12.63467],[43.417166,12.646715],[43.411388,12.652655],[43.39975,12.649848],[43.392751,12.653062],[43.390147,12.666327],[43.397634,12.670803],[43.406423,12.673041],[43.428966,12.673774]]],[[[54.470662,12.543566],[54.496932,12.546914],[54.516092,12.558434],[54.526833,12.557214],[54.540294,12.550238],[54.527927,12.537446],[54.498038,12.529472],[54.476524,12.522613],[54.457423,12.519228],[54.446654,12.51115],[54.444684,12.484721],[54.40234,12.467224],[54.368661,12.459569],[54.328169,12.443457],[54.283337,12.447291],[54.245942,12.433539],[54.237478,12.425198],[54.218761,12.3994],[54.209727,12.393785],[54.183849,12.382514],[54.154959,12.359809],[54.140498,12.351344],[54.110711,12.353811],[54.064229,12.350548],[54.047546,12.352962],[54.030886,12.348361],[54.008244,12.329857],[53.985932,12.337144],[53.985688,12.337144],[53.969981,12.341864],[53.939281,12.334757],[53.896471,12.327908],[53.776352,12.304969],[53.731165,12.300414],[53.672924,12.306342],[53.618265,12.322706],[53.572147,12.334614],[53.552,12.354383],[53.535981,12.373765],[53.519542,12.393541],[53.505626,12.416327],[53.479375,12.42517],[53.437875,12.451956],[53.334239,12.51553],[53.309744,12.537665],[53.306895,12.543402],[53.315684,12.550279],[53.342494,12.542609],[53.363002,12.544913],[53.384532,12.557318],[53.389415,12.560777],[53.391124,12.569648],[53.399587,12.587592],[53.403168,12.598049],[53.396027,12.656468],[53.410738,12.662136],[53.428024,12.66539],[53.470077,12.671424],[53.479578,12.686535],[53.490327,12.701621],[53.499869,12.712065],[53.518946,12.714351],[53.573762,12.703772],[53.606198,12.699985],[53.629935,12.702304],[53.654755,12.704758],[53.694009,12.669779],[53.762894,12.619703],[53.808065,12.607996],[53.846104,12.598605],[53.866401,12.622933],[53.875995,12.647294],[53.903391,12.653031],[53.922427,12.650655],[53.940184,12.642426],[53.973541,12.646988],[54.008097,12.645744],[54.045131,12.666556],[54.058259,12.671163],[54.082166,12.6862],[54.093028,12.698879],[54.119395,12.701117],[54.132246,12.688366],[54.146511,12.677861],[54.16789,12.664995],[54.18346,12.668444],[54.195491,12.6754],[54.200531,12.673],[54.210704,12.661689],[54.218761,12.652655],[54.237315,12.652045],[54.26002,12.647528],[54.269341,12.632119],[54.284854,12.626249],[54.319468,12.610994],[54.360145,12.602689],[54.400775,12.580404],[54.421909,12.574028],[54.470662,12.543566]]],[[[42.719249,13.742621],[42.761729,13.772162],[42.782563,13.779934],[42.794932,13.769924],[42.79184,13.750718],[42.761485,13.719306],[42.75408,13.697903],[42.743907,13.688422],[42.688569,13.663804],[42.688487,13.663764],[42.68629,13.675971],[42.685802,13.678453],[42.685802,13.678534],[42.693533,13.699205],[42.719249,13.742621]]],[[[42.760265,14.064683],[42.767589,14.071519],[42.795746,14.037177],[42.801768,14.023139],[42.801606,14.012274],[42.788097,13.975328],[42.786632,13.943996],[42.788585,13.926703],[42.781749,13.919989],[42.75408,13.920722],[42.767589,13.948676],[42.746593,13.956529],[42.721528,13.969387],[42.712494,13.977444],[42.700694,13.987942],[42.699229,13.992255],[42.691905,14.01317],[42.700857,14.028266],[42.721039,14.045966],[42.743988,14.060126],[42.760265,14.064683]]],[[[42.635997,15.445543],[42.610362,15.429389],[42.607188,15.422919],[42.611501,15.421291],[42.61199,15.416571],[42.608084,15.410386],[42.598969,15.403632],[42.584727,15.396633],[42.581554,15.391588],[42.59254,15.389472],[42.605642,15.393012],[42.6185,15.400092],[42.628184,15.398668],[42.628103,15.386461],[42.616222,15.34809],[42.613455,15.334703],[42.615489,15.326361],[42.613292,15.318549],[42.608409,15.314032],[42.609386,15.312201],[42.615245,15.314032],[42.614106,15.308051],[42.593923,15.278713],[42.582205,15.268215],[42.56837,15.268866],[42.557384,15.277574],[42.545746,15.29442],[42.545909,15.316962],[42.556163,15.341457],[42.55893,15.392971],[42.570974,15.410102],[42.583751,15.422797],[42.593435,15.430732],[42.597504,15.439154],[42.601899,15.446275],[42.623871,15.457343],[42.631033,15.45425],[42.635997,15.445543]]]]}},{"type":"Feature","properties":{"name":"JWLA 033 Country - Iran","group":"countries-mideast","source":"Natural Earth / geo-countries"},"geometry":{"type":"MultiPolygon","coordinates":[[[[44.806993,39.639902],[44.809647,39.636962],[44.823953,39.63054],[44.827837,39.628797],[44.849231,39.625593],[44.872279,39.625076],[44.869281,39.620528],[44.865354,39.617583],[44.886438,39.605956],[44.898427,39.584355],[44.928399,39.488237],[44.940698,39.468083],[44.961627,39.453769],[44.953307,39.441625],[44.957028,39.434493],[44.982505,39.420179],[44.987724,39.419352],[44.998576,39.41961],[45.006379,39.417957],[45.009945,39.414029],[45.012115,39.409482],[45.015629,39.405968],[45.051699,39.386848],[45.057177,39.381732],[45.060484,39.3746],[45.068649,39.364213],[45.078726,39.354757],[45.087976,39.350726],[45.096038,39.341114],[45.11435,39.30935],[45.120377,39.298894],[45.128904,39.289283],[45.135828,39.278482],[45.146267,39.228666],[45.152727,39.213525],[45.178927,39.219829],[45.283106,39.193061],[45.28569,39.194921],[45.292615,39.198616],[45.30171,39.201381],[45.311115,39.200528],[45.313905,39.19425],[45.311322,39.184844],[45.311115,39.176292],[45.320933,39.172597],[45.334886,39.170427],[45.348219,39.163916],[45.353903,39.153193],[45.345273,39.138439],[45.351939,39.12831],[45.360621,39.12322],[45.369923,39.118957],[45.379328,39.111154],[45.383462,39.103247],[45.391317,39.08175],[45.396381,39.073327],[45.405838,39.067875],[45.429712,39.059477],[45.434518,39.052785],[45.432296,39.042476],[45.428214,39.034104],[45.425268,39.025629],[45.427077,39.014881],[45.438601,39.004235],[45.45984,38.993125],[45.482577,38.984392],[45.494529,38.981917],[45.510276,38.978655],[45.530843,38.969276],[45.535565,38.968453],[45.543142,38.967132],[45.570841,38.966382],[45.627788,38.955504],[45.716878,38.954781],[45.768074,38.93913],[45.791086,38.932095],[46.001822,38.897472],[46.067968,38.874114],[46.126052,38.862668],[46.135871,38.863701],[46.202482,38.870548],[46.219948,38.877163],[46.271935,38.906567],[46.291314,38.913931],[46.304543,38.916256],[46.343352,38.917471],[46.367588,38.92362],[46.378233,38.924705],[46.391876,38.922354],[46.496056,38.886077],[46.514039,38.882176],[46.532074,38.883002],[46.553726,38.889824],[46.569849,38.89773],[46.585352,38.907704],[46.599202,38.919693],[46.610674,38.934007],[46.638838,38.979482],[46.65217,38.992944],[46.670412,39.004907],[46.728393,39.027955],[46.744826,39.040254],[46.761621,39.070588],[46.773765,39.085367],[46.781516,39.09038],[46.798053,39.097382],[46.806011,39.102395],[46.811695,39.108518],[46.837378,39.143245],[46.850969,39.155492],[46.866162,39.165362],[46.866391,39.165445],[46.883009,39.171409],[46.898718,39.171744],[46.926624,39.162055],[46.94161,39.158903],[46.953754,39.16066],[47.013628,39.186956],[47.020468,39.18996],[47.030907,39.199598],[47.036074,39.207014],[47.052921,39.244944],[47.089094,39.289851],[47.092505,39.299825],[47.10222,39.308403],[47.150072,39.33114],[47.249705,39.361268],[47.26132,39.366384],[47.291356,39.379613],[47.324417,39.405877],[47.324532,39.405968],[47.374245,39.455577],[47.406904,39.476816],[47.448762,39.494696],[47.518732,39.513197],[47.54116,39.51516],[47.554079,39.521982],[47.606995,39.563581],[47.62498,39.571411],[47.745282,39.623784],[47.788212,39.657651],[47.803779,39.669931],[47.823106,39.680318],[47.846877,39.685279],[47.922945,39.684142],[47.935244,39.686519],[47.945683,39.693961],[47.957258,39.707345],[47.957708,39.707256],[47.971418,39.704554],[47.990745,39.694271],[48.052033,39.650087],[48.220085,39.494025],[48.288608,39.445035],[48.31672,39.415166],[48.33894,39.378941],[48.328405,39.37633],[48.302457,39.369898],[48.24985,39.342354],[48.187218,39.332587],[48.153525,39.319048],[48.124587,39.297602],[48.10619,39.26918],[48.104329,39.234841],[48.117765,39.208047],[48.142157,39.181201],[48.199104,39.138232],[48.256258,39.119784],[48.271296,39.108312],[48.301475,39.05803],[48.306798,39.045396],[48.306281,39.031469],[48.30159,39.017946],[48.301423,39.017464],[48.293672,39.004597],[48.284629,38.994003],[48.284474,38.994003],[48.28437,38.993797],[48.243184,38.973875],[48.058544,38.948373],[48.055134,38.941914],[48.05534,38.934369],[48.052446,38.927909],[48.000046,38.902588],[47.990745,38.891219],[47.993122,38.850085],[48.012966,38.821559],[48.077974,38.780941],[48.21037,38.729756],[48.222979,38.721462],[48.225635,38.713193],[48.230317,38.698621],[48.226182,38.679087],[48.228043,38.662189],[48.276515,38.631777],[48.292225,38.613562],[48.310312,38.600151],[48.341059,38.599583],[48.391754,38.618109],[48.415267,38.618109],[48.426739,38.596457],[48.433715,38.569972],[48.446634,38.556407],[48.462654,38.544935],[48.479087,38.524756],[48.495933,38.510312],[48.510816,38.493776],[48.535641,38.469154],[48.548643,38.456258],[48.575929,38.420369],[48.607865,38.395978],[48.612962,38.395646],[48.659128,38.392645],[48.683209,38.398019],[48.710287,38.407114],[48.735609,38.419568],[48.755349,38.435226],[48.777725,38.444812],[48.809713,38.444631],[48.874278,38.434068],[48.877208,38.346177],[48.865896,38.316881],[48.872895,38.295559],[48.874848,38.242743],[48.893728,38.205797],[48.907725,38.083482],[48.949067,37.966864],[48.941173,37.94774],[48.940196,37.924994],[48.944509,37.903388],[48.952159,37.888007],[48.987478,37.842475],[48.987804,37.832099],[48.984711,37.823188],[48.983165,37.815985],[48.993663,37.77676],[49.014496,37.739163],[49.065196,37.67886],[49.132498,37.623358],[49.205577,37.581692],[49.366873,37.51496],[49.441742,37.494859],[49.826182,37.453559],[49.867442,37.458564],[49.901541,37.469713],[49.933767,37.474433],[49.969493,37.459703],[49.959972,37.458482],[49.948904,37.460924],[49.943126,37.461615],[49.935313,37.453559],[50.018728,37.42772],[50.148774,37.403876],[50.195649,37.38935],[50.227306,37.365424],[50.223318,37.329332],[50.232107,37.315416],[50.245128,37.279283],[50.254242,37.264838],[50.268728,37.246894],[50.292247,37.192816],[50.322276,37.153266],[50.357188,37.126532],[50.429454,37.082953],[50.478852,37.03498],[50.493988,37.027737],[50.513438,37.023261],[50.624034,36.963284],[50.644786,36.959418],[50.658702,36.954332],[50.688243,36.928697],[50.703136,36.918443],[50.86085,36.849555],[51.004731,36.767646],[51.088634,36.737006],[51.367849,36.692572],[51.546072,36.650946],[51.730968,36.624254],[51.909028,36.582709],[52.094086,36.602525],[52.258556,36.650946],[52.430512,36.685126],[52.608653,36.712388],[52.779307,36.740383],[52.950531,36.781317],[53.115733,36.822252],[53.447602,36.881903],[53.492361,36.887885],[53.885916,36.905829],[53.957774,36.919623],[54.006521,36.952623],[54.004242,36.914618],[53.947602,36.898749],[53.876475,36.891669],[53.83074,36.880276],[53.818207,36.87523],[53.803884,36.877021],[53.77711,36.883734],[53.762055,36.881822],[53.734386,36.873236],[53.719005,36.870673],[53.660411,36.876899],[53.609141,36.876899],[53.616954,36.865668],[53.631033,36.861965],[53.663829,36.863227],[53.643891,36.857815],[53.635997,36.857001],[53.660167,36.831204],[53.70102,36.816596],[53.856456,36.805487],[53.872081,36.798407],[53.889171,36.793606],[54.014334,36.821112],[54.026215,36.829088],[54.033051,36.845771],[54.033539,36.949123],[54.028087,36.966213],[54.013357,36.97309],[53.994395,36.979153],[53.997244,36.99372],[54.02003,37.027737],[53.996267,37.057318],[53.980317,37.094062],[53.958018,37.178534],[53.927745,37.243801],[53.923188,37.258002],[53.913748,37.34276],[54.186594,37.323744],[54.206438,37.324596],[54.224524,37.330746],[54.243025,37.344957],[54.261525,37.354827],[54.283332,37.355654],[54.30638,37.353225],[54.328497,37.353277],[54.364154,37.362682],[54.533343,37.440817],[54.555977,37.443607],[54.616852,37.433013],[54.638969,37.433272],[54.653956,37.438905],[54.678554,37.459989],[54.698294,37.466293],[54.7108,37.475698],[54.758342,37.500555],[54.783663,37.517453],[54.788314,37.524636],[54.791415,37.539932],[54.805057,37.565047],[54.808158,37.579284],[54.809398,37.603339],[54.808158,37.610341],[54.80361,37.61693],[54.791828,37.625353],[54.788314,37.630805],[54.787281,37.651863],[54.803714,37.682921],[54.808158,37.702816],[54.813636,37.718629],[54.826658,37.735269],[54.85663,37.761133],[55.006802,37.843092],[55.053518,37.884407],[55.061373,37.894846],[55.066644,37.908437],[55.078736,37.913708],[55.092792,37.915542],[55.10354,37.918798],[55.110775,37.926472],[55.121731,37.944713],[55.130309,37.95231],[55.149636,37.957478],[55.20741,37.966159],[55.219709,37.969983],[55.228804,37.985796],[55.250508,37.995408],[55.296087,38.007552],[55.307456,38.008792],[55.328126,38.022125],[55.348797,38.030496],[55.423108,38.075894],[55.447395,38.083671],[55.510957,38.085842],[55.708672,38.118656],[55.738437,38.118605],[55.800346,38.107804],[55.839413,38.089924],[55.854089,38.085997],[55.905042,38.085583],[55.921888,38.081449],[55.94907,38.07008],[55.963023,38.066515],[55.978422,38.065895],[56.121463,38.086462],[56.161874,38.082379],[56.166741,38.080792],[56.197841,38.070649],[56.214067,38.06884],[56.299747,38.080235],[56.315456,38.089459],[56.325481,38.10522],[56.328995,38.123772],[56.324241,38.141136],[56.297059,38.165785],[56.303364,38.179428],[56.366409,38.225523],[56.400102,38.244127],[56.436482,38.255082],[56.528156,38.257408],[56.54521,38.2541],[56.559162,38.247382],[56.571771,38.239502],[56.585207,38.234567],[56.60133,38.236866],[56.681532,38.264616],[56.729384,38.27105],[56.738996,38.269603],[56.778167,38.244488],[56.812377,38.22896],[56.82788,38.224955],[56.978361,38.202734],[57.018049,38.189815],[57.038409,38.187283],[57.056496,38.195241],[57.070449,38.205059],[57.102798,38.222009],[57.114684,38.232112],[57.134838,38.259733],[57.137914,38.262364],[57.14662,38.26981],[57.163983,38.276476],[57.174939,38.277561],[57.185894,38.276476],[57.207288,38.27074],[57.218347,38.265081],[57.221137,38.258596],[57.221551,38.251155],[57.225788,38.24237],[57.248836,38.211519],[57.266923,38.176896],[57.278602,38.162943],[57.311364,38.135012],[57.32294,38.105117],[57.344334,38.081062],[57.349295,38.063569],[57.346814,38.046929],[57.327074,37.994116],[57.352395,37.967529],[57.496263,37.922312],[57.512076,37.924069],[57.527682,37.927841],[57.544632,37.929986],[57.561375,37.928229],[57.612328,37.916601],[57.66111,37.917428],[57.676097,37.920477],[57.691186,37.92027],[57.704622,37.913708],[57.717128,37.905078],[57.729943,37.898644],[57.734827,37.898272],[57.738418,37.897998],[57.754748,37.901021],[57.763016,37.899393],[57.770044,37.89389],[57.779139,37.878774],[57.785031,37.872573],[57.800017,37.867638],[57.81645,37.868646],[57.833296,37.871746],[57.849523,37.872728],[57.884146,37.865338],[58.040932,37.805704],[58.106871,37.793431],[58.140564,37.791131],[58.156687,37.788186],[58.173534,37.781623],[58.181182,37.774853],[58.181285,37.767928],[58.179115,37.760771],[58.179942,37.753046],[58.195755,37.729636],[58.199269,37.722195],[58.201853,37.703953],[58.201956,37.690104],[58.206814,37.678735],[58.223867,37.667469],[58.24092,37.662328],[58.318848,37.653052],[58.331457,37.648297],[58.357812,37.633311],[58.371765,37.630366],[58.462302,37.637497],[58.479665,37.644112],[58.493101,37.660674],[58.502299,37.677391],[58.514288,37.691473],[58.529791,37.700387],[58.549325,37.701576],[58.565655,37.694858],[58.615884,37.659511],[58.659086,37.645404],[58.68172,37.642716],[58.704251,37.644628],[58.712933,37.648814],[58.719237,37.654783],[58.726368,37.659382],[58.737737,37.659408],[58.759028,37.656152],[58.76926,37.656798],[58.779802,37.65964],[58.793134,37.672844],[58.795615,37.687727],[58.801093,37.694651],[58.861037,37.668089],[58.938655,37.65393],[58.978136,37.639512],[58.992192,37.631451],[59.005525,37.628014],[59.034567,37.624526],[59.045625,37.619617],[59.078285,37.592745],[59.211714,37.516316],[59.233108,37.514714],[59.289228,37.535178],[59.312276,37.530346],[59.332326,37.515127],[59.351653,37.493837],[59.356304,37.480633],[59.353204,37.458438],[59.359198,37.447509],[59.361989,37.439215],[59.357854,37.430275],[59.351653,37.42043],[59.348346,37.409294],[59.350723,37.388365],[59.37036,37.319429],[59.382039,37.305683],[59.444671,37.264187],[59.463481,37.247443],[59.469372,37.2407],[59.468132,37.235842],[59.464515,37.232457],[59.463068,37.229718],[59.461827,37.223],[59.45883,37.214758],[59.461724,37.207601],[59.478157,37.204138],[59.484668,37.198764],[59.49273,37.193596],[59.501205,37.190212],[59.509473,37.189824],[59.541202,37.199849],[59.555982,37.197782],[59.572725,37.18339],[59.579856,37.16781],[59.584611,37.148896],[59.591535,37.132334],[59.604971,37.123885],[59.61448,37.125487],[59.621508,37.131507],[59.633186,37.146261],[59.642592,37.15024],[59.653237,37.149672],[59.797207,37.112206],[59.862837,37.067816],[59.899527,37.050556],[59.981589,37.038826],[60.019209,37.025803],[60.048872,36.994022],[60.086389,36.930021],[60.132588,36.873409],[60.238524,36.769746],[60.259608,36.74241],[60.28865,36.68107],[60.309218,36.651976],[60.34229,36.637145],[60.501247,36.63947],[60.641084,36.641485],[60.854404,36.644638],[60.97295,36.646343],[61.075476,36.64779],[61.125188,36.640762],[61.165806,36.636318],[61.173971,36.602315],[61.182239,36.586915],[61.18596,36.577665],[61.187614,36.565108],[61.186167,36.552809],[61.182239,36.541647],[61.176865,36.532035],[61.170664,36.524438],[61.166323,36.513845],[61.167977,36.501804],[61.173971,36.486818],[61.152474,36.406306],[61.146686,36.357265],[61.160949,36.328636],[61.157745,36.324657],[61.156194,36.321867],[61.153507,36.314942],[61.163119,36.311583],[61.171077,36.306416],[61.177278,36.300369],[61.181412,36.294478],[61.185443,36.283988],[61.1872,36.273549],[61.187614,36.250347],[61.190921,36.240631],[61.205494,36.221098],[61.22048,36.158931],[61.223064,36.128804],[61.224717,36.123688],[61.222754,36.117538],[61.212212,36.106376],[61.207251,36.099503],[61.20415,36.090563],[61.202393,36.080745],[61.20198,36.071598],[61.198156,36.060797],[61.189681,36.055785],[61.180276,36.052788],[61.173971,36.048033],[61.171077,36.035941],[61.174591,36.015839],[61.173971,36.006485],[61.161775,35.995944],[61.141415,35.982353],[61.129839,35.970519],[61.143585,35.965506],[61.16808,35.962354],[61.188337,35.953569],[61.205804,35.940495],[61.221823,35.924527],[61.232159,35.910677],[61.241047,35.893883],[61.247352,35.876209],[61.251899,35.840397],[61.255516,35.82536],[61.256137,35.809133],[61.249729,35.786706],[61.256137,35.779368],[61.256343,35.769497],[61.249729,35.745778],[61.249005,35.740197],[61.249729,35.722472],[61.246731,35.715496],[61.233089,35.704592],[61.229161,35.698597],[61.231745,35.671881],[61.245388,35.649298],[61.269676,35.618499],[61.277014,35.609197],[61.287556,35.568269],[61.290036,35.548064],[61.283835,35.52729],[61.270503,35.508428],[61.247041,35.48507],[61.235983,35.465847],[61.227301,35.434479],[61.221823,35.424247],[61.200843,35.401148],[61.195055,35.390089],[61.190404,35.369573],[61.195055,35.318104],[61.187097,35.300379],[61.167873,35.291387],[61.143999,35.28808],[61.122708,35.287666],[61.108342,35.277951],[61.102451,35.25666],[61.101624,35.235318],[61.102347,35.225603],[61.107929,35.221262],[61.112786,35.21165],[61.112373,35.202038],[61.102347,35.197698],[61.096353,35.193202],[61.101521,35.183228],[61.137074,35.143902],[61.139865,35.139665],[61.137901,35.128296],[61.135214,35.119408],[61.136764,35.111191],[61.147306,35.102096],[61.123121,35.074191],[61.115887,35.059877],[61.109892,35.018535],[61.095319,34.981018],[61.092012,34.961485],[61.088912,34.951925],[61.074752,34.933114],[61.071548,34.920557],[61.072582,34.910325],[61.077026,34.891721],[61.077749,34.88304],[61.073409,34.847693],[61.06545,34.814724],[61.034755,34.806249],[61.02907,34.789712],[61.00964,34.76098],[60.978014,34.74062],[60.959927,34.723205],[60.958687,34.699589],[60.961994,34.67375],[60.957964,34.649411],[60.947525,34.63799],[60.935846,34.635665],[60.922824,34.636543],[60.908871,34.634683],[60.895435,34.628327],[60.888924,34.62166],[60.883859,34.613702],[60.838488,34.570914],[60.818954,34.559907],[60.794046,34.554119],[60.739269,34.548022],[60.714361,34.537428],[60.699685,34.516396],[60.71033,34.515129],[60.718908,34.51115],[60.725316,34.504277],[60.733894,34.480429],[60.742783,34.473452],[60.767277,34.464151],[60.77937,34.455081],[60.789085,34.44348],[60.804898,34.417487],[60.879105,34.337647],[60.890474,34.318914],[60.815957,34.315271],[60.714361,34.310129],[60.643667,34.306641],[60.650592,34.28535],[60.634986,34.271217],[60.587443,34.250262],[60.552407,34.220057],[60.520884,34.186131],[60.492772,34.139028],[60.486778,34.094277],[60.488461,34.080927],[60.499387,33.994257],[60.528016,33.84145],[60.525845,33.80215],[60.494943,33.744117],[60.486881,33.71138],[60.511789,33.638387],[60.574834,33.587796],[60.655553,33.559891],[60.733894,33.554852],[60.807378,33.558159],[60.846032,33.555782],[60.879622,33.548703],[60.895125,33.541132],[60.911971,33.528446],[60.92086,33.514105],[60.919788,33.512571],[60.912075,33.501522],[60.897295,33.497026],[60.849856,33.494365],[60.832183,33.484495],[60.829289,33.470129],[60.832803,33.453463],[60.834664,33.436255],[60.829082,33.416282],[60.818644,33.404887],[60.785881,33.387782],[60.757046,33.366337],[60.719012,33.323032],[60.670332,33.267712],[60.615969,33.206191],[60.5676,33.151285],[60.561502,33.137307],[60.562949,33.058268],[60.577522,32.994344],[60.60615,32.912359],[60.64005,32.815517],[60.67488,32.715601],[60.711674,32.61031],[60.752291,32.494581],[60.79632,32.355907],[60.830323,32.248885],[60.828256,32.167443],[60.81482,32.087862],[60.808825,32.07117],[60.782677,32.042541],[60.774926,32.027194],[60.778336,32.021044],[60.786708,32.01691],[60.792599,32.011277],[60.784021,31.989263],[60.786088,31.978979],[60.791049,31.969161],[60.794976,31.958464],[60.796733,31.93676],[60.789292,31.874955],[60.791462,31.826534],[60.805311,31.733981],[60.792599,31.660084],[60.794976,31.636675],[60.809962,31.588357],[60.821744,31.494668],[60.855024,31.482731],[60.956,31.47007],[61.123535,31.449089],[61.125149,31.448887],[61.29479,31.427644],[61.490851,31.403097],[61.606259,31.388741],[61.661176,31.38191],[61.686911,31.373177],[61.706548,31.359844],[61.742308,31.32088],[61.749233,31.30238],[61.742308,31.259437],[61.742722,31.239541],[61.752437,31.219129],[61.779205,31.181095],[61.78768,31.158616],[61.789334,31.129315],[61.791814,31.118929],[61.809281,31.087148],[61.821477,31.054488],[61.826334,31.034593],[61.826438,31.014956],[61.819306,30.993923],[61.800186,30.961419],[61.804527,30.94974],[61.808351,30.881424],[61.802356,30.87853],[61.799876,30.871502],[61.798429,30.853467],[61.799773,30.852381],[61.802253,30.847059],[61.7852,30.831401],[61.702621,30.745515],[61.57622,30.613895],[61.461705,30.494522],[61.380367,30.41029],[61.272156,30.298307],[61.215622,30.239706],[61.133043,30.154285],[60.978427,29.994398],[60.978117,29.994139],[60.902153,29.916883],[60.844379,29.858179],[60.925097,29.77498],[60.978014,29.720616],[61.043333,29.652429],[61.118677,29.573984],[61.196915,29.492284],[61.279184,29.40663],[61.298718,29.392651],[61.319802,29.385391],[61.337372,29.374384],[61.34657,29.349062],[61.34471,29.329529],[61.332824,29.294492],[61.332824,29.274907],[61.342333,29.25452],[61.374165,29.22385],[61.386981,29.206642],[61.390082,29.195428],[61.392769,29.170469],[61.397937,29.159074],[61.408582,29.148558],[61.417677,29.145664],[61.426875,29.14463],[61.437727,29.139618],[61.447959,29.125407],[61.45323,29.108379],[61.460879,29.093884],[61.478035,29.087476],[61.48775,29.080655],[61.490644,29.072025],[61.487234,29.06293],[61.478035,29.054326],[61.4708,29.047866],[61.46801,29.041743],[61.470284,29.035903],[61.478035,29.030658],[61.490954,29.02549],[61.502116,29.017713],[61.510901,29.007378],[61.553173,28.922138],[61.55896,28.902733],[61.561338,28.885938],[61.566505,28.870978],[61.595341,28.842685],[61.623969,28.78765],[61.653012,28.756334],[61.756158,28.673961],[61.797706,28.626574],[61.861164,28.574769],[61.89279,28.5426],[61.91129,28.533737],[61.971132,28.518984],[62.018829,28.494696],[62.049111,28.486324],[62.115567,28.481363],[62.147503,28.475266],[62.230702,28.442451],[62.362787,28.418887],[62.390538,28.406123],[62.402165,28.394108],[62.410743,28.380698],[62.420975,28.368554],[62.437201,28.360441],[62.453841,28.355686],[62.46428,28.349821],[62.471204,28.339692],[62.477716,28.322303],[62.492288,28.300703],[62.555437,28.240319],[62.575643,28.229027],[62.739302,28.258328],[62.761523,28.246442],[62.76638,28.211483],[62.751704,28.108725],[62.735684,27.994985],[62.754185,27.925842],[62.780281,27.829724],[62.786379,27.77027],[62.794699,27.689474],[62.799712,27.63927],[62.809323,27.547054],[62.814698,27.494964],[62.8086,27.453364],[62.756045,27.348099],[62.775682,27.326912],[62.780643,27.31606],[62.778783,27.299833],[62.774132,27.285519],[62.768086,27.274357],[62.758215,27.267691],[62.742351,27.266812],[62.785604,27.232499],[62.800642,27.225161],[62.808548,27.225368],[62.822294,27.232499],[62.829322,27.233636],[62.837384,27.231259],[62.860845,27.219632],[62.892419,27.213482],[62.919601,27.214877],[62.97784,27.225161],[63.003782,27.228778],[63.056182,27.243196],[63.082743,27.244385],[63.099435,27.242834],[63.112302,27.243196],[63.166976,27.258699],[63.177105,27.258441],[63.189559,27.254462],[63.215448,27.233223],[63.226817,27.22697],[63.251519,27.21896],[63.260614,27.213792],[63.271259,27.203405],[63.285573,27.184647],[63.319628,27.117312],[63.30242,27.123358],[63.280561,27.123203],[63.260924,27.115607],[63.249968,27.099536],[63.246248,27.089459],[63.235602,27.075868],[63.231365,27.065843],[63.229918,27.05406],[63.234982,26.941147],[63.243974,26.92244],[63.25648,26.906162],[63.264851,26.890039],[63.261647,26.871746],[63.246661,26.85955],[63.206043,26.853711],[63.189559,26.846011],[63.182272,26.83025],[63.174314,26.685039],[63.163772,26.645093],[63.141344,26.625404],[63.131268,26.625818],[63.123464,26.629435],[63.11623,26.634034],[63.1076,26.6376],[63.09804,26.638375],[63.068894,26.632536],[63.029413,26.633518],[62.990449,26.638892],[62.900016,26.640907],[62.821674,26.642613],[62.753564,26.644163],[62.742712,26.641321],[62.735064,26.632226],[62.724729,26.615121],[62.718011,26.610522],[62.71057,26.606904],[62.70194,26.60401],[62.671037,26.597706],[62.662511,26.598274],[62.651349,26.603183],[62.6406,26.605147],[62.632022,26.600393],[62.624115,26.592952],[62.615795,26.587112],[62.595331,26.580704],[62.428003,26.564788],[62.418495,26.562307],[62.41064,26.55683],[62.402475,26.543807],[62.396687,26.539053],[62.386352,26.536624],[62.365268,26.537503],[62.355863,26.536624],[62.347594,26.533317],[62.334675,26.524842],[62.32651,26.520656],[62.306977,26.51368],[62.298295,26.508771],[62.291991,26.501226],[62.29013,26.492441],[62.293127,26.485878],[62.296952,26.480245],[62.297882,26.474044],[62.287546,26.456629],[62.256127,26.428931],[62.248996,26.416528],[62.254474,26.393584],[62.26424,26.375187],[62.265119,26.360976],[62.243415,26.350641],[62.205898,26.355343],[62.161456,26.369503],[62.123835,26.373999],[62.106886,26.349711],[62.103268,26.325113],[62.094173,26.314829],[62.05278,26.308576],[62.032265,26.302892],[62.013661,26.294624],[61.977746,26.273178],[61.857133,26.242379],[61.832949,26.225377],[61.818376,26.198454],[61.809901,26.167448],[61.800703,26.106625],[61.792745,26.052829],[61.783236,25.990611],[61.770627,25.907412],[61.760085,25.837597],[61.754504,25.819975],[61.739311,25.803284],[61.721948,25.799667],[61.702621,25.80008],[61.681434,25.795481],[61.66035,25.769178],[61.665311,25.732384],[61.676369,25.6928],[61.673475,25.65828],[61.667171,25.650477],[61.652495,25.637299],[61.646604,25.627687],[61.643193,25.613321],[61.639059,25.554927],[61.633064,25.469299],[61.626036,25.36977],[61.620042,25.285486],[61.588227,25.202094],[61.581879,25.216702],[61.579763,25.233466],[61.562348,25.244818],[61.559255,25.250963],[61.554454,25.254096],[61.544688,25.248277],[61.54184,25.24258],[61.540375,25.226508],[61.537283,25.220364],[61.542817,25.215644],[61.552745,25.205064],[61.55836,25.200507],[61.536957,25.202704],[61.520763,25.208645],[61.504242,25.208808],[61.482595,25.193671],[61.506196,25.186835],[61.515961,25.181871],[61.524181,25.173163],[61.518809,25.16352],[61.503184,25.14525],[61.498546,25.13467],[61.498546,25.129381],[61.497406,25.125434],[61.489513,25.118598],[61.475108,25.11164],[61.420584,25.096869],[61.435069,25.087714],[61.411717,25.059408],[61.24353,25.111886],[61.185068,25.123249],[61.185476,25.139608],[61.170269,25.16444],[61.03061,25.209784],[60.86671,25.234605],[60.727712,25.26439],[60.633474,25.27497],[60.616954,25.283189],[60.632335,25.296088],[60.608165,25.327582],[60.604991,25.341051],[60.604747,25.397162],[60.601573,25.405951],[60.565196,25.438625],[60.549653,25.446926],[60.532074,25.44892],[60.514171,25.447333],[60.445649,25.428168],[60.428477,25.419623],[60.418956,25.405992],[60.403331,25.388861],[60.395274,25.377875],[60.39503,25.371324],[60.398123,25.364976],[60.402029,25.344672],[60.406912,25.341946],[60.413748,25.341295],[60.424815,25.336371],[60.433442,25.336493],[60.437673,25.33393],[60.441661,25.327582],[60.452207,25.317385],[60.441254,25.318793],[60.441091,25.316596],[60.470063,25.303087],[60.467246,25.290276],[60.455645,25.29279],[60.423523,25.304965],[60.382823,25.320258],[60.362559,25.330552],[60.319223,25.329851],[60.290294,25.351304],[60.299653,25.367255],[60.303966,25.371161],[60.289399,25.377183],[60.271251,25.379584],[60.235037,25.377997],[60.207367,25.373114],[60.201508,25.371161],[60.192556,25.362006],[60.192556,25.356147],[60.195079,25.351223],[60.215974,25.33828],[60.20921,25.319689],[60.181977,25.319892],[60.161876,25.331977],[60.15089,25.335273],[60.11671,25.33983],[60.108897,25.34512],[60.097911,25.35814],[60.082038,25.36595],[60.045325,25.363858],[59.994423,25.35685],[59.940823,25.354911],[59.903806,25.329863],[59.861696,25.343057],[59.819865,25.379201],[59.774873,25.389869],[59.659134,25.383361],[59.613997,25.383777],[59.53799,25.39975],[59.490443,25.443467],[59.453902,25.461607],[59.397288,25.451846],[59.279145,25.434719],[59.251069,25.430732],[59.195323,25.422919],[59.138357,25.398505],[59.117198,25.394192],[59.108735,25.395697],[59.101329,25.402248],[59.094086,25.406399],[59.08546,25.404608],[59.076182,25.400702],[59.066905,25.398505],[59.043956,25.399604],[59.024181,25.403225],[59.007335,25.409735],[58.994314,25.419623],[58.94809,25.486518],[58.923513,25.513373],[58.884451,25.529486],[58.84962,25.528795],[58.840343,25.532904],[58.834158,25.542385],[58.830577,25.552314],[58.825206,25.56037],[58.813731,25.563625],[58.728038,25.563625],[58.546397,25.593655],[58.484141,25.584662],[58.430512,25.587958],[58.411794,25.596015],[58.418956,25.612006],[58.389659,25.610297],[58.357595,25.60456],[58.344086,25.598131],[58.321056,25.580797],[58.305919,25.577297],[58.299001,25.57982],[58.295584,25.583889],[58.290701,25.583726],[58.278982,25.573879],[58.271007,25.568671],[58.260753,25.565741],[58.251964,25.56684],[58.248302,25.573879],[58.242442,25.571438],[58.207286,25.549302],[58.170421,25.544094],[58.137869,25.549791],[58.106212,25.558905],[58.07309,25.563625],[58.046235,25.574937],[58.024181,25.601874],[57.994314,25.659166],[57.963227,25.693183],[57.925304,25.701321],[57.884044,25.691636],[57.843516,25.672838],[57.809418,25.647773],[57.787446,25.635443],[57.771739,25.635565],[57.77589,25.679674],[57.779796,25.691148],[57.782481,25.696112],[57.783051,25.699774],[57.781505,25.707587],[57.771251,25.730455],[57.755626,25.742743],[57.734711,25.747707],[57.709727,25.748521],[57.687185,25.746405],[57.631847,25.734931],[57.61964,25.737006],[57.598806,25.746405],[57.587169,25.748521],[57.575694,25.747504],[57.555837,25.742825],[57.545584,25.741767],[57.520681,25.743557],[57.452485,25.762885],[57.459972,25.769029],[57.326182,25.777004],[57.311534,25.784125],[57.304373,25.79975],[57.298676,25.8487],[57.274425,25.8994],[57.261974,25.939887],[57.253591,25.95897],[57.243663,25.967027],[57.242035,25.970893],[57.219737,25.995022],[57.215343,25.995836],[57.202647,25.993883],[57.198578,25.995022],[57.196788,25.999172],[57.194102,26.010972],[57.180512,26.046861],[57.176524,26.063544],[57.166759,26.082994],[57.164561,26.094916],[57.170909,26.115627],[57.201996,26.146226],[57.212901,26.166246],[57.199229,26.198188],[57.133067,26.263739],[57.138438,26.290432],[57.131033,26.296617],[57.125255,26.341864],[57.118175,26.364325],[57.107107,26.38227],[57.087901,26.398993],[57.083181,26.40648],[57.080333,26.415351],[57.076671,26.438218],[57.076345,26.447455],[57.093435,26.572211],[57.090017,26.618801],[57.024913,26.850979],[57.011241,26.868883],[56.977306,26.895331],[56.96518,26.911119],[56.966482,26.927232],[56.93572,26.945543],[56.925548,26.955146],[56.940115,26.954291],[56.95102,26.958157],[56.961111,26.963853],[56.973318,26.968817],[56.964854,26.975653],[56.963552,26.985053],[56.967052,26.994818],[56.973318,27.002997],[56.942556,26.991116],[56.932384,26.989325],[56.923106,26.9914],[56.917247,26.99608],[56.913097,27.0008],[56.908214,27.002997],[56.903087,27.006415],[56.897797,27.013007],[56.89088,27.017035],[56.871349,27.00845],[56.865489,27.011868],[56.862966,27.020087],[56.863455,27.03026],[56.850597,27.027655],[56.843761,27.032904],[56.844086,27.040229],[56.853526,27.043931],[56.858409,27.047431],[56.875987,27.064399],[56.884613,27.070624],[56.884613,27.07807],[56.855317,27.081692],[56.831391,27.096137],[56.815196,27.117011],[56.808849,27.139553],[56.797211,27.12934],[56.784434,27.125312],[56.757335,27.12523],[56.742361,27.129584],[56.733084,27.139228],[56.725597,27.14883],[56.716075,27.153144],[56.612315,27.154242],[56.589692,27.160631],[56.582856,27.153144],[56.558604,27.165188],[56.528575,27.170722],[56.466156,27.173651],[56.436534,27.17886],[56.384125,27.197496],[56.353038,27.201606],[56.291189,27.198472],[56.259613,27.19123],[56.236583,27.177069],[56.21518,27.167873],[56.150157,27.165351],[56.123709,27.160631],[56.115571,27.155748],[56.098888,27.141018],[56.095551,27.136135],[56.093516,27.125556],[56.088145,27.122219],[56.080414,27.120754],[56.071788,27.115627],[56.054535,27.102607],[55.987315,27.066352],[55.963145,27.048041],[55.962738,27.043931],[55.95753,27.040758],[55.939301,27.026679],[55.928396,27.023424],[55.8838,27.018744],[55.842459,27.009752],[55.831798,27.008734],[55.79835,27.009752],[55.787283,27.007717],[55.772472,26.998277],[55.763682,26.996161],[55.726329,26.996161],[55.694835,27.002753],[55.684825,27.002997],[55.665863,26.995429],[55.632335,26.967515],[55.61964,26.961371],[55.608572,26.953681],[55.554454,26.899888],[55.568858,26.90412],[55.575043,26.907172],[55.582367,26.91356],[55.586436,26.889065],[55.580414,26.859117],[55.568533,26.830797],[55.554454,26.810533],[55.521739,26.784573],[55.48406,26.767524],[55.442231,26.759914],[55.397309,26.762152],[55.316742,26.787095],[55.270844,26.792548],[55.232921,26.776435],[55.221039,26.757392],[55.215587,26.739488],[55.205903,26.726386],[55.181651,26.721177],[55.16212,26.719143],[55.118175,26.707587],[55.103282,26.701321],[55.037934,26.648912],[55.026866,26.642646],[54.930675,26.572659],[54.822032,26.515774],[54.815196,26.510443],[54.80893,26.503852],[54.801524,26.498236],[54.791026,26.495836],[54.778494,26.49787],[54.761567,26.506822],[54.749685,26.508938],[54.663829,26.502021],[54.619965,26.508246],[54.602875,26.530992],[54.590587,26.559963],[54.56129,26.584662],[54.516612,26.592515],[54.425629,26.589342],[54.389415,26.605129],[54.37143,26.630845],[54.356619,26.662828],[54.337738,26.693427],[54.308116,26.714993],[54.286876,26.718655],[54.266856,26.715766],[54.247569,26.710842],[54.171397,26.706122],[54.150401,26.708197],[54.081716,26.726142],[54.064464,26.728583],[54.053722,26.731635],[54.034516,26.745307],[54.026215,26.749091],[54.015798,26.749457],[53.995128,26.745592],[53.929373,26.718004],[53.883474,26.712348],[53.842784,26.702094],[53.820811,26.701321],[53.776134,26.71426],[53.75172,26.716051],[53.728282,26.704739],[53.716075,26.708564],[53.663829,26.749091],[53.588634,26.788764],[53.491547,26.854315],[53.477224,26.870103],[53.471446,26.889635],[53.469086,26.937201],[53.461111,26.957099],[53.444102,26.975653],[53.41212,26.993557],[53.072032,27.096869],[53.050141,27.098578],[53.028656,27.104071],[53.01531,27.117336],[53.004731,27.133246],[52.992198,27.146959],[52.932628,27.160346],[52.92335,27.170233],[52.914724,27.191962],[52.894298,27.20307],[52.848318,27.215277],[52.767751,27.279731],[52.732188,27.301337],[52.678803,27.322374],[52.601329,27.352932],[52.58074,27.37226],[52.579112,27.392768],[52.588552,27.405504],[52.605235,27.412055],[52.62615,27.413886],[52.644867,27.413316],[52.666515,27.415351],[52.678966,27.425279],[52.670095,27.448635],[52.654145,27.460883],[52.613536,27.474677],[52.598399,27.485826],[52.590505,27.497748],[52.574474,27.530585],[52.567638,27.540717],[52.492524,27.609442],[52.459646,27.632636],[52.423106,27.646633],[52.244884,27.681383],[52.207205,27.698228],[52.089203,27.795396],[52.052582,27.817369],[52.011241,27.832709],[51.963715,27.838446],[51.894298,27.830878],[51.878429,27.835354],[51.85963,27.845893],[51.823864,27.843597],[51.785295,27.835454],[51.722799,27.825117],[51.683443,27.830581],[51.596934,27.846666],[51.585134,27.849311],[51.580089,27.85578],[51.578868,27.865302],[51.575531,27.872789],[51.570323,27.877631],[51.539135,27.881627],[51.496424,27.893041],[51.475096,27.91348],[51.452077,27.947515],[51.428156,27.961147],[51.420405,27.933201],[51.399876,27.931713],[51.380271,27.991418],[51.36061,28.016378],[51.345222,28.052669],[51.30753,28.107132],[51.290369,28.121519],[51.269759,28.140454],[51.264822,28.160549],[51.286876,28.214301],[51.28533,28.240912],[51.264822,28.270453],[51.229991,28.298407],[51.217621,28.311428],[51.182384,28.359768],[51.149425,28.39053],[51.141856,28.400784],[51.08074,28.533922],[51.07252,28.565253],[51.071544,28.692694],[51.058849,28.735907],[51.036388,28.772528],[51.010916,28.79914],[50.978689,28.816636],[50.936534,28.825344],[50.896007,28.827338],[50.87615,28.832017],[50.867686,28.842678],[50.860037,28.862454],[50.812999,28.9147],[50.804861,28.93358],[50.798839,28.961127],[50.802582,28.985826],[50.823253,28.996649],[50.842784,28.990668],[50.862478,28.976142],[50.878917,28.957994],[50.888682,28.941392],[50.899262,28.949449],[50.89796,28.956732],[50.893403,28.965033],[50.894867,28.976142],[50.902029,28.983385],[50.922211,28.999213],[50.928966,29.00967],[50.932384,29.03148],[50.929942,29.054633],[50.920177,29.069037],[50.901703,29.064887],[50.893321,29.093899],[50.886567,29.104071],[50.87436,29.113267],[50.868337,29.112047],[50.859141,29.107815],[50.850841,29.105455],[50.847179,29.109931],[50.845958,29.126858],[50.844005,29.135199],[50.840343,29.140611],[50.816417,29.144192],[50.738292,29.140082],[50.720225,29.137193],[50.693696,29.12344],[50.665863,29.12641],[50.643809,29.143459],[50.634939,29.171332],[50.633067,29.195502],[50.635753,29.207709],[50.644786,29.219794],[50.651866,29.233344],[50.658376,29.249945],[50.667491,29.25727],[50.682628,29.243069],[50.687022,29.283881],[50.689464,29.290839],[50.679861,29.293647],[50.673595,29.299628],[50.661469,29.318793],[50.66863,29.343329],[50.668224,29.38227],[50.663097,29.421942],[50.655284,29.449123],[50.6421,29.469794],[50.622732,29.493069],[50.607432,29.499498],[50.606944,29.469631],[50.601085,29.480658],[50.572765,29.518012],[50.52003,29.555976],[50.511404,29.568915],[50.504568,29.586086],[50.48878,29.605373],[50.456065,29.634101],[50.396983,29.654731],[50.387869,29.665107],[50.381602,29.685004],[50.367035,29.704088],[50.340017,29.730292],[50.313324,29.763983],[50.267914,29.836371],[50.243826,29.866848],[50.225108,29.881171],[50.183849,29.903144],[50.144867,29.938056],[50.141368,29.942572],[50.138438,29.954657],[50.137543,29.972968],[50.133962,29.983547],[50.149669,29.985175],[50.153331,29.991034],[50.147472,29.998236],[50.133962,30.004055],[50.144786,30.037909],[50.121837,30.09455],[50.127696,30.120673],[50.113617,30.130316],[50.097911,30.148505],[50.084727,30.168891],[50.079356,30.185248],[50.073416,30.195746],[50.058849,30.204576],[50.050629,30.207343],[50.024099,30.216254],[49.988292,30.219916],[49.95102,30.215033],[49.914561,30.203925],[49.600759,30.030097],[49.564464,30.016832],[49.532237,30.022935],[49.50408,30.058661],[49.501638,30.074897],[49.501231,30.120063],[49.493419,30.137437],[49.486176,30.146389],[49.483653,30.151801],[49.479828,30.156073],[49.469086,30.161689],[49.459321,30.165188],[49.44988,30.167182],[49.428233,30.168524],[49.417654,30.167467],[49.396007,30.162787],[49.383962,30.161689],[49.372813,30.163764],[49.358409,30.173163],[49.349946,30.175279],[49.329275,30.172268],[49.29184,30.158515],[49.271251,30.154853],[49.245128,30.15648],[49.235688,30.165107],[49.237071,30.206366],[49.23406,30.209418],[49.220225,30.217922],[49.215994,30.223782],[49.215505,30.229193],[49.215994,30.244208],[49.21754,30.251776],[49.22169,30.258205],[49.221202,30.264553],[49.209158,30.27147],[49.20338,30.254462],[49.192882,30.237738],[49.178477,30.225898],[49.161388,30.223782],[49.143321,30.233547],[49.134776,30.246324],[49.124034,30.256415],[49.1067,30.257799],[49.083507,30.264838],[49.017345,30.298285],[49.003673,30.309394],[48.997081,30.34162],[48.979503,30.361762],[48.953298,30.373521],[48.921153,30.380764],[48.931814,30.397162],[48.948578,30.401068],[48.989431,30.395006],[49.010753,30.395941],[49.043712,30.405666],[49.062022,30.408108],[49.082367,30.403795],[49.123383,30.385077],[49.137462,30.380764],[49.159679,30.378852],[49.176443,30.372748],[49.189952,30.362209],[49.202891,30.346625],[49.208751,30.360093],[49.227712,30.389228],[49.257172,30.421861],[49.262869,30.432563],[49.263845,30.449652],[49.243175,30.446031],[49.228282,30.454413],[49.219005,30.469794],[49.211192,30.506334],[49.199392,30.501614],[49.183849,30.487047],[49.168224,30.476996],[49.169688,30.489732],[49.171153,30.493109],[49.175059,30.497463],[49.166759,30.508775],[49.158214,30.506985],[49.14796,30.500393],[49.134044,30.497463],[49.128103,30.501125],[49.116954,30.514879],[49.110118,30.517971],[49.10377,30.516832],[49.094412,30.512193],[49.089366,30.511135],[49.069347,30.513821],[49.05128,30.518378],[49.034353,30.519273],[49.017345,30.511135],[48.981456,30.515611],[48.952973,30.50019],[48.945649,30.479722],[48.972667,30.469468],[49.004405,30.464016],[49.02947,30.450263],[49.037283,30.432522],[49.017345,30.414944],[49.000499,30.415188],[48.946462,30.421576],[48.934825,30.418647],[48.880138,30.374579],[48.87615,30.370103],[48.867361,30.3581],[48.862315,30.345608],[48.873709,30.336656],[48.86964,30.329495],[48.863048,30.321519],[48.85963,30.31623],[48.867035,30.294745],[48.884532,30.279364],[48.904796,30.266018],[48.921153,30.250434],[48.929535,30.232652],[48.936046,30.21011],[48.941661,30.165107],[48.939708,30.152533],[48.930837,30.131985],[48.927989,30.120673],[48.928559,30.110053],[48.934255,30.09101],[48.934825,30.079739],[48.928559,30.060004],[48.915294,30.042182],[48.897227,30.029446],[48.87672,30.024482],[48.808849,30.03144],[48.791352,30.024482],[48.771983,30.032375],[48.701996,30.031928],[48.659516,30.052232],[48.643321,30.055406],[48.640636,30.038072],[48.645518,30.026109],[48.658946,30.00727],[48.661632,29.993476],[48.658702,29.983629],[48.651378,29.975002],[48.642345,29.967963],[48.6338,29.963039],[48.61085,29.957017],[48.537446,29.963039],[48.537446,29.969875],[48.532074,29.963813],[48.531016,29.96133],[48.523994,29.964115],[48.49304,29.971763],[48.478157,29.979618],[48.464307,29.989127],[48.457796,29.994863],[48.453145,30.001426],[48.444257,30.020908],[48.44219,30.03393],[48.423948,30.083643],[48.421209,30.085348],[48.415525,30.095632],[48.395578,30.115217],[48.383072,30.13842],[48.381108,30.145345],[48.383279,30.156455],[48.391134,30.164775],[48.400745,30.172268],[48.408032,30.180898],[48.410616,30.191543],[48.408704,30.202344],[48.403588,30.212524],[48.397025,30.220999],[48.358164,30.251798],[48.326021,30.283476],[48.305713,30.312828],[48.296359,30.319753],[48.284267,30.323318],[48.271658,30.323835],[48.235071,30.318512],[48.222979,30.318099],[48.211196,30.319649],[48.200086,30.323938],[48.192076,30.331276],[48.187684,30.340836],[48.179467,30.384865],[48.170475,30.406672],[48.15766,30.426309],[48.140916,30.441916],[48.130581,30.447497],[48.119419,30.450804],[48.013586,30.463878],[48.012035,30.494522],[48.015446,30.97625],[48.012242,30.989066],[48.001545,30.994647],[47.672935,30.994698],[47.676443,31.236517],[47.678929,31.407851],[47.831323,31.761835],[47.837266,31.784469],[47.834475,31.805708],[47.820781,31.823588],[47.781352,31.848858],[47.76528,31.864103],[47.761715,31.871647],[47.756547,31.889166],[47.750966,31.898209],[47.743318,31.904255],[47.725231,31.914332],[47.71841,31.922342],[47.68265,31.976912],[47.677947,31.994534],[47.677947,31.994689],[47.668077,32.012414],[47.633144,32.026935],[47.617796,32.04187],[47.595007,32.085433],[47.580232,32.103495],[47.578057,32.106155],[47.55873,32.112976],[47.54364,32.114578],[47.534752,32.123157],[47.52669,32.133389],[47.513823,32.140313],[47.498165,32.144137],[47.491344,32.148633],[47.490413,32.15654],[47.492481,32.170492],[47.496408,32.181344],[47.502351,32.190129],[47.507673,32.199844],[47.509224,32.213797],[47.504004,32.226742],[47.484522,32.239351],[47.479148,32.252063],[47.469433,32.25612],[47.463025,32.26183],[47.445352,32.28263],[47.441579,32.288185],[47.436877,32.293689],[47.407059,32.31777],[47.40246,32.323506],[47.395794,32.33702],[47.395949,32.34198],[47.39998,32.345779],[47.408765,32.364331],[47.414346,32.36986],[47.417963,32.376423],[47.416413,32.387973],[47.410832,32.395285],[47.384115,32.41257],[47.36732,32.430761],[47.356106,32.446186],[47.343342,32.458692],[47.321948,32.468226],[47.265311,32.484685],[47.251255,32.48546],[47.20547,32.46404],[47.187796,32.458382],[47.152553,32.455178],[47.12103,32.461043],[47.090593,32.474556],[47.058657,32.4944],[47.058605,32.494478],[47.058398,32.494478],[46.757332,32.716195],[46.715887,32.756012],[46.650361,32.789369],[46.604421,32.820685],[46.600613,32.822541],[46.507321,32.868021],[46.479312,32.891792],[46.379629,32.931764],[46.273433,32.959488],[46.15556,32.948352],[46.09701,32.95432],[46.075719,32.994344],[46.075719,32.994499],[46.088018,33.00672],[46.104658,33.018063],[46.119489,33.031008],[46.126156,33.047984],[46.12042,33.061678],[46.106002,33.072504],[46.087192,33.079222],[46.043267,33.08346],[46.029314,33.093511],[46.030296,33.105681],[46.050398,33.115112],[46.072412,33.116765],[46.089155,33.11568],[46.105382,33.118393],[46.126466,33.131777],[46.153441,33.154256],[46.167187,33.168338],[46.174318,33.18118],[46.173698,33.190223],[46.162122,33.196373],[46.157678,33.205675],[46.15835,33.213865],[46.164396,33.233063],[46.164189,33.243347],[46.155301,33.260219],[46.141349,33.272105],[46.109516,33.293705],[46.069725,33.34086],[46.036239,33.367939],[46.031071,33.382511],[46.030503,33.399203],[46.027454,33.419512],[46.019392,33.438399],[46.008023,33.455659],[45.974434,33.490799],[45.971385,33.492763],[45.968232,33.494236],[45.964487,33.495991],[45.963272,33.496561],[45.958156,33.497388],[45.953143,33.496587],[45.948182,33.494262],[45.929682,33.479508],[45.899399,33.476304],[45.869737,33.482118],[45.852581,33.494365],[45.868187,33.511573],[45.915626,33.535809],[45.927925,33.550873],[45.920897,33.572991],[45.89971,33.58516],[45.882036,33.600198],[45.885964,33.63092],[45.864363,33.626424],[45.815787,33.625804],[45.797545,33.619319],[45.768451,33.595909],[45.752018,33.586762],[45.734552,33.583119],[45.72773,33.590096],[45.727989,33.625649],[45.72463,33.633036],[45.721116,33.640764],[45.673987,33.669031],[45.658794,33.681692],[45.645151,33.697918],[45.635126,33.714171],[45.628202,33.731844],[45.623912,33.752075],[45.616729,33.768689],[45.603604,33.78073],[45.588204,33.791504],[45.574768,33.803933],[45.485781,33.938653],[45.483921,33.940048],[45.481751,33.940875],[45.47927,33.941185],[45.449711,33.937387],[45.423718,33.938782],[45.401032,33.949453],[45.380361,33.97356],[45.401755,33.981622],[45.411471,33.987151],[45.419739,33.994257],[45.419946,33.994257],[45.419946,33.99436],[45.43519,34.022136],[45.443613,34.047664],[45.454879,34.06986],[45.47927,34.087636],[45.493946,34.100685],[45.534357,34.128202],[45.544537,34.139494],[45.544537,34.15063],[45.538801,34.159234],[45.531463,34.167916],[45.526657,34.17931],[45.528673,34.18856],[45.542729,34.207474],[45.54769,34.216491],[45.561022,34.264602],[45.563038,34.289278],[45.55756,34.311964],[45.542212,34.331601],[45.521541,34.342504],[45.499217,34.342401],[45.47927,34.329146],[45.46077,34.340463],[45.447954,34.36209],[45.417052,34.444359],[45.426767,34.45751],[45.47927,34.467251],[45.486505,34.472729],[45.493016,34.479008],[45.4987,34.486242],[45.503455,34.494175],[45.50485,34.523785],[45.49653,34.564248],[45.500664,34.591688],[45.539628,34.582231],[45.573941,34.567297],[45.604844,34.561147],[45.673573,34.556652],[45.695588,34.550244],[45.70153,34.551277],[45.705613,34.557737],[45.7083,34.568382],[45.708558,34.579079],[45.705613,34.58559],[45.694451,34.598561],[45.691247,34.615511],[45.690782,34.634321],[45.687629,34.653235],[45.683495,34.660211],[45.678379,34.66512],[45.67347,34.671166],[45.67037,34.681812],[45.666856,34.689977],[45.659517,34.697211],[45.650526,34.702999],[45.642258,34.706875],[45.627375,34.720828],[45.635023,34.736951],[45.662825,34.763254],[45.665925,34.774726],[45.6636,34.794932],[45.666752,34.80692],[45.676571,34.818289],[45.689231,34.82263],[45.717705,34.825111],[45.745404,34.840975],[45.750468,34.865367],[45.748504,34.89074],[45.755119,34.909963],[45.77827,34.910893],[45.796202,34.903064],[45.808036,34.897871],[45.835011,34.890171],[45.850203,34.906811],[45.857852,34.931306],[45.866327,34.949547],[45.868962,34.968358],[45.859712,34.994248],[45.859712,34.994403],[45.856818,35.008045],[45.857025,35.021274],[45.861882,35.032798],[45.872476,35.041428],[45.879039,35.043237],[45.893095,35.044374],[45.899089,35.046906],[45.901156,35.051608],[45.898366,35.063907],[45.899399,35.06861],[45.913197,35.087317],[45.920173,35.089642],[45.934953,35.085456],[45.956037,35.074243],[45.966372,35.070729],[45.97924,35.071555],[46.009212,35.06091],[46.025077,35.064269],[46.039753,35.075535],[46.066573,35.088815],[46.07665,35.089694],[46.09453,35.085818],[46.119954,35.092743],[46.132357,35.094758],[46.143106,35.099512],[46.151064,35.111605],[46.130393,35.131397],[46.143829,35.159612],[46.165481,35.189946],[46.169254,35.216249],[46.154164,35.226636],[46.115407,35.226326],[46.101454,35.234285],[46.098767,35.250046],[46.107655,35.262758],[46.120058,35.274902],[46.125285,35.284989],[46.127396,35.289062],[46.120161,35.318517],[46.096287,35.341151],[46.040993,35.381562],[45.977017,35.46533],[45.963995,35.494165],[45.963582,35.503415],[45.966062,35.511477],[45.971333,35.51804],[45.97924,35.523001],[45.983219,35.52698],[45.984562,35.531062],[45.983115,35.5353],[45.97924,35.539486],[45.968026,35.558503],[45.959344,35.578708],[45.963892,35.579742],[45.968698,35.579742],[45.999238,35.572145],[46.002029,35.585943],[45.992314,35.62439],[45.992365,35.640875],[45.995879,35.658393],[46.003786,35.674258],[46.016498,35.68573],[46.037065,35.691569],[46.107035,35.689812],[46.127603,35.693688],[46.177729,35.715392],[46.217003,35.713583],[46.23788,35.715547],[46.253486,35.727743],[46.267129,35.744124],[46.297515,35.759886],[46.313379,35.771513],[46.325058,35.787843],[46.327074,35.8035],[46.319632,35.816885],[46.302992,35.826548],[46.281392,35.828305],[46.263512,35.821122],[46.246407,35.811407],[46.227441,35.805723],[46.184963,35.798178],[46.163518,35.797506],[46.143364,35.804534],[46.135199,35.810012],[46.129101,35.815541],[46.124812,35.822466],[46.119851,35.842878],[46.115045,35.846444],[46.107759,35.847425],[46.07696,35.856986],[46.060423,35.857244],[46.0443,35.852283],[46.024973,35.843291],[46.004923,35.837969],[45.941257,35.840346],[45.909115,35.831302],[45.898779,35.832181],[45.888496,35.834868],[45.878315,35.83523],[45.854079,35.818332],[45.834752,35.810528],[45.814185,35.80934],[45.797907,35.818383],[45.786745,35.820244],[45.749021,35.810994],[45.731038,35.815128],[45.718739,35.828305],[45.69321,35.879878],[45.646857,35.933208],[45.617039,35.955429],[45.589858,35.959615],[45.576939,35.96623],[45.53999,35.99398],[45.501424,36.005435],[45.47927,36.012015],[45.453122,36.011653],[45.419946,35.998269],[45.402169,35.994238],[45.401962,35.994083],[45.401859,35.994031],[45.401549,35.99398],[45.381808,35.982973],[45.359587,35.976875],[45.33809,35.979304],[45.32052,35.99398],[45.320313,35.994031],[45.32021,35.994135],[45.32021,35.99429],[45.313699,36.010413],[45.31959,36.031032],[45.331889,36.051599],[45.344188,36.067464],[45.348322,36.087514],[45.33561,36.10772],[45.304604,36.140379],[45.299539,36.161411],[45.30202,36.207558],[45.297369,36.22673],[45.282796,36.238409],[45.264193,36.250192],[45.258508,36.262232],[45.282693,36.274893],[45.263934,36.294272],[45.25701,36.311687],[45.254478,36.354785],[45.24962,36.377936],[45.238871,36.402999],[45.221301,36.42093],[45.19598,36.422429],[45.139963,36.404394],[45.110817,36.402534],[45.083739,36.412817],[45.072266,36.423411],[45.068546,36.432506],[45.066892,36.442376],[45.062086,36.455347],[45.054076,36.464959],[45.045498,36.471625],[45.03909,36.479842],[45.03816,36.494001],[45.025344,36.505215],[45.009525,36.516196],[45.005914,36.518702],[44.991393,36.53374],[44.993408,36.549656],[44.997852,36.552085],[45.010255,36.556013],[45.013252,36.557925],[45.014182,36.579009],[45.024879,36.613167],[45.04431,36.64934],[45.045911,36.668047],[45.035266,36.689596],[45.010978,36.725563],[44.996199,36.741686],[44.979456,36.749024],[44.966433,36.749334],[44.954754,36.752331],[44.944419,36.758274],[44.935221,36.767111],[44.922715,36.775896],[44.908245,36.77786],[44.87724,36.776464],[44.851195,36.781219],[44.831248,36.791916],[44.823393,36.809331],[44.834141,36.834032],[44.869643,36.868965],[44.883441,36.886845],[44.888815,36.910926],[44.884061,36.933354],[44.874863,36.949658],[44.869178,36.967357],[44.874759,36.994022],[44.885715,37.005081],[44.887368,37.015933],[44.880754,37.024925],[44.858946,37.034123],[44.847577,37.044045],[44.840601,37.047197],[44.830938,37.046835],[44.811197,37.041926],[44.801895,37.043528],[44.797296,37.048489],[44.792232,37.063734],[44.788356,37.070245],[44.781121,37.074482],[44.773628,37.076343],[44.766549,37.078952],[44.760658,37.085644],[44.752699,37.103318],[44.752544,37.113136],[44.766135,37.14192],[44.772336,37.161247],[44.766135,37.178145],[44.75673,37.195198],[44.753526,37.215326],[44.760503,37.233232],[44.772957,37.241681],[44.786754,37.248115],[44.798485,37.260311],[44.801585,37.292686],[44.778951,37.313796],[44.721384,37.343277],[44.713012,37.356791],[44.707121,37.37095],[44.698026,37.380045],[44.661646,37.375653],[44.65224,37.384024],[44.638184,37.412601],[44.622785,37.421903],[44.585578,37.424668],[44.572142,37.430791],[44.565941,37.447173],[44.579273,37.476964],[44.575243,37.493837],[44.575243,37.493992],[44.56992,37.514404],[44.571832,37.539208],[44.578343,37.56391],[44.587438,37.584012],[44.583511,37.601091],[44.56098,37.614656],[44.540878,37.632717],[44.54527,37.663025],[44.553538,37.67181],[44.588162,37.693979],[44.598394,37.707028],[44.59612,37.716381],[44.559378,37.752012],[44.534418,37.769194],[44.506461,37.779349],[44.479228,37.776868],[44.466515,37.771132],[44.450496,37.766636],[44.43644,37.767799],[44.429102,37.779142],[44.429773,37.785137],[44.433752,37.801105],[44.433029,37.806117],[44.425484,37.810768],[44.418973,37.809683],[44.4121,37.807719],[44.4044,37.809735],[44.393238,37.821078],[44.387554,37.833402],[44.383833,37.844978],[44.377942,37.854125],[44.367142,37.860222],[44.331226,37.873968],[44.319238,37.876862],[44.254435,37.870842],[44.219605,37.875312],[44.202087,37.897171],[44.205006,37.904768],[44.206376,37.908333],[44.216711,37.918591],[44.225496,37.929314],[44.22467,37.942],[44.219657,37.956082],[44.221466,37.96882],[44.227564,37.98099],[44.236038,37.993832],[44.236142,37.994013],[44.245392,38.008379],[44.269525,38.030005],[44.27831,38.045327],[44.286578,38.066308],[44.29588,38.07902],[44.309006,38.087237],[44.328281,38.094627],[44.33381,38.10088],[44.325697,38.11969],[44.327092,38.128397],[44.335361,38.134056],[44.353137,38.139999],[44.360579,38.147853],[44.36709,38.162478],[44.373239,38.182115],[44.376702,38.201545],[44.372413,38.249501],[44.400576,38.274667],[44.43675,38.29694],[44.459177,38.322416],[44.458764,38.338333],[44.451116,38.354042],[44.438817,38.367556],[44.424657,38.377038],[44.409051,38.381793],[44.396339,38.379674],[44.363369,38.36461],[44.313398,38.371819],[44.29867,38.377194],[44.289524,38.382258],[44.286578,38.390991],[44.289885,38.407373],[44.290505,38.416597],[44.287405,38.441944],[44.287508,38.453726],[44.300169,38.494034],[44.301357,38.51119],[44.292159,38.56204],[44.29681,38.601624],[44.297017,38.622321],[44.289885,38.638883],[44.282547,38.645394],[44.274899,38.649373],[44.256812,38.653921],[44.244307,38.658959],[44.247407,38.665083],[44.256089,38.671956],[44.260481,38.679242],[44.255469,38.697277],[44.250508,38.709215],[44.248648,38.721824],[44.252678,38.741822],[44.279808,38.814221],[44.275002,38.843573],[44.221982,38.863443],[44.205756,38.875664],[44.192113,38.890754],[44.182502,38.91313],[44.178161,38.9207],[44.174854,38.928374],[44.17537,38.936694],[44.174647,38.945763],[44.167102,38.95199],[44.158007,38.957468],[44.151961,38.964625],[44.147775,38.980051],[44.144675,38.98682],[44.139197,38.993771],[44.139197,38.993952],[44.153356,39.012555],[44.169531,39.023046],[44.179143,39.034931],[44.169893,39.07436],[44.174957,39.090225],[44.194801,39.120533],[44.186636,39.145131],[44.148085,39.166448],[44.10354,39.184638],[44.077702,39.200063],[44.076565,39.208693],[44.08349,39.226832],[44.082663,39.235668],[44.070571,39.255486],[44.06716,39.264013],[44.066746,39.272953],[44.069227,39.279567],[44.069434,39.287009],[44.057651,39.306801],[44.05176,39.32804],[44.047395,39.337514],[44.047213,39.33791],[44.020961,39.361991],[44.014863,39.374084],[44.026025,39.386176],[44.046386,39.396046],[44.061372,39.400284],[44.076978,39.400594],[44.099199,39.398475],[44.122247,39.400439],[44.176507,39.411549],[44.200433,39.409482],[44.269525,39.382869],[44.29495,39.381215],[44.316964,39.385297],[44.368744,39.403591],[44.387967,39.414495],[44.404814,39.43439],[44.405227,39.452477],[44.401713,39.471339],[44.406674,39.493663],[44.406829,39.493714],[44.416803,39.505548],[44.417423,39.517486],[44.414012,39.530353],[44.412048,39.544461],[44.414012,39.560894],[44.41856,39.57433],[44.451684,39.625851],[44.457627,39.638719],[44.45825,39.64252],[44.460211,39.65448],[44.455043,39.687139],[44.459487,39.698457],[44.565734,39.765894],[44.590435,39.771527],[44.605835,39.763155],[44.63281,39.731633],[44.646504,39.719541],[44.706294,39.698043],[44.725724,39.685331],[44.806993,39.639902]]],[[[54.526378,26.309638],[54.533214,26.306789],[54.53891,26.30272],[54.543712,26.297349],[54.547374,26.290432],[54.526378,26.251939],[54.521007,26.250963],[54.509288,26.254218],[54.497569,26.259711],[54.492198,26.26557],[54.490896,26.278713],[54.488536,26.288723],[54.488129,26.298041],[54.492198,26.309638],[54.498383,26.317369],[54.506847,26.321234],[54.516449,26.319403],[54.526378,26.309638]]],[[[54.036876,26.48843],[53.963064,26.492174],[53.955414,26.49258],[53.923106,26.506537],[53.902843,26.5362],[53.912852,26.550198],[53.927582,26.560126],[53.945486,26.56509],[53.964854,26.564114],[53.9817,26.558905],[54.018809,26.555569],[54.033051,26.550442],[54.034923,26.546129],[54.035818,26.544013],[54.035818,26.543891],[54.035411,26.534857],[54.035574,26.533718],[54.036469,26.52676],[54.036632,26.526679],[54.043712,26.523179],[54.047944,26.519761],[54.050466,26.517768],[54.051362,26.51203],[54.052419,26.505805],[54.050141,26.499823],[54.048025,26.493842],[54.036876,26.48843]]],[[[53.317149,26.799994],[53.299083,26.790717],[53.279796,26.790676],[53.22283,26.799547],[53.205251,26.80622],[53.203136,26.80744],[53.189789,26.815172],[53.158458,26.838568],[53.149425,26.847886],[53.153331,26.8522],[53.160492,26.853705],[53.168468,26.85635],[53.178071,26.856879],[53.262462,26.833645],[53.337413,26.828681],[53.360688,26.820502],[53.37379,26.809801],[53.382009,26.803127],[53.367524,26.799628],[53.329112,26.802558],[53.317149,26.799994]]],[[[56.322276,26.834418],[56.326834,26.86107],[56.341156,26.87934],[56.366547,26.889797],[56.404145,26.893052],[56.40919,26.86225],[56.379161,26.83869],[56.340994,26.827623],[56.322276,26.834418]]],[[[56.212413,27.002997],[56.232107,26.998765],[56.25766,26.988715],[56.273611,26.977769],[56.27947,26.973822],[56.287446,26.955146],[56.271332,26.946967],[56.255219,26.938788],[56.193533,26.924547],[56.171397,26.906806],[56.148692,26.862006],[56.137218,26.844672],[56.095876,26.806871],[56.089366,26.793524],[56.080821,26.785346],[56.042817,26.768134],[56.03419,26.759019],[56.025645,26.754096],[55.97641,26.711575],[55.947032,26.696275],[55.924001,26.705024],[55.902192,26.72484],[55.876638,26.742906],[55.809825,26.712063],[55.79127,26.697903],[55.772716,26.688381],[55.751313,26.688544],[55.705821,26.694525],[55.685557,26.690497],[55.664236,26.681545],[55.610362,26.646918],[55.554454,26.625637],[55.520518,26.603258],[55.50294,26.594875],[55.441173,26.588609],[55.397309,26.577826],[55.378754,26.567288],[55.369558,26.564114],[55.369477,26.564114],[55.366547,26.564602],[55.361095,26.565619],[55.349783,26.568996],[55.33961,26.568996],[55.335297,26.560452],[55.33074,26.553616],[55.319835,26.548285],[55.307628,26.544908],[55.298432,26.543647],[55.29835,26.543647],[55.294119,26.546291],[55.290538,26.548489],[55.285411,26.559963],[55.28061,26.584662],[55.287364,26.602281],[55.289236,26.613593],[55.284028,26.618801],[55.273774,26.649807],[55.284679,26.660224],[55.331879,26.645331],[55.342784,26.649807],[55.348969,26.64822],[55.351899,26.647447],[55.35198,26.647488],[55.404796,26.674018],[55.538422,26.712958],[55.557872,26.714993],[55.570486,26.719387],[55.574067,26.720649],[55.574229,26.720689],[55.620453,26.74608],[55.640391,26.760565],[55.705821,26.783271],[55.716075,26.783922],[55.736827,26.782416],[55.746837,26.783271],[55.754161,26.786078],[55.764496,26.793891],[55.774181,26.796942],[55.771169,26.803656],[55.766775,26.810533],[55.782074,26.826158],[55.785655,26.844957],[55.781016,26.889635],[55.773204,26.906724],[55.756114,26.921332],[55.739431,26.932929],[55.732595,26.940904],[55.757986,26.954047],[55.897716,26.906806],[55.935557,26.914781],[56.041026,26.975653],[56.173188,27.002346],[56.212413,27.002997]]],[[[56.472992,27.106024],[56.483572,27.099758],[56.495128,27.095771],[56.504649,27.088935],[56.505138,27.086982],[56.508474,27.074368],[56.504731,27.061672],[56.495291,27.052314],[56.488129,27.04914],[56.481781,27.046332],[56.466156,27.043931],[56.434581,27.054836],[56.43686,27.080024],[56.455414,27.102769],[56.472992,27.106024]]],[[[50.305817,29.271275],[50.323841,29.264177],[50.334651,29.258661],[50.330111,29.241368],[50.333018,29.224026],[50.326427,29.20893],[50.316531,29.207572],[50.30663,29.215446],[50.296748,29.237473],[50.290466,29.257138],[50.283267,29.268939],[50.295001,29.275218],[50.305817,29.271275]]],[[[54.54656,25.9265],[54.551606,25.917711],[54.553233,25.899848],[54.543224,25.893052],[54.529633,25.895982],[54.513682,25.902655],[54.509776,25.913764],[54.522797,25.920111],[54.54656,25.9265]]],[[[55.894298,26.679429],[55.902029,26.66885],[55.903982,26.64525],[55.889659,26.623765],[55.869314,26.613023],[55.853201,26.621039],[55.855479,26.64411],[55.868337,26.666449],[55.884532,26.67768],[55.894298,26.679429]]],[[[53.639415,26.688788],[53.651215,26.683824],[53.65919,26.66885],[53.646251,26.657172],[53.628673,26.659329],[53.611176,26.667304],[53.601248,26.679592],[53.609223,26.690497],[53.629161,26.691107],[53.639415,26.688788]]],[[[55.048676,25.885769],[55.049897,25.876085],[55.054373,25.86461],[55.046479,25.858385],[55.038259,25.857733],[55.032644,25.854641],[55.023041,25.86286],[55.018403,25.859605],[55.018972,25.865749],[55.015636,25.871853],[55.012055,25.881619],[55.026459,25.888739],[55.043712,25.89289],[55.048676,25.885769]]]]}},{"type":"Feature","properties":{"name":"JWLA 033 Country - Iraq","group":"countries-mideast","source":"Natural Earth / geo-countries"},"geometry":{"type":"Polygon","coordinates":[[[44.766135,37.14192],[44.752544,37.113136],[44.752699,37.103318],[44.760658,37.085644],[44.766549,37.078952],[44.773628,37.076343],[44.781121,37.074482],[44.788356,37.070245],[44.792232,37.063734],[44.797296,37.048489],[44.801895,37.043528],[44.811197,37.041926],[44.830938,37.046835],[44.840601,37.047197],[44.847577,37.044045],[44.858946,37.034123],[44.880754,37.024925],[44.887368,37.015933],[44.885715,37.005081],[44.874759,36.994022],[44.869178,36.967357],[44.874863,36.949658],[44.884061,36.933354],[44.888815,36.910926],[44.883441,36.886845],[44.869643,36.868965],[44.834141,36.834032],[44.823393,36.809331],[44.831248,36.791916],[44.851195,36.781219],[44.87724,36.776464],[44.908245,36.77786],[44.922715,36.775896],[44.935221,36.767111],[44.944419,36.758274],[44.954754,36.752331],[44.966433,36.749334],[44.979456,36.749024],[44.996199,36.741686],[45.010978,36.725563],[45.035266,36.689596],[45.045911,36.668047],[45.04431,36.64934],[45.024879,36.613167],[45.014182,36.579009],[45.013252,36.557925],[45.010255,36.556013],[44.997852,36.552085],[44.993408,36.549656],[44.991393,36.53374],[45.005914,36.518702],[45.009525,36.516196],[45.025344,36.505215],[45.03816,36.494001],[45.03909,36.479842],[45.045498,36.471625],[45.054076,36.464959],[45.062086,36.455347],[45.066892,36.442376],[45.068546,36.432506],[45.072266,36.423411],[45.083739,36.412817],[45.110817,36.402534],[45.139963,36.404394],[45.19598,36.422429],[45.221301,36.42093],[45.238871,36.402999],[45.24962,36.377936],[45.254478,36.354785],[45.25701,36.311687],[45.263934,36.294272],[45.282693,36.274893],[45.258508,36.262232],[45.264193,36.250192],[45.282796,36.238409],[45.297369,36.22673],[45.30202,36.207558],[45.299539,36.161411],[45.304604,36.140379],[45.33561,36.10772],[45.348322,36.087514],[45.344188,36.067464],[45.331889,36.051599],[45.31959,36.031032],[45.313699,36.010413],[45.32021,35.99429],[45.32021,35.994135],[45.320313,35.994031],[45.32052,35.99398],[45.33809,35.979304],[45.359587,35.976875],[45.381808,35.982973],[45.401549,35.99398],[45.401859,35.994031],[45.401962,35.994083],[45.402169,35.994238],[45.419946,35.998269],[45.453122,36.011653],[45.47927,36.012015],[45.501424,36.005435],[45.53999,35.99398],[45.576939,35.96623],[45.589858,35.959615],[45.617039,35.955429],[45.646857,35.933208],[45.69321,35.879878],[45.718739,35.828305],[45.731038,35.815128],[45.749021,35.810994],[45.786745,35.820244],[45.797907,35.818383],[45.814185,35.80934],[45.834752,35.810528],[45.854079,35.818332],[45.878315,35.83523],[45.888496,35.834868],[45.898779,35.832181],[45.909115,35.831302],[45.941257,35.840346],[46.004923,35.837969],[46.024973,35.843291],[46.0443,35.852283],[46.060423,35.857244],[46.07696,35.856986],[46.107759,35.847425],[46.115045,35.846444],[46.119851,35.842878],[46.124812,35.822466],[46.129101,35.815541],[46.135199,35.810012],[46.143364,35.804534],[46.163518,35.797506],[46.184963,35.798178],[46.227441,35.805723],[46.246407,35.811407],[46.263512,35.821122],[46.281392,35.828305],[46.302992,35.826548],[46.319632,35.816885],[46.327074,35.8035],[46.325058,35.787843],[46.313379,35.771513],[46.297515,35.759886],[46.267129,35.744124],[46.253486,35.727743],[46.23788,35.715547],[46.217003,35.713583],[46.177729,35.715392],[46.127603,35.693688],[46.107035,35.689812],[46.037065,35.691569],[46.016498,35.68573],[46.003786,35.674258],[45.995879,35.658393],[45.992365,35.640875],[45.992314,35.62439],[46.002029,35.585943],[45.999238,35.572145],[45.968698,35.579742],[45.963892,35.579742],[45.959344,35.578708],[45.968026,35.558503],[45.97924,35.539486],[45.983115,35.5353],[45.984562,35.531062],[45.983219,35.52698],[45.97924,35.523001],[45.971333,35.51804],[45.966062,35.511477],[45.963582,35.503415],[45.963995,35.494165],[45.977017,35.46533],[46.040993,35.381562],[46.096287,35.341151],[46.120161,35.318517],[46.127396,35.289062],[46.125285,35.284989],[46.120058,35.274902],[46.107655,35.262758],[46.098767,35.250046],[46.101454,35.234285],[46.115407,35.226326],[46.154164,35.226636],[46.169254,35.216249],[46.165481,35.189946],[46.143829,35.159612],[46.130393,35.131397],[46.151064,35.111605],[46.143106,35.099512],[46.132357,35.094758],[46.119954,35.092743],[46.09453,35.085818],[46.07665,35.089694],[46.066573,35.088815],[46.039753,35.075535],[46.025077,35.064269],[46.009212,35.06091],[45.97924,35.071555],[45.966372,35.070729],[45.956037,35.074243],[45.934953,35.085456],[45.920173,35.089642],[45.913197,35.087317],[45.899399,35.06861],[45.898366,35.063907],[45.901156,35.051608],[45.899089,35.046906],[45.893095,35.044374],[45.879039,35.043237],[45.872476,35.041428],[45.861882,35.032798],[45.857025,35.021274],[45.856818,35.008045],[45.859712,34.994403],[45.859712,34.994248],[45.868962,34.968358],[45.866327,34.949547],[45.857852,34.931306],[45.850203,34.906811],[45.835011,34.890171],[45.808036,34.897871],[45.796202,34.903064],[45.77827,34.910893],[45.755119,34.909963],[45.748504,34.89074],[45.750468,34.865367],[45.745404,34.840975],[45.717705,34.825111],[45.689231,34.82263],[45.676571,34.818289],[45.666752,34.80692],[45.6636,34.794932],[45.665925,34.774726],[45.662825,34.763254],[45.635023,34.736951],[45.627375,34.720828],[45.642258,34.706875],[45.650526,34.702999],[45.659517,34.697211],[45.666856,34.689977],[45.67037,34.681812],[45.67347,34.671166],[45.678379,34.66512],[45.683495,34.660211],[45.687629,34.653235],[45.690782,34.634321],[45.691247,34.615511],[45.694451,34.598561],[45.705613,34.58559],[45.708558,34.579079],[45.7083,34.568382],[45.705613,34.557737],[45.70153,34.551277],[45.695588,34.550244],[45.673573,34.556652],[45.604844,34.561147],[45.573941,34.567297],[45.539628,34.582231],[45.500664,34.591688],[45.49653,34.564248],[45.50485,34.523785],[45.503455,34.494175],[45.4987,34.486242],[45.493016,34.479008],[45.486505,34.472729],[45.47927,34.467251],[45.426767,34.45751],[45.417052,34.444359],[45.447954,34.36209],[45.46077,34.340463],[45.47927,34.329146],[45.499217,34.342401],[45.521541,34.342504],[45.542212,34.331601],[45.55756,34.311964],[45.563038,34.289278],[45.561022,34.264602],[45.54769,34.216491],[45.542729,34.207474],[45.528673,34.18856],[45.526657,34.17931],[45.531463,34.167916],[45.538801,34.159234],[45.544537,34.15063],[45.544537,34.139494],[45.534357,34.128202],[45.493946,34.100685],[45.47927,34.087636],[45.454879,34.06986],[45.443613,34.047664],[45.43519,34.022136],[45.419946,33.99436],[45.419946,33.994257],[45.419739,33.994257],[45.411471,33.987151],[45.401755,33.981622],[45.380361,33.97356],[45.401032,33.949453],[45.423718,33.938782],[45.449711,33.937387],[45.47927,33.941185],[45.481751,33.940875],[45.483921,33.940048],[45.485781,33.938653],[45.574768,33.803933],[45.588204,33.791504],[45.603604,33.78073],[45.616729,33.768689],[45.623912,33.752075],[45.628202,33.731844],[45.635126,33.714171],[45.645151,33.697918],[45.658794,33.681692],[45.673987,33.669031],[45.721116,33.640764],[45.72463,33.633036],[45.727989,33.625649],[45.72773,33.590096],[45.734552,33.583119],[45.752018,33.586762],[45.768451,33.595909],[45.797545,33.619319],[45.815787,33.625804],[45.864363,33.626424],[45.885964,33.63092],[45.882036,33.600198],[45.89971,33.58516],[45.920897,33.572991],[45.927925,33.550873],[45.915626,33.535809],[45.868187,33.511573],[45.852581,33.494365],[45.869737,33.482118],[45.899399,33.476304],[45.929682,33.479508],[45.948182,33.494262],[45.953143,33.496587],[45.958156,33.497388],[45.963272,33.496561],[45.964487,33.495991],[45.968232,33.494236],[45.971385,33.492763],[45.974434,33.490799],[46.008023,33.455659],[46.019392,33.438399],[46.027454,33.419512],[46.030503,33.399203],[46.031071,33.382511],[46.036239,33.367939],[46.069725,33.34086],[46.109516,33.293705],[46.141349,33.272105],[46.155301,33.260219],[46.164189,33.243347],[46.164396,33.233063],[46.15835,33.213865],[46.157678,33.205675],[46.162122,33.196373],[46.173698,33.190223],[46.174318,33.18118],[46.167187,33.168338],[46.153441,33.154256],[46.126466,33.131777],[46.105382,33.118393],[46.089155,33.11568],[46.072412,33.116765],[46.050398,33.115112],[46.030296,33.105681],[46.029314,33.093511],[46.043267,33.08346],[46.087192,33.079222],[46.106002,33.072504],[46.12042,33.061678],[46.126156,33.047984],[46.119489,33.031008],[46.104658,33.018063],[46.088018,33.00672],[46.075719,32.994499],[46.075719,32.994344],[46.09701,32.95432],[46.15556,32.948352],[46.273433,32.959488],[46.379629,32.931764],[46.479312,32.891792],[46.507321,32.868021],[46.600613,32.822541],[46.604421,32.820685],[46.650361,32.789369],[46.715887,32.756012],[46.757332,32.716195],[47.058398,32.494478],[47.058605,32.494478],[47.058657,32.4944],[47.090593,32.474556],[47.12103,32.461043],[47.152553,32.455178],[47.187796,32.458382],[47.20547,32.46404],[47.251255,32.48546],[47.265311,32.484685],[47.321948,32.468226],[47.343342,32.458692],[47.356106,32.446186],[47.36732,32.430761],[47.384115,32.41257],[47.410832,32.395285],[47.416413,32.387973],[47.417963,32.376423],[47.414346,32.36986],[47.408765,32.364331],[47.39998,32.345779],[47.395949,32.34198],[47.395794,32.33702],[47.40246,32.323506],[47.407059,32.31777],[47.436877,32.293689],[47.441579,32.288185],[47.445352,32.28263],[47.463025,32.26183],[47.469433,32.25612],[47.479148,32.252063],[47.484522,32.239351],[47.504004,32.226742],[47.509224,32.213797],[47.507673,32.199844],[47.502351,32.190129],[47.496408,32.181344],[47.492481,32.170492],[47.490413,32.15654],[47.491344,32.148633],[47.498165,32.144137],[47.513823,32.140313],[47.52669,32.133389],[47.534752,32.123157],[47.54364,32.114578],[47.55873,32.112976],[47.578057,32.106155],[47.580232,32.103495],[47.595007,32.085433],[47.617796,32.04187],[47.633144,32.026935],[47.668077,32.012414],[47.677947,31.994689],[47.677947,31.994534],[47.68265,31.976912],[47.71841,31.922342],[47.725231,31.914332],[47.743318,31.904255],[47.750966,31.898209],[47.756547,31.889166],[47.761715,31.871647],[47.76528,31.864103],[47.781352,31.848858],[47.820781,31.823588],[47.834475,31.805708],[47.837266,31.784469],[47.831323,31.761835],[47.678929,31.407851],[47.676443,31.236517],[47.672935,30.994698],[48.001545,30.994647],[48.012242,30.989066],[48.015446,30.97625],[48.012035,30.494522],[48.013586,30.463878],[48.119419,30.450804],[48.130581,30.447497],[48.140916,30.441916],[48.15766,30.426309],[48.170475,30.406672],[48.179467,30.384865],[48.187684,30.340836],[48.192076,30.331276],[48.200086,30.323938],[48.211196,30.319649],[48.222979,30.318099],[48.235071,30.318512],[48.271658,30.323835],[48.284267,30.323318],[48.296359,30.319753],[48.305713,30.312828],[48.326021,30.283476],[48.358164,30.251798],[48.397025,30.220999],[48.403588,30.212524],[48.408704,30.202344],[48.410616,30.191543],[48.408032,30.180898],[48.400745,30.172268],[48.391134,30.164775],[48.383279,30.156455],[48.381108,30.145345],[48.383072,30.13842],[48.395578,30.115217],[48.415525,30.095632],[48.421209,30.085348],[48.423948,30.083643],[48.44219,30.03393],[48.444257,30.020908],[48.453145,30.001426],[48.457796,29.994863],[48.464307,29.989127],[48.478157,29.979618],[48.49304,29.971763],[48.523994,29.964115],[48.531016,29.96133],[48.530772,29.960761],[48.530772,29.956204],[48.554942,29.956488],[48.559255,29.946601],[48.546886,29.934719],[48.520518,29.9289],[48.411876,29.938422],[48.33546,29.961412],[48.299571,29.984524],[48.264659,29.993964],[48.209239,30.024482],[48.165782,30.037543],[48.119151,30.044989],[48.076345,30.04564],[48.038259,30.036851],[47.969005,30.004055],[47.961925,30.030341],[47.958507,30.060614],[47.951671,30.088324],[47.934825,30.107082],[47.947113,30.07453],[47.948497,30.062323],[47.946056,30.049384],[47.941742,30.037258],[47.940929,30.026516],[47.948497,30.017646],[47.948009,29.994045],[47.731432,30.088552],[47.674175,30.098216],[47.415793,30.098216],[47.358225,30.092118],[47.197098,30.03424],[47.144698,30.003338],[47.110488,29.960911],[47.025429,29.772137],[46.988842,29.712658],[46.983674,29.698292],[46.97985,29.668061],[46.97737,29.657984],[46.957836,29.620441],[46.883112,29.512515],[46.85345,29.44456],[46.838567,29.424975],[46.774488,29.363532],[46.711856,29.271393],[46.561468,29.124167],[46.532436,29.095745],[46.488614,29.08758],[46.444896,29.079415],[46.427322,29.076143],[46.401178,29.071276],[46.357459,29.063137],[46.252143,29.071457],[46.17592,29.077477],[46.099697,29.083575],[46.02363,29.089595],[45.947355,29.095641],[45.844932,29.103754],[45.742406,29.111868],[45.63988,29.120032],[45.537406,29.12812],[45.434932,29.136207],[45.332406,29.144372],[45.229983,29.152459],[45.127457,29.160624],[45.047824,29.166903],[44.968293,29.173259],[44.888712,29.179512],[44.808923,29.185894],[44.717456,29.193103],[44.710893,29.195273],[44.70464,29.197495],[44.698232,29.199718],[44.691825,29.201836],[44.614878,29.256071],[44.519742,29.323328],[44.424296,29.390533],[44.328953,29.45779],[44.233661,29.524995],[44.119146,29.605817],[44.004631,29.686613],[43.890065,29.767383],[43.824013,29.81398],[43.775498,29.848205],[43.660983,29.929027],[43.546365,30.009797],[43.431746,30.090568],[43.317231,30.171338],[43.229071,30.233505],[43.140963,30.295671],[43.052907,30.357786],[42.964747,30.420005],[42.859017,30.494522],[42.858913,30.494574],[42.85881,30.494626],[42.858707,30.494677],[42.783413,30.551045],[42.763932,30.565629],[42.669157,30.636684],[42.574486,30.707636],[42.479712,30.778639],[42.395169,30.841581],[42.31073,30.904523],[42.22629,30.967465],[42.141644,31.030407],[42.075395,31.079861],[41.986202,31.125285],[41.898558,31.169985],[41.810708,31.214685],[41.723065,31.259385],[41.635422,31.304034],[41.547572,31.348734],[41.459825,31.393434],[41.372182,31.438134],[41.284539,31.482834],[41.196689,31.527586],[41.109046,31.572286],[41.021299,31.616934],[40.933553,31.661634],[40.845909,31.706335],[40.758163,31.751086],[40.670313,31.795683],[40.58267,31.840435],[40.479834,31.892835],[40.424126,31.920533],[40.37028,31.938465],[40.029318,31.994379],[40.029112,31.994431],[40.029008,31.994482],[40.028802,31.994482],[39.9486,32.00611],[39.750989,32.034893],[39.553275,32.063729],[39.355561,32.092564],[39.157744,32.121348],[39.154953,32.120573],[39.152163,32.119746],[39.149269,32.118919],[39.146375,32.118144],[39.146168,32.125844],[39.266471,32.212867],[39.291999,32.244519],[39.271122,32.311956],[39.256342,32.342678],[39.235775,32.352858],[39.046329,32.308494],[39.036201,32.313352],[39.028759,32.328338],[38.979977,32.472102],[38.978633,32.47373],[38.97822,32.47497],[38.978633,32.475693],[38.979977,32.476055],[39.057181,32.496596],[38.990002,32.705576],[38.94277,32.852337],[38.897191,32.994344],[38.862568,33.10072],[38.82102,33.229032],[38.774511,33.371685],[38.885099,33.427108],[38.995686,33.482479],[39.106274,33.537928],[39.216862,33.593325],[39.327449,33.648722],[39.438037,33.704094],[39.548624,33.759491],[39.659212,33.81481],[39.769696,33.870233],[39.880387,33.925605],[39.990871,33.980976],[40.101459,34.036373],[40.173111,34.072283],[40.212046,34.091796],[40.322634,34.147167],[40.433221,34.202539],[40.543809,34.257988],[40.690467,34.331497],[40.936033,34.386068],[40.965282,34.401855],[40.98802,34.42852],[41.023986,34.494175],[41.023986,34.49433],[41.195656,34.768473],[41.204234,34.793123],[41.206508,34.819323],[41.198033,34.994041],[41.192326,35.158904],[41.191521,35.182143],[41.20134,35.243018],[41.243095,35.366525],[41.25188,35.46409],[41.261078,35.494165],[41.261181,35.494165],[41.261285,35.494165],[41.261285,35.49432],[41.308458,35.552248],[41.34221,35.593694],[41.358023,35.623925],[41.363501,35.655241],[41.359263,35.792752],[41.354509,35.825566],[41.343657,35.857657],[41.266349,35.994238],[41.266349,35.994342],[41.266246,35.99429],[41.240614,36.043021],[41.236687,36.060332],[41.236583,36.077024],[41.268829,36.327965],[41.276994,36.354785],[41.365258,36.493898],[41.365258,36.494001],[41.365361,36.494053],[41.365361,36.494156],[41.385411,36.516377],[41.414867,36.527384],[41.479773,36.536117],[41.789935,36.589292],[41.817323,36.599731],[41.843781,36.617869],[41.978554,36.733625],[42.178438,36.90532],[42.281584,36.99397],[42.281894,36.994022],[42.281894,36.994125],[42.34587,37.042908],[42.376806,37.062001],[42.377186,37.062235],[42.376875,37.076756],[42.371191,37.087944],[42.363646,37.09815],[42.357238,37.109984],[42.401887,37.114144],[42.459144,37.129311],[42.545237,37.140887],[42.561257,37.146623],[42.564668,37.152049],[42.576967,37.17923],[42.702334,37.325346],[42.706158,37.333226],[42.707398,37.340151],[42.709465,37.347179],[42.715666,37.355292],[42.722177,37.358909],[42.77158,37.374903],[42.780468,37.375498],[42.792457,37.374335],[42.801139,37.36909],[42.80548,37.351856],[42.814058,37.346817],[42.89674,37.324906],[42.937048,37.320152],[42.979629,37.331831],[43.005158,37.347256],[43.043501,37.360253],[43.083706,37.368831],[43.114815,37.371131],[43.131971,37.367255],[43.263385,37.310695],[43.270309,37.30868],[43.278629,37.30775],[43.287518,37.309145],[43.296871,37.316741],[43.305656,37.319971],[43.324156,37.322219],[43.336145,37.32023],[43.362505,37.303908],[43.376039,37.295528],[43.41676,37.279173],[43.463269,37.248684],[43.479599,37.243361],[43.492415,37.244756],[43.517116,37.252301],[43.529518,37.253903],[43.542437,37.252301],[43.550602,37.248735],[43.568896,37.237702],[43.594217,37.22946],[43.618298,37.226979],[43.720824,37.232612],[43.746921,37.230648],[43.770641,37.225843],[43.780562,37.220365],[43.80206,37.20357],[43.809398,37.199694],[43.822007,37.202381],[43.83999,37.217109],[43.89363,37.224912],[43.924171,37.253076],[43.953782,37.287467],[43.990369,37.312504],[44.035586,37.31824],[44.069025,37.313727],[44.088037,37.31116],[44.184465,37.279173],[44.206893,37.26752],[44.223171,37.254058],[44.235005,37.236772],[44.243532,37.213828],[44.248544,37.191917],[44.249629,37.179437],[44.248337,37.16967],[44.240121,37.157966],[44.230199,37.154322],[44.218779,37.152617],[44.205963,37.146623],[44.18922,37.129208],[44.180641,37.108925],[44.180021,37.087608],[44.187463,37.066938],[44.22777,36.994125],[44.234281,36.983661],[44.243273,36.97777],[44.284821,36.969166],[44.297223,36.969941],[44.306628,36.977227],[44.315879,36.99397],[44.315982,36.99397],[44.316137,36.994022],[44.316137,36.994125],[44.33164,37.015468],[44.335154,37.031152],[44.343112,37.042443],[44.428068,37.064767],[44.454423,37.076343],[44.479228,37.092001],[44.503412,37.116624],[44.539379,37.143677],[44.57824,37.166415],[44.610279,37.178352],[44.628934,37.179024],[44.733786,37.167242],[44.753836,37.159154],[44.766135,37.14192]]]}},{"type":"Feature","properties":{"name":"JWLA 033 Country - Oman","group":"countries-mideast","source":"Natural Earth / geo-countries"},"geometry":{"type":"MultiPolygon","coordinates":[[[[56.260625,25.331075],[56.290688,25.327543],[56.309369,25.301328],[56.349123,25.294025],[56.344375,25.266528],[56.316426,25.253355],[56.29315,25.245846],[56.281763,25.23691],[56.252204,25.217635],[56.235771,25.211175],[56.219958,25.215258],[56.207625,25.220835],[56.206123,25.230596],[56.208375,25.255374],[56.235126,25.267476],[56.244887,25.277988],[56.23888,25.286247],[56.235668,25.296287],[56.233625,25.312526],[56.260625,25.331075]],[[56.263026,25.249223],[56.282979,25.255476],[56.288328,25.271926],[56.273812,25.281289],[56.265075,25.281175],[56.259578,25.275982],[56.263026,25.249223]]],[[[56.077397,26.061048],[56.077485,26.061347],[56.082042,26.070705],[56.091482,26.106513],[56.157725,26.201077],[56.181814,26.245998],[56.191905,26.255072],[56.208263,26.263088],[56.209158,26.257554],[56.208263,26.244045],[56.2199,26.227729],[56.216807,26.222113],[56.212413,26.207831],[56.2199,26.207831],[56.229503,26.216783],[56.255544,26.218085],[56.260753,26.224595],[56.266856,26.227484],[56.279959,26.22309],[56.29184,26.211859],[56.294932,26.194241],[56.301931,26.205308],[56.308849,26.204739],[56.317393,26.200629],[56.329112,26.201077],[56.356293,26.219143],[56.366954,26.221503],[56.397472,26.213853],[56.404145,26.214748],[56.406912,26.223131],[56.402354,26.232082],[56.394542,26.239163],[56.38738,26.242011],[56.367849,26.244086],[56.355724,26.243394],[56.346853,26.238593],[56.341156,26.232327],[56.331309,26.223456],[56.319591,26.217922],[56.308442,26.221503],[56.308279,26.232611],[56.315929,26.274644],[56.315929,26.290432],[56.345225,26.269232],[56.358409,26.26496],[56.36378,26.279527],[56.35906,26.28734],[56.34783,26.297431],[56.333995,26.306138],[56.322276,26.309638],[56.326508,26.318915],[56.332042,26.320746],[56.338145,26.320705],[56.344005,26.32392],[56.356293,26.337592],[56.361827,26.349514],[56.360525,26.371283],[56.36378,26.385972],[56.369965,26.385972],[56.383637,26.35871],[56.399099,26.367906],[56.404145,26.372301],[56.411632,26.364936],[56.406912,26.357367],[56.406505,26.354804],[56.408702,26.352362],[56.411632,26.345038],[56.421072,26.352118],[56.426931,26.349595],[56.431895,26.342963],[56.438975,26.337592],[56.462169,26.331855],[56.474376,26.330797],[56.487315,26.331366],[56.485199,26.335883],[56.481781,26.347357],[56.479828,26.351874],[56.500987,26.35871],[56.511078,26.333482],[56.508962,26.323717],[56.494965,26.32274],[56.469574,26.32392],[56.45281,26.318345],[56.422862,26.294623],[56.406261,26.284898],[56.407481,26.284857],[56.407237,26.27912],[56.398611,26.268704],[56.420909,26.247626],[56.432302,26.239447],[56.445811,26.235175],[56.454926,26.239325],[56.465343,26.24726],[56.476248,26.249172],[56.487315,26.235175],[56.468761,26.205512],[56.459646,26.202094],[56.453298,26.221503],[56.443044,26.220445],[56.431977,26.221503],[56.435802,26.211615],[56.43686,26.205268],[56.435395,26.200141],[56.431977,26.194241],[56.444591,26.182359],[56.459727,26.174262],[56.472911,26.164008],[56.479828,26.145819],[56.46811,26.145982],[56.457367,26.148424],[56.447765,26.153144],[56.438975,26.160102],[56.424571,26.153795],[56.412446,26.158433],[56.404959,26.1706],[56.404145,26.186754],[56.398285,26.183417],[56.383149,26.176988],[56.377452,26.173733],[56.376964,26.184394],[56.378917,26.192532],[56.383637,26.198065],[56.391124,26.201077],[56.368419,26.204535],[56.343598,26.191392],[56.328787,26.172838],[56.335948,26.160102],[56.330903,26.149319],[56.329763,26.137112],[56.331716,26.124213],[56.335948,26.11164],[56.344737,26.131822],[56.353038,26.142646],[56.36378,26.145819],[56.370128,26.139472],[56.371104,26.127834],[56.368337,26.114895],[56.36378,26.104885],[56.383311,26.09748],[56.472992,26.098619],[56.464366,26.085354],[56.449229,26.073554],[56.418305,26.057074],[56.389171,26.047105],[56.380138,26.038235],[56.383637,26.022284],[56.408865,26.034369],[56.422862,26.023139],[56.42335,26.004625],[56.400401,25.990465],[56.40504,25.980455],[56.418305,25.963935],[56.42213,25.95661],[56.431163,25.952704],[56.453298,25.94717],[56.445486,25.94245],[56.442638,25.939276],[56.438975,25.926093],[56.424164,25.933173],[56.407888,25.937405],[56.393321,25.935858],[56.383637,25.926093],[56.399425,25.90233],[56.392589,25.880439],[56.37615,25.85928],[56.36378,25.837958],[56.362641,25.830634],[56.36378,25.806871],[56.344005,25.789537],[56.327403,25.762397],[56.316254,25.749579],[56.301768,25.741767],[56.301768,25.762885],[56.287934,25.741604],[56.273774,25.709133],[56.266612,25.672593],[56.273774,25.639309],[56.279055,25.627446],[56.237528,25.616577],[56.221508,25.613838],[56.205799,25.617766],[56.198771,25.625259],[56.188849,25.645412],[56.179857,25.652079],[56.156396,25.655903],[56.152496,25.657961],[56.150815,25.658848],[56.145131,25.670837],[56.140376,25.715537],[56.141203,25.732694],[56.151952,25.743133],[56.164871,25.752176],[56.172002,25.76525],[56.167352,25.777704],[56.144097,25.805919],[56.139653,25.822973],[56.144511,25.837907],[56.163838,25.862454],[56.170555,25.87682],[56.17469,25.96653],[56.181304,25.996244],[56.183475,26.014537],[56.17841,26.035001],[56.162701,26.073552],[56.151332,26.074792],[56.100586,26.062855],[56.077397,26.061048]]],[[[56.383311,24.978217],[56.405447,24.897284],[56.469574,24.775336],[56.480317,24.765123],[56.486827,24.741848],[56.4935,24.700181],[56.611176,24.496324],[56.63559,24.471381],[56.692149,24.425238],[56.801443,24.302965],[56.82309,24.271145],[56.832286,24.252509],[56.841075,24.223822],[56.939464,24.115912],[57.058279,24.023098],[57.151541,23.953559],[57.184255,23.934272],[57.326345,23.884019],[57.509613,23.839097],[57.586436,23.80744],[57.645193,23.790432],[57.686778,23.783352],[57.709727,23.782213],[57.777354,23.785956],[57.795746,23.782213],[57.824392,23.747626],[57.834972,23.740058],[57.859223,23.734076],[57.887706,23.720852],[57.912771,23.717841],[58.043142,23.724555],[58.086762,23.722113],[58.131602,23.713324],[58.193207,23.689358],[58.210297,23.685981],[58.227387,23.679145],[58.264171,23.644843],[58.2824,23.631415],[58.317231,23.620917],[58.363536,23.615546],[58.411957,23.616197],[58.452973,23.623969],[58.474864,23.631537],[58.483653,23.638129],[58.490896,23.656562],[58.499522,23.656887],[58.518565,23.651923],[58.561371,23.651109],[58.584158,23.646959],[58.604503,23.6376],[58.613292,23.625067],[58.633311,23.585273],[58.6421,23.576809],[58.647146,23.574897],[58.651541,23.570543],[58.655528,23.565741],[58.659028,23.562486],[58.661306,23.563137],[58.66684,23.56391],[58.674001,23.563951],[58.680349,23.562486],[58.694591,23.551418],[58.702403,23.542955],[58.706879,23.535142],[58.714366,23.535142],[58.720551,23.548814],[58.722911,23.543402],[58.724946,23.540107],[58.726817,23.536078],[58.728038,23.528388],[58.734874,23.528388],[58.736013,23.53266],[58.740977,23.54206],[58.746349,23.537665],[58.749522,23.536444],[58.762055,23.54206],[58.786143,23.512112],[58.792979,23.495673],[58.789399,23.480618],[58.797374,23.466783],[58.807628,23.421129],[58.820567,23.40176],[58.879161,23.351264],[58.915212,23.336086],[58.929454,23.318101],[58.946544,23.275092],[58.956228,23.259426],[58.986501,23.232489],[59.00172,23.212388],[59.010102,23.153306],[59.073741,23.093248],[59.077891,23.08515],[59.083669,23.055365],[59.087901,23.048407],[59.09254,23.043647],[59.120453,23.022773],[59.173676,22.993964],[59.20753,22.970364],[59.23227,22.94302],[59.250011,22.912014],[59.286143,22.826483],[59.289806,22.812079],[59.297537,22.792711],[59.315684,22.779486],[59.351817,22.761176],[59.391612,22.702216],[59.397227,22.686103],[59.410655,22.670844],[59.452485,22.634101],[59.483897,22.618842],[59.506847,22.600084],[59.529796,22.587877],[59.535492,22.583075],[59.536469,22.572577],[59.530447,22.570054],[59.521983,22.57217],[59.515636,22.575588],[59.515798,22.56151],[59.523123,22.555121],[59.535167,22.55386],[59.549815,22.555121],[59.626801,22.57982],[59.653494,22.569729],[59.693858,22.541449],[59.699962,22.54092],[59.715668,22.542914],[59.721202,22.541449],[59.723969,22.536811],[59.725841,22.526109],[59.728526,22.520982],[59.728363,22.518134],[59.727224,22.513577],[59.728038,22.507636],[59.734711,22.500474],[59.739757,22.497789],[59.746104,22.495592],[59.752778,22.494208],[59.758962,22.493638],[59.762543,22.498603],[59.756033,22.509426],[59.741547,22.524726],[59.745779,22.538235],[59.756358,22.538479],[59.776378,22.541449],[59.803233,22.534735],[59.82488,22.508857],[59.839366,22.475287],[59.844574,22.445258],[59.82488,22.281399],[59.811778,22.237372],[59.791759,22.198065],[59.734711,22.123114],[59.704926,22.099555],[59.688162,22.082709],[59.680675,22.06509],[59.677989,22.041897],[59.659679,21.994045],[59.65504,21.945746],[59.645274,21.925849],[59.605642,21.910224],[59.593435,21.892768],[59.576996,21.856269],[59.497895,21.756334],[59.467621,21.666409],[59.448578,21.624905],[59.354991,21.485663],[59.347504,21.453559],[59.344249,21.444729],[59.336192,21.43773],[59.195323,21.379096],[59.16627,21.362779],[59.054373,21.277086],[58.9192,21.143704],[58.878103,21.083808],[58.867931,21.074774],[58.854259,21.065619],[58.838552,21.044501],[58.807872,20.99079],[58.804454,20.981594],[58.801931,20.946234],[58.798839,20.936021],[58.792979,20.927395],[58.734874,20.883002],[58.739024,20.86225],[58.722179,20.848049],[58.680349,20.828355],[58.681488,20.826483],[58.673839,20.808173],[58.672699,20.807847],[58.665782,20.801581],[58.661306,20.796332],[58.659028,20.790839],[58.661469,20.781643],[58.667654,20.772284],[58.676443,20.76439],[58.686534,20.759467],[58.701345,20.766018],[58.71811,20.780829],[58.72934,20.786811],[58.728038,20.766913],[58.71811,20.753648],[58.69988,20.74079],[58.681814,20.735907],[58.672699,20.746405],[58.666515,20.746405],[58.660899,20.732327],[58.653331,20.705268],[58.645356,20.691148],[58.637462,20.684394],[58.615408,20.672431],[58.604503,20.663275],[58.591807,20.643948],[58.580821,20.618476],[58.573253,20.590644],[58.570486,20.564276],[58.545095,20.516425],[58.531261,20.481391],[58.532481,20.465277],[58.526866,20.457709],[58.521495,20.424384],[58.518565,20.416815],[58.510427,20.415229],[58.497081,20.410793],[58.483572,20.404202],[58.474132,20.396389],[58.467459,20.369534],[58.445811,20.358629],[58.417654,20.359605],[58.391612,20.368476],[58.372569,20.377387],[58.359141,20.381578],[58.326427,20.382717],[58.313813,20.380805],[58.29005,20.371405],[58.275564,20.368476],[58.278656,20.377387],[58.284516,20.381985],[58.279633,20.384833],[58.244151,20.394232],[58.224294,20.396389],[58.202891,20.404731],[58.200531,20.424384],[58.21339,20.465277],[58.213227,20.452704],[58.217296,20.441555],[58.224783,20.43183],[58.23463,20.423651],[58.238455,20.443834],[58.228282,20.488837],[58.238048,20.509345],[58.251313,20.529202],[58.261567,20.558092],[58.264171,20.587633],[58.255138,20.60928],[58.234874,20.615668],[58.20574,20.613349],[58.17628,20.604722],[58.144216,20.585191],[58.103526,20.575141],[58.090831,20.56684],[58.084483,20.558051],[58.067231,20.511054],[58.06658,20.499823],[58.07309,20.489163],[58.075857,20.480048],[58.067638,20.47248],[58.055349,20.467231],[58.030772,20.4619],[58.012462,20.453437],[57.994395,20.442288],[57.970714,20.42121],[57.962087,20.410875],[57.955821,20.399563],[57.95338,20.38642],[57.956554,20.376939],[57.970714,20.361884],[57.973888,20.352281],[57.966563,20.330227],[57.948741,20.317572],[57.90504,20.300767],[57.888438,20.290717],[57.870453,20.277045],[57.85613,20.260647],[57.850352,20.242418],[57.8449,20.231187],[57.833507,20.218329],[57.823741,20.201077],[57.823009,20.176663],[57.84197,20.136054],[57.847992,20.111762],[57.831716,20.075344],[57.816254,20.020738],[57.815684,20.006578],[57.81365,19.976996],[57.790375,19.924018],[57.773692,19.867865],[57.762055,19.842963],[57.698904,19.754381],[57.68922,19.728176],[57.69337,19.697455],[57.70045,19.685981],[57.709239,19.676744],[57.716807,19.666815],[57.719981,19.653062],[57.720551,19.622626],[57.718923,19.607978],[57.713878,19.595038],[57.706554,19.568834],[57.704438,19.548733],[57.711762,19.529486],[57.760265,19.454088],[57.767833,19.437445],[57.773936,19.409654],[57.773774,19.38288],[57.769054,19.357611],[57.752208,19.311591],[57.748302,19.291002],[57.750662,19.268052],[57.770844,19.216946],[57.780528,19.201117],[57.805675,19.173],[57.81186,19.156887],[57.802989,19.115139],[57.802013,19.094794],[57.839854,19.029975],[57.840099,19.015326],[57.815684,18.991767],[57.801117,18.980658],[57.79713,18.979234],[57.752289,18.973049],[57.747325,18.967841],[57.742849,18.961859],[57.731944,18.953803],[57.719412,18.946926],[57.709727,18.943996],[57.501475,18.953681],[57.445323,18.945339],[57.20753,18.90998],[57.083751,18.87637],[56.91505,18.810289],[56.850352,18.765815],[56.807791,18.745592],[56.784679,18.728583],[56.77475,18.70718],[56.766449,18.696845],[56.659679,18.595364],[56.641124,18.559272],[56.636892,18.511949],[56.643403,18.479193],[56.644298,18.467597],[56.641124,18.454901],[56.626638,18.435858],[56.621267,18.419582],[56.612315,18.399604],[56.60963,18.389065],[56.60963,18.34748],[56.600597,18.305406],[56.548839,18.189846],[56.563731,18.170233],[56.56129,18.149237],[56.547211,18.129706],[56.527599,18.114691],[56.484141,18.096503],[56.462576,18.084418],[56.431977,18.032172],[56.425629,18.027411],[56.411306,18.023179],[56.404145,18.01911],[56.357677,17.969794],[56.354991,17.962307],[56.356293,17.940009],[56.3449,17.937812],[56.188487,17.957099],[56.168224,17.954088],[56.138357,17.940579],[56.116222,17.936591],[56.031098,17.943427],[56.010753,17.940375],[55.946056,17.915473],[55.909434,17.906643],[55.653494,17.895331],[55.552908,17.870266],[55.530528,17.868313],[55.522472,17.866441],[55.517345,17.86225],[55.512869,17.857489],[55.506602,17.85399],[55.488292,17.853461],[55.486827,17.85399],[55.453949,17.845404],[55.44516,17.84101],[55.431651,17.824652],[55.417328,17.785224],[55.40797,17.768704],[55.393077,17.752143],[55.388682,17.744289],[55.373383,17.703315],[55.369477,17.696357],[55.355724,17.681586],[55.263194,17.607733],[55.235037,17.558824],[55.228201,17.538764],[55.225434,17.515448],[55.229503,17.488593],[55.240082,17.475165],[55.273774,17.457424],[55.293224,17.43769],[55.300792,17.416815],[55.301117,17.371161],[55.2942,17.352118],[55.253429,17.29914],[55.251231,17.289984],[55.249522,17.276109],[55.250662,17.263617],[55.256847,17.258205],[55.264822,17.254788],[55.265147,17.247056],[55.260265,17.23428],[55.254731,17.228705],[55.228526,17.216132],[55.219249,17.210395],[55.213145,17.202094],[55.209321,17.193549],[55.205089,17.176215],[55.195486,17.160834],[55.198741,17.155748],[55.18922,17.144761],[55.158865,17.13581],[55.143565,17.127834],[55.138438,17.118883],[55.132986,17.105048],[55.124766,17.092475],[55.112559,17.086859],[55.071788,17.042182],[55.026866,17.011135],[55.020681,17.011135],[55.010916,17.026272],[54.999197,17.01968],[54.98699,17.005357],[54.975352,16.997463],[54.959646,16.994859],[54.945079,16.989976],[54.931326,16.987128],[54.917003,16.990668],[54.901378,16.974921],[54.882823,16.969062],[54.841807,16.963935],[54.808442,16.951483],[54.79184,16.951402],[54.780528,16.963935],[54.769054,16.957913],[54.750743,16.960517],[54.739431,16.956488],[54.705333,16.977607],[54.697927,16.97016],[54.689789,16.989325],[54.685313,17.006903],[54.674083,17.019761],[54.633149,17.026923],[54.60434,17.036322],[54.592052,17.038479],[54.580333,17.03734],[54.559744,17.032701],[54.547699,17.031643],[54.51238,17.038398],[54.499278,17.038479],[54.488536,17.03559],[54.467621,17.026679],[54.461681,17.024807],[54.414561,17.037828],[54.389985,17.039455],[54.369477,17.024807],[54.360118,17.029608],[54.350352,17.031684],[54.164073,17.011135],[54.084972,17.011135],[54.067556,17.006741],[54.023448,16.985338],[54.012706,16.977607],[54.008962,16.968655],[54.009288,16.960924],[54.011404,16.953681],[54.012706,16.94599],[54.009451,16.937445],[53.995372,16.92536],[53.992198,16.919257],[53.98113,16.908759],[53.955903,16.903876],[53.910167,16.901272],[53.850352,16.889146],[53.83074,16.887641],[53.812673,16.881781],[53.792003,16.870307],[53.771332,16.862616],[53.753184,16.867743],[53.73463,16.856147],[53.709321,16.836005],[53.687022,16.813625],[53.677501,16.795111],[53.669281,16.784084],[53.650564,16.773179],[53.615408,16.75788],[53.582693,16.749945],[53.423025,16.746812],[53.338634,16.734809],[53.175304,16.684516],[53.090343,16.642401],[53.027905,16.777478],[52.965273,16.912922],[52.902745,17.048263],[52.840319,17.183707],[52.801562,17.267423],[52.79102,17.28122],[52.773864,17.287111],[52.736243,17.289178],[52.721464,17.29817],[52.723014,17.298687],[52.728285,17.299359],[52.730145,17.299875],[52.698416,17.371447],[52.655628,17.467979],[52.61284,17.564562],[52.570207,17.661094],[52.527419,17.757625],[52.484527,17.854157],[52.441739,17.950637],[52.399003,18.047272],[52.356163,18.143777],[52.313323,18.240283],[52.27069,18.336866],[52.227799,18.433424],[52.185011,18.52993],[52.142326,18.626513],[52.099538,18.723044],[52.05675,18.819628],[52.013962,18.916159],[51.985689,18.979732],[51.978615,18.995638],[52.089926,19.032638],[52.261078,19.089689],[52.432127,19.146739],[52.603125,19.20379],[52.77438,19.260789],[52.945533,19.317866],[53.116582,19.374917],[53.287837,19.431942],[53.458886,19.488992],[53.630039,19.545992],[53.801088,19.603068],[53.97224,19.660119],[54.143496,19.717144],[54.314648,19.774195],[54.485594,19.831194],[54.656746,19.888193],[54.827898,19.945269],[54.97838,19.995421],[55.010523,20.092005],[55.017137,20.111745],[55.035741,20.167556],[55.064473,20.254269],[55.101887,20.366846],[55.146225,20.49999],[55.195525,20.64856],[55.248338,20.807413],[55.302908,20.971486],[55.344624,21.096909],[55.357478,21.135559],[55.410188,21.294464],[55.459591,21.443033],[55.503826,21.576152],[55.54124,21.688651],[55.570075,21.775416],[55.588575,21.831227],[55.59519,21.851019],[55.600171,21.86606],[55.637565,21.97897],[55.637048,22.001914],[55.626713,22.023773],[55.573589,22.105939],[55.492767,22.230789],[55.412049,22.355691],[55.331123,22.480593],[55.250405,22.605495],[55.186843,22.703577],[55.197592,22.849459],[55.191287,22.995368],[55.191287,22.995471],[55.194801,23.025081],[55.22591,23.121251],[55.321098,23.275092],[55.343216,23.336277],[55.364093,23.436012],[55.375255,23.469344],[55.393962,23.495182],[55.394169,23.495285],[55.431479,23.532932],[55.445328,23.552259],[55.478298,23.67636],[55.487393,23.693258],[55.534109,23.756768],[55.538346,23.770049],[55.535142,23.845884],[55.530595,23.874668],[55.514575,23.896605],[55.478298,23.916577],[55.461555,23.930556],[55.45277,23.948565],[55.456801,23.963164],[55.499795,23.970605],[55.542273,23.985436],[55.561704,23.995229],[55.591056,24.010008],[55.618341,24.020137],[55.646866,24.02502],[55.680043,24.024271],[55.712599,24.019233],[55.727998,24.019594],[55.744432,24.025279],[55.762415,24.028147],[55.78846,24.009569],[55.807063,24.007476],[55.923542,24.051143],[55.986794,24.06538],[55.997853,24.08127],[55.960749,24.142429],[55.948967,24.18483],[55.933154,24.220719],[55.903182,24.232243],[55.847164,24.211417],[55.830318,24.21227],[55.767686,24.224879],[55.755697,24.230331],[55.754147,24.245472],[55.762105,24.262965],[55.800966,24.326268],[55.807373,24.340789],[55.810887,24.389236],[55.808614,24.397633],[55.801069,24.40647],[55.781019,24.418872],[55.774611,24.4259],[55.771407,24.441093],[55.77368,24.49525],[55.761175,24.537444],[55.759831,24.558528],[55.76996,24.572403],[55.784016,24.58633],[55.790217,24.619868],[55.818226,24.643381],[55.814918,24.662733],[55.799981,24.693258],[55.794764,24.70392],[55.792697,24.722291],[55.797038,24.759549],[55.797038,24.778359],[55.788667,24.855202],[55.799105,24.886105],[55.829388,24.921167],[55.857826,24.944851],[55.862151,24.948452],[55.89698,24.968606],[55.935428,24.977727],[55.975873,24.972112],[55.978422,24.971759],[56.005604,24.956178],[56.016973,24.926619],[56.025252,24.882562],[56.029272,24.861171],[56.005294,24.876984],[55.992375,24.883004],[55.978422,24.886105],[55.960852,24.881247],[55.957649,24.868664],[55.96478,24.853859],[56.00209,24.823008],[56.031546,24.754149],[56.062138,24.731773],[56.07627,24.729972],[56.077951,24.729758],[56.099139,24.730507],[56.118259,24.735416],[56.127251,24.7457],[56.133348,24.762831],[56.154846,24.786705],[56.171176,24.82399],[56.171366,24.824069],[56.186265,24.830243],[56.223679,24.83448],[56.241662,24.842438],[56.274683,24.871949],[56.280316,24.876984],[56.308325,24.895174],[56.313596,24.90507],[56.314278,24.911962],[56.316053,24.929912],[56.31928,24.962534],[56.324451,24.967939],[56.328995,24.972689],[56.383311,24.978217]]],[[[55.836192,17.490912],[55.832449,17.500393],[55.831716,17.502265],[55.831716,17.502346],[55.837087,17.510077],[55.848806,17.515286],[55.862966,17.518866],[55.883067,17.507148],[55.89088,17.504584],[55.890798,17.504543],[55.875824,17.495917],[55.845714,17.49608],[55.836274,17.490953],[55.836192,17.490912]]],[[[56.055349,17.559801],[56.055349,17.559719],[56.058197,17.545844],[56.058442,17.544338],[56.067882,17.532213],[56.081065,17.523627],[56.095551,17.518866],[56.063813,17.499579],[56.046886,17.493354],[56.031098,17.490912],[55.986827,17.492906],[55.97283,17.498358],[55.964203,17.519924],[55.990571,17.535386],[56.028819,17.547675],[56.055349,17.559801]]],[[[58.906261,20.626003],[58.908376,20.604722],[58.914317,20.587836],[58.945079,20.535224],[58.953949,20.519924],[58.950043,20.508938],[58.941173,20.500922],[58.902843,20.474107],[58.862315,20.452786],[58.844086,20.437323],[58.82016,20.403022],[58.808279,20.379584],[58.796641,20.331529],[58.787608,20.314521],[58.787608,20.314439],[58.787608,20.30329],[58.787771,20.302395],[58.789317,20.293199],[58.789399,20.286526],[58.785167,20.279527],[58.751475,20.248033],[58.733409,20.224555],[58.724294,20.215155],[58.715343,20.212104],[58.702647,20.210435],[58.691254,20.20775],[58.686534,20.201483],[58.683116,20.190904],[58.674571,20.179511],[58.663585,20.171373],[58.652354,20.170478],[58.652192,20.170478],[58.646983,20.179674],[58.642589,20.187242],[58.637462,20.218451],[58.636485,20.249701],[58.638682,20.266628],[58.638357,20.267849],[58.635916,20.277004],[58.642914,20.356106],[58.648204,20.368842],[58.659028,20.382717],[58.664561,20.387844],[58.682384,20.400621],[58.689952,20.403225],[58.691905,20.405178],[58.693858,20.407172],[58.698253,20.425686],[58.700694,20.431098],[58.717621,20.436998],[58.734223,20.437649],[58.751231,20.440131],[58.768891,20.451606],[58.77711,20.462185],[58.780772,20.466986],[58.784516,20.479397],[58.785167,20.481635],[58.789399,20.519924],[58.795584,20.538398],[58.804861,20.553453],[58.852875,20.613349],[58.871349,20.649604],[58.882579,20.682522],[58.891287,20.694281],[58.906261,20.697984],[58.918305,20.681464],[58.918305,20.681342],[58.917003,20.664252],[58.910167,20.645941],[58.906261,20.626003]]]]}},{"type":"Feature","properties":{"name":"JWLA 033 Country - Libya","group":"countries-africa-e","source":"Natural Earth / geo-countries"},"geometry":{"type":"Polygon","coordinates":[[[11.505112,33.181225],[11.52589,33.176947],[11.560232,33.16592],[11.574962,33.157945],[11.587657,33.13231],[11.603038,33.121487],[11.635753,33.10871],[11.756602,33.092515],[11.793468,33.080756],[11.77296,33.099351],[11.707774,33.117174],[11.691091,33.135972],[11.739268,33.112982],[11.847016,33.082831],[12.08074,32.957831],[12.122406,32.921332],[12.160655,32.911689],[12.224864,32.875922],[12.303884,32.843085],[12.348318,32.832668],[12.729828,32.79857],[12.824392,32.804348],[13.074474,32.86636],[13.115489,32.882148],[13.147716,32.903998],[13.164724,32.912746],[13.187755,32.916246],[13.257091,32.918647],[13.351736,32.904242],[13.363129,32.899563],[13.373546,32.892035],[13.571462,32.802802],[13.616954,32.793402],[13.78712,32.799628],[13.830333,32.794094],[13.915294,32.772773],[13.991222,32.744574],[14.175548,32.717678],[14.185313,32.714504],[14.20338,32.700344],[14.209321,32.697211],[14.226329,32.690904],[14.262462,32.660305],[14.317149,32.630439],[14.404063,32.56684],[14.449392,32.525377],[14.469493,32.519029],[14.631602,32.495673],[14.647634,32.488267],[14.662934,32.476752],[14.706716,32.456285],[14.726817,32.450751],[14.911143,32.443915],[15.114757,32.412787],[15.160004,32.398668],[15.181977,32.395494],[15.195974,32.389797],[15.233246,32.347113],[15.269705,32.328843],[15.283051,32.317288],[15.292166,32.280911],[15.300792,32.26081],[15.322602,32.224189],[15.364513,32.174709],[15.370453,32.159084],[15.368663,32.138007],[15.35963,32.102118],[15.356863,32.061672],[15.355235,32.03852],[15.361095,31.965318],[15.370453,31.929389],[15.490408,31.664862],[15.514415,31.628363],[15.622813,31.49726],[15.687511,31.437812],[15.761485,31.388129],[16.044607,31.275539],[16.358653,31.227118],[16.728038,31.223822],[16.941905,31.183295],[17.16033,31.118801],[17.330577,31.086493],[17.365896,31.086615],[17.375011,31.083075],[17.382009,31.078762],[17.41863,31.062161],[17.447276,31.038723],[17.457774,31.033352],[17.466807,31.029975],[17.613943,30.992499],[17.691742,30.959662],[17.776052,30.935207],[17.848643,30.923651],[17.861664,30.913642],[17.889171,30.877916],[17.907481,30.863511],[17.926768,30.85517],[18.016856,30.837877],[18.175304,30.786078],[18.208344,30.769232],[18.235688,30.746812],[18.324229,30.656887],[18.56837,30.500067],[18.623302,30.445746],[18.653168,30.422309],[18.719249,30.391506],[18.760997,30.384223],[18.780528,30.375922],[18.925955,30.293362],[18.968028,30.277737],[19.056814,30.266181],[19.146007,30.264716],[19.239757,30.273993],[19.291677,30.287055],[19.338552,30.298814],[19.418956,30.333238],[19.530528,30.396796],[19.551036,30.404934],[19.596039,30.412014],[19.616384,30.421373],[19.748871,30.510932],[19.914317,30.682929],[19.958181,30.749701],[19.982188,30.778632],[20.018728,30.803778],[20.036469,30.819078],[20.099864,30.935004],[20.146658,31.045559],[20.152354,31.088202],[20.146658,31.216783],[20.128103,31.242987],[20.103282,31.308743],[20.082205,31.336615],[20.038341,31.375881],[20.022227,31.396796],[19.954845,31.559475],[19.948904,31.60102],[19.948009,31.645087],[19.944347,31.661444],[19.926931,31.699164],[19.920665,31.717719],[19.917247,31.759223],[19.919688,31.804674],[19.934337,31.888414],[19.948009,31.925971],[19.945811,31.935981],[19.941742,31.946926],[19.940115,31.95775],[19.944591,31.967515],[19.957205,31.982733],[20.048025,32.146064],[20.071544,32.176418],[20.261729,32.339545],[20.277192,32.360826],[20.32545,32.409817],[20.345714,32.419908],[20.385509,32.434638],[20.403331,32.447333],[20.416759,32.459459],[20.562673,32.557847],[20.79656,32.643012],[20.934093,32.722602],[21.050955,32.772284],[21.09669,32.781073],[21.286794,32.771145],[21.331879,32.774644],[21.414806,32.793402],[21.4546,32.812567],[21.608653,32.930732],[21.62322,32.936754],[21.671723,32.939887],[21.716319,32.950385],[21.743663,32.930854],[21.787446,32.915961],[21.836111,32.906562],[21.877452,32.903225],[22.096202,32.923082],[22.101329,32.926418],[22.111827,32.940904],[22.11671,32.944159],[22.138845,32.947577],[22.149587,32.947943],[22.161388,32.944159],[22.169444,32.938218],[22.171072,32.932929],[22.171072,32.926256],[22.175059,32.916246],[22.206798,32.888129],[22.247325,32.880845],[22.33961,32.882148],[22.379161,32.870347],[22.477306,32.807074],[22.496755,32.797309],[22.513845,32.790961],[22.532237,32.787543],[22.578868,32.784613],[22.812511,32.724514],[22.86671,32.694159],[22.884532,32.689765],[22.895844,32.688178],[22.92921,32.676703],[22.942638,32.675035],[22.976899,32.676703],[22.999685,32.670559],[23.041352,32.652533],[23.086436,32.64647],[23.10613,32.639838],[23.118663,32.62934],[23.120942,32.61522],[23.115245,32.604926],[23.097911,32.586656],[23.094412,32.577379],[23.103852,32.516343],[23.113292,32.5008],[23.128673,32.488471],[23.148936,32.478095],[23.140961,32.458564],[23.128429,32.395494],[23.108653,32.40233],[23.112153,32.411933],[23.109874,32.420315],[23.103363,32.428168],[23.094412,32.436469],[23.079112,32.354438],[23.080577,32.334052],[23.095551,32.323554],[23.156505,32.303534],[23.178966,32.299954],[23.195079,32.291653],[23.214529,32.272406],[23.230805,32.250637],[23.2435,32.220608],[23.257335,32.213772],[23.273204,32.209703],[23.285411,32.203762],[23.293224,32.192328],[23.302501,32.170722],[23.312185,32.162746],[23.310395,32.179267],[23.299083,32.224189],[23.31837,32.217841],[23.36199,32.217108],[23.37086,32.214016],[23.398936,32.194037],[23.405284,32.19066],[23.531098,32.181383],[23.669688,32.183254],[23.840343,32.149115],[23.998709,32.093899],[23.975271,32.074205],[23.970714,32.066596],[23.97877,32.062242],[24.004893,32.052924],[24.067882,32.011176],[24.090668,32.005764],[24.280935,32.007554],[24.546072,31.991441],[24.636241,32.014879],[24.658539,32.028632],[24.670258,32.032416],[24.710623,32.02558],[24.718598,32.027533],[24.726329,32.031317],[24.733735,32.033149],[24.741873,32.028998],[24.74586,32.02619],[24.758067,32.019965],[24.771983,32.01675],[24.791759,32.007758],[24.824392,32.002997],[24.865408,31.989325],[24.9817,31.967922],[25.017914,31.949042],[25.033376,31.916327],[25.024425,31.876614],[25.022227,31.854682],[25.029552,31.8369],[25.063731,31.804104],[25.116873,31.737982],[25.122081,31.720852],[25.136729,31.692572],[25.156261,31.663072],[25.152517,31.659817],[25.15089,31.65648],[25.088422,31.613524],[25.060413,31.579366],[25.023723,31.494409],[24.861252,31.38036],[24.848953,31.34863],[24.848643,31.312043],[24.858565,31.227914],[24.859495,31.145955],[24.882646,31.039088],[24.889571,31.018831],[24.924607,30.956768],[24.93763,30.905763],[24.981245,30.825406],[24.994887,30.785099],[24.988583,30.750579],[24.973597,30.716266],[24.961194,30.676268],[24.950652,30.621233],[24.92037,30.552348],[24.917063,30.532453],[24.907658,30.498656],[24.888124,30.464343],[24.829729,30.387552],[24.799447,30.360835],[24.772369,30.331018],[24.76286,30.317065],[24.746117,30.282752],[24.704672,30.217898],[24.688653,30.182758],[24.688343,30.144156],[24.697334,30.122607],[24.72555,30.078372],[24.811643,29.89089],[24.81619,29.868411],[24.81495,29.848567],[24.798207,29.796425],[24.804925,29.7548],[24.856188,29.679482],[24.870657,29.638347],[24.870554,29.614007],[24.861562,29.541557],[24.863836,29.502903],[24.873758,29.468332],[24.956647,29.292683],[24.97432,29.23894],[24.981245,29.181372],[24.981245,29.057917],[24.981245,28.890176],[24.981245,28.491544],[24.981245,28.096701],[24.981245,28.018549],[24.981245,27.666503],[24.981245,27.627824],[24.981245,27.475456],[24.981245,27.138035],[24.981245,27.049239],[24.981245,26.859964],[24.981245,26.664523],[24.981245,26.372707],[24.981245,26.080838],[24.981245,25.78897],[24.981245,25.497256],[24.981245,25.205439],[24.981245,24.913571],[24.981245,24.621728],[24.981245,24.329963],[24.981245,24.038146],[24.981245,23.746278],[24.981245,23.454435],[24.981245,23.16267],[24.981245,22.870801],[24.981245,22.578985],[24.981245,22.287168],[24.981245,21.995351],[24.981245,21.870811],[24.981141,21.746167],[24.981141,21.621575],[24.981141,21.497035],[24.981141,21.372443],[24.981038,21.247851],[24.980935,21.123311],[24.980935,20.998719],[24.980935,20.874128],[24.980831,20.749536],[24.980831,20.624944],[24.980831,20.500352],[24.980728,20.405319],[24.980625,20.310234],[24.980625,20.215098],[24.980521,20.120013],[24.980521,20.008391],[24.980521,20.002062],[24.979591,20.000512],[24.978661,19.999013],[24.977731,19.997463],[24.976801,19.995964],[24.974527,19.995654],[24.972356,19.995421],[24.970186,19.995189],[24.968016,19.994956],[24.867247,19.994956],[24.721312,19.995034],[24.599149,19.99506],[24.474609,19.995189],[24.34087,19.995292],[24.227906,19.995318],[24.142433,19.995421],[23.981306,19.995421],[23.981306,19.870597],[23.981306,19.745824],[23.981306,19.621026],[23.981306,19.496124],[23.857799,19.557179],[23.734292,19.618132],[23.610786,19.67911],[23.487279,19.740166],[23.363772,19.80117],[23.240162,19.862096],[23.116759,19.923152],[22.993149,19.984104],[22.869642,20.045108],[22.746136,20.106061],[22.622629,20.167091],[22.499122,20.228095],[22.375616,20.289124],[22.252109,20.350077],[22.128602,20.411055],[22.005096,20.472033],[21.881486,20.533063],[21.758082,20.59399],[21.634472,20.654968],[21.510966,20.716049],[21.387459,20.777027],[21.263952,20.838006],[21.140342,20.899036],[21.016939,20.959962],[20.893329,21.02094],[20.769926,21.08197],[20.646419,21.142897],[20.522809,21.203926],[20.399406,21.265008],[20.275796,21.325935],[20.152289,21.386913],[20.028782,21.447943],[19.905276,21.508869],[19.781665,21.569899],[19.658262,21.630877],[19.534652,21.691855],[19.411145,21.752885],[19.287639,21.813915],[19.185837,21.864177],[19.164132,21.874893],[19.040729,21.935871],[18.917119,21.99685],[18.793612,22.05788],[18.670105,22.118806],[18.546599,22.179836],[18.422989,22.240866],[18.299585,22.301844],[18.175975,22.362822],[18.052469,22.423852],[17.928962,22.484779],[17.805455,22.545757],[17.681949,22.606787],[17.558442,22.667765],[17.434832,22.728795],[17.311429,22.789799],[17.187922,22.850751],[17.064312,22.911755],[16.940909,22.972733],[16.817299,23.03366],[16.693792,23.094664],[16.570285,23.15572],[16.446779,23.216724],[16.323169,23.277728],[16.199765,23.338706],[16.076155,23.399632],[15.985101,23.44472],[15.964637,23.442214],[15.920196,23.422034],[15.862525,23.395937],[15.804854,23.369789],[15.747183,23.343641],[15.689616,23.317518],[15.631945,23.291344],[15.574274,23.265196],[15.516499,23.239048],[15.458829,23.212899],[15.401158,23.186751],[15.343487,23.160577],[15.285816,23.134455],[15.228145,23.108358],[15.170371,23.082261],[15.112907,23.056113],[15.055236,23.029965],[14.997461,23.003817],[14.979909,22.995664],[14.979271,22.995368],[14.979168,22.995316],[14.808016,22.908887],[14.63707,22.822536],[14.466021,22.736184],[14.294869,22.649833],[14.23172,22.617949],[14.216217,22.616295],[14.201644,22.62322],[14.156169,22.660737],[14.031009,22.763702],[13.906055,22.866616],[13.780895,22.969633],[13.655786,23.072624],[13.599562,23.119029],[13.482257,23.179672],[13.380661,23.202383],[13.292398,23.222098],[13.204134,23.241709],[13.115871,23.261449],[13.027607,23.281138],[12.939447,23.300827],[12.851184,23.32049],[12.763024,23.340179],[12.674657,23.359893],[12.586497,23.379582],[12.498337,23.399245],[12.409971,23.418882],[12.321811,23.438622],[12.233651,23.458285],[12.145284,23.477948],[12.057021,23.497611],[11.968861,23.517351],[11.89238,23.660056],[11.822306,23.790642],[11.71014,24.000137],[11.708618,24.00298],[11.636478,24.137649],[11.567128,24.26684],[11.541393,24.29751],[11.50863,24.313814],[11.46724,24.326339],[11.149996,24.422335],[10.911354,24.494501],[10.720668,24.552301],[10.699067,24.556125],[10.677363,24.553851],[10.566776,24.516463],[10.450194,24.476931],[10.410506,24.473288],[10.391799,24.47998],[10.260335,24.576641],[10.242248,24.595115],[10.229742,24.629945],[10.212172,24.722859],[10.193362,24.749937],[10.044534,24.829622],[10.032028,24.856339],[10.029961,24.995065],[10.025517,25.1364],[10.021383,25.26802],[10.007947,25.331426],[9.9695,25.395402],[9.816744,25.588465],[9.693961,25.743494],[9.541309,25.936351],[9.401162,26.113394],[9.377804,26.168946],[9.402506,26.216179],[9.416458,26.23225],[9.434752,26.271989],[9.468858,26.301031],[9.477643,26.315552],[9.481364,26.332606],[9.482604,26.352553],[9.835761,26.504223],[9.854571,26.524377],[9.896326,26.652793],[9.894052,26.67398],[9.88258,26.701782],[9.885474,26.736612],[9.910588,26.843117],[9.906661,26.857483],[9.890848,26.869576],[9.846096,26.891951],[9.835141,26.900995],[9.825529,26.92058],[9.806099,27.025122],[9.721349,27.291875],[9.721866,27.308463],[9.726517,27.32469],[9.743053,27.364119],[9.756283,27.42303],[9.770545,27.444217],[9.813643,27.486489],[9.821602,27.505687],[9.81168,27.526538],[9.797107,27.548914],[9.793903,27.569739],[9.818501,27.585733],[9.846613,27.599298],[9.863356,27.619246],[9.931274,27.818642],[9.934256,27.827398],[9.93591,27.866724],[9.789872,28.209442],[9.776953,28.267578],[9.827276,28.618647],[9.851264,28.785996],[9.848267,28.975726],[9.826149,29.128533],[9.746929,29.368428],[9.667709,29.608323],[9.54968,29.802316],[9.421729,29.968714],[9.369487,30.022794],[9.310005,30.084366],[9.286544,30.117129],[9.519708,30.228905],[9.743467,30.331328],[9.772922,30.338098],[9.845786,30.342283],[9.871314,30.355151],[9.995648,30.494522],[10.101171,30.641697],[10.192225,30.731252],[10.253927,30.841788],[10.26974,30.882147],[10.270153,30.915633],[10.245038,30.985707],[10.240594,31.021157],[10.246175,31.059552],[10.244832,31.078156],[10.213206,31.135362],[10.182717,31.240782],[10.108096,31.411831],[10.106235,31.429194],[10.116881,31.494409],[10.13259,31.517561],[10.196462,31.57859],[10.263952,31.680496],[10.315422,31.715843],[10.427766,31.714603],[10.482543,31.733103],[10.498873,31.744317],[10.513549,31.757029],[10.525538,31.772067],[10.542384,31.806638],[10.584552,31.84028],[10.597575,31.873508],[10.605946,31.953606],[10.628477,31.974122],[10.647288,31.971951],[10.665271,31.963218],[10.683564,31.957017],[10.703098,31.962185],[10.736585,31.985387],[10.772861,32.004508],[10.805624,32.032361],[10.845932,32.111788],[10.873217,32.136696],[11.182341,32.262223],[11.444035,32.36849],[11.513901,32.407997],[11.526085,32.417863],[11.546354,32.434275],[11.564131,32.465487],[11.560617,32.507578],[11.537363,32.543519],[11.47039,32.599277],[11.449926,32.637957],[11.449203,32.693018],[11.463775,32.798464],[11.456541,32.902101],[11.474421,32.969875],[11.474937,33.025841],[11.477418,33.041214],[11.506047,33.136376],[11.505112,33.181225]]]}},{"type":"Feature","properties":{"name":"JWLA 033 Country - Sudan","group":"countries-africa-e","source":"Natural Earth / geo-countries"},"geometry":{"type":"MultiPolygon","coordinates":[[[[22.861064,10.919154],[22.900235,11.059895],[22.906539,11.069894],[22.922352,11.087076],[22.925143,11.097954],[22.92566,11.118134],[22.928967,11.137926],[22.935168,11.155883],[22.952015,11.191049],[22.956459,11.2088],[22.954536,11.237843],[22.953668,11.250942],[22.928347,11.32515],[22.914808,11.396101],[22.900442,11.408245],[22.87698,11.40884],[22.781792,11.398892],[22.771871,11.403181],[22.771561,11.433308],[22.76877,11.442326],[22.743035,11.466097],[22.662523,11.493072],[22.628107,11.509841],[22.592347,11.543663],[22.561754,11.586012],[22.541704,11.632986],[22.537053,11.68089],[22.592863,11.988933],[22.610537,12.039628],[22.613534,12.05725],[22.612397,12.072804],[22.607333,12.077714],[22.598858,12.063244],[22.585525,12.071357],[22.546458,12.064433],[22.481449,12.044279],[22.470494,12.036114],[22.464499,12.032962],[22.458091,12.03043],[22.483826,12.140345],[22.484756,12.152541],[22.484033,12.164737],[22.481449,12.176674],[22.407965,12.399761],[22.374892,12.450869],[22.372825,12.463116],[22.395873,12.496086],[22.445689,12.611066],[22.43246,12.62383],[22.33014,12.661451],[22.204877,12.743358],[22.176248,12.7015],[22.144105,12.671269],[22.105865,12.650392],[22.058736,12.636697],[22.019668,12.631426],[21.97719,12.63184],[21.935953,12.63954],[21.900813,12.656438],[21.880142,12.676282],[21.840868,12.748939],[21.813686,12.782296],[21.809449,12.793665],[21.811826,12.799969],[21.827846,12.831104],[21.85296,12.905725],[21.935126,13.059152],[21.964065,13.098349],[21.998378,13.130595],[22.016051,13.140233],[22.123435,13.182168],[22.139971,13.193511],[22.232265,13.289035],[22.267612,13.334562],[22.275984,13.376316],[22.263995,13.399183],[22.228648,13.441119],[22.215625,13.464993],[22.211181,13.484191],[22.210561,13.541733],[22.195885,13.580464],[22.132116,13.638652],[22.11434,13.677383],[22.11434,13.699708],[22.116303,13.715185],[22.112893,13.729835],[22.09708,13.749756],[22.073722,13.771357],[22.074962,13.780323],[22.099353,13.819416],[22.180762,13.920555],[22.190614,13.932794],[22.214695,13.956617],[22.243531,13.975427],[22.402281,14.049299],[22.421608,14.06214],[22.458711,14.096117],[22.481449,14.108546],[22.508217,14.113636],[22.531472,14.122627],[22.546355,14.139707],[22.547698,14.169033],[22.540877,14.201176],[22.531885,14.220632],[22.514109,14.231458],[22.457678,14.241147],[22.441038,14.249855],[22.429049,14.264608],[22.419954,14.286235],[22.41706,14.298095],[22.418094,14.30595],[22.426982,14.323003],[22.431323,14.327214],[22.444862,14.333364],[22.449926,14.338377],[22.45096,14.345792],[22.447343,14.351632],[22.442382,14.356928],[22.439074,14.362923],[22.424915,14.470436],[22.417164,14.484104],[22.386364,14.506532],[22.363523,14.543532],[22.382334,14.579111],[22.422745,14.609084],[22.465429,14.629289],[22.666347,14.681741],[22.676579,14.688975],[22.681437,14.702928],[22.67968,14.711816],[22.66459,14.743752],[22.659009,14.761271],[22.650844,14.816151],[22.650844,14.841938],[22.658906,14.857415],[22.695493,14.88147],[22.715337,14.899428],[22.721021,14.915938],[22.721951,14.934671],[22.727222,14.959036],[22.738901,14.97981],[22.829025,15.071639],[22.848765,15.087504],[22.871606,15.0997],[22.905506,15.112567],[22.913257,15.121688],[22.958009,15.201631],[22.965657,15.223904],[22.97837,15.340202],[22.976406,15.373636],[22.966484,15.404823],[22.944987,15.433116],[22.923593,15.455569],[22.906849,15.481408],[22.899511,15.510191],[22.906746,15.541404],[22.92566,15.563935],[23.004518,15.611425],[23.068493,15.686692],[23.094642,15.704262],[23.119249,15.707224],[23.166782,15.712944],[23.320571,15.681318],[23.395812,15.688346],[23.52707,15.735165],[23.592699,15.749014],[23.707524,15.748859],[23.829067,15.731031],[23.945546,15.692222],[23.972624,15.691085],[23.984406,15.72116],[23.984406,15.72194],[23.984406,15.779658],[23.984303,16.011944],[23.983993,16.244229],[23.983786,16.476515],[23.983683,16.7088],[23.983476,16.941138],[23.983269,17.173371],[23.983063,17.405657],[23.982856,17.637943],[23.982753,17.870228],[23.982443,18.102514],[23.982236,18.334799],[23.982133,18.567033],[23.981926,18.799293],[23.981719,19.031553],[23.981512,19.263838],[23.981306,19.496124],[23.981306,19.621026],[23.981306,19.745824],[23.981306,19.870597],[23.981306,19.995421],[24.142433,19.995421],[24.227906,19.995318],[24.34087,19.995292],[24.474609,19.995189],[24.599149,19.99506],[24.721312,19.995034],[24.867247,19.994956],[24.968016,19.994956],[24.970186,19.995189],[24.972356,19.995421],[24.974527,19.995654],[24.976801,19.995964],[24.977731,19.997463],[24.978661,19.999013],[24.979591,20.000512],[24.980521,20.002062],[24.980521,20.008391],[24.980521,20.120013],[24.980625,20.215098],[24.980625,20.310234],[24.980728,20.405319],[24.980831,20.500352],[24.980831,20.624944],[24.980831,20.749536],[24.980935,20.874128],[24.980935,20.998719],[24.980935,21.123311],[24.981038,21.247851],[24.981141,21.372443],[24.981141,21.497035],[24.981141,21.621575],[24.981141,21.746167],[24.981245,21.870811],[24.981245,21.995351],[25.0785,21.995299],[25.175858,21.995299],[25.273217,21.995299],[25.370678,21.995299],[25.467933,21.995299],[25.56524,21.995248],[25.662599,21.995248],[25.759854,21.995248],[25.857109,21.995248],[25.954467,21.995196],[26.051929,21.995144],[26.149184,21.995144],[26.246542,21.995144],[26.343797,21.995093],[26.441052,21.995093],[26.538411,21.995093],[26.635769,21.995093],[26.733127,21.995041],[26.830383,21.994989],[26.927741,21.994989],[27.024996,21.994989],[27.122354,21.994989],[27.219713,21.994989],[27.316968,21.994938],[27.414326,21.994938],[27.511685,21.994938],[27.609043,21.994938],[27.706401,21.994938],[27.803656,21.994938],[27.901015,21.994886],[27.998373,21.994834],[28.095732,21.994834],[28.192935,21.994834],[28.290345,21.994783],[28.387703,21.994783],[28.484907,21.994783],[28.582317,21.994783],[28.679675,21.994783],[28.777034,21.994783],[28.874392,21.994731],[28.971647,21.994679],[29.069006,21.994679],[29.166364,21.994679],[29.263619,21.994679],[29.360822,21.994679],[29.458232,21.994628],[29.555591,21.994628],[29.652949,21.994628],[29.750308,21.994628],[29.847563,21.994576],[29.944818,21.994524],[30.042176,21.994524],[30.13938,21.994524],[30.236893,21.994524],[30.334251,21.994524],[30.431506,21.994473],[30.528761,21.994473],[30.62612,21.994473],[30.723478,21.994473],[30.820733,21.994473],[30.918143,21.994473],[31.015553,21.994421],[31.112912,21.994369],[31.210115,21.994369],[31.248407,21.994369],[31.261637,22.001759],[31.310936,22.095707],[31.314388,22.102273],[31.359512,22.188104],[31.38535,22.214459],[31.404057,22.223761],[31.42328,22.226965],[31.442504,22.224174],[31.460901,22.215493],[31.482915,22.195442],[31.491803,22.173221],[31.490563,22.14821],[31.467412,22.084131],[31.435476,21.995351],[31.494719,21.995387],[31.521776,21.995403],[31.624095,21.995403],[31.726518,21.995403],[31.828837,21.995403],[31.93126,21.995403],[32.033579,21.995403],[32.136002,21.995403],[32.238321,21.995403],[32.340744,21.995403],[32.443063,21.995403],[32.524519,21.995403],[32.545434,21.995403],[32.647857,21.995403],[32.750331,21.995403],[32.852651,21.995403],[32.955073,21.995403],[33.057393,21.995403],[33.158728,21.995403],[33.15976,21.995403],[33.181136,21.995409],[33.303681,21.903022],[33.439577,21.80057],[33.558442,21.710957],[33.560882,21.709118],[33.866456,21.749724],[33.999118,21.767353],[34.084179,21.995454],[34.090456,21.995454],[34.323103,21.995454],[34.555751,21.995506],[34.788501,21.995558],[35.021149,21.995558],[35.253796,21.995558],[35.486443,21.995558],[35.719194,21.995609],[35.951841,21.995609],[36.184592,21.995609],[36.417239,21.995661],[36.649887,21.995713],[36.883637,21.995714],[36.880626,21.980699],[36.87794,21.97602],[36.873709,21.974066],[36.857758,21.971991],[36.840099,21.966132],[36.863943,21.949368],[36.873546,21.936103],[36.874197,21.815253],[36.896821,21.677883],[36.887869,21.650133],[36.902029,21.641059],[36.905284,21.629381],[36.905935,21.617092],[36.91212,21.606106],[36.923188,21.595526],[36.930431,21.585924],[36.98406,21.465806],[37.113617,21.278062],[37.198985,21.202135],[37.305431,21.074449],[37.312999,21.057685],[37.310883,21.038153],[37.303966,21.020901],[37.291352,21.012641],[37.272146,21.020168],[37.251964,21.006049],[37.233897,21.02025],[37.206554,21.064887],[37.199718,21.073554],[37.192231,21.086086],[37.189301,21.097235],[37.1963,21.102118],[37.209321,21.098619],[37.216482,21.090399],[37.221039,21.08039],[37.227061,21.071682],[37.250011,21.054999],[37.26352,21.04975],[37.272146,21.054267],[37.27003,21.062567],[37.245372,21.089057],[37.229747,21.127834],[37.218923,21.14175],[37.203136,21.136868],[37.175141,21.156724],[37.167003,21.146186],[37.15919,21.148017],[37.15268,21.157782],[37.148611,21.170966],[37.151052,21.183051],[37.157563,21.194648],[37.159516,21.206448],[37.148611,21.218736],[37.12143,21.22427],[37.104991,21.207506],[37.098399,21.180894],[37.100759,21.156724],[37.105805,21.151109],[37.118175,21.150336],[37.120616,21.143704],[37.117198,21.131781],[37.11378,21.123236],[37.118175,21.097846],[37.117849,21.086127],[37.11378,21.074774],[37.10377,21.065334],[37.093598,21.062405],[37.086681,21.057115],[37.086436,21.040595],[37.091563,21.031643],[37.120616,20.999701],[37.147309,20.940863],[37.160004,20.878241],[37.169119,20.746405],[37.183604,20.684394],[37.228038,20.565009],[37.230479,20.499986],[37.227712,20.484076],[37.222423,20.468248],[37.212738,20.458686],[37.182302,20.462836],[37.178884,20.449937],[37.182628,20.420233],[37.175141,20.349189],[37.182302,20.308743],[37.182628,20.293931],[37.206234,20.235371],[37.214248,20.200116],[37.21958,20.167429],[37.224892,20.119532],[37.209646,20.08161],[37.209972,20.074856],[37.206309,20.06387],[37.194102,20.049506],[37.189464,20.040107],[37.188813,20.01317],[37.196137,19.979153],[37.259451,19.820705],[37.26531,19.786851],[37.26531,19.721666],[37.263357,19.703762],[37.258067,19.692857],[37.241384,19.670478],[37.238292,19.65526],[37.245372,19.595038],[37.243826,19.576158],[37.245372,19.567776],[37.249278,19.558295],[37.26531,19.532375],[37.285818,19.475287],[37.32545,19.262844],[37.333507,19.159654],[37.337169,19.147691],[37.345551,19.140815],[37.354747,19.135484],[37.36085,19.128323],[37.36085,19.121649],[37.355642,19.108547],[37.355235,19.10163],[37.379562,19.069301],[37.391576,19.019453],[37.412364,18.955268],[37.425955,18.913479],[37.434337,18.861721],[37.447602,18.843573],[37.469177,18.805424],[37.492286,18.76751],[37.525238,18.738511],[37.530772,18.726874],[37.539806,18.715888],[37.551036,18.709947],[37.563162,18.71369],[37.574392,18.719916],[37.581798,18.718166],[37.641512,18.726744],[37.674725,18.740953],[37.679371,18.722502],[37.701671,18.711168],[37.720225,18.707831],[37.740733,18.709174],[37.747125,18.69768],[37.749469,18.681389],[37.765573,18.667295],[37.758067,18.628648],[37.773611,18.636664],[37.785159,18.64016],[37.796397,18.631741],[37.812755,18.615627],[37.925505,18.585044],[37.966936,18.546964],[37.994884,18.502021],[38.038198,18.461086],[38.065716,18.44371],[38.109251,18.427425],[38.121858,18.413301],[38.109275,18.395924],[38.082957,18.382879],[38.076119,18.348119],[38.103624,18.291663],[38.151674,18.249331],[38.205417,18.237394],[38.245434,18.243906],[38.251161,18.280825],[38.271251,18.286607],[38.306163,18.306545],[38.312348,18.295966],[38.303884,18.287543],[38.289806,18.280219],[38.27947,18.273017],[38.278005,18.26496],[38.278819,18.253974],[38.276215,18.242011],[38.264496,18.23078],[38.24936,18.22663],[38.236013,18.227444],[38.224864,18.226549],[38.217296,18.217719],[38.230317,18.217841],[38.265147,18.223944],[38.278331,18.221666],[38.287364,18.216295],[38.295665,18.209784],[38.306163,18.204088],[38.319347,18.200873],[38.347504,18.197577],[38.361095,18.193183],[38.376231,18.190619],[38.386567,18.195258],[38.388031,18.203192],[38.375662,18.210354],[38.391449,18.224189],[38.411143,18.204901],[38.443207,18.155707],[38.433849,18.142279],[38.45045,18.132392],[38.475597,18.130561],[38.49171,18.141425],[38.502289,18.126044],[38.505707,18.086371],[38.512218,18.073717],[38.531993,18.070705],[38.541677,18.085883],[38.54005,18.10871],[38.52589,18.128363],[38.542817,18.118394],[38.584483,18.077135],[38.591075,18.061754],[38.590994,18.045966],[38.593435,18.0362],[38.603852,18.013861],[38.601573,18.004828],[38.459285,17.890744],[38.431587,17.851986],[38.371332,17.698817],[38.343737,17.655926],[38.323479,17.640888],[38.27387,17.617789],[38.25661,17.602544],[38.251546,17.582804],[38.252786,17.561617],[38.250202,17.541824],[38.233356,17.525701],[38.209688,17.522291],[38.192015,17.532729],[38.176822,17.547561],[38.160595,17.557327],[38.125352,17.546527],[38.119461,17.545597],[38.114913,17.536657],[38.116154,17.530301],[38.118737,17.523428],[38.118427,17.512937],[38.107989,17.493817],[38.091452,17.480019],[38.076466,17.479864],[38.070782,17.501465],[38.072229,17.521464],[38.071195,17.538104],[38.06179,17.548077],[38.038846,17.548181],[38.015385,17.539964],[38.014424,17.539344],[37.946862,17.495729],[37.915546,17.457023],[37.895909,17.442554],[37.872034,17.437283],[37.849193,17.444001],[37.819221,17.4717],[37.79886,17.477126],[37.763927,17.45909],[37.720415,17.38385],[37.679591,17.363437],[37.63918,17.358011],[37.506785,17.318479],[37.496036,17.312174],[37.493556,17.300754],[37.504718,17.254969],[37.505648,17.236778],[37.500997,17.195076],[37.494693,17.174612],[37.472782,17.136991],[37.468028,17.114667],[37.45976,17.09472],[37.403432,17.029918],[37.309795,17.055343],[37.280959,17.052965],[37.233417,17.024647],[37.203134,17.022786],[37.188252,17.024905],[37.133991,17.01643],[37.124069,17.018032],[37.085415,17.040873],[37.07508,17.044542],[37.049345,17.04878],[37.031465,17.055808],[37.016376,17.065833],[37.000459,17.072602],[36.980099,17.070019],[36.973484,17.062526],[36.97337,17.062083],[36.971314,17.054102],[36.973588,17.045214],[36.993431,17.018652],[36.997049,16.999532],[36.992398,16.980205],[36.96811,16.946615],[36.971521,16.935815],[36.981959,16.925996],[36.990641,16.913646],[36.993121,16.900933],[36.991261,16.860781],[36.992605,16.856957],[36.998496,16.847965],[36.999736,16.842126],[36.997876,16.837991],[36.990641,16.829982],[36.988781,16.825537],[36.984957,16.765696],[36.960359,16.705648],[36.94961,16.69185],[36.91664,16.668958],[36.901447,16.655729],[36.892352,16.636867],[36.890699,16.619142],[36.892559,16.586534],[36.889562,16.567207],[36.877263,16.527313],[36.876539,16.513567],[36.883361,16.490416],[36.896383,16.472742],[36.912093,16.456619],[36.926252,16.438274],[36.927313,16.435393],[36.933693,16.418069],[36.933177,16.400395],[36.929663,16.382464],[36.928216,16.361121],[36.933383,16.340089],[36.951574,16.299575],[36.954261,16.278284],[36.944029,16.252859],[36.902171,16.211001],[36.885944,16.184853],[36.852665,16.093644],[36.8075,15.969311],[36.759544,15.837484],[36.732672,15.794748],[36.683269,15.74519],[36.670971,15.723124],[36.61671,15.531534],[36.614126,15.489262],[36.627872,15.445622],[36.595109,15.424331],[36.575576,15.393428],[36.524933,15.247908],[36.506743,15.220338],[36.433156,15.150859],[36.425094,15.133444],[36.423647,15.111508],[36.435119,15.01663],[36.45548,14.849069],[36.462199,14.793766],[36.47398,14.696804],[36.489173,14.571231],[36.504262,14.447336],[36.52638,14.263523],[36.436566,13.991214],[36.432122,13.969924],[36.432535,13.944499],[36.438013,13.919952],[36.455376,13.870007],[36.458167,13.820139],[36.439942,13.776176],[36.398429,13.67604],[36.394812,13.655938],[36.391298,13.599352],[36.382099,13.571033],[36.233581,13.36164],[36.136946,13.032436],[36.138393,13.013315],[36.146351,12.997373],[36.149555,12.988821],[36.149865,12.980242],[36.140874,12.96554],[36.125991,12.950968],[36.114415,12.933889],[36.115346,12.911719],[36.138703,12.871851],[36.143044,12.856942],[36.143251,12.832551],[36.123614,12.721447],[36.115035,12.70181],[36.099429,12.69566],[36.072144,12.70305],[36.063049,12.707908],[36.057261,12.712145],[36.050647,12.715452],[36.038451,12.717468],[36.029976,12.717158],[35.728392,12.67437],[35.702761,12.66605],[35.70137,12.665421],[35.687671,12.659228],[35.684054,12.656076],[35.684261,12.650753],[35.677439,12.625225],[35.675992,12.614528],[35.672375,12.604296],[35.662453,12.593651],[35.653772,12.590034],[35.634445,12.588587],[35.625866,12.585124],[35.616875,12.575151],[35.428772,12.266953],[35.418127,12.238996],[35.41544,12.211142],[35.412546,12.198636],[35.403348,12.185097],[35.392909,12.176726],[35.371102,12.165512],[35.361283,12.157347],[35.353738,12.14603],[35.335962,12.102312],[35.32604,12.047483],[35.317358,12.023712],[35.297824,12.001594],[35.260411,11.980407],[35.251419,11.971725],[35.248525,11.962475],[35.248379,11.957858],[35.247802,11.939634],[35.245734,11.929867],[35.215555,11.896588],[35.148556,11.871229],[35.126672,11.862946],[35.088018,11.838193],[35.072722,11.818866],[35.059079,11.79587],[35.048227,11.771376],[35.041199,11.747604],[35.040579,11.727399],[35.048124,11.68952],[35.046263,11.648644],[35.053498,11.628077],[35.074375,11.587356],[35.076856,11.568649],[35.073135,11.54896],[34.947148,11.274868],[34.944254,11.253242],[34.953969,11.226112],[34.971436,11.206888],[34.984148,11.186398],[34.980324,11.155263],[34.914282,10.963957],[34.913558,10.952976],[34.92317,10.939928],[34.952832,10.91843],[34.95831,10.903418],[34.950662,10.869183],[34.933816,10.845308],[34.879762,10.804613],[34.861572,10.787586],[34.857438,10.775674],[34.857334,10.763556],[34.85134,10.745753],[34.838524,10.72914],[34.827569,10.72777],[34.815373,10.73131],[34.798527,10.729656],[34.786228,10.718985],[34.772895,10.688263],[34.764834,10.680254],[34.754395,10.684129],[34.752948,10.698728],[34.756979,10.728804],[34.750674,10.743945],[34.737445,10.755391],[34.708093,10.774072],[34.587067,10.879285],[34.574768,10.884143],[34.557818,10.877787],[34.437308,10.795673],[34.420048,10.780816],[34.404235,10.759835],[34.365582,10.685783],[34.279489,10.565506],[34.271737,10.530082],[34.276181,10.488715],[34.32486,10.268651],[34.325894,10.223563],[34.317419,10.181266],[34.314215,10.175452],[34.304603,10.165634],[34.301813,10.160285],[34.301606,10.148994],[34.305017,10.124603],[34.303466,10.113544],[34.280832,10.080109],[34.221921,10.02603],[34.098208,9.67972],[34.066892,9.531176],[34.070698,9.454592],[33.900855,9.45529],[33.897755,9.456582],[33.894809,9.459475],[33.892019,9.464281],[33.888711,9.470818],[33.881425,9.499215],[33.877704,9.543424],[33.883905,9.619853],[33.904886,9.7107],[33.96912,9.838341],[33.972376,9.848883],[33.973254,9.854852],[33.973254,9.861776],[33.96726,9.884514],[33.959818,9.904203],[33.956097,9.933994],[33.96726,10.000269],[33.968345,10.020811],[33.966794,10.047269],[33.961782,10.064038],[33.916978,10.174522],[33.902096,10.192041],[33.685545,10.367973],[33.468995,10.543905],[33.389827,10.639248],[33.3813,10.645785],[33.370603,10.650901],[33.15072,10.730974],[33.140023,10.739036],[33.141418,10.750818],[33.14824,10.766036],[33.174646,10.812287],[33.178367,10.824534],[33.182088,10.843241],[33.132504,11.213903],[33.082921,11.584565],[33.083231,11.599164],[33.087727,11.608853],[33.091447,11.614796],[33.104573,11.630583],[33.115994,11.646939],[33.129016,11.67549],[33.132427,11.686213],[33.146018,11.81866],[33.144984,11.934673],[33.203017,12.128098],[33.209218,12.210367],[32.731779,12.216155],[32.728834,12.211917],[32.728524,12.206853],[32.729712,12.201065],[32.730384,12.194864],[32.730074,12.181893],[32.726198,12.157941],[32.725268,12.145255],[32.725733,12.132336],[32.73302,12.085982],[32.745577,12.051126],[32.747592,12.039525],[32.748213,12.026812],[32.746662,12.002731],[32.414434,12.001271],[32.082207,11.999811],[32.34524,11.709106],[32.34834,11.703163],[32.352991,11.687376],[32.354852,11.675774],[32.359812,11.573481],[32.345705,11.41163],[32.348754,11.30758],[32.364153,11.240013],[32.435363,11.107023],[32.430713,11.082193],[32.414073,11.050851],[32.17848,10.853202],[31.942887,10.655552],[31.929865,10.636923],[31.864184,10.472127],[31.801965,10.376241],[31.774215,10.348775],[31.664816,10.214236],[31.449816,10.003279],[31.234817,9.792323],[31.164382,9.764005],[30.950234,9.752455],[30.94991,9.752446],[30.83696,9.749354],[30.824092,9.746176],[30.804817,9.738942],[30.793035,9.728012],[30.779082,9.719873],[30.765284,9.724291],[30.749265,9.735763],[30.484578,9.972028],[30.248779,10.121257],[30.012979,10.270485],[29.967814,10.243329],[29.700957,10.115017],[29.64587,10.081711],[29.615432,10.058147],[29.613882,9.914461],[29.567321,9.841364],[29.483089,9.761679],[29.252354,9.711165],[29.132258,9.667731],[29.009474,9.603239],[28.989476,9.58709],[28.913833,9.529031],[28.84933,9.465901],[28.828745,9.427474],[28.827372,9.38493],[28.831489,9.349248],[28.843841,9.324545],[28.84255,9.324556],[28.44383,9.327981],[28.04511,9.331407],[27.997076,9.38493],[27.895072,9.59541],[27.884788,9.591379],[27.868355,9.588511],[27.769602,9.583318],[27.641496,9.601947],[27.635915,9.601379],[27.615089,9.595798],[27.609301,9.595178],[27.528066,9.605358],[27.385129,9.60479],[27.33924,9.612799],[27.080393,9.606831],[26.694318,9.476942],[26.683621,9.476012],[26.625744,9.480663],[26.600887,9.49198],[26.556859,9.520454],[26.368163,9.739717],[26.179466,9.95898],[26.102623,9.987841],[26.102313,9.988163],[26.088206,10.002827],[26.076423,10.01771],[26.016685,10.114862],[26.010794,10.122691],[26.007229,10.125998],[26.000872,10.131062],[25.998082,10.132458],[25.9709,10.140312],[25.955707,10.146901],[25.919689,10.167856],[25.911937,10.174212],[25.905426,10.181266],[25.902791,10.185529],[25.90093,10.191059],[25.894884,10.34583],[25.893644,10.351333],[25.891628,10.355984],[25.886512,10.364304],[25.843053,10.417815],[25.839332,10.420554],[25.82848,10.419546],[25.78378,10.407893],[25.762799,10.397739],[25.753962,10.395336],[25.745901,10.394405],[25.705748,10.395956],[25.699961,10.395026],[25.684148,10.390685],[25.661358,10.387016],[25.629061,10.386706],[25.623324,10.385853],[25.58033,10.375311],[25.506484,10.349628],[25.503383,10.349163],[25.490826,10.345597],[25.479509,10.343814],[25.439305,10.345209],[25.427212,10.344124],[25.415844,10.342031],[25.400961,10.336993],[25.391504,10.332652],[25.381272,10.329448],[25.369335,10.328208],[25.362927,10.32813],[25.351145,10.326813],[25.346029,10.325262],[25.327425,10.316581],[25.321999,10.315651],[25.316211,10.315573],[25.305359,10.317123],[25.299778,10.316658],[25.290166,10.313093],[25.28474,10.311852],[25.278694,10.312007],[25.272803,10.313015],[25.267067,10.314798],[25.25699,10.319216],[25.251512,10.320999],[25.239575,10.323014],[25.232754,10.322317],[25.225623,10.320611],[25.216631,10.316968],[25.209965,10.316116],[25.198286,10.317588],[25.19255,10.317433],[25.168365,10.308132],[25.156893,10.306245],[25.131261,10.308287],[25.120564,10.30609],[25.105992,10.300354],[25.090282,10.295755],[25.084081,10.293223],[25.07695,10.286867],[25.067028,10.27493],[25.017057,10.168011],[25.014421,10.157366],[25.013646,10.149072],[25.015816,10.138039],[25.017367,10.133],[25.025583,10.114164],[25.028684,10.103906],[25.029304,10.098248],[25.028994,10.092047],[25.027754,10.086155],[25.016901,10.056752],[24.990702,10.00306],[24.984965,9.985593],[24.976284,9.967351],[24.967861,9.955957],[24.954373,9.942237],[24.926933,9.90521],[24.913859,9.890715],[24.879287,9.869915],[24.844819,9.841674],[24.836292,9.836636],[24.827611,9.832683],[24.816759,9.830745],[24.807302,9.830047],[24.803685,9.829169],[24.799809,9.825215],[24.796398,9.818859],[24.792677,9.798369],[24.794383,9.532184],[24.792522,9.520402],[24.785236,9.497509],[24.723948,9.429219],[24.694957,9.402916],[24.686999,9.391366],[24.680178,9.373357],[24.660954,9.182283],[24.659869,9.176986],[24.655993,9.167297],[24.565353,9.014851],[24.559307,8.999865],[24.558377,8.993354],[24.558377,8.886746],[24.552795,8.880079],[24.542874,8.874653],[24.493833,8.858349],[24.402882,8.848893],[24.380093,8.844216],[24.270849,8.775719],[24.240566,8.761534],[24.182999,8.717919],[24.176953,8.709857],[24.174782,8.695646],[24.170328,8.689327],[24.114011,8.681642],[24.009624,8.698876],[23.981306,8.694173],[23.962082,8.697015],[23.922291,8.713449],[23.866687,8.70779],[23.803436,8.72213],[23.768916,8.721252],[23.737496,8.70686],[23.72127,8.702002],[23.689127,8.710684],[23.657088,8.710012],[23.644065,8.715154],[23.629079,8.725593],[23.61337,8.732233],[23.59642,8.734145],[23.578023,8.730476],[23.56407,8.722699],[23.540506,8.704793],[23.525726,8.701485],[23.505262,8.710736],[23.49007,8.732595],[23.481801,8.759363],[23.482318,8.783393],[23.495444,8.809438],[23.536682,8.85561],[23.553632,8.883154],[23.565931,8.940024],[23.567481,8.974828],[23.560143,8.996455],[23.542573,8.997281],[23.505469,8.961082],[23.478081,8.958912],[23.451416,8.974182],[23.43829,8.994543],[23.435706,9.018934],[23.45772,9.146161],[23.462821,9.153725],[23.474257,9.170682],[23.48945,9.176702],[23.521799,9.175358],[23.537922,9.178149],[23.549498,9.185254],[23.571408,9.207294],[23.610062,9.255457],[23.623291,9.265637],[23.63218,9.277574],[23.630733,9.292173],[23.620501,9.322869],[23.621845,9.34062],[23.646856,9.418393],[23.646339,9.425033],[23.640861,9.43312],[23.63497,9.435394],[23.627529,9.435084],[23.619984,9.447719],[23.617194,9.457176],[23.618537,9.488311],[23.61647,9.501463],[23.606755,9.526241],[23.606135,9.537171],[23.618537,9.566084],[23.655538,9.622463],[23.669077,9.652022],[23.674038,9.69034],[23.644789,9.863068],[23.624015,9.907768],[23.457617,10.173747],[23.291219,10.439726],[23.109421,10.614495],[23.005551,10.686817],[22.863234,10.891817],[22.861064,10.919154]]],[[[37.26531,20.855048],[37.275645,20.848049],[37.279145,20.845649],[37.283539,20.83275],[37.271821,20.766099],[37.264496,20.749986],[37.254405,20.749823],[37.244151,20.77265],[37.243419,20.804023],[37.250824,20.834662],[37.26531,20.855048]]]]}},{"type":"Feature","properties":{"name":"JWLA 033 Country - Eritrea","group":"countries-africa-e","source":"Natural Earth / geo-countries"},"geometry":{"type":"MultiPolygon","coordinates":[[[[43.117686,12.707913],[42.900358,12.616389],[42.890126,12.615407],[42.877723,12.62507],[42.868835,12.626155],[42.852092,12.611738],[42.828838,12.557633],[42.785223,12.517222],[42.788737,12.487456],[42.798038,12.456088],[42.792251,12.429165],[42.779745,12.422602],[42.749876,12.417073],[42.741401,12.408081],[42.727758,12.388806],[42.696187,12.380126],[42.691482,12.378832],[42.678252,12.360022],[42.521569,12.496241],[42.475681,12.516343],[42.448499,12.523371],[42.430929,12.520322],[42.379459,12.465907],[42.33171,12.515465],[42.250165,12.623985],[42.184949,12.733048],[42.137304,12.77333],[42.0817,12.803922],[42.024649,12.82697],[41.946617,12.876166],[41.894321,12.94797],[41.8166,13.112792],[41.784767,13.164572],[41.750764,13.208316],[41.7118,13.247926],[41.635525,13.309344],[41.530726,13.393783],[41.357093,13.502278],[41.222217,13.586614],[41.192038,13.615863],[41.121345,13.738181],[41.043623,13.872488],[40.93779,13.989922],[40.833197,14.105962],[40.772322,14.148362],[40.704419,14.173219],[40.614089,14.185802],[40.585874,14.19469],[40.479834,14.244403],[40.421646,14.273755],[40.353687,14.335241],[40.277055,14.404574],[40.237678,14.427441],[40.194373,14.444649],[40.104559,14.465966],[40.086886,14.465759],[40.037483,14.451522],[40.023221,14.45116],[39.999839,14.455238],[39.979812,14.458731],[39.961519,14.454209],[39.93072,14.428784],[39.911186,14.42341],[39.892273,14.426562],[39.87708,14.433616],[39.824473,14.478135],[39.796878,14.495111],[39.766906,14.504775],[39.735073,14.503715],[39.722985,14.501717],[39.677712,14.494233],[39.650944,14.496584],[39.599474,14.511648],[39.59379,14.514567],[39.587692,14.520278],[39.567331,14.544307],[39.552138,14.556684],[39.532295,14.567587],[39.515035,14.56782],[39.50718,14.547821],[39.489403,14.524489],[39.448579,14.505111],[39.36662,14.482916],[39.347603,14.481805],[39.293446,14.490305],[39.268538,14.48643],[39.254999,14.474415],[39.233191,14.440438],[39.20818,14.440179],[39.187509,14.477205],[39.158467,14.560146],[39.144721,14.581566],[39.127461,14.602211],[39.107308,14.620116],[39.0855,14.633475],[39.075475,14.637402],[39.04695,14.643758],[39.011189,14.647763],[39.009742,14.651226],[38.996823,14.638901],[38.995273,14.622261],[38.996823,14.60358],[38.993826,14.585157],[38.979667,14.567122],[38.959203,14.554642],[38.917552,14.535703],[38.884582,14.506247],[38.866082,14.493664],[38.821537,14.489478],[38.761902,14.465449],[38.742885,14.461056],[38.724385,14.459403],[38.706195,14.46116],[38.688005,14.467103],[38.668471,14.467723],[38.606563,14.436484],[38.569356,14.426821],[38.492978,14.418294],[38.443679,14.418656],[38.435204,14.416305],[38.426832,14.417183],[38.41443,14.426304],[38.409056,14.43527],[38.402338,14.456871],[38.394276,14.464312],[38.340636,14.492682],[38.32503,14.504594],[38.313351,14.519347],[38.305186,14.536917],[38.295678,14.574874],[38.28927,14.587741],[38.278831,14.595467],[38.267152,14.601771],[38.257644,14.610427],[38.252683,14.62022],[38.247825,14.647712],[38.245841,14.652474],[38.239557,14.667555],[38.229325,14.679725],[38.213925,14.685875],[38.190258,14.687322],[38.13331,14.677762],[38.115223,14.681017],[38.006703,14.7244],[37.998435,14.730911],[37.99275,14.740755],[37.992027,14.749514],[37.989856,14.757317],[37.980038,14.764552],[37.968772,14.766387],[37.964432,14.771193],[37.962261,14.777859],[37.958437,14.785093],[37.957817,14.788194],[37.958127,14.798762],[37.95761,14.802844],[37.954096,14.806255],[37.944381,14.80734],[37.94004,14.81088],[37.92092,14.847519],[37.908828,14.864727],[37.891464,14.879532],[37.85064,14.783879],[37.785631,14.632183],[37.721242,14.481753],[37.658507,14.335173],[37.601043,14.200917],[37.564973,14.116685],[37.553707,14.105497],[37.535724,14.11684],[37.525285,14.128829],[37.520634,14.145443],[37.519498,14.170997],[37.5165,14.180557],[37.508749,14.188127],[37.498517,14.193088],[37.488182,14.194897],[37.475366,14.199574],[37.469371,14.210813],[37.464307,14.235825],[37.456969,14.254609],[37.452628,14.260578],[37.412217,14.293599],[37.397748,14.301738],[37.394957,14.312383],[37.395474,14.335173],[37.394027,14.350081],[37.390203,14.358169],[37.374907,14.373026],[37.33708,14.426356],[37.318166,14.43713],[37.293775,14.457439],[37.280029,14.45545],[37.258221,14.448111],[37.184221,14.449558],[37.149701,14.441936],[37.121072,14.420826],[37.105879,14.399226],[37.097818,14.379511],[37.094407,14.35915],[37.093787,14.335173],[37.090997,14.314218],[37.083452,14.297733],[37.072703,14.285305],[37.060197,14.27683],[37.052446,14.275331],[37.034256,14.277502],[37.026091,14.27683],[37.011518,14.265074],[37.005627,14.263162],[36.995395,14.264092],[36.986714,14.266831],[36.978859,14.27112],[36.970901,14.27683],[36.952814,14.300963],[36.946923,14.304735],[36.913746,14.309024],[36.848531,14.327783],[36.816388,14.332072],[36.748072,14.332072],[36.738357,14.329798],[36.72213,14.320057],[36.713655,14.317784],[36.668593,14.317784],[36.648543,14.31458],[36.61764,14.300446],[36.603791,14.29732],[36.5825,14.296751],[36.565654,14.292927],[36.553045,14.282773],[36.545707,14.263162],[36.52638,14.263523],[36.504262,14.447336],[36.489173,14.571231],[36.47398,14.696804],[36.462199,14.793766],[36.45548,14.849069],[36.435119,15.01663],[36.423647,15.111508],[36.425094,15.133444],[36.433156,15.150859],[36.506743,15.220338],[36.524933,15.247908],[36.575576,15.393428],[36.595109,15.424331],[36.627872,15.445622],[36.614126,15.489262],[36.61671,15.531534],[36.670971,15.723124],[36.683269,15.74519],[36.732672,15.794748],[36.759544,15.837484],[36.8075,15.969311],[36.852665,16.093644],[36.885944,16.184853],[36.902171,16.211001],[36.944029,16.252859],[36.954261,16.278284],[36.951574,16.299575],[36.933383,16.340089],[36.928216,16.361121],[36.929663,16.382464],[36.933177,16.400395],[36.933693,16.418069],[36.927313,16.435393],[36.926252,16.438274],[36.912093,16.456619],[36.896383,16.472742],[36.883361,16.490416],[36.876539,16.513567],[36.877263,16.527313],[36.889562,16.567207],[36.892559,16.586534],[36.890699,16.619142],[36.892352,16.636867],[36.901447,16.655729],[36.91664,16.668958],[36.94961,16.69185],[36.960359,16.705648],[36.984957,16.765696],[36.988781,16.825537],[36.990641,16.829982],[36.997876,16.837991],[36.999736,16.842126],[36.998496,16.847965],[36.992605,16.856957],[36.991261,16.860781],[36.993121,16.900933],[36.990641,16.913646],[36.981959,16.925996],[36.971521,16.935815],[36.96811,16.946615],[36.992398,16.980205],[36.997049,16.999532],[36.993431,17.018652],[36.973588,17.045214],[36.971314,17.054102],[36.97337,17.062083],[36.973484,17.062526],[36.980099,17.070019],[37.000459,17.072602],[37.016376,17.065833],[37.031465,17.055808],[37.049345,17.04878],[37.07508,17.044542],[37.085415,17.040873],[37.124069,17.018032],[37.133991,17.01643],[37.188252,17.024905],[37.203134,17.022786],[37.233417,17.024647],[37.280959,17.052965],[37.309795,17.055343],[37.403432,17.029918],[37.45976,17.09472],[37.468028,17.114667],[37.472782,17.136991],[37.494693,17.174612],[37.500997,17.195076],[37.505648,17.236778],[37.504718,17.254969],[37.493556,17.300754],[37.496036,17.312174],[37.506785,17.318479],[37.63918,17.358011],[37.679591,17.363437],[37.720415,17.38385],[37.763927,17.45909],[37.79886,17.477126],[37.819221,17.4717],[37.849193,17.444001],[37.872034,17.437283],[37.895909,17.442554],[37.915546,17.457023],[37.946862,17.495729],[38.014424,17.539344],[38.015385,17.539964],[38.038846,17.548181],[38.06179,17.548077],[38.071195,17.538104],[38.072229,17.521464],[38.070782,17.501465],[38.076466,17.479864],[38.091452,17.480019],[38.107989,17.493817],[38.118427,17.512937],[38.118737,17.523428],[38.116154,17.530301],[38.114913,17.536657],[38.119461,17.545597],[38.125352,17.546527],[38.160595,17.557327],[38.176822,17.547561],[38.192015,17.532729],[38.209688,17.522291],[38.233356,17.525701],[38.250202,17.541824],[38.252786,17.561617],[38.251546,17.582804],[38.25661,17.602544],[38.27387,17.617789],[38.323479,17.640888],[38.343737,17.655926],[38.371332,17.698817],[38.431587,17.851986],[38.459285,17.890744],[38.601573,18.004828],[38.603689,17.994371],[38.613048,17.983466],[38.620372,17.952582],[38.662934,17.894965],[38.66627,17.884955],[38.667491,17.864447],[38.66977,17.85399],[38.687836,17.829413],[38.690929,17.823635],[38.695811,17.806627],[38.789724,17.668891],[38.85963,17.513251],[38.929047,17.397121],[38.953298,17.312242],[38.964692,17.292304],[38.952647,17.253485],[38.971202,17.223334],[38.998546,17.19595],[39.012462,17.165351],[39.017589,17.126695],[39.026134,17.093085],[39.055919,17.034125],[39.060313,17.014838],[39.06365,16.97427],[39.068858,16.953925],[39.084483,16.924872],[39.090017,16.884223],[39.094981,16.867743],[39.12794,16.794867],[39.149669,16.716946],[39.135997,16.723782],[39.155935,16.679145],[39.161388,16.657172],[39.163341,16.62816],[39.144867,16.609361],[39.160981,16.563788],[39.156505,16.538153],[39.149669,16.544989],[39.15089,16.529446],[39.160655,16.525133],[39.171641,16.524848],[39.177013,16.52143],[39.175548,16.48664],[39.177013,16.477362],[39.180675,16.468207],[39.185069,16.460517],[39.188975,16.451809],[39.190603,16.439439],[39.18922,16.399888],[39.190603,16.387356],[39.194102,16.378119],[39.203136,16.362209],[39.204845,16.349799],[39.20338,16.337551],[39.197276,16.312812],[39.197439,16.29857],[39.228038,16.168036],[39.232188,16.123847],[39.235606,16.10871],[39.258962,16.058987],[39.294119,15.928778],[39.313487,15.893948],[39.37322,15.858466],[39.382498,15.842963],[39.390391,15.83633],[39.427013,15.82038],[39.437022,15.811957],[39.437511,15.799018],[39.432628,15.788153],[39.426443,15.778144],[39.42335,15.767564],[39.426524,15.755805],[39.440684,15.740912],[39.443858,15.73314],[39.445323,15.706529],[39.450857,15.690497],[39.477875,15.661119],[39.460623,15.659613],[39.448741,15.649807],[39.444591,15.63524],[39.450694,15.619574],[39.454926,15.628119],[39.464041,15.638332],[39.474946,15.642646],[39.484874,15.633857],[39.482758,15.614936],[39.46339,15.605902],[39.440929,15.603176],[39.430186,15.603095],[39.432465,15.593655],[39.450694,15.565579],[39.455251,15.531887],[39.45753,15.524604],[39.47169,15.519436],[39.494884,15.517524],[39.516856,15.520087],[39.526378,15.528022],[39.533946,15.539781],[39.551768,15.542304],[39.572032,15.538398],[39.587169,15.531399],[39.611339,15.499986],[39.663585,15.336168],[39.667735,15.332506],[39.686534,15.325629],[39.690766,15.322211],[39.693044,15.304674],[39.698985,15.288031],[39.707693,15.273871],[39.718272,15.263902],[39.70338,15.209377],[39.698253,15.123603],[39.70045,15.119534],[39.709809,15.113023],[39.712087,15.10932],[39.715587,15.094062],[39.725108,15.086168],[39.738129,15.085639],[39.752289,15.092597],[39.762218,15.07392],[39.773692,15.071031],[39.789399,15.075588],[39.81129,15.078925],[39.818207,15.08397],[39.823741,15.095649],[39.826182,15.108222],[39.824718,15.116523],[39.819672,15.1258],[39.823497,15.13227],[39.835623,15.140367],[39.854666,15.173489],[39.856781,15.192939],[39.836762,15.226793],[39.825938,15.266913],[39.817719,15.281236],[39.804454,15.28144],[39.796397,15.266018],[39.789724,15.257473],[39.780935,15.278144],[39.778494,15.297593],[39.780935,15.34927],[39.779633,15.360419],[39.774587,15.379381],[39.773448,15.39053],[39.775727,15.402737],[39.781261,15.406724],[39.787934,15.408677],[39.793793,15.41474],[39.800466,15.44892],[39.80714,15.458889],[39.8213,15.448879],[39.828136,15.448879],[39.829112,15.456855],[39.835623,15.476142],[39.841645,15.476142],[39.842052,15.472968],[39.841645,15.463121],[39.852712,15.471584],[39.865977,15.492987],[39.875255,15.504096],[39.889985,15.478217],[39.910004,15.457424],[40.005138,15.381008],[40.019786,15.373765],[40.042817,15.368883],[40.050792,15.366116],[40.060802,15.360093],[40.072439,15.350735],[40.079926,15.340725],[40.083181,15.330227],[40.081309,15.319159],[40.074067,15.307278],[40.056163,15.293402],[40.047211,15.284369],[40.041759,15.274848],[40.026622,15.237209],[40.037771,15.238186],[40.046235,15.235785],[40.052013,15.22956],[40.053966,15.219224],[40.051524,15.216254],[40.04127,15.21247],[40.039724,15.209296],[40.041515,15.204983],[40.046235,15.200995],[40.047211,15.198432],[40.052501,15.190131],[40.075938,15.173163],[40.081309,15.164537],[40.084158,15.151801],[40.097179,15.125881],[40.101817,15.113023],[40.101248,15.101874],[40.098481,15.088813],[40.097504,15.075832],[40.101817,15.064643],[40.114268,15.069037],[40.12794,15.06623],[40.138927,15.058661],[40.143321,15.048529],[40.145274,15.040188],[40.149669,15.038316],[40.154307,15.037299],[40.157074,15.031155],[40.156505,15.02204],[40.15089,15.007066],[40.149587,15.000067],[40.159434,14.982245],[40.182628,14.970852],[40.256602,14.945258],[40.272634,14.937567],[40.279959,14.93183],[40.286794,14.913479],[40.301768,14.916897],[40.324555,14.935533],[40.347179,14.944078],[40.362966,14.964097],[40.375743,14.986721],[40.389822,15.003241],[40.38852,14.987372],[40.3921,14.973578],[40.401378,14.966132],[40.417735,14.969062],[40.423025,14.977851],[40.420746,14.989244],[40.422699,14.99901],[40.440684,15.003241],[40.451427,15.003852],[40.454438,15.004462],[40.464854,14.997016],[40.463227,14.993598],[40.461111,14.986558],[40.463145,14.979682],[40.475352,14.976508],[40.482595,14.973578],[40.485606,14.967678],[40.489513,14.962551],[40.499034,14.962226],[40.505626,14.965277],[40.511485,14.970526],[40.516368,14.97663],[40.520193,14.982733],[40.515147,14.99079],[40.51295,14.998765],[40.512706,15.017483],[40.518321,15.012519],[40.523123,15.001695],[40.527029,14.997016],[40.55421,14.99018],[40.556651,14.981676],[40.555837,14.972968],[40.555919,14.964097],[40.561046,14.95539],[40.568696,14.950507],[40.573741,14.951483],[40.579356,14.954413],[40.58839,14.95539],[40.6067,14.952948],[40.616384,14.948676],[40.620616,14.939276],[40.624278,14.900092],[40.627696,14.891995],[40.656586,14.880316],[40.652029,14.897121],[40.660411,14.902574],[40.687673,14.900824],[40.694509,14.896226],[40.697439,14.887397],[40.692719,14.881903],[40.677094,14.887152],[40.670909,14.880316],[40.718761,14.831855],[40.719249,14.834174],[40.722667,14.835924],[40.727387,14.834133],[40.732432,14.82567],[40.733735,14.818183],[40.732432,14.790961],[40.724132,14.768256],[40.723888,14.757066],[40.732432,14.74372],[40.757986,14.72602],[40.766368,14.714586],[40.766449,14.695299],[40.777029,14.701809],[40.786632,14.706041],[40.796886,14.706773],[40.808116,14.702826],[40.808116,14.722073],[40.831065,14.712226],[40.884451,14.714545],[40.91391,14.699123],[40.944672,14.677314],[40.972667,14.669623],[41.040212,14.667426],[41.156098,14.641588],[41.167491,14.636949],[41.179535,14.621772],[41.195649,14.58511],[41.208751,14.568101],[41.253184,14.537665],[41.28297,14.517564],[41.306814,14.488918],[41.32252,14.454535],[41.328298,14.417629],[41.335948,14.402004],[41.352387,14.392157],[41.368988,14.384752],[41.376638,14.376288],[41.381033,14.368801],[41.399669,14.346666],[41.412771,14.306545],[41.433604,14.282131],[41.479666,14.242865],[41.50587,14.213446],[41.514496,14.199205],[41.521332,14.181383],[41.528982,14.14883],[41.533458,14.136949],[41.541759,14.126166],[41.555431,14.115912],[41.588634,14.096177],[41.605968,14.081773],[41.620942,14.063625],[41.657237,13.996487],[41.667817,13.955146],[41.676524,13.940253],[41.740082,13.921536],[41.753429,13.920722],[41.785655,13.932807],[41.798106,13.934394],[41.806,13.929674],[41.82545,13.896796],[41.841563,13.880316],[41.848969,13.876166],[41.863292,13.872952],[41.874278,13.873196],[41.896495,13.878811],[41.904307,13.879788],[41.92156,13.873114],[41.956798,13.850531],[41.969737,13.845649],[41.980968,13.837795],[41.986013,13.819485],[41.988943,13.798774],[41.993663,13.783596],[42.034923,13.752265],[42.041352,13.739163],[42.045746,13.739],[42.068696,13.708441],[42.075531,13.69477],[42.07781,13.693427],[42.086762,13.689521],[42.089203,13.687974],[42.093598,13.676459],[42.09962,13.654364],[42.106619,13.643541],[42.116954,13.640774],[42.129242,13.645575],[42.139496,13.65119],[42.143809,13.650377],[42.147309,13.64411],[42.164561,13.632392],[42.171153,13.626532],[42.175141,13.617255],[42.180837,13.594143],[42.184825,13.585598],[42.208018,13.568549],[42.212169,13.567572],[42.215994,13.55386],[42.223888,13.553941],[42.230235,13.560004],[42.229503,13.56387],[42.224294,13.567613],[42.209972,13.585761],[42.206554,13.591742],[42.2046,13.593492],[42.201427,13.59516],[42.198741,13.5987],[42.198497,13.606024],[42.201671,13.606391],[42.215587,13.605658],[42.219005,13.606024],[42.219737,13.632554],[42.206309,13.643866],[42.18922,13.652737],[42.167735,13.653795],[42.159923,13.656562],[42.162364,13.662299],[42.171641,13.667182],[42.184825,13.667467],[42.219005,13.640204],[42.25587,13.591986],[42.270356,13.585598],[42.288422,13.574612],[42.29477,13.549954],[42.294688,13.509223],[42.305919,13.476142],[42.314789,13.461005],[42.32545,13.454576],[42.335216,13.443508],[42.34254,13.418118],[42.358084,13.302476],[42.372325,13.278632],[42.377696,13.230048],[42.376801,13.225491],[42.379405,13.222642],[42.410167,13.204576],[42.431326,13.198391],[42.476817,13.194525],[42.495942,13.197903],[42.507498,13.206977],[42.514415,13.220038],[42.520681,13.2355],[42.533946,13.232571],[42.537771,13.226264],[42.538097,13.217719],[42.541759,13.208197],[42.547699,13.203274],[42.554454,13.199652],[42.559906,13.194322],[42.562185,13.183987],[42.570079,13.170966],[42.620453,13.12934],[42.655447,13.072333],[42.668305,13.064154],[42.688243,13.061347],[42.7046,13.054023],[42.718272,13.044013],[42.729747,13.033149],[42.737641,13.017727],[42.747244,12.961737],[42.763682,12.925238],[42.767589,12.90648],[42.770193,12.87816],[42.773936,12.862128],[42.781261,12.851874],[42.795421,12.848375],[42.808442,12.852281],[42.821544,12.85932],[42.835785,12.864936],[42.849294,12.837836],[42.868907,12.821357],[42.896251,12.813178],[42.93214,12.81094],[42.927419,12.805854],[42.918468,12.790473],[42.927989,12.78974],[42.93572,12.791938],[42.945649,12.797309],[42.944591,12.798489],[42.963227,12.810452],[42.966319,12.81094],[42.978038,12.823961],[42.987315,12.838202],[42.989919,12.847357],[42.989513,12.854071],[42.991466,12.859605],[43.000987,12.864936],[42.994884,12.874905],[42.9935,12.884589],[42.99586,12.893297],[43.000987,12.900295],[43.02947,12.878852],[43.043142,12.865627],[43.048839,12.855292],[43.053233,12.844875],[43.06365,12.836371],[43.076182,12.828762],[43.086436,12.820868],[43.093272,12.807766],[43.094574,12.777533],[43.097179,12.762519],[43.123871,12.715318],[43.117686,12.707913]]],[[[40.386404,15.641262],[40.401134,15.640774],[40.406261,15.638129],[40.414236,15.598293],[40.408051,15.580024],[40.393891,15.572333],[40.393565,15.572496],[40.372895,15.582587],[40.365896,15.584133],[40.356619,15.586168],[40.308116,15.57453],[40.287364,15.572984],[40.265961,15.579983],[40.23113,15.596422],[40.208263,15.599677],[40.158702,15.589545],[40.148774,15.591254],[40.143321,15.592231],[40.139334,15.595852],[40.133393,15.603258],[40.129405,15.608303],[40.127045,15.610338],[40.122895,15.613878],[40.122813,15.613959],[40.11378,15.597561],[40.102224,15.589057],[40.085297,15.587633],[40.060802,15.592231],[40.020356,15.607571],[40.015147,15.608588],[40.001475,15.611274],[39.979015,15.606513],[39.978852,15.606513],[39.970388,15.617662],[39.963878,15.626288],[39.937348,15.702094],[39.948741,15.70185],[39.95574,15.699693],[39.956716,15.69595],[39.956879,15.69538],[39.950938,15.688422],[39.958995,15.683905],[39.965099,15.677924],[39.967296,15.673733],[39.969005,15.670396],[39.971446,15.661119],[39.971528,15.661119],[39.978852,15.661119],[39.988292,15.6647],[40.001475,15.659613],[40.015391,15.651923],[40.026622,15.647447],[40.026703,15.647488],[40.039317,15.648098],[40.081309,15.661119],[40.062999,15.692857],[40.038585,15.71898],[40.0088,15.736558],[39.975108,15.743069],[39.942149,15.736396],[39.930431,15.739569],[39.923595,15.75731],[39.924978,15.777045],[39.933767,15.788235],[39.946788,15.789862],[39.970551,15.774848],[39.976736,15.770982],[39.990001,15.769924],[39.993907,15.777899],[39.981944,15.795233],[39.97641,15.811957],[39.975271,15.815334],[39.994965,15.824693],[40.021251,15.827053],[40.032156,15.826321],[40.033458,15.826239],[40.037446,15.838406],[40.030772,15.854315],[40.019379,15.868109],[40.009369,15.873969],[40.009288,15.87401],[39.974376,15.871772],[39.963145,15.877102],[39.95102,15.893866],[39.950938,15.893948],[39.987478,15.891059],[40.026215,15.882636],[40.062673,15.868842],[40.084809,15.854315],[40.091563,15.84984],[40.101003,15.835639],[40.105642,15.828681],[40.105561,15.82864],[40.100597,15.814154],[40.09018,15.803127],[40.088145,15.792141],[40.095714,15.784613],[40.105154,15.784247],[40.114594,15.787787],[40.122813,15.792141],[40.121104,15.795803],[40.116222,15.802558],[40.115408,15.809027],[40.125987,15.811957],[40.136485,15.80622],[40.138764,15.793321],[40.138927,15.792222],[40.133067,15.711168],[40.135916,15.695868],[40.141287,15.684109],[40.142426,15.681464],[40.160167,15.652411],[40.163829,15.644355],[40.173595,15.643622],[40.232107,15.627021],[40.247406,15.655015],[40.253184,15.661119],[40.261567,15.663235],[40.248057,15.668118],[40.227794,15.674018],[40.219168,15.685329],[40.219086,15.68537],[40.226573,15.696479],[40.244477,15.702094],[40.266938,15.703518],[40.287364,15.702094],[40.298595,15.700019],[40.307628,15.697211],[40.311453,15.695258],[40.315115,15.693427],[40.321544,15.688422],[40.32545,15.680854],[40.326915,15.67182],[40.329926,15.664252],[40.338552,15.661119],[40.352712,15.658026],[40.373546,15.644355],[40.386404,15.641262]]],[[[40.095388,16.047349],[40.080577,16.034166],[40.077403,16.019029],[40.083669,16.013332],[40.092296,16.008775],[40.099376,16.002102],[40.10963,15.995103],[40.114513,15.985907],[40.09669,15.981024],[40.067393,15.990465],[40.042979,16.003404],[40.000011,16.007758],[39.990001,16.017727],[39.990245,16.034247],[39.99822,16.049628],[40.01588,16.056138],[40.038341,16.057929],[40.047211,16.063463],[40.043793,16.071845],[40.041759,16.08161],[40.041352,16.092108],[40.043224,16.103095],[40.050466,16.107245],[40.075694,16.08808],[40.083018,16.08397],[40.092947,16.081732],[40.111013,16.073961],[40.118826,16.061998],[40.11199,16.052883],[40.095388,16.047349]]]]}},{"type":"Feature","properties":{"name":"JWLA 033 Country - Djibouti","group":"countries-africa-e","source":"Natural Earth / geo-countries"},"geometry":{"type":"Polygon","coordinates":[[[43.240733,11.48786],[43.188815,11.407764],[42.923715,10.998787],[42.908109,11.004187],[42.898084,10.995687],[42.888059,10.983568],[42.873279,10.978246],[42.860153,10.980416],[42.835452,10.987444],[42.794111,10.991604],[42.771787,10.996462],[42.754837,11.010544],[42.729619,11.06501],[42.710395,11.072116],[42.686521,11.073046],[42.615621,11.08966],[42.608145,11.089088],[42.569732,11.086146],[42.479712,11.059119],[42.413256,11.015944],[42.391758,11.005893],[42.376669,11.006668],[42.361166,11.011887],[42.338532,11.015504],[42.305872,11.004601],[42.297294,11.003774],[42.279414,11.004394],[42.270835,11.003516],[42.235179,10.987703],[42.221639,10.984344],[42.202726,10.98455],[42.151359,10.996203],[42.096272,10.990261],[42.069401,10.981501],[42.038395,10.950444],[42.0108,10.943597],[41.954162,10.941271],[41.947341,10.938532],[41.942793,10.933546],[41.937522,10.929825],[41.928841,10.931065],[41.922846,10.936026],[41.920262,10.941943],[41.916852,10.947059],[41.79872,10.970675],[41.773811,10.980054],[41.766523,10.989466],[41.761306,10.996203],[41.779289,11.024677],[41.785594,11.067388],[41.787971,11.259727],[41.775672,11.368429],[41.749834,11.483383],[41.74911,11.537953],[41.778669,11.628645],[41.792415,11.704455],[41.808228,11.736236],[41.823007,11.746106],[41.862282,11.763056],[41.872203,11.775871],[41.877784,11.790134],[41.886259,11.796025],[41.897525,11.799384],[41.911477,11.805947],[41.925327,11.816437],[41.936386,11.827445],[41.97468,11.88091],[42.057308,11.996271],[42.097719,12.070169],[42.108778,12.082106],[42.132343,12.093475],[42.140301,12.105826],[42.155494,12.142257],[42.288715,12.321006],[42.319205,12.386377],[42.379459,12.465907],[42.430929,12.520322],[42.448499,12.523371],[42.475681,12.516343],[42.521569,12.496241],[42.678252,12.360022],[42.691482,12.378832],[42.696187,12.380126],[42.727758,12.388806],[42.741401,12.408081],[42.749876,12.417073],[42.779745,12.422602],[42.792251,12.429165],[42.798038,12.456088],[42.788737,12.487456],[42.785223,12.517222],[42.828838,12.557633],[42.852092,12.611738],[42.868835,12.626155],[42.877723,12.62507],[42.890126,12.615407],[42.900358,12.616389],[43.117686,12.707913],[43.133962,12.697211],[43.143321,12.679511],[43.151134,12.659735],[43.161794,12.642727],[43.259613,12.533352],[43.283214,12.496527],[43.297374,12.482001],[43.312999,12.477688],[43.329356,12.488756],[43.329356,12.453559],[43.331228,12.436713],[43.336192,12.419908],[43.344086,12.406155],[43.353201,12.395209],[43.360525,12.383002],[43.363536,12.365302],[43.364757,12.327135],[43.367849,12.306871],[43.374034,12.292955],[43.411388,12.241767],[43.414317,12.224921],[43.411388,12.166653],[43.418712,12.091254],[43.413341,12.059272],[43.398774,12.029527],[43.377126,12.004828],[43.350434,11.987942],[43.34254,11.985663],[43.315684,11.981106],[43.288341,11.967434],[43.268403,11.963813],[43.225434,11.962877],[43.206554,11.957831],[43.174001,11.935004],[43.097179,11.84455],[43.09197,11.841295],[43.086029,11.838853],[43.076182,11.834703],[43.069184,11.830268],[43.064708,11.823432],[43.060883,11.809556],[43.055512,11.803616],[43.041515,11.798529],[42.986827,11.796088],[42.972504,11.790839],[42.95753,11.780463],[42.942638,11.77383],[42.915538,11.783596],[42.896495,11.780585],[42.803396,11.747992],[42.777192,11.732245],[42.75408,11.707953],[42.684093,11.582261],[42.677419,11.573676],[42.667979,11.568549],[42.636974,11.559556],[42.627696,11.559068],[42.60377,11.563381],[42.577403,11.562405],[42.569021,11.563381],[42.563487,11.567206],[42.554047,11.580268],[42.548595,11.583808],[42.526866,11.582465],[42.515147,11.574123],[42.514985,11.567206],[42.528087,11.570217],[42.532481,11.548489],[42.532481,11.547471],[42.533051,11.523505],[42.538748,11.502997],[42.571625,11.490465],[42.591563,11.47248],[42.60377,11.46776],[42.617686,11.470282],[42.633556,11.484809],[42.644786,11.488227],[42.653494,11.485907],[42.662852,11.481635],[42.672537,11.479722],[42.681651,11.484524],[42.687511,11.497219],[42.680675,11.504788],[42.670421,11.509955],[42.665294,11.51557],[42.674083,11.532131],[42.694102,11.545966],[42.739757,11.563381],[42.807465,11.571275],[42.829112,11.576972],[42.839529,11.584459],[42.847504,11.592719],[42.855805,11.595771],[42.866954,11.587592],[42.875173,11.583686],[42.900727,11.584052],[43.040538,11.585924],[43.06186,11.590155],[43.081798,11.589545],[43.103363,11.576972],[43.123057,11.581488],[43.133556,11.595282],[43.141124,11.608588],[43.151866,11.611762],[43.157888,11.601304],[43.172211,11.542873],[43.173106,11.541653],[43.183849,11.526557],[43.19516,11.518297],[43.226329,11.501899],[43.240733,11.48786]]]}},{"type":"Feature","properties":{"name":"JWLA 033 Country - Somalia","group":"countries-africa-e","source":"Natural Earth / geo-countries"},"geometry":{"type":"Polygon","coordinates":[[[46.466963,6.538292],[46.488046,6.558645],[46.508406,6.578308],[46.55321,6.621457],[46.598065,6.664633],[46.618425,6.684244],[46.667001,6.731115],[46.715577,6.777985],[46.764101,6.824882],[46.812729,6.871675],[46.861408,6.918597],[46.909984,6.965467],[46.95856,7.012286],[47.007032,7.059208],[47.055608,7.106079],[47.104287,7.153001],[47.152863,7.19982],[47.201439,7.246691],[47.250118,7.293509],[47.298797,7.34038],[47.347373,7.387302],[47.395949,7.434173],[47.444525,7.481043],[47.493101,7.527914],[47.532388,7.565864],[47.541676,7.574836],[47.590252,7.621655],[47.638932,7.668525],[47.687507,7.715396],[47.736032,7.762215],[47.784659,7.809137],[47.833183,7.855956],[47.881811,7.902826],[47.930593,7.949697],[47.979169,7.996567],[48.039114,8.087492],[48.099058,8.17852],[48.159003,8.269419],[48.219155,8.360318],[48.279099,8.451165],[48.339147,8.54209],[48.399299,8.633118],[48.459243,8.723887],[48.519188,8.814915],[48.579184,8.90584],[48.639336,8.996661],[48.699229,9.087689],[48.759225,9.178511],[48.819325,9.269384],[48.879114,9.360308],[48.939111,9.451233],[48.939111,9.562701],[48.939111,9.563603],[48.939111,9.676],[48.939111,9.788422],[48.939111,9.900715],[48.939111,10.013033],[48.939111,10.12543],[48.939111,10.2378],[48.939111,10.350119],[48.939111,10.462567],[48.939111,10.574937],[48.939111,10.687333],[48.939111,10.7996],[48.939111,10.912022],[48.939111,11.024367],[48.939111,11.136737],[48.939112,11.24913],[48.976817,11.25141],[49.108409,11.276597],[49.239594,11.300279],[49.278087,11.316962],[49.293305,11.337958],[49.303477,11.345445],[49.315929,11.340522],[49.32545,11.33511],[49.335704,11.334621],[49.400076,11.340522],[49.4192,11.344794],[49.435069,11.35106],[49.488617,11.381741],[49.507335,11.385199],[49.521739,11.393785],[49.544444,11.436713],[49.558604,11.453518],[49.576834,11.460028],[49.59962,11.461737],[49.644542,11.460354],[49.650076,11.462144],[49.666026,11.471137],[49.675304,11.473944],[49.686778,11.474351],[49.716319,11.46776],[49.804861,11.458401],[49.851248,11.464911],[49.880707,11.488227],[49.88852,11.487291],[49.906423,11.498725],[49.917979,11.501899],[49.921886,11.503852],[49.934418,11.512885],[49.942149,11.51557],[49.949474,11.51496],[49.956309,11.512519],[49.961111,11.509955],[49.962657,11.508734],[50.053884,11.511379],[50.07252,11.508734],[50.131521,11.539944],[50.151134,11.557929],[50.161876,11.563381],[50.197602,11.562649],[50.206554,11.566799],[50.214366,11.572659],[50.225434,11.578111],[50.268321,11.589301],[50.28891,11.602444],[50.372325,11.668931],[50.418142,11.678046],[50.437022,11.690619],[50.470388,11.727851],[50.500824,11.754828],[50.512706,11.771226],[50.517589,11.79267],[50.518891,11.815253],[50.52296,11.837958],[50.52947,11.859524],[50.538585,11.878648],[50.561209,11.907904],[50.575938,11.920966],[50.589854,11.926459],[50.602061,11.927965],[50.627452,11.940131],[50.632091,11.946763],[50.636485,11.951606],[50.641124,11.954413],[50.647146,11.954047],[50.655935,11.948432],[50.661469,11.947577],[50.682953,11.953355],[50.724864,11.971137],[50.761567,11.978746],[50.771983,11.985785],[50.797864,11.989119],[50.867055,11.942891],[50.970083,11.932323],[51.029307,11.885077],[51.048839,11.878648],[51.127696,11.878648],[51.147227,11.873603],[51.181163,11.855373],[51.199718,11.851304],[51.222911,11.850775],[51.247081,11.847561],[51.267345,11.839423],[51.292698,11.833108],[51.277354,11.800605],[51.266381,11.759286],[51.249359,11.728775],[51.255708,11.681655],[51.247801,11.652391],[51.22954,11.635897],[51.212529,11.607947],[51.181245,11.578829],[51.148123,11.536038],[51.124766,11.511786],[51.12086,11.505316],[51.121918,11.494127],[51.126638,11.478827],[51.127696,11.470893],[51.125011,11.447984],[51.118419,11.426256],[51.086192,11.357164],[51.081309,11.341498],[51.079356,11.275946],[51.07252,11.233791],[51.085948,11.187974],[51.130945,11.160752],[51.17444,11.158764],[51.189504,11.138306],[51.164399,11.116767],[51.142263,11.068427],[51.131358,11.052883],[51.12379,11.038764],[51.118337,11.016913],[51.115082,10.993354],[51.124522,10.85456],[51.138194,10.676744],[51.160655,10.598456],[51.154307,10.587714],[51.131358,10.58393],[51.107432,10.576565],[51.101899,10.55858],[51.107188,10.515041],[51.102224,10.494696],[51.092296,10.482164],[51.076915,10.475816],[51.055675,10.474066],[51.035818,10.467515],[51.018321,10.452094],[51.010102,10.434027],[51.018403,10.41942],[51.038097,10.416083],[51.19044,10.446112],[51.200938,10.44477],[51.211925,10.44184],[51.220388,10.442043],[51.223888,10.449856],[51.219574,10.461005],[51.210216,10.467108],[51.200857,10.471503],[51.196544,10.477444],[51.195811,10.500312],[51.193044,10.521186],[51.186778,10.541571],[51.176117,10.562812],[51.191742,10.548977],[51.20734,10.538096],[51.220647,10.524928],[51.237966,10.515024],[51.24662,10.50909],[51.257942,10.503801],[51.280556,10.48733],[51.292532,10.480075],[51.3112,10.476055],[51.325879,10.47268],[51.335871,10.474614],[51.345875,10.480494],[51.35721,10.48374],[51.377856,10.48169],[51.395173,10.479023],[51.403077,10.456707],[51.417038,10.447485],[51.410965,10.429814],[51.397509,10.395793],[51.38502,10.391506],[51.380154,10.387339],[51.372569,10.381415],[51.37608,10.367693],[51.367419,10.367726],[51.349458,10.375002],[51.336131,10.374395],[51.320079,10.378485],[51.300831,10.372566],[51.272873,10.377905],[51.265391,10.396877],[51.26295,10.408596],[51.256602,10.420315],[51.240977,10.425605],[51.090099,10.407313],[51.017125,10.381916],[50.927389,10.327844],[50.90988,10.295635],[50.901703,10.234442],[50.912814,10.176853],[50.8838,10.101264],[50.888682,10.05565],[50.900401,10.024075],[50.901703,10.011664],[50.89975,10.000718],[50.890798,9.986029],[50.877696,9.916653],[50.881196,9.905463],[50.86964,9.884467],[50.863129,9.866034],[50.854015,9.816107],[50.840587,9.779771],[50.833263,9.768785],[50.838634,9.740912],[50.836925,9.73078],[50.831716,9.712063],[50.824474,9.651068],[50.806163,9.624457],[50.805512,9.59394],[50.812999,9.541164],[50.836762,9.477037],[50.840343,9.456122],[50.837413,9.437201],[50.830333,9.419623],[50.768321,9.319281],[50.748302,9.303534],[50.706309,9.285712],[50.689464,9.274848],[50.676768,9.259182],[50.646983,9.211371],[50.641124,9.196357],[50.649181,9.132514],[50.648448,9.110419],[50.633637,9.073188],[50.604503,9.037909],[50.494884,8.951972],[50.464122,8.920559],[50.439708,8.88817],[50.422048,8.857123],[50.40797,8.816352],[50.389822,8.733547],[50.374278,8.698879],[50.326508,8.641099],[50.319591,8.620347],[50.322602,8.55976],[50.319591,8.541815],[50.303477,8.504584],[50.290212,8.486762],[50.274913,8.479153],[50.256196,8.472561],[50.246104,8.456448],[50.239106,8.436347],[50.230154,8.41767],[50.166026,8.33336],[50.156423,8.320624],[50.141368,8.287991],[50.113048,8.19953],[50.091075,8.161038],[50.058279,8.130316],[49.929373,8.051744],[49.842052,7.962714],[49.824229,7.933905],[49.812511,7.897528],[49.803233,7.82689],[49.808604,7.815009],[49.823416,7.805325],[49.827647,7.782904],[49.825043,7.757758],[49.819347,7.739936],[49.790782,7.69953],[49.760916,7.667304],[49.752208,7.650295],[49.748302,7.606635],[49.744151,7.589057],[49.640798,7.409125],[49.586599,7.314765],[49.520518,7.239651],[49.367035,7.025702],[49.293224,6.880927],[49.247325,6.810614],[49.197927,6.67357],[49.074718,6.415269],[49.072032,6.393297],[49.074067,6.370795],[49.083507,6.329047],[49.085623,6.307359],[49.0713,6.219916],[49.036143,6.144232],[48.951491,5.99872],[48.850108,5.824449],[48.695811,5.587348],[48.646739,5.480048],[48.620128,5.443996],[48.548106,5.375067],[48.448009,5.208726],[48.328868,5.079657],[48.202403,4.908922],[48.055675,4.612942],[47.948497,4.457099],[47.840587,4.341376],[47.577973,4.059882],[47.489268,3.936347],[47.335623,3.778754],[47.206716,3.644599],[47.039806,3.469265],[47.01295,3.441067],[46.834239,3.232489],[46.700043,3.113267],[46.625743,3.023912],[46.487804,2.90884],[46.414317,2.833441],[46.351573,2.788642],[46.34962,2.780178],[46.3449,2.770087],[46.339203,2.761705],[46.334483,2.758246],[46.317638,2.751899],[46.307628,2.736029],[46.299815,2.715766],[46.289399,2.696234],[46.275401,2.685858],[46.236501,2.667629],[46.142345,2.568915],[46.13087,2.554023],[46.114513,2.523261],[46.104991,2.510565],[46.062999,2.484036],[46.047618,2.455064],[46.027029,2.438137],[45.826345,2.308824],[45.711925,2.24433],[45.605642,2.183051],[45.266205,1.987291],[45.232188,1.967678],[45.210704,1.963121],[45.199718,1.959621],[45.001475,1.86636],[44.831554,1.749701],[44.823985,1.740302],[44.812185,1.735582],[44.67628,1.6376],[44.550059,1.559068],[44.332774,1.38996],[44.221365,1.275621],[44.198416,1.265692],[44.157888,1.24079],[44.145518,1.22956],[44.1421,1.221381],[44.139659,1.211168],[44.138031,1.191596],[44.133962,1.187567],[44.115001,1.182034],[44.11085,1.17829],[44.10377,1.168362],[44.032888,1.09748],[44.012543,1.084215],[43.990977,1.078599],[43.97877,1.068671],[43.932628,1.009833],[43.819835,0.949449],[43.781912,0.921617],[43.734223,0.854967],[43.717296,0.845282],[43.703461,0.840522],[43.658946,0.804918],[43.467621,0.620551],[43.285492,0.414984],[43.184906,0.31627],[43.09018,0.223375],[42.891124,0.003079],[42.770274,-0.129327],[42.712087,-0.17669],[42.647797,-0.228936],[42.580333,-0.29754],[42.555919,-0.332127],[42.553559,-0.34238],[42.553966,-0.351251],[42.550792,-0.357599],[42.526622,-0.362726],[42.519298,-0.369317],[42.479747,-0.422052],[42.474457,-0.438653],[42.486501,-0.449395],[42.47641,-0.465997],[42.47283,-0.469903],[42.472911,-0.4638],[42.472423,-0.458673],[42.47047,-0.454034],[42.465994,-0.449395],[42.412608,-0.490981],[42.404552,-0.500909],[42.39796,-0.517348],[42.38266,-0.535252],[42.349864,-0.565606],[42.250255,-0.685642],[42.246755,-0.694268],[42.246755,-0.701918],[42.245291,-0.707452],[42.236339,-0.709568],[42.232595,-0.713067],[42.192231,-0.776137],[42.166515,-0.802667],[42.151622,-0.813897],[42.135509,-0.82171],[42.116466,-0.826267],[42.086599,-0.825616],[42.071544,-0.828709],[42.062511,-0.839288],[42.081716,-0.843438],[42.080903,-0.862888],[42.071951,-0.884454],[42.065684,-0.894464],[42.051443,-0.902032],[42.036957,-0.920017],[42.025564,-0.941583],[42.020844,-0.960056],[42.016368,-0.968032],[41.983165,-0.994073],[41.971934,-0.99977],[41.967947,-0.992852],[41.963634,-0.95086],[41.964692,-0.911554],[41.958832,-0.894464],[41.95281,-0.894464],[41.955414,-0.909601],[41.952403,-0.920831],[41.94752,-0.930841],[41.94516,-0.942966],[41.946462,-0.954767],[41.951427,-0.969415],[41.95281,-0.980401],[41.955577,-0.992934],[41.96225,-0.998956],[41.969249,-1.003188],[41.973155,-1.011163],[41.97169,-1.023614],[41.961436,-1.044122],[41.958832,-1.055841],[41.953461,-1.068617],[41.930024,-1.089939],[41.924653,-1.097101],[41.923025,-1.110121],[41.918305,-1.121026],[41.911632,-1.130955],[41.873871,-1.176039],[41.869477,-1.186212],[41.872895,-1.195489],[41.880707,-1.19492],[41.890147,-1.189386],[41.897472,-1.183201],[41.885427,-1.209649],[41.862804,-1.212335],[41.84197,-1.196954],[41.835297,-1.168878],[41.829112,-1.168878],[41.830251,-1.189223],[41.84197,-1.224867],[41.842784,-1.24391],[41.836599,-1.262302],[41.73227,-1.431085],[41.708751,-1.460056],[41.689708,-1.489516],[41.65211,-1.565118],[41.633311,-1.580336],[41.610606,-1.593194],[41.575043,-1.652602],[41.554861,-1.669692],[41.561046,-1.669692],[41.535085,-1.696303],[41.535944,-1.676312],[41.53858,-1.613699],[41.534963,-1.594785],[41.522871,-1.572771],[41.484527,-1.523162],[41.434194,-1.458049],[41.383758,-1.39304],[41.332185,-1.326378],[41.282989,-1.262816],[41.237307,-1.203905],[41.18222,-1.132695],[41.13106,-1.066445],[41.081554,-1.002573],[41.056129,-0.969604],[41.030601,-0.936738],[41.00528,-0.903768],[40.979751,-0.870798],[40.978821,-0.794834],[40.977891,-0.724347],[40.976961,-0.653861],[40.975514,-0.545237],[40.974067,-0.436716],[40.97262,-0.328299],[40.971173,-0.219675],[40.97045,-0.152186],[40.969623,-0.084697],[40.968486,-0.002738],[40.968486,0.122319],[40.968486,0.247273],[40.968486,0.37233],[40.968486,0.497283],[40.968486,0.62234],[40.968486,0.747242],[40.968486,0.872248],[40.968486,0.997201],[40.968486,1.122207],[40.968486,1.230295],[40.968486,1.247212],[40.968486,1.372191],[40.968486,1.497145],[40.968486,1.62215],[40.968486,1.747181],[40.968486,1.872135],[40.968486,1.997166],[40.968486,2.103619],[40.968486,2.210047],[40.968486,2.316501],[40.968486,2.422954],[40.968486,2.49711],[40.967142,2.631727],[40.965902,2.760608],[40.965385,2.814145],[40.979751,2.841895],[41.013961,2.875795],[41.096127,2.957082],[41.178396,3.03842],[41.260665,3.119811],[41.342727,3.201149],[41.394506,3.27515],[41.446183,3.349047],[41.497963,3.423074],[41.549639,3.497023],[41.633562,3.617093],[41.717381,3.737163],[41.801303,3.857182],[41.885019,3.977226],[41.898455,3.996915],[41.912201,4.007974],[41.917472,4.020453],[41.916645,4.051098],[41.923466,4.070554],[41.941243,4.086212],[42.011833,4.129491],[42.068367,4.174553],[42.102887,4.19189],[42.13534,4.200081],[42.221846,4.200959],[42.297294,4.201734],[42.415013,4.221707],[42.568285,4.247856],[42.718663,4.273487],[42.78977,4.285605],[42.831628,4.302322],[42.868938,4.326765],[42.870195,4.328171],[42.899634,4.361104],[42.914724,4.393299],[42.9325,4.463217],[42.945936,4.496858],[42.952551,4.507581],[42.960406,4.517374],[43.03544,4.578895],[43.119259,4.647702],[43.232792,4.701497],[43.346997,4.755654],[43.459342,4.808829],[43.528485,4.841566],[43.640519,4.867353],[43.716484,4.884793],[43.815186,4.907479],[43.845158,4.914352],[43.932284,4.945203],[43.968975,4.953962],[44.029126,4.950448],[44.081009,4.947451],[44.132789,4.94448],[44.184672,4.941431],[44.236452,4.938485],[44.288335,4.935488],[44.340115,4.932439],[44.391998,4.929468],[44.443726,4.926445],[44.495557,4.923473],[44.547441,4.920476],[44.596808,4.917643],[44.59922,4.917505],[44.651104,4.914507],[44.702883,4.911562],[44.754766,4.908565],[44.806546,4.905541],[44.858378,4.902544],[44.912586,4.899392],[44.941525,4.911484],[45.020642,4.99688],[45.0209,4.99688],[45.077744,5.059072],[45.185024,5.176248],[45.292356,5.293476],[45.399585,5.410704],[45.506865,5.527881],[45.518477,5.540564],[45.614146,5.645057],[45.721426,5.762337],[45.828706,5.879513],[45.935986,5.996689],[45.99681,6.059192],[46.057839,6.12172],[46.118818,6.184223],[46.179899,6.246726],[46.240981,6.309228],[46.302062,6.371731],[46.362937,6.43426],[46.423915,6.496736],[46.466963,6.538292]]]}},{"type":"Feature","properties":{"name":"JWLA 033 Country - Mozambique (N.)","group":"countries-africa-e","source":"Natural Earth / geo-countries"},"geometry":{"type":"MultiPolygon","coordinates":[[[[30.213845,-14.98849],[30.220977,-15.018359],[30.220977,-15.063007],[30.225834,-15.106312],[30.263145,-15.231266],[30.287949,-15.278911],[30.320505,-15.299478],[30.334871,-15.304749],[30.347481,-15.317875],[30.357919,-15.335652],[30.364947,-15.354152],[30.369185,-15.374719],[30.371768,-15.439832],[30.374921,-15.451304],[30.389648,-15.471148],[30.392852,-15.480759],[30.390165,-15.490785],[30.371768,-15.525408],[30.365257,-15.547422],[30.367428,-15.561271],[30.395953,-15.590623],[30.401224,-15.598478],[30.412696,-15.627934],[30.410371,-15.630414],[30.396263,-15.635995],[30.39771,-15.716817],[30.39926,-15.812005],[30.401327,-15.931688],[30.402568,-16.001244],[30.514809,-16.000418],[30.586587,-16.000004],[30.74973,-15.998867],[30.857424,-15.998144],[30.901865,-16.007136],[30.942173,-16.034524],[30.958296,-16.05106],[30.973075,-16.062016],[30.989767,-16.06429],[31.012039,-16.054885],[31.023718,-16.045169],[31.042218,-16.024912],[31.056895,-16.017574],[31.065421,-16.019641],[31.073328,-16.025532],[31.080872,-16.025946],[31.089037,-16.01189],[31.1141,-15.996904],[31.15849,-16.000211],[31.259983,-16.023465],[31.278897,-16.030287],[31.29533,-16.041655],[31.309592,-16.059019],[31.328351,-16.092815],[31.340908,-16.106664],[31.360339,-16.116896],[31.37026,-16.123718],[31.374601,-16.132916],[31.377754,-16.142218],[31.384006,-16.148832],[31.387727,-16.149556],[31.395582,-16.147695],[31.399613,-16.147282],[31.404315,-16.149866],[31.404057,-16.154517],[31.402713,-16.159374],[31.404574,-16.162268],[31.424107,-16.164749],[31.445708,-16.164955],[31.465655,-16.167746],[31.480641,-16.177978],[31.519192,-16.196478],[31.686107,-16.207227],[31.710705,-16.217872],[31.738197,-16.239783],[31.798761,-16.303655],[31.818088,-16.319571],[31.86005,-16.340759],[31.871935,-16.35037],[31.88072,-16.368044],[31.88563,-16.406284],[31.894363,-16.421477],[31.910279,-16.428919],[32.014149,-16.444938],[32.211759,-16.440184],[32.290463,-16.45176],[32.393661,-16.491757],[32.5521,-16.553355],[32.671783,-16.599761],[32.6831,-16.609889],[32.687906,-16.624255],[32.68863,-16.647303],[32.698655,-16.686784],[32.725217,-16.706421],[32.73095,-16.708656],[32.731314,-16.708798],[32.739893,-16.703217],[32.753845,-16.697946],[32.769348,-16.695466],[32.800664,-16.697326],[32.862004,-16.710452],[32.893372,-16.712415],[32.909598,-16.708075],[32.93957,-16.689781],[32.95621,-16.683063],[32.968509,-16.681616],[32.961585,-16.710348],[32.933369,-16.815768],[32.916213,-16.847911],[32.900503,-16.867755],[32.828776,-16.935141],[32.83012,-16.941549],[32.86437766323796,-17],[35.050274317629444,-17],[35.066107,-16.987334],[35.091429,-16.975345],[35.113443,-16.960256],[35.125122,-16.932867],[35.128119,-16.900724],[35.127499,-16.864448],[35.1183,-16.833442],[35.095769,-16.817319],[35.0628,-16.816388],[35.033034,-16.819179],[35.004509,-16.814631],[34.975053,-16.792101],[34.956657,-16.768329],[34.948078,-16.759338],[34.934436,-16.749726],[34.927614,-16.747245],[34.912318,-16.744558],[34.905497,-16.740838],[34.900949,-16.733293],[34.897745,-16.713966],[34.893508,-16.705698],[34.886613,-16.700849],[34.877488,-16.694432],[34.859918,-16.687197],[34.844622,-16.678412],[34.834804,-16.663116],[34.827569,-16.641515],[34.819507,-16.627769],[34.772998,-16.589736],[34.76287,-16.576403],[34.74499,-16.542917],[34.732071,-16.529171],[34.668715,-16.496615],[34.661171,-16.493928],[34.65497,-16.48938],[34.642671,-16.459718],[34.6374,-16.450519],[34.630682,-16.443388],[34.598332,-16.41972],[34.585826,-16.407835],[34.575078,-16.392332],[34.547069,-16.323085],[34.524745,-16.300761],[34.480407,-16.294456],[34.44599,-16.293216],[34.426456,-16.273889],[34.385219,-16.186453],[34.389249,-16.15245],[34.40899,-16.087854],[34.404546,-16.059742],[34.387699,-16.037004],[34.304293,-15.952152],[34.289721,-15.94347],[34.256441,-15.928174],[34.244039,-15.917632],[34.233186,-15.88983],[34.231326,-15.854173],[34.23639,-15.81924],[34.247139,-15.794125],[34.275561,-15.76436],[34.293338,-15.75113],[34.310288,-15.743276],[34.330958,-15.737074],[34.34181,-15.730873],[34.342218,-15.730323],[34.404029,-15.646847],[34.415914,-15.615118],[34.419118,-15.575327],[34.410023,-15.514969],[34.410127,-15.481276],[34.422632,-15.464533],[34.440616,-15.455541],[34.460253,-15.424845],[34.480407,-15.412857],[34.487021,-15.400454],[34.491982,-15.375133],[34.496633,-15.36273],[34.508002,-15.348054],[34.520301,-15.339786],[34.533323,-15.333068],[34.546759,-15.32325],[34.565156,-15.297308],[34.569083,-15.27116],[34.559085,-15.200178],[34.548309,-15.123675],[34.550686,-15.106622],[34.559885,-15.095667],[34.557301,-15.084298],[34.550997,-15.071792],[34.548723,-15.057633],[34.554614,-15.043577],[34.574974,-15.016085],[34.582312,-15.001305],[34.584173,-14.984459],[34.576938,-14.969266],[34.565983,-14.95428],[34.556991,-14.93826],[34.5511,-14.918313],[34.548723,-14.90157],[34.548413,-14.827776],[34.542832,-14.796253],[34.532083,-14.766798],[34.51534,-14.734552],[34.505831,-14.700342],[34.519371,-14.640811],[34.51813,-14.607428],[34.501801,-14.575698],[34.449711,-14.525469],[34.426456,-14.497564],[34.393797,-14.432348],[34.380436,-14.413643],[34.372093,-14.401962],[34.344084,-14.387389],[34.335299,-14.388836],[34.327754,-14.393591],[34.32052,-14.399378],[34.312872,-14.404236],[34.304913,-14.405786],[34.288894,-14.404029],[34.281349,-14.404959],[34.18244,-14.439479],[34.109576,-14.441443],[34.077537,-14.454672],[34.070199,-14.464904],[34.058623,-14.490122],[34.050769,-14.495186],[33.945555,-14.481441],[33.916307,-14.481337],[33.888918,-14.488158],[33.830834,-14.522678],[33.802412,-14.532807],[33.774196,-14.530016],[33.720401,-14.489709],[33.699214,-14.49622],[33.684073,-14.518751],[33.675546,-14.547793],[33.675443,-14.582313],[33.672239,-14.600193],[33.66242,-14.607014],[33.64485,-14.601743],[33.632965,-14.591408],[33.62449,-14.578075],[33.618406,-14.561841],[33.604233,-14.524022],[33.595758,-14.511413],[33.584286,-14.502628],[33.557414,-14.490432],[33.545942,-14.481647],[33.537467,-14.468728],[33.532351,-14.456222],[33.525788,-14.444337],[33.512455,-14.432968],[33.470287,-14.414468],[33.457368,-14.404339],[33.439178,-14.380671],[33.388587,-14.280626],[33.371017,-14.256751],[33.357105,-14.230565],[33.354325,-14.225332],[33.347142,-14.218821],[33.338254,-14.21541],[33.32394,-14.206315],[33.315568,-14.197117],[33.290557,-14.156913],[33.286216,-14.138929],[33.29128,-14.089216],[33.280221,-14.060794],[33.257794,-14.043638],[33.202707,-14.013872],[33.13005,-14.038057],[33.042923,-14.067099],[32.917143,-14.10906],[32.744957,-14.166421],[32.576802,-14.222542],[32.425493,-14.272978],[32.320383,-14.308014],[32.227366,-14.33902],[32.147061,-14.353386],[32.108768,-14.364858],[32.033269,-14.398758],[31.932913,-14.431108],[31.801345,-14.473586],[31.658408,-14.519578],[31.589679,-14.554821],[31.496661,-14.60257],[31.410878,-14.633576],[31.306802,-14.658174],[31.178024,-14.68856],[31.074465,-14.713054],[31.056585,-14.714398],[30.915094,-14.746024],[30.815772,-14.768245],[30.676969,-14.817647],[30.591807,-14.848136],[30.48556,-14.885964],[30.392491,-14.931025],[30.318438,-14.966992],[30.230898,-14.977224],[30.214465,-14.981462],[30.214421,-14.981966],[30.213845,-14.98849]]],[[[34.354006,-12.199461],[34.355581,-12.20494],[34.380361,-12.291135],[34.439169,-12.49505],[34.494463,-12.68739],[34.507485,-12.799424],[34.523918,-12.939674],[34.537767,-13.059357],[34.549343,-13.159092],[34.542832,-13.24379],[34.545312,-13.325749],[34.578178,-13.398406],[34.579419,-13.40037],[34.58276,-13.403626],[34.599779,-13.420213],[34.611458,-13.43582],[34.631715,-13.471166],[34.636469,-13.482225],[34.637606,-13.48822],[34.640603,-13.492354],[34.651352,-13.497831],[34.667475,-13.500932],[34.795426,-13.498761],[34.829636,-13.503929],[34.863122,-13.515815],[34.863898,-13.516283],[34.894438,-13.534728],[34.996551,-13.625989],[35.084091,-13.704227],[35.171114,-13.80572],[35.278704,-13.93088],[35.370068,-14.03723],[35.455748,-14.136965],[35.522824,-14.262746],[35.609433,-14.369406],[35.71444,-14.4987],[35.750539,-14.543143],[35.78689,-14.587894],[35.835569,-14.63585],[35.847248,-14.650422],[35.853036,-14.667476],[35.863268,-14.876662],[35.869882,-14.88555],[35.882802,-14.887514],[35.904299,-14.886894],[35.866782,-14.97309],[35.83929,-15.036342],[35.790818,-15.146826],[35.784203,-15.171838],[35.784513,-15.195195],[35.788583,-15.211428],[35.812005,-15.304853],[35.84053,-15.417197],[35.837623,-15.458281],[35.837558,-15.459199],[35.831952,-15.53843],[35.823064,-15.663384],[35.816759,-15.751957],[35.806734,-15.895824],[35.796591,-15.933198],[35.789681,-15.958663],[35.790094,-15.974476],[35.795675,-16.004965],[35.794642,-16.020675],[35.785133,-16.042275],[35.770044,-16.058812],[35.697593,-16.107491],[35.687051,-16.112659],[35.677853,-16.113486],[35.658939,-16.110075],[35.648604,-16.110592],[35.553209,-16.138394],[35.529025,-16.140771],[35.524064,-16.146662],[35.521067,-16.162165],[35.514555,-16.171363],[35.50205,-16.170846],[35.488717,-16.164645],[35.480139,-16.156894],[35.472904,-16.140151],[35.456368,-16.129402],[35.4358,-16.123924],[35.41606,-16.122891],[35.393426,-16.128575],[35.374616,-16.140977],[35.304956,-16.202059],[35.299156,-16.208721],[35.277154,-16.233995],[35.258757,-16.271512],[35.251936,-16.317814],[35.254209,-16.328356],[35.266198,-16.356468],[35.262271,-16.366597],[35.238707,-16.394089],[35.237253,-16.39909],[35.233332,-16.412589],[35.233642,-16.45238],[35.228165,-16.47026],[35.214419,-16.484212],[35.144655,-16.529067],[35.131943,-16.537646],[35.148376,-16.582088],[35.164396,-16.606789],[35.16853,-16.617124],[35.174318,-16.625496],[35.18548,-16.62901],[35.194678,-16.63056],[35.216589,-16.638725],[35.222997,-16.642136],[35.227544,-16.64689],[35.232712,-16.657225],[35.236639,-16.662599],[35.23974,-16.664563],[35.248215,-16.66818],[35.251005,-16.670041],[35.275087,-16.695466],[35.278187,-16.700737],[35.281081,-16.766882],[35.285112,-16.786726],[35.305162,-16.82569],[35.310227,-16.850598],[35.285215,-16.871062],[35.282838,-16.892146],[35.285112,-16.930077],[35.281908,-16.934727],[35.27581,-16.939172],[35.270953,-16.944236],[35.271366,-16.95054],[35.276017,-16.955191],[35.308366,-16.973692],[35.314361,-16.98227],[35.309297,-16.995292],[35.306557229146165,-17],[38.96472966115219,-17],[38.97047,-16.99627],[39.003673,-16.993259],[39.038585,-16.995294],[39.074555,-16.991388],[39.090505,-16.983819],[39.104991,-16.970961],[39.116222,-16.954767],[39.122325,-16.936782],[39.122325,-16.917413],[39.113292,-16.91725],[39.098318,-16.921808],[39.08074,-16.915704],[39.100434,-16.910414],[39.117931,-16.901788],[39.128917,-16.888116],[39.12908,-16.87184],[39.129161,-16.867852],[39.147472,-16.876642],[39.161469,-16.867852],[39.187511,-16.830987],[39.204356,-16.81699],[39.356212,-16.723891],[39.532563,-16.635837],[39.557791,-16.610935],[39.567393,-16.604425],[39.607677,-16.591892],[39.637462,-16.568292],[39.678396,-16.546075],[39.698253,-16.532159],[39.715099,-16.515069],[39.7199,-16.507257],[39.720714,-16.4992],[39.719574,-16.492934],[39.718272,-16.491143],[39.729015,-16.479181],[39.739106,-16.473077],[39.765961,-16.4638],[39.760753,-16.45908],[39.751313,-16.447931],[39.746104,-16.443292],[39.756684,-16.444106],[39.766938,-16.443292],[39.776866,-16.440851],[39.786388,-16.436456],[39.787608,-16.443617],[39.792654,-16.45672],[39.793793,-16.4638],[39.810557,-16.457615],[39.855968,-16.429783],[39.837087,-16.420505],[39.820649,-16.406671],[39.807953,-16.38893],[39.800629,-16.368259],[39.799815,-16.356378],[39.80128,-16.33172],[39.800629,-16.31992],[39.789399,-16.318455],[39.782563,-16.314874],[39.780935,-16.306248],[39.783376,-16.301935],[39.813324,-16.276951],[39.875255,-16.244806],[39.893728,-16.239679],[39.957774,-16.238539],[39.992361,-16.222426],[40.019298,-16.184991],[40.060802,-16.108168],[40.093028,-16.079522],[40.104747,-16.06406],[40.109223,-16.039239],[40.115245,-16.020278],[40.126801,-16.004083],[40.134776,-15.986505],[40.12908,-15.963556],[40.093516,-15.997979],[40.072032,-16.009535],[40.060802,-15.998305],[40.064952,-15.98919],[40.076182,-15.982517],[40.089122,-15.978611],[40.098399,-15.977227],[40.109711,-15.972263],[40.113943,-15.961033],[40.116059,-15.948419],[40.122244,-15.93963],[40.164561,-15.915623],[40.363617,-15.714776],[40.425792,-15.615004],[40.440684,-15.597345],[40.480724,-15.569106],[40.495942,-15.551528],[40.499034,-15.525323],[40.524262,-15.531671],[40.533376,-15.530938],[40.546723,-15.525323],[40.56186,-15.515883],[40.573253,-15.504978],[40.581798,-15.49212],[40.58839,-15.477634],[40.576182,-15.478611],[40.572765,-15.468194],[40.576345,-15.453058],[40.584646,-15.439711],[40.588227,-15.432306],[40.586681,-15.416111],[40.58839,-15.408624],[40.593435,-15.402276],[40.612641,-15.385024],[40.618337,-15.378351],[40.623546,-15.369806],[40.626638,-15.361423],[40.624848,-15.345636],[40.629405,-15.339044],[40.66684,-15.299249],[40.669281,-15.286716],[40.656586,-15.27158],[40.677501,-15.260919],[40.681651,-15.233005],[40.674164,-15.201104],[40.660411,-15.178969],[40.635427,-15.164646],[40.60963,-15.16131],[40.589529,-15.173028],[40.580903,-15.20322],[40.566091,-15.193536],[40.54835,-15.187433],[40.512706,-15.182061],[40.519705,-15.16725],[40.528005,-15.131036],[40.533214,-15.120701],[40.547211,-15.116957],[40.567393,-15.118341],[40.587657,-15.122817],[40.602061,-15.128106],[40.622244,-15.098077],[40.649669,-15.08766],[40.680837,-15.083673],[40.711925,-15.072931],[40.674571,-15.023614],[40.661957,-14.994887],[40.670909,-14.976658],[40.726248,-14.990981],[40.739268,-14.988377],[40.748871,-14.984552],[40.759044,-14.98561],[40.773936,-14.997735],[40.774425,-14.982354],[40.7671,-14.960382],[40.756358,-14.938084],[40.746104,-14.922052],[40.734386,-14.924493],[40.68686,-14.924574],[40.670909,-14.922052],[40.653656,-14.908461],[40.648123,-14.891534],[40.646983,-14.872654],[40.643077,-14.853774],[40.654552,-14.865167],[40.665701,-14.89544],[40.674083,-14.901544],[40.691661,-14.900079],[40.709727,-14.895278],[40.726248,-14.886895],[40.739268,-14.874282],[40.775157,-14.838067],[40.780121,-14.829522],[40.787608,-14.821954],[40.83546,-14.802341],[40.840099,-14.798272],[40.84254,-14.792901],[40.842459,-14.787205],[40.838878,-14.781427],[40.832693,-14.774021],[40.832205,-14.769138],[40.834158,-14.763604],[40.847992,-14.705011],[40.845714,-14.689223],[40.843598,-14.682306],[40.843516,-14.668552],[40.842296,-14.662042],[40.837169,-14.653741],[40.830903,-14.648126],[40.825043,-14.644138],[40.821788,-14.640802],[40.813243,-14.623712],[40.811371,-14.61297],[40.832205,-14.555841],[40.833751,-14.538751],[40.828624,-14.524835],[40.816091,-14.517185],[40.806163,-14.522231],[40.79713,-14.532159],[40.786957,-14.539158],[40.771739,-14.539727],[40.760997,-14.534926],[40.76002,-14.526137],[40.773285,-14.514825],[40.788422,-14.509373],[40.819021,-14.502537],[40.832042,-14.494073],[40.84254,-14.464451],[40.82838,-14.434259],[40.801443,-14.41074],[40.773285,-14.4013],[40.760753,-14.403741],[40.700531,-14.432061],[40.692638,-14.439711],[40.665294,-14.523858],[40.650564,-14.547052],[40.629405,-14.566339],[40.628754,-14.550714],[40.636241,-14.504327],[40.6338,-14.504815],[40.62908,-14.50156],[40.624522,-14.496189],[40.622569,-14.490655],[40.643077,-14.470147],[40.630626,-14.461114],[40.629649,-14.449884],[40.638845,-14.443536],[40.656586,-14.449151],[40.636241,-14.339939],[40.651622,-14.34352],[40.670746,-14.363051],[40.684581,-14.36712],[40.69516,-14.362726],[40.718761,-14.344334],[40.732432,-14.339939],[40.729991,-14.323663],[40.730235,-14.304132],[40.735037,-14.285252],[40.746104,-14.270929],[40.72934,-14.261407],[40.724132,-14.250177],[40.726248,-14.219822],[40.720714,-14.204767],[40.708507,-14.190688],[40.6963,-14.18255],[40.647146,-14.202569],[40.622325,-14.221287],[40.622569,-14.250421],[40.612153,-14.258233],[40.601899,-14.263116],[40.591482,-14.263279],[40.580903,-14.257257],[40.587087,-14.25449],[40.602061,-14.243585],[40.59018,-14.234796],[40.591807,-14.224705],[40.5949,-14.214614],[40.588064,-14.20615],[40.579112,-14.206638],[40.567882,-14.225763],[40.55421,-14.230076],[40.560069,-14.201837],[40.545421,-14.181329],[40.538585,-14.164483],[40.567882,-14.147393],[40.59669,-14.143162],[40.60963,-14.138604],[40.619477,-14.127211],[40.621593,-14.113377],[40.616466,-14.101495],[40.6067,-14.092055],[40.595225,-14.085382],[40.634288,-14.070733],[40.645681,-14.058689],[40.650564,-14.031915],[40.648692,-14.011326],[40.63852,-13.967462],[40.636241,-13.94256],[40.633962,-13.934503],[40.628429,-13.925063],[40.621755,-13.916681],[40.606212,-13.902032],[40.604177,-13.891046],[40.603526,-13.880141],[40.590587,-13.853285],[40.574962,-13.734552],[40.569998,-13.716404],[40.542654,-13.658868],[40.539399,-13.636407],[40.550548,-13.616795],[40.583344,-13.587009],[40.596446,-13.57171],[40.595225,-13.565199],[40.574555,-13.558526],[40.559093,-13.542901],[40.544444,-13.524672],[40.527029,-13.510593],[40.527029,-13.510512],[40.538748,-13.495538],[40.544688,-13.474705],[40.546723,-13.431817],[40.55421,-13.415134],[40.584483,-13.383233],[40.58839,-13.360447],[40.583751,-13.362237],[40.57252,-13.364841],[40.567882,-13.366632],[40.567882,-13.284763],[40.542817,-13.305271],[40.529633,-13.310235],[40.527029,-13.298272],[40.535492,-13.284356],[40.54949,-13.274509],[40.562266,-13.262872],[40.567882,-13.243341],[40.574718,-13.168064],[40.572765,-13.150567],[40.563487,-13.116876],[40.561046,-13.099054],[40.565684,-13.066013],[40.58961,-13.008071],[40.595225,-12.975681],[40.589203,-12.95794],[40.575043,-12.957778],[40.558116,-12.962335],[40.543712,-12.958429],[40.532074,-12.951593],[40.515473,-12.947442],[40.500173,-12.948012],[40.492198,-12.955011],[40.496267,-12.970961],[40.507091,-12.984796],[40.51238,-12.998956],[40.499034,-13.016534],[40.483409,-13.021905],[40.468272,-13.017022],[40.417735,-12.971856],[40.412608,-12.961033],[40.410899,-12.942071],[40.417979,-12.926853],[40.434906,-12.910333],[40.455333,-12.896173],[40.48406,-12.88128],[40.490245,-12.879653],[40.499034,-12.880548],[40.510265,-12.886],[40.513682,-12.892673],[40.512706,-12.901056],[40.519379,-12.906427],[40.521739,-12.910252],[40.524425,-12.909356],[40.533214,-12.901056],[40.539317,-12.892999],[40.550548,-12.866388],[40.554454,-12.846856],[40.545584,-12.835219],[40.533214,-12.827325],[40.527029,-12.818943],[40.531993,-12.811456],[40.560069,-12.813897],[40.574718,-12.804864],[40.571951,-12.803399],[40.568858,-12.795587],[40.567068,-12.785577],[40.567882,-12.77752],[40.583995,-12.792657],[40.605479,-12.798272],[40.626964,-12.793634],[40.643077,-12.77752],[40.646821,-12.76629],[40.646821,-12.755304],[40.641449,-12.74684],[40.629405,-12.743422],[40.624522,-12.738214],[40.616059,-12.712172],[40.608897,-12.701837],[40.597423,-12.700942],[40.586436,-12.706638],[40.578136,-12.706313],[40.568696,-12.662286],[40.568044,-12.649591],[40.574718,-12.639825],[40.585623,-12.639825],[40.602712,-12.658949],[40.612641,-12.657485],[40.61964,-12.645115],[40.614106,-12.636814],[40.585134,-12.622247],[40.573741,-12.619399],[40.564789,-12.613051],[40.561046,-12.598565],[40.562022,-12.530043],[40.556895,-12.525323],[40.514903,-12.52337],[40.502778,-12.521417],[40.492198,-12.51686],[40.478201,-12.501072],[40.480317,-12.484308],[40.506521,-12.447931],[40.514659,-12.42669],[40.521169,-12.417576],[40.544119,-12.411798],[40.552257,-12.405938],[40.558116,-12.397556],[40.561046,-12.38714],[40.532074,-12.39072],[40.518321,-12.388442],[40.509532,-12.380304],[40.506521,-12.364353],[40.510753,-12.351739],[40.5171,-12.339614],[40.520193,-12.325779],[40.513682,-12.300551],[40.497813,-12.274184],[40.475841,-12.258071],[40.451182,-12.263604],[40.453624,-12.242608],[40.463715,-12.239923],[40.477875,-12.245782],[40.492198,-12.250095],[40.50587,-12.242608],[40.517345,-12.22503],[40.524913,-12.204522],[40.527029,-12.187921],[40.521332,-12.171808],[40.50294,-12.144301],[40.499034,-12.12656],[40.500824,-12.112481],[40.512706,-12.064386],[40.515473,-12.032159],[40.521821,-12.021742],[40.536876,-12.006036],[40.536876,-11.99684],[40.506521,-11.954522],[40.493012,-11.925063],[40.486176,-11.895196],[40.493012,-11.866143],[40.520193,-11.839044],[40.506196,-11.833266],[40.500824,-11.834242],[40.492198,-11.839044],[40.479503,-11.823419],[40.473806,-11.806248],[40.472016,-11.757582],[40.470714,-11.751235],[40.467459,-11.745864],[40.448985,-11.728448],[40.444347,-11.708754],[40.44158,-11.676365],[40.438324,-11.664646],[40.427582,-11.650079],[40.429454,-11.641534],[40.451996,-11.616306],[40.458018,-11.605076],[40.45045,-11.592869],[40.435069,-11.578709],[40.42335,-11.563165],[40.427582,-11.547296],[40.439464,-11.533787],[40.44752,-11.520115],[40.458018,-11.489028],[40.465099,-11.450372],[40.471365,-11.416762],[40.465831,-11.385186],[40.43686,-11.392185],[40.427501,-11.377862],[40.413829,-11.361505],[40.398123,-11.346856],[40.382986,-11.338149],[40.375499,-11.358657],[40.367686,-11.351251],[40.35906,-11.332127],[40.348806,-11.317071],[40.360525,-11.315199],[40.384451,-11.315199],[40.397227,-11.310805],[40.405447,-11.300714],[40.420095,-11.265883],[40.427582,-11.252862],[40.494151,-11.204767],[40.506521,-11.187433],[40.50587,-11.177504],[40.498383,-11.15252],[40.499034,-11.139581],[40.504893,-11.128595],[40.536876,-11.095147],[40.552013,-11.074314],[40.565766,-11.042413],[40.566091,-11.01393],[40.540538,-11.003106],[40.531016,-11.009535],[40.517914,-11.034438],[40.506521,-11.037205],[40.498383,-11.027276],[40.506602,-10.992771],[40.496104,-10.955743],[40.508311,-10.927667],[40.528575,-10.901951],[40.546723,-10.885675],[40.601573,-10.859959],[40.620291,-10.840916],[40.602061,-10.820489],[40.531993,-10.785821],[40.512706,-10.769627],[40.509613,-10.778416],[40.505626,-10.785414],[40.500011,-10.791599],[40.492198,-10.79697],[40.485362,-10.76214],[40.569835,-10.69671],[40.602061,-10.687677],[40.640391,-10.691339],[40.654959,-10.686944],[40.646739,-10.670343],[40.631358,-10.662856],[40.592133,-10.657892],[40.57781,-10.649835],[40.570486,-10.633884],[40.568126,-10.599786],[40.561046,-10.584649],[40.545584,-10.576918],[40.52475,-10.572931],[40.506602,-10.566339],[40.499034,-10.55047],[40.506602,-10.539321],[40.521495,-10.526137],[40.532074,-10.509454],[40.527029,-10.488458],[40.510509,-10.477716],[40.483735,-10.500095],[40.464854,-10.495864],[40.475434,-10.48268],[40.469412,-10.472589],[40.453949,-10.469008],[40.43686,-10.474786],[40.421026,-10.503751],[40.389193,-10.535273],[40.35333,-10.560698],[40.288527,-10.583022],[40.2507,-10.610927],[40.191582,-10.668805],[40.172772,-10.693093],[40.161093,-10.704358],[40.133188,-10.71459],[40.008131,-10.811122],[39.989114,-10.82094],[39.885968,-10.864452],[39.785819,-10.932562],[39.760498,-10.943104],[39.592756,-10.97938],[39.515655,-10.985065],[39.498498,-10.990646],[39.482685,-10.999224],[39.286625,-11.15415],[39.263267,-11.166759],[39.238152,-11.174201],[39.211591,-11.17389],[39.190507,-11.166242],[39.149786,-11.144332],[39.126221,-11.139681],[39.095422,-11.153427],[39.060799,-11.160145],[38.930057,-11.160041],[38.896261,-11.167689],[38.869493,-11.190737],[38.851923,-11.202829],[38.831045,-11.207997],[38.817816,-11.216265],[38.778025,-11.253679],[38.759732,-11.263187],[38.748673,-11.262774],[38.727072,-11.25771],[38.715083,-11.256469],[38.704231,-11.258536],[38.683974,-11.267838],[38.654209,-11.275796],[38.638189,-11.289232],[38.615658,-11.317241],[38.517163,-11.383077],[38.492255,-11.413462],[38.491688,-11.413137],[38.462386,-11.396306],[38.383114,-11.376669],[38.347664,-11.358789],[38.292474,-11.301635],[38.25661,-11.27714],[38.210411,-11.270009],[38.20049,-11.272696],[38.178372,-11.281791],[38.1669,-11.283755],[38.155014,-11.280551],[38.135377,-11.266391],[38.125662,-11.263187],[38.122458,-11.261224],[38.117187,-11.252025],[38.11543,-11.249545],[38.109332,-11.249648],[38.104268,-11.252025],[38.101167,-11.254919],[38.101167,-11.256469],[38.093357,-11.25631],[38.070782,-11.255849],[38.013628,-11.265461],[38.004222,-11.27528],[37.995334,-11.277553],[37.954613,-11.280034],[37.938077,-11.283961],[37.875238,-11.319101],[37.868417,-11.327783],[37.865833,-11.342459],[37.850433,-11.387624],[37.841028,-11.39982],[37.842475,-11.417803],[37.818497,-11.459868],[37.813226,-11.482295],[37.817257,-11.495628],[37.823252,-11.507927],[37.825112,-11.520226],[37.816947,-11.533558],[37.804441,-11.544514],[37.783667,-11.55888],[37.710907,-11.590403],[37.666362,-11.625543],[37.647758,-11.635981],[37.626364,-11.639702],[37.594635,-11.640012],[37.572931,-11.644146],[37.536757,-11.662956],[37.51588,-11.667297],[37.503788,-11.672671],[37.496036,-11.685074],[37.490352,-11.698923],[37.484771,-11.708845],[37.476399,-11.715976],[37.469681,-11.71949],[37.450665,-11.722591],[37.427824,-11.722591],[37.378318,-11.708845],[37.370153,-11.704814],[37.352376,-11.686314],[37.3408,-11.68094],[37.331395,-11.68156],[37.323644,-11.68528],[37.315789,-11.690241],[37.306074,-11.694582],[37.27021,-11.698406],[37.226595,-11.693755],[37.141639,-11.674738],[37.106499,-11.658099],[37.071566,-11.62916],[37.044384,-11.595674],[37.032395,-11.564874],[37.016686,-11.573969],[37.007797,-11.580584],[36.998392,-11.584615],[36.905892,-11.59278],[36.891112,-11.589989],[36.866307,-11.574176],[36.846567,-11.572729],[36.837059,-11.567975],[36.820109,-11.573556],[36.77484,-11.626266],[36.747038,-11.66647],[36.738047,-11.674738],[36.726574,-11.680733],[36.689677,-11.694582],[36.679962,-11.702437],[36.674588,-11.708845],[36.66725,-11.713392],[36.640585,-11.716286],[36.625702,-11.721351],[36.562967,-11.731272],[36.545707,-11.729412],[36.520592,-11.717113],[36.515011,-11.715046],[36.508707,-11.709775],[36.502712,-11.686314],[36.494857,-11.68094],[36.378068,-11.68094],[36.373314,-11.68311],[36.368147,-11.687761],[36.361222,-11.692412],[36.329803,-11.697063],[36.293422,-11.707295],[36.278746,-11.708845],[36.268411,-11.705951],[36.252908,-11.696649],[36.240919,-11.694582],[36.199681,-11.701507],[36.188209,-11.693652],[36.179218,-11.675565],[36.17622,-11.654998],[36.182628,-11.640012],[36.17591,-11.620065],[36.173637,-11.597431],[36.168055,-11.578724],[36.151932,-11.571076],[36.142837,-11.569008],[36.136016,-11.563841],[36.129505,-11.557123],[36.121133,-11.550612],[36.111521,-11.546581],[36.089404,-11.540897],[36.079585,-11.536969],[36.043102,-11.514852],[36.022225,-11.505653],[36.007859,-11.506583],[35.988532,-11.512164],[35.969825,-11.502449],[35.960833,-11.483536],[35.970341,-11.461211],[35.953082,-11.440644],[35.939749,-11.434133],[35.902025,-11.434546],[35.895617,-11.432789],[35.867299,-11.420904],[35.826371,-11.413462],[35.813142,-11.422351],[35.781929,-11.461211],[35.764256,-11.474854],[35.714026,-11.483846],[35.69563,-11.494594],[35.703381,-11.516505],[35.691289,-11.524257],[35.68023,-11.537589],[35.671858,-11.551438],[35.66483,-11.572006],[35.654805,-11.57831],[35.600855,-11.592263],[35.599718,-11.59216],[35.576257,-11.605182],[35.559824,-11.601048],[35.543701,-11.594743],[35.532745,-11.59557],[35.531505,-11.612727],[35.520136,-11.609109],[35.515589,-11.603528],[35.513005,-11.596604],[35.507631,-11.589059],[35.498742,-11.582341],[35.494091,-11.581824],[35.490164,-11.584098],[35.483653,-11.585958],[35.483446,-11.586889],[35.470114,-11.59216],[35.465773,-11.592573],[35.441175,-11.591436],[35.431873,-11.588439],[35.425258,-11.582031],[35.423501,-11.576553],[35.381747,-11.57769],[34.964615,-11.573556],[34.651249,-11.570042],[34.616729,-11.57831],[34.607117,-11.591126],[34.607221,-11.609316],[34.613938,-11.652724],[34.611975,-11.693135],[34.60443,-11.732616],[34.563812,-11.830905],[34.487641,-11.944076],[34.380051,-12.10386],[34.35876,-12.154399],[34.354006,-12.199461]],[[34.541798,-11.994616],[34.561642,-11.978596],[34.562572,-11.977976],[34.598436,-11.970534],[34.627478,-11.987278],[34.641224,-12.01787],[34.631715,-12.052493],[34.611148,-12.072544],[34.596058,-12.071924],[34.583553,-12.058901],[34.570737,-12.041021],[34.544072,-12.011359],[34.541798,-11.994616]],[[34.6559,-12.076264],[34.662411,-12.052803],[34.680911,-12.009395],[34.69414,-12.000403],[34.715638,-12.001644],[34.738272,-12.009498],[34.754188,-12.020144],[34.762353,-12.040298],[34.759253,-12.065619],[34.748194,-12.090424],[34.732484,-12.109027],[34.711607,-12.120809],[34.688973,-12.12453],[34.669026,-12.117812],[34.65621,-12.097245],[34.6559,-12.076264]]],[[[39.817702,-16.35618],[39.832455,-16.390517],[39.856391,-16.409869],[39.878476,-16.41689],[39.903302,-16.409806],[39.908796,-16.395698],[39.906923,-16.378074],[39.915148,-16.348977],[39.941801,-16.322479],[39.946372,-16.302192],[39.943577,-16.279272],[39.909537,-16.275827],[39.860824,-16.286503],[39.832347,-16.299773],[39.821337,-16.317412],[39.817702,-16.35618]]]]}},{"type":"Feature","properties":{"name":"JWLA 033 Country - Nigeria","group":"countries-africa-w","source":"Natural Earth / geo-countries"},"geometry":{"type":"MultiPolygon","coordinates":[[[[3.5964,11.695773],[3.647767,11.726004],[3.659859,11.738096],[3.66699,11.759697],[3.662029,11.779489],[3.64973,11.797834],[3.626269,11.822535],[3.622032,11.825016],[3.618621,11.828375],[3.612937,11.838968],[3.609733,11.848787],[3.603945,11.905579],[3.608492,11.921961],[3.619551,11.936275],[3.636604,11.953587],[3.653554,11.986815],[3.648903,12.021024],[3.623995,12.09425],[3.624512,12.137658],[3.651487,12.26902],[3.641565,12.517997],[3.6457,12.528539],[3.864394,12.689666],[3.929093,12.750386],[4.088773,12.996236],[4.120325,13.210608],[4.123707,13.233586],[4.125774,13.472977],[4.190472,13.475018],[4.220548,13.480625],[4.248453,13.494139],[4.405756,13.641236],[4.452575,13.673766],[4.506732,13.694669],[4.625845,13.723151],[4.824852,13.770737],[4.856892,13.774096],[4.879836,13.764019],[4.902367,13.742987],[4.925105,13.733091],[4.983189,13.72968],[5.084371,13.747534],[5.227618,13.741333],[5.262035,13.747741],[5.273507,13.752521],[5.304203,13.773941],[5.318052,13.789935],[5.334795,13.826702],[5.346268,13.841559],[5.374069,13.855254],[5.521761,13.880291],[5.554317,13.873418],[5.837349,13.763748],[6.12038,13.654077],[6.129476,13.649065],[6.13578,13.643664],[6.142395,13.640822],[6.152833,13.643561],[6.210608,13.675265],[6.229831,13.679192],[6.284208,13.667656],[6.302178,13.663844],[6.368944,13.626275],[6.509297,13.496051],[6.672543,13.321178],[6.753879,13.1749],[6.778687,13.130285],[6.837908,13.063493],[6.874185,13.030498],[6.906637,13.006856],[6.937127,12.995409],[6.970509,12.991844],[7.044924,12.992206],[7.062921,12.99514],[7.068695,12.996081],[7.090089,13.006391],[7.137424,13.047241],[7.198196,13.117392],[7.22052,13.121577],[7.324803,13.102845],[7.360667,13.102638],[7.391982,13.112534],[7.755578,13.327146],[7.789684,13.341977],[7.823997,13.345285],[8.077522,13.310016],[8.105117,13.299654],[8.116589,13.29105],[8.14005,13.269114],[8.167646,13.252371],[8.201442,13.226377],[8.216015,13.219608],[8.245677,13.211779],[8.246728,13.211292],[8.259836,13.205216],[8.273066,13.193873],[8.297974,13.164624],[8.397813,13.075405],[8.405151,13.070857],[8.415176,13.067059],[8.419,13.066697],[8.423134,13.069488],[8.434503,13.075095],[8.445975,13.078712],[8.47078,13.081657],[8.482665,13.081554],[8.50964,13.075921],[8.533515,13.06463],[8.577233,13.032436],[8.596767,13.011403],[8.625499,12.964791],[8.642655,12.944353],[8.679346,12.923579],[8.942792,12.847201],[8.977872,12.843183],[9.269387,12.809788],[9.306491,12.809839],[9.359821,12.824593],[9.377908,12.825782],[9.590298,12.80139],[9.611485,12.802941],[9.61841,12.805783],[9.629262,12.812785],[9.640734,12.822526],[9.647657,12.830538],[9.819328,13.029206],[9.852814,13.060444],[9.872038,13.072562],[9.882683,13.076231],[9.887747,13.075508],[9.891778,13.076231],[9.899736,13.084319],[9.904387,13.094344],[9.908211,13.118787],[9.912449,13.1292],[9.930122,13.145969],[10.119775,13.250097],[10.161529,13.267202],[10.647882,13.369406],[10.674986,13.375102],[10.771311,13.382698],[10.953005,13.361899],[11.440004,13.364431],[11.742311,13.289448],[11.852795,13.245394],[11.991908,13.162092],[12.038004,13.126358],[12.057641,13.116772],[12.116449,13.102845],[12.149625,13.105584],[12.163784,13.107961],[12.184765,13.122094],[12.201405,13.125427],[12.251841,13.108012],[12.26321,13.101863],[12.267034,13.095171],[12.267447,13.089641],[12.269204,13.085869],[12.277162,13.084474],[12.280883,13.086851],[12.285327,13.092019],[12.291528,13.096824],[12.301037,13.098116],[12.310959,13.092639],[12.3184,13.083854],[12.325738,13.078815],[12.335247,13.084474],[12.351576,13.079797],[12.386742,13.07858],[12.414312,13.077627],[12.437256,13.074009],[12.456376,13.067421],[12.472706,13.064165],[12.486659,13.070805],[12.491206,13.082639],[12.499784,13.135969],[12.504332,13.139613],[12.526966,13.143643],[12.534511,13.145917],[12.542572,13.15478],[12.547947,13.165451],[12.554251,13.187542],[12.538335,13.193356],[12.545156,13.208213],[12.558179,13.226532],[12.561073,13.242759],[12.597556,13.276503],[12.602724,13.279992],[12.606134,13.27423],[12.613266,13.276503],[12.62019,13.281438],[12.626805,13.28826],[12.628769,13.294177],[12.630009,13.310377],[12.640654,13.302393],[12.649233,13.293608],[12.659155,13.286606],[12.674347,13.283712],[12.683132,13.288932],[12.690057,13.311979],[12.701736,13.31725],[12.72437,13.322289],[12.740803,13.33482],[12.766538,13.365671],[12.773256,13.382233],[12.7746,13.382698],[12.77739,13.386703],[12.783281,13.382337],[12.788966,13.375464],[12.791136,13.371846],[12.805192,13.372983],[12.804779,13.376859],[12.798474,13.384275],[12.794547,13.396057],[12.797337,13.399648],[12.81067,13.404299],[12.815011,13.406625],[12.817594,13.407296],[12.826276,13.406056],[12.829273,13.406625],[12.829997,13.409364],[12.82855,13.417451],[12.829273,13.420293],[12.857075,13.450653],[12.870201,13.461247],[12.863897,13.469282],[12.857592,13.475328],[12.850564,13.479385],[12.842296,13.481685],[12.842296,13.489126],[12.857799,13.484914],[12.870614,13.478868],[12.87971,13.479695],[12.883844,13.495999],[12.911749,13.489901],[12.939344,13.495069],[13.029261,13.539175],[13.054893,13.548373],[13.082488,13.550621],[13.082488,13.544394],[13.07701,13.534679],[13.088276,13.530596],[13.107086,13.531552],[13.123519,13.536953],[13.123829,13.533439],[13.123519,13.522664],[13.13096,13.529821],[13.138402,13.546539],[13.143983,13.550621],[13.153698,13.548761],[13.155868,13.540777],[13.153698,13.5307],[13.150184,13.522664],[13.176952,13.534472],[13.203927,13.539381],[13.228112,13.548037],[13.246405,13.571085],[13.232246,13.572894],[13.230179,13.577751],[13.239481,13.591575],[13.243822,13.593254],[13.25085,13.592763],[13.257258,13.594236],[13.260048,13.602142],[13.258601,13.607801],[13.253537,13.614881],[13.253847,13.618911],[13.259221,13.628963],[13.266146,13.638032],[13.30604,13.674644],[13.321233,13.685109],[13.320716,13.702291],[13.329915,13.709423],[13.35892,13.714232],[13.35999,13.714409],[13.607314,13.7041],[13.836111,13.391044],[14.064908,13.077988],[14.121132,12.81179],[14.177356,12.545592],[14.1787,12.468336],[14.180216,12.46353],[14.185418,12.447045],[14.185108,12.427873],[14.179113,12.397281],[14.179837,12.385602],[14.188932,12.370409],[14.202161,12.362502],[14.217561,12.359298],[14.42313,12.353149],[14.487105,12.337801],[14.51439,12.323538],[14.517594,12.313358],[14.512426,12.29863],[14.51439,12.28938],[14.521521,12.282352],[14.551184,12.260441],[14.562139,12.255842],[14.562139,12.248401],[14.558315,12.246902],[14.548497,12.241579],[14.568134,12.22773],[14.588287,12.217188],[14.6041,12.204321],[14.610612,12.183547],[14.616296,12.178948],[14.629318,12.183495],[14.643168,12.190627],[14.651539,12.193779],[14.663425,12.187578],[14.668283,12.178069],[14.669936,12.167424],[14.650609,12.148097],[14.648129,12.141844],[14.643168,12.13585],[14.637173,12.124222],[14.619913,12.052495],[14.622187,12.042005],[14.604307,12.03043],[14.606271,12.011258],[14.625184,11.968108],[14.626941,11.957204],[14.627148,11.950073],[14.623427,11.916535],[14.612059,11.88496],[14.590665,11.783158],[14.583223,11.766363],[14.546533,11.718614],[14.541882,11.709829],[14.543329,11.701096],[14.552424,11.689003],[14.556455,11.687505],[14.573508,11.687711],[14.580949,11.683267],[14.585083,11.676808],[14.588597,11.669676],[14.593868,11.66301],[14.610198,11.646835],[14.62136,11.629782],[14.627148,11.60968],[14.627561,11.584359],[14.623841,11.563481],[14.616193,11.538677],[14.605754,11.514725],[14.593765,11.496431],[14.576609,11.487336],[14.524932,11.468836],[14.503951,11.456304],[14.467261,11.423852],[14.446281,11.411682],[14.387059,11.393388],[14.368249,11.383001],[14.279159,11.301844],[14.271304,11.29864],[14.244329,11.295436],[14.232133,11.290294],[14.204642,11.26213],[14.186762,11.249237],[14.165471,11.238333],[14.14325,11.232726],[14.122579,11.235724],[14.052506,11.265153],[14.013129,11.276367],[13.98233,11.276264],[13.943882,11.245723],[13.906262,11.208025],[13.873189,11.166503],[13.849211,11.124568],[13.832054,11.084803],[13.820066,11.069274],[13.782032,11.047518],[13.765909,11.033901],[13.75485,11.016719],[13.750406,10.996203],[13.75702,10.958247],[13.749839,10.942442],[13.744411,10.930497],[13.566283,10.679013],[13.538791,10.62142],[13.501274,10.496337],[13.467167,10.307589],[13.444843,10.245474],[13.444533,10.232477],[13.451354,10.212117],[13.453008,10.200515],[13.450837,10.187157],[13.434921,10.153412],[13.423242,10.138478],[13.401952,10.122381],[13.392672,10.116957],[13.378387,10.108609],[13.359784,10.100547],[13.281339,10.092098],[13.247956,10.079412],[13.230179,10.045331],[13.230489,10.025358],[13.242478,9.992673],[13.246405,9.973475],[13.242271,9.949756],[13.218707,9.913039],[13.211059,9.892756],[13.212712,9.870148],[13.222944,9.854128],[13.251987,9.824234],[13.262942,9.801728],[13.260461,9.785709],[13.251056,9.76925],[13.241341,9.745324],[13.228422,9.677912],[13.223461,9.613135],[13.195453,9.542209],[13.13034,9.516526],[13.051689,9.504511],[12.982442,9.474591],[12.969006,9.464075],[12.940068,9.4271],[12.929009,9.416119],[12.920741,9.410486],[12.862036,9.382891],[12.855422,9.378111],[12.848394,9.359947],[12.853148,9.356639],[12.88157,9.352221],[12.891285,9.33199],[12.899347,9.302017],[12.898416,9.262433],[12.894592,9.243959],[12.888391,9.226725],[12.842192,9.14443],[12.822142,9.09681],[12.821005,9.056425],[12.82824,9.019967],[12.805709,8.831503],[12.794547,8.788612],[12.772946,8.759053],[12.759613,8.75342],[12.747211,8.753627],[12.734499,8.755901],[12.720236,8.756469],[12.708867,8.750914],[12.701633,8.739158],[12.692848,8.710891],[12.678171,8.678696],[12.660395,8.659318],[12.557972,8.605677],[12.542572,8.602008],[12.527793,8.604851],[12.495547,8.619553],[12.482524,8.623247],[12.464334,8.621154],[12.451829,8.614695],[12.440253,8.606608],[12.42444,8.599786],[12.410591,8.598494],[12.396328,8.600768],[12.368836,8.609579],[12.377001,8.59511],[12.400462,8.538421],[12.403253,8.524235],[12.403873,8.496537],[12.395191,8.487338],[12.365116,8.466564],[12.357571,8.456358],[12.351163,8.44424],[12.343205,8.432742],[12.331319,8.424293],[12.310235,8.421348],[12.271788,8.427781],[12.249981,8.418764],[12.227036,8.386311],[12.219285,8.343161],[12.221765,8.29766],[12.237682,8.21689],[12.236751,8.196994],[12.233713,8.188455],[12.229103,8.175497],[12.188279,8.117774],[12.182594,8.093486],[12.182698,8.054652],[12.188175,8.016256],[12.1951,7.99171],[12.197787,7.975173],[12.192103,7.960652],[12.154276,7.921326],[12.054954,7.783919],[12.018987,7.718858],[12.012166,7.698343],[12.009065,7.676328],[12.010719,7.655244],[12.024981,7.596592],[12.021054,7.576231],[12.008548,7.564862],[11.992839,7.55401],[11.966174,7.514426],[11.903545,7.453557],[11.844734,7.396397],[11.782722,7.304517],[11.762465,7.285551],[11.744585,7.272167],[11.736627,7.263279],[11.742415,7.257439],[11.766186,7.252943],[11.780242,7.241058],[11.829954,7.169383],[11.868918,7.127111],[11.881321,7.102048],[11.872226,7.079362],[11.862614,7.075435],[11.854139,7.077812],[11.845147,7.081946],[11.833985,7.08298],[11.820343,7.078794],[11.80887,7.071921],[11.766392,7.033525],[11.75151,7.023965],[11.748616,7.014973],[11.746859,7.005362],[11.741071,6.997507],[11.73425,6.995078],[11.718643,6.994458],[11.707481,6.991822],[11.697249,6.992856],[11.692495,6.991616],[11.688464,6.986913],[11.684847,6.973839],[11.681126,6.96862],[11.623249,6.932291],[11.561754,6.876067],[11.543667,6.850694],[11.538086,6.8239],[11.544597,6.80894],[11.566611,6.784187],[11.571469,6.766229],[11.568885,6.739099],[11.562374,6.712485],[11.533435,6.645099],[11.509767,6.612311],[11.482585,6.597169],[11.443105,6.593268],[11.41675,6.572003],[11.401764,6.538181],[11.395666,6.496736],[11.389361,6.473921],[11.369828,6.455757],[11.344196,6.443122],[11.319495,6.437283],[11.308539,6.437903],[11.286835,6.443225],[11.27588,6.444207],[11.272159,6.442037],[11.261514,6.432554],[11.255519,6.42997],[11.248285,6.431004],[11.237122,6.438058],[11.231748,6.439815],[11.202276,6.436739],[11.140384,6.43028],[11.113512,6.434001],[11.097079,6.449117],[11.077442,6.496736],[11.060596,6.573967],[11.057392,6.613008],[11.059045,6.652722],[11.055945,6.700367],[11.036721,6.740546],[11.002615,6.767262],[10.909391,6.784264],[10.877454,6.816097],[10.857404,6.859789],[10.848206,6.905316],[10.831876,6.94521],[10.799113,6.967328],[10.716947,6.998127],[10.646978,7.035076],[10.620623,7.043757],[10.602536,7.058072],[10.597161,7.107268],[10.578661,7.130832],[10.564192,7.102668],[10.55179,7.06634],[10.543315,7.028719],[10.537424,6.952135],[10.533186,6.948828],[10.527502,6.947484],[10.521197,6.942781],[10.508898,6.926348],[10.500733,6.912809],[10.496599,6.897151],[10.495979,6.874672],[10.238424,6.871003],[10.210828,6.879168],[10.189848,6.895446],[10.179409,6.914928],[10.165043,6.988515],[10.156878,7.004742],[10.142926,7.007687],[10.119465,6.994406],[9.874622,6.787701],[9.851161,6.777882],[9.83173,6.783566],[9.8123,6.793049],[9.788529,6.794754],[9.769822,6.773722],[9.69398,6.534305],[9.693031,6.531308],[9.680525,6.521438],[9.644806,6.521226],[9.632673,6.521153],[9.60301,6.515185],[9.588127,6.502731],[9.56477,6.458599],[9.548957,6.443174],[9.528596,6.433019],[9.48859,6.418208],[9.482604,6.415992],[9.453149,6.397673],[9.422866,6.339356],[9.394961,6.322535],[9.379148,6.321605],[9.366539,6.32269],[9.354757,6.321502],[9.341011,6.313983],[9.327368,6.298506],[9.298843,6.238432],[9.273315,6.202775],[9.136165,6.092523],[9.043871,5.996844],[9.043871,5.996689],[9.022477,5.965813],[9.009868,5.952351],[8.993849,5.944083],[8.988474,5.937287],[8.986304,5.908814],[8.982686,5.895765],[8.965013,5.893595],[8.943206,5.901424],[8.921708,5.904473],[8.904655,5.888117],[8.891219,5.871116],[8.855872,5.847499],[8.845227,5.831041],[8.847087,5.810758],[8.857836,5.794893],[8.866621,5.777452],[8.862177,5.752337],[8.844607,5.730866],[8.826934,5.717817],[8.819286,5.703451],[8.832411,5.678156],[8.852565,5.658674],[8.874889,5.64144],[8.8937,5.621751],[8.903932,5.595086],[8.899487,5.570953],[8.884294,5.551445],[8.865484,5.533462],[8.850498,5.514006],[8.844297,5.492353],[8.845744,5.472794],[8.849258,5.453467],[8.849775,5.432357],[8.84316,5.409981],[8.821663,5.367684],[8.815255,5.343499],[8.816392,5.330296],[8.82466,5.306137],[8.825693,5.295492],[8.798925,5.159635],[8.79169,5.146741],[8.781252,5.141987],[8.769469,5.139946],[8.758307,5.134881],[8.748282,5.12421],[8.728852,5.094548],[8.722651,5.08119],[8.707871,5.037549],[8.698569,5.017809],[8.683687,4.997035],[8.683687,4.99688],[8.644412,4.934868],[8.638315,4.916781],[8.61103,4.896653],[8.602245,4.881331],[8.605448,4.86004],[8.608446,4.846217],[8.612166,4.831877],[8.595113,4.815314],[8.594168,4.815294],[8.594574,4.815497],[8.592459,4.820217],[8.585704,4.824897],[8.576671,4.827053],[8.568614,4.823188],[8.558116,4.814439],[8.549164,4.804185],[8.545258,4.796291],[8.543305,4.787502],[8.534434,4.768297],[8.531749,4.758124],[8.532563,4.748236],[8.539073,4.733791],[8.538585,4.724595],[8.529796,4.708889],[8.518321,4.704047],[8.504893,4.706122],[8.490001,4.711005],[8.485525,4.709784],[8.475841,4.70893],[8.469005,4.711656],[8.473318,4.721177],[8.47755,4.727769],[8.48227,4.738349],[8.484386,4.748196],[8.480154,4.752509],[8.471202,4.75023],[8.451834,4.740546],[8.438813,4.738267],[8.40919,4.749335],[8.4074,4.776842],[8.417247,4.812445],[8.421886,4.84748],[8.415701,4.84748],[8.409028,4.813381],[8.386974,4.795803],[8.358409,4.797349],[8.332367,4.820868],[8.335623,4.824693],[8.339854,4.834459],[8.332042,4.836412],[8.312022,4.84748],[8.31658,4.860989],[8.30836,4.872138],[8.281261,4.892483],[8.257335,4.905829],[8.256196,4.906724],[8.250499,4.923245],[8.239268,4.94477],[8.232107,4.953681],[8.219737,4.957343],[8.208751,4.962104],[8.196625,4.972846],[8.186697,4.984361],[8.181651,4.991441],[8.175466,4.991441],[8.175466,4.985297],[8.230235,4.933661],[8.243663,4.916409],[8.269705,4.86872],[8.273611,4.845445],[8.257335,4.834459],[8.263845,4.820746],[8.273936,4.804836],[8.28533,4.791571],[8.294932,4.786078],[8.304942,4.77733],[8.319998,4.734361],[8.332367,4.71776],[8.328949,4.711493],[8.320974,4.689154],[8.319509,4.679918],[8.323497,4.665595],[8.333181,4.65998],[8.344493,4.656562],[8.353526,4.648871],[8.356456,4.625556],[8.341075,4.611558],[8.321544,4.59984],[8.312022,4.583686],[8.29835,4.55329],[8.288585,4.54857],[8.279063,4.54682],[8.235525,4.546861],[8.178559,4.55329],[8.092947,4.55329],[8.05128,4.559394],[8.031993,4.558783],[7.998709,4.541409],[7.97934,4.539008],[7.935313,4.539008],[7.764496,4.519192],[7.755056,4.524807],[7.742361,4.526313],[7.730479,4.522366],[7.722911,4.511705],[7.733653,4.512193],[7.742931,4.511217],[7.750662,4.508775],[7.757091,4.504869],[7.735525,4.499213],[7.703136,4.497545],[7.673839,4.502183],[7.660899,4.515448],[7.646983,4.51911],[7.558442,4.525336],[7.561778,4.529527],[7.56365,4.532782],[7.566417,4.535712],[7.572032,4.539008],[7.559337,4.542914],[7.547618,4.541164],[7.539317,4.541815],[7.537364,4.55329],[7.540782,4.559149],[7.547618,4.563625],[7.554535,4.569485],[7.558442,4.579983],[7.555512,4.584906],[7.537364,4.607896],[7.540294,4.611762],[7.54477,4.621568],[7.529633,4.638861],[7.533051,4.664293],[7.551036,4.711005],[7.54477,4.711005],[7.533539,4.702704],[7.527843,4.698554],[7.520518,4.689765],[7.517426,4.679918],[7.519705,4.665107],[7.522797,4.65412],[7.522716,4.64411],[7.514415,4.632148],[7.514171,4.625922],[7.527843,4.609565],[7.531098,4.601142],[7.527843,4.598619],[7.511241,4.579983],[7.501964,4.572699],[7.490489,4.566311],[7.479177,4.565172],[7.469574,4.573798],[7.462738,4.573798],[7.454112,4.553168],[7.432384,4.555406],[7.397716,4.573798],[7.372732,4.575141],[7.34669,4.580308],[7.324555,4.590766],[7.312022,4.607896],[7.305919,4.604153],[7.299083,4.602037],[7.281016,4.601142],[7.277843,4.598049],[7.276622,4.591051],[7.273204,4.58393],[7.263682,4.579983],[7.263682,4.573798],[7.270274,4.569729],[7.277354,4.566352],[7.271169,4.560045],[7.284028,4.555406],[7.301036,4.541815],[7.32838,4.5362],[7.333263,4.529364],[7.331798,4.520494],[7.325694,4.511705],[7.281016,4.504869],[7.276134,4.510159],[7.253673,4.542711],[7.19044,4.61164],[7.181651,4.632148],[7.181651,4.65941],[7.178884,4.66885],[7.172374,4.668891],[7.158214,4.662014],[7.136404,4.661811],[7.133149,4.663153],[7.124848,4.672349],[7.106781,4.687079],[7.099132,4.697252],[7.082693,4.742743],[7.071788,4.758124],[7.070486,4.748358],[7.06544,4.738674],[7.060232,4.73192],[7.057628,4.730862],[7.060395,4.720689],[7.065684,4.71894],[7.072276,4.718085],[7.078624,4.711005],[7.088634,4.676459],[7.097911,4.661811],[7.116222,4.655707],[7.147227,4.640041],[7.169688,4.605943],[7.17335,4.572903],[7.147472,4.560045],[7.16033,4.55093],[7.175548,4.536444],[7.184581,4.519029],[7.178233,4.501451],[7.150645,4.470608],[7.133556,4.463039],[7.112804,4.471381],[7.112315,4.455878],[7.112804,4.450873],[7.094249,4.459377],[7.080577,4.470445],[7.074555,4.485256],[7.078624,4.504869],[7.065278,4.492987],[7.062673,4.476264],[7.068126,4.458482],[7.078624,4.443427],[7.051443,4.436591],[7.043956,4.436591],[7.031912,4.459906],[7.02589,4.484931],[7.023285,4.535875],[7.007009,4.563137],[7.002208,4.579901],[7.013438,4.587388],[7.017833,4.595608],[7.02296,4.614244],[7.025727,4.634914],[7.023285,4.648871],[7.028494,4.64643],[7.037771,4.644721],[7.043956,4.642646],[7.037364,4.653754],[7.017263,4.676215],[7.013031,4.687201],[7.008067,4.708808],[7.003591,4.71776],[6.984874,4.692084],[6.978526,4.692369],[6.974457,4.708645],[6.962657,4.730862],[6.957774,4.715522],[6.960216,4.691718],[6.955821,4.683661],[6.96697,4.667467],[6.989268,4.607896],[6.978852,4.607896],[6.971853,4.609076],[6.966645,4.612982],[6.962657,4.621568],[6.958669,4.618801],[6.948985,4.614732],[6.940196,4.634101],[6.929535,4.651068],[6.900564,4.683661],[6.902599,4.666938],[6.907481,4.653632],[6.92156,4.629055],[6.929861,4.618638],[6.933604,4.612494],[6.935313,4.60456],[6.931488,4.595933],[6.924571,4.591051],[6.921235,4.585191],[6.928477,4.573798],[6.938487,4.58926],[6.957042,4.594062],[6.974946,4.589667],[6.983084,4.57685],[6.973481,4.508002],[6.975597,4.484442],[7.010997,4.41413],[7.023692,4.398139],[7.022146,4.388495],[7.016287,4.378892],[7.006602,4.374579],[6.9935,4.376288],[6.982758,4.381049],[6.964122,4.389553],[6.964692,4.384996],[6.966075,4.380439],[6.969493,4.374579],[6.947439,4.381496],[6.925466,4.391547],[6.903087,4.396552],[6.880056,4.38817],[6.868663,4.399848],[6.86085,4.415717],[6.859223,4.433539],[6.866384,4.450873],[6.849294,4.459703],[6.833832,4.485907],[6.822927,4.517524],[6.818614,4.542711],[6.820486,4.560858],[6.82545,4.570746],[6.832286,4.577786],[6.839692,4.587388],[6.844249,4.59748],[6.848399,4.613593],[6.84547,4.628607],[6.828868,4.635199],[6.803233,4.649807],[6.785492,4.683295],[6.770193,4.745063],[6.767263,4.76968],[6.770681,4.782416],[6.781016,4.796291],[6.787852,4.808417],[6.78533,4.817043],[6.776215,4.817816],[6.763927,4.806545],[6.754405,4.817939],[6.751231,4.8251],[6.749685,4.834459],[6.741059,4.830146],[6.732758,4.828681],[6.724294,4.830146],[6.715587,4.834459],[6.719981,4.817532],[6.721934,4.799465],[6.726817,4.785102],[6.739513,4.779202],[6.748383,4.771674],[6.755626,4.753852],[6.763927,4.71776],[6.767833,4.680365],[6.772227,4.663031],[6.781016,4.655707],[6.793712,4.648993],[6.806814,4.633246],[6.82545,4.601142],[6.802989,4.581977],[6.798106,4.573798],[6.796153,4.559719],[6.816091,4.461371],[6.82602,4.431952],[6.839692,4.416083],[6.837576,4.39289],[6.857921,4.375312],[6.870779,4.360785],[6.845958,4.347235],[6.814626,4.34162],[6.774587,4.338935],[6.737559,4.342231],[6.715587,4.354682],[6.712576,4.369086],[6.716319,4.428127],[6.721202,4.43537],[6.722423,4.440009],[6.720225,4.445258],[6.710948,4.45307],[6.708751,4.457099],[6.708751,4.491889],[6.712413,4.508002],[6.734874,4.567816],[6.737071,4.578559],[6.736095,4.607896],[6.717133,4.584621],[6.701834,4.542548],[6.695079,4.497219],[6.701915,4.463935],[6.69752,4.455634],[6.697032,4.435981],[6.695079,4.422919],[6.68572,4.445461],[6.682628,4.459215],[6.679861,4.520575],[6.674571,4.532782],[6.670746,4.526028],[6.666189,4.52025],[6.660818,4.51557],[6.654063,4.511705],[6.659434,4.497545],[6.66033,4.450873],[6.664317,4.434638],[6.676443,4.412909],[6.684418,4.393704],[6.694509,4.359076],[6.695079,4.347235],[6.687673,4.336575],[6.677501,4.333075],[6.646658,4.333564],[6.6185,4.330756],[6.612641,4.336737],[6.601736,4.369045],[6.598806,4.39997],[6.600108,4.445502],[6.595876,4.482082],[6.580821,4.50788],[6.550466,4.504869],[6.57838,4.482856],[6.58839,4.447659],[6.584727,4.406928],[6.571544,4.368354],[6.569591,4.334906],[6.519867,4.323147],[6.461762,4.328681],[6.434337,4.347235],[6.420909,4.344875],[6.407725,4.34101],[6.415294,4.322252],[6.398936,4.315985],[6.373871,4.314399],[6.355479,4.309638],[6.336274,4.301215],[6.290294,4.299954],[6.270518,4.292629],[6.246837,4.320502],[6.2671,4.362982],[6.33253,4.436591],[6.319509,4.43769],[6.311371,4.439602],[6.305186,4.439927],[6.297211,4.436591],[6.263031,4.395657],[6.258474,4.44953],[6.242524,4.498033],[6.236339,4.498033],[6.235199,4.478176],[6.23699,4.452786],[6.24171,4.427924],[6.24936,4.409898],[6.239594,4.419623],[6.231212,4.430487],[6.2199,4.439399],[6.201671,4.443427],[6.212413,4.420111],[6.223318,4.404608],[6.230154,4.388007],[6.228852,4.361518],[6.222341,4.341946],[6.21518,4.327338],[6.208995,4.32274],[6.200694,4.320054],[6.194672,4.314195],[6.194835,4.300035],[6.20281,4.3039],[6.209158,4.3039],[6.222667,4.300035],[6.217052,4.290595],[6.188731,4.280992],[6.151622,4.278998],[6.126475,4.285793],[6.123057,4.280951],[6.116547,4.276353],[6.112804,4.272162],[6.09669,4.278144],[6.087738,4.288235],[6.084321,4.302314],[6.084972,4.320502],[6.089122,4.337144],[6.10255,4.360907],[6.105317,4.374579],[6.100759,4.372626],[6.089692,4.370022],[6.084972,4.368354],[6.085134,4.384101],[6.088715,4.411119],[6.07781,4.412299],[6.067393,4.414984],[6.055431,4.419867],[6.043305,4.416083],[6.040294,4.405911],[6.042166,4.391181],[6.04656,4.377021],[6.050792,4.368354],[6.04656,4.355211],[6.051931,4.344224],[6.060069,4.332424],[6.064464,4.316799],[6.061778,4.295233],[6.053966,4.296291],[6.042166,4.306627],[6.027029,4.313056],[6.004893,4.314114],[5.996918,4.319403],[5.995453,4.354682],[6.001475,4.356269],[6.003266,4.359198],[5.990245,4.378567],[5.988617,4.382025],[5.987478,4.398912],[5.988617,4.416083],[5.982595,4.416083],[5.975108,4.382025],[5.969981,4.38642],[5.9546,4.395657],[5.969737,4.361518],[5.97283,4.344794],[5.961436,4.333564],[5.9463,4.335191],[5.930919,4.34512],[5.918142,4.356187],[5.910167,4.361518],[5.889903,4.368842],[5.867524,4.387274],[5.855642,4.411607],[5.865896,4.436591],[5.854666,4.437486],[5.847504,4.434394],[5.844493,4.427191],[5.845388,4.416083],[5.839122,4.416083],[5.822765,4.432847],[5.7824,4.455959],[5.770274,4.471381],[5.777192,4.466986],[5.790375,4.461168],[5.797537,4.457099],[5.789806,4.469713],[5.77768,4.475531],[5.763682,4.478949],[5.749766,4.484442],[5.728363,4.507636],[5.720714,4.518256],[5.694021,4.5456],[5.687673,4.549872],[5.5949,4.636461],[5.566905,4.675238],[5.557302,4.71776],[5.561534,4.716376],[5.564626,4.715033],[5.571544,4.711005],[5.571462,4.72956],[5.52768,4.756496],[5.516368,4.775784],[5.511485,4.791815],[5.486339,4.835028],[5.475434,4.84748],[5.509532,4.827053],[5.500987,4.850898],[5.469005,4.886786],[5.441254,4.964179],[5.432384,5.010891],[5.427013,5.026272],[5.414236,5.052436],[5.408865,5.067572],[5.406505,5.084296],[5.403331,5.091864],[5.396251,5.099514],[5.389334,5.109768],[5.385997,5.125556],[5.39088,5.137681],[5.402843,5.142401],[5.418468,5.141262],[5.433849,5.136135],[5.444672,5.127102],[5.462738,5.102281],[5.475434,5.09455],[5.460216,5.133775],[5.454275,5.149115],[5.475597,5.14704],[5.49586,5.14232],[5.488536,5.154202],[5.461192,5.184149],[5.450857,5.190131],[5.447113,5.18594],[5.448009,5.167629],[5.444347,5.163479],[5.434906,5.163153],[5.427908,5.162055],[5.413341,5.156643],[5.400157,5.16234],[5.37615,5.158189],[5.365571,5.163479],[5.363617,5.171576],[5.365571,5.20775],[5.361095,5.253974],[5.34018,5.34394],[5.345714,5.357164],[5.368988,5.362047],[5.435313,5.363349],[5.454275,5.368842],[5.456798,5.359565],[5.459483,5.352973],[5.468028,5.340888],[5.476085,5.347317],[5.483653,5.362291],[5.489106,5.368842],[5.494884,5.37287],[5.529633,5.386379],[5.546072,5.389472],[5.56129,5.388861],[5.571544,5.381985],[5.577891,5.381985],[5.570323,5.39468],[5.546397,5.415513],[5.536876,5.430325],[5.533214,5.444241],[5.531912,5.460639],[5.533946,5.476386],[5.540294,5.488349],[5.553559,5.496894],[5.568696,5.499905],[5.602061,5.499254],[5.614024,5.50495],[5.625743,5.51789],[5.639903,5.540188],[5.623871,5.533596],[5.610525,5.521918],[5.596202,5.514228],[5.577891,5.519721],[5.575206,5.514838],[5.568858,5.510443],[5.564138,5.505439],[5.541026,5.510484],[5.5171,5.498603],[5.503184,5.476467],[5.509532,5.450751],[5.498057,5.426418],[5.484874,5.411526],[5.468598,5.407782],[5.447439,5.416693],[5.44158,5.423489],[5.439952,5.429877],[5.436046,5.434638],[5.423595,5.43651],[5.418305,5.430813],[5.421072,5.417792],[5.427501,5.403957],[5.433849,5.395575],[5.375987,5.39883],[5.263194,5.43651],[5.258474,5.44184],[5.253917,5.452786],[5.250173,5.458197],[5.218598,5.487128],[5.198009,5.501451],[5.190603,5.522854],[5.188487,5.544135],[5.191173,5.55386],[5.197927,5.557563],[5.214203,5.575141],[5.22283,5.581204],[5.230235,5.582506],[5.328136,5.578437],[5.365245,5.572333],[5.385997,5.560614],[5.392833,5.560614],[5.402599,5.574774],[5.4192,5.610541],[5.427013,5.622138],[5.439952,5.627672],[5.455821,5.627387],[5.471039,5.622789],[5.4817,5.615302],[5.484386,5.607978],[5.490001,5.585842],[5.492524,5.581204],[5.50294,5.581773],[5.508067,5.58454],[5.509613,5.590644],[5.509532,5.60163],[5.502126,5.617255],[5.485118,5.634345],[5.464854,5.648627],[5.447439,5.656236],[5.428477,5.655829],[5.418956,5.645901],[5.406505,5.615302],[5.396007,5.605902],[5.379649,5.597968],[5.361501,5.593655],[5.344981,5.594794],[5.32602,5.605414],[5.317882,5.619574],[5.318207,5.636664],[5.336925,5.691148],[5.339203,5.705878],[5.337576,5.724555],[5.331391,5.724555],[5.304047,5.650051],[5.293224,5.630316],[5.280284,5.617499],[5.263031,5.610541],[5.239106,5.608466],[5.228282,5.605618],[5.204926,5.591986],[5.179698,5.582587],[5.173595,5.585395],[5.160167,5.594794],[5.144867,5.608629],[5.129161,5.628119],[5.11671,5.64883],[5.10727,5.676988],[5.09783,5.690863],[5.088634,5.708726],[5.084972,5.732001],[5.087413,5.752102],[5.093435,5.774726],[5.102712,5.793199],[5.115001,5.80093],[5.126475,5.797024],[5.146495,5.781073],[5.153982,5.779202],[5.15919,5.78559],[5.156993,5.794501],[5.153087,5.804633],[5.153982,5.814521],[5.185395,5.842027],[5.267426,5.871894],[5.290375,5.910102],[5.269542,5.906399],[5.235362,5.875922],[5.195811,5.864],[5.119965,5.824164],[5.105479,5.813666],[5.055024,5.766588],[5.044688,5.767483],[5.007335,5.849189],[4.885916,6.006537],[4.865489,6.025621],[4.826182,6.042548],[4.807953,6.063056],[4.782725,6.102525],[4.747813,6.138861],[4.717052,6.163642],[4.641856,6.210883],[4.608735,6.231757],[4.547374,6.289049],[4.509044,6.313544],[4.493012,6.320543],[4.405528,6.358873],[4.34197,6.370592],[4.125824,6.410346],[3.870291,6.431627],[3.443614,6.410346],[3.421153,6.414008],[3.408865,6.422919],[3.399099,6.434027],[3.384939,6.444525],[3.394298,6.449368],[3.401052,6.450995],[3.406912,6.449449],[3.412852,6.444525],[3.428477,6.458726],[3.434255,6.453355],[3.43629,6.4383],[3.440196,6.423407],[3.475352,6.455552],[3.481212,6.454779],[3.48463,6.446845],[3.492442,6.446479],[3.505382,6.451361],[3.524425,6.451809],[3.541352,6.45482],[3.556814,6.462958],[3.570567,6.478705],[3.572439,6.489569],[3.57016,6.500678],[3.570811,6.509345],[3.580821,6.512844],[3.621349,6.512844],[3.642751,6.517076],[3.686778,6.531073],[3.700206,6.527086],[3.722667,6.535956],[3.742686,6.547797],[3.756847,6.563788],[3.762218,6.58515],[3.774669,6.590074],[3.857921,6.6022],[3.850271,6.6081],[3.844005,6.610826],[3.837901,6.610989],[3.830577,6.609036],[3.773692,6.622382],[3.717459,6.601142],[3.663829,6.570217],[3.615245,6.554389],[3.597016,6.554267],[3.586681,6.552883],[3.551524,6.534166],[3.54005,6.530097],[3.528331,6.527777],[3.51531,6.527086],[3.51295,6.529446],[3.500255,6.533922],[3.488048,6.533271],[3.481619,6.538316],[3.478526,6.541449],[3.474376,6.554389],[3.473318,6.566636],[3.480235,6.58808],[3.481212,6.6022],[3.464041,6.592231],[3.451915,6.581773],[3.429942,6.557807],[3.421886,6.554755],[3.411306,6.554348],[3.402354,6.552151],[3.398611,6.54385],[3.400076,6.536811],[3.40561,6.522121],[3.406016,6.512844],[3.402029,6.502183],[3.38795,6.480699],[3.384939,6.468695],[3.381114,6.461615],[3.373871,6.456122],[3.369802,6.450019],[3.375011,6.441107],[3.379893,6.435858],[3.382579,6.430732],[3.384125,6.424791],[3.389496,6.419989],[3.384532,6.397691],[3.326182,6.391425],[3.214203,6.396715],[3.082367,6.381496],[2.927745,6.389106],[2.703841,6.368352],[2.704258,6.429299],[2.71192,6.474048],[2.71542,6.494488],[2.718803,6.504298],[2.737331,6.558025],[2.739398,6.579186],[2.73082,6.621354],[2.73113,6.641844],[2.742602,6.663341],[2.760689,6.679387],[2.772988,6.687474],[2.778569,6.698765],[2.775262,6.744887],[2.773298,6.755041],[2.767407,6.759563],[2.755005,6.760725],[2.744773,6.763774],[2.736298,6.769846],[2.72865,6.780001],[2.723585,6.799715],[2.726272,6.821368],[2.736918,6.863303],[2.731957,6.905213],[2.718418,6.943557],[2.71511,6.979833],[2.741052,7.0158],[2.752731,7.02133],[2.765547,7.025102],[2.775778,7.030528],[2.779706,7.041328],[2.773918,7.050785],[2.747666,7.072231],[2.739088,7.08298],[2.735264,7.096002],[2.736298,7.102927],[2.740638,7.109593],[2.749837,7.128558],[2.757795,7.138894],[2.761102,7.14835],[2.762136,7.1622],[2.741155,7.408179],[2.743636,7.419238],[2.751284,7.423631],[2.761722,7.423527],[2.783323,7.419238],[2.786527,7.421254],[2.787251,7.426886],[2.789628,7.435826],[2.792315,7.477633],[2.770197,7.514271],[2.740638,7.549359],[2.720588,7.586566],[2.715317,7.625789],[2.717641,7.658549],[2.727203,7.793324],[2.724412,7.80769],[2.715524,7.822056],[2.691546,7.848669],[2.68028,7.87735],[2.672219,7.889597],[2.671695,7.893434],[2.671082,7.897917],[2.673356,7.905565],[2.683588,7.924634],[2.687102,7.933522],[2.690926,7.996567],[2.703535,8.059897],[2.705705,8.119686],[2.708392,8.13798],[2.716144,8.154904],[2.726582,8.171595],[2.734437,8.189966],[2.734954,8.211903],[2.728133,8.233194],[2.708496,8.274819],[2.700744,8.296885],[2.697127,8.320708],[2.698367,8.339854],[2.706015,8.381272],[2.706015,8.390548],[2.703535,8.409023],[2.703741,8.417885],[2.709012,8.430391],[2.72896,8.452741],[2.736918,8.464523],[2.744773,8.498294],[2.742439,8.527481],[2.722949,8.771218],[2.722862,8.772308],[2.723172,8.782928],[2.728856,8.790472],[2.745703,8.798146],[2.751077,8.803417],[2.752317,8.81228],[2.74715,8.827654],[2.745909,8.836516],[2.74963,8.851941],[2.762136,8.880415],[2.762549,8.895686],[2.758725,8.902662],[2.753764,8.904419],[2.749527,8.906615],[2.74777,8.914806],[2.75025,8.916873],[2.761516,8.933694],[2.76472,8.939766],[2.770197,8.967154],[2.772368,9.030535],[2.769164,9.057045],[2.846265,9.050767],[2.859701,9.052627],[2.869313,9.059707],[2.877788,9.068543],[2.888433,9.075364],[2.899182,9.07738],[2.929878,9.078362],[2.94073,9.07707],[2.951685,9.071902],[2.9614,9.065313],[2.971425,9.060508],[2.983104,9.060611],[3.051421,9.078207],[3.076019,9.095157],[3.091315,9.126421],[3.124594,9.228999],[3.145162,9.267859],[3.151363,9.288633],[3.151466,9.353565],[3.148055,9.370256],[3.135343,9.401675],[3.128625,9.429581],[3.132553,9.457279],[3.151776,9.488156],[3.159011,9.493478],[3.175134,9.498879],[3.182575,9.505338],[3.243554,9.584403],[3.24469,9.589571],[3.239419,9.602309],[3.238179,9.609053],[3.245724,9.633702],[3.261847,9.638612],[3.281381,9.634994],[3.299054,9.633961],[3.33161,9.652022],[3.338638,9.678222],[3.33068,9.708633],[3.318381,9.739432],[3.314867,9.759095],[3.317141,9.78173],[3.325926,9.801728],[3.342049,9.813588],[3.413982,9.842837],[3.452946,9.853095],[3.513098,9.846609],[3.530771,9.862965],[3.557126,9.910559],[3.589476,9.948825],[3.599604,9.968695],[3.605805,10.054116],[3.612317,10.070291],[3.627819,10.084993],[3.642392,10.091892],[3.654898,10.101116],[3.663993,10.123052],[3.66483,10.128654],[3.667507,10.146565],[3.664613,10.162197],[3.655621,10.174781],[3.587615,10.244182],[3.573352,10.266997],[3.572422,10.285704],[3.59299,10.330947],[3.618208,10.369342],[3.622135,10.381228],[3.623169,10.400917],[3.625959,10.407273],[3.632574,10.416652],[3.652107,10.435798],[3.671744,10.442077],[3.692828,10.438382],[3.756907,10.405257],[3.772513,10.407635],[3.787706,10.426367],[3.794321,10.444867],[3.795354,10.496492],[3.804346,10.523157],[3.829874,10.573077],[3.837419,10.599897],[3.837246,10.630609],[3.837109,10.654829],[3.832148,10.683923],[3.82295,10.70325],[3.810237,10.710484],[3.796078,10.71312],[3.783262,10.71697],[3.773857,10.728054],[3.764452,10.760869],[3.759491,10.771592],[3.751946,10.78017],[3.743161,10.787456],[3.7351,10.795776],[3.730035,10.807714],[3.731276,10.825025],[3.75298,10.877683],[3.754117,10.907139],[3.733549,10.996203],[3.733549,10.996462],[3.723318,11.013541],[3.715876,11.031886],[3.711845,11.051859],[3.711845,11.073511],[3.722077,11.112346],[3.713706,11.120304],[3.705583,11.120733],[3.704404,11.120795],[3.694999,11.119116],[3.686731,11.120485],[3.662546,11.143145],[3.483332,11.392303],[3.468449,11.419485],[3.466692,11.442481],[3.486743,11.496276],[3.493047,11.511495],[3.504933,11.556557],[3.574386,11.673035],[3.5964,11.695773]]],[[[7.541026,4.484442],[7.574229,4.48786],[7.584483,4.484605],[7.578868,4.471381],[7.569998,4.459418],[7.552582,4.455552],[7.514415,4.457099],[7.499034,4.454495],[7.449229,4.436591],[7.431814,4.434801],[7.358165,4.439276],[7.342784,4.447089],[7.336925,4.46015],[7.346202,4.478176],[7.356212,4.483303],[7.404552,4.498033],[7.416352,4.493842],[7.451915,4.475531],[7.469574,4.471381],[7.487804,4.473375],[7.523774,4.482367],[7.541026,4.484442]]],[[[7.274181,4.491889],[7.319672,4.496527],[7.33253,4.491889],[7.320486,4.481024],[7.314301,4.469143],[7.312266,4.455634],[7.312022,4.440009],[7.307791,4.424506],[7.29835,4.41474],[7.284841,4.406195],[7.270681,4.400377],[7.181651,4.382025],[7.147716,4.385077],[7.138031,4.39704],[7.147716,4.41592],[7.179698,4.449774],[7.202159,4.484442],[7.221446,4.506659],[7.225597,4.516181],[7.229503,4.532782],[7.243175,4.5244],[7.258556,4.497545],[7.274181,4.491889]]]]}},{"type":"Feature","properties":{"name":"JWLA 033 Country - Benin","group":"countries-africa-w","source":"Natural Earth / geo-countries"},"geometry":{"type":"Polygon","coordinates":[[[3.5964,11.695773],[3.574386,11.673035],[3.504933,11.556557],[3.493047,11.511495],[3.486743,11.496276],[3.466692,11.442481],[3.468449,11.419485],[3.483332,11.392303],[3.662546,11.143145],[3.686731,11.120485],[3.694999,11.119116],[3.704404,11.120795],[3.705583,11.120733],[3.713706,11.120304],[3.722077,11.112346],[3.711845,11.073511],[3.711845,11.051859],[3.715876,11.031886],[3.723318,11.013541],[3.733549,10.996462],[3.733549,10.996203],[3.754117,10.907139],[3.75298,10.877683],[3.731276,10.825025],[3.730035,10.807714],[3.7351,10.795776],[3.743161,10.787456],[3.751946,10.78017],[3.759491,10.771592],[3.764452,10.760869],[3.773857,10.728054],[3.783262,10.71697],[3.796078,10.71312],[3.810237,10.710484],[3.82295,10.70325],[3.832148,10.683923],[3.837109,10.654829],[3.837246,10.630609],[3.837419,10.599897],[3.829874,10.573077],[3.804346,10.523157],[3.795354,10.496492],[3.794321,10.444867],[3.787706,10.426367],[3.772513,10.407635],[3.756907,10.405257],[3.692828,10.438382],[3.671744,10.442077],[3.652107,10.435798],[3.632574,10.416652],[3.625959,10.407273],[3.623169,10.400917],[3.622135,10.381228],[3.618208,10.369342],[3.59299,10.330947],[3.572422,10.285704],[3.573352,10.266997],[3.587615,10.244182],[3.655621,10.174781],[3.664613,10.162197],[3.667507,10.146565],[3.66483,10.128654],[3.663993,10.123052],[3.654898,10.101116],[3.642392,10.091892],[3.627819,10.084993],[3.612317,10.070291],[3.605805,10.054116],[3.599604,9.968695],[3.589476,9.948825],[3.557126,9.910559],[3.530771,9.862965],[3.513098,9.846609],[3.452946,9.853095],[3.413982,9.842837],[3.342049,9.813588],[3.325926,9.801728],[3.317141,9.78173],[3.314867,9.759095],[3.318381,9.739432],[3.33068,9.708633],[3.338638,9.678222],[3.33161,9.652022],[3.299054,9.633961],[3.281381,9.634994],[3.261847,9.638612],[3.245724,9.633702],[3.238179,9.609053],[3.239419,9.602309],[3.24469,9.589571],[3.243554,9.584403],[3.182575,9.505338],[3.175134,9.498879],[3.159011,9.493478],[3.151776,9.488156],[3.132553,9.457279],[3.128625,9.429581],[3.135343,9.401675],[3.148055,9.370256],[3.151466,9.353565],[3.151363,9.288633],[3.145162,9.267859],[3.124594,9.228999],[3.091315,9.126421],[3.076019,9.095157],[3.051421,9.078207],[2.983104,9.060611],[2.971425,9.060508],[2.9614,9.065313],[2.951685,9.071902],[2.94073,9.07707],[2.929878,9.078362],[2.899182,9.07738],[2.888433,9.075364],[2.877788,9.068543],[2.869313,9.059707],[2.859701,9.052627],[2.846265,9.050767],[2.769164,9.057045],[2.772368,9.030535],[2.770197,8.967154],[2.76472,8.939766],[2.761516,8.933694],[2.75025,8.916873],[2.74777,8.914806],[2.749527,8.906615],[2.753764,8.904419],[2.758725,8.902662],[2.762549,8.895686],[2.762136,8.880415],[2.74963,8.851941],[2.745909,8.836516],[2.74715,8.827654],[2.752317,8.81228],[2.751077,8.803417],[2.745703,8.798146],[2.728856,8.790472],[2.723172,8.782928],[2.722862,8.772308],[2.722949,8.771218],[2.742439,8.527481],[2.744773,8.498294],[2.736918,8.464523],[2.72896,8.452741],[2.709012,8.430391],[2.703741,8.417885],[2.703535,8.409023],[2.706015,8.390548],[2.706015,8.381272],[2.698367,8.339854],[2.697127,8.320708],[2.700744,8.296885],[2.708496,8.274819],[2.728133,8.233194],[2.734954,8.211903],[2.734437,8.189966],[2.726582,8.171595],[2.716144,8.154904],[2.708392,8.13798],[2.705705,8.119686],[2.703535,8.059897],[2.690926,7.996567],[2.687102,7.933522],[2.683588,7.924634],[2.673356,7.905565],[2.671082,7.897917],[2.671695,7.893434],[2.672219,7.889597],[2.68028,7.87735],[2.691546,7.848669],[2.715524,7.822056],[2.724412,7.80769],[2.727203,7.793324],[2.717641,7.658549],[2.715317,7.625789],[2.720588,7.586566],[2.740638,7.549359],[2.770197,7.514271],[2.792315,7.477633],[2.789628,7.435826],[2.787251,7.426886],[2.786527,7.421254],[2.783323,7.419238],[2.761722,7.423527],[2.751284,7.423631],[2.743636,7.419238],[2.741155,7.408179],[2.762136,7.1622],[2.761102,7.14835],[2.757795,7.138894],[2.749837,7.128558],[2.740638,7.109593],[2.736298,7.102927],[2.735264,7.096002],[2.739088,7.08298],[2.747666,7.072231],[2.773918,7.050785],[2.779706,7.041328],[2.775778,7.030528],[2.765547,7.025102],[2.752731,7.02133],[2.741052,7.0158],[2.71511,6.979833],[2.718418,6.943557],[2.731957,6.905213],[2.736918,6.863303],[2.726272,6.821368],[2.723585,6.799715],[2.72865,6.780001],[2.736298,6.769846],[2.744773,6.763774],[2.755005,6.760725],[2.767407,6.759563],[2.773298,6.755041],[2.775262,6.744887],[2.778569,6.698765],[2.772988,6.687474],[2.760689,6.679387],[2.742602,6.663341],[2.73113,6.641844],[2.73082,6.621354],[2.739398,6.579186],[2.737331,6.558025],[2.718803,6.504298],[2.71542,6.494488],[2.71192,6.474048],[2.704258,6.429299],[2.703841,6.368352],[2.703298,6.368313],[2.306977,6.331488],[2.226817,6.313666],[1.884532,6.274807],[1.61964,6.213894],[1.612439,6.234763],[1.633109,6.245692],[1.761577,6.276026],[1.782351,6.277267],[1.76354,6.350647],[1.74411,6.425733],[1.718375,6.466997],[1.709797,6.473404],[1.6883,6.484437],[1.681685,6.489838],[1.679515,6.498571],[1.681995,6.520017],[1.680755,6.530068],[1.67445,6.538594],[1.657811,6.552263],[1.655227,6.559213],[1.653883,6.570659],[1.646648,6.573192],[1.63683,6.572261],[1.627425,6.573347],[1.61957,6.577998],[1.611198,6.58469],[1.603344,6.592596],[1.597349,6.600813],[1.594145,6.611045],[1.594765,6.620269],[1.596522,6.62864],[1.596316,6.636418],[1.58536,6.656442],[1.572441,6.666907],[1.566033,6.678146],[1.574301,6.700574],[1.589182,6.72046],[1.597039,6.73096],[1.60107,6.746437],[1.595179,6.77057],[1.587531,6.791034],[1.58319,6.808268],[1.58257,6.825347],[1.590114,6.867334],[1.588047,6.881235],[1.579056,6.892035],[1.564223,6.903089],[1.562623,6.904283],[1.551357,6.920871],[1.531927,6.991926],[1.607478,6.991409],[1.625668,6.996783],[1.624944,7.143648],[1.624324,7.288807],[1.623704,7.4381],[1.623251,7.536385],[1.622855,7.62246],[1.622774,7.640052],[1.621947,7.838282],[1.621327,7.996567],[1.623807,8.155886],[1.625564,8.270478],[1.614919,8.356261],[1.609855,8.365485],[1.603945,8.367476],[1.60107,8.371635],[1.606031,8.396026],[1.606031,8.413389],[1.607581,8.421864],[1.640447,8.475815],[1.644168,8.493488],[1.63993,8.503255],[1.614092,8.535785],[1.609028,8.546973],[1.607581,8.558755],[1.607204,8.588617],[1.605514,8.722492],[1.604274,8.815225],[1.602827,8.924392],[1.601173,9.049526],[1.595799,9.076811],[1.587841,9.100893],[1.567273,9.13673],[1.505158,9.201455],[1.425267,9.284499],[1.420146,9.292317],[1.401185,9.321267],[1.386716,9.361135],[1.379895,9.462473],[1.368422,9.490843],[1.351266,9.482549],[1.336486,9.497509],[1.326358,9.521952],[1.323154,9.542313],[1.327288,9.555309],[1.345065,9.582388],[1.351266,9.595074],[1.352506,9.60528],[1.352196,9.625357],[1.354573,9.635304],[1.35602,9.647474],[1.348165,9.694164],[1.346925,9.771834],[1.345065,9.881103],[1.343942,9.954756],[1.343825,9.962442],[1.331009,9.996471],[1.225485,10.066053],[1.082238,10.16044],[0.997106,10.216553],[0.939508,10.254517],[0.844423,10.317175],[0.768769,10.367094],[0.760708,10.382158],[0.759881,10.405154],[0.773833,10.508145],[0.78851,10.563852],[0.789233,10.602946],[0.781275,10.693044],[0.795641,10.726478],[0.850005,10.77769],[0.862924,10.796086],[0.866024,10.80637],[0.867575,10.829211],[0.869538,10.839908],[0.885144,10.869389],[0.883698,10.880216],[0.875326,10.900524],[0.872949,10.911299],[0.875843,10.931169],[0.901474,10.992741],[0.931963,10.976101],[0.945399,10.974293],[0.963279,10.974137],[0.967517,10.979486],[0.969997,10.991165],[0.969067,11.002895],[0.963279,11.00827],[0.955321,11.01199],[0.951807,11.021086],[0.95129,11.032299],[0.952427,11.042402],[0.955941,11.044727],[0.964416,11.057414],[0.970307,11.06948],[0.976922,11.078369],[0.981366,11.080126],[0.986017,11.078498],[1.007928,11.075062],[1.014646,11.070359],[1.01971,11.065682],[1.025084,11.063512],[1.027978,11.061341],[1.033249,11.051575],[1.035006,11.049275],[1.041311,11.049585],[1.052163,11.055011],[1.05609,11.05607],[1.086889,11.052737],[1.097018,11.049275],[1.099705,11.044366],[1.106836,11.034418],[1.114174,11.027674],[1.117482,11.032196],[1.118619,11.048241],[1.10725,11.059791],[1.100945,11.070411],[1.099292,11.081289],[1.099085,11.092606],[1.097018,11.104491],[1.095158,11.10444],[1.085649,11.108729],[1.082755,11.110692],[1.082135,11.115292],[1.083892,11.12772],[1.082755,11.131802],[1.07335,11.133947],[1.067046,11.12834],[1.063325,11.126971],[1.062291,11.14206],[1.067459,11.144282],[1.100429,11.15162],[1.106216,11.155651],[1.113038,11.173867],[1.117482,11.178983],[1.128127,11.178879],[1.148074,11.1695],[1.158409,11.165935],[1.153242,11.183169],[1.149314,11.217249],[1.130608,11.247583],[1.135568,11.260115],[1.145904,11.269856],[1.156342,11.28554],[1.165954,11.277995],[1.173499,11.2666],[1.172155,11.261484],[1.18094,11.261355],[1.186211,11.263887],[1.191379,11.267014],[1.200061,11.268977],[1.218974,11.268047],[1.235201,11.263474],[1.268377,11.247893],[1.281089,11.271096],[1.28264,11.278873],[1.280366,11.288692],[1.270547,11.298278],[1.268377,11.30621],[1.273338,11.318225],[1.2845,11.312721],[1.296179,11.299621],[1.302483,11.288847],[1.309305,11.297089],[1.316333,11.29988],[1.323464,11.297089],[1.330389,11.288847],[1.347855,11.303497],[1.345892,11.316339],[1.336176,11.330033],[1.330389,11.347164],[1.33907,11.366103],[1.359017,11.378893],[1.381652,11.388686],[1.398085,11.398685],[1.388576,11.420002],[1.389817,11.428399],[1.398085,11.440311],[1.411107,11.449845],[1.423215,11.453748],[1.423613,11.453876],[1.433845,11.459405],[1.439633,11.473771],[1.455962,11.464702],[1.475289,11.460774],[1.56934,11.453307],[1.567273,11.446693],[1.565,11.432637],[1.563243,11.426022],[1.580606,11.427056],[1.601587,11.388686],[1.62112,11.395275],[1.638173,11.404215],[1.684372,11.413852],[1.703492,11.422921],[1.719099,11.427779],[1.763334,11.424678],[1.782247,11.426022],[1.821521,11.441602],[1.840642,11.445478],[1.858005,11.440311],[1.867617,11.446615],[1.879812,11.444858],[1.905754,11.432843],[1.948025,11.41672],[1.983372,11.414007],[2.010761,11.426901],[2.015429,11.43159],[2.14698,11.56374],[2.22005,11.622548],[2.273587,11.652055],[2.287436,11.665284],[2.291054,11.674792],[2.290227,11.685748],[2.290847,11.703214],[2.301596,11.731533],[2.340043,11.773856],[2.354099,11.799849],[2.390169,11.896536],[2.388205,11.906768],[2.376526,11.924079],[2.375183,11.935035],[2.380867,11.947902],[2.389342,11.950073],[2.398747,11.948781],[2.407429,11.95121],[2.414147,11.958703],[2.422002,11.973172],[2.428926,11.980355],[2.438951,11.981285],[2.44939,11.977513],[2.456728,11.979063],[2.457348,11.99622],[2.455281,12.008674],[2.44877,12.013376],[2.439262,12.015598],[2.428616,12.020353],[2.418281,12.028673],[2.41115,12.036786],[2.405568,12.046708],[2.371875,12.140449],[2.362057,12.196156],[2.36123,12.218894],[2.370015,12.236257],[2.3942,12.247212],[2.407946,12.248918],[2.43089,12.247987],[2.443706,12.249228],[2.446083,12.251811],[2.454351,12.263025],[2.459519,12.266746],[2.46696,12.265041],[2.472644,12.259253],[2.477709,12.257599],[2.483393,12.268038],[2.488044,12.280388],[2.495072,12.283231],[2.504477,12.281835],[2.516259,12.281422],[2.51905,12.279148],[2.5206,12.273671],[2.523701,12.269175],[2.531246,12.269691],[2.53693,12.27305],[2.546025,12.281629],[2.550573,12.284523],[2.586126,12.294031],[2.590053,12.293308],[2.598632,12.288347],[2.603593,12.28783],[2.60969,12.290775],[2.621679,12.299509],[2.628604,12.300801],[2.663847,12.291551],[2.672942,12.296718],[2.686895,12.318422],[2.690202,12.326174],[2.692166,12.334029],[2.69506,12.341212],[2.700434,12.347103],[2.711286,12.351237],[2.721828,12.344261],[2.732267,12.346793],[2.741465,12.354131],[2.757485,12.372941],[2.768544,12.380072],[2.778156,12.381933],[2.798413,12.381209],[2.808645,12.383225],[2.832416,12.384051],[2.844301,12.399244],[2.892257,12.357076],[2.912618,12.346328],[2.922643,12.335631],[2.930394,12.323332],[2.936802,12.300852],[2.944967,12.292481],[2.956026,12.286848],[2.967808,12.282559],[3.000984,12.27889],[3.009356,12.276306],[3.013077,12.271087],[3.022895,12.252483],[3.063409,12.193779],[3.235389,12.039525],[3.238489,12.034202],[3.252028,12.024125],[3.255129,12.018751],[3.257609,11.997408],[3.26257,11.974722],[3.269908,11.956532],[3.292749,11.918653],[3.307012,11.902375],[3.315487,11.894572],[3.327786,11.886407],[3.341635,11.882893],[3.355071,11.889043],[3.369127,11.897311],[3.380909,11.895037],[3.391658,11.888836],[3.40282,11.88527],[3.447675,11.857985],[3.484262,11.84517],[3.495424,11.837521],[3.503486,11.829977],[3.536972,11.782899],[3.54369,11.77706],[3.549271,11.773753],[3.553715,11.76967],[3.557436,11.761815],[3.5625,11.746003],[3.566221,11.738354],[3.568185,11.729518],[3.571699,11.72187],[3.58007,11.717374],[3.589372,11.701509],[3.5964,11.695773]]]}},{"type":"Feature","properties":{"name":"JWLA 033 Country - Togo","group":"countries-africa-w","source":"Natural Earth / geo-countries"},"geometry":{"type":"Polygon","coordinates":[[[-0.166109,11.13498],[-0.115062,11.124658],[-0.063118,11.114155],[0.059588,11.089402],[0.287558,11.043436],[0.374779,11.025808],[0.486616,11.003205],[0.488786,11.001784],[0.49013,10.999511],[0.490647,10.996358],[0.489303,10.991914],[0.48858,10.987754],[0.487133,10.983672],[0.483619,10.979693],[0.499742,10.975688],[0.487649,10.933236],[0.612603,10.976566],[0.675338,10.988529],[0.77156,10.990364],[0.901474,10.992741],[0.875843,10.931169],[0.872949,10.911299],[0.875326,10.900524],[0.883698,10.880216],[0.885144,10.869389],[0.869538,10.839908],[0.867575,10.829211],[0.866024,10.80637],[0.862924,10.796086],[0.850005,10.77769],[0.795641,10.726478],[0.781275,10.693044],[0.789233,10.602946],[0.78851,10.563852],[0.773833,10.508145],[0.759881,10.405154],[0.760708,10.382158],[0.768769,10.367094],[0.844423,10.317175],[0.939508,10.254517],[0.997106,10.216553],[1.082238,10.16044],[1.225485,10.066053],[1.331009,9.996471],[1.343825,9.962442],[1.343942,9.954756],[1.345065,9.881103],[1.346925,9.771834],[1.348165,9.694164],[1.35602,9.647474],[1.354573,9.635304],[1.352196,9.625357],[1.352506,9.60528],[1.351266,9.595074],[1.345065,9.582388],[1.327288,9.555309],[1.323154,9.542313],[1.326358,9.521952],[1.336486,9.497509],[1.351266,9.482549],[1.368422,9.490843],[1.379895,9.462473],[1.386716,9.361135],[1.401185,9.321267],[1.420146,9.292317],[1.425267,9.284499],[1.505158,9.201455],[1.567273,9.13673],[1.587841,9.100893],[1.595799,9.076811],[1.601173,9.049526],[1.602827,8.924392],[1.604274,8.815225],[1.605514,8.722492],[1.607204,8.588617],[1.607581,8.558755],[1.609028,8.546973],[1.614092,8.535785],[1.63993,8.503255],[1.644168,8.493488],[1.640447,8.475815],[1.607581,8.421864],[1.606031,8.413389],[1.606031,8.396026],[1.60107,8.371635],[1.603945,8.367476],[1.609855,8.365485],[1.614919,8.356261],[1.625564,8.270478],[1.623807,8.155886],[1.621327,7.996567],[1.621947,7.838282],[1.622774,7.640052],[1.622855,7.62246],[1.623251,7.536385],[1.623704,7.4381],[1.624324,7.288807],[1.624944,7.143648],[1.625668,6.996783],[1.607478,6.991409],[1.531927,6.991926],[1.551357,6.920871],[1.562623,6.904283],[1.564223,6.903089],[1.579056,6.892035],[1.588047,6.881235],[1.590114,6.867334],[1.58257,6.825347],[1.58319,6.808268],[1.587531,6.791034],[1.595179,6.77057],[1.60107,6.746437],[1.597039,6.73096],[1.589182,6.72046],[1.574301,6.700574],[1.566033,6.678146],[1.572441,6.666907],[1.58536,6.656442],[1.596316,6.636418],[1.596522,6.62864],[1.594765,6.620269],[1.594145,6.611045],[1.597349,6.600813],[1.603344,6.592596],[1.611198,6.58469],[1.61957,6.577998],[1.627425,6.573347],[1.63683,6.572261],[1.646648,6.573192],[1.653883,6.570659],[1.655227,6.559213],[1.657811,6.552263],[1.67445,6.538594],[1.680755,6.530068],[1.681995,6.520017],[1.679515,6.498571],[1.681685,6.489838],[1.6883,6.484437],[1.709797,6.473404],[1.718375,6.466997],[1.74411,6.425733],[1.76354,6.350647],[1.782351,6.277267],[1.761577,6.276026],[1.633109,6.245692],[1.612439,6.234763],[1.61964,6.213894],[1.619314,6.213813],[1.429535,6.181952],[1.271007,6.133734],[1.199555,6.102525],[1.19158,6.101874],[1.185395,6.100491],[1.187968,6.135647],[1.176186,6.151512],[1.093401,6.160917],[1.079655,6.167919],[1.068906,6.180347],[1.05578,6.20063],[1.048132,6.20939],[1.040587,6.213472],[1.033146,6.216547],[1.025188,6.222334],[1.009685,6.244452],[0.983536,6.324602],[0.907262,6.324912],[0.886798,6.33039],[0.873879,6.340131],[0.841323,6.379224],[0.816208,6.395063],[0.766805,6.419351],[0.745721,6.4409],[0.729908,6.465085],[0.71792,6.48883],[0.711718,6.513376],[0.713076,6.533936],[0.713475,6.53999],[0.71978,6.552728],[0.726808,6.562107],[0.727428,6.571435],[0.714612,6.583914],[0.705517,6.585775],[0.677612,6.584896],[0.668207,6.585827],[0.659422,6.601717],[0.645366,6.612026],[0.63224,6.62399],[0.626659,6.644893],[0.635341,6.695381],[0.634307,6.711607],[0.625832,6.727756],[0.611259,6.741528],[0.593793,6.751114],[0.576636,6.754731],[0.570022,6.763516],[0.541083,6.817182],[0.528887,6.826535],[0.519275,6.832246],[0.516071,6.841806],[0.522789,6.862838],[0.543873,6.897926],[0.54625,6.914773],[0.534468,6.935909],[0.506046,6.957819],[0.494574,6.973116],[0.509147,6.977611],[0.523823,6.978697],[0.565991,6.989652],[0.57891,6.996783],[0.59803,7.0312],[0.598754,7.074711],[0.59431,7.119722],[0.59772,7.158892],[0.621801,7.218837],[0.631103,7.265242],[0.644436,7.301933],[0.645676,7.323585],[0.629656,7.389162],[0.623042,7.397896],[0.586248,7.384357],[0.566404,7.380791],[0.548214,7.383271],[0.516692,7.411022],[0.500568,7.45505],[0.495608,7.504298],[0.499432,7.562382],[0.503049,7.574681],[0.50925,7.585378],[0.519379,7.595196],[0.532505,7.601036],[0.548524,7.605377],[0.562063,7.612301],[0.567748,7.625737],[0.567438,7.652919],[0.570538,7.683925],[0.583354,7.704285],[0.612293,7.699428],[0.609502,7.718961],[0.611673,7.771258],[0.602578,7.828412],[0.603405,7.888305],[0.602688,7.893132],[0.592863,7.959309],[0.593689,7.996567],[0.593173,8.015739],[0.583974,8.05305],[0.580254,8.100075],[0.574983,8.124621],[0.579943,8.131701],[0.587798,8.137721],[0.593276,8.150666],[0.591519,8.16449],[0.584594,8.173068],[0.576843,8.180484],[0.572709,8.191],[0.573846,8.203945],[0.579013,8.207821],[0.586661,8.208751],[0.595033,8.21273],[0.628313,8.24247],[0.645056,8.253425],[0.689187,8.272855],[0.705207,8.282751],[0.712752,8.29797],[0.708825,8.322568],[0.705104,8.325979],[0.693115,8.327891],[0.689187,8.331301],[0.688567,8.33603],[0.689394,8.346055],[0.686914,8.360731],[0.687224,8.372203],[0.685053,8.382564],[0.646709,8.414165],[0.63379,8.452018],[0.616324,8.488759],[0.550798,8.519326],[0.524753,8.538033],[0.500568,8.560176],[0.483515,8.579787],[0.443518,8.606866],[0.403727,8.662082],[0.374426,8.724766],[0.368084,8.761481],[0.365874,8.774272],[0.372669,8.783754],[0.385278,8.78608],[0.397112,8.781532],[0.407809,8.759053],[0.4183,8.770603],[0.424966,8.78732],[0.419592,8.791247],[0.430134,8.794736],[0.439409,8.793444],[0.449512,8.790369],[0.462483,8.788302],[0.47349,8.793547],[0.477004,8.80675],[0.478451,8.822331],[0.483515,8.834811],[0.483629,8.834973],[0.505633,8.866333],[0.493127,8.915219],[0.444887,8.996455],[0.444887,8.996558],[0.44468,8.996558],[0.43127,9.02759],[0.441554,9.058182],[0.458478,9.08924],[0.463749,9.12146],[0.463646,9.137092],[0.469976,9.14673],[0.49261,9.166754],[0.504703,9.187166],[0.504393,9.203109],[0.49199,9.238895],[0.49292,9.258609],[0.501085,9.268195],[0.512351,9.274706],[0.522479,9.285067],[0.526613,9.297651],[0.528267,9.326951],[0.537569,9.377646],[0.531368,9.401107],[0.513281,9.416791],[0.483515,9.426842],[0.482792,9.427875],[0.482585,9.428857],[0.482792,9.429839],[0.489406,9.441027],[0.49168,9.451285],[0.489923,9.461129],[0.483515,9.470017],[0.430444,9.489189],[0.411659,9.492238],[0.371429,9.490016],[0.34895,9.486037],[0.333783,9.479474],[0.328796,9.471568],[0.325747,9.451336],[0.32182,9.442836],[0.314223,9.436479],[0.26849,9.420641],[0.249886,9.416946],[0.23136,9.418961],[0.226813,9.432345],[0.234977,9.443766],[0.227949,9.459734],[0.228053,9.473971],[0.26973,9.482342],[0.28531,9.488363],[0.2981,9.497096],[0.301924,9.507457],[0.293139,9.518283],[0.279006,9.519007],[0.253503,9.514252],[0.243116,9.518697],[0.23322,9.525595],[0.225908,9.531926],[0.223402,9.534794],[0.223066,9.541176],[0.227743,9.569339],[0.230197,9.575747],[0.28053,9.570166],[0.30456,9.571562],[0.32244,9.583137],[0.33616,9.574197],[0.354608,9.571096],[0.370809,9.575644],[0.377734,9.589416],[0.369155,9.610138],[0.349363,9.61391],[0.308797,9.603678],[0.277636,9.606986],[0.261694,9.627941],[0.260971,9.657164],[0.275285,9.685586],[0.301924,9.657835],[0.318719,9.648611],[0.336651,9.650833],[0.347089,9.663158],[0.34988,9.680651],[0.347606,9.698841],[0.342955,9.713543],[0.336289,9.72349],[0.329132,9.731293],[0.323887,9.742068],[0.32244,9.760671],[0.343886,9.838393],[0.344196,9.849762],[0.339674,9.889837],[0.341715,9.903789],[0.349777,9.918956],[0.362592,9.932676],[0.369569,9.938826],[0.370189,9.947017],[0.363393,9.966783],[0.35143,9.990451],[0.349777,9.997169],[0.35174,10.006419],[0.355125,10.01262],[0.355719,10.018976],[0.349777,10.02882],[0.367295,10.032128],[0.382746,10.029596],[0.393908,10.03249],[0.39457,10.035557],[0.398146,10.052127],[0.395149,10.072358],[0.387087,10.078947],[0.37608,10.081582],[0.363393,10.089669],[0.353601,10.115508],[0.358846,10.18633],[0.357192,10.219997],[0.364427,10.233407],[0.367295,10.249815],[0.372049,10.265137],[0.396596,10.283224],[0.376183,10.299941],[0.366597,10.304488],[0.32275,10.297254],[0.308797,10.297099],[0.317582,10.31733],[0.307066,10.333272],[0.290039,10.348491],[0.278825,10.366629],[0.28022,10.375182],[0.283553,10.385775],[0.283114,10.396808],[0.273244,10.406601],[0.263012,10.408926],[0.253943,10.406084],[0.244563,10.401537],[0.23322,10.398617],[0.223609,10.399961],[0.197073,10.41027],[0.194437,10.407376],[0.19175,10.400839],[0.187513,10.394948],[0.179865,10.394173],[0.176971,10.397687],[0.126018,10.491609],[0.110179,10.508249],[0.057262,10.541115],[0.04902,10.550959],[0.037341,10.57318],[0.029434,10.582533],[0.020339,10.588037],[-0.010925,10.598269],[-0.019968,10.604341],[-0.026221,10.610361],[-0.033352,10.615064],[-0.056452,10.618009],[-0.068363,10.621058],[-0.079344,10.626252],[-0.088129,10.633486],[-0.098336,10.654157],[-0.09769,10.675008],[-0.091564,10.700254],[-0.088129,10.714412],[-0.082807,10.756218],[-0.07521,10.773659],[-0.061103,10.791358],[-0.04069,10.805026],[-0.032061,10.813165],[-0.0302,10.823785],[-0.035316,10.843448],[-0.036091,10.853137],[-0.014439,10.953596],[-0.009581,10.963001],[-0.001571,10.971295],[0.007188,10.976799],[0.01419,10.983672],[0.016567,10.996203],[0.019409,11.031628],[0.016205,11.062582],[0.001116,11.085991],[-0.032267,11.098574],[-0.051077,11.098264],[-0.085029,11.089402],[-0.103348,11.087541],[-0.121745,11.092192],[-0.14208,11.103329],[-0.158668,11.118444],[-0.166109,11.13498]]]}},{"type":"Feature","properties":{"name":"JWLA 033 Country - Venezuela","group":"countries-americas","source":"Natural Earth / geo-countries"},"geometry":{"type":"MultiPolygon","coordinates":[[[[-60.020985,8.55801],[-59.959695,8.468166],[-59.855618,8.352127],[-59.815595,8.287764],[-59.816654,8.267197],[-59.829289,8.245105],[-59.848461,8.227742],[-59.869209,8.221127],[-59.889751,8.219887],[-59.939722,8.208441],[-59.957059,8.200147],[-59.967679,8.18839],[-59.99331,8.168521],[-60.000674,8.15294],[-60.000545,8.138548],[-59.998013,8.12705],[-59.99933,8.115397],[-60.011009,8.100437],[-60.019458,8.06031],[-60.029587,8.042818],[-60.046485,8.032922],[-60.068008,8.031759],[-60.107903,8.035557],[-60.129219,8.028813],[-60.149786,8.013465],[-60.165729,7.997032],[-60.183092,7.982666],[-60.231125,7.964114],[-60.243011,7.950575],[-60.253294,7.934556],[-60.267998,7.921262],[-60.271872,7.917761],[-60.320344,7.884739],[-60.34241,7.864792],[-60.35042,7.841796],[-60.37476,7.823606],[-60.418504,7.819369],[-60.503279,7.820867],[-60.525758,7.813374],[-60.53984,7.800093],[-60.55958,7.763041],[-60.582086,7.736325],[-60.586995,7.727126],[-60.587718,7.718341],[-60.584411,7.699376],[-60.584514,7.688524],[-60.599862,7.661549],[-60.597459,7.646718],[-60.601257,7.63385],[-60.610663,7.626822],[-60.625158,7.629458],[-60.631695,7.6246],[-60.641488,7.610906],[-60.655621,7.585223],[-60.67115,7.566051],[-60.716496,7.551582],[-60.730578,7.525433],[-60.729699,7.510344],[-60.723834,7.495823],[-60.700657,7.4535],[-60.688126,7.448642],[-60.674199,7.44549],[-60.660634,7.436136],[-60.656267,7.428798],[-60.655828,7.422856],[-60.656913,7.416551],[-60.657275,7.408128],[-60.653244,7.398464],[-60.645157,7.3934],[-60.636087,7.389834],[-60.628982,7.384357],[-60.622006,7.371541],[-60.610559,7.343636],[-60.601774,7.330148],[-60.599862,7.32188],[-60.599966,7.313922],[-60.602239,7.306532],[-60.606761,7.299452],[-60.631101,7.277696],[-60.643555,7.25067],[-60.643064,7.220904],[-60.628413,7.191138],[-60.617639,7.18039],[-60.548005,7.125509],[-60.534905,7.125768],[-60.512865,7.165197],[-60.496613,7.180596],[-60.475322,7.188503],[-60.44951,7.188348],[-60.437133,7.183749],[-60.426746,7.176876],[-60.415817,7.171346],[-60.401476,7.170881],[-60.385172,7.17331],[-60.372021,7.172277],[-60.360109,7.165765],[-60.348273,7.152684],[-60.347578,7.151916],[-60.312825,7.132589],[-60.299932,7.121013],[-60.292336,7.105252],[-60.291586,7.088302],[-60.295798,7.070732],[-60.303575,7.054144],[-60.31342,7.040243],[-60.327553,7.028564],[-60.344581,7.017609],[-60.359696,7.004897],[-60.368093,6.988102],[-60.377344,6.938544],[-60.39419,6.948466],[-60.420958,6.942213],[-60.548728,6.863096],[-60.620688,6.845888],[-60.63955,6.837723],[-60.655802,6.824572],[-60.684146,6.784031],[-60.700347,6.767082],[-60.721534,6.759692],[-60.736469,6.764782],[-60.773056,6.788424],[-60.79352,6.793824],[-60.80525,6.792481],[-60.828298,6.787132],[-60.837625,6.786357],[-60.849614,6.789948],[-60.858529,6.79646],[-60.865712,6.803307],[-60.872404,6.808113],[-60.894573,6.814159],[-60.90757,6.815244],[-60.913383,6.811213],[-60.911161,6.800025],[-60.901291,6.786021],[-60.899069,6.776771],[-60.899482,6.768554],[-60.901239,6.76442],[-60.928369,6.735869],[-60.933821,6.731735],[-60.954595,6.728738],[-61.000251,6.73437],[-61.018674,6.720444],[-61.040068,6.726981],[-61.061229,6.730081],[-61.070402,6.711865],[-61.089057,6.717498],[-61.110968,6.719513],[-61.12983,6.715844],[-61.139312,6.70445],[-61.170654,6.668509],[-61.190188,6.632878],[-61.204787,6.595826],[-61.21197,6.561435],[-61.20967,6.540971],[-61.200084,6.531101],[-61.186131,6.523324],[-61.170861,6.509242],[-61.163032,6.494282],[-61.153472,6.464361],[-61.142594,6.449427],[-61.139752,6.441262],[-61.138563,6.433071],[-61.138977,6.424803],[-61.141095,6.416457],[-61.149932,6.404442],[-61.154815,6.390567],[-61.160913,6.342353],[-61.159492,6.331268],[-61.151973,6.303363],[-61.146702,6.294216],[-61.129081,6.283313],[-61.124145,6.276233],[-61.121355,6.269463],[-61.117944,6.267241],[-61.114792,6.264012],[-61.112854,6.254141],[-61.118048,6.216237],[-61.118358,6.202568],[-61.121562,6.186652],[-61.132698,6.183551],[-61.147348,6.18505],[-61.16112,6.18288],[-61.173987,6.17164],[-61.184736,6.146008],[-61.194477,6.132857],[-61.206518,6.125777],[-61.222925,6.120532],[-61.256101,6.114382],[-61.269382,6.107225],[-61.278555,6.09304],[-61.29119,6.061156],[-61.338086,5.986793],[-61.352762,5.975192],[-61.386274,5.956588],[-61.396713,5.945581],[-61.379608,5.9053],[-61.347362,5.869669],[-61.271604,5.786108],[-61.195821,5.702676],[-61.120011,5.619115],[-61.044254,5.535606],[-60.968496,5.452071],[-60.892661,5.368562],[-60.816903,5.285079],[-60.739854,5.202138],[-60.711018,5.198159],[-60.68487,5.188315],[-60.664303,5.170254],[-60.598674,4.99688],[-60.59193,4.949725],[-60.612626,4.900581],[-60.680064,4.81795],[-60.71815,4.784283],[-60.763677,4.755086],[-60.860027,4.712427],[-60.868683,4.711186],[-60.887958,4.711135],[-60.895813,4.708525],[-60.903435,4.699585],[-60.931056,4.637392],[-60.94041,4.594062],[-60.9478,4.573598],[-60.977281,4.53497],[-61.011956,4.518304],[-61.095465,4.507685],[-61.151198,4.492053],[-61.168587,4.490244],[-61.185925,4.49412],[-61.220109,4.510682],[-61.238066,4.515875],[-61.297262,4.52373],[-61.315581,4.520785],[-61.322945,4.508847],[-61.29584,4.469005],[-61.29305,4.44805],[-61.308243,4.433322],[-61.333228,4.423865],[-61.360023,4.41893],[-61.381081,4.417742],[-61.438622,4.421152],[-61.458182,4.419137],[-61.501874,4.401851],[-61.516421,4.374773],[-61.522364,4.297775],[-61.526731,4.285502],[-61.5335,4.27359],[-61.542104,4.263023],[-61.552156,4.254961],[-61.567271,4.248527],[-61.576573,4.249716],[-61.585409,4.253411],[-61.599078,4.254393],[-61.610188,4.251628],[-61.628223,4.243463],[-61.640522,4.241913],[-61.649152,4.243411],[-61.680546,4.252481],[-61.71889,4.254651],[-61.737803,4.252067],[-61.756355,4.246357],[-61.779196,4.232688],[-61.831027,4.17693],[-61.847047,4.166052],[-61.866891,4.157034],[-61.88813,4.150161],[-61.908232,4.146156],[-61.931486,4.146415],[-61.950348,4.152228],[-61.96859,4.160083],[-61.990191,4.166413],[-62.035046,4.159876],[-62.111114,4.104841],[-62.153592,4.090294],[-62.192659,4.094738],[-62.384172,4.173467],[-62.428097,4.183182],[-62.462978,4.174708],[-62.466544,4.168739],[-62.469851,4.151608],[-62.475174,4.143883],[-62.483701,4.13918],[-62.514913,4.133108],[-62.536979,4.125408],[-62.546436,4.11391],[-62.548606,4.098071],[-62.548813,4.077452],[-62.560957,4.037791],[-62.588656,4.030711],[-62.670666,4.043656],[-62.727458,4.038514],[-62.744357,4.034018],[-62.766216,4.020712],[-62.77066,4.00539],[-62.767404,3.987096],[-62.766267,3.964695],[-62.773192,3.939942],[-62.782804,3.920046],[-62.788798,3.899401],[-62.785129,3.872297],[-62.779807,3.86129],[-62.774277,3.854856],[-62.770195,3.847828],[-62.766836,3.822042],[-62.749576,3.783569],[-62.740429,3.741943],[-62.739912,3.700447],[-62.749576,3.660372],[-62.771022,3.623346],[-62.786318,3.604406],[-62.796446,3.597301],[-62.807764,3.596681],[-62.822336,3.598825],[-62.831586,3.594872],[-62.851275,3.577225],[-62.871997,3.565468],[-62.889412,3.560817],[-62.907706,3.560972],[-62.931012,3.563763],[-62.951062,3.570171],[-62.975144,3.583064],[-62.997054,3.599135],[-63.010697,3.614974],[-63.02496,3.637764],[-63.130845,3.762123],[-63.193218,3.806746],[-63.251199,3.88656],[-63.285977,3.920821],[-63.35171,3.958726],[-63.391449,3.971567],[-63.4254,3.968364],[-63.448241,3.939373],[-63.455373,3.90059],[-63.46886,3.867233],[-63.510666,3.854546],[-63.55423,3.875372],[-63.622804,3.935213],[-63.671587,3.946246],[-63.690759,3.943998],[-63.745898,3.930278],[-63.771012,3.928805],[-63.790598,3.933043],[-63.831112,3.94945],[-63.87514,3.949812],[-63.916843,3.929374],[-63.956944,3.901882],[-63.996425,3.880798],[-64.037663,3.882503],[-64.063811,3.911597],[-64.07903,3.953093],[-64.095773,4.024381],[-64.108149,4.0581],[-64.125099,4.088485],[-64.1467,4.110551],[-64.172693,4.123393],[-64.240596,4.142022],[-64.364981,4.151867],[-64.58967,4.118871],[-64.608222,4.126493],[-64.621064,4.14688],[-64.636903,4.191115],[-64.648024,4.207905],[-64.660984,4.227469],[-64.69987,4.264159],[-64.74594,4.287621],[-64.791622,4.284417],[-64.805058,4.271885],[-64.812913,4.252791],[-64.815548,4.231035],[-64.813042,4.210571],[-64.80126,4.188531],[-64.783664,4.177085],[-64.762941,4.168997],[-64.741909,4.157189],[-64.727104,4.140782],[-64.719533,4.123238],[-64.707441,4.082956],[-64.662896,3.996992],[-64.662793,3.996992],[-64.642897,3.972963],[-64.596104,3.935885],[-64.574968,3.914207],[-64.531431,3.853513],[-64.434538,3.778478],[-64.394488,3.756077],[-64.34736,3.7383],[-64.324157,3.724115],[-64.265556,3.652207],[-64.222096,3.616214],[-64.202976,3.594717],[-64.195741,3.570067],[-64.195638,3.532912],[-64.19786,3.515084],[-64.205069,3.497074],[-64.232121,3.461134],[-64.242146,3.442969],[-64.245609,3.41894],[-64.219874,3.292875],[-64.216308,3.251431],[-64.225377,3.165596],[-64.222923,3.123996],[-64.205301,3.089167],[-64.173468,3.051908],[-64.137502,2.987261],[-64.105953,2.947211],[-64.029084,2.79797],[-64.012238,2.74402],[-64.000869,2.725364],[-63.997562,2.714926],[-63.997872,2.705986],[-64.004435,2.679527],[-64.00769,2.622787],[-64.012186,2.60377],[-64.05053,2.534678],[-64.057817,2.510442],[-64.056628,2.488531],[-64.047972,2.471323],[-64.032495,2.463003],[-64.010791,2.468171],[-63.951828,2.461505],[-63.831319,2.428638],[-63.767033,2.42931],[-63.704091,2.437578],[-63.573815,2.434374],[-63.510666,2.424659],[-63.384834,2.420577],[-63.364887,2.413084],[-63.361115,2.40001],[-63.371243,2.365128],[-63.372794,2.349108],[-63.37052,2.281154],[-63.372639,2.266839],[-63.386546,2.235889],[-63.400596,2.204621],[-63.403903,2.188498],[-63.402198,2.170515],[-63.411758,2.149379],[-63.443435,2.137183],[-63.510666,2.1246],[-63.520537,2.124497],[-63.548959,2.128372],[-63.561981,2.126357],[-63.617533,2.101165],[-63.762641,1.985668],[-63.783208,1.974997],[-63.802277,1.97231],[-63.920822,1.974325],[-63.958339,1.970708],[-63.99503,1.958021],[-64.036629,1.927274],[-64.053605,1.89371],[-64.060297,1.807462],[-64.075955,1.745373],[-64.072544,1.684575],[-64.075412,1.665429],[-64.080864,1.647394],[-64.092957,1.622615],[-64.109545,1.598457],[-64.129724,1.57807],[-64.177086,1.551147],[-64.232147,1.497145],[-64.301523,1.446657],[-64.321883,1.424436],[-64.340745,1.384206],[-64.352941,1.365835],[-64.370097,1.35873],[-64.389579,1.369297],[-64.394773,1.39219],[-64.391362,1.417718],[-64.385032,1.436399],[-64.363819,1.477353],[-64.364594,1.497093],[-64.386427,1.510245],[-64.40901,1.507506],[-64.433091,1.494044],[-64.475052,1.463013],[-64.527917,1.435727],[-64.551197,1.419527],[-64.570266,1.395497],[-64.591169,1.3501],[-64.604217,1.331289],[-64.730876,1.247574],[-64.751211,1.243336],[-64.771313,1.246747],[-64.821439,1.27057],[-64.839293,1.270828],[-64.855313,1.258684],[-64.877715,1.234913],[-64.897404,1.219668],[-64.914663,1.214759],[-64.932931,1.213002],[-64.956056,1.206801],[-64.966469,1.2006],[-64.999361,1.171971],[-65.00334,1.169387],[-65.01321,1.16577],[-65.017448,1.162979],[-65.019696,1.157708],[-65.020703,1.144014],[-65.022486,1.139983],[-65.059616,1.132387],[-65.100518,1.136107],[-65.136769,1.126909],[-65.160178,1.080194],[-65.168446,0.996478],[-65.178988,0.955395],[-65.203044,0.923821],[-65.223146,0.914364],[-65.243377,0.913124],[-65.284382,0.919377],[-65.310272,0.918653],[-65.327196,0.910281],[-65.389027,0.835661],[-65.400009,0.81654],[-65.40962,0.792149],[-65.410835,0.783881],[-65.409439,0.755252],[-65.413884,0.74161],[-65.432746,0.720939],[-65.45122,0.69014],[-65.472872,0.672518],[-65.497832,0.658721],[-65.519691,0.650866],[-65.542661,0.649315],[-65.56049,0.656033],[-65.574313,0.670244],[-65.585217,0.691483],[-65.587336,0.739129],[-65.56328,0.777938],[-65.533179,0.816334],[-65.517004,0.862791],[-65.518503,0.88651],[-65.525117,0.908318],[-65.535814,0.928472],[-65.559844,0.957979],[-65.570851,0.968572],[-65.582943,0.977668],[-65.596043,0.98361],[-65.608109,0.985264],[-65.628728,0.982008],[-65.70105,0.984385],[-65.720971,0.981905],[-65.74544,0.974154],[-65.785411,0.949142],[-65.871969,0.90899],[-65.891761,0.895605],[-65.914241,0.874625],[-65.952662,0.827961],[-65.974082,0.80698],[-65.994184,0.794733],[-66.013847,0.789669],[-66.057462,0.786982],[-66.079192,0.777576],[-66.111128,0.741816],[-66.134382,0.731119],[-66.156345,0.733031],[-66.173062,0.743057],[-66.18903,0.754942],[-66.208745,0.763107],[-66.228278,0.762797],[-66.285071,0.745847],[-66.346204,0.759386],[-66.407079,0.802071],[-66.449453,0.840208],[-66.467695,0.856641],[-66.515909,0.899946],[-66.584071,0.961131],[-66.662205,1.031411],[-66.740392,1.101588],[-66.808553,1.162773],[-66.856767,1.206077],[-66.875061,1.22251],[-66.895886,1.265299],[-66.900899,1.288966],[-66.882502,1.326018],[-66.883536,1.349945],[-66.891184,1.374543],[-66.901726,1.394464],[-66.911906,1.405187],[-66.923378,1.414359],[-66.932731,1.424643],[-66.936504,1.438518],[-66.929683,1.479497],[-66.93361,1.501692],[-66.94317,1.52319],[-66.964461,1.558304],[-66.974176,1.580034],[-66.978052,1.599723],[-66.978052,1.644294],[-66.980894,1.665946],[-67.066832,1.894123],[-67.084815,1.927997],[-67.087296,1.938823],[-67.091585,1.946523],[-67.110343,1.95952],[-67.118095,1.972387],[-67.125536,1.9805],[-67.132616,1.99081],[-67.135148,2.003341],[-67.119025,2.023986],[-67.114633,2.031298],[-67.11117,2.048842],[-67.114633,2.102999],[-67.120989,2.119097],[-67.136027,2.127132],[-67.154113,2.132687],[-67.169255,2.141162],[-67.177833,2.154495],[-67.194266,2.197025],[-67.201346,2.227927],[-67.217262,2.266064],[-67.217675,2.284513],[-67.206307,2.297794],[-67.187031,2.315984],[-67.17375,2.336448],[-67.180158,2.356498],[-67.185739,2.36549],[-67.186101,2.384455],[-67.189718,2.394377],[-67.197625,2.402025],[-67.23137,2.422334],[-67.266561,2.433754],[-67.275708,2.439387],[-67.294725,2.458352],[-67.30568,2.466207],[-67.316636,2.469463],[-67.325421,2.47463],[-67.33126,2.486671],[-67.335808,2.500314],[-67.340614,2.510494],[-67.349864,2.518452],[-67.372033,2.530441],[-67.381541,2.537779],[-67.388104,2.548166],[-67.39322,2.559328],[-67.400352,2.568216],[-67.412909,2.571885],[-67.416991,2.575761],[-67.432649,2.595398],[-67.436163,2.603563],[-67.440349,2.610023],[-67.461743,2.62041],[-67.47089,2.627128],[-67.475024,2.634672],[-67.481018,2.653534],[-67.485204,2.661906],[-67.500294,2.675342],[-67.518794,2.681026],[-67.563701,2.68175],[-67.575586,2.691103],[-67.581477,2.713065],[-67.587058,2.758127],[-67.594293,2.776111],[-67.608453,2.79859],[-67.626591,2.813421],[-67.64566,2.808667],[-67.665607,2.801329],[-67.690411,2.806341],[-67.731649,2.82634],[-67.742553,2.838588],[-67.751028,2.842102],[-67.7702,2.832438],[-67.781414,2.831508],[-67.803324,2.832593],[-67.823323,2.827322],[-67.833348,2.81523],[-67.841255,2.801432],[-67.855931,2.789753],[-67.855259,2.858173],[-67.838619,2.88613],[-67.813608,2.909333],[-67.770768,2.948968],[-67.72798,2.988604],[-67.68514,3.02824],[-67.642301,3.067824],[-67.599512,3.10746],[-67.556621,3.147044],[-67.513833,3.186732],[-67.470942,3.226316],[-67.452183,3.243679],[-67.440246,3.249415],[-67.418387,3.253704],[-67.408051,3.25727],[-67.395804,3.266572],[-67.335291,3.342097],[-67.309453,3.383929],[-67.304647,3.425709],[-67.337823,3.4601],[-67.375392,3.474905],[-67.39012,3.48506],[-67.403917,3.504464],[-67.471407,3.680061],[-67.499829,3.717914],[-67.537449,3.73551],[-67.557913,3.734166],[-67.576516,3.730704],[-67.59481,3.73091],[-67.614137,3.740574],[-67.631759,3.761865],[-67.638787,3.785171],[-67.644419,3.834625],[-67.653876,3.859249],[-67.693874,3.928599],[-67.698576,3.949967],[-67.701625,4.011953],[-67.71041,4.035724],[-67.717025,4.039341],[-67.716932,4.039878],[-67.714079,4.056498],[-67.720642,4.074972],[-67.731649,4.086367],[-67.740176,4.118716],[-67.758934,4.13856],[-67.777745,4.153934],[-67.786219,4.172976],[-67.790767,4.204266],[-67.799449,4.235324],[-67.804926,4.268474],[-67.799862,4.306069],[-67.781982,4.338884],[-67.779398,4.350795],[-67.782654,4.363792],[-67.796658,4.385806],[-67.799862,4.398906],[-67.798363,4.406916],[-67.792679,4.420842],[-67.793092,4.428981],[-67.797071,4.434924],[-67.809422,4.439291],[-67.813505,4.44327],[-67.821876,4.478229],[-67.829059,4.491432],[-67.847663,4.504687],[-67.847663,4.497892],[-67.856551,4.504171],[-67.865078,4.512077],[-67.871796,4.52156],[-67.875051,4.532644],[-67.873398,4.546519],[-67.86761,4.55316],[-67.860634,4.557966],[-67.855156,4.566157],[-67.853709,4.57582],[-67.855156,4.60773],[-67.8488,4.634189],[-67.845647,4.689741],[-67.840635,4.711496],[-67.830609,4.727542],[-67.822858,4.743588],[-67.820533,4.787642],[-67.813505,4.806349],[-67.818621,4.815676],[-67.817122,4.821516],[-67.813866,4.828259],[-67.813505,4.840507],[-67.81614,4.847302],[-67.825235,4.864898],[-67.827199,4.871538],[-67.826372,4.894844],[-67.819602,4.933318],[-67.806683,4.972256],[-67.804978,4.991247],[-67.806735,5.035714],[-67.804565,5.040856],[-67.799862,5.045869],[-67.795211,5.052716],[-67.793092,5.063335],[-67.796761,5.070157],[-67.814745,5.090957],[-67.820998,5.100594],[-67.824512,5.110594],[-67.82663,5.120386],[-67.827561,5.130696],[-67.827199,5.142116],[-67.824563,5.154338],[-67.815572,5.177902],[-67.813505,5.186558],[-67.814745,5.210277],[-67.818621,5.227822],[-67.824977,5.242782],[-67.83402,5.258879],[-67.843684,5.297249],[-67.834589,5.339313],[-67.809784,5.37882],[-67.772577,5.409671],[-67.767926,5.410498],[-67.756712,5.408792],[-67.752113,5.409671],[-67.746687,5.414322],[-67.737023,5.42582],[-67.731649,5.430135],[-67.702142,5.4414],[-67.693719,5.447214],[-67.67527,5.467187],[-67.66447,5.474912],[-67.652481,5.477961],[-67.647003,5.483362],[-67.635996,5.519535],[-67.630002,5.526899],[-67.622974,5.53341],[-67.617031,5.541601],[-67.614292,5.553667],[-67.617651,5.558525],[-67.632585,5.573072],[-67.635996,5.577593],[-67.637753,5.597308],[-67.64907,5.65609],[-67.649122,5.701953],[-67.641164,5.744844],[-67.625144,5.784506],[-67.601218,5.820576],[-67.541583,5.876723],[-67.532385,5.892561],[-67.485204,5.944083],[-67.47089,5.952842],[-67.434768,5.968164],[-67.422469,5.978241],[-67.418593,5.995346],[-67.42097,6.018342],[-67.428567,6.03847],[-67.454302,6.056789],[-67.491199,6.114486],[-67.491405,6.152959],[-67.486961,6.166782],[-67.476161,6.178435],[-67.456299,6.193224],[-67.449961,6.197943],[-67.450972,6.198035],[-67.490475,6.201638],[-67.518277,6.222541],[-67.544891,6.248069],[-67.573984,6.266234],[-67.730977,6.302691],[-67.800792,6.308608],[-67.818517,6.31375],[-67.827199,6.313414],[-67.839136,6.307523],[-67.857636,6.288454],[-67.868127,6.279876],[-67.879289,6.277938],[-67.892828,6.2783],[-67.9043,6.275148],[-67.909158,6.262513],[-67.91107,6.252307],[-67.916289,6.24223],[-67.924144,6.234556],[-67.933652,6.231455],[-67.943316,6.229698],[-67.977991,6.217839],[-68.019022,6.211612],[-68.146508,6.223781],[-68.190277,6.217839],[-68.304172,6.176988],[-68.341121,6.176833],[-68.406698,6.194894],[-68.427421,6.197323],[-68.449021,6.194998],[-68.522505,6.173294],[-68.584724,6.170012],[-68.595679,6.164922],[-68.621982,6.141926],[-68.635315,6.13588],[-68.659344,6.13867],[-68.700892,6.157971],[-68.721615,6.162519],[-68.744094,6.164922],[-68.807863,6.184326],[-68.829127,6.187789],[-68.892922,6.184326],[-68.914471,6.188693],[-68.938345,6.197116],[-68.960902,6.202362],[-68.978576,6.197323],[-69.01617,6.213989],[-69.036892,6.218769],[-69.061129,6.217839],[-69.080197,6.20939],[-69.108413,6.182569],[-69.129962,6.169935],[-69.189157,6.112625],[-69.246104,6.080664],[-69.268584,6.097458],[-69.311346,6.146215],[-69.331396,6.15637],[-69.358165,6.151615],[-69.406146,6.129343],[-69.43108,6.122237],[-69.432019,6.122237],[-69.443638,6.122237],[-69.472628,6.158747],[-69.548489,6.254296],[-69.62435,6.349769],[-69.700211,6.445292],[-69.775969,6.540816],[-69.85183,6.636314],[-69.927717,6.731838],[-70.003578,6.827362],[-70.079413,6.922834],[-70.096621,6.944435],[-70.129203,6.972547],[-70.15778,6.979523],[-70.195013,6.97756],[-70.231264,6.968516],[-70.287617,6.936942],[-70.319062,6.938286],[-70.422932,6.987792],[-70.437789,6.993011],[-70.440967,6.99575],[-70.447013,7.004742],[-70.451664,7.007687],[-70.461302,7.008307],[-70.484143,7.00531],[-70.494814,7.005517],[-70.510704,7.009702],[-70.52091,7.015594],[-70.571476,7.079362],[-70.578607,7.085822],[-70.594679,7.08298],[-70.622894,7.074091],[-70.639275,7.073471],[-70.673175,7.081171],[-70.682606,7.084633],[-70.696739,7.096674],[-70.703302,7.09993],[-70.732965,7.099309],[-70.793064,7.085098],[-70.836628,7.081894],[-70.874816,7.069182],[-70.895539,7.06851],[-70.903445,7.063188],[-70.908096,7.053369],[-70.918819,7.039468],[-70.961323,7.009444],[-71.011268,6.990892],[-71.065477,6.984536],[-71.136041,6.992132],[-71.145394,6.98619],[-71.153611,6.977095],[-71.166323,6.968103],[-71.184048,6.962574],[-71.193815,6.965312],[-71.201515,6.971875],[-71.213245,6.977508],[-71.262028,6.978697],[-71.275516,6.984381],[-71.280683,6.994613],[-71.281458,7.007222],[-71.283525,7.018849],[-71.292517,7.025774],[-71.307762,7.027376],[-71.349361,7.019469],[-71.366001,7.02071],[-71.398195,7.029495],[-71.413905,7.030993],[-71.42946,7.027738],[-71.455763,7.015697],[-71.4677,7.012441],[-71.487647,7.028926],[-71.50992,7.03461],[-71.528058,7.029856],[-71.529092,7.028306],[-71.528833,7.027066],[-71.548625,7.028306],[-71.549349,7.029133],[-71.551054,7.03182],[-71.553586,7.037298],[-71.558444,7.041225],[-71.567074,7.039313],[-71.580613,7.031562],[-71.587796,7.029288],[-71.594721,7.030115],[-71.606503,7.03828],[-71.612187,7.046341],[-71.620404,7.052129],[-71.654304,7.053369],[-71.667016,7.051509],[-71.673527,7.044222],[-71.6696,7.027738],[-71.698022,7.034972],[-71.72169,7.033422],[-71.745358,7.029339],[-71.774038,7.028926],[-71.771506,7.011149],[-71.777759,7.007532],[-71.788559,7.009702],[-71.799618,7.009186],[-71.812124,7.001176],[-71.82189,6.992959],[-71.832639,6.986448],[-71.848194,6.983864],[-71.881008,6.986603],[-71.964021,7.005921],[-71.993818,7.012855],[-71.993998,7.012953],[-72.00529,7.019108],[-72.0287,7.038848],[-72.042084,7.046909],[-72.069576,7.059208],[-72.080996,7.066598],[-72.098256,7.086752],[-72.153343,7.192585],[-72.164143,7.220801],[-72.171481,7.249895],[-72.17422,7.279608],[-72.173497,7.288187],[-72.16404,7.328856],[-72.166314,7.334075],[-72.171688,7.337331],[-72.206208,7.381876],[-72.239694,7.391281],[-72.321808,7.390041],[-72.370797,7.399084],[-72.395812,7.407492],[-72.414619,7.413812],[-72.451309,7.440219],[-72.478698,7.484454],[-72.482005,7.508018],[-72.475907,7.528637],[-72.467381,7.548739],[-72.463402,7.570753],[-72.466812,7.589874],[-72.480403,7.628941],[-72.483349,7.649353],[-72.47415,7.754153],[-72.454152,7.815235],[-72.451774,7.832805],[-72.454462,7.876161],[-72.458647,7.893524],[-72.465675,7.904583],[-72.486656,7.928716],[-72.491204,7.937501],[-72.487793,7.94918],[-72.478801,7.955536],[-72.467432,7.95967],[-72.456735,7.964941],[-72.441904,7.977137],[-72.430122,7.990521],[-72.421854,8.006231],[-72.4171,8.025764],[-72.407074,8.043774],[-72.388316,8.046177],[-72.367232,8.042688],[-72.350075,8.042585],[-72.333849,8.065478],[-72.335761,8.103899],[-72.357258,8.172138],[-72.390538,8.234331],[-72.395964,8.256603],[-72.394775,8.272804],[-72.385835,8.305515],[-72.383975,8.321793],[-72.386766,8.338614],[-72.393535,8.355383],[-72.40325,8.370498],[-72.415084,8.382409],[-72.415609,8.382691],[-72.424954,8.387706],[-72.434411,8.390187],[-72.44454,8.394114],[-72.45627,8.403933],[-72.479938,8.429332],[-72.499523,8.450441],[-72.519212,8.471525],[-72.538849,8.492609],[-72.558538,8.513719],[-72.578072,8.534855],[-72.59776,8.555965],[-72.617346,8.577049],[-72.637086,8.598184],[-72.655431,8.617899],[-72.67543,8.651514],[-72.686024,8.691693],[-72.697496,8.735385],[-72.70902,8.779052],[-72.720492,8.822744],[-72.732067,8.866385],[-72.74354,8.910052],[-72.755063,8.953744],[-72.766587,8.997385],[-72.778059,9.041051],[-72.783072,9.059939],[-72.800022,9.079447],[-72.785604,9.102443],[-72.79103,9.113941],[-72.80767,9.123734],[-72.826687,9.141691],[-72.834128,9.13363],[-72.841518,9.133785],[-72.850251,9.13673],[-72.861724,9.13704],[-72.874023,9.133423],[-72.881981,9.129366],[-72.916191,9.106965],[-72.936396,9.099187],[-72.95531,9.103993],[-72.97319,9.128436],[-72.978667,9.15014],[-72.976032,9.192127],[-72.980063,9.216519],[-72.982853,9.220963],[-72.992207,9.230342],[-72.995617,9.235355],[-72.995462,9.239101],[-72.991431,9.247938],[-72.991121,9.251684],[-73.003575,9.28791],[-73.009725,9.295377],[-73.032669,9.294602],[-73.076026,9.254268],[-73.098763,9.241582],[-73.124343,9.234476],[-73.141862,9.22303],[-73.176175,9.190939],[-73.212245,9.173446],[-73.253844,9.16771],[-73.363645,9.165033],[-73.377816,9.164687],[-73.391149,9.172775],[-73.390839,9.194504],[-73.379108,9.213883],[-73.342159,9.239179],[-73.324383,9.255922],[-73.311774,9.276231],[-73.277409,9.361807],[-73.197414,9.478673],[-73.178448,9.523037],[-73.163721,9.536344],[-73.12362,9.561252],[-73.107652,9.577995],[-73.097161,9.596366],[-73.071892,9.664088],[-73.016908,9.748605],[-72.98554,9.812167],[-72.977634,9.838057],[-72.981613,9.856557],[-72.99045,9.87498],[-72.996961,9.900715],[-72.996186,9.921282],[-72.987866,9.960427],[-72.987711,9.999417],[-72.935621,10.175194],[-72.915519,10.394276],[-72.916242,10.413836],[-72.915232,10.428172],[-72.914899,10.432904],[-72.907561,10.452464],[-72.892006,10.472928],[-72.875418,10.489645],[-72.861414,10.508094],[-72.843017,10.560597],[-72.781418,10.631316],[-72.754392,10.674853],[-72.706126,10.811253],[-72.682975,10.855618],[-72.656723,10.885202],[-72.613108,10.915252],[-72.594505,10.932977],[-72.57647,10.957368],[-72.542053,11.041084],[-72.53394,11.052376],[-72.515026,11.072478],[-72.507482,11.082994],[-72.504691,11.092709],[-72.503813,11.111778],[-72.499317,11.120795],[-72.481488,11.132526],[-72.459991,11.135807],[-72.416996,11.137616],[-72.361444,11.158002],[-72.341342,11.16211],[-72.32186,11.160095],[-72.284653,11.150457],[-72.267083,11.154902],[-72.256593,11.167795],[-72.226775,11.222572],[-72.196906,11.277401],[-72.167089,11.332203],[-72.137272,11.38698],[-72.107454,11.441758],[-72.077637,11.496535],[-72.04782,11.551312],[-72.018002,11.606114],[-72.007926,11.624615],[-71.990614,11.649058],[-71.97108,11.661925],[-71.945242,11.66854],[-71.886641,11.683526],[-71.82804,11.698564],[-71.769439,11.71355],[-71.710889,11.728536],[-71.652288,11.743574],[-71.593636,11.758508],[-71.535086,11.773546],[-71.476485,11.788584],[-71.449458,11.795457],[-71.409668,11.812303],[-71.375458,11.841087],[-71.357629,11.850802],[-71.327507,11.849998],[-71.340647,11.825507],[-71.343861,11.807522],[-71.336049,11.789252],[-71.363596,11.7862],[-71.371449,11.783108],[-71.375478,11.77558],[-71.375844,11.766343],[-71.378163,11.75845],[-71.387847,11.755113],[-71.409983,11.751166],[-71.467112,11.721625],[-71.507069,11.709784],[-71.674428,11.684719],[-71.861806,11.62816],[-71.900706,11.621324],[-71.92516,11.612779],[-71.947581,11.601793],[-71.96052,11.591254],[-71.971303,11.554836],[-71.970123,11.511379],[-71.93932,11.380764],[-71.856923,11.216986],[-71.79601,11.131985],[-71.769765,11.10635],[-71.652903,11.041205],[-71.637807,11.029039],[-71.626454,11.01496],[-71.624664,11.000963],[-71.632476,10.998236],[-71.679311,10.987982],[-71.675282,11.003607],[-71.68224,11.016669],[-71.697133,11.02558],[-71.724273,11.030829],[-71.734771,11.034369],[-71.744211,11.035956],[-71.748199,11.032375],[-71.750803,11.027777],[-71.756703,11.02261],[-71.768666,11.015286],[-71.759877,11.003811],[-71.723704,10.970893],[-71.715688,10.95775],[-71.716054,10.945624],[-71.719472,10.933173],[-71.720326,10.919094],[-71.710439,10.878607],[-71.693593,10.837144],[-71.674062,10.802395],[-71.649973,10.770819],[-71.618316,10.743476],[-71.576283,10.721096],[-71.586497,10.698879],[-71.59496,10.659613],[-71.610422,10.637885],[-71.605336,10.630072],[-71.603668,10.619778],[-71.605377,10.608385],[-71.610422,10.597561],[-71.60558,10.581855],[-71.613433,10.561225],[-71.624989,10.538967],[-71.63093,10.518459],[-71.629547,10.463528],[-71.628,10.457709],[-71.629547,10.454006],[-71.637766,10.446112],[-71.644683,10.442328],[-71.671864,10.433051],[-71.694163,10.409369],[-71.696685,10.405178],[-71.713002,10.401068],[-71.729726,10.391506],[-71.754465,10.370998],[-71.779042,10.341742],[-71.836985,10.234442],[-71.891591,10.162177],[-71.897694,10.139228],[-71.912913,10.128974],[-71.953033,10.117743],[-71.969065,10.105699],[-71.982493,10.088284],[-71.991811,10.06745],[-72.000478,10.025295],[-72.023549,9.985419],[-72.043691,9.929592],[-72.109446,9.856147],[-72.124379,9.826077],[-72.121327,9.812201],[-72.102447,9.772773],[-72.09024,9.754625],[-72.021962,9.685736],[-71.998931,9.654731],[-71.946848,9.541164],[-71.964833,9.551093],[-71.973215,9.569729],[-71.978668,9.591254],[-71.987864,9.610053],[-71.995229,9.603827],[-71.992055,9.59984],[-71.990387,9.596747],[-71.987864,9.589545],[-71.996978,9.587714],[-72.000966,9.58515],[-72.003529,9.581285],[-72.00829,9.575873],[-71.99352,9.569241],[-71.977895,9.555894],[-71.965484,9.538153],[-71.96052,9.51789],[-71.967519,9.498236],[-71.983713,9.497463],[-72.002024,9.507758],[-72.015126,9.521308],[-72.019276,9.502875],[-72.010976,9.483344],[-71.995229,9.459215],[-71.979848,9.47012],[-71.957265,9.490302],[-71.936391,9.50019],[-71.926381,9.480292],[-71.918935,9.480292],[-71.918935,9.50019],[-71.908559,9.493354],[-71.881663,9.462958],[-71.871409,9.456204],[-71.861724,9.453599],[-71.852773,9.449856],[-71.84439,9.439358],[-71.874745,9.445258],[-71.900746,9.434556],[-71.913808,9.412584],[-71.905263,9.384711],[-71.894765,9.41885],[-71.891591,9.425727],[-71.833567,9.425727],[-71.808258,9.410468],[-71.784739,9.381781],[-71.760854,9.364732],[-71.734527,9.384711],[-71.738149,9.368109],[-71.740793,9.363593],[-71.730377,9.355414],[-71.728017,9.34809],[-71.733957,9.343451],[-71.748199,9.343166],[-71.748199,9.33633],[-71.735829,9.324856],[-71.734486,9.307603],[-71.73998,9.289374],[-71.748199,9.274848],[-71.758209,9.283393],[-71.778066,9.268866],[-71.816518,9.233303],[-71.807037,9.225491],[-71.796132,9.233873],[-71.785064,9.240302],[-71.775502,9.226467],[-71.76773,9.230129],[-71.762115,9.233832],[-71.757924,9.238959],[-71.754465,9.246975],[-71.7447,9.237616],[-71.747874,9.2272],[-71.749379,9.216295],[-71.734527,9.206],[-71.753245,9.20425],[-71.75182,9.190741],[-71.734527,9.165025],[-71.758168,9.138983],[-71.761871,9.130845],[-71.75886,9.120063],[-71.751536,9.115709],[-71.74413,9.112982],[-71.740793,9.10692],[-71.734731,9.10635],[-71.722524,9.100246],[-71.71349,9.093248],[-71.716868,9.089911],[-71.718373,9.085842],[-71.708567,9.076728],[-71.686147,9.061957],[-71.645904,9.049628],[-71.602203,9.042304],[-71.557688,9.041571],[-71.514801,9.048977],[-71.371409,9.093329],[-71.273549,9.135077],[-71.241038,9.155748],[-71.220611,9.179267],[-71.20641,9.232164],[-71.187489,9.246487],[-71.161855,9.278754],[-71.151723,9.28852],[-71.143056,9.291246],[-71.117014,9.294745],[-71.109731,9.298285],[-71.103017,9.302883],[-71.095693,9.306708],[-71.086578,9.308417],[-71.072825,9.313544],[-71.062408,9.326646],[-71.056508,9.344468],[-71.056142,9.363593],[-71.073354,9.419013],[-71.079254,9.502509],[-71.082834,9.521308],[-71.088246,9.534166],[-71.09081,9.544094],[-71.09024,9.555406],[-71.085683,9.563422],[-71.06607,9.589545],[-71.066274,9.601996],[-71.048695,9.672756],[-71.048695,9.719916],[-71.042144,9.726508],[-71.037587,9.732815],[-71.035064,9.740383],[-71.035634,9.744086],[-71.04186,9.760891],[-71.054555,9.776516],[-71.071848,9.792792],[-71.086171,9.811998],[-71.09024,9.836615],[-71.079742,9.838121],[-71.072825,9.84162],[-71.069814,9.850246],[-71.072418,9.857856],[-71.09024,9.87759],[-71.108469,9.905341],[-71.162465,9.970933],[-71.183909,9.985297],[-71.206939,9.980618],[-71.228505,10.070054],[-71.245676,10.114569],[-71.267812,10.151923],[-71.305979,10.190497],[-71.32844,10.206732],[-71.363881,10.219957],[-71.373199,10.236233],[-71.384429,10.275377],[-71.393178,10.288642],[-71.414418,10.313463],[-71.422597,10.343166],[-71.4322,10.359524],[-71.453359,10.38467],[-71.464508,10.39525],[-71.46935,10.401801],[-71.473866,10.412014],[-71.475087,10.421576],[-71.468861,10.437486],[-71.462758,10.489081],[-71.466298,10.502143],[-71.481313,10.515041],[-71.526479,10.544745],[-71.541575,10.564887],[-71.542144,10.590074],[-71.537465,10.597968],[-71.502838,10.626939],[-71.500111,10.627997],[-71.50475,10.630601],[-71.532867,10.6765],[-71.535308,10.686347],[-71.533844,10.699774],[-71.527984,10.725898],[-71.527903,10.740953],[-71.531361,10.752672],[-71.537953,10.760484],[-71.555776,10.775702],[-71.566477,10.792222],[-71.573069,10.799302],[-71.583119,10.802965],[-71.583119,10.809231],[-71.509999,10.812649],[-71.478139,10.809394],[-71.445912,10.79621],[-71.435292,10.818915],[-71.439849,10.838853],[-71.449371,10.856391],[-71.453359,10.871894],[-71.446401,10.886908],[-71.422027,10.902777],[-71.412465,10.919094],[-71.438222,10.918687],[-71.447662,10.920396],[-71.459584,10.92593],[-71.469594,10.934027],[-71.488596,10.953803],[-71.501129,10.960028],[-71.458323,10.974921],[-71.418446,10.980048],[-71.336049,10.980536],[-71.293935,10.98664],[-71.282012,10.991441],[-71.175933,11.034125],[-71.131256,11.060004],[-71.122222,11.068345],[-71.062367,11.090399],[-70.8697,11.196275],[-70.713206,11.237047],[-70.685618,11.248033],[-70.664133,11.238715],[-70.62975,11.239203],[-70.513905,11.25316],[-70.496083,11.263861],[-70.480133,11.289008],[-70.489817,11.285305],[-70.497874,11.279283],[-70.503896,11.271308],[-70.507436,11.261664],[-70.51061,11.286363],[-70.48644,11.295111],[-70.433948,11.287597],[-70.400987,11.296984],[-70.32433,11.332831],[-70.287953,11.357082],[-70.268612,11.356337],[-70.231067,11.351587],[-70.180002,11.37637],[-70.159006,11.401435],[-70.145172,11.428941],[-70.144358,11.447252],[-70.146004,11.454412],[-70.15321,11.460921],[-70.164403,11.462933],[-70.154466,11.469974],[-70.141291,11.468595],[-70.126832,11.462037],[-70.119008,11.449709],[-70.109198,11.438659],[-70.099374,11.429547],[-70.088124,11.434027],[-70.082916,11.443834],[-70.07901,11.457343],[-70.069692,11.456936],[-70.058461,11.450832],[-70.048736,11.447252],[-70.041168,11.440863],[-70.036529,11.440904],[-70.034495,11.450385],[-70.034535,11.459906],[-70.035878,11.466539],[-70.04011,11.470933],[-70.048736,11.473944],[-70.047597,11.478502],[-70.046376,11.481513],[-70.041331,11.488227],[-70.055879,11.493202],[-70.053909,11.506482],[-70.096791,11.520697],[-70.119862,11.522406],[-70.123158,11.525214],[-70.11856,11.530951],[-70.111274,11.530708],[-70.096301,11.531066],[-70.104666,11.538916],[-70.116172,11.543279],[-70.129555,11.547311],[-70.141579,11.553963],[-70.161598,11.568545],[-70.122765,11.559097],[-70.095273,11.543897],[-70.068239,11.52996],[-70.050525,11.521129],[-70.04212,11.518779],[-70.024374,11.514073],[-70.007802,11.51557],[-69.990321,11.510886],[-69.975625,11.502896],[-69.956778,11.510652],[-69.945978,11.519774],[-69.925899,11.513061],[-69.920645,11.497254],[-69.912622,11.493254],[-69.899175,11.495789],[-69.892617,11.478645],[-69.876581,11.469328],[-69.856525,11.458665],[-69.844605,11.436232],[-69.814076,11.425605],[-69.794911,11.436713],[-69.789215,11.450995],[-69.759999,11.468085],[-69.747141,11.48078],[-69.743642,11.503363],[-69.76476,11.537665],[-69.760813,11.557115],[-69.769154,11.56859],[-69.785146,11.615668],[-69.791371,11.645331],[-69.816029,11.693671],[-69.822174,11.693671],[-69.825022,11.675238],[-69.832997,11.677232],[-69.842356,11.687567],[-69.849517,11.693671],[-69.86262,11.690375],[-69.871002,11.683336],[-69.876373,11.676418],[-69.880238,11.673245],[-69.927724,11.658433],[-69.950063,11.656684],[-69.945139,11.673245],[-69.985504,11.65526],[-69.996938,11.652737],[-70.026763,11.651801],[-70.041493,11.648627],[-70.051869,11.642157],[-70.073801,11.631903],[-70.138336,11.625963],[-70.186513,11.602688],[-70.211781,11.609076],[-70.229888,11.627875],[-70.233144,11.652737],[-70.22936,11.659491],[-70.217356,11.672675],[-70.213246,11.68008],[-70.212392,11.687201],[-70.214426,11.69184],[-70.217356,11.695868],[-70.219472,11.701117],[-70.219472,11.727851],[-70.221425,11.729478],[-70.23054,11.742011],[-70.233144,11.748358],[-70.227162,11.744818],[-70.211741,11.738023],[-70.2058,11.734687],[-70.205922,11.762519],[-70.207997,11.774319],[-70.213246,11.783108],[-70.223948,11.788398],[-70.228993,11.781195],[-70.233022,11.769721],[-70.24059,11.761949],[-70.245351,11.779364],[-70.267242,11.816596],[-70.272125,11.822821],[-70.276519,11.82567],[-70.279693,11.830146],[-70.281606,11.851142],[-70.284535,11.857327],[-70.291005,11.859605],[-70.301991,11.85814],[-70.296783,11.871894],[-70.288971,11.908677],[-70.28775,11.923326],[-70.283559,11.939643],[-70.265207,11.971625],[-70.261057,11.991645],[-70.254628,12.006822],[-70.223785,12.041815],[-70.213246,12.056789],[-70.210032,12.073554],[-70.211293,12.102729],[-70.2058,12.112006],[-70.162099,12.113105],[-70.144276,12.117987],[-70.127024,12.128811],[-70.064565,12.181464],[-70.041331,12.193996],[-70.01773,12.19892],[-70.003489,12.193508],[-69.990305,12.184801],[-69.944203,12.174506],[-69.925364,12.159613],[-69.835317,12.015204],[-69.822174,11.97484],[-69.816762,11.93244],[-69.815907,11.846381],[-69.808583,11.803616],[-69.747141,11.63227],[-69.700307,11.540188],[-69.665842,11.497748],[-69.623606,11.46776],[-69.588694,11.463039],[-69.563385,11.47842],[-69.537262,11.498684],[-69.500071,11.508734],[-69.415517,11.495592],[-69.376698,11.494045],[-69.335601,11.508734],[-69.307607,11.526557],[-69.290924,11.533352],[-69.270416,11.536038],[-69.260243,11.532864],[-69.239858,11.518744],[-69.229482,11.51557],[-69.195546,11.517076],[-69.185414,11.51557],[-69.121002,11.489895],[-69.109039,11.49136],[-69.103424,11.480862],[-69.090159,11.469306],[-69.074452,11.459377],[-69.061879,11.453518],[-69.019928,11.446234],[-68.863189,11.452867],[-68.84439,11.447414],[-68.828928,11.435696],[-68.795969,11.400621],[-68.776235,11.386217],[-68.754384,11.374091],[-68.720286,11.361762],[-68.704335,11.358059],[-68.690419,11.357001],[-68.684478,11.36164],[-68.679189,11.358303],[-68.65567,11.347886],[-68.65038,11.340522],[-68.639963,11.322211],[-68.615224,11.303412],[-68.540517,11.265041],[-68.517974,11.249335],[-68.500071,11.232408],[-68.492747,11.217678],[-68.48351,11.206936],[-68.417592,11.179145],[-68.412668,11.18887],[-68.411041,11.193345],[-68.410756,11.200263],[-68.40331,11.200263],[-68.40038,11.194159],[-68.390289,11.179145],[-68.390289,11.172919],[-68.397939,11.153998],[-68.388661,11.128241],[-68.34968,11.071845],[-68.288238,10.953315],[-68.278432,10.925482],[-68.287262,10.912828],[-68.294789,10.917141],[-68.305043,10.926703],[-68.318349,10.935981],[-68.335072,10.939602],[-68.347768,10.936957],[-68.359527,10.931708],[-68.369537,10.925238],[-68.376617,10.919094],[-68.343414,10.910386],[-68.262685,10.903144],[-68.23884,10.884955],[-68.249827,10.865912],[-68.266184,10.8581],[-68.311431,10.857611],[-68.326568,10.84927],[-68.331939,10.829576],[-68.331451,10.80683],[-68.318349,10.745185],[-68.287099,10.657904],[-68.273752,10.634223],[-68.251739,10.59512],[-68.24234,10.578437],[-68.209584,10.537258],[-68.171132,10.50373],[-68.129547,10.487738],[-68.006459,10.488471],[-67.988759,10.484687],[-67.965159,10.474066],[-67.941233,10.466457],[-67.924428,10.469713],[-67.909983,10.476874],[-67.892812,10.480862],[-67.880605,10.479967],[-67.87328,10.476467],[-67.869862,10.469184],[-67.869211,10.461249],[-67.868886,10.456977],[-67.865387,10.452216],[-67.857818,10.459296],[-67.850697,10.469468],[-67.848378,10.474066],[-67.817779,10.487616],[-67.777577,10.495998],[-67.645009,10.506008],[-67.56017,10.528266],[-67.478179,10.534084],[-67.391754,10.543077],[-67.32608,10.549954],[-67.243398,10.546617],[-67.170033,10.555976],[-67.113026,10.585517],[-67.074086,10.593411],[-67.034657,10.607978],[-67.012359,10.611233],[-66.885854,10.609524],[-66.776601,10.619045],[-66.541575,10.632717],[-66.427846,10.630845],[-66.416493,10.627997],[-66.404856,10.620836],[-66.350453,10.611151],[-66.333974,10.611233],[-66.321604,10.620429],[-66.309478,10.634182],[-66.295155,10.646715],[-66.275868,10.652167],[-66.25178,10.648586],[-66.190582,10.617418],[-66.124582,10.601955],[-66.1044,10.584418],[-66.057973,10.579047],[-66.046539,10.576483],[-66.053822,10.562405],[-66.076161,10.548896],[-66.102406,10.540758],[-66.121693,10.542955],[-66.120839,10.531317],[-66.122222,10.507025],[-66.118276,10.497952],[-66.087514,10.46662],[-66.01183,10.408596],[-66.004262,10.398993],[-65.970937,10.378852],[-65.95287,10.35163],[-65.882069,10.309556],[-65.896352,10.309068],[-65.910146,10.311672],[-65.921864,10.316555],[-65.929921,10.323188],[-65.937611,10.316962],[-65.944163,10.309556],[-65.923004,10.282213],[-65.896962,10.287991],[-65.871327,10.272935],[-65.827504,10.234442],[-65.802113,10.225653],[-65.775014,10.221503],[-65.717641,10.22016],[-65.747304,10.239244],[-65.84732,10.281399],[-65.868479,10.309556],[-65.580434,10.185452],[-65.459096,10.149359],[-65.425771,10.143419],[-65.310129,10.12287],[-65.169545,10.097317],[-65.12857,10.076158],[-65.091461,10.066881],[-65.08019,10.062567],[-65.08019,10.05565],[-65.155751,10.079901],[-65.175689,10.083645],[-65.166982,10.069403],[-65.148915,10.058417],[-65.128,10.051337],[-65.083974,10.047512],[-65.073354,10.048896],[-65.063954,10.052191],[-65.047109,10.060777],[-65.016835,10.067084],[-64.980946,10.08926],[-64.96349,10.097317],[-64.943593,10.099799],[-64.888336,10.08983],[-64.814198,10.08511],[-64.776601,10.090399],[-64.748118,10.106879],[-64.73705,10.121039],[-64.728627,10.136054],[-64.71703,10.172349],[-64.716705,10.187974],[-64.721832,10.214016],[-64.71703,10.227607],[-64.709137,10.21894],[-64.69933,10.213813],[-64.6881,10.212063],[-64.676096,10.213324],[-64.683461,10.203681],[-64.687571,10.201361],[-64.696604,10.199693],[-64.68517,10.186021],[-64.667633,10.187323],[-64.657623,10.196682],[-64.668609,10.207099],[-64.657094,10.215237],[-64.631418,10.248114],[-64.61677,10.250474],[-64.588287,10.260321],[-64.572418,10.261705],[-64.575103,10.254828],[-64.576731,10.252021],[-64.579905,10.248114],[-64.57433,10.249742],[-64.565053,10.25137],[-64.559397,10.25434],[-64.552235,10.242336],[-64.546376,10.243842],[-64.540028,10.250556],[-64.536082,10.252305],[-64.531484,10.25434],[-64.520985,10.251776],[-64.499013,10.242336],[-64.490549,10.240668],[-64.468373,10.248603],[-64.440175,10.276272],[-64.408599,10.284369],[-64.390289,10.293769],[-64.384389,10.295885],[-64.376698,10.300767],[-64.376698,10.310248],[-64.382232,10.316962],[-64.409576,10.304674],[-64.432769,10.305976],[-64.454945,10.313422],[-64.470041,10.323188],[-64.463368,10.332831],[-64.453033,10.331448],[-64.441029,10.325914],[-64.429067,10.323188],[-64.416656,10.326728],[-64.395334,10.339504],[-64.380605,10.343695],[-64.383534,10.356513],[-64.383046,10.361518],[-64.380605,10.370998],[-64.402415,10.370998],[-64.402415,10.378485],[-64.381256,10.386217],[-64.371083,10.382229],[-64.367828,10.370103],[-64.367543,10.353949],[-64.364613,10.338324],[-64.357411,10.33869],[-64.348256,10.349189],[-64.339711,10.364203],[-64.339182,10.390692],[-64.299184,10.40648],[-64.247182,10.419867],[-64.210561,10.439276],[-64.202138,10.45539],[-64.197743,10.468655],[-64.188547,10.477607],[-64.165598,10.480862],[-64.143463,10.480129],[-64.127675,10.477607],[-64.114613,10.473212],[-64.070383,10.452623],[-64.051829,10.447943],[-64.028432,10.446112],[-64.004872,10.447903],[-63.943023,10.460395],[-63.923166,10.459418],[-63.884023,10.448717],[-63.863637,10.446112],[-63.820383,10.447577],[-63.683461,10.479722],[-63.655019,10.494534],[-63.67809,10.496975],[-63.703684,10.495307],[-63.729726,10.497504],[-63.754058,10.511623],[-63.77184,10.525051],[-63.82315,10.549384],[-63.846832,10.555976],[-63.899729,10.557115],[-63.923736,10.560289],[-63.946441,10.573391],[-63.966664,10.581366],[-63.993479,10.580797],[-64.045481,10.570258],[-64.040517,10.575141],[-64.03185,10.590074],[-64.046295,10.589586],[-64.056711,10.583482],[-64.064849,10.575751],[-64.072743,10.570258],[-64.086171,10.567125],[-64.155507,10.572699],[-64.169057,10.570258],[-64.199534,10.552191],[-64.206858,10.54914],[-64.215403,10.543769],[-64.224273,10.520413],[-64.233876,10.515041],[-64.249135,10.520453],[-64.256093,10.533352],[-64.257883,10.548041],[-64.257721,10.559394],[-64.266713,10.579088],[-64.284576,10.599799],[-64.297678,10.619859],[-64.292551,10.637885],[-64.28189,10.643622],[-64.274729,10.65058],[-64.270985,10.659898],[-64.270741,10.672675],[-64.264556,10.672675],[-64.25475,10.654934],[-64.240793,10.646064],[-64.196278,10.637885],[-64.183909,10.63349],[-64.157216,10.620185],[-64.144765,10.617418],[-64.131215,10.619696],[-64.072499,10.647895],[-64.062611,10.651028],[-64.048899,10.652167],[-64.042714,10.650214],[-64.039377,10.645738],[-64.036488,10.641018],[-64.03185,10.637885],[-63.937327,10.638902],[-63.91511,10.631049],[-63.90038,10.638251],[-63.861643,10.646308],[-63.846832,10.652167],[-63.836822,10.66234],[-63.828359,10.676825],[-63.822377,10.694403],[-63.819569,10.713609],[-63.812123,10.713609],[-63.799672,10.691148],[-63.78067,10.675849],[-63.756947,10.665595],[-63.653188,10.641262],[-63.553334,10.629136],[-63.531565,10.631049],[-63.490224,10.65762],[-63.466176,10.667629],[-63.449045,10.658393],[-63.442209,10.658393],[-63.438954,10.671373],[-63.429921,10.672593],[-63.417633,10.668606],[-63.404897,10.665839],[-63.399403,10.669989],[-63.393463,10.690904],[-63.387563,10.699368],[-63.38093,10.69245],[-63.374257,10.688788],[-63.367421,10.68891],[-63.360219,10.693101],[-63.353993,10.686347],[-63.360219,10.680121],[-63.339752,10.672675],[-63.331532,10.68537],[-63.317738,10.684231],[-63.30134,10.677314],[-63.285146,10.672675],[-63.284535,10.676459],[-63.279897,10.683661],[-63.271718,10.687934],[-63.26061,10.683254],[-63.251291,10.680569],[-63.240875,10.685126],[-63.171295,10.731594],[-63.16161,10.734687],[-63.158599,10.729682],[-63.155588,10.72016],[-63.149485,10.710924],[-63.137441,10.706773],[-63.125885,10.706855],[-63.1162,10.708157],[-63.107533,10.712348],[-63.099517,10.721096],[-63.082509,10.715522],[-63.014231,10.721096],[-62.99177,10.717841],[-62.951731,10.703315],[-62.928212,10.699368],[-62.904286,10.702216],[-62.863393,10.717515],[-62.827707,10.723293],[-62.719635,10.759996],[-62.705678,10.76203],[-62.683013,10.749986],[-62.671539,10.747748],[-62.65925,10.746894],[-62.638051,10.742621],[-62.541575,10.740953],[-62.397043,10.715481],[-62.318756,10.704739],[-62.273915,10.698879],[-62.202056,10.696723],[-62.170766,10.68651],[-62.154205,10.686347],[-62.141835,10.691799],[-62.115102,10.709703],[-62.102406,10.713609],[-62.036244,10.714016],[-62.007069,10.719916],[-61.98233,10.734687],[-61.971262,10.72309],[-61.944203,10.731757],[-61.93517,10.721096],[-61.918691,10.731187],[-61.892201,10.740424],[-61.864817,10.744818],[-61.845774,10.740953],[-61.861969,10.733466],[-61.876861,10.722724],[-61.884918,10.707424],[-61.880483,10.686347],[-61.886708,10.680121],[-61.897694,10.690375],[-61.90685,10.684068],[-61.918813,10.672187],[-61.938222,10.665839],[-61.941965,10.664008],[-61.954579,10.65526],[-61.962473,10.652167],[-61.974436,10.651801],[-61.983998,10.653551],[-61.993153,10.652777],[-62.004018,10.644721],[-62.067006,10.638129],[-62.088938,10.631293],[-62.174469,10.642279],[-62.239858,10.637885],[-62.252675,10.632392],[-62.264801,10.619289],[-62.313629,10.547838],[-62.33495,10.530219],[-62.355946,10.532375],[-62.37914,10.545071],[-62.398346,10.544257],[-62.417836,10.538275],[-62.44164,10.535468],[-62.453114,10.537787],[-62.472279,10.546454],[-62.483225,10.54914],[-62.492584,10.548814],[-62.509389,10.544135],[-62.521067,10.542955],[-62.54186,10.545315],[-62.60676,10.562812],[-62.662343,10.567043],[-62.895863,10.537543],[-62.923329,10.530829],[-62.935129,10.518459],[-62.945383,10.502427],[-62.968902,10.483629],[-62.994456,10.467678],[-63.010813,10.460395],[-63.010813,10.453559],[-62.980295,10.465806],[-62.92512,10.511786],[-62.894114,10.529283],[-62.857004,10.531562],[-62.841176,10.511786],[-62.838002,10.482652],[-62.838857,10.456977],[-62.832753,10.425849],[-62.831125,10.406806],[-62.835764,10.398342],[-62.844065,10.39704],[-62.859446,10.392035],[-62.866119,10.391506],[-62.874745,10.395494],[-62.889719,10.409003],[-62.897817,10.412014],[-62.964019,10.415188],[-62.995188,10.407864],[-63.003977,10.38467],[-62.997222,10.389594],[-62.975982,10.398342],[-62.97057,10.373969],[-62.965566,10.364163],[-62.956166,10.357367],[-62.967885,10.350491],[-62.983754,10.330512],[-62.997141,10.323188],[-62.978586,10.310981],[-62.980784,10.300238],[-62.992787,10.289049],[-63.003977,10.275377],[-62.945912,10.278144],[-62.93163,10.285631],[-62.927154,10.303371],[-62.947621,10.342719],[-62.942494,10.364203],[-62.953684,10.371527],[-62.957102,10.383775],[-62.953236,10.396552],[-62.942494,10.405178],[-62.924672,10.405666],[-62.907826,10.397121],[-62.879791,10.370998],[-62.869985,10.378363],[-62.860341,10.380845],[-62.850168,10.381822],[-62.838857,10.38467],[-62.807973,10.402493],[-62.801625,10.405178],[-62.78425,10.402289],[-62.764475,10.395331],[-62.746938,10.386664],[-62.73644,10.378485],[-62.733144,10.370673],[-62.732249,10.353013],[-62.728993,10.343695],[-62.72232,10.335598],[-62.698883,10.320136],[-62.684885,10.306708],[-62.674957,10.293362],[-62.669301,10.276923],[-62.668121,10.25434],[-62.674957,10.22484],[-62.674957,10.213324],[-62.663319,10.190619],[-62.661366,10.182318],[-62.65803,10.179104],[-62.650746,10.176093],[-62.643544,10.17121],[-62.638051,10.153998],[-62.628774,10.136379],[-62.626576,10.130805],[-62.630727,10.114488],[-62.641957,10.096625],[-62.656606,10.08218],[-62.671539,10.076158],[-62.682851,10.0751],[-62.702463,10.070461],[-62.712554,10.069322],[-62.725494,10.071234],[-62.732818,10.075507],[-62.737701,10.080268],[-62.743276,10.083645],[-62.759592,10.086819],[-62.777455,10.086493],[-62.791982,10.080268],[-62.797922,10.065904],[-62.80012,10.057115],[-62.805898,10.049506],[-62.813873,10.044094],[-62.822743,10.04206],[-62.827707,10.046047],[-62.832753,10.065497],[-62.835764,10.07274],[-62.851389,10.08039],[-62.878977,10.06623],[-62.894114,10.069322],[-62.896474,10.076728],[-62.894602,10.086737],[-62.894358,10.096625],[-62.901519,10.103461],[-62.911204,10.103502],[-62.920562,10.0987],[-62.928863,10.091254],[-62.935129,10.083645],[-62.938466,10.094062],[-62.944569,10.101304],[-62.95287,10.106513],[-62.963002,10.110297],[-62.978505,10.09809],[-62.989329,10.096259],[-63.017649,10.103461],[-63.013092,10.097398],[-63.009999,10.093207],[-62.995839,10.078803],[-62.982167,10.069078],[-62.975982,10.07274],[-62.971791,10.082221],[-62.96231,10.088039],[-62.952992,10.08808],[-62.94872,10.079901],[-62.944447,10.029608],[-62.936025,10.008246],[-62.920766,10.007961],[-62.932485,10.02265],[-62.930409,10.034817],[-62.926178,10.046291],[-62.93163,10.059068],[-62.931711,10.065009],[-62.928212,10.074652],[-62.92219,10.082668],[-62.914622,10.083645],[-62.909901,10.077216],[-62.914866,10.061184],[-62.911204,10.052314],[-62.895579,10.044013],[-62.881703,10.047431],[-62.868031,10.054145],[-62.853139,10.05565],[-62.840484,10.048774],[-62.830922,10.038804],[-62.818674,10.030666],[-62.797922,10.028998],[-62.809804,10.00373],[-62.801096,9.995998],[-62.785715,10.002021],[-62.777415,10.018459],[-62.787343,10.051459],[-62.784983,10.06977],[-62.764312,10.076158],[-62.757721,10.072008],[-62.739654,10.054267],[-62.728993,10.048896],[-62.716705,10.048407],[-62.663564,10.060858],[-62.639394,10.074042],[-62.61852,10.09162],[-62.60676,10.110297],[-62.605946,10.133246],[-62.622182,10.175727],[-62.626576,10.196275],[-62.619537,10.224433],[-62.602162,10.230943],[-62.579945,10.224433],[-62.558258,10.213324],[-62.517568,10.184149],[-62.494944,10.151801],[-62.469553,10.069322],[-62.460846,10.051907],[-62.450022,10.036851],[-62.441884,10.021064],[-62.44164,10.001044],[-62.429433,9.980862],[-62.426178,9.967515],[-62.430653,9.953925],[-62.44164,9.932807],[-62.423492,9.932318],[-62.408925,9.924018],[-62.396962,9.911444],[-62.377594,9.88467],[-62.32429,9.785631],[-62.318715,9.768297],[-62.320058,9.751614],[-62.325063,9.736518],[-62.326975,9.721829],[-62.325347,9.718817],[-62.318715,9.706244],[-62.290761,9.733303],[-62.270497,9.766669],[-62.242991,9.842841],[-62.240956,9.874945],[-62.257721,9.937812],[-62.257232,9.974351],[-62.239369,9.960842],[-62.221995,9.938381],[-62.184926,9.867743],[-62.1787,9.846137],[-62.175893,9.704983],[-62.187611,9.662665],[-62.215688,9.637926],[-62.181874,9.648871],[-62.162424,9.682278],[-62.154286,9.726142],[-62.160471,9.850246],[-62.166412,9.87344],[-62.187815,9.911689],[-62.19518,9.932807],[-62.13683,9.925971],[-62.119456,9.921454],[-62.112457,9.910346],[-62.108225,9.896552],[-62.098988,9.883734],[-62.08845,9.879299],[-62.056508,9.871975],[-62.036936,9.870307],[-62.028676,9.870673],[-62.027333,9.874416],[-62.037506,9.883734],[-62.046254,9.887926],[-62.076161,9.89643],[-62.089019,9.898098],[-62.090321,9.903266],[-62.119456,9.932807],[-62.13561,9.940619],[-62.148671,9.944648],[-62.208363,9.946031],[-62.221425,9.951809],[-62.236806,9.966946],[-62.223215,9.987006],[-62.216786,10.003852],[-62.206532,10.01435],[-62.196476,10.019678],[-62.110856,9.997695],[-62.061285,9.977875],[-62.025383,9.957357],[-61.924975,9.879635],[-61.906972,9.864044],[-61.876765,9.823682],[-61.848006,9.803851],[-61.831451,9.791938],[-61.830719,9.778469],[-61.828196,9.771064],[-61.814768,9.757758],[-61.810374,9.748196],[-61.81192,9.738023],[-61.822336,9.708482],[-61.841705,9.671942],[-61.845774,9.651028],[-61.838938,9.651028],[-61.811635,9.706244],[-61.797353,9.760891],[-61.7801,9.759223],[-61.765492,9.738674],[-61.753285,9.713772],[-61.743316,9.699408],[-61.748647,9.68008],[-61.743316,9.596381],[-61.734242,9.616604],[-61.730336,9.638861],[-61.729644,9.682359],[-61.731028,9.694037],[-61.734731,9.70303],[-61.740102,9.710191],[-61.746449,9.716783],[-61.753285,9.727525],[-61.757924,9.750312],[-61.763173,9.760891],[-61.769928,9.764838],[-61.78954,9.769599],[-61.797353,9.774563],[-61.798573,9.780951],[-61.815153,9.802554],[-61.821652,9.812894],[-61.823822,9.820737],[-61.828172,9.827158],[-61.819095,9.82964],[-61.7901,9.830667],[-61.752172,9.823155],[-61.674428,9.798733],[-61.662709,9.797431],[-61.592519,9.781968],[-61.573801,9.794582],[-61.578114,9.808824],[-61.591176,9.822455],[-61.60204,9.836737],[-61.609242,9.839545],[-61.616526,9.844184],[-61.633343,9.854777],[-61.634729,9.86256],[-61.637059,9.870351],[-61.65145,9.873572],[-61.66492,9.885038],[-61.670966,9.896499],[-61.665365,9.900145],[-61.636735,9.898771],[-61.626952,9.894535],[-61.611672,9.887279],[-61.582931,9.872163],[-61.542695,9.846856],[-61.509797,9.825776],[-61.475701,9.801701],[-61.461118,9.783685],[-61.422265,9.736261],[-61.427083,9.763836],[-61.451354,9.794448],[-61.458042,9.812458],[-61.487873,9.823326],[-61.503098,9.839567],[-61.499441,9.841958],[-61.484826,9.829921],[-61.470825,9.82689],[-61.451954,9.825046],[-61.439168,9.818411],[-61.428839,9.806995],[-61.402141,9.777575],[-61.385741,9.761353],[-61.369968,9.747538],[-61.354801,9.731326],[-61.337822,9.712115],[-61.325082,9.701898],[-61.305668,9.686275],[-61.258348,9.649007],[-61.236508,9.632169],[-61.226248,9.600967],[-61.206044,9.577379],[-61.191965,9.583319],[-61.208323,9.603827],[-61.184193,9.604071],[-61.130116,9.572496],[-61.11205,9.583319],[-61.10554,9.580146],[-61.068023,9.583319],[-61.053212,9.581285],[-61.016469,9.562893],[-60.97704,9.549628],[-60.960601,9.538723],[-60.955068,9.521308],[-60.961741,9.522366],[-60.964915,9.525458],[-60.968658,9.53498],[-60.970611,9.501939],[-60.968658,9.493964],[-60.961293,9.487454],[-60.954254,9.488186],[-60.946685,9.491767],[-60.937652,9.493964],[-60.920725,9.490302],[-60.89977,9.481147],[-60.879018,9.468899],[-60.862294,9.456122],[-60.853586,9.446438],[-60.838246,9.425198],[-60.823354,9.410549],[-60.820139,9.406195],[-60.81843,9.40119],[-60.81786,9.39468],[-60.815297,9.392279],[-60.802398,9.388902],[-60.797434,9.384711],[-60.789052,9.364244],[-60.783803,9.338609],[-60.78539,9.313544],[-60.797434,9.294745],[-60.799387,9.303168],[-60.801991,9.307685],[-60.810414,9.315863],[-60.815745,9.301581],[-60.817494,9.285631],[-60.821889,9.272773],[-60.835276,9.267401],[-60.850657,9.264228],[-60.873606,9.250149],[-60.883046,9.246975],[-60.894643,9.245795],[-60.906972,9.242825],[-60.918365,9.238471],[-60.927113,9.233303],[-60.93342,9.222357],[-60.937978,9.216132],[-60.944203,9.213446],[-60.945546,9.212348],[-60.968658,9.206],[-61.024159,9.153266],[-61.047231,9.145168],[-61.066762,9.13231],[-61.085439,9.102444],[-61.11205,9.04149],[-61.097646,9.047187],[-61.084543,9.059394],[-61.074818,9.07392],[-61.071156,9.086493],[-61.066274,9.09512],[-60.983998,9.167385],[-60.959137,9.182522],[-60.955068,9.165025],[-60.960032,9.155097],[-60.975168,9.13996],[-60.98233,9.130845],[-60.985219,9.122138],[-60.988759,9.100409],[-60.992584,9.093004],[-60.999013,9.085273],[-61.00182,9.077379],[-61.002268,9.058539],[-61.006581,9.048774],[-61.016835,9.043158],[-61.028432,9.039496],[-61.036977,9.035305],[-61.071889,8.997748],[-61.078521,8.997463],[-61.082183,8.98843],[-61.09968,8.960354],[-61.105865,8.945299],[-61.117747,8.903713],[-61.119537,8.8876],[-61.11266,8.867255],[-61.11205,8.857123],[-61.12682,8.814521],[-61.180084,8.735826],[-61.194,8.692694],[-61.19872,8.64468],[-61.209462,8.609036],[-61.233306,8.589301],[-61.277211,8.589016],[-61.33552,8.607489],[-61.348541,8.610093],[-61.523061,8.596625],[-61.566884,8.606594],[-61.60554,8.630561],[-61.625356,8.630194],[-61.645172,8.626654],[-61.659047,8.616523],[-61.660756,8.596422],[-61.651967,8.585842],[-61.598744,8.555487],[-61.561147,8.548041],[-61.55191,8.544989],[-61.545644,8.538235],[-61.541168,8.531236],[-61.537262,8.527574],[-61.526601,8.527167],[-61.509185,8.532864],[-61.499664,8.534369],[-61.498158,8.53148],[-61.486643,8.518297],[-61.470774,8.504136],[-61.464182,8.501288],[-61.45165,8.50023],[-61.446523,8.49726],[-61.437896,8.48314],[-61.434234,8.479153],[-61.414662,8.476793],[-61.375966,8.485989],[-61.35912,8.486558],[-61.34911,8.479315],[-61.342519,8.465806],[-61.337514,8.450629],[-61.331776,8.438178],[-61.321156,8.428209],[-61.295277,8.41234],[-61.284047,8.397203],[-61.252797,8.418606],[-61.240142,8.432115],[-61.234975,8.448717],[-61.228383,8.460598],[-61.21288,8.474189],[-61.194895,8.486274],[-61.18102,8.493394],[-61.159047,8.498277],[-61.095082,8.493394],[-61.048573,8.501776],[-61.026601,8.500922],[-61.023915,8.486558],[-61.040151,8.472846],[-61.077992,8.466457],[-61.085439,8.448717],[-61.086578,8.426947],[-61.085764,8.415595],[-61.082021,8.407782],[-61.071889,8.403306],[-61.069569,8.412665],[-61.071156,8.438178],[-61.066558,8.456285],[-61.06192,8.459866],[-61.050649,8.466132],[-61.040842,8.468085],[-61.029652,8.467515],[-61.020375,8.468817],[-61.016469,8.47602],[-61.014475,8.484849],[-61.009511,8.495063],[-61.003814,8.503567],[-60.992421,8.512193],[-60.990387,8.524156],[-60.989247,8.548041],[-60.987294,8.557807],[-60.987213,8.564887],[-60.984771,8.570543],[-60.975575,8.575995],[-60.956614,8.568996],[-60.937123,8.572211],[-60.917104,8.579047],[-60.817983,8.590277],[-60.692454,8.604682],[-60.673899,8.592719],[-60.667877,8.582587],[-60.653961,8.571194],[-60.638051,8.561184],[-60.626088,8.555487],[-60.606313,8.551093],[-60.544179,8.548041],[-60.478912,8.532375],[-60.461578,8.534369],[-60.458241,8.538886],[-60.447336,8.561713],[-60.426869,8.582831],[-60.403717,8.622504],[-60.371897,8.635403],[-60.197825,8.623847],[-60.15746,8.613349],[-60.119008,8.596422],[-60.083608,8.573717],[-60.064361,8.565131],[-60.020985,8.55801]]],[[[-61.016469,8.610093],[-61.010976,8.608059],[-61.007721,8.605902],[-61.003733,8.60399],[-60.996002,8.602688],[-60.992543,8.576728],[-61.005686,8.553534],[-61.027699,8.543118],[-61.050649,8.555487],[-61.051991,8.541938],[-61.043772,8.528632],[-61.041575,8.518541],[-61.126373,8.507066],[-61.232818,8.516059],[-61.270375,8.514553],[-61.259429,8.536851],[-61.246083,8.557278],[-61.22761,8.571601],[-61.201487,8.575995],[-61.180247,8.569648],[-61.148183,8.54385],[-61.126373,8.534369],[-61.138173,8.550686],[-61.140004,8.551744],[-61.137847,8.55976],[-61.133168,8.565375],[-61.128529,8.569281],[-61.126373,8.572577],[-61.098459,8.602688],[-61.086741,8.606838],[-61.021799,8.610989],[-61.016469,8.610093]]],[[[-60.920277,9.028469],[-60.897572,9.033393],[-60.875478,9.027981],[-60.855336,9.015815],[-60.838368,9.000556],[-60.859283,8.994696],[-60.865712,8.99433],[-60.850819,8.970649],[-60.86498,8.94123],[-60.891672,8.914374],[-60.933583,8.883938],[-61.067738,8.82807],[-61.091624,8.822414],[-61.035268,8.863186],[-61.016713,8.880316],[-60.982818,8.930162],[-60.971344,8.963324],[-60.961293,8.973131],[-60.948842,8.981147],[-60.937652,8.990627],[-60.933705,9.000881],[-60.934926,9.009833],[-60.933258,9.018744],[-60.920277,9.028469]]],[[[-61.085439,8.890692],[-61.096588,8.90058],[-61.092885,8.920071],[-61.08373,8.942939],[-61.078521,8.962958],[-61.069325,8.978827],[-61.047515,8.987291],[-61.022125,8.993069],[-61.002268,9.000556],[-60.98412,9.018948],[-60.946889,9.066107],[-60.930816,9.075629],[-60.906361,9.077704],[-60.85204,9.096137],[-60.85204,9.086737],[-60.853098,9.077948],[-60.855336,9.069648],[-60.858876,9.061957],[-60.858876,9.069403],[-60.866567,9.051744],[-60.87564,9.043647],[-60.889272,9.041409],[-60.910715,9.04149],[-60.927073,9.036851],[-60.942983,9.025824],[-61.027089,8.948676],[-61.032216,8.939887],[-61.038442,8.919867],[-61.043813,8.91177],[-61.077138,8.893134],[-61.085439,8.890692]]],[[[-60.873158,9.116604],[-60.889719,9.098578],[-60.939687,9.082099],[-60.961293,9.069403],[-60.943837,9.10399],[-60.942291,9.136623],[-60.936757,9.164618],[-60.907297,9.185492],[-60.872141,9.19477],[-60.853342,9.194037],[-60.845204,9.182359],[-60.847483,9.163031],[-60.853586,9.143866],[-60.862457,9.125922],[-60.873158,9.110419],[-60.873158,9.116604]]],[[[-60.81786,9.206],[-60.802887,9.217597],[-60.780507,9.228746],[-60.757924,9.230414],[-60.742177,9.213446],[-60.739003,9.20893],[-60.733632,9.198798],[-60.728505,9.192939],[-60.739247,9.188178],[-60.752838,9.187323],[-60.769521,9.189195],[-60.797434,9.17182],[-60.805165,9.157213],[-60.812245,9.138251],[-60.823801,9.122301],[-60.845204,9.116604],[-60.836903,9.142035],[-60.828969,9.18769],[-60.81786,9.206]]],[[[-63.976552,10.809231],[-63.956654,10.799954],[-63.928334,10.790839],[-63.903635,10.777289],[-63.894643,10.754584],[-63.909169,10.735541],[-63.935536,10.73371],[-63.956776,10.744127],[-63.956125,10.76203],[-63.982777,10.76435],[-63.996449,10.768459],[-64.004506,10.775702],[-64.00536,10.788398],[-63.998891,10.799262],[-63.988271,10.806708],[-63.976552,10.809231]]],[[[-65.22761,10.953803],[-65.219838,10.954291],[-65.211334,10.953843],[-65.208241,10.949897],[-65.216705,10.939602],[-65.201975,10.918158],[-65.204945,10.904364],[-65.220815,10.894517],[-65.244618,10.884955],[-65.240712,10.894843],[-65.237864,10.898586],[-65.258778,10.891425],[-65.276967,10.889553],[-65.31664,10.891099],[-65.336578,10.895941],[-65.355051,10.905178],[-65.372182,10.910956],[-65.388051,10.905463],[-65.411773,10.92475],[-65.401926,10.948432],[-65.376698,10.966051],[-65.354482,10.967475],[-65.329905,10.977607],[-65.306264,10.976467],[-65.254954,10.956529],[-65.2447,10.954657],[-65.22761,10.953803]]],[[[-63.846832,11.135403],[-63.843577,11.114895],[-63.82901,11.077786],[-63.825754,11.060004],[-63.793446,11.001125],[-63.787668,10.973782],[-63.819569,10.980536],[-63.819081,10.973944],[-63.820058,10.960395],[-63.819569,10.953803],[-63.834218,10.964423],[-63.842926,10.96776],[-63.846832,10.963772],[-63.849965,10.957506],[-63.871693,10.937405],[-63.898061,10.884955],[-63.955637,10.894355],[-63.976552,10.891099],[-64.042633,10.868476],[-64.059722,10.857611],[-64.056874,10.887112],[-64.074208,10.890937],[-64.096099,10.890937],[-64.116363,10.928616],[-64.137847,10.94359],[-64.161122,10.955959],[-64.175852,10.967475],[-64.202952,10.944403],[-64.224355,10.939358],[-64.297515,10.947414],[-64.302602,10.949693],[-64.30663,10.952135],[-64.312367,10.953803],[-64.338002,10.952948],[-64.347157,10.953803],[-64.389027,10.966051],[-64.408559,10.967475],[-64.383941,11.019843],[-64.380605,11.032375],[-64.378326,11.053534],[-64.370595,11.062486],[-64.356068,11.064195],[-64.333485,11.063666],[-64.322621,11.065741],[-64.314768,11.069525],[-64.302113,11.080471],[-64.29186,11.08393],[-64.271392,11.076972],[-64.244456,11.088121],[-64.220082,11.091539],[-64.198313,11.087633],[-64.188832,11.073635],[-64.189361,11.061021],[-64.188303,11.046332],[-64.18163,11.034084],[-64.147532,11.023586],[-64.110707,11.00019],[-64.089833,10.994818],[-64.049062,10.990709],[-64.031972,10.995998],[-64.017568,11.015286],[-64.015736,11.025702],[-64.017568,11.05622],[-64.011342,11.065253],[-63.996938,11.076728],[-63.990834,11.083564],[-63.986724,11.09455],[-63.987172,11.10224],[-63.985829,11.10928],[-63.976552,11.118313],[-63.968088,11.12108],[-63.945058,11.122382],[-63.935618,11.125149],[-63.920969,11.137641],[-63.896108,11.168036],[-63.880971,11.179145],[-63.877431,11.1612],[-63.865468,11.151597],[-63.852854,11.144843],[-63.846832,11.135403]]],[[[-66.608266,11.783108],[-66.592763,11.782538],[-66.587799,11.783108],[-66.606516,11.767239],[-66.641835,11.761461],[-66.679433,11.766547],[-66.704498,11.783108],[-66.674143,11.776028],[-66.650868,11.780178],[-66.631988,11.795966],[-66.615102,11.824042],[-66.606272,11.817369],[-66.601389,11.806708],[-66.601674,11.794501],[-66.608266,11.783108]]],[[[-66.132192,11.824042],[-66.10851,11.825832],[-66.102935,11.819281],[-66.101186,11.799791],[-66.114003,11.779934],[-66.143137,11.781806],[-66.17455,11.797105],[-66.194325,11.817694],[-66.179555,11.823188],[-66.161977,11.824774],[-66.132192,11.824042]]],[[[-64.607167,11.899115],[-64.594635,11.892483],[-64.562856,11.868109],[-64.556793,11.857327],[-64.552154,11.839911],[-64.552846,11.823717],[-64.562856,11.816596],[-64.60558,11.81802],[-64.629303,11.821967],[-64.648793,11.830268],[-64.645904,11.838284],[-64.644399,11.840725],[-64.64509,11.843207],[-64.648793,11.851304],[-64.63565,11.861396],[-64.618886,11.889228],[-64.607167,11.899115]]],[[[-66.749989,11.777574],[-66.735829,11.783108],[-66.728505,11.783596],[-66.728017,11.78205],[-66.775217,11.762763],[-66.779937,11.758531],[-66.80842,11.751207],[-66.817128,11.748969],[-66.827789,11.746243],[-66.851064,11.747016],[-66.854604,11.75137],[-66.83316,11.749091],[-66.818186,11.751044],[-66.8131,11.752265],[-66.80956,11.752956],[-66.749989,11.777574]]],[[[-66.733388,11.86994],[-66.716054,11.870592],[-66.711781,11.867906],[-66.73705,11.865302],[-66.74059,11.865871],[-66.753814,11.862372],[-66.771067,11.865871],[-66.780426,11.865871],[-66.787099,11.868354],[-66.81786,11.87108],[-66.814809,11.873236],[-66.733388,11.86994]]],[[[-67.65803,11.984931],[-67.648997,11.983954],[-67.637603,11.980048],[-67.64623,11.978664],[-67.665883,11.982001],[-67.673655,11.985338],[-67.674875,11.989651],[-67.671986,11.993109],[-67.667144,11.991767],[-67.662668,11.987535],[-67.65803,11.984931]]],[[[-67.680409,12.025051],[-67.681549,12.025784],[-67.679067,12.028144],[-67.680409,12.025051]]],[[[-67.677602,12.027818],[-67.677235,12.030015],[-67.676381,12.027818],[-67.676666,12.026923],[-67.677602,12.027818]]],[[[-67.677235,12.050238],[-67.674672,12.048407],[-67.676096,12.04442],[-67.676991,12.046332],[-67.677235,12.050238]]],[[[-67.681386,12.063707],[-67.68102,12.061835],[-67.684438,12.063463],[-67.681386,12.063707]]],[[[-67.687327,12.065579],[-67.688832,12.068996],[-67.687082,12.067532],[-67.687327,12.065579]]],[[[-63.639882,15.696031],[-63.643625,15.700588],[-63.639638,15.702948],[-63.634592,15.700588],[-63.633941,15.696194],[-63.635487,15.694037],[-63.639882,15.696031]]],[[[-61.390271,8.580581],[-61.369864,8.571331],[-61.344351,8.573009],[-61.314603,8.571314],[-61.305263,8.552819],[-61.304422,8.536009],[-61.302737,8.51499],[-61.290848,8.502371],[-61.276404,8.496478],[-61.260264,8.486377],[-61.259426,8.472074],[-61.263688,8.456088],[-61.276443,8.450202],[-61.293438,8.456939],[-61.317223,8.475457],[-61.325707,8.494809],[-61.338444,8.509952],[-61.365635,8.509972],[-61.400504,8.508284],[-61.433688,8.514154],[-61.45412,8.530958],[-61.468585,8.541046],[-61.489863,8.551132],[-61.508596,8.552808],[-61.540116,8.565411],[-61.535847,8.575509],[-61.515397,8.572995],[-61.47623,8.567118],[-61.438769,8.56881],[-61.415788,8.582265],[-61.390271,8.580581]]],[[[-60.745024,8.719359],[-60.727162,8.721845],[-60.714381,8.734425],[-60.697354,8.744474],[-60.68372,8.757892],[-60.676056,8.762917],[-60.671812,8.759547],[-60.676937,8.748634],[-60.687182,8.730166],[-60.687225,8.709995],[-60.678757,8.693167],[-60.666022,8.686418],[-60.635411,8.687189],[-60.611611,8.683771],[-60.604845,8.67115],[-60.608289,8.654354],[-60.617677,8.636723],[-60.632135,8.633392],[-60.650834,8.634271],[-60.673772,8.641888],[-60.694172,8.642771],[-60.713738,8.637764],[-60.735845,8.636966],[-60.757101,8.637845],[-60.771571,8.631144],[-60.79028,8.631176],[-60.808134,8.632888],[-60.809814,8.642141],[-60.797878,8.656414],[-60.786782,8.67489],[-60.773129,8.69672],[-60.760333,8.717708],[-60.745024,8.719359]]],[[[-60.951361,8.827825],[-60.904835,8.833714],[-60.883289,8.840489],[-60.872061,8.857494],[-60.861699,8.870245],[-60.831541,8.870194],[-60.778106,8.870098],[-60.756528,8.882829],[-60.732365,8.89215],[-60.728085,8.878516],[-60.737598,8.866613],[-60.731583,8.858087],[-60.717795,8.852949],[-60.713525,8.835058],[-60.710964,8.823981],[-60.698048,8.811179],[-60.686043,8.789015],[-60.698994,8.777973],[-60.724022,8.762701],[-60.748163,8.760203],[-60.769735,8.741511],[-60.783567,8.71514],[-60.799112,8.693879],[-60.806896,8.672589],[-60.827604,8.651324],[-60.846576,8.637715],[-60.884485,8.635226],[-60.920658,8.639546],[-60.947372,8.634471],[-60.968915,8.629395],[-61.003354,8.639671],[-61.054207,8.638843],[-61.093874,8.633744],[-61.112014,8.623505],[-61.130166,8.609847],[-61.14227,8.602158],[-61.152646,8.596176],[-61.169915,8.595314],[-61.1768,8.603848],[-61.174166,8.62433],[-61.171548,8.637981],[-61.16977,8.66357],[-61.167108,8.699385],[-61.154981,8.7224],[-61.12644,8.756478],[-61.095343,8.779461],[-61.059969,8.798163],[-61.031515,8.808349],[-60.997029,8.821078],[-60.973764,8.824452],[-60.951361,8.827825]]],[[[-62.331125,9.920559],[-62.322743,9.910061],[-62.316396,9.885647],[-62.320058,9.86225],[-62.325754,9.844184],[-62.338612,9.845689],[-62.349355,9.872301],[-62.350901,9.897366],[-62.348785,9.913723],[-62.343373,9.924221],[-62.335357,9.92357],[-62.331125,9.920559]]],[[[-62.40331,10.006293],[-62.397613,10.003852],[-62.391103,9.993354],[-62.396067,9.978095],[-62.408925,9.972561],[-62.420522,9.982652],[-62.427561,10.000393],[-62.435658,10.033189],[-62.436187,10.046576],[-62.426869,10.049221],[-62.415639,10.035102],[-62.40331,10.006293]]],[[[-62.240834,10.0515],[-62.235707,10.044257],[-62.230621,10.028144],[-62.235341,10.013861],[-62.245188,10.003607],[-62.257924,9.994289],[-62.273915,9.989936],[-62.288401,9.988023],[-62.298004,9.98371],[-62.298573,9.996649],[-62.286366,10.0244],[-62.267568,10.044908],[-62.249379,10.052069],[-62.240834,10.0515]]],[[[-62.665151,10.36636],[-62.658274,10.360175],[-62.649403,10.344916],[-62.65099,10.325873],[-62.65982,10.310004],[-62.665598,10.310004],[-62.665842,10.321601],[-62.669545,10.331122],[-62.685943,10.345771],[-62.69286,10.35456],[-62.710317,10.372016],[-62.741038,10.394924],[-62.769683,10.411607],[-62.787587,10.430121],[-62.79308,10.447943],[-62.791575,10.466132],[-62.790191,10.472642],[-62.786204,10.485175],[-62.781117,10.492906],[-62.776967,10.492621],[-62.747182,10.460273],[-62.722524,10.427802],[-62.665151,10.36636]]],[[[-64.168609,10.827948],[-64.159535,10.824897],[-64.155873,10.811957],[-64.174794,10.799221],[-64.201812,10.797065],[-64.220937,10.806464],[-64.218251,10.821031],[-64.20344,10.827297],[-64.190297,10.828111],[-64.17219,10.826809],[-64.168609,10.827948]]]]}},{"type":"Feature","properties":{"name":"JWLA 033 Country - Guyana","group":"countries-americas","source":"Natural Earth / geo-countries"},"geometry":{"type":"MultiPolygon","coordinates":[[[[-56.481819,1.941614],[-56.528509,1.924018],[-56.55892,1.906655],[-56.574862,1.905466],[-56.590107,1.912985],[-56.604421,1.924586],[-56.620234,1.93456],[-56.639561,1.93686],[-56.656408,1.930064],[-56.669663,1.919858],[-56.683951,1.912107],[-56.704105,1.91283],[-56.724156,1.916137],[-56.737643,1.912985],[-56.780638,1.87906],[-56.79273,1.87353],[-56.806476,1.873582],[-56.877635,1.885648],[-56.890709,1.890196],[-56.906832,1.903244],[-56.913446,1.91283],[-56.921921,1.918101],[-56.943522,1.918256],[-56.976853,1.914587],[-56.993235,1.914845],[-57.011167,1.918566],[-57.03747,1.93239],[-57.05597,1.948073],[-57.067804,1.968692],[-57.074057,1.997166],[-57.104494,2.021454],[-57.152915,2.002204],[-57.238439,1.948539],[-57.258645,1.952233],[-57.294818,1.974842],[-57.319416,1.977141],[-57.341482,1.968847],[-57.356158,1.955282],[-57.368767,1.93965],[-57.384529,1.925207],[-57.405561,1.914277],[-57.419514,1.909187],[-57.429487,1.900299],[-57.454292,1.833817],[-57.464782,1.81573],[-57.53129,1.731549],[-57.561159,1.708967],[-57.607874,1.697107],[-57.63857,1.696177],[-57.723113,1.711654],[-57.758821,1.713462],[-57.790757,1.704936],[-57.871476,1.669253],[-57.905376,1.648557],[-57.922222,1.642485],[-57.939017,1.643312],[-57.969144,1.655481],[-57.985009,1.657704],[-57.991003,1.650417],[-57.989763,1.634604],[-57.983924,1.604115],[-57.986973,1.586829],[-57.993587,1.568484],[-58.011157,1.536186],[-58.027229,1.516859],[-58.069138,1.509005],[-58.116422,1.510555],[-58.148616,1.519082],[-58.155541,1.527376],[-58.162879,1.549183],[-58.170631,1.558821],[-58.18727,1.567606],[-58.197761,1.5659],[-58.206959,1.559958],[-58.219672,1.556056],[-58.238585,1.556702],[-58.260548,1.560319],[-58.281993,1.566572],[-58.299202,1.575176],[-58.306333,1.582773],[-58.316151,1.598896],[-58.320492,1.601221],[-58.331913,1.593392],[-58.338734,1.580189],[-58.344263,1.565487],[-58.351395,1.553317],[-58.360283,1.547374],[-58.383124,1.53722],[-58.390255,1.53076],[-58.391702,1.520839],[-58.385915,1.499729],[-58.38638,1.490194],[-58.413458,1.47203],[-58.42643,1.469805],[-58.498879,1.45738],[-58.501754,1.453781],[-58.513659,1.43888],[-58.506993,1.418183],[-58.488079,1.378883],[-58.481723,1.358058],[-58.481103,1.333873],[-58.487614,1.316458],[-58.51893,1.267262],[-58.527146,1.266849],[-58.535053,1.271551],[-58.543063,1.274394],[-58.542753,1.276357],[-58.546732,1.28044],[-58.552313,1.284626],[-58.556964,1.286899],[-58.561408,1.285142],[-58.574172,1.275375],[-58.580528,1.27274],[-58.682589,1.282455],[-58.69773,1.28106],[-58.709202,1.272275],[-58.736901,1.232329],[-58.752817,1.214966],[-58.771938,1.201271],[-58.795967,1.191815],[-58.815966,1.187267],[-58.834001,1.18582],[-58.852036,1.188714],[-58.872138,1.197241],[-58.897873,1.217808],[-58.906451,1.23853],[-58.911722,1.260234],[-58.927484,1.284212],[-58.945984,1.298992],[-58.966499,1.310154],[-58.972025,1.312311],[-59.011096,1.327569],[-59.177959,1.357128],[-59.242141,1.377798],[-59.259918,1.387436],[-59.272424,1.404153],[-59.293818,1.452109],[-59.302189,1.462961],[-59.320328,1.473529],[-59.32472,1.490763],[-59.326943,1.509521],[-59.33857,1.524637],[-59.347691,1.526032],[-59.368025,1.520399],[-59.380169,1.523345],[-59.383864,1.527892],[-59.39097,1.543654],[-59.394639,1.549441],[-59.399729,1.552025],[-59.412105,1.553265],[-59.416834,1.555281],[-59.425877,1.565952],[-59.445514,1.601015],[-59.454764,1.611324],[-59.486003,1.636077],[-59.502823,1.657652],[-59.530729,1.703075],[-59.551477,1.720516],[-59.572716,1.727157],[-59.59057,1.724909],[-59.607933,1.719999],[-59.628164,1.718811],[-59.639662,1.721756],[-59.649817,1.727002],[-59.658964,1.734081],[-59.680849,1.757387],[-59.682476,1.765604],[-59.666483,1.787101],[-59.645476,1.827693],[-59.646458,1.839966],[-59.649119,1.841362],[-59.655475,1.839708],[-59.667981,1.842705],[-59.705576,1.857407],[-59.717229,1.858053],[-59.737512,1.850793],[-59.749682,1.851309],[-59.758751,1.862136],[-59.763557,1.882574],[-59.765133,1.904639],[-59.764539,1.92053],[-59.76087,1.931925],[-59.748364,1.951252],[-59.743816,1.961845],[-59.742809,1.970966],[-59.745341,1.997166],[-59.743532,2.005667],[-59.737796,2.022229],[-59.737098,2.03042],[-59.740406,2.041401],[-59.751464,2.062253],[-59.752963,2.075456],[-59.749837,2.085972],[-59.738571,2.103619],[-59.735393,2.113516],[-59.735858,2.123722],[-59.744979,2.153513],[-59.745754,2.190823],[-59.740225,2.229477],[-59.741698,2.263791],[-59.763247,2.287975],[-59.772264,2.290352],[-59.79185,2.290869],[-59.801203,2.292729],[-59.813631,2.299189],[-59.844249,2.325441],[-59.884066,2.346008],[-59.903135,2.359599],[-59.913444,2.378719],[-59.911816,2.387814],[-59.901507,2.404506],[-59.901817,2.415616],[-59.904039,2.42621],[-59.905073,2.447862],[-59.906778,2.458766],[-59.935846,2.523878],[-59.939515,2.542998],[-59.939231,2.555452],[-59.940729,2.562997],[-59.949023,2.579844],[-59.953132,2.583926],[-59.966025,2.58868],[-59.970986,2.592556],[-59.970262,2.59576],[-59.965327,2.608059],[-59.965043,2.613433],[-59.996462,2.674773],[-60.00008,2.694049],[-59.993724,2.857294],[-59.972975,2.939305],[-59.970417,2.960441],[-59.973983,3.017646],[-59.969229,3.042709],[-59.959385,3.066481],[-59.932668,3.110044],[-59.927371,3.114333],[-59.920756,3.116762],[-59.914865,3.119966],[-59.91161,3.126425],[-59.912695,3.133402],[-59.920188,3.143995],[-59.921557,3.150093],[-59.918379,3.152832],[-59.905719,3.154796],[-59.903212,3.158671],[-59.905434,3.165234],[-59.913935,3.174639],[-59.916855,3.181151],[-59.916674,3.194173],[-59.911506,3.201873],[-59.904246,3.208229],[-59.897631,3.217376],[-59.884014,3.262541],[-59.879622,3.272566],[-59.853732,3.31538],[-59.84319,3.349022],[-59.839986,3.349874],[-59.833682,3.350288],[-59.826809,3.351941],[-59.82177,3.356592],[-59.820995,3.363491],[-59.827093,3.376694],[-59.828488,3.383412],[-59.824044,3.431678],[-59.841356,3.425399],[-59.838539,3.443021],[-59.821357,3.484388],[-59.829547,3.509761],[-59.847634,3.530457],[-59.863034,3.552368],[-59.862879,3.58172],[-59.837661,3.60929],[-59.755547,3.638125],[-59.717642,3.673214],[-59.69506,3.683058],[-59.686223,3.690215],[-59.680125,3.701687],[-59.679557,3.710343],[-59.680771,3.719154],[-59.680151,3.731117],[-59.671805,3.756232],[-59.659119,3.768918],[-59.618294,3.787186],[-59.598606,3.802405],[-59.595402,3.816538],[-59.599717,3.833126],[-59.602507,3.855683],[-59.596332,3.875889],[-59.581785,3.899195],[-59.563155,3.918186],[-59.544578,3.925705],[-59.534708,3.9271],[-59.52923,3.931906],[-59.527654,3.939528],[-59.529592,3.94945],[-59.536826,3.957692],[-59.548686,3.96193],[-59.58039,3.967123],[-59.590001,3.96671],[-59.59628,3.970637],[-59.595376,3.996372],[-59.599717,4.002263],[-59.605737,4.007147],[-59.619819,4.032727],[-59.653693,4.064197],[-59.663253,4.079726],[-59.6601,4.103187],[-59.64899,4.119801],[-59.646174,4.134038],[-59.667361,4.150575],[-59.71033,4.16445],[-59.726737,4.176465],[-59.738468,4.202768],[-59.740431,4.213646],[-59.740535,4.222327],[-59.737951,4.240001],[-59.735522,4.24584],[-59.726608,4.2577],[-59.724489,4.264056],[-59.726556,4.270697],[-59.736685,4.282091],[-59.738468,4.286587],[-59.727797,4.305294],[-59.693613,4.340692],[-59.687386,4.364463],[-59.687115,4.371466],[-59.68674,4.381181],[-59.69046,4.384462],[-59.701958,4.385651],[-59.713508,4.389371],[-59.722345,4.397717],[-59.729915,4.407536],[-59.737951,4.415571],[-59.796268,4.448205],[-59.809626,4.465749],[-59.817688,4.456835],[-59.82624,4.454613],[-59.847634,4.460246],[-59.852363,4.460762],[-59.863241,4.460659],[-59.867633,4.461977],[-59.87169,4.46823],[-59.868847,4.480916],[-59.87293,4.484689],[-59.885823,4.48474],[-59.905279,4.475284],[-59.914555,4.474353],[-59.91993,4.479211],[-59.934296,4.498254],[-59.943313,4.503912],[-59.953132,4.505876],[-59.964681,4.506496],[-59.974552,4.503706],[-59.978892,4.495411],[-59.984551,4.488797],[-59.996979,4.490761],[-60.020699,4.498874],[-60.040181,4.495928],[-60.055606,4.491587],[-60.066251,4.494326],[-60.071548,4.512542],[-60.076871,4.519958],[-60.087775,4.525539],[-60.098601,4.526004],[-60.103846,4.517994],[-60.106197,4.506599],[-60.112011,4.502155],[-60.120925,4.502362],[-60.132862,4.504868],[-60.148779,4.513007],[-60.159992,4.527787],[-60.16485,4.546209],[-60.161543,4.565201],[-60.134826,4.593545],[-60.126222,4.594992],[-60.106146,4.595354],[-60.097076,4.598558],[-60.087697,4.607523],[-60.084286,4.616929],[-60.083201,4.627083],[-60.080669,4.638323],[-60.075631,4.650286],[-60.047054,4.691756],[-60.038475,4.708008],[-60.032455,4.725423],[-60.030078,4.744363],[-60.034522,4.787797],[-60.020466,4.83229],[-60.01796,4.892235],[-60.011009,4.921716],[-60.003594,4.939829],[-60.000209,4.958329],[-59.999279,4.99688],[-59.981502,5.057419],[-59.983104,5.085944],[-60.011009,5.100026],[-60.055115,5.125089],[-60.075734,5.140824],[-60.088704,5.155394],[-60.091237,5.158239],[-60.123018,5.231852],[-60.131725,5.243402],[-60.176555,5.22715],[-60.190947,5.23994],[-60.2003,5.263452],[-60.213426,5.267225],[-60.255206,5.25645],[-60.273732,5.247355],[-60.314066,5.206918],[-60.333083,5.193767],[-60.354993,5.193173],[-60.398944,5.208314],[-60.419796,5.207228],[-60.427418,5.200769],[-60.439123,5.18139],[-60.448967,5.174233],[-60.456357,5.174698],[-60.463126,5.180021],[-60.470025,5.186868],[-60.477492,5.191932],[-60.497414,5.195937],[-60.553844,5.188057],[-60.568288,5.18971],[-60.579398,5.194852],[-60.589708,5.201208],[-60.601774,5.206583],[-60.613556,5.208934],[-60.672959,5.213016],[-60.695179,5.211931],[-60.739854,5.202138],[-60.816903,5.285079],[-60.892661,5.368562],[-60.968496,5.452071],[-61.044254,5.535606],[-61.120011,5.619115],[-61.195821,5.702676],[-61.271604,5.786108],[-61.347362,5.869669],[-61.379608,5.9053],[-61.396713,5.945581],[-61.386274,5.956588],[-61.352762,5.975192],[-61.338086,5.986793],[-61.29119,6.061156],[-61.278555,6.09304],[-61.269382,6.107225],[-61.256101,6.114382],[-61.222925,6.120532],[-61.206518,6.125777],[-61.194477,6.132857],[-61.184736,6.146008],[-61.173987,6.17164],[-61.16112,6.18288],[-61.147348,6.18505],[-61.132698,6.183551],[-61.121562,6.186652],[-61.118358,6.202568],[-61.118048,6.216237],[-61.112854,6.254141],[-61.114792,6.264012],[-61.117944,6.267241],[-61.121355,6.269463],[-61.124145,6.276233],[-61.129081,6.283313],[-61.146702,6.294216],[-61.151973,6.303363],[-61.159492,6.331268],[-61.160913,6.342353],[-61.154815,6.390567],[-61.149932,6.404442],[-61.141095,6.416457],[-61.138977,6.424803],[-61.138563,6.433071],[-61.139752,6.441262],[-61.142594,6.449427],[-61.153472,6.464361],[-61.163032,6.494282],[-61.170861,6.509242],[-61.186131,6.523324],[-61.200084,6.531101],[-61.20967,6.540971],[-61.21197,6.561435],[-61.204787,6.595826],[-61.190188,6.632878],[-61.170654,6.668509],[-61.139312,6.70445],[-61.12983,6.715844],[-61.110968,6.719513],[-61.089057,6.717498],[-61.070402,6.711865],[-61.061229,6.730081],[-61.040068,6.726981],[-61.018674,6.720444],[-61.000251,6.73437],[-60.954595,6.728738],[-60.933821,6.731735],[-60.928369,6.735869],[-60.901239,6.76442],[-60.899482,6.768554],[-60.899069,6.776771],[-60.901291,6.786021],[-60.911161,6.800025],[-60.913383,6.811213],[-60.90757,6.815244],[-60.894573,6.814159],[-60.872404,6.808113],[-60.865712,6.803307],[-60.858529,6.79646],[-60.849614,6.789948],[-60.837625,6.786357],[-60.828298,6.787132],[-60.80525,6.792481],[-60.79352,6.793824],[-60.773056,6.788424],[-60.736469,6.764782],[-60.721534,6.759692],[-60.700347,6.767082],[-60.684146,6.784031],[-60.655802,6.824572],[-60.63955,6.837723],[-60.620688,6.845888],[-60.548728,6.863096],[-60.420958,6.942213],[-60.39419,6.948466],[-60.377344,6.938544],[-60.368093,6.988102],[-60.359696,7.004897],[-60.344581,7.017609],[-60.327553,7.028564],[-60.31342,7.040243],[-60.303575,7.054144],[-60.295798,7.070732],[-60.291586,7.088302],[-60.292336,7.105252],[-60.299932,7.121013],[-60.312825,7.132589],[-60.347578,7.151916],[-60.348273,7.152684],[-60.360109,7.165765],[-60.372021,7.172277],[-60.385172,7.17331],[-60.401476,7.170881],[-60.415817,7.171346],[-60.426746,7.176876],[-60.437133,7.183749],[-60.44951,7.188348],[-60.475322,7.188503],[-60.496613,7.180596],[-60.512865,7.165197],[-60.534905,7.125768],[-60.548005,7.125509],[-60.617639,7.18039],[-60.628413,7.191138],[-60.643064,7.220904],[-60.643555,7.25067],[-60.631101,7.277696],[-60.606761,7.299452],[-60.602239,7.306532],[-60.599966,7.313922],[-60.599862,7.32188],[-60.601774,7.330148],[-60.610559,7.343636],[-60.622006,7.371541],[-60.628982,7.384357],[-60.636087,7.389834],[-60.645157,7.3934],[-60.653244,7.398464],[-60.657275,7.408128],[-60.656913,7.416551],[-60.655828,7.422856],[-60.656267,7.428798],[-60.660634,7.436136],[-60.674199,7.44549],[-60.688126,7.448642],[-60.700657,7.4535],[-60.723834,7.495823],[-60.729699,7.510344],[-60.730578,7.525433],[-60.716496,7.551582],[-60.67115,7.566051],[-60.655621,7.585223],[-60.641488,7.610906],[-60.631695,7.6246],[-60.625158,7.629458],[-60.610663,7.626822],[-60.601257,7.63385],[-60.597459,7.646718],[-60.599862,7.661549],[-60.584514,7.688524],[-60.584411,7.699376],[-60.587718,7.718341],[-60.586995,7.727126],[-60.582086,7.736325],[-60.55958,7.763041],[-60.53984,7.800093],[-60.525758,7.813374],[-60.503279,7.820867],[-60.418504,7.819369],[-60.37476,7.823606],[-60.35042,7.841796],[-60.34241,7.864792],[-60.320344,7.884739],[-60.271872,7.917761],[-60.267998,7.921262],[-60.253294,7.934556],[-60.243011,7.950575],[-60.231125,7.964114],[-60.183092,7.982666],[-60.165729,7.997032],[-60.149786,8.013465],[-60.129219,8.028813],[-60.107903,8.035557],[-60.068008,8.031759],[-60.046485,8.032922],[-60.029587,8.042818],[-60.019458,8.06031],[-60.011009,8.100437],[-59.99933,8.115397],[-59.998013,8.12705],[-60.000545,8.138548],[-60.000674,8.15294],[-59.99331,8.168521],[-59.967679,8.18839],[-59.957059,8.200147],[-59.939722,8.208441],[-59.889751,8.219887],[-59.869209,8.221127],[-59.848461,8.227742],[-59.829289,8.245105],[-59.816654,8.267197],[-59.815595,8.287764],[-59.855618,8.352127],[-59.959695,8.468166],[-60.020985,8.55801],[-60.001088,8.548896],[-59.96817,8.527574],[-59.932485,8.491767],[-59.875315,8.405219],[-59.837799,8.369289],[-59.809397,8.354682],[-59.760569,8.341498],[-59.735422,8.328925],[-59.680572,8.289211],[-59.651845,8.273668],[-59.622182,8.267524],[-59.613108,8.252143],[-59.611236,8.250149],[-59.609853,8.242092],[-59.605946,8.240302],[-59.599721,8.240953],[-59.543446,8.229478],[-59.536122,8.22248],[-59.52302,8.206488],[-59.433746,8.130316],[-59.456776,8.167222],[-59.491689,8.201321],[-59.533559,8.228909],[-59.608632,8.259426],[-59.700673,8.32274],[-59.761301,8.355455],[-59.769521,8.366523],[-59.78185,8.394192],[-59.77953,8.407131],[-59.755849,8.410875],[-59.739369,8.403632],[-59.703969,8.375556],[-59.663238,8.363471],[-59.643381,8.350002],[-59.611236,8.32274],[-59.5454,8.283759],[-59.454091,8.242621],[-59.34789,8.166815],[-59.165151,8.058743],[-59.104807,8.013617],[-59.090129,8.000027],[-59.07543,7.980789],[-59.021433,7.931002],[-58.884752,7.778688],[-58.833416,7.7383],[-58.804193,7.696218],[-58.778617,7.662364],[-58.754053,7.612114],[-58.73763,7.588334],[-58.733918,7.594694],[-58.743902,7.619352],[-58.742004,7.630278],[-58.728217,7.629295],[-58.703434,7.620963],[-58.682377,7.603534],[-58.663163,7.585201],[-58.646717,7.565057],[-58.630292,7.540351],[-58.609315,7.506495],[-58.584055,7.475775],[-58.56818,7.453341],[-58.489735,7.376125],[-58.471588,7.345404],[-58.464223,7.312201],[-58.474192,7.279975],[-58.467356,7.287421],[-58.472524,7.244452],[-58.467356,7.116116],[-58.485015,7.01081],[-58.497385,6.994818],[-58.519602,6.977647],[-58.535634,6.965277],[-58.550689,6.947089],[-58.561594,6.927232],[-58.568186,6.906806],[-58.574045,6.868394],[-58.597727,6.808295],[-58.599843,6.787258],[-58.597727,6.721625],[-58.599843,6.71133],[-58.609202,6.69892],[-58.611399,6.687812],[-58.611399,6.509711],[-58.617014,6.488145],[-58.619944,6.476874],[-58.686431,6.382473],[-58.68224,6.379828],[-58.679596,6.376207],[-58.648834,6.404202],[-58.638661,6.410346],[-58.63561,6.414374],[-58.632924,6.420071],[-58.628896,6.423326],[-58.615387,6.417385],[-58.606801,6.416327],[-58.602149,6.416564],[-58.601999,6.416571],[-58.59024,6.417222],[-58.597727,6.423407],[-58.581166,6.463446],[-58.577219,6.594713],[-58.567006,6.636705],[-58.461537,6.821845],[-58.434885,6.857815],[-58.398427,6.883368],[-58.3544,6.894355],[-58.312164,6.892157],[-58.273834,6.88052],[-58.214101,6.849189],[-58.194488,6.830959],[-58.189565,6.828111],[-58.186513,6.82453],[-58.178212,6.817572],[-58.173695,6.815375],[-58.169667,6.813422],[-58.165679,6.817857],[-58.162221,6.829535],[-58.153717,6.832221],[-58.067863,6.821703],[-58.005675,6.791758],[-57.985813,6.775223],[-57.956055,6.752912],[-57.918597,6.716303],[-57.891891,6.696442],[-57.838075,6.645302],[-57.806138,6.613178],[-57.796986,6.598147],[-57.778857,6.590347],[-57.756981,6.567701],[-57.699625,6.521615],[-57.667939,6.495933],[-57.646819,6.477809],[-57.633253,6.463473],[-57.618175,6.448377],[-57.598578,6.427246],[-57.577992,6.37816],[-57.547622,6.307145],[-57.536673,6.293163],[-57.533522,6.273656],[-57.528913,6.265709],[-57.520427,6.277993],[-57.518692,6.287131],[-57.517042,6.298223],[-57.517037,6.315076],[-57.504192,6.32904],[-57.494261,6.334822],[-57.490633,6.338921],[-57.48607,6.339505],[-57.46637,6.337906],[-57.445591,6.330366],[-57.428945,6.322751],[-57.408801,6.312765],[-57.377431,6.294338],[-57.365044,6.287484],[-57.330466,6.264392],[-57.289824,6.234739],[-57.207494,6.151378],[-57.18666,6.121188],[-57.167307,6.08511],[-57.158437,6.044379],[-57.155357,6.019667],[-57.151888,6.007803],[-57.146752,5.99759],[-57.144436,5.989022],[-57.143613,5.977985],[-57.158315,5.998928],[-57.165761,6.005683],[-57.147926,5.969916],[-57.141965,5.955742],[-57.141684,5.934178],[-57.140004,5.917914],[-57.137259,5.882092],[-57.153676,5.847113],[-57.158193,5.828599],[-57.165435,5.811347],[-57.170021,5.799622],[-57.170615,5.779036],[-57.180676,5.754928],[-57.183055,5.73141],[-57.159573,5.692912],[-57.161518,5.638906],[-57.173329,5.607473],[-57.185658,5.587348],[-57.196929,5.564765],[-57.24767,5.491848],[-57.24767,5.484931],[-57.25694,5.464086],[-57.260092,5.448196],[-57.261229,5.42675],[-57.265208,5.403366],[-57.275491,5.387398],[-57.324119,5.33859],[-57.332284,5.327867],[-57.335695,5.316886],[-57.331715,5.30761],[-57.322827,5.30761],[-57.308409,5.313475],[-57.298332,5.311021],[-57.292028,5.311331],[-57.288824,5.30854],[-57.287274,5.238699],[-57.285465,5.230819],[-57.280452,5.225341],[-57.271667,5.222861],[-57.263037,5.223997],[-57.256423,5.228287],[-57.253787,5.234927],[-57.264019,5.247045],[-57.269187,5.256709],[-57.26743,5.266295],[-57.259007,5.271204],[-57.247638,5.271772],[-57.237613,5.268723],[-57.233324,5.262574],[-57.232522,5.260572],[-57.225727,5.243609],[-57.192396,5.203172],[-57.184903,5.183147],[-57.189812,5.16922],[-57.202008,5.157619],[-57.217769,5.14855],[-57.233324,5.142116],[-57.23875,5.162012],[-57.247276,5.172373],[-57.259937,5.1763],[-57.277714,5.17692],[-57.288979,5.171029],[-57.295542,5.157206],[-57.302208,5.128474],[-57.317091,5.094755],[-57.320192,5.083412],[-57.321432,5.070157],[-57.316936,5.058969],[-57.280452,5.026103],[-57.290478,5.020289],[-57.298694,5.021116],[-57.306497,5.024449],[-57.315231,5.026103],[-57.329442,5.024087],[-57.338072,5.020754],[-57.345513,5.01662],[-57.35621,5.012434],[-57.381377,5.005742],[-57.460493,4.997629],[-57.47734,4.992487],[-57.490259,4.99135],[-57.496873,4.994657],[-57.512221,5.009153],[-57.517596,5.012434],[-57.543279,5.011091],[-57.566223,5.007086],[-57.610096,4.99135],[-57.64937,5.008429],[-57.686939,5.006259],[-57.720477,4.9898],[-57.747297,4.964013],[-57.762335,4.93554],[-57.773962,4.926445],[-57.798457,4.92306],[-57.810963,4.92554],[-57.820575,4.930294],[-57.830238,4.933059],[-57.842795,4.929881],[-57.85034,4.922801],[-57.870701,4.888928],[-57.884188,4.872262],[-57.90243,4.852728],[-57.918501,4.829758],[-57.925374,4.796142],[-57.91783,4.782371],[-57.901138,4.773922],[-57.88455,4.762863],[-57.871166,4.721728],[-57.844346,4.687519],[-57.836026,4.669845],[-57.837421,4.65088],[-57.845431,4.633517],[-57.863311,4.60773],[-57.879124,4.556829],[-57.896074,4.52851],[-57.914471,4.484069],[-57.92186,4.450944],[-57.931317,4.437844],[-57.942789,4.425106],[-57.952659,4.409732],[-57.956639,4.391438],[-57.953486,4.375703],[-57.94806,4.360484],[-57.94527,4.343922],[-57.947388,4.318756],[-57.953848,4.299015],[-57.964958,4.282039],[-58.052033,4.193104],[-58.065934,4.171839],[-58.067691,4.151143],[-58.055082,4.108071],[-58.042008,4.023037],[-58.032138,3.987716],[-58.007902,3.957279],[-57.942117,3.905447],[-57.925839,3.886405],[-57.875145,3.812197],[-57.853854,3.76667],[-57.849617,3.747473],[-57.846929,3.702101],[-57.840987,3.680991],[-57.829773,3.662439],[-57.813133,3.651845],[-57.764247,3.631588],[-57.72611,3.607197],[-57.722493,3.599962],[-57.71748,3.582444],[-57.709522,3.56769],[-57.708643,3.564125],[-57.707351,3.560662],[-57.702856,3.555676],[-57.697998,3.553609],[-57.687249,3.552162],[-57.685131,3.549164],[-57.681255,3.547304],[-57.660429,3.535186],[-57.644048,3.51666],[-57.645495,3.498987],[-57.660688,3.469505],[-57.660533,3.462994],[-57.658362,3.450617],[-57.658931,3.443899],[-57.663995,3.425839],[-57.664615,3.417544],[-57.662548,3.40708],[-57.658207,3.39522],[-57.654848,3.39013],[-57.649939,3.385944],[-57.641464,3.38243],[-57.613249,3.376643],[-57.596402,3.367237],[-57.596193,3.367121],[-57.565138,3.349822],[-57.554234,3.346748],[-57.545036,3.348143],[-57.535269,3.36778],[-57.522401,3.365248],[-57.509637,3.357677],[-57.503901,3.353336],[-57.49584,3.352975],[-57.487985,3.351528],[-57.482042,3.348556],[-57.479717,3.343389],[-57.476254,3.338945],[-57.468761,3.343182],[-57.461682,3.349978],[-57.459201,3.353336],[-57.430934,3.360623],[-57.423958,3.369382],[-57.425043,3.387495],[-57.393469,3.373826],[-57.366752,3.36561],[-57.340035,3.370157],[-57.308409,3.39491],[-57.283553,3.343802],[-57.280452,3.329772],[-57.282778,3.295045],[-57.284225,3.288793],[-57.292493,3.276287],[-57.290271,3.267967],[-57.284018,3.25975],[-57.280452,3.247813],[-57.281744,3.235928],[-57.287119,3.21536],[-57.287946,3.203113],[-57.285672,3.192106],[-57.274923,3.169007],[-57.277714,3.156914],[-57.284173,3.148956],[-57.286033,3.142393],[-57.274923,3.13428],[-57.264898,3.132626],[-57.254976,3.13583],[-57.246243,3.141618],[-57.239473,3.147871],[-57.237613,3.144874],[-57.237406,3.143995],[-57.236734,3.143478],[-57.233324,3.14167],[-57.248568,3.112369],[-57.239473,3.094128],[-57.222213,3.078263],[-57.21286,3.056042],[-57.211774,3.048342],[-57.20702,3.035681],[-57.205987,3.028137],[-57.209242,3.024054],[-57.223247,3.024778],[-57.226451,3.021264],[-57.224694,3.009171],[-57.2218,3.000438],[-57.22118,2.992583],[-57.226451,2.983385],[-57.234615,2.970362],[-57.221851,2.963024],[-57.188623,2.95951],[-57.183818,2.944679],[-57.194721,2.930623],[-57.210328,2.918221],[-57.219629,2.908299],[-57.206348,2.856571],[-57.202266,2.846236],[-57.194256,2.841998],[-57.191052,2.832593],[-57.186608,2.82324],[-57.174619,2.818951],[-57.165266,2.821069],[-57.145215,2.830423],[-57.133381,2.832593],[-57.126405,2.82603],[-57.143665,2.790012],[-57.13705,2.77115],[-57.133743,2.773424],[-57.099533,2.778591],[-57.08987,2.773889],[-57.092144,2.763037],[-57.099016,2.750376],[-57.102944,2.740454],[-57.097725,2.72738],[-57.071886,2.700095],[-57.061964,2.68175],[-57.05597,2.642372],[-57.048012,2.636481],[-57.027238,2.648212],[-57.020468,2.635447],[-57.023155,2.623665],[-57.02791,2.610591],[-57.027238,2.59359],[-57.02238,2.584546],[-56.997111,2.555142],[-56.995302,2.547856],[-57.000573,2.514163],[-56.994113,2.504861],[-56.980006,2.509719],[-56.959593,2.524705],[-56.951274,2.515455],[-56.952617,2.504551],[-56.957526,2.493492],[-56.959593,2.483777],[-56.956364,2.470031],[-56.951635,2.461246],[-56.935073,2.445898],[-56.930241,2.436183],[-56.932024,2.425796],[-56.938458,2.41143],[-56.930836,2.393292],[-56.89505,2.362079],[-56.883887,2.339755],[-56.88443,2.303736],[-56.880141,2.294796],[-56.870865,2.290146],[-56.847792,2.285856],[-56.838877,2.281102],[-56.826191,2.261672],[-56.816346,2.217592],[-56.80875,2.195784],[-56.801464,2.165967],[-56.70519,2.029645],[-56.677802,2.018405],[-56.579772,2.016803],[-56.542074,1.997166],[-56.536493,1.988639],[-56.529387,1.981792],[-56.520964,1.976728],[-56.499983,1.969984],[-56.491198,1.962905],[-56.4851,1.953215],[-56.481819,1.941614]]],[[[-58.37857,6.972113],[-58.333608,6.965277],[-58.334706,6.961005],[-58.391021,6.919867],[-58.441029,6.904771],[-58.46052,6.883368],[-58.46349,6.900295],[-58.457509,6.923041],[-58.447011,6.943061],[-58.431752,6.954657],[-58.422515,6.968329],[-58.418935,6.972113],[-58.409657,6.973619],[-58.37857,6.972113]]]]}}]}