{"type":"FeatureCollection","features":[{"type":"Feature","properties":{"name":"JWLA 033 - Black Sea & Sea of Azov","source":"Marine Regions IHO clipped to the official JWLA defined-water boundary","sourceDocument":"JWLA-033 (3 March 2026), unchanged in JWLA-034 (29 July 2026)","sourceUrl":"https://lmalloyds.com/wp-content/uploads/2025/06/JWLA-034-Saudi-Arabia.pdf","sourceSha256":"125e507bbd187051315bdf80ae30583bc92ec9ad2d280d02fac2d10a019d03b9","geometryStatus":"official-coordinate boundary clipped to IHO water bodies","officialBoundaryCoordinates":[[29.7654833,45.1809667],[29.8523333,45.18725],[29.9927167,45.1912333],[30.0401333,45.0892333],[30.9787,44.7770833],[31.17495,44.7374],[31.4100333,44.04795],[31.3325667,43.4515167],[40.0099833,43.3854333]]},"geometry":{"type":"MultiPolygon","coordinates":[[[[28.21268678,45.46762705],[28.21363997,45.46709061],[28.21809018,45.46576023],[28.22215795,45.46448338],[28.22390676,45.46365726],[28.226493,45.46142387],[28.24472761,45.45811784],[28.25740695,45.4544909],[28.26735485,45.44946063],[28.27577114,45.44272172],[28.28319442,45.43063486],[28.28418636,45.42571664],[28.27798033,45.40377331],[28.28026974,45.39448285],[28.30010104,45.37848854],[28.3163048,45.34871805],[28.31653833,45.34834814],[28.32576621,45.33746195],[28.32732105,45.33315682],[28.33432865,45.32479942],[28.3439759,45.31882083],[28.34449625,45.31857026],[28.36421847,45.31347227],[28.36549735,45.31302166],[28.37030303,45.31076765],[28.37325871,45.30883706],[28.37334692,45.3084774],[28.37306702,45.30799747],[28.37055278,45.30810952],[28.37107205,45.30676925],[28.38549137,45.30165684],[28.38850152,45.30364466],[28.39038765,45.30355084],[28.39321995,45.30270505],[28.40549636,45.29824138],[28.4308058,45.2877264],[28.44238007,45.28415215],[28.44267213,45.28195846],[28.45150995,45.28323972],[28.45200384,45.28337503],[28.45060384,45.28494084],[28.45111513,45.28509414],[28.45301521,45.28460443],[28.4765625,45.27622771],[28.48051035,45.2734791],[28.48856652,45.27298951],[28.49154484,45.27127588],[28.49553597,45.27146721],[28.50630546,45.26699066],[28.51150525,45.26347434],[28.53260911,45.25812924],[28.54918003,45.24975061],[28.55871046,45.24658465],[28.55929494,45.24644065],[28.63551033,45.23996258],[28.65191197,45.23590505],[28.66049814,45.23166621],[28.6683017,45.23165584],[28.69421267,45.22300208],[28.70679975,45.22073245],[28.72268784,45.22244406],[28.73177588,45.22560275],[28.73877275,45.22657812],[28.73900163,45.22659194],[28.74177587,45.22474957],[28.74691045,45.21798825],[28.75118613,45.21572006],[28.75390661,45.21487296],[28.76854157,45.21485615],[28.78288782,45.21134877],[28.78984022,45.20834816],[28.79159606,45.19978952],[28.79026687,45.19288695],[28.78712237,45.19291186],[28.78667855,45.19158268],[28.79026234,45.18875205],[28.79016244,45.18431354],[28.79095185,45.18294477],[28.79325581,45.18155408],[28.79522553295444,45.1809667],[28.80426108876404,45.1809667],[28.80685461,45.18335891],[28.80673563,45.18764782],[28.81509805,45.19489264],[28.82949746,45.20001936],[28.8344717,45.20126832],[28.83503187,45.20136511],[28.84494567,45.20138466],[28.85329711,45.20080936],[28.86276305,45.19873488],[28.86316931,45.19860315],[28.87071705,45.19608915],[28.89261162,45.18257964],[28.894068694116694,45.1809667],[28.89938361503526,45.1809667],[28.88628101,45.19163167],[28.87027764,45.19984734],[28.85659242,45.20344114],[28.84333587,45.20455122],[28.82139516,45.20129836],[28.81369996,45.19860637],[28.80797386,45.19484246],[28.80390108,45.19067526],[28.8022722,45.18266594],[28.79892254,45.18198514],[28.79849255,45.18215418],[28.79424906,45.18544102],[28.79222763,45.18960285],[28.79557192,45.20992362],[28.79264593,45.21368074],[28.78896618,45.21591902],[28.77883565,45.21760261],[28.75991511,45.21659255],[28.75893188,45.21659541],[28.75353706,45.21756196],[28.75306404,45.21769714],[28.74843276,45.22046697],[28.74077237,45.22836006],[28.74039686,45.22891414],[28.7431097,45.23129201],[28.7443763,45.23152638],[28.78525341,45.23639023],[28.78590834,45.23652554],[28.79209375,45.2385962],[28.79441965,45.24006021],[28.79548311,45.24209595],[28.79631972,45.24429202],[28.79604411,45.24947548],[28.79208255,45.25788963],[28.78436553,45.26141024],[28.77533281,45.26180291],[28.76881373,45.26357615],[28.75969005,45.27283752],[28.75538123,45.28242445],[28.75794661,45.28786826],[28.76462245,45.2904284],[28.78750098,45.28909194],[28.79588556,45.29178047],[28.80744672,45.30396414],[28.80861247,45.30941093],[28.80595672,45.31368375],[28.78285074,45.32371402],[28.78210092,45.32608926],[28.78517056,45.32874441],[28.79809797,45.33252323],[28.80853915,45.33391225],[28.82156575,45.33266532],[28.84020567,45.31671143],[28.85156405,45.31347525],[28.85445178,45.31430781],[28.85964525,45.31351685],[28.86899865,45.31604242],[28.87175524,45.31524515],[28.9057883,45.28896785],[28.91340005,45.28437841],[28.92770624,45.27895081],[28.94270742,45.2773509],[28.94829416,45.27961421],[28.95607054,45.28626585],[28.95754373,45.29725397],[28.95469534,45.30292273],[28.95231473,45.30475783],[28.95146155,45.30944335],[28.95669723,45.31422925],[28.96306014,45.32550704],[28.97011638,45.33087611],[28.98825491,45.33196676],[28.99737215,45.33540785],[29.0111469,45.34473932],[29.03111756,45.3515625],[29.04181373,45.35907066],[29.05424321,45.35940433],[29.06219006,45.36078465],[29.0758388,45.36640167],[29.0855906,45.37328458],[29.09060383,45.37413347],[29.10801554,45.37366474],[29.12040913,45.38036108],[29.14561272,45.38511133],[29.17035556,45.39308202],[29.18249476,45.39950705],[29.18574536,45.40874267],[29.18824232,45.41125321],[29.20293725,45.41542804],[29.21242845,45.41574371],[29.22811127,45.42287803],[29.23910916,45.43068254],[29.24814296,45.43170166],[29.25937486,45.42820156],[29.26570606,45.42830145],[29.26916683,45.42685151],[29.28322506,45.42473721],[29.29297757,45.42565143],[29.30398297,45.42948055],[29.31824756,45.44309413],[29.32570481,45.44584095],[29.33083951,45.44614947],[29.33593833,45.44582474],[29.35208046,45.43448687],[29.35497713,45.43214512],[29.35619164,45.43112087],[29.36010325,45.42341065],[29.36035156,45.42310286],[29.36492896,45.41972065],[29.3916167,45.40600026],[29.40351415,45.40677845],[29.4163177,45.40434074],[29.42180598,45.40772784],[29.44417083,45.40783298],[29.46178532,45.41111255],[29.46964836,45.41605544],[29.47193563,45.41710222],[29.48031771,45.41921902],[29.48182833,45.41972852],[29.49168813,45.41989243],[29.54626071,45.4076066],[29.56540775,45.39823365],[29.58835244,45.38578677],[29.59063816,45.38448656],[29.60588574,45.37453055],[29.62976694,45.3515625],[29.65188575,45.33635557],[29.65750146,45.32797694],[29.66898262,45.30450594],[29.66985762,45.29096806],[29.67447138,45.28110051],[29.67658854,45.26833713],[29.67724812,45.26673234],[29.67898965,45.26363146],[29.68296671,45.25817776],[29.69788492,45.24679041],[29.70534456,45.23874283],[29.72334635,45.22753572],[29.72458434,45.22679591],[29.72715795,45.22468662],[29.72757244,45.22328532],[29.72831917,45.21753442],[29.72822344,45.21684015],[29.72401512,45.21027708],[29.72187054,45.20896435],[29.71737635,45.2090826],[29.71728623,45.21341932],[29.71540642,45.21375108],[29.71638918,45.21663797],[29.71144986,45.21680844],[29.70673525,45.2188189],[29.70610762,45.21872795],[29.70470703,45.21812534],[29.70540976,45.21663904],[29.70273745,45.21162868],[29.69425964,45.21083212],[29.69581962,45.20539224],[29.69254577,45.20521152],[29.69054043,45.20747411],[29.68767703,45.20796704],[29.69102895,45.20357597],[29.69075251,45.20346892],[29.68882871,45.20331013],[29.68618596,45.20309985],[29.68364954,45.20432174],[29.67109275,45.20524025],[29.6644814,45.20824766],[29.66111887,45.20800674],[29.66123712,45.20980728],[29.66033363,45.21048582],[29.6597321,45.21061683],[29.65348184,45.21139383],[29.64344847,45.21099782],[29.63937485,45.21283686],[29.63284683,45.21112096],[29.63217068,45.20813465],[29.62993503,45.20604312],[29.62993431,45.20577741],[29.637379708276242,45.1809667],[29.7654833,45.1809667],[29.8523333,45.18725],[29.9927167,45.1912333],[30.0401333,45.0892333],[30.9787,44.7770833],[31.17495,44.7374],[31.4100333,44.04795],[31.3325667,43.4515167],[39.99294354517153,43.38556306730128],[39.98111367,43.38981223],[39.96824396,43.39708734],[39.96003985,43.39950812],[39.95252657,43.39852774],[39.94930291,43.39960325],[39.94436896,43.40508306],[39.93972504,43.40658104],[39.93782938,43.40979934],[39.93447864,43.41217232],[39.92623532,43.41506183],[39.92470765,43.41735387],[39.92321181,43.41639662],[39.91758502,43.4211843],[39.91142046,43.42985976],[39.90137303,43.44739556],[39.88751078,43.48786616],[39.88019693,43.49872744],[39.87039721,43.50481105],[39.86070454,43.51292431],[39.85053885,43.51202488],[39.84286726,43.52062225],[39.82494032,43.53064597],[39.80554855,43.53694665],[39.79039621,43.54283452],[39.78581882,43.54570734],[39.77459586,43.54884982],[39.76841474,43.55167723],[39.75440502,43.56133854],[39.73714292,43.56615031],[39.73098326,43.56902301],[39.72613871,43.57403195],[39.71806932,43.57911944],[39.71667874,43.58329618],[39.71468461,43.58322656],[39.70127344,43.61933815],[39.69107723,43.63150835],[39.68444753,43.63508618],[39.68023264,43.63903666],[39.67444921,43.64038253],[39.66283453,43.64732134],[39.65700674,43.64837372],[39.64672685,43.65371895],[39.64328647,43.65370035],[39.63280416,43.65732145],[39.62856305,43.65727294],[39.62195396,43.66207945],[39.60785615,43.66743124],[39.59398246,43.68672395],[39.59032488,43.69379294],[39.58123505,43.70373631],[39.56986022,43.71188974],[39.56931841,43.71360898],[39.55660725,43.72061586],[39.54929864,43.72702956],[39.53874946,43.73333645],[39.50828683,43.75839043],[39.46519995,43.78570914],[39.457937,43.79518735],[39.44919682,43.80264723],[39.44372773,43.81205535],[39.44169331,43.81281424],[39.43312752,43.82296145],[39.42496145,43.82970607],[39.42155266,43.83042896],[39.41677415,43.83416116],[39.41500556,43.8379426],[39.40064895,43.85512257],[39.39488626,43.85776365],[39.3860774,43.86736464],[39.38198566,43.86875641],[39.37632716,43.87287354],[39.36780691,43.88110495],[39.35010874,43.89412272],[39.34580672,43.89657426],[39.33423162,43.89861822],[39.32907867,43.90225744],[39.30683506,43.93110812],[39.29498684,43.94261551],[39.28351617,43.94932246],[39.27041256,43.95315433],[39.26322877,43.95735037],[39.25046742,43.97035801],[39.24596477,43.97256541],[39.24359965,43.97519004],[39.22952485,43.97911966],[39.22150517,43.98566294],[39.20944595,43.99311483],[39.19837594,43.99831307],[39.18653142,44.00060964],[39.18013406,44.00497258],[39.17818916,44.0078361],[39.16445172,44.01324916],[39.16089582,44.01763284],[39.15257573,44.01983964],[39.14985144,44.0216614],[39.14836633,44.02503967],[39.13103533,44.04454446],[39.10969532,44.06164062],[39.08957756,44.08161032],[39.08126235,44.08663964],[39.07387435,44.08615828],[39.07806933,44.08929932],[39.07667315,44.09009981],[39.07436371,44.08840072],[39.07249212,44.08903217],[39.07558012,44.09026062],[39.07517982,44.09260046],[39.06626844,44.09498],[39.0597347,44.09086311],[39.05840325,44.09222591],[39.06248391,44.09692585],[39.05891871,44.09647584],[39.05695426,44.09391642],[39.05641067,44.09608364],[39.05241716,44.09780467],[39.0476917,44.09601521],[39.03855431,44.09520102],[39.03510284,44.09729505],[39.03128934,44.10289371],[39.03235245,44.11007237],[39.03116572,44.12346637],[39.02402496,44.13648725],[39.01254284,44.14961815],[39.00182486,44.15643692],[38.99846077,44.16154516],[38.99235916,44.16214645],[38.98315704,44.16681111],[38.97613466,44.16877723],[38.97056806,44.16901267],[38.96032906,44.16675365],[38.94795907,44.17118561],[38.94449925,44.17362535],[38.93855262,44.17464221],[38.93630457,44.17903376],[38.91011822,44.18670046],[38.90093708,44.18534064],[38.88601363,44.18643463],[38.88390255,44.19180691],[38.88030136,44.19421625],[38.87283075,44.19396687],[38.86674011,44.19654357],[38.86213326,44.20130587],[38.85905731,44.20824575],[38.85216713,44.21359932],[38.85130405,44.21805131],[38.84707153,44.22358835],[38.83971846,44.22854352],[38.84065115,44.23254681],[38.83614552,44.23777378],[38.83275163,44.2396003],[38.8251847,44.23923731],[38.81952691,44.24462545],[38.81864297,44.2456876],[38.82016766,44.25021482],[38.81750155,44.25647354],[38.80278826,44.27246094],[38.79121816,44.281129],[38.78666186,44.28235793],[38.78376687,44.28485453],[38.77575135,44.28819585],[38.76881087,44.28974354],[38.76266563,44.29257882],[38.75861633,44.29273546],[38.75437534,44.29734123],[38.75202358,44.29752088],[38.75111651,44.29900324],[38.74658811,44.30072534],[38.73908246,44.30154431],[38.73014212,44.29917777],[38.71495211,44.30025256],[38.70890582,44.30191934],[38.70217621,44.30833542],[38.69967055,44.30926025],[38.69001651,44.3080523],[38.66505003,44.31398892],[38.65725076,44.31972587],[38.65039146,44.31869638],[38.63427818,44.32108581],[38.63197172,44.32174754],[38.63044083,44.32526577],[38.62622261,44.32905555],[38.61817205,44.33289826],[38.60928881,44.33154857],[38.60378754,44.33277547],[38.60285497,44.3344264],[38.59093475,44.34119904],[38.57850301,44.34645915],[38.56777501,44.34945166],[38.53718185,44.35391045],[38.53500772,44.35631037],[38.53115487,44.35721946],[38.52391112,44.35742784],[38.52222204,44.35549986],[38.51979172,44.35495567],[38.47294784,44.36681664],[38.46411002,44.36795914],[38.45021367,44.36781895],[38.44484091,44.36933267],[38.44048858,44.36860907],[38.43219554,44.36998975],[38.41595554,44.37496984],[38.40838516,44.37498486],[38.39828062,44.37030184],[38.39378202,44.37050724],[38.38735104,44.36792791],[38.37507427,44.36885416],[38.36249912,44.37173676],[38.34555936,44.37896085],[38.34190416,44.37899864],[38.33984065,44.38188148],[38.33973372,44.38496256],[38.33533704,44.38674748],[38.33530402,44.38855648],[38.3203125,44.39257812],[38.30395412,44.4032675],[38.29205573,44.4076128],[38.28287375,44.41007912],[38.27808964,44.40996003],[38.25854564,44.41307986],[38.25136161,44.41291523],[38.23797715,44.41024005],[38.23187816,44.40995085],[38.22528172,44.41147292],[38.22145212,44.41077554],[38.20180166,44.41704202],[38.20050263,44.42237425],[38.19188261,44.42972195],[38.19031966,44.43373716],[38.17330313,44.44798386],[38.16341662,44.45299804],[38.15521765,44.45497155],[38.15131521,44.45762873],[38.15149546,44.46184516],[38.14667976,44.4638288],[38.14392626,44.46682036],[38.1428442,44.47582555],[38.13541961,44.48110151],[38.13160324,44.4885993],[38.13307524,44.49084926],[38.13178062,44.49488735],[38.12565875,44.50160325],[38.11810362,44.50434113],[38.10955536,44.51403451],[38.10285735,44.51725245],[38.09891474,44.52157986],[38.08346236,44.53259933],[38.06183696,44.54301536],[38.05663073,44.54712784],[38.04836917,44.54997957],[38.05101025,44.5534023],[38.05685115,44.55609667],[38.06368518,44.55629981],[38.06805074,44.55531025],[38.07493854,44.55755591],[38.07625258,44.56382561],[38.06455314,44.57681477],[38.0534147,44.58339667],[38.0473088,44.58497167],[38.03578258,44.58539116],[38.02561808,44.58220124],[38.02296197,44.57986414],[38.02313006,44.57740665],[38.02569616,44.57431865],[38.02886617,44.57340443],[38.02961707,44.57116473],[38.02857101,44.57043886],[38.0320245,44.56860745],[38.03174925,44.56670392],[38.03380144,44.56657684],[38.02844656,44.55980265],[38.0245589,44.56025577],[38.01948714,44.56270945],[38.01780355,44.56173992],[38.01229775,44.56331158],[38.00619066,44.56334317],[37.9992882,44.56664705],[37.99477506,44.56693745],[37.99230671,44.56868875],[37.98836577,44.56730211],[37.98396134,44.56811202],[37.98387027,44.57414794],[37.98042595,44.57615185],[37.97668254,44.57433474],[37.97085571,44.57606626],[37.95696604,44.58741546],[37.9531883,44.58879626],[37.95108497,44.59136307],[37.94860566,44.5912075],[37.94671202,44.59478045],[37.9397428,44.59769285],[37.93499172,44.60213172],[37.93257225,44.60218465],[37.93054712,44.60507774],[37.91680956,44.61621976],[37.90475976,44.63053167],[37.90489864,44.63332903],[37.91002595,44.63701642],[37.92301214,44.64073324],[37.93137562,44.6452589],[37.93147445,44.64885426],[37.91945565,44.65862811],[37.91362631,44.66620302],[37.90115428,44.67103601],[37.89753497,44.67410707],[37.88579333,44.67861474],[37.88010538,44.67959213],[37.87753415,44.68432724],[37.8616482,44.69439316],[37.85883594,44.69823468],[37.85052252,44.70460415],[37.83861601,44.7054702],[37.83997071,44.70721865],[37.84463155,44.70685732],[37.8447051,44.70829105],[37.84279716,44.70949638],[37.83710635,44.70938301],[37.84188986,44.71135128],[37.84216475,44.71411133],[37.83720696,44.71659565],[37.83087385,44.71487832],[37.82986903,44.71633744],[37.83134437,44.71700203],[37.83121157,44.72003734],[37.82137811,44.72071505],[37.82198465,44.72353864],[37.82030535,44.7242521],[37.81835294,44.72106016],[37.81131816,44.71794796],[37.80694056,44.71736836],[37.80685365,44.71863151],[37.81488276,44.72077835],[37.81689107,44.72303736],[37.80896914,44.72132051],[37.80647278,44.72339344],[37.80139554,44.72181702],[37.80670834,44.7255671],[37.80569804,44.72786963],[37.80224681,44.72679591],[37.80057597,44.72807264],[37.80124605,44.73347163],[37.79713833,44.73321903],[37.79914415,44.73052931],[37.79809105,44.72881532],[37.79578698,44.72822344],[37.79049873,44.73363054],[37.79210377,44.72864461],[37.78835034,44.72810483],[37.78510225,44.73099935],[37.78733945,44.7281357],[37.77988327,44.72572434],[37.77762771,44.7222234],[37.77965152,44.72094595],[37.78578675,44.72251666],[37.78425527,44.71956563],[37.78785455,44.71847546],[37.78516245,44.71525276],[37.78513408,44.71279693],[37.78955162,44.70739472],[37.78947937,44.69626701],[37.79476762,44.69171596],[37.79754198,44.6913017],[37.79812932,44.68783331],[37.80370712,44.68490493],[37.80744421,44.68043232],[37.81049264,44.68031657],[37.81039023,44.67892635],[37.80029571,44.67606735],[37.79950333,44.67329621],[37.80316186,44.67055905],[37.79316485,44.66322541],[37.78479898,44.66218185],[37.76862466,44.65652645],[37.76510096,44.65632355],[37.76211655,44.65354002],[37.7570914,44.65407574],[37.753214,44.65267205],[37.74577665,44.6525352],[37.73673761,44.64971375],[37.73128128,44.65030694],[37.72558856,44.64906764],[37.71400154,44.65101588],[37.7069422,44.65340376],[37.69829011,44.65218127],[37.6929605,44.65667033],[37.68257785,44.65850258],[37.67980134,44.66152286],[37.66542804,44.66650867],[37.65214348,44.66872418],[37.63399434,44.66984975],[37.6171875,44.66545761],[37.60887384,44.66615856],[37.60567474,44.66760373],[37.59663475,44.66845751],[37.59510636,44.6677407],[37.59283233,44.66891503],[37.57470584,44.67145205],[37.56139421,44.67815161],[37.55372834,44.67609251],[37.54754984,44.67597115],[37.54426002,44.67771423],[37.53040683,44.68090141],[37.52754283,44.68370116],[37.51698434,44.68586874],[37.51194584,44.68962026],[37.50753415,44.68976247],[37.49378645,44.69472575],[37.48658597,44.69358802],[37.48259437,44.69423807],[37.47844434,44.69719291],[37.47511065,44.70241284],[37.46671236,44.70616353],[37.45703614,44.70767117],[37.45566487,44.70627284],[37.45511174,44.70995581],[37.44421482,44.71661043],[37.44035327,44.72257745],[37.43536496,44.7267338],[37.42821515,44.72844815],[37.41935301,44.73369372],[37.41957295,44.73490417],[37.4178735,44.73448586],[37.41210043,44.73855984],[37.40837622,44.7395308],[37.40833414,44.74347484],[37.40120351,44.75215673],[37.3976382,44.75421345],[37.38790655,44.75644302],[37.38553572,44.75821221],[37.38264287,44.75805187],[37.38152325,44.75616026],[37.37704253,44.75845683],[37.38277924,44.75889313],[37.38625693,44.76182795],[37.38152277,44.78398275],[37.37642634,44.78754151],[37.37308311,44.79352343],[37.35715318,44.81258893],[37.34789252,44.81896663],[37.34449112,44.82421875],[37.34158897,44.82587683],[37.34016085,44.82993853],[37.34152162,44.84472644],[37.33965576,44.84891737],[37.32534266,44.86317837],[37.32603466,44.86370003],[37.30984163,44.87602532],[37.29635882,44.89073384],[37.29610956,44.89222085],[37.29856706,44.89348245],[37.29884124,44.89645636],[37.30272555,44.89849734],[37.30608773,44.89955056],[37.3096081,44.89657175],[37.31372082,44.89845657],[37.31790972,44.90281486],[37.31937706,44.90732324],[37.31761444,44.92110348],[37.30334735,44.94152772],[37.29790163,44.94466925],[37.28580034,44.95729756],[37.26168633,44.97568822],[37.23705196,44.98991263],[37.2159425,45],[37.20845544,45.00471687],[37.19910431,45.00799525],[37.18815172,45.01314294],[37.18692231,45.01470053],[37.18231714,45.01581395],[37.1442945,45.03348207],[37.14157784,45.03348827],[37.09925985,45.04839337],[37.04004335,45.06419778],[37.03860664,45.06565917],[36.99467695,45.07540476],[36.90180457,45.10484374],[36.86110008,45.11321437],[36.81731212,45.11817801],[36.8036226,45.11820436],[36.77347386,45.11448956],[36.75117493,45.1137892],[36.74623787,45.11184013],[36.74383032,45.10912895],[36.73563325,45.10919332],[36.73005044,45.11162651],[36.72680914,45.11603296],[36.71576714,45.12026155],[36.71123517,45.12038743],[36.66864252,45.1325711],[36.65288997,45.13481426],[36.65219307,45.13496494],[36.64617491,45.13751304],[36.64186931,45.13830864],[36.63322794,45.14039302],[36.6332195,45.14074321],[36.63321805,45.14080358],[36.61935568,45.16006982],[36.61955476,45.16326463],[36.61579132,45.16649723],[36.61645424,45.1715101],[36.61462498,45.17510533],[36.61411762,45.18214405],[36.60735846,45.18886256],[36.59729874,45.19522548],[36.60199368,45.20337522],[36.60298765,45.21033287],[36.60581398,45.21241152],[36.60675001,45.21287823],[36.60746634,45.21302986],[36.61055005,45.21049094],[36.60734475,45.20992315],[36.60760343,45.2089709],[36.60783756,45.20873141],[36.61088514,45.20860922],[36.61415601,45.20944643],[36.61660516,45.21221888],[36.6213181,45.21096826],[36.63837326,45.21686697],[36.65214443,45.2162683],[36.65683401,45.21742177],[36.66404808,45.21961653],[36.6727792,45.22421396],[36.68248844,45.2263205],[36.68921578,45.22596014],[36.69609451,45.22203076],[36.7060256,45.21906006],[36.71828067,45.22008216],[36.7272042,45.21826828],[36.73469746,45.21881723],[36.73545766,45.21896303],[36.74699211,45.22268224],[36.75565791,45.22730804],[36.76121616,45.2325381],[36.76459014,45.24046087],[36.7770195,45.23893464],[36.76895106,45.23935914],[36.77050138,45.23584712],[36.77356791,45.23480678],[36.77990746,45.23719573],[36.77818835,45.23933196],[36.78210223,45.23922014],[36.82478917,45.24721551],[36.85350203,45.24743426],[36.86694062,45.24912012],[36.89224255,45.25638723],[36.8945502,45.25417805],[36.89551985,45.25377715],[36.89841604,45.25367868],[36.89891183,45.25379765],[36.90084553,45.25533664],[36.90093315,45.25627911],[36.90043402,45.25829792],[36.89764071,45.25821412],[36.89780557,45.25868154],[36.89912558,45.26042676],[36.91067946,45.26988697],[36.91123045,45.27008355],[36.95918941,45.27784884],[36.97614253,45.27916527],[36.98230386,45.28127158],[36.98730457,45.28445876],[36.98875284,45.28730202],[36.99042082,45.28706384],[36.99100387,45.28745556],[36.99159884,45.28833675],[36.99368095,45.29283178],[36.99314654,45.29680443],[36.99294102,45.29745305],[36.98762262,45.30869126],[36.98759973,45.30901325],[36.98879242,45.31282961],[36.98974526,45.31535351],[36.99291217,45.3191359],[36.99335372,45.31945455],[36.99505866,45.31958115],[36.99588466,45.31851184],[37.00009108,45.32093144],[37.00035751,45.32132554],[37.00071084,45.32462025],[36.99617887,45.32642245],[36.99216366,45.32646894],[36.99194777,45.32383525],[36.98956263,45.32351637],[36.97953117,45.32593191],[36.97782147,45.32539415],[36.95812786,45.32856274],[36.93128276,45.3295325],[36.91463041,45.32644355],[36.88152885,45.32246256],[36.84730101,45.31633902],[36.83773732,45.31338668],[36.83503437,45.31363368],[36.82529545,45.3113296],[36.82248557,45.31051743],[36.80290627,45.30276632],[36.79983997,45.30264926],[36.79923665,45.30291235],[36.79691672,45.30625284],[36.79260385,45.31759655],[36.78266633,45.33183217],[36.77910125,45.34060645],[36.77905917,45.35030675],[36.77526724,45.35612595],[36.7699846,45.36085761],[36.76548088,45.37530863],[36.76776791,45.37571073],[36.76968396,45.37461448],[36.76906764,45.36983812],[36.77097595,45.36860251],[36.77987516,45.37403405],[36.78337645,45.37428534],[36.79067361,45.36252725],[36.79795694,45.35605752],[36.80223155,45.35448372],[36.81213212,45.35606146],[36.83990216,45.36777496],[36.84541404,45.37087691],[36.84838843,45.37691152],[36.85098815,45.37740517],[36.85204506,45.37606013],[36.84817004,45.37401986],[36.84836411,45.37264645],[36.85581923,45.37697482],[36.85675478,45.37879622],[36.85588133,45.37983573],[36.84775233,45.38138795],[36.81591594,45.38157475],[36.81562996,45.38514876],[36.81925595,45.38509154],[36.82008612,45.38754666],[36.81821263,45.38799083],[36.81590176,45.38651228],[36.81491184,45.38920152],[36.80863345,45.39126325],[36.78800857,45.39269853],[36.78546596,45.39588165],[36.785272,45.39859676],[36.77726793,45.40668118],[36.76859558,45.4124794],[36.76264834,45.41471183],[36.74592972,45.39467263],[36.74467254,45.38935804],[36.74149156,45.38837361],[36.74152458,45.38607943],[36.73850691,45.38515162],[36.73626673,45.38229072],[36.73459494,45.37961471],[36.73584676,45.37456763],[36.73134816,45.37434041],[36.73439872,45.37143123],[36.73177695,45.37097967],[36.72363961,45.36593664],[36.72325003,45.36451995],[36.72605336,45.36247551],[36.72257113,45.36186636],[36.72194386,45.36060262],[36.72537994,45.35880685],[36.72517776,45.35857654],[36.72267747,45.35842025],[36.72009635,45.36042512],[36.71944845,45.35528851],[36.71725738,45.35408664],[36.71553016,45.35641646],[36.71444905,45.35413611],[36.71142256,45.35226798],[36.71166587,45.34742355],[36.71005738,45.34904301],[36.70851231,45.3476125],[36.70650864,45.35013473],[36.70486367,45.34702635],[36.70108295,45.34596348],[36.70068514,45.34540224],[36.69734955,45.33639264],[36.69595814,45.33672047],[36.69451094,45.33998895],[36.6930263,45.33870673],[36.69339454,45.33632636],[36.6908468,45.33854556],[36.69017887,45.3347069],[36.68499863,45.33405447],[36.68104994,45.33533371],[36.67981458,45.33428741],[36.67874944,45.3348608],[36.67381835,45.33129251],[36.67489684,45.32935774],[36.65817153,45.31796253],[36.66522968,45.32820165],[36.66449475,45.32903373],[36.65883946,45.32500434],[36.65110183,45.31571627],[36.64790213,45.31695497],[36.64281166,45.31155932],[36.63963294,45.31136584],[36.63230324,45.30604458],[36.63038647,45.30788505],[36.62887335,45.30592895],[36.62673044,45.30659366],[36.62375498,45.3047173],[36.62274134,45.30483878],[36.62246466,45.30536997],[36.62268138,45.30617225],[36.62659597,45.30947304],[36.62733996,45.30999482],[36.63695467,45.3155092],[36.64022124,45.31995976],[36.64382458,45.32090425],[36.64406836,45.32294905],[36.64922392,45.32366431],[36.65754235,45.32804441],[36.65880871,45.32987833],[36.65739393,45.33475065],[36.65765262,45.33494592],[36.66114986,45.33377957],[36.6660341,45.33533824],[36.66636181,45.33580375],[36.66559064,45.34198666],[36.66842043,45.33669126],[36.67153335,45.33938944],[36.67133605,45.34284174],[36.68184614,45.34518743],[36.69433594,45.3515625],[36.69518006,45.3515625],[36.71821833,45.3665719],[36.72095835,45.36900115],[36.74122834,45.39117813],[36.76805258,45.42487144],[36.78573155,45.44219542],[36.78784871,45.44171286],[36.80086637,45.44438672],[36.81046104,45.44390464],[36.82103264,45.44722593],[36.84311914,45.45108688],[36.85664713,45.45105076],[36.85708642,45.45096827],[36.87126291,45.44357896],[36.88992691,45.43811011],[36.90176427,45.43705332],[36.90740454,45.43540156],[36.91396284,45.43506396],[36.9140625,45.43498886],[36.91895938,45.43321335],[36.92419326,45.43300533],[36.92733014,45.42924881],[36.94679332,45.41752756],[37.00134385,45.39009345],[37.03964424,45.37542593],[37.04023147,45.37522554],[37.06179166,45.3683511],[37.08274543,45.36260676],[37.10011363,45.35925233],[37.10612023,45.35690987],[37.10970581,45.35683417],[37.17155027,45.34117782],[37.17598426,45.34102118],[37.19959092,45.33544636],[37.22681928,45.33239496],[37.23098326,45.33203125],[37.265625,45.33175206],[37.26932085,45.33172035],[37.29227781,45.32960594],[37.32994783,45.32989085],[37.33571625,45.33016968],[37.34761214,45.33236778],[37.34832394,45.33253241],[37.36048925,45.33643365],[37.36959124,45.33024526],[37.3755269,45.32443881],[37.37555027,45.32245934],[37.37204516,45.32092905],[37.37408197,45.32004666],[37.37489164,45.32161474],[37.3784641,45.32269454],[37.38234365,45.31860197],[37.38283944,45.31868374],[37.38397396,45.31955814],[37.38089252,45.32186401],[37.38362956,45.32425761],[37.38235331,45.32483876],[37.38029671,45.32336211],[37.37778854,45.32369435],[37.37598693,45.32670605],[37.36812723,45.33133054],[37.36620104,45.33420634],[37.37131858,45.33417571],[37.37720954,45.33612251],[37.38234735,45.34040463],[37.38354075,45.33740497],[37.39268851,45.33761954],[37.38483715,45.3458755],[37.38410306,45.34840608],[37.38481343,45.34931326],[37.38915241,45.34959924],[37.38954282,45.3515625],[37.39611995,45.35254276],[37.40484834,45.35050404],[37.40422702,45.35226202],[37.40603375,45.35286987],[37.41467881,45.35304892],[37.42143285,45.34732246],[37.42664623,45.34868956],[37.43045843,45.34724605],[37.44990861,45.34656775],[37.47249365,45.35420275],[37.5075531,45.37025344],[37.52039015,45.37503493],[37.52941775,45.37955451],[37.53006124,45.38132715],[37.53035855,45.38154352],[37.53504527,45.38338423],[37.53907573,45.38664424],[37.54593623,45.38963366],[37.56035566,45.39975345],[37.56819296,45.40903425],[37.572281,45.41013205],[37.57477808,45.41632116],[37.57762003,45.4171586],[37.58316112,45.4234097],[37.58271456,45.42508757],[37.58626056,45.42844462],[37.58656454,45.42913592],[37.58611751,45.4320749],[37.58758283,45.43437505],[37.58788824,45.43471432],[37.59072423,45.43534291],[37.59139454,45.43616223],[37.59158254,45.43685436],[37.59132278,45.43844414],[37.58812106,45.44200397],[37.59162796,45.44468117],[37.59305334,45.44865441],[37.59657836,45.45197916],[37.59686768,45.45259321],[37.60257006,45.46724105],[37.60396862,45.47565305],[37.60619533,45.47782552],[37.60734785,45.48431206],[37.60592091,45.48562515],[37.60540557,45.48554707],[37.60348988,45.47719836],[37.60315454,45.47675681],[37.60013354,45.47591555],[37.59873605,45.47724092],[37.59935415,45.49092412],[37.60184646,45.49311066],[37.60020006,45.49699831],[37.60184944,45.50203264],[37.59935224,45.50660861],[37.59970856,45.52734375],[37.59966898,45.52734375],[37.59847462,45.58998322],[37.60011005,45.61553097],[37.60366082,45.64044094],[37.60952091,45.65526736],[37.61139691,45.65880656],[37.61538982,45.66441333],[37.6171875,45.66573656],[37.62041724,45.66916204],[37.63735914,45.68047881],[37.65122461,45.68727505],[37.68058884,45.69619727],[37.7159276,45.703125],[37.72208834,45.70390511],[37.72246516,45.70401955],[37.75528526,45.71556962],[37.75888812,45.71948135],[37.76482177,45.72319353],[37.76536322,45.72486305],[37.76360965,45.72752535],[37.76628363,45.73192203],[37.77014506,45.73454463],[37.77514696,45.73577476],[37.77823293,45.74046564],[37.78563714,45.74468458],[37.79117143,45.74444962],[37.79416013,45.74546647],[37.80058181,45.74474645],[37.8032763,45.74635744],[37.81972945,45.74660885],[37.82625866,45.74974275],[37.8336333,45.75571883],[37.85081315,45.78198016],[37.86178064,45.80290306],[37.86603546,45.81209016],[37.87456286,45.83212698],[37.88641012,45.86358094],[37.89124644,45.87890625],[37.89178312,45.87890625],[37.90272105,45.91206956],[37.91828275,45.95391321],[37.9281435,45.97697127],[37.93212223,45.98406756],[37.93413115,45.98485124],[37.93735206,45.99376321],[37.94158173,45.99945974],[37.94483185,46.00124848],[37.94477296,46.00424325],[37.94517636,46.00488496],[37.9535557,46.01601565],[37.96875,46.03125],[37.97319257,46.03415406],[37.9886595,46.04106605],[37.98999012,46.03937066],[38.00818503,46.04540563],[38.01390052,46.04694307],[38.02497518,46.04931915],[38.03596652,46.05106747],[38.04190862,46.05106032],[38.06816256,46.05573666],[38.09377503,46.05884325],[38.10248554,46.05884325],[38.11398685,46.05485916],[38.11426544,46.0546875],[38.11678886,46.05197775],[38.11783016,46.04831338],[38.11856055,46.0435667],[38.11856055,46.0376873],[38.11783242,46.03419817],[38.11419022,46.02965915],[38.11017406,46.02958715],[38.10243988,46.02539062],[38.09843123,46.02539062],[38.09072173,46.02003872],[38.09061432,46.01632237],[38.08773446,46.01411593],[38.07683396,46.0143187],[38.07342494,46.01097322],[38.07350075,46.00675166],[38.07728922,46.00532293],[38.07969964,46.00663745],[38.07800198,46.0046339],[38.0736593,46.00547683],[38.07187045,46.00069344],[38.07365751,45.99236774],[38.07558227,45.98975134],[38.07717896,45.99043846],[38.07983136,45.98816133],[38.08154416,45.98820317],[38.0819844,45.98651314],[38.08436203,45.98720014],[38.08704734,45.97975314],[38.08503604,45.97715926],[38.08146465,45.97605598],[38.07901931,45.97627354],[38.08010066,45.97820556],[38.07197523,45.97559023],[38.07761824,45.97613871],[38.07892716,45.97538471],[38.07708931,45.97326112],[38.07477307,45.97441876],[38.07036054,45.97395337],[38.07018363,45.97284365],[38.07231116,45.97215736],[38.07276547,45.97296333],[38.07328212,45.97122383],[38.07056546,45.97125947],[38.06700563,45.96873212],[38.06934166,45.96676362],[38.07196856,45.96816826],[38.07364821,45.96603787],[38.07571602,45.9667567],[38.08776498,45.96586835],[38.08987772,45.96440685],[38.09297252,45.96432555],[38.09375572,45.95533836],[38.09142685,45.95346928],[38.09372234,45.95266235],[38.09311795,45.95100963],[38.09499145,45.94981527],[38.09523225,45.94764864],[38.08954394,45.94330955],[38.08581972,45.94214213],[38.08482432,45.93997824],[38.08642674,45.93984091],[38.09675205,45.94620585],[38.09952021,45.94961894],[38.10364985,45.94886875],[38.10452104,45.95062053],[38.10710084,45.95032585],[38.10735857,45.95051777],[38.10498071,45.95318496],[38.10900426,45.95420217],[38.11559725,45.96044505],[38.11793137,45.96730661],[38.12014103,45.96895421],[38.11956072,45.97252345],[38.12396145,45.98145425],[38.12421525,45.98533344],[38.13151705,45.99003232],[38.14776194,45.99432731],[38.15391052,46.00379515],[38.1538372,46.01821578],[38.1476202,46.03522074],[38.15099442,46.03172171],[38.14908624,46.03776383],[38.15868676,46.04691505],[38.16728103,46.05771792],[38.17867947,46.07744372],[38.18028843,46.08422387],[38.18085516,46.10507143],[38.18525171,46.11426675],[38.19286525,46.12316144],[38.20661891,46.13246453],[38.22616816,46.14249372],[38.23350155,46.14852595],[38.23681498,46.14930892],[38.24396825,46.15784383],[38.24852216,46.18458211],[38.24875534,46.21541774],[38.25273526,46.23046875],[38.25258017,46.23046875],[38.25262344,46.2311269],[38.25987995,46.24679124],[38.2624675,46.25041652],[38.26677632,46.25519133],[38.27486062,46.26041555],[38.27904475,46.262079],[38.28272843,46.26210845],[38.28453934,46.26201081],[38.28484321,46.26179647],[38.28678691,46.25965464],[38.28721416,46.25844073],[38.28721011,46.25500977],[38.28487635,46.24869633],[38.28434515,46.24090016],[38.27803445,46.23484528],[38.27688861,46.23284817],[38.27677035,46.23046875],[38.2764678,46.23046875],[38.27757311,46.22768021],[38.27725065,46.22700393],[38.27546716,46.22635865],[38.27507365,46.22635341],[38.2703526,46.22844994],[38.26576757,46.22782683],[38.26160383,46.22575796],[38.26078224,46.22520626],[38.25779831,46.21791112],[38.25906897,46.21410036],[38.26108825,46.21315432],[38.25430512,46.21376085],[38.25320816,46.20864582],[38.25468945,46.20677507],[38.25227273,46.20507967],[38.25423264,46.20343077],[38.25377357,46.19985211],[38.25507271,46.1986345],[38.25299478,46.19465077],[38.2595551,46.19404423],[38.26273203,46.19246244],[38.26363623,46.19067585],[38.26239455,46.18795776],[38.26636934,46.18170643],[38.26556945,46.17849672],[38.25756204,46.17424655],[38.25397801,46.17071915],[38.26135385,46.16384113],[38.26484287,46.16333878],[38.26619232,46.16454697],[38.26740277,46.1617254],[38.25616097,46.15468586],[38.25652361,46.15437508],[38.26112032,46.15413404],[38.26325941,46.15236688],[38.27088094,46.15632462],[38.27516091,46.15600014],[38.27856636,46.15196681],[38.27756977,46.15126407],[38.27332473,46.15197122],[38.27828395,46.14678335],[38.28395474,46.14642978],[38.28123975,46.15035594],[38.28624392,46.14868414],[38.30147362,46.13718295],[38.31045628,46.13362002],[38.3203125,46.12723207],[38.32583046,46.12407076],[38.33387685,46.11821461],[38.35539246,46.09720838],[38.36040306,46.09323692],[38.36272025,46.09182405],[38.37088835,46.08963811],[38.37620115,46.09106743],[38.37552893,46.08971047],[38.37986696,46.08824086],[38.38955545,46.07775414],[38.39866447,46.07058191],[38.40598035,46.06644213],[38.45787108,46.04372084],[38.47291768,46.03992903],[38.47914994,46.03992903],[38.48893726,46.04234922],[38.50375354,46.04385436],[38.52140331,46.05268002],[38.52568674,46.05351615],[38.53886652,46.04877102],[38.55184495,46.04609573],[38.56946528,46.03853393],[38.58110726,46.03883886],[38.58070695,46.04067504],[38.57664192,46.04180551],[38.58236635,46.04240823],[38.58740342,46.0546875],[38.58230495,46.08270144],[38.58025765,46.08539367],[38.58272076,46.08743215],[38.58067572,46.09192264],[38.5815227,46.09451365],[38.57743251,46.10029936],[38.57740843,46.10273826],[38.56873751,46.11402547],[38.55663288,46.11693704],[38.54328454,46.12284803],[38.53312945,46.12881577],[38.51977122,46.14016914],[38.51482832,46.13962901],[38.51107883,46.13719273],[38.51124632,46.13990748],[38.49635422,46.14251006],[38.48546445,46.14539766],[38.47932458,46.14725065],[38.47221863,46.15042245],[38.46365035,46.15676427],[38.45477486,46.16180468],[38.45088017,46.16372633],[38.43715215,46.16912305],[38.41111982,46.18234384],[38.40900636,46.18328524],[38.39330971,46.18840146],[38.35911834,46.20204568],[38.34384382,46.2109375],[38.33870256,46.21421218],[38.3203125,46.22739947],[38.3203125,46.22795761],[38.31508315,46.23046875],[38.31507134,46.23046875],[38.29188526,46.24387824],[38.29003215,46.25872755],[38.28661132,46.2648735],[38.28099871,46.27301931],[38.27672172,46.27715123],[38.22449982,46.32083595],[38.22417665,46.32161355],[38.23034155,46.31756485],[38.23109555,46.32569182],[38.22762644,46.32559276],[38.22323704,46.32383811],[38.22379136,46.32190955],[38.21905208,46.32396615],[38.20173311,46.337152],[38.17741466,46.35402501],[38.16368175,46.36300206],[38.14787567,46.37246227],[38.13448083,46.37978315],[38.11065078,46.39182341],[38.11005735,46.39208913],[38.09878075,46.39643157],[38.09831202,46.39655864],[38.07854545,46.40073645],[38.06630576,46.40203524],[38.05402005,46.40262282],[38.02838945,46.40273285],[38.02316332,46.40183973],[38.02079904,46.4033066],[38.02174544,46.40502143],[38.01793635,46.40625],[38.01648796,46.40625],[38.01658285,46.406672],[38.01019931,46.40813613],[38.00800264,46.40841532],[37.99484396,46.40931904],[37.98486614,46.40708935],[37.98371875,46.40625],[37.98366725,46.40625],[37.97786212,46.40341628],[37.97765481,46.40327275],[37.97139716,46.39781713],[37.97119415,46.3975296],[37.97242951,46.39654422],[37.97332001,46.39667904],[37.97691691,46.39858818],[37.97924936,46.39677095],[37.98004174,46.40035844],[37.98573875,46.39940405],[37.98434412,46.39189196],[37.99194872,46.38553011],[37.99147332,46.38087356],[37.99671745,46.37968195],[37.99693894,46.37518394],[37.99921155,46.37576973],[37.99785197,46.38179207],[37.99953258,46.38273931],[38.00450706,46.37670755],[38.00867712,46.37402678],[38.01137567,46.37448323],[38.01207495,46.37409794],[38.01216924,46.37358916],[38.0095098,46.37242341],[38.00941026,46.36953247],[38.00838041,46.36860204],[38.00303066,46.36558092],[37.99670804,46.36387146],[37.99320304,46.36390614],[37.99062026,46.3640573],[37.98383796,46.36584401],[37.97042656,46.37349296],[37.96875,46.37472093],[37.94811141,46.38861716],[37.9187572,46.40625],[37.91817987,46.40625],[37.91645467,46.4074018],[37.89324856,46.42559302],[37.88868952,46.43016231],[37.87200618,46.44859564],[37.86881793,46.45494914],[37.85513747,46.47244143],[37.84901226,46.48367751],[37.83672643,46.50059855],[37.81896961,46.53060055],[37.80899274,46.54870474],[37.80036402,46.56515086],[37.79317105,46.58203125],[37.79296875,46.58203125],[37.78683627,46.5950495],[37.77884185,46.60882401],[37.75473332,46.66170478],[37.74177814,46.67614043],[37.73593736,46.67979491],[37.72764945,46.68733156],[37.72781158,46.68741906],[37.79723251,46.6537683],[37.80528116,46.65044546],[37.81636024,46.64767218],[37.82273555,46.64626992],[37.86903906,46.63805008],[37.87002242,46.63790286],[37.89474201,46.63507414],[37.90602887,46.63420761],[37.93444622,46.63309145],[37.95997834,46.63316596],[37.96875,46.63364947],[37.99978256,46.63509774],[38.03910792,46.64056766],[38.04021704,46.64077306],[38.05056405,46.64347422],[38.05953681,46.64672184],[38.06136763,46.64758873],[38.07254672,46.65510166],[38.09087718,46.66480541],[38.10309601,46.67237556],[38.11843932,46.68358028],[38.12367857,46.68661392],[38.13404047,46.69062674],[38.13904393,46.69202566],[38.14401662,46.6931473],[38.16606414,46.69584096],[38.2211833,46.69896877],[38.23647761,46.70451367],[38.25427484,46.71347344],[38.26582575,46.72078943],[38.26830673,46.72391081],[38.26753652,46.72857904],[38.27022481,46.72701156],[38.2733649,46.72687805],[38.28000295,46.73125541],[38.27859545,46.73318136],[38.28399444,46.73294842],[38.28919113,46.73984015],[38.29205096,46.74123037],[38.29260993,46.74123573],[38.29293633,46.74042988],[38.28792274,46.73392093],[38.28661776,46.72419083],[38.28661776,46.72084248],[38.28795516,46.7082715],[38.29748535,46.69100344],[38.30451786,46.68236947],[38.30483437,46.68202007],[38.31269824,46.67448723],[38.3203125,46.66964281],[38.32597673,46.66661501],[38.3355453,46.6630125],[38.37063813,46.65924466],[38.39207125,46.65544236],[38.42107415,46.65482545],[38.43459046,46.6523143],[38.45618474,46.64571404],[38.46260714,46.64439976],[38.47002876,46.64321852],[38.48251796,46.6417706],[38.49870801,46.64182675],[38.50690424,46.64236522],[38.53094256,46.6556499],[38.54322684,46.65832758],[38.54601586,46.65931153],[38.55125392,46.66289794],[38.55235076,46.66319573],[38.56415284,46.66219521],[38.57210386,46.65981674],[38.59489095,46.66638684],[38.59540558,46.66664755],[38.59685814,46.67341757],[38.60200655,46.68179774],[38.60193372,46.68638384],[38.59956193,46.69557691],[38.59221125,46.71092725],[38.59131002,46.71265245],[38.58511507,46.71985865],[38.57674086,46.72653294],[38.54176295,46.73514652],[38.52471888,46.74340761],[38.52309024,46.74328721],[38.51823008,46.74689281],[38.51120937,46.74993324],[38.50963402,46.75034583],[38.49940944,46.75159836],[38.48942924,46.75033581],[38.48575056,46.74831963],[38.47359824,46.74752104],[38.45777643,46.75482571],[38.45146096,46.75613117],[38.44564331,46.75610805],[38.43372285,46.75365675],[38.42876887,46.75342345],[38.41234064,46.75443494],[38.40899718,46.75370491],[38.40865445,46.75358522],[38.40395594,46.75034654],[38.40237248,46.74869764],[38.40050185,46.74582565],[38.39911306,46.74076414],[38.39866304,46.73814166],[38.39870596,46.72656345],[38.40187657,46.71945536],[38.40162754,46.71946895],[38.39563143,46.72608495],[38.39533246,46.72667491],[38.39383435,46.73269415],[38.39424026,46.74533856],[38.39866304,46.7578125],[38.39852786,46.7578125],[38.41228092,46.80511415],[38.41288376,46.80683851],[38.41715348,46.81636298],[38.42316902,46.82540202],[38.44729316,46.85069716],[38.46220934,46.85929537],[38.48610675,46.86785126],[38.49945748,46.87964976],[38.50005782,46.87970364],[38.50706744,46.87691796],[38.54854453,46.85565245],[38.54865873,46.85546207],[38.56850183,46.85577714],[38.57514405,46.8568933],[38.59149575,46.86046147],[38.61777484,46.86825895],[38.63295925,46.87130594],[38.63611782,46.87171543],[38.65171003,46.87248886],[38.65985751,46.87248886],[38.671875,46.87165165],[38.6723057,46.87161553],[38.69420195,46.86977518],[38.71091366,46.87142015],[38.72866845,46.87615502],[38.74786961,46.88399076],[38.75367117,46.88469291],[38.75901616,46.88370454],[38.77624691,46.88879871],[38.79015291,46.89462864],[38.79308915,46.89443886],[38.80406582,46.89874494],[38.808393,46.90235686],[38.81676865,46.90541291],[38.82493055,46.90382612],[38.83850145,46.90652573],[38.84206235,46.90988827],[38.84892845,46.91176403],[38.8526026,46.9141885],[38.85299754,46.91452813],[38.86369884,46.92607522],[38.86496961,46.93359375],[38.86482561,46.93359375],[38.86594307,46.93814576],[38.86666381,46.93971264],[38.8708266,46.94586158],[38.8777498,46.95141184],[38.8879776,46.95681775],[38.89682662,46.96521413],[38.90443325,46.96781564],[38.90701544,46.96582627],[38.91005313,46.95960283],[38.91629004,46.95654035],[38.92242134,46.95598757],[38.93255854,46.95794964],[38.94993067,46.96553445],[38.95046425,46.96573555],[38.96844435,46.97130656],[38.97380066,46.97354436],[38.98652995,46.97972155],[39.00865245,46.99290633],[39.0234375,47.00306904],[39.02779198,47.00580788],[39.02811801,47.00594711],[39.0456382,47.01201141],[39.05136025,47.01462245],[39.07150364,47.02563965],[39.09077382,47.03121126],[39.10507286,47.04101396],[39.10543346,47.04111695],[39.10632956,47.04046154],[39.1050266,47.03518224],[39.10731494,47.03076446],[39.11194146,47.02754557],[39.11813736,47.02653611],[39.16882932,47.02966225],[39.18675888,47.03428972],[39.19129097,47.03423774],[39.20016384,47.03047824],[39.21332276,47.02748704],[39.23295987,47.01993227],[39.24207497,47.01844466],[39.26336586,47.01793396],[39.29341686,47.01975894],[39.29974031,47.02591467],[39.30274832,47.03258324],[39.30595577,47.05338824],[39.30887687,47.05914342],[39.30032873,47.06007278],[39.29704654,47.05804765],[39.29207623,47.05792034],[39.29007804,47.06145465],[39.29046965,47.06359291],[39.29067135,47.0642364],[39.29557014,47.06999445],[39.30403972,47.07593906],[39.30659723,47.08605552],[39.30479157,47.09362066],[39.30842197,47.10185766],[39.31364048,47.10544193],[39.31596923,47.11025846],[39.32357872,47.11720288],[39.32586861,47.12258625],[39.33005762,47.12436128],[39.34394586,47.12394381],[39.34907162,47.12527084],[39.36133945,47.1258831],[39.36620545,47.12898648],[39.37315607,47.12974334],[39.38333833,47.12553513],[39.38986027,47.11900914],[39.39359724,47.12040234],[39.40001857,47.11916614],[39.41371214,47.12039375],[39.43136513,47.11697173],[39.43883693,47.11872315],[39.43979847,47.12066925],[39.45424604,47.12771475],[39.46122003,47.12561536],[39.46826863,47.11506808],[39.47319472,47.11388445],[39.47793162,47.11370444],[39.47924066,47.1139574],[39.48428381,47.11534512],[39.48512733,47.11618006],[39.48633063,47.11815596],[39.48642051,47.12431431],[39.48447657,47.12656665],[39.48447525,47.12703395],[39.48561954,47.13099694],[39.48767984,47.13464236],[39.4934144,47.13867366],[39.50252283,47.14225471],[39.5091536,47.14254856],[39.52140796,47.14002871],[39.52917564,47.13582373],[39.53664315,47.1339581],[39.54663026,47.13378406],[39.55262411,47.13619018],[39.55848813,47.14132071],[39.56057322,47.14587915],[39.56039596,47.15206957],[39.56064057,47.15199542],[39.56328511,47.14994395],[39.57999754,47.14479387],[39.58133125,47.14180374],[39.59168875,47.13408506],[39.59608734,47.12706602],[39.60174966,47.12345815],[39.61083305,47.12552845],[39.61473632,47.12540674],[39.62068784,47.12043965],[39.62804592,47.1215713],[39.63171232,47.12689805],[39.63196945,47.13259316],[39.63748145,47.13664925],[39.64185905,47.13521755],[39.64954877,47.12156415],[39.65323436,47.12031233],[39.65482545,47.12042844],[39.65667772,47.12074816],[39.65863967,47.12138987],[39.65997541,47.12276185],[39.66027105,47.12317872],[39.66026473,47.12537372],[39.6533885,47.12208128],[39.650635,47.12276447],[39.64408112,47.13496161],[39.63703346,47.13831866],[39.63482165,47.13765085],[39.63036001,47.13270342],[39.63003755,47.12722683],[39.62526608,47.12258065],[39.62088835,47.12256682],[39.61489105,47.12692273],[39.60877025,47.12692344],[39.60345244,47.12564588],[39.60234857,47.12578225],[39.6004045,47.12645376],[39.598369,47.12777793],[39.59391892,47.13494575],[39.57831764,47.14761484],[39.56741643,47.15293133],[39.56451845,47.15378845],[39.56350005,47.15392685],[39.56040704,47.1532284],[39.55815744,47.15330696],[39.55449474,47.1558814],[39.55332172,47.15823805],[39.55367434,47.16209555],[39.55753195,47.16456616],[39.56910884,47.16676426],[39.58768451,47.17320275],[39.59052885,47.17377555],[39.59902692,47.17487228],[39.61715984,47.17413664],[39.6218394,47.17472827],[39.62366354,47.17517817],[39.62774181,47.17843437],[39.63435101,47.18113136],[39.64476645,47.18196487],[39.66531825,47.18799567],[39.67446506,47.19103646],[39.68092597,47.19381154],[39.68161321,47.19420814],[39.68331218,47.19625616],[39.68860257,47.19787824],[39.69773745,47.20673144],[39.70460403,47.20985413],[39.70808017,47.20941985],[39.71122956,47.21174014],[39.74696374,47.21419144],[39.75538802,47.21203268],[39.76458955,47.20680201],[39.77553022,47.20463085],[39.77748525,47.20240486],[39.7907536,47.20317447],[39.79777181,47.20630574],[39.80832791,47.21757674],[39.81648636,47.22107303],[39.81719995,47.22248685],[39.82998228,47.22659886],[39.83780873,47.23046875],[39.84716284,47.23636508],[39.85374975,47.24255502],[39.86159205,47.24633086],[39.87144291,47.24885404],[39.88116622,47.24937046],[39.88441884,47.24860466],[39.88759303,47.24607945],[39.89028966,47.24068356],[39.88863516,47.24001014],[39.88283098,47.24114835],[39.88305426,47.24046886],[39.89674962,47.23734236],[39.91347635,47.22675455],[39.92106473,47.22579312],[39.92631352,47.22656906],[39.93376887,47.23016012],[39.94208407,47.23137724],[39.94677007,47.23536837],[39.97106087,47.24902308],[39.97634845,47.25],[39.98287356,47.25120556],[39.98778137,47.25],[39.99079895,47.24925876],[39.99790132,47.24004543],[40.00287545,47.23708785],[40.01280177,47.2361412],[40.02024567,47.23837066],[40.02476752,47.23823798],[40.02958262,47.23412025],[40.05294454,47.22382045],[40.065696,47.21971405],[40.07418418,47.21881616],[40.07449484,47.21980143],[40.06734955,47.22073257],[40.06595397,47.22198451],[40.07068574,47.22262645],[40.08450425,47.22745895],[40.08963954,47.23506904],[40.09426487,47.23829806],[40.10918403,47.24153781],[40.12576234,47.2499727],[40.12590828,47.25],[40.15531051,47.25550008],[40.16513217,47.25527275],[40.17310214,47.25211775],[40.17508873,47.25],[40.17791212,47.2469902],[40.18030822,47.23733246],[40.18896127,47.22851563],[40.19436598,47.22606444],[40.20165861,47.22463882],[40.2151401,47.22469437],[40.21933115,47.22558796],[40.22982204,47.22885036],[40.23790467,47.23298025],[40.23844445,47.23332334],[40.23902643,47.23485351],[40.24034154,47.2347517],[40.24418247,47.23857105],[40.25004435,47.24173534],[40.25462246,47.24823475],[40.25444034,47.25],[40.25370276,47.25714934],[40.25586116,47.26328838],[40.26547015,47.26962662],[40.28066385,47.27459204],[40.28701246,47.27839077],[40.28734267,47.27867174],[40.29276311,47.28515625],[40.29909992,47.29962945],[40.30431616,47.30477655],[40.30819821,47.3074522],[40.31087816,47.30847192],[40.32290602,47.30948007],[40.33690274,47.31381357],[40.34118915,47.31378806],[40.35645175,47.32050335],[40.35878265,47.32183504],[40.36780274,47.33024096],[40.37177408,47.33410132],[40.37626386,47.34097433],[40.37851441,47.34194636],[40.37810338,47.34549224],[40.380813,47.3535006],[40.38958776,47.36554766],[40.39972734,47.36852825],[40.41294944,47.37058496],[40.41737437,47.37048256],[40.42710936,47.36768317],[40.42150033,47.37034416],[40.4296875,47.37276781],[40.4296875,47.37639511],[40.42948174,47.37639511],[40.42332566,47.37280548],[40.41785765,47.37300503],[40.39658725,47.37013674],[40.39297187,47.37081087],[40.3927381,47.37065566],[40.38370085,47.36328781],[40.37890625,47.35728395],[40.37263322,47.34168971],[40.37169886,47.34002686],[40.36506271,47.33154535],[40.36169136,47.32873154],[40.35292113,47.32230306],[40.35025501,47.32055497],[40.33903766,47.31618536],[40.31099796,47.31213963],[40.30458856,47.30943096],[40.29403877,47.29757273],[40.28299415,47.27989876],[40.27751183,47.27634084],[40.25509584,47.26800132],[40.25001454,47.26222646],[40.25017524,47.25245833],[40.24915539,47.25],[40.24648476,47.24356246],[40.23624253,47.23510683],[40.22500563,47.23094296],[40.22207904,47.23061323],[40.21187663,47.23295045],[40.20344102,47.23319852],[40.19063306,47.23159265],[40.18768835,47.23282814],[40.18371105,47.23737013],[40.1793873,47.25],[40.17724025,47.2562716],[40.17373598,47.25888598],[40.16805446,47.26053071],[40.16051197,47.26023364],[40.14357305,47.25650573],[40.13595951,47.25686145],[40.13449144,47.25491571],[40.12760723,47.25440407],[40.1191494,47.25],[40.11673915,47.24874496],[40.09714913,47.24197674],[40.09814346,47.2436285],[40.10057366,47.24380815],[40.09908545,47.24503315],[40.09974456,47.24720097],[40.07989097,47.22966504],[40.07458806,47.22632563],[40.06596744,47.2243607],[40.05860746,47.22438622],[40.03902018,47.23332465],[40.03642786,47.23350584],[40.03315723,47.23632753],[40.0237267,47.24046898],[40.01934254,47.24032974],[40.0164994,47.23859978],[40.00618255,47.23970377],[39.99870718,47.24398565],[39.99473183,47.25],[39.99382365,47.25137401],[39.98641133,47.25381935],[39.97916245,47.25315833],[39.96833642,47.25],[39.96675301,47.24953806],[39.94948494,47.24116671],[39.93969262,47.23441112],[39.93493092,47.23266268],[39.93202794,47.23194432],[39.91961968,47.2311033],[39.91821837,47.23109615],[39.91034865,47.23245072],[39.90979266,47.23262966],[39.89618826,47.2400887],[39.89543152,47.24068284],[39.88998175,47.248703],[39.88946342,47.24911594],[39.88770435,47.25],[39.88199067,47.25287151],[39.88200605,47.25306213],[39.88557851,47.25487781],[39.89115322,47.26166928],[39.89487147,47.26304185],[39.89550614,47.26314306],[39.90582526,47.25840068],[39.91078711,47.25842953],[39.91476321,47.26005006],[39.91501474,47.26021588],[39.9186064,47.26776135],[39.93223524,47.27635026],[39.94137013,47.27624285],[39.95602345,47.27318704],[39.96569085,47.27446973],[39.97369015,47.282884],[39.97540903,47.28999555],[39.97906697,47.29265785],[39.97857261,47.29393661],[39.97738075,47.29412532],[39.97668195,47.29371536],[39.97429955,47.29135251],[39.97387803,47.29072964],[39.97003531,47.28297818],[39.96965492,47.28245997],[39.96810555,47.28116202],[39.96590388,47.28100014],[39.96647024,47.27934515],[39.96329784,47.27612615],[39.95595264,47.27541995],[39.93898547,47.27842736],[39.93082905,47.27757955],[39.91584575,47.2690593],[39.91455615,47.26376033],[39.91077495,47.26041734],[39.91025162,47.26016653],[39.90622234,47.25935185],[39.89721644,47.26405215],[39.89306295,47.26371515],[39.88280725,47.25506866],[39.87732732,47.25278354],[39.87193656,47.25069046],[39.86954156,47.25],[39.85295641,47.24521863],[39.83690631,47.23411036],[39.82686543,47.22843826],[39.82198834,47.22633266],[39.81440103,47.22418487],[39.80938566,47.22303057],[39.79728365,47.2226299],[39.79189408,47.22202325],[39.78997421,47.22096741],[39.77995133,47.2217226],[39.77054596,47.2198956],[39.75281537,47.21922815],[39.74623895,47.21796072],[39.74043012,47.2186681],[39.73051274,47.21784997],[39.72181535,47.21477056],[39.7021538,47.21070731],[39.68284941,47.19785726],[39.66251242,47.19315505],[39.64493966,47.18540204],[39.64050996,47.18601096],[39.63615274,47.18503535],[39.63087571,47.18597782],[39.61623561,47.18226552],[39.59528256,47.18049455],[39.57929242,47.17605317],[39.57474816,47.17375076],[39.55304301,47.16821563],[39.54844022,47.15980577],[39.55334854,47.15444112],[39.55574155,47.1473819],[39.5519948,47.14275861],[39.54302478,47.14007294],[39.53421664,47.14015377],[39.51955605,47.14291465],[39.51079762,47.14603746],[39.50733078,47.15002656],[39.49158561,47.14989841],[39.48592126,47.14756644],[39.48148501,47.14316082],[39.47247505,47.14354444],[39.46936512,47.14543605],[39.46931696,47.14676833],[39.46318066,47.14529514],[39.45876777,47.14543235],[39.45647764,47.14630318],[39.45445895,47.14986146],[39.44571078,47.15491295],[39.42294276,47.15743434],[39.40851307,47.16387975],[39.40390205,47.16476023],[39.39772677,47.16403186],[39.39226615,47.16136193],[39.39067245,47.15909004],[39.39052701,47.15388715],[39.38626575,47.14930403],[39.38124096,47.14818788],[39.36495686,47.14905286],[39.35451257,47.1541574],[39.34618807,47.16215444],[39.34066665,47.16947341],[39.34053946,47.17647922],[39.33562315,47.18407845],[39.32472825,47.19444203],[39.31046724,47.20207381],[39.29662085,47.20568752],[39.28390241,47.21049738],[39.28311706,47.21963584],[39.28030705,47.2235738],[39.27235532,47.22737062],[39.25480402,47.23274147],[39.24292421,47.24180448],[39.24186802,47.24175751],[39.24122715,47.24151766],[39.24111664,47.24009335],[39.25369692,47.23191655],[39.25616407,47.23068631],[39.27784145,47.22405756],[39.28194416,47.21916842],[39.28239536,47.20937586],[39.27506685,47.20483935],[39.27333784,47.19932926],[39.27281785,47.19923162],[39.26745677,47.19920695],[39.26265836,47.20139074],[39.26105475,47.20040274],[39.24984825,47.20002544],[39.23667753,47.19587755],[39.23150146,47.19589996],[39.22172046,47.19755912],[39.21888065,47.19851482],[39.21893346,47.20099497],[39.22012484,47.20311975],[39.22366881,47.20549548],[39.22268105,47.21248126],[39.22574043,47.21826231],[39.22347891,47.22153735],[39.22546375,47.22659326],[39.22938454,47.23004174],[39.22751725,47.23145938],[39.23015463,47.23425472],[39.22660184,47.23759282],[39.23202205,47.24198794],[39.23834395,47.24463165],[39.24089301,47.24361801],[39.24887502,47.2433331],[39.25824904,47.24537468],[39.26907706,47.24997056],[39.28171205,47.24895597],[39.28343916,47.24952734],[39.28352761,47.24997485],[39.28336622,47.25],[39.27639592,47.25108635],[39.26807213,47.2510854],[39.25721967,47.25],[39.25300741,47.24957871],[39.25060594,47.24804544],[39.24541795,47.24802184],[39.24353313,47.2484827],[39.24237699,47.25],[39.24146974,47.25119066],[39.24272311,47.25229526],[39.24333012,47.25243771],[39.26137161,47.25175595],[39.26473165,47.25287116],[39.26743877,47.25634372],[39.27635622,47.25705194],[39.27762938,47.26004314],[39.27431047,47.265365],[39.27529681,47.26724851],[39.27591455,47.26766777],[39.27789581,47.26819456],[39.27854705,47.26819777],[39.28919995,47.26794696],[39.30439973,47.26486838],[39.32155812,47.26642954],[39.33071566,47.26398027],[39.34021366,47.26474297],[39.34327233,47.25943124],[39.3605653,47.26160884],[39.36240673,47.26317835],[39.36770225,47.26442206],[39.38313222,47.26258516],[39.39675724,47.26226246],[39.41267705,47.25918305],[39.42305934,47.26424181],[39.43237984,47.26360488],[39.44072044,47.26128686],[39.46738386,47.25997317],[39.47113812,47.25850952],[39.47664416,47.25360978],[39.48526672,47.25],[39.49816453,47.24460042],[39.50209224,47.24041796],[39.50978363,47.23626435],[39.51916516,47.23462451],[39.53337336,47.22868741],[39.53614211,47.22925603],[39.55277133,47.2235676],[39.55997503,47.21660674],[39.57280147,47.21171093],[39.58093882,47.20678067],[39.59026194,47.20365643],[39.60333025,47.19387686],[39.60649312,47.19293487],[39.60798824,47.19353187],[39.59006345,47.20488703],[39.57860446,47.20949721],[39.57188332,47.21365702],[39.56159425,47.21685708],[39.55088568,47.22569931],[39.51894653,47.2358942],[39.51120365,47.23684287],[39.51057756,47.23711264],[39.4956665,47.24773931],[39.49078526,47.25],[39.48542654,47.25248182],[39.48127973,47.25260353],[39.47892475,47.25353575],[39.47809911,47.25396156],[39.47277606,47.25909233],[39.46926331,47.26111293],[39.46693146,47.26185107],[39.45932662,47.26094258],[39.45239913,47.26146972],[39.44322264,47.26227665],[39.42345715,47.26565444],[39.41945875,47.26447916],[39.41615474,47.26119745],[39.41214693,47.26040685],[39.39311707,47.26364243],[39.36440515,47.26554525],[39.34731555,47.26069915],[39.34012115,47.26543546],[39.33147788,47.26537538],[39.32216215,47.2678107],[39.31201947,47.2669903],[39.30692124,47.26541185],[39.28941202,47.26922345],[39.27766848,47.26917684],[39.27360141,47.26678753],[39.27344227,47.26326644],[39.27615941,47.26041067],[39.27643907,47.25957525],[39.27586317,47.2577672],[39.27529705,47.25740552],[39.26819885,47.25724936],[39.264364,47.25363183],[39.26118422,47.25249982],[39.25572097,47.25254071],[39.25323164,47.25286138],[39.24144232,47.25562882],[39.23793721,47.25662065],[39.24293494,47.26065123],[39.24268985,47.26192725],[39.22505474,47.25935554],[39.22282386,47.26103926],[39.22648644,47.26224434],[39.22736967,47.2639631],[39.22323155,47.26632893],[39.22510803,47.26857901],[39.22019625,47.27006924],[39.20973682,47.27625215],[39.20949626,47.27641594],[39.20303905,47.28261626],[39.20127034,47.28345084],[39.19771206,47.28466856],[39.193892,47.28515625],[39.19120061,47.28515625],[39.18802488,47.28563702],[39.17722034,47.28515625],[39.17419493,47.28491211],[39.17228615,47.28515625],[39.16529596,47.28515625],[39.16126263,47.28529763],[39.13628304,47.28652012],[39.12027133,47.28599334],[39.11118126,47.28635383],[39.10587966,47.28819585],[39.09326982,47.28851616],[39.07916701,47.28661811],[39.07395065,47.2852993],[39.06456566,47.28212357],[39.05899644,47.27898395],[39.04133308,47.2646172],[39.04088843,47.26434934],[39.03626955,47.26336324],[39.0234375,47.26702011],[39.02159715,47.26768661],[39.02046955,47.26783037],[39.01558006,47.26702607],[39.01223755,47.26877773],[39.00254881,47.27074397],[38.99516165,47.2709738],[38.98917103,47.27285016],[38.98307753,47.27287936],[38.96094882,47.27009845],[38.95635498,47.26931214],[38.95339262,47.26821101],[38.94731843,47.2635951],[38.94421577,47.26051843],[38.93988836,47.25419605],[38.93798725,47.25],[38.93793476,47.24988413],[38.93774772,47.24591756],[38.94065821,47.24407804],[38.94063783,47.24189794],[38.93924534,47.24056065],[38.93466163,47.24112284],[38.93455577,47.24072111],[38.93457043,47.24028695],[38.93834794,47.23928642],[38.93930864,47.23726845],[38.9362545,47.22994304],[38.93626142,47.22558558],[38.94238091,47.21301866],[38.94422901,47.21095336],[38.95765245,47.20472646],[38.95637262,47.20198107],[38.954638,47.20396435],[38.95071971,47.20244551],[38.95403481,47.20001018],[38.94875526,47.20111144],[38.94509053,47.19759285],[38.92900336,47.19913173],[38.89665318,47.19831562],[38.88594234,47.19684052],[38.87914908,47.19402218],[38.87978911,47.19259346],[38.87595785,47.18998778],[38.86810064,47.17706823],[38.86560595,47.17456102],[38.86519277,47.17449105],[38.85650933,47.17772245],[38.84858012,47.17806578],[38.83881736,47.18049502],[38.83117115,47.18043983],[38.8240627,47.17965496],[38.81728005,47.17769337],[38.81622136,47.17497945],[38.80986154,47.17573595],[38.79817057,47.17503238],[38.79257965,47.17205107],[38.78905284,47.17246413],[38.77674615,47.16814852],[38.75807226,47.17005146],[38.73085141,47.15920985],[38.69262111,47.15591741],[38.671875,47.15178573],[38.64213526,47.14422345],[38.63679135,47.1400938],[38.63110507,47.14086604],[38.62591755,47.13986015],[38.61268723,47.14230657],[38.59748256,47.14338505],[38.5763067,47.14333105],[38.56927645,47.14187396],[38.5664221,47.14109576],[38.56101215,47.13801825],[38.55775094,47.13461316],[38.55841851,47.12571383],[38.5615133,47.11919391],[38.56479454,47.11835754],[38.57104564,47.11821365],[38.58040273,47.11988747],[38.58017373,47.12266552],[38.58339286,47.12315798],[38.58138156,47.12058806],[38.58420467,47.12187433],[38.58418763,47.11928284],[38.57570422,47.11474752],[38.56513596,47.11467636],[38.53193581,47.12423074],[38.5184108,47.12564564],[38.51729572,47.12588823],[38.51040924,47.12783074],[38.50200701,47.13118768],[38.4967941,47.13397384],[38.49477565,47.13534415],[38.49135542,47.13913906],[38.48720574,47.13906932],[38.48903286,47.14045584],[38.48815656,47.14206862],[38.48260164,47.14447081],[38.48520064,47.14558053],[38.49133301,47.14552045],[38.49293375,47.14673364],[38.49851155,47.14573896],[38.50405705,47.14791298],[38.50385821,47.15555942],[38.50079834,47.15889525],[38.50068176,47.16136086],[38.50447595,47.17299974],[38.50915527,47.17739403],[38.51058471,47.18150342],[38.51808453,47.18324792],[38.52256155,47.18886745],[38.52488005,47.18908024],[38.52506506,47.18828964],[38.52555025,47.18906832],[38.52438116,47.19163144],[38.51374555,47.1928308],[38.51679051,47.18680596],[38.51527905,47.18410766],[38.51379383,47.18402314],[38.50983596,47.18715274],[38.49922395,47.18608582],[38.49228156,47.18133175],[38.49114001,47.17849505],[38.48183107,47.17367733],[38.47852945,47.16978586],[38.47807527,47.16532135],[38.47574162,47.16327202],[38.46477365,47.15841174],[38.46801555,47.15317595],[38.47393405,47.15226305],[38.47394586,47.14960384],[38.47814715,47.15296817],[38.48161316,47.15241647],[38.47833705,47.14860857],[38.47749281,47.14447844],[38.47545922,47.14315355],[38.46105075,47.14506185],[38.45127535,47.15031874],[38.42929542,47.14823794],[38.41908836,47.14095926],[38.41000962,47.13826251],[38.40047252,47.13813245],[38.39675725,47.13564825],[38.3806715,47.13835084],[38.34627855,47.13540936],[38.34418404,47.13549113],[38.32384348,47.13934827],[38.32321668,47.13930976],[38.32141936,47.13727546],[38.3203125,47.13727665],[38.31648326,47.13886917],[38.31068337,47.13895094],[38.28906512,47.12893546],[38.28278327,47.12716114],[38.2750355,47.12608623],[38.25994504,47.12649512],[38.24023378,47.12171972],[38.23134053,47.11910236],[38.22782874,47.11826015],[38.22028935,47.11413491],[38.21459794,47.109375],[38.21443486,47.109375],[38.20978606,47.10632694],[38.19897473,47.10164726],[38.19344616,47.09872115],[38.19185603,47.09690726],[38.18721187,47.09559977],[38.18015838,47.08863711],[38.16653025,47.07086206],[38.1565057,47.06287324],[38.13538742,47.04895091],[38.12420321,47.04535532],[38.10984671,47.03735125],[38.10900414,47.03757596],[38.10898328,47.03775871],[38.11172032,47.03948605],[38.11233461,47.04212534],[38.11315703,47.04260755],[38.11646438,47.04239595],[38.12211311,47.04517126],[38.12507391,47.04978335],[38.13413215,47.05125773],[38.13820612,47.05363214],[38.13837612,47.05394375],[38.13619912,47.05530345],[38.13590527,47.06038094],[38.13117707,47.07272911],[38.12311935,47.08262634],[38.1087687,47.09714711],[38.10021818,47.10255945],[38.09426677,47.10570848],[38.09036362,47.1071105],[38.07503617,47.109375],[38.07446456,47.109375],[38.06848311,47.11013317],[38.06282282,47.11282575],[38.06176841,47.11135757],[38.06102002,47.11099052],[38.05639911,47.10951793],[38.0564357,47.109375],[38.05582297,47.109375],[38.05446994,47.10878241],[38.04723895,47.10337567],[38.04393756,47.09821141],[38.03722155,47.09293091],[38.03692186,47.09079516],[38.03647804,47.09058344],[38.03217554,47.08987415],[38.02829695,47.08987308],[38.02351713,47.09074748],[38.01812053,47.09214354],[38.00060046,47.09874237],[37.99664175,47.0993005],[37.98340547,47.09902155],[37.98030543,47.09855676],[37.97661746,47.09737265],[37.97052348,47.09450996],[37.97040963,47.09391201],[37.97091496,47.09353185],[37.97748876,47.09258795],[37.98200691,47.08883345],[37.98333156,47.08967471],[37.98346055,47.08815527],[37.98318172,47.08775103],[37.97114241,47.08996415],[37.96875,47.09095967],[37.9361732,47.10019124],[37.91660011,47.10721886],[37.89955282,47.11074054],[37.88864446,47.11077011],[37.88029003,47.10778225],[37.86187482,47.10661924],[37.83463955,47.09872103],[37.81690288,47.09043086],[37.79801655,47.08730304],[37.79495955,47.0855031],[37.78218055,47.08782256],[37.76764536,47.08841908],[37.75249684,47.08614826],[37.73962057,47.08279252],[37.70576203,47.07986784],[37.69019401,47.08094466],[37.67988694,47.08261883],[37.67702508,47.08319175],[37.66481841,47.08767843],[37.65216458,47.09073925],[37.63621497,47.09395635],[37.63294995,47.09304893],[37.63170242,47.09513247],[37.62784386,47.09395504],[37.61979008,47.08898795],[37.6171875,47.08872771],[37.61040604,47.08924472],[37.60910165,47.08679271],[37.61229145,47.08632874],[37.61233306,47.08614266],[37.61161017,47.08581984],[37.60946691,47.08568525],[37.60869884,47.08594942],[37.60822475,47.08721244],[37.60980797,47.08957732],[37.60890198,47.08999383],[37.60744131,47.08814406],[37.60795164,47.08455682],[37.60767543,47.08451092],[37.60564816,47.08937001],[37.60220444,47.08970487],[37.60064936,47.08603775],[37.59468245,47.08618343],[37.59396136,47.08484936],[37.59586096,47.08238542],[37.59487414,47.0803498],[37.58688188,47.07851768],[37.58162653,47.0819416],[37.58306181,47.08812976],[37.57533562,47.09881306],[37.5741384,47.09662581],[37.58039558,47.08879256],[37.58019006,47.08850896],[37.57654965,47.08704472],[37.57290685,47.09078956],[37.5736618,47.08548284],[37.54829812,47.08318055],[37.54622781,47.08074355],[37.54351783,47.08170044],[37.54274476,47.08170843],[37.53733635,47.08085871],[37.53672147,47.08070385],[37.52572787,47.07582152],[37.51954007,47.07178152],[37.51808286,47.07049501],[37.51789916,47.07016504],[37.51896346,47.065907],[37.51861954,47.06292045],[37.51777744,47.06182802],[37.51614022,47.06175756],[37.51557565,47.06575167],[37.51342654,47.06371546],[37.51611185,47.06068027],[37.51199794,47.06133902],[37.50668561,47.05643332],[37.50808096,47.05469811],[37.50312698,47.05315995],[37.5003643,47.04913938],[37.50180256,47.04726696],[37.50010455,47.04453874],[37.49694192,47.0423249],[37.49408495,47.04345834],[37.49114454,47.04238522],[37.4823935,47.03574455],[37.48215628,47.03426754],[37.47455454,47.02853632],[37.46331012,47.01356482],[37.44084156,46.98810732],[37.42415202,46.97293222],[37.39930105,46.95514584],[37.38625002,46.94178915],[37.38271737,46.94020903],[37.37845194,46.93359375],[37.33808696,46.89135432],[37.32302725,46.87877238],[37.31139874,46.87168014],[37.29226983,46.86721695],[37.28813326,46.86725295],[37.2868154,46.86812544],[37.28698266,46.86878383],[37.29156268,46.86866605],[37.2981323,46.87072885],[37.31399524,46.88138652],[37.31462824,46.88013637],[37.30638278,46.8727777],[37.31122458,46.87516284],[37.31324756,46.87804985],[37.31717885,46.87954307],[37.32146335,46.88348114],[37.32504106,46.8837893],[37.32715285,46.88591194],[37.32730222,46.88666356],[37.32480395,46.88573432],[37.32581043,46.89076424],[37.32087231,46.90441167],[37.32158375,46.90840065],[37.31842005,46.91303837],[37.30399144,46.92592692],[37.29217684,46.93252397],[37.26984787,46.9427644],[37.265625,46.94391727],[37.25433755,46.94779432],[37.25334144,46.94803107],[37.23481214,46.95120132],[37.22885072,46.94871116],[37.21602297,46.93843603],[37.21033156,46.93587744],[37.19113004,46.93306363],[37.17839873,46.92289507],[37.16318953,46.91353846],[37.13547504,46.91008925],[37.12406337,46.90743744],[37.08789003,46.8914752],[37.07256865,46.88762331],[37.05731535,46.88171005],[37.0475564,46.87747896],[37.0368973,46.87080884],[37.00290656,46.86866355],[36.99144363,46.86483181],[36.98780251,46.86325741],[36.97656965,46.85788584],[36.97204876,46.85535383],[36.93706942,46.83409786],[36.91516686,46.82252276],[36.9140625,46.82170761],[36.9140625,46.82142854],[36.91345143,46.82142854],[36.89765072,46.80913556],[36.89673984,46.80818665],[36.88258791,46.79005706],[36.86110401,46.7578125],[36.86128736,46.7578125],[36.85933864,46.75563133],[36.84891832,46.73641431],[36.83553875,46.70836484],[36.81983638,46.68238914],[36.80466795,46.66440535],[36.79264104,46.65254295],[36.78497815,46.64557922],[36.77761042,46.63942134],[36.76846123,46.63285387],[36.7660495,46.63172626],[36.76105714,46.63094556],[36.75470757,46.63094676],[36.75146568,46.63224876],[36.74983871,46.63357317],[36.74853277,46.63526094],[36.74853587,46.63564086],[36.75072646,46.64150083],[36.75594938,46.64168656],[36.75927508,46.64395714],[36.76254737,46.64329696],[36.76618373,46.6460427],[36.76226342,46.64828253],[36.77082217,46.64830804],[36.77144706,46.65027785],[36.77239096,46.64800715],[36.7694149,46.64228427],[36.77229166,46.64420235],[36.77347207,46.64818156],[36.77513945,46.64767325],[36.77418435,46.64619207],[36.77667415,46.64648175],[36.78017235,46.65733564],[36.78524816,46.66118813],[36.78818321,46.65891945],[36.79356647,46.66455925],[36.79870653,46.66428995],[36.79227936,46.66748691],[36.79282248,46.67092407],[36.7958858,46.67186344],[36.79764295,46.6687963],[36.80112612,46.66746831],[36.80488872,46.67370117],[36.8080039,46.67246425],[36.81086206,46.67426884],[36.81410384,46.67843175],[36.81171942,46.68086982],[36.81762028,46.68505347],[36.81731105,46.68741286],[36.82055116,46.68625665],[36.82768285,46.69733715],[36.82992744,46.70311832],[36.82961226,46.70599175],[36.82738328,46.71041405],[36.82699442,46.71102214],[36.82276416,46.71414685],[36.82200801,46.71525335],[36.81522036,46.72790718],[36.81457448,46.72860396],[36.79950273,46.74173593],[36.7880218,46.74972796],[36.7830888,46.75090206],[36.77973056,46.74863791],[36.78071523,46.75077641],[36.7787292,46.75248396],[36.77584112,46.74905324],[36.77360892,46.74957252],[36.77283645,46.75072503],[36.77556014,46.75405085],[36.77319396,46.7578125],[36.77270424,46.7578125],[36.74715078,46.77078545],[36.74300265,46.76873112],[36.74366653,46.77021027],[36.74146056,46.77228355],[36.72241056,46.77880585],[36.72191477,46.77895093],[36.70446932,46.78069186],[36.67676795,46.77985477],[36.66842747,46.77988446],[36.65436256,46.78125],[36.64499295,46.78125],[36.62922215,46.78066242],[36.61300051,46.77811384],[36.61240065,46.77796865],[36.58796167,46.76760817],[36.5695132,46.76206458],[36.5625,46.76060271],[36.56107414,46.76032364],[36.55096352,46.76029408],[36.53662264,46.75795555],[36.53683555,46.7578125],[36.53408265,46.7578125],[36.46527064,46.74076295],[36.43072367,46.73021924],[36.41615093,46.726812],[36.41372883,46.72594714],[36.39148462,46.71652114],[36.37050915,46.70543683],[36.36407268,46.70161951],[36.35551083,46.69567454],[36.33764851,46.68168891],[36.30597305,46.65019667],[36.30260766,46.64657664],[36.2716428,46.60450482],[36.25315738,46.58203125],[36.2530117,46.58203125],[36.22794223,46.55203021],[36.22492552,46.54891372],[36.21795094,46.54196954],[36.2109375,46.53683031],[36.2109375,46.53599334],[36.18540895,46.51158035],[36.1756742,46.50291252],[36.17237616,46.50088191],[36.16580391,46.49921632],[36.15889168,46.50280476],[36.14919305,46.50371695],[36.11799157,46.48938477],[36.1089884,46.48947704],[36.10130727,46.49070311],[36.10131335,46.49088275],[36.10668302,46.49256611],[36.11061633,46.49935806],[36.11173987,46.49921465],[36.11182284,46.49683273],[36.11896038,46.49472797],[36.12536025,46.49472821],[36.13147068,46.49659765],[36.13716686,46.49923492],[36.14823055,46.50711501],[36.15277934,46.51556778],[36.15351701,46.51161051],[36.15482736,46.51237035],[36.15705717,46.51554751],[36.15316761,46.51898575],[36.1542598,46.52253318],[36.15351045,46.54184532],[36.160326,46.53472805],[36.16032553,46.53225243],[36.15823567,46.53014255],[36.15701663,46.53469265],[36.15653658,46.53527713],[36.15539563,46.53493536],[36.15468562,46.53414655],[36.15476871,46.53026164],[36.15598226,46.52810276],[36.15895546,46.52569675],[36.16245866,46.52450442],[36.17033982,46.52376997],[36.17149377,46.52392626],[36.1893028,46.52989304],[36.19862723,46.53665602],[36.20667493,46.54540646],[36.20709491,46.54564285],[36.20789957,46.54502523],[36.20464361,46.54245472],[36.20248878,46.53826416],[36.20737004,46.54068434],[36.2109375,46.54073656],[36.21505451,46.54668617],[36.21478415,46.54881585],[36.2202692,46.5476619],[36.22257376,46.54921174],[36.22506821,46.55126381],[36.23299384,46.56011033],[36.23492563,46.56466424],[36.24042141,46.56870735],[36.24333513,46.5737555],[36.24569881,46.57504153],[36.24682486,46.57832682],[36.24838626,46.5784415],[36.24646044,46.58050811],[36.24653876,46.58203125],[36.24818325,46.58413124],[36.24888456,46.58468175],[36.24953365,46.58477926],[36.24950385,46.58203125],[36.25193954,46.58203125],[36.25251412,46.58259118],[36.25257492,46.58556438],[36.25590873,46.58662045],[36.25521827,46.58834851],[36.2715311,46.60642397],[36.27431011,46.61257756],[36.28725863,46.62820423],[36.28957856,46.63411355],[36.29386115,46.63653707],[36.29446924,46.6375699],[36.29442942,46.63846111],[36.28233755,46.64201093],[36.28068674,46.64021564],[36.28410482,46.63734984],[36.28756166,46.63657606],[36.27942455,46.63575947],[36.27742016,46.63768315],[36.27966881,46.63928795],[36.27868915,46.6409986],[36.27424121,46.64170241],[36.27501905,46.63770545],[36.27294016,46.63695276],[36.27662981,46.63352644],[36.27537274,46.63231397],[36.27082574,46.63467407],[36.2683866,46.63395751],[36.26981485,46.63567853],[36.26556134,46.63822126],[36.26431406,46.63744175],[36.26669073,46.63360453],[36.27065504,46.63229716],[36.27013302,46.63357925],[36.27134943,46.63359475],[36.27364671,46.62877846],[36.27470267,46.63001645],[36.27597547,46.62925184],[36.27866745,46.62097061],[36.27513826,46.62341106],[36.27456355,46.61526322],[36.27295375,46.6123085],[36.26982784,46.62434387],[36.26808047,46.62568414],[36.26670396,46.62536657],[36.26613152,46.61509705],[36.26338792,46.61423361],[36.26507342,46.61189747],[36.26453066,46.60281098],[36.26135385,46.60091436],[36.2583009,46.59628916],[36.26204395,46.60537386],[36.26248431,46.61530781],[36.25525236,46.62885725],[36.24526167,46.64111126],[36.23948443,46.64703071],[36.21960032,46.66095114],[36.20367074,46.66737318],[36.18798995,46.67128742],[36.15352404,46.67045045],[36.1088258,46.65851164],[36.10404003,46.65851164],[36.07604444,46.66455364],[36.04697442,46.66877615],[36.02033865,46.66824782],[36.00041366,46.66465116],[35.94257796,46.66235876],[35.92169154,46.65984845],[35.88851917,46.65172827],[35.87497187,46.64593303],[35.87097526,46.64589667],[35.86361372,46.64382565],[35.86249435,46.64338875],[35.859375,46.64174104],[35.859375,46.64146197],[35.83410692,46.62569654],[35.8011291,46.61334574],[35.75363445,46.59899294],[35.72320807,46.58555603],[35.71760523,46.58782315],[35.71688724,46.59135973],[35.7148391,46.59161127],[35.70998132,46.59677804],[35.71024334,46.59265757],[35.71360767,46.59209275],[35.71211934,46.58990586],[35.71392846,46.58931923],[35.71580625,46.58626938],[35.71993887,46.58556497],[35.71877062,46.58352816],[35.72061718,46.58362746],[35.71818364,46.58203125],[35.71831882,46.57904625],[35.70489657,46.57041013],[35.65059245,46.52363992],[35.64976525,46.52306044],[35.62972093,46.50953245],[35.60420883,46.49360287],[35.59895182,46.49054384],[35.57965231,46.48024094],[35.57802594,46.47957647],[35.56251204,46.47439504],[35.56049585,46.4738394],[35.53836298,46.46870017],[35.5078125,46.45647323],[35.5078125,46.45619404],[35.46615362,46.44711947],[35.46034491,46.44471502],[35.45013726,46.43912518],[35.44512355,46.4356122],[35.42715371,46.41859126],[35.40871668,46.40474367],[35.3811748,46.37639356],[35.36630046,46.36369968],[35.35078227,46.34761786],[35.34621155,46.34255266],[35.33793926,46.33066463],[35.32122076,46.3136307],[35.31988955,46.31010795],[35.31306553,46.30238175],[35.3014605,46.29400635],[35.29364657,46.28539681],[35.28173792,46.26905274],[35.26485145,46.24946165],[35.26295781,46.24942398],[35.26223767,46.24678802],[35.25359738,46.23896205],[35.24736595,46.23046875],[35.24675524,46.23046875],[35.23601484,46.21754491],[35.21946788,46.19180536],[35.21679425,46.18820727],[35.20338798,46.17115796],[35.19654918,46.16334975],[35.18464053,46.15105808],[35.18111944,46.14800191],[35.1746875,46.14304197],[35.15625,46.13058031],[35.15625,46.13030136],[35.1534307,46.12882793],[35.13402557,46.11983526],[35.11379862,46.11194146],[35.11338258,46.11181176],[35.09580314,46.10707593],[35.07683468,46.10470557],[35.03900921,46.0910269],[35.00955665,46.08233964],[34.99458313,46.07902336],[34.9921782,46.07871163],[34.98474276,46.07898796],[34.98463976,46.07912374],[34.98678493,46.08218384],[34.99174285,46.08034062],[34.99325013,46.08078933],[34.99194944,46.0822947],[34.98793137,46.08320952],[34.98809946,46.09136951],[34.99119556,46.09533787],[34.99283016,46.09612107],[34.99345112,46.09384978],[34.99839866,46.09159708],[35.00232744,46.09395814],[35.00174153,46.09752274],[34.99810266,46.09985542],[34.992805,46.1010344],[34.99003315,46.10424113],[34.99991822,46.10941196],[35.00922263,46.11250806],[35.01835954,46.12159705],[35.03120518,46.12672055],[35.03115356,46.13830435],[35.03254032,46.13657665],[35.03741944,46.13877595],[35.04014754,46.136747],[35.04380405,46.13622916],[35.05037916,46.13316166],[35.06874943,46.13575053],[35.06948304,46.13772595],[35.06711817,46.13824368],[35.06535017,46.14252055],[35.06263447,46.14385664],[35.06328428,46.15172553],[35.06474996,46.15185142],[35.06592846,46.14958632],[35.0674299,46.14939415],[35.07029104,46.15261698],[35.07962096,46.153355],[35.08002007,46.15309191],[35.07968795,46.15226233],[35.06642091,46.14700985],[35.06557345,46.14642322],[35.06554663,46.14538717],[35.06754756,46.1439048],[35.06868803,46.14366508],[35.07057166,46.14494967],[35.07060337,46.14836562],[35.07204294,46.14882374],[35.07256281,46.14639306],[35.07554603,46.14393401],[35.07650304,46.14360356],[35.08383584,46.14411998],[35.08761024,46.14484966],[35.08830583,46.14601171],[35.08639932,46.14674485],[35.08485508,46.15053642],[35.08230424,46.15223134],[35.08247375,46.1539433],[35.09555304,46.15460527],[35.10615003,46.15600038],[35.12706375,46.15962756],[35.13923371,46.16231716],[35.13997316,46.16251695],[35.15625,46.16880584],[35.18579173,46.17937887],[35.20413804,46.18391323],[35.21492314,46.18870342],[35.22338116,46.20242393],[35.22338235,46.20745075],[35.22110295,46.21178424],[35.22231531,46.22031987],[35.22289026,46.22119236],[35.22390914,46.22180307],[35.22419322,46.22169292],[35.22797012,46.21886492],[35.22507525,46.22277284],[35.22724247,46.22575212],[35.23470736,46.22645664],[35.23348105,46.23046875],[35.23365831,46.23088717],[35.24144113,46.2310127],[35.24867332,46.23525572],[35.25135505,46.23900032],[35.25139761,46.24149001],[35.25506031,46.24554765],[35.26222253,46.24962592],[35.26665986,46.25484514],[35.26759017,46.25982416],[35.27152503,46.26086235],[35.27115405,46.26265824],[35.26739097,46.26387048],[35.27250564,46.26367605],[35.27439487,46.26471591],[35.28031063,46.27359045],[35.28339446,46.27542603],[35.28364515,46.27811134],[35.28784096,46.28052044],[35.28811336,46.28433216],[35.29246783,46.28652275],[35.29681694,46.29527605],[35.30338883,46.29882038],[35.2970016,46.29988396],[35.29416251,46.30306113],[35.29387295,46.30637467],[35.29877162,46.30949116],[35.2994827,46.31397438],[35.31724524,46.31553626],[35.31914794,46.31662381],[35.32991075,46.32941413],[35.33279121,46.33064246],[35.3388046,46.33974075],[35.34478164,46.34508836],[35.34439695,46.35037124],[35.34813535,46.35051215],[35.34812045,46.3539381],[35.35755396,46.35942054],[35.35811841,46.36324394],[35.34999597,46.36408877],[35.33288264,46.35751665],[35.33062434,46.35179961],[35.32507432,46.34481084],[35.32205403,46.33497214],[35.31791616,46.33118856],[35.31783736,46.33810902],[35.31586206,46.34327936],[35.30813265,46.34883428],[35.30475235,46.354074],[35.28878856,46.35693741],[35.26854956,46.35527384],[35.26623178,46.35371375],[35.26015723,46.37208927],[35.2609061,46.37300682],[35.25783026,46.37565875],[35.25838435,46.37837636],[35.252285,46.40448832],[35.25803125,46.40478325],[35.26143444,46.40700054],[35.2718544,46.42078483],[35.27235198,46.42442608],[35.26918447,46.42891908],[35.2711879,46.43252707],[35.26934075,46.43904674],[35.26631737,46.44286394],[35.25767374,46.44816875],[35.23537827,46.45110476],[35.21571064,46.45621181],[35.20953476,46.45924962],[35.20645201,46.46448004],[35.20924926,46.46576667],[35.20874536,46.46681714],[35.19753325,46.47258186],[35.19397545,46.4776746],[35.19099796,46.47831798],[35.18575168,46.48388076],[35.17951262,46.48059297],[35.18075645,46.47843921],[35.17453575,46.47639215],[35.17456341,46.47580934],[35.17805481,46.47114158],[35.17808425,46.46723211],[35.18161905,46.46078885],[35.18182385,46.45722425],[35.18344223,46.45372915],[35.19230175,46.44605124],[35.20173204,46.44051635],[35.20268178,46.4398483],[35.20582473,46.43670893],[35.20754826,46.43439627],[35.21155655,46.42281985],[35.21097684,46.40386701],[35.20764506,46.39311695],[35.2021383,46.38437724],[35.20236731,46.38092995],[35.19983554,46.3807199],[35.19088435,46.37156367],[35.1867398,46.36839235],[35.18275607,46.36737478],[35.17825711,46.36394358],[35.17454505,46.36228371],[35.15625,46.35602665],[35.15625,46.35574782],[35.13859355,46.35125053],[35.13815868,46.35108376],[35.13127875,46.34598053],[35.12579656,46.33944845],[35.12551308,46.33893037],[35.11534774,46.31971025],[35.11574042,46.31702185],[35.11251855,46.31163895],[35.10874712,46.3065989],[35.10406876,46.30198264],[35.09813762,46.29682195],[35.09531367,46.29253495],[35.08288205,46.28286552],[35.07694292,46.27905071],[35.05951154,46.27003658],[35.0438534,46.26381016],[35.0335412,46.26066434],[35.01328325,46.25616777],[34.95592177,46.24997354],[34.92497087,46.24387372],[34.90966785,46.24241066],[34.90979457,46.24034238],[34.89556324,46.23813355],[34.89446211,46.23769522],[34.88162148,46.23089182],[34.88169265,46.23046875],[34.88071191,46.23046875],[34.84845245,46.21427333],[34.83232105,46.20306897],[34.8243041,46.19035792],[34.82117951,46.1697824],[34.82050455,46.16838658],[34.81433916,46.16149247],[34.81367135,46.16103935],[34.81146836,46.16106331],[34.81023288,46.16194427],[34.80654037,46.16334915],[34.80443382,46.16373527],[34.79873347,46.1637783],[34.78978324,46.16037011],[34.78350663,46.15967464],[34.77674127,46.16092968],[34.77581096,46.16079426],[34.76875174,46.15809965],[34.77082491,46.15700758],[34.77007747,46.15530693],[34.76630712,46.15505385],[34.76369667,46.15655231],[34.77037621,46.16053116],[34.77012694,46.16452515],[34.76903558,46.16451836],[34.77177453,46.16646683],[34.77629006,46.16322923],[34.78176653,46.16291571],[34.77764904,46.16383386],[34.77594626,46.16666615],[34.77372873,46.16702843],[34.77504778,46.16800535],[34.76919496,46.17116666],[34.76695335,46.16739607],[34.76820123,46.16532004],[34.76592171,46.16192234],[34.76566672,46.15810573],[34.76150692,46.15779865],[34.75986731,46.15941191],[34.75838566,46.15922594],[34.76058698,46.14618993],[34.75574601,46.14637125],[34.75789964,46.15108383],[34.75428665,46.14972103],[34.75403047,46.15189028],[34.75156534,46.15219355],[34.75873661,46.15264142],[34.75505412,46.15743065],[34.75424063,46.16163886],[34.75092292,46.16291511],[34.74545622,46.16295981],[34.74711275,46.16415465],[34.75350165,46.16507685],[34.75663257,46.16422605],[34.75960135,46.16564274],[34.76083076,46.16868436],[34.76484001,46.16810691],[34.76558006,46.17295134],[34.76382518,46.17436874],[34.75009525,46.17334926],[34.73239136,46.16859806],[34.71271014,46.17912245],[34.70282686,46.18199837],[34.68186915,46.18408036],[34.66425288,46.18162715],[34.64356875,46.17685521],[34.63176775,46.17380846],[34.62517095,46.17055964],[34.6194911,46.17051995],[34.60957301,46.17264295],[34.60455453,46.17200386],[34.60342097,46.17153966],[34.60072803,46.16977263],[34.59966516,46.16706991],[34.59984374,46.16514182],[34.60349643,46.15347886],[34.60140193,46.15164995],[34.60180533,46.14962816],[34.60200465,46.14927161],[34.60641122,46.14782727],[34.61243677,46.14274037],[34.61369383,46.14005172],[34.61947513,46.13749945],[34.62267756,46.13395154],[34.62865055,46.12689006],[34.62806046,46.12571251],[34.62984872,46.12462425],[34.63570726,46.11063373],[34.63535571,46.10974097],[34.62856877,46.11187625],[34.62267184,46.11199307],[34.62137771,46.11059725],[34.62265205,46.10730732],[34.62292695,46.10680532],[34.62624991,46.10456455],[34.63530266,46.10299194],[34.6372323,46.10032678],[34.63415825,46.09892035],[34.63464367,46.09522545],[34.6401962,46.09668565],[34.6399976,46.10068214],[34.64231765,46.09924865],[34.64368474,46.09524787],[34.64039016,46.08877563],[34.63491452,46.08669722],[34.63807428,46.08541143],[34.63802576,46.08379924],[34.63077354,46.07487583],[34.62598956,46.07580924],[34.62278044,46.07519627],[34.62075245,46.07221937],[34.62039065,46.06760144],[34.61621571,46.06411564],[34.61177635,46.06549513],[34.60379708,46.06417584],[34.60557604,46.0546875],[34.60590041,46.05405104],[34.60802245,46.05337727],[34.61285818,46.05332148],[34.61592793,46.05426526],[34.61563206,46.0546875],[34.61617804,46.05521071],[34.61667967,46.0546875],[34.61663735,46.05267727],[34.61406171,46.04411173],[34.60818505,46.03231311],[34.60420156,46.02719855],[34.60140657,46.02447247],[34.59728706,46.02197886],[34.59400594,46.01799011],[34.58817291,46.01824033],[34.5797677,46.01541674],[34.57043946,46.01600444],[34.56538284,46.01275861],[34.56277764,46.01471186],[34.55757284,46.01431668],[34.55699825,46.01411104],[34.55057895,46.00983691],[34.55008304,46.0091449],[34.54857433,46.00449824],[34.54871905,46.00198102],[34.55183136,45.99878764],[34.55102324,45.99472225],[34.55142343,45.99456334],[34.55414236,45.99751008],[34.55375612,45.99542296],[34.55472398,45.99425411],[34.55527294,45.9942981],[34.56083095,46.00023663],[34.56276536,46.00108743],[34.56560111,46.00209463],[34.57171237,46.00274825],[34.56978595,45.99929595],[34.55618525,45.99336064],[34.55272734,45.98989463],[34.55336583,45.98796463],[34.55347562,45.98793352],[34.55911314,45.98809075],[34.56465805,45.98567295],[34.57888544,45.97445714],[34.59180367,45.96682847],[34.60437572,45.96168315],[34.61023581,45.96102881],[34.62693965,45.95344937],[34.63951063,45.94956505],[34.64896536,45.94002354],[34.64991677,45.93231702],[34.63391697,45.91615498],[34.62874806,45.90300453],[34.62790406,45.88964844],[34.62400472,45.89026916],[34.62495732,45.89307857],[34.62310684,45.892434],[34.62202287,45.88747525],[34.625705,45.88696075],[34.62536764,45.88519645],[34.62495244,45.88468873],[34.62218916,45.88393498],[34.6211158,45.88398635],[34.62014627,45.88558042],[34.61867094,45.88525057],[34.61465085,45.88261652],[34.61499238,45.88158607],[34.60762978,45.88010907],[34.60272431,45.87743926],[34.58591115,45.8717072],[34.5853585,45.87277734],[34.58695531,45.87408137],[34.57954752,45.88025904],[34.56986177,45.88303173],[34.56823885,45.88312805],[34.56350315,45.88157463],[34.56311917,45.88116956],[34.56254625,45.87682283],[34.55798221,45.87108576],[34.55609715,45.86448705],[34.55833387,45.86429834],[34.56619275,45.86770737],[34.57441497,45.86817765],[34.55639303,45.86213565],[34.5542351,45.86054242],[34.55351007,45.85445404],[34.55569625,45.84648061],[34.55309606,45.84042323],[34.55024445,45.83773887],[34.53647804,45.83031201],[34.53114891,45.82562685],[34.51868105,45.81931555],[34.51852727,45.81903303],[34.51633668,45.80598342],[34.52015185,45.79923034],[34.51916528,45.78943706],[34.51978767,45.78814316],[34.52222514,45.78716934],[34.52807915,45.78726566],[34.54665506,45.79303694],[34.54814076,45.79483283],[34.54706132,45.79547465],[34.54760158,45.79863155],[34.54934025,45.79968226],[34.54768825,45.8036648],[34.53721964,45.80385315],[34.53840733,45.80502236],[34.55316842,45.80532765],[34.56031966,45.80770385],[34.55848706,45.80534077],[34.55109537,45.80263984],[34.55148363,45.80023444],[34.55316496,45.79850101],[34.55481672,45.79919565],[34.55484331,45.80071747],[34.55795264,45.79957366],[34.56313431,45.80164278],[34.57324064,45.80985582],[34.57355011,45.81159365],[34.56970894,45.81062245],[34.57322896,45.81329381],[34.5768913,45.81429231],[34.57664788,45.81169653],[34.57775676,45.81146181],[34.58107924,45.81460142],[34.57777691,45.81833744],[34.57582927,45.81779897],[34.57750702,45.81912267],[34.58899188,45.82304621],[34.60170817,45.82999396],[34.60608494,45.83312953],[34.60785866,45.83910751],[34.60974956,45.84075904],[34.61446941,45.84183013],[34.61084163,45.8384974],[34.61188614,45.83738661],[34.60897374,45.83430195],[34.63949275,45.85213876],[34.64577222,45.85695231],[34.66327906,45.86546075],[34.66269553,45.86668098],[34.65834475,45.86521006],[34.65242815,45.86123145],[34.64181256,45.85686421],[34.64235866,45.85544145],[34.63904762,45.85531342],[34.63595724,45.85345495],[34.63557315,45.85182714],[34.62495816,45.84618163],[34.62471974,45.84755266],[34.63020766,45.85119975],[34.63169885,45.85384345],[34.64782333,45.86053717],[34.65378702,45.86520231],[34.66084826,45.86846244],[34.67408562,45.87113345],[34.69547236,45.87784874],[34.73110855,45.88350475],[34.73775375,45.88612747],[34.74793637,45.89498258],[34.75471544,45.89899373],[34.77686226,45.90256727],[34.78266108,45.89730597],[34.79078984,45.89666975],[34.79221821,45.89559567],[34.78864336,45.8893187],[34.77742827,45.87890625],[34.77692175,45.87868285],[34.77662647,45.87890625],[34.78097916,45.88436413],[34.78756463,45.88975585],[34.78802538,45.890329],[34.79047203,45.89433825],[34.78985775,45.89562964],[34.78916872,45.89613235],[34.78445482,45.89595747],[34.78201318,45.89669645],[34.78146195,45.89697325],[34.77712405,45.90151775],[34.77637994,45.90189421],[34.77469826,45.90125346],[34.77449524,45.90090072],[34.78039896,45.88844955],[34.77978981,45.88570166],[34.7790755,45.88542378],[34.77853203,45.88949764],[34.77179861,45.900442],[34.77121377,45.90063822],[34.76027107,45.89828575],[34.76255405,45.89352572],[34.76023555,45.89426064],[34.76019084,45.89104354],[34.76820826,45.87890625],[34.76833272,45.87890625],[34.76862967,45.87847483],[34.77001238,45.87375927],[34.77591681,45.87718093],[34.76577365,45.86871982],[34.75106215,45.85898232],[34.75120735,45.86175692],[34.75573063,45.86392724],[34.75553823,45.86544216],[34.74455655,45.87553203],[34.74136162,45.87731445],[34.73633575,45.87799692],[34.72506917,45.87412286],[34.71835005,45.86836195],[34.71101475,45.86659944],[34.71383214,45.87392366],[34.71018302,45.87460494],[34.71043384,45.87291801],[34.70720828,45.87067485],[34.70416296,45.86507523],[34.69742143,45.86275315],[34.69386637,45.86272907],[34.67527103,45.85637331],[34.67289436,45.85249841],[34.67314684,45.83667755],[34.66961145,45.82715654],[34.66451168,45.82298613],[34.66437435,45.81550384],[34.65730572,45.79482424],[34.66348934,45.79523325],[34.66818345,45.79810715],[34.67016792,45.79668283],[34.67578554,45.80288255],[34.67919183,45.80337036],[34.68125248,45.8055073],[34.68663013,45.80771875],[34.70671725,45.81332982],[34.71774805,45.81438923],[34.73016715,45.81755161],[34.73274887,45.81988716],[34.73620534,45.81984937],[34.74350858,45.82298672],[34.73938406,45.82415795],[34.73256385,45.82196057],[34.72987902,45.82470107],[34.72566175,45.82467592],[34.72529328,45.82556367],[34.73640037,45.82700264],[34.75131094,45.82277215],[34.75786495,45.81627762],[34.76477885,45.80544293],[34.78015661,45.79639888],[34.78342044,45.79177117],[34.77317035,45.78413987],[34.7661643,45.77418411],[34.74757385,45.75816154],[34.7449398,45.74959958],[34.73856485,45.74472272],[34.73526227,45.73779964],[34.72591543,45.73329294],[34.72215044,45.72834802],[34.72534084,45.72827053],[34.72704017,45.72998345],[34.74546313,45.73123491],[34.75225902,45.73374462],[34.77355576,45.73194277],[34.81527913,45.73529625],[34.82525885,45.73825073],[34.84361053,45.74026418],[34.85287738,45.74286425],[34.86572742,45.74388576],[34.87774825,45.75040615],[34.88050306,45.74785781],[34.88032115,45.74478388],[34.87065411,45.73829734],[34.86616874,45.73000705],[34.86208653,45.7265774],[34.85983205,45.72652602],[34.86689687,45.73396444],[34.86097586,45.73173535],[34.84840834,45.73142433],[34.8504014,45.72724247],[34.85572398,45.72887754],[34.85486424,45.72687328],[34.85882652,45.72560322],[34.85389185,45.72228074],[34.85256863,45.72428691],[34.84783483,45.72292638],[34.84725213,45.72078896],[34.86241305,45.71478391],[34.87074435,45.71477163],[34.87593055,45.71314394],[34.8930335,45.69671392],[34.90346932,45.68406534],[34.91329706,45.68053782],[34.92783904,45.67770422],[34.93554056,45.67810297],[34.94337273,45.67943692],[34.95020616,45.68310702],[34.96385503,45.68653536],[34.97085035,45.68665361],[34.97673202,45.68401337],[34.97549927,45.68332994],[34.98040211,45.67777503],[34.97953594,45.68298864],[34.98086548,45.68301725],[34.98477793,45.679636],[34.98314965,45.67162752],[34.98509073,45.66395974],[34.98870385,45.65650356],[34.99345434,45.65140367],[34.99998915,45.64843261],[35.00438023,45.64844477],[35.0151062,45.64561868],[35.02825081,45.63702345],[35.03780055,45.61975825],[35.04121745,45.61561775],[35.05304766,45.60954213],[35.07312882,45.58245313],[35.07785726,45.56525266],[35.08786094,45.55477273],[35.09221888,45.53867292],[35.09515274,45.53519845],[35.10082161,45.52277434],[35.10451233,45.50718987],[35.10882688,45.49701261],[35.11004555,45.48873925],[35.10950947,45.48614395],[35.10524702,45.48111618],[35.09673202,45.47616112],[35.08575141,45.4651196],[35.07206523,45.46072233],[35.05956817,45.45884848],[35.04718602,45.45540416],[35.04009163,45.45168233],[35.03207505,45.44478655],[35.01865292,45.44136524],[35.01612568,45.43431056],[35.01741767,45.42956924],[35.01489532,45.42310846],[35.01623237,45.42028296],[35.01986694,45.4226613],[35.02269065,45.42088866],[35.0220623,45.41720653],[35.01859581,45.41818571],[35.01590681,45.41671348],[35.01631701,45.41350734],[35.01838446,45.41219366],[35.01786017,45.41115797],[35.0160979,45.41211486],[35.01567876,45.41116238],[35.01863694,45.4099766],[35.02330232,45.40084672],[35.02641404,45.40148544],[35.03147554,45.40593636],[35.03011394,45.40650034],[35.02676165,45.40553665],[35.02370775,45.41052675],[35.0253762,45.41088665],[35.0234462,45.41952992],[35.02665925,45.42367935],[35.02389193,45.42565751],[35.02541745,45.43219304],[35.02370572,45.43711984],[35.01997483,45.43964374],[35.02116776,45.44079125],[35.02609885,45.43858385],[35.03223968,45.43120813],[35.05450273,45.39242005],[35.0733906,45.37017524],[35.09864926,45.3515625],[35.10221803,45.35089946],[35.11801136,45.34126735],[35.12395811,45.33839357],[35.13298106,45.33514166],[35.14231706,45.33317661],[35.14599025,45.33317685],[35.15294456,45.33431232],[35.15400696,45.33467436],[35.15624964,45.33593714],[35.16451061,45.34439755],[35.18663561,45.34227955],[35.19891036,45.33964062],[35.20423901,45.34035575],[35.21227705,45.33512688],[35.22369695,45.32982504],[35.23846257,45.32422745],[35.24233735,45.32428765],[35.25314844,45.31588197],[35.25787163,45.31364632],[35.26589584,45.31228817],[35.27049255,45.30775475],[35.2771275,45.30429673],[35.29624653,45.29829907],[35.30384231,45.29783535],[35.31759846,45.29179811],[35.33534718,45.28696752],[35.34301162,45.28626025],[35.35360777,45.28233588],[35.37452483,45.26463675],[35.38250577,45.2600739],[35.38372505,45.25970173],[35.39888012,45.25598311],[35.40622544,45.25593138],[35.40751171,45.25604761],[35.42156374,45.25839996],[35.44269931,45.26474071],[35.44541454,45.26596022],[35.45777881,45.27425694],[35.46423554,45.28152072],[35.46838307,45.29073667],[35.46483004,45.29725671],[35.45245194,45.30359006],[35.44303417,45.30665398],[35.43635821,45.31121147],[35.43268526,45.31172287],[35.42967737,45.31088221],[35.4248116,45.3125149],[35.42149925,45.31207013],[35.42259431,45.31503165],[35.42447281,45.31577766],[35.42358041,45.31692624],[35.41822958,45.31320012],[35.41537464,45.31595087],[35.41215026,45.31482542],[35.41429818,45.31799531],[35.41152275,45.32109058],[35.40571642,45.31653643],[35.41196096,45.3132894],[35.40621936,45.31539333],[35.40616286,45.31441486],[35.40926087,45.31080973],[35.41758394,45.3070724],[35.42015076,45.30698085],[35.41990721,45.30578387],[35.41405427,45.30549204],[35.41784334,45.30077827],[35.40807211,45.30879295],[35.39951026,45.32297277],[35.3857882,45.34026325],[35.37496877,45.34540653],[35.37526882,45.34708345],[35.37201715,45.35156214],[35.36701584,45.35621405],[35.36606574,45.35562515],[35.35699105,45.36056864],[35.3380264,45.37601364],[35.34061205,45.37095582],[35.34726393,45.36525714],[35.34833825,45.36196208],[35.35342562,45.35961008],[35.35917795,45.35474551],[35.35645795,45.3541038],[35.35364032,45.35537887],[35.35191214,45.35400844],[35.34841132,45.35604787],[35.33334291,45.37959397],[35.32384205,45.39043045],[35.31807435,45.39402866],[35.31185496,45.39422297],[35.30625606,45.39327931],[35.30633962,45.39189923],[35.31139386,45.38979352],[35.31017745,45.38757646],[35.30907965,45.38710701],[35.30648196,45.38879395],[35.3038671,45.39674926],[35.30601275,45.39481604],[35.30769396,45.39584482],[35.31351864,45.3961848],[35.30255842,45.40399396],[35.29820073,45.40520704],[35.29281127,45.41334677],[35.28999615,45.41263723],[35.28486276,45.41642475],[35.27842808,45.42458951],[35.24846351,45.45432842],[35.22230852,45.48649561],[35.21055543,45.49253798],[35.20287216,45.50387096],[35.18356311,45.52475393],[35.16198754,45.53985608],[35.15366173,45.54188216],[35.14987123,45.54410136],[35.14852631,45.54659152],[35.15347958,45.54319906],[35.15854597,45.54307687],[35.15589714,45.54407644],[35.15419292,45.55049515],[35.14863574,45.55757606],[35.14676547,45.55453694],[35.14867973,45.55292106],[35.14455378,45.55289423],[35.14584827,45.55162275],[35.14499605,45.55036593],[35.14701557,45.54994786],[35.14532244,45.54885876],[35.14246476,45.55140626],[35.13921678,45.56236684],[35.13184714,45.57022464],[35.09668314,45.59384251],[35.09507108,45.59932101],[35.09031236,45.60322571],[35.08651865,45.60436642],[35.08552492,45.60292184],[35.08970511,45.59175551],[35.08846617,45.59199774],[35.07988334,45.6144464],[35.08014584,45.61519086],[35.08319545,45.61491466],[35.07983112,45.61625898],[35.07497835,45.62342656],[35.06949115,45.62476635],[35.06765234,45.62916946],[35.06162536,45.63052964],[35.06192565,45.63182533],[35.0646553,45.63131154],[35.06488264,45.63217604],[35.06262422,45.63485384],[35.06047094,45.63498735],[35.06094015,45.63853133],[35.05612636,45.64001834],[35.05928814,45.62992311],[35.06578493,45.62591422],[35.06568217,45.62475944],[35.06155515,45.62383211],[35.05590737,45.63129485],[35.05373263,45.63997316],[35.04269314,45.65808511],[35.03194547,45.67011178],[35.02129364,45.67926967],[35.02137411,45.68318784],[35.01573813,45.68590581],[35.01525295,45.6908946],[35.00965202,45.69088542],[35.00972617,45.69439185],[35.00560904,45.69624674],[35.00515032,45.69680655],[35.0025655,45.70312464],[35.00204194,45.703125],[35.00182664,45.70409286],[35.0025351,45.70450234],[35.00278795,45.70437861],[35.00363994,45.703125],[35.00522935,45.70043051],[35.00555074,45.70048368],[35.00614905,45.703125],[35.00563741,45.703125],[35.00425243,45.70496798],[35.00134194,45.70566905],[35.00084341,45.703125],[35.00097323,45.703125],[35.00101531,45.70081687],[35.00643146,45.68310893],[35.00810218,45.68159831],[35.00716805,45.67979562],[35.00552082,45.68025935],[34.9976474,45.703125],[34.99915743,45.70618296],[34.99749446,45.70621574],[34.99687386,45.70394218],[34.9941498,45.70666492],[34.99582231,45.70710731],[34.99841106,45.71261871],[34.99578214,45.71301508],[34.99242795,45.71124136],[34.99258375,45.71277976],[34.9902184,45.71414173],[34.99268484,45.71811235],[34.98811245,45.7150712],[34.99256766,45.70899117],[34.98937535,45.71077442],[34.98693681,45.71388292],[34.97760332,45.73164117],[34.97576666,45.73574901],[34.97363496,45.74424052],[34.97137666,45.75007474],[34.96712923,45.75829911],[34.96676493,45.75896728],[34.96089673,45.76193726],[34.96066523,45.76226175],[34.95724726,45.76703894],[34.95184684,45.76971376],[34.94499612,45.77928603],[34.94032657,45.78307104],[34.93956065,45.78417981],[34.93967843,45.79165506],[34.92903435,45.81877315],[34.91285562,45.84403157],[34.91229582,45.84752631],[34.90902376,45.84924376],[34.90869665,45.85245311],[34.9039855,45.86015737],[34.90328944,45.86063457],[34.90162802,45.86072433],[34.90021503,45.85715437],[34.8919661,45.86018264],[34.88440204,45.86015475],[34.87636733,45.85706663],[34.87161493,45.85072815],[34.86851585,45.83558941],[34.86482751,45.82900357],[34.85218275,45.82241178],[34.84324372,45.82034743],[34.83300042,45.81558633],[34.83261478,45.81717706],[34.83862436,45.81945217],[34.83723855,45.82104945],[34.83241856,45.82008445],[34.83420515,45.82205367],[34.83978045,45.8220036],[34.84035623,45.82032466],[34.84263134,45.82205665],[34.84856164,45.82227755],[34.84985042,45.82325733],[34.84603953,45.82595992],[34.8275969,45.83174515],[34.81967211,45.8320055],[34.82548833,45.82530677],[34.82847214,45.81944811],[34.82840443,45.81838524],[34.82422245,45.82518613],[34.8216958,45.82661366],[34.82606256,45.8110677],[34.81744087,45.83315337],[34.82759762,45.8441205],[34.83940184,45.86761355],[34.83948636,45.87454522],[34.84144175,45.87890625],[34.84155595,45.89812565],[34.84391475,45.89704156],[34.8472352,45.90145552],[34.84721744,45.90424204],[34.84063077,45.90650046],[34.84055257,45.90366113],[34.83308232,45.91754746],[34.82474375,45.92399085],[34.82470691,45.92714906],[34.82617617,45.92333615],[34.83054697,45.92209315],[34.83250105,45.91942692],[34.83654833,45.91819108],[34.83487701,45.91667092],[34.84007621,45.9178673],[34.84013247,45.91667438],[34.83841956,45.91609812],[34.83936381,45.91437328],[34.83716726,45.91569626],[34.83604634,45.91505551],[34.83800888,45.91083324],[34.84291053,45.91507971],[34.84541297,45.91497386],[34.84480655,45.91377342],[34.84657812,45.91301906],[34.84750211,45.91449714],[34.84672618,45.91632342],[34.84347677,45.91814923],[34.84553921,45.91906917],[34.83820415,45.92512596],[34.83804357,45.92599762],[34.83984566,45.92487025],[34.84016311,45.92565203],[34.83757722,45.92966056],[34.83418715,45.93176675],[34.83266747,45.93543482],[34.82921207,45.93889475],[34.82307577,45.94232905],[34.82411635,45.9439162],[34.82735097,45.94065964],[34.82859278,45.94188094],[34.83141351,45.94210172],[34.83039308,45.93897343],[34.83201897,45.9373852],[34.83363235,45.93850982],[34.83490407,45.93566334],[34.83650565,45.93667293],[34.83573902,45.93510735],[34.83731544,45.93398738],[34.83946502,45.93574035],[34.83571434,45.93954515],[34.83607817,45.94067943],[34.83825004,45.93968582],[34.83445585,45.95104456],[34.83497071,45.95485806],[34.83730495,45.95644331],[34.83937395,45.95247173],[34.83909512,45.95530307],[34.84402227,45.95410514],[34.84373784,45.95241845],[34.85034156,45.94732773],[34.85186994,45.94445634],[34.85335195,45.94471693],[34.85251963,45.94290066],[34.86335838,45.93809032],[34.86384916,45.93957114],[34.85761142,45.94355965],[34.8558526,45.94592667],[34.85629845,45.94829166],[34.85385132,45.95003104],[34.85469246,45.95689344],[34.85273325,45.96043015],[34.85335398,45.96256638],[34.85175085,45.95850372],[34.84921062,45.95822155],[34.85122216,45.95441437],[34.85258782,45.95417094],[34.85024893,45.95389283],[34.84499824,45.95918202],[34.84496343,45.96070981],[34.84758747,45.96243346],[34.84464085,45.96404612],[34.84441984,45.96990824],[34.84174561,45.97462416],[34.84141541,45.97237456],[34.83989978,45.97341836],[34.84080505,45.97613382],[34.83874941,45.97717154],[34.83715618,45.98068655],[34.83500886,45.97848201],[34.83313847,45.98067045],[34.83310544,45.9772886],[34.82967043,45.97274625],[34.82922125,45.97567666],[34.83105874,45.97613966],[34.82863045,45.98186147],[34.82541883,45.97437012],[34.82517564,45.98499203],[34.82707536,45.98905384],[34.82530856,45.98998237],[34.8236835,45.98480666],[34.82256973,45.98616326],[34.82449055,45.99766481],[34.81956053,46.00691545],[34.81667125,46.02572155],[34.81226325,46.03607821],[34.8046875,46.04575884],[34.79446602,46.05084181],[34.78617954,46.05295002],[34.77635121,46.051301],[34.77078497,46.04787505],[34.76775825,46.04499376],[34.76711154,46.04080403],[34.76343966,46.03492963],[34.76410186,46.01624715],[34.76321137,46.01025927],[34.760764,46.00976014],[34.75735176,46.01236665],[34.74843085,46.02854645],[34.73890781,46.03776145],[34.73129714,46.04276454],[34.72071338,46.04765415],[34.71740282,46.04819703],[34.71173871,46.04665136],[34.70812094,46.04871845],[34.70727622,46.0546875],[34.71593952,46.05920184],[34.71899915,46.06267071],[34.71734154,46.07299066],[34.71215785,46.08351135],[34.69742358,46.08795762],[34.68204236,46.08903825],[34.67983675,46.09721303],[34.67468655,46.10068774],[34.67454338,46.10116065],[34.67475533,46.10158432],[34.68746257,46.10124588],[34.70909893,46.09612393],[34.72387302,46.09491205],[34.72444057,46.09573245],[34.72984111,46.09578276],[34.73890543,46.09786153],[34.75816667,46.10556161],[34.76057923,46.10424328],[34.76194334,46.09775138],[34.76162744,46.09554362],[34.75924861,46.09416425],[34.76020265,46.08941376],[34.76551497,46.08828604],[34.77177715,46.07996881],[34.779006,46.07333147],[34.78275275,46.07142377],[34.78712106,46.07134283],[34.79068744,46.07232475],[34.79166782,46.07272995],[34.8005594,46.07847571],[34.8046875,46.08314717],[34.80746067,46.09366167],[34.80597675,46.10504365],[34.80784345,46.10491061],[34.80857134,46.11207533],[34.81408834,46.11201036],[34.81542265,46.11540067],[34.81751013,46.11655045],[34.81731868,46.12349081],[34.81508696,46.12545276],[34.81232238,46.12428606],[34.81288374,46.12126267],[34.81000066,46.11753333],[34.8046875,46.11495531],[34.806481,46.11203206],[34.80514455,46.10759926],[34.80312061,46.11095405],[34.80303645,46.11765075],[34.80656517,46.11720896],[34.80816424,46.11947691],[34.80629075,46.12188995],[34.80306745,46.11866045],[34.80312061,46.12148964],[34.80448115,46.12362957],[34.80856705,46.12434256],[34.80759072,46.12665844],[34.80924034,46.13038051],[34.81076825,46.12566543],[34.81286407,46.12662983],[34.81386054,46.13211393],[34.81249797,46.13327801],[34.81667876,46.13169718],[34.81429875,46.13606584],[34.80988073,46.13781476],[34.80352771,46.12999046],[34.80127037,46.13217986],[34.79963565,46.13216925],[34.80216765,46.13054955],[34.80200374,46.12756956],[34.79998088,46.12506688],[34.79595685,46.13492203],[34.80032206,46.13933456],[34.79799163,46.13944531],[34.79842675,46.14070415],[34.79638457,46.13936114],[34.79702306,46.1446712],[34.80130851,46.14657521],[34.80923414,46.14777076],[34.81149042,46.14545381],[34.81398368,46.14798737],[34.81537986,46.14833617],[34.81655884,46.14719021],[34.82120883,46.13843286],[34.82142734,46.13818884],[34.82430112,46.13729262],[34.82998776,46.12005377],[34.83014536,46.1110543],[34.83308315,46.10328817],[34.83646476,46.08077562],[34.83674777,46.07183087],[34.83535111,46.06986105],[34.83807385,46.0546875],[34.83836055,46.0546875],[34.84032094,46.04938233],[34.83976686,46.04056096],[34.84246695,46.0253427],[34.8435657,46.02294743],[34.84679973,46.02080047],[34.84929275,46.00710511],[34.86201167,45.96805251],[34.86355495,45.96685028],[34.87875211,45.9290148],[34.90456307,45.87890625],[34.90517545,45.87787283],[34.90664577,45.87253511],[34.93168485,45.8311944],[34.93425047,45.8229351],[34.93691242,45.82225192],[34.93804896,45.81742525],[34.94505095,45.80881596],[34.95113218,45.79706287],[34.95382333,45.79507995],[34.95733225,45.78784156],[34.97233605,45.76561308],[34.97271848,45.76523995],[34.99970841,45.72462165],[35.00177896,45.72367454],[35.00903368,45.71441615],[35.01682353,45.703125],[35.01729715,45.703125],[35.03370333,45.68039513],[35.05663586,45.65219176],[35.0623399,45.64550936],[35.09272706,45.61168695],[35.09314966,45.61125755],[35.12296486,45.58325815],[35.12653756,45.58014142],[35.15625,45.55608261],[35.16486657,45.54959714],[35.18969381,45.52734351],[35.19001591,45.52734375],[35.19660151,45.52137542],[35.20558381,45.51249707],[35.22621596,45.48785603],[35.24473274,45.46817815],[35.26962376,45.44285834],[35.28624606,45.42671943],[35.29012311,45.42321575],[35.31389451,45.40393603],[35.32513213,45.39243114],[35.37989926,45.3515625],[35.38033152,45.3515625],[35.40269077,45.33676815],[35.45015407,45.30921864],[35.47205305,45.29941785],[35.47236145,45.29930246],[35.5078125,45.28710926],[35.51506186,45.28508902],[35.51864135,45.28438592],[35.52819943,45.28351247],[35.53902447,45.28903258],[35.54671216,45.29210866],[35.5646522,45.29852295],[35.57257485,45.30041945],[35.59635365,45.3110944],[35.61291802,45.31600022],[35.61361372,45.31617343],[35.63933706,45.32198691],[35.65227425,45.32362997],[35.65778363,45.32313788],[35.68738556,45.33111513],[35.69487727,45.33094442],[35.70622575,45.33305216],[35.71035445,45.33332491],[35.71592104,45.33292222],[35.71662581,45.33305085],[35.71987081,45.33438754],[35.72388625,45.33704555],[35.72828412,45.34151125],[35.72904468,45.34408474],[35.72569025,45.34796846],[35.72753894,45.3515625],[35.72788632,45.35156214],[35.72784758,45.35198665],[35.73070085,45.35362792],[35.73650813,45.35466421],[35.75423825,45.3647418],[35.75960147,45.37066412],[35.76272905,45.37679207],[35.76229274,45.38215375],[35.75627947,45.38364494],[35.74876952,45.38744962],[35.74896598,45.39361835],[35.75087094,45.39356387],[35.75385821,45.39720595],[35.76111114,45.40063214],[35.76534045,45.40129387],[35.76653516,45.40288794],[35.77177465,45.40319264],[35.77364051,45.40636492],[35.78863347,45.41428101],[35.79791868,45.42129123],[35.80299425,45.42370725],[35.80599594,45.42369986],[35.81097901,45.42621934],[35.81496072,45.42857814],[35.82206178,45.43398213],[35.82447016,45.43678391],[35.82632971,45.43960786],[35.82785654,45.44296062],[35.82825375,45.44487441],[35.82796276,45.4466114],[35.82772756,45.44717515],[35.82541037,45.44893956],[35.82303154,45.44785762],[35.82044315,45.44895685],[35.81992185,45.44951785],[35.81922543,45.45335805],[35.81802952,45.45350015],[35.81868112,45.45848227],[35.82287765,45.46383965],[35.82617235,45.46675551],[35.83101368,45.46938765],[35.83478844,45.47093856],[35.84057152,45.47259855],[35.84193206,45.47286987],[35.84889162,45.47369897],[35.84929645,45.47369874],[35.85168183,45.47265315],[35.859375,45.47293532],[35.86375845,45.47204936],[35.86779666,45.47015607],[35.87167442,45.46742165],[35.87248623,45.46622121],[35.87268555,45.46467733],[35.87167692,45.46104705],[35.86805546,45.45777571],[35.85980666,45.45353234],[35.859375,45.45340395],[35.85877872,45.45340383],[35.84651804,45.45031476],[35.84591055,45.44630444],[35.84883475,45.43967521],[35.85916734,45.42770696],[35.859375,45.42773426],[35.88191354,45.40894151],[35.91200972,45.39090383],[35.93515992,45.38082278],[35.94436145,45.37748623],[35.96101236,45.37307596],[35.97363746,45.37074625],[35.98080134,45.36969125],[35.99036574,45.36919415],[36.00531876,45.3694489],[36.02053154,45.37201405],[36.02569103,45.37503636],[36.02957404,45.37531757],[36.03919804,45.37942934],[36.05881095,45.39112115],[36.07052386,45.40194225],[36.07402265,45.40915525],[36.07237756,45.41502523],[36.07546604,45.42422402],[36.07262671,45.42809641],[36.07000351,45.4371736],[36.07266808,45.43923366],[36.07311273,45.44163775],[36.08328211,45.44800055],[36.10228252,45.45306992],[36.10586548,45.45507777],[36.11589408,45.45733416],[36.12061191,45.46035635],[36.14364636,45.46676707],[36.18174171,45.47061706],[36.18491816,45.47178948],[36.19217861,45.47202575],[36.19777298,45.47047985],[36.20485997,45.47175014],[36.2109375,45.47126114],[36.2109375,45.47098207],[36.21367204,45.47106135],[36.21445358,45.47127605],[36.21657765,45.47274077],[36.22066796,45.47229934],[36.22359502,45.47392225],[36.23292208,45.47379255],[36.23549044,45.47479427],[36.23746061,45.47415161],[36.24157655,45.47539246],[36.24870384,45.47496784],[36.25893295,45.47633362],[36.26133764,45.47791541],[36.26732588,45.47741973],[36.26990044,45.47900927],[36.28442061,45.48146141],[36.29115045,45.48016286],[36.29378796,45.4816215],[36.29587805,45.48139775],[36.29981136,45.47772658],[36.30926693,45.47299314],[36.31883442,45.47049534],[36.32452142,45.47022486],[36.33923745,45.47452402],[36.34264803,45.47834837],[36.33957624,45.48168886],[36.34331202,45.48392475],[36.34475172,45.48338926],[36.3437947,45.48118615],[36.34509397,45.47946811],[36.35628867,45.47117424],[36.37052345,45.46800542],[36.38043523,45.46014154],[36.3931545,45.45288002],[36.41371596,45.44580913],[36.42485404,45.44531214],[36.43361115,45.44717205],[36.43505764,45.45042968],[36.44170594,45.45217967],[36.44297087,45.45589221],[36.44610095,45.45868516],[36.45864987,45.45594752],[36.46994245,45.45740712],[36.47964597,45.45542371],[36.49210918,45.45011008],[36.49935424,45.44411922],[36.50707316,45.44166386],[36.51848435,45.43210554],[36.52866697,45.42692721],[36.55488133,45.42332697],[36.5625,45.42522323],[36.5625,45.42550206],[36.56700838,45.42749214],[36.56837654,45.42884696],[36.5665158,45.43149996],[36.56648791,45.43509591],[36.56772041,45.43666744],[36.57472515,45.44014692],[36.5836699,45.44053948],[36.59694064,45.43748415],[36.60485184,45.42755783],[36.61381388,45.42201781],[36.61248386,45.41702056],[36.60642612,45.4120748],[36.61044705,45.40600646],[36.63215256,45.39153564],[36.64110363,45.38933587],[36.64707172,45.38210654],[36.64384401,45.38074768],[36.64259803,45.37830055],[36.63708484,45.37773085],[36.62967968,45.37460291],[36.63024306,45.36617351],[36.62822866,45.36602378],[36.62595308,45.36214375],[36.62570512,45.36192787],[36.62300134,45.36057413],[36.62073004,45.35965633],[36.61687136,45.35932004],[36.61558473,45.35732353],[36.61236715,45.35763001],[36.61090362,45.35712135],[36.61007071,45.35660624],[36.60934567,45.35591757],[36.60858035,45.3515625],[36.60842466,45.3515625],[36.60846198,45.35113633],[36.60459328,45.3476876],[36.5974828,45.34585846],[36.59684396,45.34578264],[36.58868015,45.34788275],[36.58256614,45.34678841],[36.56999564,45.34840524],[36.55596185,45.3465991],[36.5496186,45.34695876],[36.54557347,45.34521675],[36.54165745,45.34726834],[36.53673446,45.34594011],[36.53794634,45.34922254],[36.53772295,45.34979308],[36.53626537,45.35069275],[36.53280675,45.35156214],[36.53230917,45.3515625],[36.53243506,45.35203016],[36.52273571,45.35236227],[36.52078915,45.3515625],[36.52039194,45.3515625],[36.51616621,45.35729516],[36.50939918,45.36018181],[36.50403357,45.36051953],[36.50282896,45.36274815],[36.50037766,45.36379015],[36.49927282,45.3624835],[36.49394643,45.36225224],[36.49096978,45.35967648],[36.48605335,45.36092556],[36.48564613,45.36075926],[36.47893548,45.35421515],[36.47895455,45.35194075],[36.48302925,45.35144007],[36.47874796,45.35084474],[36.47452641,45.3487426],[36.47140014,45.34190035],[36.46694171,45.34006655],[36.46252954,45.33986306],[36.46150196,45.33740008],[36.46259582,45.33623457],[36.4644767,45.33726907],[36.46658015,45.33647287],[36.46735728,45.33865666],[36.47020686,45.33942342],[36.47116876,45.33158481],[36.47846043,45.32181847],[36.48043084,45.32063413],[36.48788381,45.31966901],[36.48971856,45.32170427],[36.49062133,45.31933284],[36.49417758,45.31863201],[36.49461687,45.31730783],[36.4818933,45.31101573],[36.48115253,45.30808866],[36.48475897,45.30779707],[36.47973335,45.30496716],[36.43442655,45.29609466],[36.42315614,45.28997958],[36.41674554,45.28329706],[36.41684938,45.27863681],[36.41910303,45.27567756],[36.41703045,45.27427495],[36.4174211,45.27308345],[36.42975235,45.26629364],[36.42931354,45.26514268],[36.42452204,45.26569355],[36.42324364,45.26296651],[36.42888212,45.25837016],[36.43181324,45.25954771],[36.43372941,45.26676154],[36.42912173,45.27200675],[36.42784917,45.27665687],[36.43253112,45.276443],[36.43319094,45.27618468],[36.43616533,45.27387524],[36.43735313,45.27107358],[36.43735087,45.26745427],[36.43323302,45.25745511],[36.43179572,45.25520051],[36.42146647,45.24435091],[36.42120576,45.24382675],[36.42032921,45.23845136],[36.42164195,45.23714435],[36.41289401,45.22939861],[36.40656471,45.22091341],[36.40213883,45.21300161],[36.40186036,45.21053624],[36.40375245,45.20049906],[36.40720475,45.19013047],[36.40584552,45.18796027],[36.40629196,45.17287111],[36.41154933,45.16612673],[36.41633165,45.16401315],[36.41675746,45.15915513],[36.42032635,45.15285575],[36.41861165,45.14721441],[36.42121267,45.13521624],[36.41873693,45.13516653],[36.41770852,45.13246036],[36.42107701,45.13064825],[36.4226917,45.13159597],[36.42303336,45.13443935],[36.42487216,45.13405621],[36.42485583,45.12764454],[36.42924571,45.12008107],[36.42665064,45.11874938],[36.42376745,45.11318994],[36.42539334,45.11294246],[36.43295193,45.11593163],[36.42976391,45.11775827],[36.42953324,45.11802137],[36.43045056,45.11847222],[36.43116474,45.11828744],[36.43367255,45.11635041],[36.43903065,45.11555493],[36.44153738,45.11197054],[36.44808805,45.10848677],[36.45031607,45.10841894],[36.44952035,45.10773122],[36.45395327,45.10507345],[36.45398772,45.10090956],[36.45402968,45.09583855],[36.44931197,45.09301174],[36.44459951,45.08733416],[36.42821097,45.08032703],[36.42442834,45.07741082],[36.41657352,45.07627785],[36.40975082,45.07346714],[36.40901816,45.07308698],[36.40728855,45.07108104],[36.40131354,45.07040107],[36.39512944,45.06717825],[36.38765836,45.06665552],[36.37469578,45.05903256],[36.37366605,45.05877757],[36.35831165,45.05879891],[36.35604084,45.05781925],[36.34647596,45.05936086],[36.3354336,45.05964077],[36.31045794,45.05895507],[36.30779397,45.05877864],[36.27019811,45.05419076],[36.26493967,45.053285],[36.25245714,45.0502938],[36.24901164,45.04907715],[36.24684346,45.04757237],[36.24643827,45.04096711],[36.22562945,45.02798796],[36.22218895,45.02888381],[36.21464837,45.02854633],[36.20572722,45.03288555],[36.19766521,45.03456843],[36.16743803,45.03632987],[36.08780396,45.04764485],[36.06211865,45.04991436],[36.03018212,45.04991555],[36.0029726,45.04237115],[35.99397004,45.03692925],[35.98495793,45.02539063],[35.97897363,45.02199125],[35.96497667,45.01782227],[35.95469916,45.01248825],[35.94251871,45.01446223],[35.93868327,45.01715934],[35.92782235,45.0207926],[35.91242921,45.01992655],[35.90476382,45.0187],[35.90055788,45.01518178],[35.89431417,45.01331544],[35.87895346,45.01076555],[35.86977994,45.00506425],[35.86943364,45.00494432],[35.85937464,45.00223196],[35.859375,45.00195313],[35.84707534,45.00014305],[35.84714317,45],[35.84679115,45],[35.84689665,44.99985576],[35.84096086,44.99867725],[35.83964586,44.99867725],[35.83486807,44.99985576],[35.83499372,45],[35.83491194,45],[35.82934272,45.00381255],[35.83514035,45.00812817],[35.83244657,45.01301146],[35.82499397,45.01869726],[35.82309186,45.01859236],[35.81851351,45.02140915],[35.81338477,45.02072442],[35.81189823,45.02158141],[35.81169391,45.02189875],[35.81448591,45.02549446],[35.81632447,45.03388333],[35.8097527,45.04348898],[35.80053031,45.04975164],[35.79532337,45.0516479],[35.79398596,45.05436695],[35.78581655,45.05853724],[35.77856827,45.06697822],[35.75494027,45.08019614],[35.74288118,45.08618402],[35.72786045,45.09283066],[35.70767617,45.1010617],[35.68095767,45.11083531],[35.61521792,45.12664425],[35.59514046,45.12943482],[35.57982171,45.13030136],[35.56601155,45.13030136],[35.53646004,45.1263653],[35.51837528,45.12243485],[35.47527564,45.11001194],[35.44868088,45.09913695],[35.42069077,45.08164954],[35.40636635,45.07129586],[35.40162837,45.0644778],[35.39579201,45.06130683],[35.39002836,45.05406046],[35.38593447,45.04812181],[35.38364696,45.03491437],[35.38536024,45.03072572],[35.39375055,45.02912736],[35.39142728,45.02659166],[35.39593625,45.02601576],[35.39665306,45.03040338],[35.39814258,45.02570164],[35.41480792,45.02196431],[35.41889775,45.01626515],[35.42121625,45.01468074],[35.42443192,45.01457906],[35.42591322,45.01268244],[35.40577853,45.00414002],[35.39537966,45.00087476],[35.38865197,45],[35.38300633,44.99730241],[35.38266802,44.99708152],[35.37597013,44.99699485],[35.37124336,44.99474406],[35.36509311,44.99396777],[35.3639158,44.99310231],[35.3580147,44.98738241],[35.35661221,44.98517227],[35.35409462,44.97824645],[35.35415792,44.97493494],[35.35441995,44.97456276],[35.35755002,44.97386742],[35.3650012,44.96699774],[35.36489093,44.9633733],[35.37035966,44.95559657],[35.37193334,44.95626617],[35.37756646,44.95515025],[35.38374782,44.95613551],[35.38619006,44.95442414],[35.39050531,44.95454836],[35.38506067,44.94947314],[35.38551652,44.94666123],[35.37867975,44.94729495],[35.37651944,44.95002377],[35.37279165,44.95040035],[35.35942113,44.9559046],[35.35302877,44.95625675],[35.35431492,44.96100414],[35.35145128,44.96369302],[35.33630466,44.96706891],[35.32758081,44.96459258],[35.32726097,44.96702063],[35.32306266,44.96911156],[35.31420636,44.9695096],[35.29997051,44.96676338],[35.29383481,44.96096575],[35.29384005,44.96442604],[35.29160452,44.96630573],[35.27598917,44.96872056],[35.26935053,44.96816194],[35.25638485,44.96257377],[35.25642991,44.96023762],[35.25416613,44.96048915],[35.24749112,44.95406687],[35.24678135,44.94767296],[35.25312352,44.93851054],[35.24189532,44.91954935],[35.23746347,44.91704142],[35.23714542,44.91556025],[35.23484635,44.91538942],[35.23486745,44.91394794],[35.22894144,44.91457736],[35.22012568,44.91068661],[35.21412432,44.90995574],[35.20433831,44.91197157],[35.20325065,44.91065955],[35.19931054,44.91071415],[35.19536054,44.90866363],[35.18819344,44.90842974],[35.18391025,44.90673435],[35.17763817,44.90152395],[35.17260122,44.90190601],[35.16729987,44.90082812],[35.1633234,44.89696622],[35.16076016,44.89610505],[35.14648747,44.87874532],[35.14468193,44.87456584],[35.14553642,44.87290657],[35.14281344,44.87000823],[35.14292061,44.86679184],[35.13922501,44.86408222],[35.13648307,44.85916126],[35.13397717,44.84658527],[35.13222003,44.84499156],[35.13284254,44.83999145],[35.13055813,44.83664334],[35.13010991,44.83085465],[35.12854922,44.82983005],[35.13127935,44.82557881],[35.13095713,44.82268345],[35.12600923,44.82221973],[35.1173774,44.81812024],[35.10972404,44.8111217],[35.11031234,44.80716193],[35.10195255,44.80696964],[35.09753025,44.803056],[35.09018946,44.80129206],[35.08503175,44.79682422],[35.08234143,44.79168737],[35.07706475,44.79452646],[35.06551754,44.79825985],[35.05832505,44.79845977],[35.05554664,44.79983783],[35.05193985,44.79941392],[35.04650211,44.80075765],[35.0495156,44.80764651],[35.04881096,44.81157446],[35.0512923,44.81373215],[35.04731142,44.81776953],[35.03670287,44.82421875],[35.03774035,44.82594037],[35.03133774,44.82968771],[35.02385855,44.83039105],[35.01519024,44.83325613],[35.0071038,44.83221614],[35.00107014,44.83530557],[34.99406016,44.83068776],[34.98930132,44.82954752],[34.98759305,44.83072674],[34.9876914,44.83420181],[34.98746908,44.83460951],[34.98625886,44.83541477],[34.98523438,44.83592784],[34.98031414,44.83797562],[34.97116566,44.84019411],[34.96857071,44.84059405],[34.96523857,44.84069276],[34.95903814,44.8376708],[34.95234191,44.83825684],[34.94734764,44.83612001],[34.94047081,44.83597136],[34.93424475,44.83099735],[34.93145454,44.83060503],[34.93009031,44.83153355],[34.91860747,44.82961965],[34.91603863,44.82661545],[34.91847444,44.82421875],[34.91690052,44.82357776],[34.91919172,44.82219493],[34.91631746,44.82102728],[34.91076195,44.82104814],[34.91006052,44.81536365],[34.90668261,44.81723523],[34.90562582,44.8202455],[34.89943051,44.81832004],[34.89693904,44.81592906],[34.8900634,44.81590915],[34.88466334,44.81768084],[34.8847686,44.82014692],[34.88331521,44.82123935],[34.87158644,44.82193446],[34.86491597,44.82163584],[34.85245287,44.81660688],[34.84477556,44.81506658],[34.8340044,44.81852317],[34.80252945,44.81975436],[34.79111147,44.8178308],[34.77859485,44.81863844],[34.76138842,44.81662464],[34.75658107,44.81511795],[34.74890113,44.80999625],[34.73819828,44.81186986],[34.73268783,44.81194186],[34.72925663,44.81160796],[34.72289193,44.80977631],[34.70923126,44.80387986],[34.69883263,44.80161273],[34.68531954,44.79464805],[34.68029392,44.79063952],[34.67571223,44.78997028],[34.67009592,44.78731525],[34.64953685,44.78626525],[34.62255693,44.77544141],[34.61777282,44.7741456],[34.61112571,44.77454483],[34.60470545,44.77262604],[34.58656061,44.75949454],[34.56722581,44.75497222],[34.55778766,44.75403905],[34.55343628,44.75248826],[34.54835093,44.75022686],[34.53407454,44.73886836],[34.52497804,44.73613155],[34.5181607,44.73624384],[34.51768434,44.73614204],[34.50950301,44.73378634],[34.50207198,44.72993076],[34.49832404,44.72969556],[34.48927295,44.72608352],[34.48009264,44.72047245],[34.46092224,44.71258187],[34.45519626,44.70861375],[34.44959426,44.70365858],[34.44093215,44.69303072],[34.41706192,44.67367291],[34.41211021,44.66313887],[34.40714645,44.65809906],[34.40314496,44.65111995],[34.40041268,44.63963795],[34.38418925,44.62527466],[34.38112187,44.61621606],[34.37732184,44.61414885],[34.37582696,44.61176527],[34.37641621,44.60741591],[34.37365675,44.60532928],[34.37341082,44.60461354],[34.37354636,44.59973645],[34.37126815,44.59221375],[34.37088203,44.59170771],[34.36909425,44.59085095],[34.36766732,44.59072197],[34.36543834,44.59174955],[34.36266303,44.59120655],[34.35370386,44.58722556],[34.35315573,44.58693266],[34.34953582,44.5824697],[34.35014856,44.57489276],[34.34680164,44.57153964],[34.34870017,44.56469357],[34.34739292,44.54771197],[34.33879495,44.54704821],[34.32674384,44.54943407],[34.31764126,44.55252564],[34.31300747,44.55321896],[34.30611825,44.55254757],[34.30357814,44.55012214],[34.29693735,44.54768574],[34.29588854,44.54493225],[34.29148686,44.54494464],[34.28408742,44.54146111],[34.27905512,44.54077005],[34.27566457,44.53676295],[34.27180815,44.52464056],[34.26694047,44.52049184],[34.26202404,44.51315224],[34.25148702,44.50644791],[34.23202896,44.50342262],[34.21235812,44.50284731],[34.20807195,44.50078237],[34.2066915,44.4980123],[34.20510793,44.49762475],[34.20376825,44.49764132],[34.20531774,44.49967277],[34.20027697,44.49868822],[34.1919955,44.49965215],[34.18550181,44.49895],[34.17660224,44.4965533],[34.16917574,44.49111235],[34.17104864,44.49427485],[34.16910374,44.49487436],[34.16460538,44.49202526],[34.15469563,44.47319591],[34.15120542,44.47166336],[34.14959455,44.46337152],[34.14450836,44.45807052],[34.14433157,44.45568645],[34.14182341,44.45426834],[34.13776875,44.44754195],[34.13590956,44.44664347],[34.13586855,44.44265485],[34.13397658,44.44160366],[34.13228214,44.43534136],[34.12705386,44.42834222],[34.12070346,44.42667794],[34.11346054,44.42850816],[34.10911703,44.42822385],[34.1015625,44.42550206],[34.09786212,44.42723775],[34.09308553,44.42766738],[34.07398045,44.42097795],[34.06614554,44.42224026],[34.06014311,44.42018056],[34.05619395,44.41704416],[34.05216324,44.41725183],[34.04744065,44.41414082],[34.04232085,44.41391516],[34.04191232,44.41020441],[34.03397071,44.40535057],[34.02898204,44.40500784],[34.01678002,44.40719688],[34.01007116,44.40279651],[34.00314224,44.40233576],[34.00095141,44.40043676],[33.99742675,44.40074766],[33.99227405,44.39927471],[33.98893785,44.40059757],[33.98282957,44.39911115],[33.98175085,44.39716077],[33.98039091,44.39715672],[33.97953224,44.39416826],[33.97077,44.39093721],[33.95756686,44.39042544],[33.94865942,44.39192808],[33.94089711,44.39131975],[33.9366008,44.3941679],[33.93222463,44.39403617],[33.92469847,44.39595056],[33.92078435,44.39810896],[33.90406823,44.40014195],[33.89972365,44.40234971],[33.89293146,44.40196383],[33.88207376,44.40393054],[33.87109125,44.40353155],[33.86094117,44.40671301],[33.85521126,44.40431714],[33.84609747,44.40486038],[33.83926058,44.40395975],[33.83337474,44.39946675],[33.82936311,44.40042675],[33.82321668,44.39893866],[33.82076216,44.39552867],[33.80866504,44.39533544],[33.80546546,44.39318931],[33.79968977,44.39476764],[33.79808295,44.39264524],[33.79269934,44.39126611],[33.79046941,44.38907325],[33.78370297,44.38707507],[33.78010976,44.38767028],[33.77801228,44.38608956],[33.77195275,44.38803816],[33.76783347,44.38736904],[33.75996947,44.39031363],[33.73805988,44.38668954],[33.73559892,44.38892186],[33.73042548,44.39015102],[33.7299546,44.39137745],[33.72701573,44.39199781],[33.72650456,44.39233255],[33.72177052,44.40386105],[33.71594441,44.41202104],[33.71141052,44.41227007],[33.71010041,44.41308856],[33.70960951,44.41383266],[33.70973468,44.41839242],[33.70809186,44.42071033],[33.70415676,44.42112672],[33.69525242,44.4181416],[33.69249725,44.41874075],[33.68462384,44.41665506],[33.67361021,44.41744065],[33.66702354,44.41846406],[33.65862775,44.42279422],[33.64988673,44.42566085],[33.64688504,44.4290024],[33.64471448,44.4361732],[33.6420753,44.43989074],[33.64282656,44.45321012],[33.63949621,44.46236157],[33.63789487,44.46335435],[33.63600671,44.47192597],[33.63350165,44.47318435],[33.63006234,44.47958493],[33.61823142,44.48487222],[33.61614823,44.48761261],[33.59599304,44.49340534],[33.59567785,44.49568284],[33.59304416,44.49514353],[33.59400284,44.4923228],[33.58870804,44.49007952],[33.58439302,44.48947334],[33.57754445,44.49127913],[33.57146323,44.49057484],[33.5659852,44.48825145],[33.55589116,44.48723447],[33.54726398,44.48913264],[33.54091144,44.49302423],[33.5287286,44.49688685],[33.52528107,44.49971688],[33.52059484,44.50106382],[33.51510406,44.50040984],[33.50919962,44.50248456],[33.49947107,44.50331783],[33.49230361,44.49982846],[33.49087071,44.49725378],[33.48697913,44.49722552],[33.48177815,44.50346804],[33.48182821,44.50799656],[33.48003471,44.50793803],[33.48000062,44.50912452],[33.47638643,44.51076543],[33.47210395,44.51610374],[33.46897948,44.51648736],[33.46704864,44.52217758],[33.46402216,44.52233446],[33.45758414,44.52900171],[33.44553733,44.5343461],[33.43383837,44.54172444],[33.42983627,44.54260027],[33.42528856,44.54661751],[33.41569281,44.54884386],[33.41469312,44.55232072],[33.41039956,44.55327666],[33.40182495,44.55920196],[33.3984375,44.56584823],[33.39296865,44.56810486],[33.38780844,44.57516491],[33.37855852,44.58299971],[33.38485646,44.58603752],[33.39070678,44.58697164],[33.39447534,44.58645892],[33.3984375,44.59123886],[33.40283668,44.5909692],[33.40297258,44.58724177],[33.4012109,44.58525825],[33.40382636,44.5820142],[33.40183091,44.56954884],[33.40874004,44.57694685],[33.40996706,44.57466996],[33.40910387,44.57072794],[33.41173124,44.56397295],[33.41322315,44.56564057],[33.41318727,44.57125974],[33.41518641,44.57431185],[33.41298294,44.57793474],[33.41481531,44.58019602],[33.41373515,44.58531034],[33.41589177,44.58754134],[33.41924596,44.58633435],[33.41913426,44.58359027],[33.42427528,44.57967806],[33.42737675,44.57525766],[33.43658364,44.5720309],[33.43582582,44.57404721],[33.43139601,44.5748831],[33.42834687,44.58060408],[33.42558098,44.58105111],[33.42587995,44.58602726],[33.42878485,44.58738077],[33.42664528,44.58750105],[33.42680538,44.5922271],[33.42529285,44.59396815],[33.42192972,44.59357071],[33.42558861,44.59753561],[33.42941666,44.59762847],[33.43111646,44.59661543],[33.43386185,44.59976613],[33.43385005,44.60340714],[33.43940783,44.60513651],[33.44101036,44.60464644],[33.43994224,44.59903407],[33.44832516,44.59549725],[33.44986331,44.60114312],[33.44737053,44.60630095],[33.45179355,44.6089071],[33.45702565,44.60996795],[33.4616791,44.60956013],[33.46422148,44.61157048],[33.46802676,44.61117578],[33.46878386,44.60789692],[33.46664202,44.60598111],[33.46693623,44.60404563],[33.46873784,44.60215473],[33.47206402,44.60132706],[33.47040677,44.60455823],[33.47387338,44.60722613],[33.47439694,44.6120038],[33.48375118,44.60840797],[33.48785806,44.61238456],[33.49547732,44.61344671],[33.49670947,44.61324215],[33.49733615,44.61084366],[33.49582303,44.61013234],[33.49864972,44.6097157],[33.50193632,44.61094344],[33.50247633,44.61509156],[33.50570774,44.61703515],[33.50768697,44.62080562],[33.50743723,44.61670327],[33.51710987,44.61684465],[33.52008021,44.61504376],[33.52001774,44.61381137],[33.52226472,44.61662686],[33.52678156,44.61798263],[33.53052914,44.61283886],[33.52983344,44.60895646],[33.53133595,44.60302281],[33.52924216,44.60221827],[33.5287894,44.60044122],[33.53328764,44.60351133],[33.53135622,44.60950887],[33.53366435,44.61419106],[33.53326654,44.61649811],[33.53701842,44.61555564],[33.54339576,44.61638415],[33.54959953,44.61581755],[33.55144143,44.61816478],[33.55303288,44.61826885],[33.55700326,44.61578691],[33.56558394,44.61486864],[33.56809187,44.61615956],[33.57385814,44.61491466],[33.57528245,44.61398971],[33.57364523,44.61239505],[33.57506275,44.61164522],[33.5785104,44.6132375],[33.58203042,44.61155522],[33.58753991,44.61114228],[33.58720827,44.61179721],[33.59199822,44.61280692],[33.5892421,44.61553144],[33.58551228,44.61549234],[33.57580936,44.61990786],[33.56465936,44.62029481],[33.56466115,44.62321746],[33.56274354,44.62457395],[33.56045938,44.62451804],[33.55894291,44.62215316],[33.55396652,44.62196791],[33.55145097,44.62497616],[33.54196918,44.62201261],[33.53590095,44.62309396],[33.53585684,44.62529504],[33.52608454,44.62684298],[33.52250862,44.62853873],[33.51499891,44.6284759],[33.51088822,44.62416613],[33.50953734,44.62478125],[33.51256621,44.62830496],[33.51093376,44.63152862],[33.51672053,44.63681388],[33.53160942,44.64022934],[33.53588486,44.64426994],[33.53859293,44.65199804],[33.54277146,44.65823531],[33.54592657,44.67073882],[33.54666877,44.67532277],[33.54833984,44.69266176],[33.54646182,44.71442807],[33.54859555,44.72055554],[33.54793,44.72837615],[33.54130006,44.74066186],[33.54121816,44.76519573],[33.53348756,44.79095376],[33.54151464,44.80170345],[33.54685307,44.80452096],[33.54819775,44.80877185],[33.55069423,44.81101274],[33.5517925,44.81988144],[33.54996204,44.83372807],[33.55005217,44.83436775],[33.55347693,44.84016323],[33.55399656,44.84035122],[33.55597353,44.83951485],[33.56162655,44.84131646],[33.56880808,44.83744347],[33.57246911,44.83741426],[33.57984376,44.84015477],[33.58686817,44.84531534],[33.59305632,44.84530425],[33.59699166,44.84847856],[33.59801078,44.84964585],[33.60078037,44.85412896],[33.60243964,44.85734105],[33.60760307,44.87155378],[33.61013234,44.89387214],[33.61079776,44.89648294],[33.61068761,44.89705551],[33.61300147,44.90512836],[33.61304176,44.91916025],[33.61038744,44.93952596],[33.60098672,44.96889913],[33.59790564,44.97415245],[33.59913731,44.97704792],[33.6051774,44.98113155],[33.60253215,45],[33.60094666,45.00772464],[33.58787274,45.03532386],[33.58617103,45.04298556],[33.56917083,45.07215846],[33.56899822,45.07468414],[33.56175113,45.08490515],[33.54273701,45.1056087],[33.51665056,45.13024366],[33.51373625,45.13281214],[33.49968731,45.14414895],[33.47736263,45.15821338],[33.46654952,45.16674566],[33.45052052,45.17578101],[33.44364405,45.17940903],[33.41367984,45.19299865],[33.39843714,45.19670725],[33.38680136,45.19726503],[33.38400471,45.19684625],[33.38194394,45.19630837],[33.37774086,45.19435775],[33.37558961,45.19253242],[33.37499166,45.19187474],[33.37608373,45.18580663],[33.37208092,45.18388188],[33.36700034,45.18386412],[33.36086667,45.18184686],[33.35767031,45.17822325],[33.35218084,45.17485893],[33.33250165,45.17264581],[33.32052851,45.17515063],[33.30574763,45.17401791],[33.30506837,45.17381835],[33.29722154,45.16718554],[33.29625905,45.16031694],[33.28811145,45.15464425],[33.28812122,45.15347755],[33.28341842,45.15115035],[33.28180444,45.1484766],[33.27613676,45.14664531],[33.27033424,45.14727831],[33.26675415,45.14627242],[33.26347363,45.14672196],[33.25743783,45.14855003],[33.25485826,45.15001726],[33.24377108,45.15981615],[33.24342406,45.16017735],[33.23416746,45.17164743],[33.22600973,45.17578101],[33.20567167,45.18281364],[33.18541205,45.18456078],[33.1777544,45.19234574],[33.17423356,45.19137716],[33.16576374,45.19423366],[33.15908146,45.19918394],[33.15096331,45.20214307],[33.14523888,45.20838702],[33.13921785,45.21901774],[33.12855434,45.22561324],[33.11265075,45.23177195],[33.10474193,45.23953915],[33.10046721,45.24765241],[33.09632015,45.24938166],[33.0911597,45.25567293],[33.08256054,45.26017487],[33.07220435,45.27126205],[33.06891346,45.27385747],[33.05544293,45.28337061],[33.04283464,45.28962183],[33.03896225,45.29393601],[33.03677201,45.29336381],[33.03506505,45.29570484],[33.03262186,45.29546225],[33.03014517,45.29690874],[33.00179184,45.31810951],[32.99373424,45.32299364],[32.98814547,45.32481623],[32.98804915,45.32495904],[32.98971224,45.32654643],[32.99338913,45.32643485],[33.01065254,45.31604767],[33.02178216,45.30780065],[33.02235425,45.30780065],[33.02234626,45.31075072],[33.02597106,45.31351352],[33.02599382,45.31744075],[33.02765536,45.32011485],[33.02775955,45.32092512],[33.02725971,45.32729888],[33.0302844,45.32819152],[33.03307176,45.32573497],[33.03518164,45.32747304],[33.03685117,45.32674575],[33.03849816,45.32762694],[33.03737414,45.33072114],[33.03203785,45.33483636],[33.02839994,45.34099185],[33.046875,45.33900654],[33.04947317,45.33904242],[33.05016363,45.33929062],[33.05325067,45.34272635],[33.05344856,45.34287083],[33.05729222,45.34454453],[33.05800331,45.34001064],[33.06025636,45.33807886],[33.06285155,45.34115577],[33.06333923,45.34542894],[33.07049155,45.34466076],[33.06934822,45.34951246],[33.06895423,45.34978163],[33.06490076,45.34954274],[33.06119645,45.35122955],[33.05340707,45.35128307],[33.04898417,45.34966385],[33.046875,45.34988844],[33.04647875,45.35030663],[33.04647911,45.3515625],[33.046875,45.3515625],[33.04873621,45.35348582],[33.05669928,45.35590982],[33.05398536,45.36089325],[33.0561949,45.36208308],[33.05921364,45.36201477],[33.05980074,45.36225343],[33.06233478,45.36403167],[33.06304264,45.36474597],[33.06204176,45.3693856],[33.06343734,45.37150037],[33.06776965,45.37145007],[33.07203543,45.37587357],[33.0739789,45.37536085],[33.07963705,45.37663448],[33.07992101,45.37658298],[33.08233321,45.36972415],[33.08539224,45.37387943],[33.08633161,45.37218344],[33.09546995,45.37245131],[33.10020137,45.36983216],[33.10176742,45.37079513],[33.10092306,45.37578726],[33.10642076,45.38156867],[33.10646176,45.38434696],[33.11034572,45.38240361],[33.11298466,45.38569987],[33.11294854,45.38821936],[33.12260413,45.38855743],[33.12492847,45.38709402],[33.12980735,45.38885856],[33.13212347,45.38796175],[33.13391972,45.38966334],[33.13289344,45.39033735],[33.12890875,45.39037693],[33.1265012,45.39207172],[33.11735725,45.39094377],[33.11654365,45.39259887],[33.12315345,45.39742506],[33.12840581,45.39766765],[33.12977254,45.4007045],[33.13201272,45.40019393],[33.1326251,45.40139115],[33.13699162,45.40229166],[33.13824725,45.40396738],[33.14965892,45.40711033],[33.15079737,45.40960085],[33.15913403,45.41571403],[33.16820812,45.43288314],[33.16869998,45.43323326],[33.17016041,45.43353343],[33.17204773,45.42955196],[33.17457795,45.42777193],[33.18054914,45.42692745],[33.18862057,45.43119895],[33.19191694,45.4387542],[33.198511,45.43865883],[33.20514154,45.44230282],[33.20535445,45.44278121],[33.20202911,45.44526076],[33.19405162,45.44873965],[33.19101608,45.44926262],[33.1884495,45.44857454],[33.18329287,45.44470036],[33.17929447,45.43836975],[33.17231751,45.43882394],[33.15789711,45.43479204],[33.15716636,45.42315292],[33.14883006,45.41608894],[33.14522457,45.41495776],[33.14082301,45.41750133],[33.13724184,45.41741693],[33.13064635,45.40650976],[33.11836731,45.40053892],[33.11351752,45.39626753],[33.10978472,45.40028834],[33.10718775,45.39307904],[33.10126138,45.38969827],[33.09712887,45.39154744],[33.09558284,45.3911494],[33.09743226,45.38550675],[33.09571052,45.38469517],[33.09209275,45.38457036],[33.09159875,45.38476157],[33.08617234,45.38907635],[33.08419323,45.38602936],[33.07997286,45.38622737],[33.07558727,45.39137292],[33.07238865,45.38985455],[33.07261348,45.38631844],[33.06776798,45.38657725],[33.06605995,45.38846862],[33.06541526,45.38833594],[33.06260812,45.38432527],[33.05770898,45.38468885],[33.05434704,45.38103437],[33.04737473,45.38155293],[33.04999411,45.3770256],[33.04998767,45.37669384],[33.04687464,45.37332571],[33.046875,45.37304676],[33.04667628,45.37304676],[33.04586327,45.37067688],[33.04548502,45.37054706],[33.02922523,45.37054026],[33.02516043,45.37185502],[33.01999986,45.37074447],[33.01924241,45.36673975],[33.01156986,45.36760855],[33.00691021,45.36112726],[33.00857425,45.35950816],[33.00790334,45.35733116],[33.0033499,45.35512853],[32.99781561,45.35592473],[32.99430263,45.35487628],[32.99058235,45.35232747],[32.99046612,45.3515625],[32.99065661,45.3515625],[32.98941553,45.34725237],[32.98916054,45.34721053],[32.98867714,45.3515625],[32.98514974,45.36045551],[32.98095357,45.35889494],[32.9772011,45.35359001],[32.96921194,45.35181165],[32.96520984,45.35544145],[32.95910394,45.35727131],[32.9522413,45.35767007],[32.94145906,45.35633504],[32.92549646,45.35874093],[32.92512143,45.35838795],[32.92598045,45.35696697],[32.93961847,45.3515625],[32.94037676,45.3515625],[32.94034004,45.35141945],[32.95914626,45.34373414],[32.98009837,45.33422315],[32.98499906,45.33156884],[32.98629892,45.3304522],[32.98647273,45.32958686],[32.98344541,45.32662594],[32.98310494,45.32659698],[32.98287106,45.32657623],[32.98253608,45.32758725],[32.98367774,45.32950783],[32.97846734,45.33314025],[32.97784245,45.33347332],[32.95320845,45.34509218],[32.92313421,45.35699618],[32.90483904,45.36157775],[32.89263511,45.36230493],[32.86973321,45.36647534],[32.86368728,45.36574995],[32.85975862,45.36767077],[32.84448445,45.36665893],[32.8329581,45.36830354],[32.82064176,45.36587357],[32.78526032,45.36554527],[32.78045964,45.36739612],[32.77575362,45.36582112],[32.76522446,45.36576271],[32.75588274,45.36475515],[32.7512598,45.36375463],[32.7467941,45.36215055],[32.73501527,45.35602272],[32.72984016,45.35587597],[32.71106684,45.34253764],[32.70145023,45.34009421],[32.6953125,45.3359375],[32.68664205,45.33484006],[32.68293226,45.33284903],[32.68054295,45.33145726],[32.68015206,45.3310678],[32.67872536,45.32602394],[32.67262304,45.32146037],[32.65315747,45.31509841],[32.63289654,45.31944573],[32.62743545,45.31877768],[32.62112534,45.31997633],[32.61645865,45.32186568],[32.61665201,45.32464051],[32.60537195,45.32588267],[32.60213733,45.3270483],[32.60018826,45.32930732],[32.59710741,45.32732761],[32.58537781,45.32802844],[32.58328283,45.32917666],[32.57988751,45.32869863],[32.56916547,45.33381045],[32.55140853,45.33462107],[32.54935217,45.33726335],[32.54388165,45.33841932],[32.53682625,45.3371011],[32.53123975,45.34031284],[32.51826203,45.34143186],[32.51618898,45.34075177],[32.51219285,45.34242988],[32.49469566,45.34567547],[32.49351072,45.34894145],[32.51259232,45.36067188],[32.51651216,45.3670485],[32.51650965,45.36951065],[32.51356435,45.37729514],[32.50757945,45.38278556],[32.50363016,45.38283384],[32.50108433,45.38417125],[32.49835026,45.38326955],[32.48976553,45.38508296],[32.48015976,45.38970697],[32.48105633,45.39213097],[32.47969425,45.39274848],[32.47928512,45.39623702],[32.48045611,45.40164602],[32.48375118,45.40479445],[32.49064016,45.40666711],[32.49035788,45.41035831],[32.50071776,45.42308235],[32.52370226,45.43596542],[32.53052592,45.44374275],[32.53842127,45.44910657],[32.53805804,45.45259392],[32.53894615,45.45440543],[32.54056203,45.45561016],[32.55959415,45.46626985],[32.56404293,45.47010183],[32.57829154,45.47631085],[32.58525455,45.48071551],[32.59197736,45.48154521],[32.59231591,45.48368967],[32.59941304,45.48516583],[32.61657977,45.49303055],[32.61979938,45.49290288],[32.62576938,45.49690306],[32.63027978,45.4979043],[32.64764166,45.50606847],[32.65258193,45.50728226],[32.66584933,45.51356506],[32.68399286,45.51890445],[32.69179022,45.52293408],[32.6953125,45.52232134],[32.6953125,45.51869404],[32.69919944,45.51588655],[32.69617617,45.51530957],[32.69438577,45.51268411],[32.69177234,45.51239574],[32.69174743,45.50981736],[32.69664323,45.50979865],[32.69644845,45.51171625],[32.69960666,45.51395106],[32.70390117,45.51346338],[32.70581794,45.51478756],[32.71055305,45.51517916],[32.71419144,45.51925898],[32.71026874,45.52142882],[32.71315336,45.5242002],[32.70885432,45.52610564],[32.71232426,45.52899885],[32.72511077,45.53194416],[32.72786295,45.53566456],[32.73825645,45.54263091],[32.75080061,45.54780257],[32.75462174,45.54829645],[32.75722384,45.55022287],[32.75959134,45.55019343],[32.7724601,45.55638134],[32.78073943,45.55740905],[32.78870916,45.56193471],[32.79270434,45.56188262],[32.79992676,45.55949986],[32.79792023,45.55594385],[32.80307126,45.55264854],[32.79769051,45.55194104],[32.79876053,45.54765844],[32.79774976,45.5464015],[32.79518521,45.54641056],[32.79325664,45.54440916],[32.78295112,45.54262877],[32.77186942,45.53748894],[32.76551235,45.53244162],[32.76600647,45.52876294],[32.77755916,45.53259695],[32.78260314,45.53099835],[32.79162967,45.53327],[32.79554105,45.53284895],[32.80611455,45.53725398],[32.80915165,45.53652406],[32.81405771,45.53931654],[32.81761706,45.53908503],[32.81554568,45.54986405],[32.81232917,45.55182207],[32.80731833,45.55196583],[32.80733037,45.54925847],[32.80486584,45.54840791],[32.80563426,45.55380952],[32.80928946,45.55290055],[32.81598711,45.55885541],[32.81977725,45.55901587],[32.82505143,45.55444121],[32.823614,45.55306983],[32.82453334,45.54890752],[32.82683694,45.54763496],[32.83124125,45.54885113],[32.83368278,45.55365527],[32.82954502,45.55374944],[32.82793796,45.55505896],[32.83317971,45.55720794],[32.84235287,45.56492412],[32.84612393,45.57438672],[32.84486306,45.57963765],[32.84032607,45.58311486],[32.82095611,45.58376157],[32.82450581,45.59016705],[32.86088657,45.60957801],[32.89482367,45.63064933],[32.91375303,45.64087725],[32.92118657,45.64314926],[32.9273293,45.64711666],[32.93532884,45.64862704],[32.94309235,45.65510404],[32.95417035,45.65872955],[32.95628452,45.66215897],[32.96628594,45.66296482],[32.96670806,45.66312885],[32.96824205,45.66511154],[32.97742021,45.66919315],[32.98166525,45.67261493],[32.99133325,45.67442417],[32.99969471,45.67940843],[33.00398254,45.67782843],[33.00798571,45.67834151],[33.00852823,45.67852282],[33.01862156,45.68578875],[33.02339578,45.68755436],[33.0284723,45.68721485],[33.03910291,45.69233441],[33.04465222,45.69221401],[33.04751766,45.69416845],[33.05190313,45.69514215],[33.05567086,45.69846845],[33.06552005,45.70350206],[33.06863892,45.70476425],[33.07246435,45.70459926],[33.07928956,45.70661604],[33.09592485,45.71445584],[33.09959471,45.71301937],[33.10409343,45.71330512],[33.11427784,45.71142781],[33.12099505,45.71404457],[33.12699211,45.71844006],[33.13516498,45.71882975],[33.13823426,45.71939063],[33.14009786,45.72019064],[33.14392614,45.72257996],[33.15285552,45.73231435],[33.15653074,45.74042606],[33.16237187,45.76514363],[33.16487026,45.7699908],[33.16737556,45.78709483],[33.168962,45.78703976],[33.17366481,45.77970636],[33.18513882,45.76889443],[33.19944465,45.76084423],[33.21647465,45.75393546],[33.23362493,45.75063455],[33.24974287,45.75201964],[33.26477051,45.75523853],[33.28201985,45.76137686],[33.29359996,45.76370132],[33.29830015,45.76612473],[33.31717145,45.77013052],[33.35980797,45.78740716],[33.36652708,45.79249752],[33.37870014,45.7978152],[33.38140404,45.80066001],[33.38529682,45.80220711],[33.38514984,45.80410206],[33.40195537,45.81471515],[33.40970814,45.82159913],[33.41106033,45.81733966],[33.40866172,45.81589901],[33.40891945,45.81417096],[33.41210854,45.81147325],[33.41540241,45.81143105],[33.41636932,45.81590033],[33.41496956,45.81879985],[33.41202366,45.81866455],[33.41206062,45.82178545],[33.41589665,45.82730627],[33.42026317,45.82178175],[33.42126942,45.82300437],[33.41937935,45.82370782],[33.41960084,45.82641637],[33.41764307,45.82632077],[33.41677284,45.82816243],[33.42057407,45.83067095],[33.42591131,45.83397281],[33.44372225,45.84091234],[33.47557604,45.84992933],[33.48210013,45.85305154],[33.48650622,45.85264707],[33.49462521,45.85461688],[33.49453545,45.84919024],[33.4979794,45.84783065],[33.50130105,45.84146476],[33.50334525,45.84011352],[33.50804365,45.84015381],[33.51414406,45.84187043],[33.52568424,45.84793115],[33.53363132,45.84608233],[33.53597522,45.84457326],[33.53485644,45.84273088],[33.53704023,45.84122467],[33.53500485,45.8396157],[33.53687334,45.83817935],[33.54003263,45.83810735],[33.53973711,45.83491313],[33.54355872,45.83552766],[33.54715335,45.83746505],[33.55175388,45.84887397],[33.55770814,45.8541342],[33.55747545,45.85628271],[33.56775725,45.86900425],[33.57725251,45.86991727],[33.57605243,45.86771595],[33.58046126,45.86747563],[33.58338773,45.86930501],[33.59120226,45.88018036],[33.5962522,45.88383424],[33.61379457,45.8900001],[33.61926484,45.88917565],[33.62376404,45.88411057],[33.63490355,45.87982905],[33.64030015,45.87388694],[33.65344763,45.87384295],[33.65828335,45.87136567],[33.65919995,45.87048626],[33.65656006,45.86921251],[33.65936601,45.86397254],[33.67260671,45.85713434],[33.68206334,45.85025644],[33.67891705,45.84405374],[33.67998207,45.84330952],[33.68343937,45.84378052],[33.68643641,45.84838426],[33.68677545,45.85687876],[33.68341005,45.86460376],[33.68059063,45.86731577],[33.68104994,45.87904537],[33.67672873,45.89876747],[33.67762518,45.90350032],[33.68150091,45.90858412],[33.68681598,45.91170561],[33.68984675,45.91206062],[33.69270587,45.91057265],[33.69207513,45.90965283],[33.68875265,45.90946424],[33.68895555,45.90855753],[33.69693685,45.90723395],[33.70585501,45.91230023],[33.71953392,45.92340946],[33.72541547,45.92629957],[33.73219562,45.92798364],[33.74916518,45.92732525],[33.7533313,45.93075705],[33.75902331,45.93042195],[33.75933301,45.93433583],[33.75271678,45.94795477],[33.74836004,45.94821668],[33.74506402,45.9509505],[33.73985481,45.95221531],[33.72785068,45.95012593],[33.69050133,45.95622337],[33.68569124,45.95417428],[33.68045616,45.95355725],[33.65855801,45.95504856],[33.63921821,45.94919014],[33.63890457,45.94321775],[33.63770604,45.94235146],[33.6268903,45.94249475],[33.6181972,45.94604075],[33.62100005,45.95102584],[33.63066804,45.95744991],[33.63254488,45.96498287],[33.63082385,45.98566008],[33.62540436,45.99610817],[33.62280858,46.00568748],[33.61807132,46.0358535],[33.61597228,46.03865325],[33.61451614,46.04680634],[33.61499262,46.05347145],[33.62468231,46.06958735],[33.63099575,46.07403314],[33.63342655,46.07402074],[33.63316882,46.07577693],[33.63469231,46.07678735],[33.63638103,46.07711601],[33.63603115,46.07440937],[33.64251804,46.07822847],[33.64179587,46.08496094],[33.63343716,46.09917235],[33.62481654,46.10838902],[33.61934948,46.11634553],[33.6175698,46.11986733],[33.61496985,46.13023102],[33.61529017,46.13432705],[33.61493552,46.13496411],[33.61013424,46.14359343],[33.6017735,46.15153611],[33.59447575,46.15694952],[33.59385645,46.15724266],[33.58635592,46.15934622],[33.5787909,46.1576637],[33.57264912,46.15382504],[33.56664646,46.14580715],[33.56645942,46.14546144],[33.56540966,46.13877153],[33.56564224,46.13865638],[33.56907535,46.14211583],[33.57368875,46.143103],[33.56677854,46.1381433],[33.55829978,46.13658905],[33.54859447,46.13722098],[33.54606831,46.13646483],[33.54210484,46.13163483],[33.54047382,46.12588441],[33.54442871,46.12454677],[33.54479074,46.12340033],[33.54015124,46.11944056],[33.53513396,46.11723042],[33.52171648,46.11567664],[33.52125692,46.11766136],[33.52026594,46.1186645],[33.51528335,46.12278664],[33.51290727,46.12346971],[33.51259732,46.12331355],[33.51031637,46.12114453],[33.50956047,46.11898434],[33.50966406,46.11229765],[33.51078415,46.10752594],[33.51674163,46.09840882],[33.53766966,46.08808124],[33.54418635,46.08590805],[33.54837191,46.08644664],[33.55064571,46.08295321],[33.5613507,46.07557881],[33.56711042,46.07518435],[33.56164145,46.07402503],[33.54985845,46.07397008],[33.52192116,46.08186543],[33.51590514,46.08196378],[33.50721252,46.08088505],[33.49729454,46.07529366],[33.49103224,46.06852782],[33.48975766,46.06029606],[33.49193227,46.05292535],[33.49977386,46.04749811],[33.51161385,46.03065956],[33.51446474,46.03215575],[33.51745021,46.03117394],[33.51482034,46.02913654],[33.50173342,46.02825665],[33.49325216,46.03003228],[33.48480022,46.03357553],[33.47621334,46.03984702],[33.47055435,46.04641092],[33.46313357,46.05017805],[33.4622246,46.04752791],[33.45717514,46.04748285],[33.44704676,46.04152584],[33.44129026,46.04068184],[33.43480563,46.04122186],[33.43104506,46.0402081],[33.42598534,46.04096973],[33.42250276,46.03804052],[33.42255032,46.03465915],[33.42463875,46.03426206],[33.42698836,46.031569],[33.42899275,46.03353572],[33.43161881,46.03053856],[33.42108166,46.03080964],[33.41729903,46.03285003],[33.41011095,46.03936684],[33.40937901,46.0420531],[33.40540791,46.04389822],[33.39402795,46.0546875],[33.36684525,46.07470965],[33.36527276,46.07818484],[33.37122858,46.08434713],[33.37188935,46.08914626],[33.3670752,46.09089351],[33.35965025,46.08975744],[33.35485876,46.09299016],[33.34480155,46.09657907],[33.34015107,46.10003066],[33.33454382,46.11191416],[33.33109295,46.11452365],[33.31787813,46.10764873],[33.31305611,46.10392463],[33.31144106,46.09582925],[33.30797482,46.09021378],[33.30796516,46.07877135],[33.31566524,46.07618916],[33.30450523,46.07452798],[33.29656625,46.07471883],[33.29435015,46.07369578],[33.28444731,46.07701898],[33.28185451,46.07986116],[33.28300714,46.08114314],[33.28187084,46.09035194],[33.27987027,46.09321952],[33.28077138,46.09664881],[33.28171206,46.09723651],[33.28678393,46.09301305],[33.2918756,46.09140646],[33.30254412,46.092314],[33.30972111,46.0970577],[33.31288648,46.10930896],[33.31197822,46.10904634],[33.31146634,46.1159718],[33.3056426,46.12245047],[33.30128217,46.1254847],[33.28401041,46.13317323],[33.27526975,46.13318801],[33.26487255,46.13535535],[33.25808775,46.13874567],[33.24977601,46.13888466],[33.24333787,46.13521731],[33.22080815,46.13286293],[33.21185637,46.12927723],[33.20862436,46.12623084],[33.20686662,46.12008774],[33.21168578,46.10598743],[33.20759976,46.10588145],[33.20311463,46.10727251],[33.19826806,46.11281967],[33.19821,46.11556935],[33.20543826,46.12162566],[33.20547998,46.13300145],[33.20922577,46.14358985],[33.22785044,46.15409851],[33.22058761,46.16409695],[33.21100342,46.16888905],[33.20546794,46.17381382],[33.21170497,46.18285465],[33.20864916,46.18755364],[33.20890784,46.19152486],[33.21647096,46.20145345],[33.22207356,46.20248115],[33.22149205,46.20771682],[33.22460985,46.21566141],[33.21984255,46.2126199],[33.21454513,46.20352781],[33.20808423,46.19994223],[33.2077589,46.1946156],[33.19985545,46.18780375],[33.18762052,46.19466746],[33.18511844,46.18624735],[33.18723702,46.18436265],[33.19183564,46.18387043],[33.19565916,46.18105626],[33.19630265,46.17397642],[33.19011271,46.16877782],[33.18900394,46.16553235],[33.18651438,46.16360748],[33.18464756,46.15599334],[33.18128145,46.15529811],[33.17736757,46.15180516],[33.17306125,46.15084553],[33.16644025,46.14691997],[33.16650152,46.14397717],[33.14720356,46.13668954],[33.14448166,46.13247693],[33.14517415,46.12929022],[33.1393553,46.12815321],[33.13568962,46.12463808],[33.12787426,46.12424326],[33.11913824,46.12825513],[33.10924125,46.13106072],[33.10761225,46.13301766],[33.09496105,46.13133311],[33.09164584,46.13362634],[33.08355606,46.13495803],[33.07774198,46.13859332],[33.06800878,46.1537106],[33.04046452,46.15649903],[33.03117812,46.15589583],[33.02205014,46.15218115],[33.02233803,46.14578676],[33.02840281,46.14226043],[33.02946055,46.13794434],[33.02418816,46.12984931],[33.02392495,46.12652767],[33.01889431,46.1260221],[33.01550817,46.12384856],[33.01479936,46.12162495],[33.01594532,46.11563754],[33.01735401,46.11470926],[33.02123976,46.11466968],[33.02357471,46.11803246],[33.02603674,46.11592472],[33.02667081,46.1119585],[33.02902603,46.1135174],[33.03388512,46.11333191],[33.03358924,46.11222124],[33.02744782,46.11098027],[33.01395655,46.10973537],[32.98510301,46.10946143],[32.96492255,46.11119413],[32.94047415,46.1061604],[32.93122935,46.10574782],[32.91906095,46.1073668],[32.91664863,46.1068058],[32.91577566,46.10521805],[32.91157246,46.10564494],[32.91008973,46.10443378],[32.90802825,46.10497165],[32.90883565,46.10638118],[32.90710175,46.10777271],[32.88980246,46.11000001],[32.87438095,46.11373174],[32.87472677,46.11742306],[32.87208366,46.11512911],[32.8614856,46.11689377],[32.86070848,46.11577094],[32.86263955,46.11466336],[32.86082923,46.11369205],[32.85429096,46.11487305],[32.84654057,46.11430621],[32.82841206,46.11028087],[32.8211863,46.11164594],[32.81416225,46.11608088],[32.80770886,46.11549974],[32.80345511,46.1163969],[32.80307245,46.11817193],[32.80191708,46.11672688],[32.79458416,46.11598742],[32.79283536,46.11341345],[32.79003561,46.1159327],[32.78729558,46.11543787],[32.78031266,46.11911106],[32.76950192,46.12213135],[32.74389565,46.11623395],[32.74132764,46.11505961],[32.73788035,46.10880578],[32.73381531,46.10775197],[32.70638788,46.10742915],[32.69604802,46.10543156],[32.69310665,46.10311222],[32.68972945,46.10347176],[32.67494655,46.09940481],[32.67289722,46.10005891],[32.6723572,46.10213602],[32.66940415,46.10046601],[32.66765904,46.10118067],[32.66751885,46.10278213],[32.6657083,46.10320222],[32.66565645,46.10190582],[32.65713084,46.10532033],[32.64583528,46.10599744],[32.62326086,46.10266507],[32.6175065,46.09824645],[32.60324848,46.09840846],[32.58212805,46.09271371],[32.56730914,46.08588004],[32.54661393,46.08138525],[32.54252684,46.07774973],[32.53908765,46.07142854],[32.54034102,46.06788743],[32.54509842,46.0671072],[32.54537427,46.0658226],[32.54354656,46.06535578],[32.54304397,46.06537175],[32.5265311,46.06814015],[32.52106357,46.07222736],[32.52103186,46.06960583],[32.51651442,46.06975436],[32.45271814,46.08269405],[32.40894663,46.09028387],[32.3630625,46.10095274],[32.31717837,46.11162162],[32.30252695,46.11398184],[32.28711045,46.11803675],[32.27362311,46.11981595],[32.25235844,46.12647498],[32.21119225,46.13457537],[32.16099203,46.14709544],[32.10300207,46.15918565],[32.08119178,46.16262674],[32.05764544,46.16767442],[32.05109191,46.16985595],[32.0506649,46.17004454],[32.04973245,46.17235255],[32.05363107,46.17153835],[32.05463445,46.17007983],[32.06640315,46.16772044],[32.07334757,46.16774082],[32.07281208,46.16670167],[32.06943643,46.16640472],[32.07333446,46.16588116],[32.07436681,46.16740036],[32.07847595,46.16435075],[32.08324266,46.16439271],[32.08819795,46.16220033],[32.1049726,46.16040671],[32.11147273,46.15838754],[32.11952198,46.15888691],[32.12011862,46.15663815],[32.12263775,46.15735376],[32.12459397,46.15560806],[32.1453464,46.15183616],[32.15414345,46.14891815],[32.16629684,46.14754367],[32.16983485,46.14595592],[32.18465161,46.14322162],[32.18654346,46.1418153],[32.19432366,46.14179432],[32.19534075,46.14036298],[32.20118475,46.13830423],[32.22659814,46.13282192],[32.23749685,46.14544141],[32.23865235,46.14988136],[32.23586225,46.159078],[32.23142874,46.16501093],[32.23074174,46.16844916],[32.23691595,46.17400396],[32.23713207,46.17220795],[32.24351263,46.16970253],[32.23901987,46.16765773],[32.23943448,46.16610026],[32.24590886,46.166471],[32.24794376,46.16809225],[32.24716985,46.17143345],[32.23964024,46.18251085],[32.21796668,46.19002688],[32.20752645,46.18936873],[32.20439756,46.18766534],[32.20308626,46.18662453],[32.204041,46.18098974],[32.19756615,46.18312836],[32.19298184,46.18204415],[32.19316876,46.17716146],[32.19595706,46.17737806],[32.20023274,46.17430675],[32.20417905,46.17421901],[32.19945931,46.17359376],[32.19073236,46.17667484],[32.18256354,46.18382215],[32.17838752,46.1859591],[32.17021036,46.19463575],[32.16460335,46.19868934],[32.16594136,46.20044947],[32.16446972,46.20169687],[32.16164756,46.20191145],[32.16176975,46.19978571],[32.15980566,46.20063221],[32.15937793,46.20274627],[32.15534151,46.20406544],[32.15322435,46.20176494],[32.14805675,46.20240855],[32.14344966,46.20095885],[32.13913965,46.20285094],[32.13935006,46.20151103],[32.13520193,46.20191193],[32.13184214,46.20511985],[32.12916756,46.20394981],[32.13508773,46.20921695],[32.13264716,46.21030986],[32.1303575,46.20978928],[32.12834764,46.21121645],[32.12591124,46.20946717],[32.12929976,46.20825505],[32.13001466,46.20627022],[32.12473202,46.20791721],[32.12412727,46.20682871],[32.12222505,46.20714974],[32.12283277,46.20548701],[32.11550987,46.20790517],[32.09878206,46.21781886],[32.09854984,46.21865213],[32.10064697,46.21861207],[32.10195434,46.21987212],[32.10057855,46.22112644],[32.10135984,46.22256672],[32.09650755,46.22401571],[32.09488666,46.2226907],[32.09259677,46.22368348],[32.09580708,46.21909165],[32.0902878,46.22228467],[32.08936691,46.22648466],[32.08548796,46.22747135],[32.08370662,46.23046875],[32.08352745,46.23728955],[32.08544326,46.24269986],[32.07636821,46.24871886],[32.06937802,46.24939585],[32.06684816,46.24862683],[32.06728935,46.24601126],[32.07209694,46.24287164],[32.06950235,46.24215233],[32.0649178,46.2455312],[32.06371522,46.24991262],[32.06145537,46.25219858],[32.04632664,46.25717366],[32.04380703,46.25685215],[32.04274511,46.25367034],[32.04529381,46.25345993],[32.04351771,46.25086761],[32.03751445,46.24979162],[32.03611457,46.25172901],[32.03340161,46.25243282],[32.02943814,46.24917293],[32.02941954,46.24696064],[32.02793694,46.24758124],[32.02851641,46.25265706],[32.02381635,46.25721276],[32.0162214,46.25416684],[32.01658845,46.25268495],[32.02287805,46.25048506],[32.02276921,46.24818873],[32.01629591,46.2495594],[32.01618934,46.25102603],[32.01955438,46.25039792],[32.01552415,46.25200915],[32.01243722,46.25151145],[32.01097643,46.25001347],[32.01106095,46.25393212],[32.00991154,46.25438535],[32.00805426,46.25117111],[32.00632155,46.25166464],[32.00639987,46.25353301],[32.00287962,46.25229251],[31.99826145,46.25330818],[31.99812245,46.25556636],[32.00261545,46.25600624],[32.0048002,46.25967014],[32.00422633,46.26284862],[32.00166178,46.26450884],[31.99813056,46.26275885],[31.99826276,46.25687683],[31.99389064,46.25507021],[31.99155581,46.25634253],[31.98531628,46.25600123],[31.98574173,46.25879574],[31.98432934,46.25951362],[31.98255146,46.25863397],[31.98366845,46.25731814],[31.98163426,46.25753963],[31.98093414,46.25890696],[31.9707942,46.25715756],[31.96198726,46.26249707],[31.95920575,46.26571834],[31.96095002,46.26606596],[31.96191323,46.26844645],[31.9637984,46.26713145],[31.9654566,46.26739788],[31.96608865,46.26977706],[31.96305025,46.27013135],[31.96088874,46.26845384],[31.95898914,46.26896083],[31.95772314,46.2656486],[31.95698273,46.26791024],[31.95475018,46.26782084],[31.95287192,46.27005124],[31.94991326,46.27522361],[31.95281148,46.27479625],[31.95694637,46.27182472],[31.95909715,46.27296555],[31.95325851,46.27501094],[31.95308864,46.27714121],[31.95043004,46.27754653],[31.95059657,46.27598405],[31.94948494,46.27588892],[31.94671667,46.28651285],[31.94414914,46.288504],[31.94580591,46.29035294],[31.94251704,46.29211497],[31.94392955,46.29016101],[31.9427458,46.28983545],[31.94034195,46.29153764],[31.93241322,46.29332197],[31.93024194,46.29550195],[31.93965125,46.29270327],[31.94027996,46.29511011],[31.93868613,46.29458094],[31.92989087,46.29809904],[31.92756975,46.29781175],[31.92597854,46.30021071],[31.92401564,46.29874456],[31.92619205,46.29689503],[31.92327607,46.29786277],[31.92174971,46.30011392],[31.92095447,46.29657304],[31.92743528,46.29645991],[31.92820263,46.29494596],[31.90030551,46.29750741],[31.89519072,46.30033016],[31.89402413,46.30731106],[31.89557695,46.30773306],[31.89746416,46.30668473],[31.89800215,46.30851698],[31.89968336,46.30811167],[31.90031695,46.30924535],[31.89383841,46.31137717],[31.89744103,46.31235528],[31.89734793,46.31480157],[31.89557075,46.31568134],[31.89229214,46.31507695],[31.89223933,46.31230903],[31.88990426,46.31151354],[31.88319683,46.3119688],[31.87961781,46.31035352],[31.87889206,46.31119394],[31.88090694,46.31269491],[31.87920058,46.31327474],[31.87733555,46.31226265],[31.87751794,46.30891395],[31.87926602,46.30750668],[31.87684596,46.30771923],[31.87634301,46.30678368],[31.88208461,46.30156696],[31.8803606,46.30019391],[31.87691843,46.30038297],[31.87967336,46.29791474],[31.87809885,46.29544055],[31.88163686,46.29452217],[31.87894332,46.29271972],[31.88533366,46.29091728],[31.88956475,46.29513085],[31.88878465,46.2990309],[31.89290607,46.2977705],[31.89355051,46.29243052],[31.89581728,46.29110432],[31.89424992,46.29019904],[31.89327443,46.28620493],[31.88799298,46.28163314],[31.88796616,46.28019702],[31.89048386,46.27950776],[31.88972735,46.27797866],[31.88436985,46.27900457],[31.88628054,46.27636635],[31.88536942,46.27407575],[31.88159454,46.27333832],[31.87342954,46.26445246],[31.86898434,46.26933825],[31.86994696,46.27040875],[31.87145984,46.27016497],[31.87183571,46.27219474],[31.86873591,46.27066731],[31.86514807,46.27279913],[31.86707735,46.27527642],[31.86450505,46.27436817],[31.86444521,46.27180052],[31.85894644,46.27211761],[31.85494757,46.26999724],[31.85188806,46.27052617],[31.85058868,46.26843107],[31.84721434,46.26827085],[31.84274364,46.27487755],[31.83952224,46.27177465],[31.83673286,46.27287364],[31.82905233,46.27293515],[31.82790685,46.2755779],[31.83396673,46.27556646],[31.83650577,46.27697134],[31.83121026,46.2784518],[31.83019388,46.28050494],[31.82974458,46.2785207],[31.83185351,46.27687264],[31.82777441,46.27612364],[31.82699466,46.27408493],[31.82043505,46.26914752],[31.82280195,46.26807892],[31.82220983,46.2667042],[31.81874836,46.26717591],[31.81522346,46.26539254],[31.81428278,46.26585746],[31.81614196,46.26755798],[31.80834436,46.27516246],[31.81113863,46.27715886],[31.80716372,46.27818263],[31.80705798,46.27487576],[31.80371523,46.27315223],[31.79803753,46.27319443],[31.79672372,46.27437425],[31.79901373,46.27642763],[31.79780746,46.27817857],[31.7958312,46.27809846],[31.79727614,46.27636564],[31.79314566,46.27695668],[31.79113114,46.28077281],[31.7902745,46.27792537],[31.79369521,46.27493525],[31.78986847,46.27353072],[31.78441095,46.26892817],[31.78322744,46.26476276],[31.77946675,46.26473725],[31.77902257,46.26511192],[31.77863467,46.26843238],[31.78393245,46.27237701],[31.78393555,46.27548695],[31.77957857,46.28056276],[31.77542198,46.28236794],[31.77734303,46.28499234],[31.77297246,46.28874075],[31.77538145,46.29320562],[31.77162647,46.29639733],[31.76566613,46.29707897],[31.76637125,46.29892206],[31.76531601,46.29939544],[31.75987232,46.29631722],[31.76380587,46.29647994],[31.76286685,46.29580045],[31.75685894,46.29544985],[31.76275015,46.30284548],[31.76199996,46.30764997],[31.76240396,46.30798006],[31.76865315,46.30876875],[31.77024484,46.31156933],[31.77593255,46.31079555],[31.7806524,46.31250977],[31.78325641,46.31628275],[31.78162837,46.31993616],[31.78374624,46.32067513],[31.78420508,46.31947505],[31.78587532,46.31926394],[31.788396,46.31980205],[31.78860772,46.32019317],[31.78683555,46.32181323],[31.78258026,46.32141972],[31.78415286,46.32269311],[31.78474045,46.32289314],[31.78974748,46.32332361],[31.79055285,46.32313168],[31.79062247,46.32283127],[31.78901184,46.32212663],[31.79086626,46.32116365],[31.79662323,46.32413447],[31.79981124,46.32332122],[31.80105555,46.32478011],[31.79929554,46.32575083],[31.79162276,46.32286227],[31.79236543,46.32430661],[31.80785286,46.32945645],[31.83807087,46.33485091],[31.85371172,46.33319294],[31.8554821,46.33391261],[31.8585186,46.33313835],[31.88150525,46.33341944],[31.8882277,46.33424842],[31.90410948,46.33929491],[31.92356658,46.33692086],[31.91613686,46.33627856],[31.90816414,46.33752716],[31.9022696,46.33724237],[31.89116943,46.33489871],[31.88980293,46.33371186],[31.89829016,46.33322752],[31.90257025,46.33478296],[31.90393233,46.33370995],[31.91135716,46.33531952],[31.92300737,46.33594024],[31.92576504,46.33814502],[31.92813683,46.33772814],[31.92818725,46.33871627],[31.93233323,46.33952367],[31.9317075,46.33838308],[31.92971933,46.33826888],[31.93192554,46.33779705],[31.93342495,46.33985496],[31.93569398,46.33818388],[31.93817437,46.33978844],[31.93552852,46.34008098],[31.95328414,46.34399664],[31.95965815,46.34323061],[31.97776294,46.34807408],[32.00691474,46.35920715],[32.01629353,46.3727082],[32.01683021,46.37650573],[32.020244,46.37794626],[32.02411795,46.38323605],[32.02739513,46.38094521],[32.03344822,46.37969196],[32.03480208,46.37754452],[32.04030848,46.37826085],[32.04476082,46.37921464],[32.05339384,46.38264787],[32.05462384,46.38691783],[32.05819881,46.38730586],[32.0612936,46.39097154],[32.05957615,46.39722002],[32.05789566,46.39929044],[32.03810406,46.41595566],[32.03437543,46.43117571],[32.02680862,46.44341135],[32.02439988,46.44576848],[32.02067566,46.44807172],[32.01361597,46.45129371],[32.00165963,46.45371223],[31.99890912,46.45233393],[31.99354565,46.45210862],[31.99325657,46.45023513],[31.99001634,46.44737124],[31.9796319,46.4429934],[31.97689974,46.44443297],[31.97306871,46.44383252],[31.97787082,46.44294846],[31.97787464,46.44250917],[31.97471213,46.44079196],[31.96909535,46.43952525],[31.96086597,46.43973994],[31.95259774,46.44338906],[31.95196295,46.44581902],[31.95223248,46.44588494],[31.96651888,46.44186783],[31.96818972,46.44175935],[31.97232056,46.44250214],[31.97226131,46.44288802],[31.97191691,46.44333673],[31.96477032,46.44433343],[31.97057915,46.44532394],[31.97030616,46.44651043],[31.9535079,46.45116484],[31.94517016,46.45237684],[31.94091845,46.4522649],[31.94090795,46.45215392],[31.9446609,46.4503653],[31.95054424,46.45001411],[31.96297872,46.44486022],[31.95114195,46.4467591],[31.94824088,46.44619274],[31.93773437,46.4497087],[31.92831326,46.45031202],[31.92822683,46.44924831],[31.93392265,46.44630635],[31.93511963,46.44638336],[31.93398786,46.44763911],[31.93501616,46.44805384],[31.94064927,46.44605792],[31.94614077,46.44587815],[31.95333123,46.44048917],[31.95775604,46.43947566],[31.95369315,46.43890214],[31.88678765,46.46156251],[31.8861922,46.46170747],[31.80027688,46.48001134],[31.77116215,46.48611605],[31.76671255,46.48695326],[31.74722636,46.48828125],[31.73074114,46.48515451],[31.71362066,46.47960246],[31.70723951,46.47598481],[31.69977057,46.46777725],[31.69938016,46.46716166],[31.69576073,46.45292556],[31.6967566,46.44650745],[31.69851685,46.44489932],[31.69410062,46.44492388],[31.7039386,46.43833697],[31.70994926,46.43749547],[31.70963013,46.43605602],[31.70681405,46.43571985],[31.69620454,46.44122767],[31.70409608,46.43501723],[31.70884275,46.43287373],[31.70633757,46.43295217],[31.70562947,46.43309522],[31.69874501,46.43686485],[31.69002044,46.44354296],[31.68030953,46.45137703],[31.67335641,46.45824325],[31.640625,46.48353791],[31.63794351,46.48771787],[31.63673866,46.48726785],[31.61525297,46.50193262],[31.61232817,46.50254011],[31.57990491,46.52156413],[31.57700408,46.52294135],[31.57461035,46.52210522],[31.57554257,46.52405381],[31.57279634,46.52589655],[31.5697,46.52621305],[31.54395187,46.54263043],[31.52258015,46.56121373],[31.51166165,46.57718503],[31.51174295,46.57751036],[31.51272643,46.57771122],[31.51876676,46.57075167],[31.52434671,46.56242335],[31.52493775,46.56185222],[31.53692126,46.55277991],[31.56030393,46.54219532],[31.58015406,46.53669655],[31.63191736,46.53952885],[31.65429354,46.53685975],[31.66505384,46.53685975],[31.68504047,46.54094386],[31.68958402,46.54026151],[31.69139767,46.54167747],[31.70745051,46.54477441],[31.7208302,46.54383516],[31.72951257,46.54545045],[31.75488186,46.54658985],[31.77409112,46.54066145],[31.77374256,46.53876805],[31.77692795,46.53842545],[31.77599621,46.53724253],[31.77878213,46.53515625],[31.78841484,46.53261244],[31.79198074,46.53268313],[31.79391551,46.53026986],[31.8023107,46.52722347],[31.79859161,46.52982676],[31.80545366,46.52737606],[31.81804025,46.52633107],[31.82372391,46.52333272],[31.82927024,46.52312565],[31.83188784,46.52072442],[31.83511877,46.52255166],[31.83672893,46.52131712],[31.84313095,46.52051282],[31.8451339,46.52141714],[31.85084593,46.51828086],[31.85531354,46.51726174],[31.86020541,46.51597726],[31.86740935,46.51670885],[31.87403381,46.51373446],[31.88192165,46.51537156],[31.88535047,46.51831055],[31.89413905,46.51914156],[31.89691722,46.51721621],[31.89766645,46.51713657],[31.89814246,46.51751375],[31.89682221,46.52032995],[31.8983103,46.52187395],[31.89569843,46.52485025],[31.88703167,46.52754355],[31.88592756,46.52954137],[31.88162851,46.53124797],[31.88604558,46.53078115],[31.89156473,46.52793396],[31.89448321,46.52761471],[31.89930916,46.52374482],[31.89975142,46.52362525],[31.90469182,46.52280414],[31.90747404,46.52412736],[31.91147757,46.52367985],[31.90815878,46.52303064],[31.90672386,46.52105331],[31.90375996,46.52103662],[31.90556145,46.51898408],[31.90327847,46.51525903],[31.90361786,46.51323116],[31.90662312,46.51088154],[31.90743208,46.51075482],[31.91392708,46.51241326],[31.91463697,46.51217711],[31.91559374,46.51163018],[31.91565955,46.51131535],[31.91420066,46.50903666],[31.91596675,46.5078032],[31.91991127,46.51001787],[31.92196834,46.50894904],[31.92565656,46.50900042],[31.92640674,46.50744236],[31.93753362,46.50539184],[31.94873011,46.4992187],[31.95327342,46.49986136],[31.96801615,46.49453795],[31.9701488,46.49470806],[31.97202706,46.49679875],[31.97540414,46.49555743],[31.97724473,46.49235165],[31.977687,46.49218535],[31.98513877,46.49108493],[31.98631585,46.49097955],[31.99042702,46.49246132],[31.9921875,46.49135041],[31.99158061,46.49135041],[31.99019158,46.49041951],[31.99028754,46.49022841],[31.9921875,46.49051344],[31.99391103,46.49140942],[31.99607515,46.4899075],[31.99829495,46.49062407],[32.00116205,46.48905945],[32.01673353,46.48783922],[32.01879776,46.48893487],[32.01561165,46.48907435],[32.01444614,46.49092603],[32.01986635,46.49598157],[32.01574385,46.49040782],[32.02079916,46.48921394],[32.02231824,46.48563325],[32.02481711,46.48596644],[32.02252674,46.48723805],[32.02567911,46.48875606],[32.04373801,46.48943353],[32.04641795,46.48844481],[32.05479431,46.49154234],[32.05227733,46.49464476],[32.05625975,46.49355233],[32.05790341,46.49176955],[32.05871856,46.49312651],[32.07200778,46.49587047],[32.07692444,46.49844801],[32.08050966,46.49829054],[32.08284867,46.49556911],[32.08276486,46.49766243],[32.09066308,46.49706566],[32.10009456,46.49849212],[32.10604393,46.49784923],[32.10645854,46.50018132],[32.10807025,46.50079393],[32.10987926,46.49960816],[32.10690713,46.49914694],[32.10754097,46.49852192],[32.11957586,46.49850094],[32.12309384,46.49733114],[32.12554908,46.49832332],[32.12704766,46.49684155],[32.13065207,46.49611592],[32.13580346,46.49660623],[32.13862813,46.49500954],[32.15499997,46.49252844],[32.15749431,46.49438214],[32.15918505,46.49405992],[32.15516448,46.49982953],[32.15519834,46.50212181],[32.15346611,46.50170004],[32.14930642,46.50551164],[32.14353955,46.50773954],[32.14489245,46.50857258],[32.14867234,46.50793505],[32.1502825,46.50944936],[32.17357612,46.49299717],[32.17681515,46.49297094],[32.19283497,46.48705244],[32.17688537,46.49097252],[32.17551982,46.49040616],[32.17074633,46.49249542],[32.16961014,46.49040306],[32.16756642,46.49221396],[32.16772652,46.49122715],[32.1639055,46.49074125],[32.16382766,46.48919904],[32.18132055,46.48430026],[32.18367124,46.48468471],[32.19741571,46.48008156],[32.21283925,46.47830784],[32.22333574,46.48039746],[32.23182881,46.47883093],[32.23863447,46.48069227],[32.24627626,46.47854555],[32.25731671,46.47817862],[32.25782311,46.47694647],[32.26219654,46.47745085],[32.27261257,46.47484064],[32.28487503,46.47003424],[32.29186714,46.4696722],[32.30638683,46.46602011],[32.34038937,46.46292985],[32.34375,46.46372771],[32.34551954,46.46259963],[32.35604012,46.463364],[32.35688055,46.46237361],[32.36606395,46.46297646],[32.37124991,46.46387184],[32.38476205,46.46821177],[32.38565111,46.46954083],[32.39182901,46.46892512],[32.39302015,46.47004974],[32.39789021,46.47019601],[32.40424561,46.47268593],[32.40586674,46.47219384],[32.40724206,46.47414505],[32.40502465,46.47471702],[32.40511394,46.47597325],[32.40959585,46.47522438],[32.41127765,46.47653294],[32.41503262,46.47661126],[32.41520941,46.47883356],[32.41634774,46.47829235],[32.41714346,46.478531],[32.41902471,46.47965956],[32.41977525,46.48062253],[32.41980708,46.48086298],[32.41676295,46.48321605],[32.41834497,46.48434675],[32.42324424,46.48439395],[32.4211446,46.48622143],[32.42674482,46.48754168],[32.42777765,46.48948288],[32.4268018,46.49182832],[32.4264878,46.49206245],[32.42411375,46.49180925],[32.41957176,46.49354935],[32.4113332,46.49337876],[32.40623808,46.49526477],[32.40220642,46.49433804],[32.39851665,46.49136805],[32.39160752,46.48885381],[32.38355946,46.48962605],[32.3791002,46.48654234],[32.377056,46.48853266],[32.37682021,46.4885149],[32.36526632,46.48643732],[32.35206747,46.48151112],[32.34784317,46.48210263],[32.34375,46.48130584],[32.34313285,46.48105586],[32.33904004,46.47212934],[32.33649433,46.47170162],[32.33777905,46.47229576],[32.33638871,46.47413564],[32.33379138,46.47420192],[32.32835245,46.47160971],[32.32814646,46.46938443],[32.32660794,46.46812427],[32.32535088,46.46766448],[32.32249653,46.46722746],[32.31925166,46.46744215],[32.31395805,46.46866953],[32.31314635,46.46915996],[32.31359947,46.46974838],[32.31884241,46.46909964],[32.32127547,46.46988773],[32.32059181,46.47293675],[32.31834185,46.47476554],[32.32261181,46.47726238],[32.32245755,46.47737765],[32.30753684,46.47966123],[32.30127311,46.48134863],[32.29028726,46.48513246],[32.28903615,46.48580015],[32.28634942,46.48850214],[32.28647041,46.48875046],[32.28707564,46.48898566],[32.30632436,46.49082792],[32.31105292,46.49108565],[32.32332075,46.48635745],[32.33448195,46.48518837],[32.35128808,46.48824287],[32.36787677,46.4946382],[32.38208032,46.49612987],[32.4020344,46.50312257],[32.40315652,46.50328672],[32.41612005,46.50410926],[32.43775606,46.50200558],[32.44121933,46.50298905],[32.44794261,46.50180805],[32.45327687,46.50210798],[32.46009171,46.50433147],[32.47181106,46.51106298],[32.47484016,46.51332486],[32.48785925,46.52605045],[32.49600124,46.53017974],[32.50830698,46.53894925],[32.51711786,46.54045475],[32.53198135,46.53604722],[32.53754985,46.53748655],[32.53807795,46.53777015],[32.54103875,46.54211128],[32.54901755,46.54666388],[32.55381763,46.55501127],[32.55502081,46.55643785],[32.55547905,46.55683076],[32.56094646,46.55864251],[32.57074952,46.56600392],[32.59019637,46.59242725],[32.60184181,46.60374975],[32.60458004,46.60574782],[32.61148918,46.60311794],[32.61428285,46.60413706],[32.61365712,46.60529375],[32.60701752,46.6069262],[32.60687864,46.60739577],[32.60709441,46.60817802],[32.61194885,46.61296022],[32.61480665,46.6152426],[32.61539245,46.61555994],[32.61733305,46.61540103],[32.61789274,46.61583173],[32.61846125,46.61825371],[32.62517774,46.62382352],[32.63378346,46.62885714],[32.64379215,46.63736546],[32.66513515,46.65061367],[32.69597948,46.66095316],[32.71133494,46.66447127],[32.71728873,46.66514993],[32.72230875,46.66517854],[32.75900841,46.66439366],[32.78025937,46.66774762],[32.8029474,46.67509234],[32.8200047,46.67683005],[32.82095611,46.67710924],[32.83801615,46.68418765],[32.85645688,46.69443655],[32.87122154,46.69977725],[32.87234771,46.7024641],[32.89450192,46.71704376],[32.91113257,46.72512507],[32.92113984,46.72845805],[32.97976434,46.73713446],[32.99159944,46.73769355],[33.01581895,46.73604906],[33.02807474,46.73655617],[33.0442456,46.73935056],[33.06920815,46.74973404],[33.09410393,46.76391411],[33.12854743,46.7788012],[33.13420475,46.77921355],[33.13793647,46.78094172],[33.14919436,46.7814995],[33.15378416,46.78075886],[33.17458618,46.77349496],[33.19701576,46.76732862],[33.23771656,46.76308417],[33.24460232,46.76111865],[33.2490437,46.7578125],[33.25044095,46.75453901],[33.25455415,46.75264323],[33.28146231,46.74891341],[33.28770637,46.74867582],[33.30413282,46.74956393],[33.30988574,46.75049734],[33.33611834,46.75550497],[33.35172665,46.76036572],[33.35619521,46.76219273],[33.36787474,46.76871324],[33.36914301,46.77008021],[33.36904264,46.77090704],[33.36821556,46.77076745],[33.35996222,46.76595461],[33.35950935,46.76581383],[33.35848725,46.76566541],[33.35708296,46.76698124],[33.36160684,46.77051735],[33.37268615,46.77555788],[33.36798334,46.78046823],[33.36441147,46.77945232],[33.35871744,46.78228915],[33.35251987,46.77996504],[33.35086894,46.78395176],[33.33554494,46.78030527],[33.32901835,46.78007877],[33.31280458,46.77473664],[33.30689275,46.77436185],[33.29900885,46.77570426],[33.28153515,46.78454292],[33.2730484,46.78295434],[33.26066446,46.78293288],[33.24266803,46.78423357],[33.23278987,46.78647947],[33.21394134,46.78323901],[33.21164393,46.78365755],[33.20575345,46.78785193],[33.20449805,46.78807485],[33.19008565,46.78802753],[33.18460894,46.78909004],[33.17905903,46.78804254],[33.16354287,46.78869283],[33.14165378,46.78634501],[33.14111066,46.78622115],[33.12003756,46.77841318],[33.11519325,46.77549875],[33.10125005,46.77161086],[33.08045077,46.76287794],[33.06175625,46.75721121],[33.04482806,46.74715936],[33.03586757,46.74377334],[33.02885652,46.74256361],[33.0097332,46.74281263],[33.00159395,46.7443434],[32.9963876,46.74252677],[32.97530305,46.74299502],[32.95799196,46.74026382],[32.94312072,46.73930538],[32.92275035,46.73514497],[32.9183917,46.73387384],[32.91266143,46.73189974],[32.89812291,46.72457624],[32.86537075,46.70526016],[32.83681798,46.69387555],[32.83478868,46.69070172],[32.83061135,46.68864822],[32.81766248,46.6839267],[32.81470883,46.68364143],[32.81291687,46.6846652],[32.79375768,46.67633975],[32.77985883,46.67329848],[32.76587677,46.67224574],[32.75209546,46.67278695],[32.73679435,46.67516255],[32.72467875,46.67515755],[32.71766627,46.67389405],[32.71124423,46.67078781],[32.71040142,46.67125738],[32.70925856,46.66983926],[32.68618095,46.66326654],[32.66993535,46.65875626],[32.66832495,46.65918851],[32.65809786,46.65541673],[32.65519285,46.65361571],[32.63212597,46.63232434],[32.61910784,46.62430108],[32.61211133,46.62315416],[32.61144364,46.62061465],[32.60885024,46.61835027],[32.60770285,46.61871195],[32.60680771,46.61548162],[32.60236895,46.61450994],[32.59614491,46.60931325],[32.59524596,46.60709465],[32.59193611,46.6067909],[32.59236515,46.60959673],[32.58841038,46.61157191],[32.58737946,46.60928977],[32.59110403,46.60715282],[32.58899295,46.60384846],[32.57612836,46.60055244],[32.57577705,46.60191011],[32.57127595,46.60235405],[32.55939961,46.60096347],[32.54840207,46.59631062],[32.54782164,46.59630775],[32.54659355,46.59698403],[32.54299414,46.60317242],[32.54537237,46.60386634],[32.54508793,46.60606611],[32.54715323,46.60882342],[32.55340362,46.60331345],[32.55673885,46.6030817],[32.55912375,46.60475457],[32.56269443,46.60462296],[32.56405842,46.60923874],[32.5653789,46.60918665],[32.56612694,46.60711837],[32.56890082,46.60899186],[32.57284081,46.60505283],[32.57382214,46.60521567],[32.57424366,46.60564387],[32.5732913,46.60736275],[32.57079291,46.60856891],[32.57388926,46.61181498],[32.57178223,46.61430764],[32.56455505,46.61392868],[32.5696876,46.61570084],[32.56975591,46.61918032],[32.56564176,46.61943591],[32.56400585,46.61500001],[32.56032002,46.61849797],[32.55586851,46.61885893],[32.55104113,46.61567545],[32.54957342,46.61207712],[32.54529953,46.60915661],[32.54373491,46.61003411],[32.54371083,46.61315966],[32.5412482,46.6147052],[32.52727866,46.61279118],[32.52427232,46.61099362],[32.52474105,46.60927153],[32.52250302,46.60783923],[32.52338064,46.60477853],[32.52390563,46.60443735],[32.52550554,46.60509026],[32.52828252,46.60282397],[32.53078926,46.60394216],[32.53546155,46.6014502],[32.54149675,46.60096395],[32.54079604,46.59889233],[32.54118037,46.59838736],[32.54269207,46.59879434],[32.5444082,46.59689701],[32.54453945,46.59667206],[32.54378605,46.59590697],[32.53806043,46.59548378],[32.51887643,46.59616017],[32.51767695,46.59610307],[32.50722468,46.59445071],[32.50679862,46.59429324],[32.50076044,46.5909456],[32.49571347,46.58596206],[32.48480535,46.58169663],[32.48237956,46.58003247],[32.47769952,46.57409525],[32.47618937,46.57314253],[32.47198296,46.57144713],[32.47153592,46.57148504],[32.47124135,46.57198524],[32.47923064,46.58107567],[32.47902322,46.58649611],[32.47714877,46.59336865],[32.47682405,46.59344304],[32.47593105,46.59346163],[32.47486436,46.59305716],[32.47420335,46.59165466],[32.47555327,46.58833766],[32.47397125,46.58107424],[32.46865034,46.57146716],[32.46754146,46.57035303],[32.44663703,46.56167436],[32.44322741,46.56095028],[32.42981267,46.55912065],[32.42964745,46.55913174],[32.4181869,46.56019592],[32.41037524,46.55856407],[32.3962177,46.55297995],[32.38636243,46.54743767],[32.36772466,46.54763806],[32.35923421,46.54960287],[32.34429657,46.54722285],[32.34106255,46.54749274],[32.33595336,46.54989648],[32.32585347,46.549456],[32.32517302,46.54954946],[32.32470632,46.54970348],[32.32585955,46.55138373],[32.32056546,46.55025077],[32.31745791,46.55214751],[32.31645942,46.55239475],[32.3122586,46.55205226],[32.30955422,46.55288112],[32.30369914,46.55547976],[32.30214465,46.55672145],[32.30331194,46.55715311],[32.30521846,46.55579424],[32.30548394,46.55589151],[32.3056643,46.55645084],[32.30490756,46.56354034],[32.29870045,46.56937611],[32.29496407,46.57077205],[32.29534328,46.57323837],[32.29518306,46.57356834],[32.292979,46.57522583],[32.29026604,46.57698667],[32.28491461,46.57895207],[32.28404164,46.57732534],[32.28174925,46.57710397],[32.27998412,46.57908964],[32.28302026,46.57846224],[32.28326285,46.57944787],[32.27406168,46.58471131],[32.26993823,46.58550346],[32.2588371,46.59063351],[32.24988878,46.59210742],[32.2413491,46.59087074],[32.2312386,46.58523297],[32.20963192,46.57679594],[32.19621217,46.57597292],[32.19330096,46.57696354],[32.18192196,46.57475245],[32.14066005,46.55694592],[32.13493001,46.56374764],[32.11675823,46.60066664],[32.10800982,46.6090492],[32.09796786,46.61434591],[32.08898068,46.61670172],[32.07721674,46.61646616],[32.05860364,46.61370885],[32.05221844,46.61471772],[32.04575014,46.61723983],[32.03848374,46.62190771],[32.02653742,46.6247673],[32.01881564,46.62843645],[31.99896336,46.64232433],[31.99181783,46.64842296],[31.98615086,46.65302098],[31.98202944,46.65638328],[31.97968626,46.65997696],[31.96975243,46.67943847],[31.96956527,46.68024421],[31.97216594,46.68458486],[31.97387624,46.69189274],[31.97422445,46.69501233],[31.97361934,46.70095313],[31.97680354,46.70970404],[31.97477412,46.71118164],[31.97017336,46.71918714],[31.96949637,46.72060704],[31.96943331,46.72305095],[31.96653414,46.72619057],[31.95106661,46.73744726],[31.95122516,46.73782361],[31.95313096,46.73904288],[31.95311701,46.73947156],[31.9511584,46.74199605],[31.95091081,46.74216855],[31.94449186,46.74519885],[31.94405794,46.74533045],[31.93425047,46.74721181],[31.93867624,46.75038826],[31.93893838,46.75076842],[31.94061744,46.75518227],[31.94063044,46.7578125],[31.94004381,46.7578125],[31.93972564,46.76104367],[31.94325972,46.76552141],[31.94384706,46.77445531],[31.93409085,46.77492726],[31.93047535,46.77053118],[31.93267965,46.76703131],[31.92542911,46.76822913],[31.92997944,46.77472293],[31.93671441,46.77806473],[31.93397284,46.78073287],[31.93369806,46.78399694],[31.92870295,46.78577137],[31.92442155,46.78356195],[31.92550433,46.78527272],[31.92256725,46.78808463],[31.93009985,46.79314613],[31.93824434,46.79326046],[31.94444644,46.79678726],[31.9509567,46.80570292],[31.95365465,46.81602895],[31.95267296,46.81968296],[31.94790566,46.82285786],[31.94548106,46.83084822],[31.94639027,46.83275294],[31.95287597,46.83258915],[31.95476425,46.83389592],[31.94943583,46.83489168],[31.95110524,46.83905542],[31.95834565,46.83835626],[31.95883906,46.84094667],[31.96439946,46.83877754],[31.96917892,46.83959436],[31.97134614,46.84142375],[31.97368252,46.84132671],[31.97268951,46.84275794],[31.97411954,46.84427571],[31.9819566,46.84672153],[31.98584545,46.85074294],[31.97835231,46.85352397],[31.97833884,46.85381353],[31.98378777,46.85954761],[31.98967564,46.85990143],[31.99087274,46.86116922],[31.98999667,46.86315215],[31.99101055,46.86404121],[31.9921875,46.86439717],[31.99235713,46.86438572],[31.99562323,46.86620104],[32.00061941,46.86611545],[32.00805914,46.87275457],[32.01273894,46.87426114],[32.01190495,46.87662303],[32.01460195,46.87963283],[32.01460326,46.88294315],[32.01103616,46.88807726],[32.01355505,46.89035392],[32.01356351,46.8911736],[32.01119745,46.89411545],[32.01513147,46.89656007],[32.01610625,46.90118933],[32.01903534,46.90354013],[32.02366614,46.91195107],[32.02513754,46.91531253],[32.02580476,46.91919911],[32.02355516,46.93261707],[32.01790488,46.94143724],[32.01765835,46.94166756],[32.00982845,46.94612253],[32.00877416,46.94650316],[32.00408137,46.94723666],[31.98887622,46.94668901],[31.98688865,46.94523263],[31.99318266,46.94522071],[31.99318266,46.94380021],[31.98544955,46.94259965],[31.98106635,46.94019258],[31.97674263,46.94233131],[31.96909344,46.94026184],[31.96561575,46.93791854],[31.96700716,46.93447876],[31.9643718,46.93664217],[31.96065104,46.93266356],[31.95911455,46.93288052],[31.95887697,46.93678772],[31.95470226,46.93624616],[31.95369387,46.93799806],[31.95145333,46.93864214],[31.95206487,46.93228376],[31.94901645,46.93546045],[31.94445002,46.93556941],[31.94526553,46.94077396],[31.94259787,46.94105494],[31.93913258,46.93874991],[31.93875241,46.94072187],[31.93395925,46.94498014],[31.93347561,46.94577885],[31.93299413,46.94750786],[31.9352591,46.95465577],[31.94087756,46.95941317],[31.94061124,46.96172214],[31.94419563,46.96301675],[31.95491946,46.97116363],[31.96110237,46.97830963],[31.97026265,46.98399615],[31.97930372,46.98656321],[31.98538423,46.97974277],[31.99274194,46.97869504],[31.99266756,46.97940946],[31.99262404,46.97994232],[31.98966372,46.9802078],[31.99078214,46.98636544],[31.99477112,46.99124205],[31.99494267,46.99186063],[31.99456227,46.99476814],[31.99325478,46.99788976],[31.99288201,46.99866486],[31.98979783,46.99958146],[31.98656893,47.01165712],[31.98627377,47.01212645],[31.98190963,47.0171175],[31.98108292,47.01767123],[31.97361064,47.02125156],[31.96671402,47.02309024],[31.96282387,47.023687],[31.95656395,47.02421844],[31.95211506,47.02324498],[31.94993126,47.02401626],[31.93676138,47.01989687],[31.92827535,47.01415956],[31.92529476,47.01373518],[31.92263508,47.00864947],[31.92095065,47.00945485],[31.91246545,47.00519931],[31.90771031,47.00601697],[31.9070996,47.00333464],[31.90293825,47.00412142],[31.90000284,47.00302696],[31.89845133,47.00444341],[31.89793253,47.00194144],[31.89032876,47.00061035],[31.88278282,47.01086438],[31.8786633,47.01200056],[31.87778115,47.0073117],[31.87606037,47.00757086],[31.87200725,47.01256406],[31.87202704,47.01563621],[31.86835063,47.01690066],[31.86489487,47.02309024],[31.86568832,47.02546012],[31.86194003,47.0302906],[31.86062753,47.03080666],[31.85705876,47.02793515],[31.86070335,47.03502345],[31.86368728,47.03470314],[31.86591125,47.03647101],[31.86370265,47.03867245],[31.86480081,47.0389688],[31.86722386,47.03684855],[31.87224126,47.04205811],[31.87388837,47.04905844],[31.87813437,47.05364096],[31.88937771,47.0602113],[31.89558125,47.06195724],[31.90022361,47.06468666],[31.90834355,47.07195473],[31.91297936,47.07929182],[31.91441035,47.08541083],[31.91215682,47.09356236],[31.9062978,47.1025846],[31.89775622,47.109375],[31.89460838,47.1086868],[31.89527762,47.11063421],[31.88951588,47.11064315],[31.88910782,47.1124258],[31.88624895,47.11048937],[31.88433254,47.11180735],[31.87758541,47.11232924],[31.87580812,47.11133575],[31.87369204,47.11322451],[31.86928225,47.11272097],[31.86974347,47.11080515],[31.86550736,47.11114025],[31.8565309,47.11330616],[31.85087645,47.11625314],[31.84892476,47.11880493],[31.84722352,47.11874521],[31.84226453,47.12655854],[31.84226835,47.13124621],[31.84660625,47.13624954],[31.84596312,47.13995135],[31.84783351,47.14546025],[31.85826921,47.16005492],[31.85150945,47.17823541],[31.84552431,47.18042791],[31.83805251,47.18851554],[31.83410168,47.19044197],[31.83361602,47.18630171],[31.83751845,47.18548524],[31.84033895,47.18088734],[31.84563565,47.17713106],[31.84902084,47.16579294],[31.84357977,47.17243051],[31.82471895,47.18916142],[31.80952656,47.19386494],[31.80641115,47.19388676],[31.78249991,47.20194185],[31.764449,47.20622015],[31.75022244,47.21435916],[31.74642396,47.22069085],[31.74310493,47.23069096],[31.74388111,47.24400115],[31.74694382,47.25],[31.75310254,47.26206291],[31.76485193,47.27188182],[31.77712214,47.27794814],[31.77866554,47.28305554],[31.77748024,47.28515625],[31.77066553,47.28887785],[31.76359105,47.29490721],[31.75328493,47.29433393],[31.74983025,47.29217291],[31.74594152,47.29262173],[31.73613274,47.30408955],[31.72715545,47.31029642],[31.72615016,47.30794823],[31.73615265,47.30081546],[31.74154675,47.29390907],[31.74514675,47.29146898],[31.75050783,47.29107487],[31.75886631,47.29377615],[31.76355565,47.29366887],[31.77002573,47.28721046],[31.77461195,47.28515625],[31.77737474,47.28061795],[31.77474034,47.27761734],[31.76118255,47.27158976],[31.7546525,47.26669753],[31.74439421,47.25],[31.74133897,47.24502695],[31.73947954,47.23791993],[31.73991501,47.231534],[31.74357605,47.2191931],[31.74695241,47.21436167],[31.75351012,47.20898426],[31.75935161,47.20608056],[31.78306603,47.1997472],[31.78709948,47.19689774],[31.81107354,47.1913743],[31.82494354,47.18458402],[31.8403455,47.16956282],[31.83999336,47.16693735],[31.84456861,47.16093385],[31.84314418,47.15772486],[31.84389925,47.15275264],[31.83660364,47.14683044],[31.83323741,47.14117384],[31.82809567,47.13952494],[31.82832634,47.13783932],[31.82622731,47.1392318],[31.82460403,47.13764501],[31.82657087,47.12667096],[31.83241224,47.11773264],[31.84002662,47.11414945],[31.85365582,47.10999715],[31.87243891,47.1077733],[31.87451684,47.10831416],[31.88558435,47.10184157],[31.89223421,47.09623325],[31.89587307,47.09625161],[31.89806616,47.09505117],[31.89062345,47.09478235],[31.89436865,47.08522785],[31.89424968,47.07926857],[31.87970877,47.06208181],[31.87710083,47.06453073],[31.87256265,47.06169105],[31.86727965,47.06091106],[31.86553431,47.0629636],[31.86589014,47.06666946],[31.86091125,47.06740963],[31.85736227,47.06708241],[31.85464251,47.06508672],[31.85927534,47.06094515],[31.84793985,47.04206812],[31.84497845,47.02995777],[31.84837294,47.01997733],[31.85329723,47.01323986],[31.85593987,47.00630701],[31.85645723,47.0054425],[31.86373365,46.99809015],[31.87447214,46.99125135],[31.88416576,46.98876297],[31.89214647,46.98808873],[31.91353536,46.99113417],[31.92906106,46.99640167],[31.93327904,46.99886274],[31.93500924,47.00154388],[31.94458365,47.00425935],[31.95096862,47.00566494],[31.95151067,47.00572288],[31.95644784,47.00325584],[31.95775676,47.00214052],[31.95780563,46.9970957],[31.95396936,46.98805344],[31.94975293,46.98408675],[31.93799818,46.97902775],[31.9162271,46.96302235],[31.90302813,46.94266295],[31.90672576,46.94066381],[31.90934241,46.93649375],[31.91656566,46.93031168],[31.9182384,46.92916644],[31.92518806,46.92610431],[31.92556858,46.92599821],[31.93838775,46.92333686],[31.94156778,46.92279923],[31.9461081,46.92251003],[31.96272325,46.92280138],[31.96583986,46.92319417],[31.97562218,46.92637825],[31.98202527,46.93146455],[31.98224223,46.93155766],[31.98545134,46.93156493],[31.98601282,46.93147302],[31.99133468,46.92712617],[31.99370265,46.91976047],[31.99446952,46.91024435],[31.99639595,46.90706468],[31.99427116,46.90618765],[31.9921875,46.90290165],[31.9921875,46.90206456],[31.99198365,46.90206456],[31.98794234,46.89131045],[31.96917856,46.869349],[31.96881425,46.86897385],[31.95903814,46.86160707],[31.95373535,46.86018336],[31.95271194,46.85777903],[31.94606507,46.85230935],[31.94310951,46.85178888],[31.94270778,46.85037255],[31.92787671,46.84415185],[31.91287613,46.84066343],[31.91178787,46.83434343],[31.90872586,46.83296871],[31.89812744,46.82346773],[31.88835823,46.81207597],[31.88399601,46.81000936],[31.87638032,46.79642045],[31.87409246,46.79111314],[31.87374377,46.78778684],[31.87295425,46.76664686],[31.87664294,46.76040936],[31.87893784,46.7578125],[31.87973607,46.7578125],[31.88103557,46.75657415],[31.88671255,46.74646926],[31.90538847,46.73065925],[31.90579855,46.73051155],[31.91127312,46.72908068],[31.92428315,46.72951412],[31.92304206,46.72903264],[31.91839015,46.72564256],[31.90986323,46.71358824],[31.90706027,46.68831205],[31.90013564,46.67674422],[31.90096474,46.66498601],[31.90405095,46.66055286],[31.9043951,46.65669262],[31.90422595,46.65614426],[31.89999282,46.64857686],[31.89555228,46.6436311],[31.88838673,46.63814747],[31.87887228,46.63378274],[31.85228932,46.6267035],[31.832111,46.62329626],[31.81416976,46.61696458],[31.80737698,46.61565578],[31.7964282,46.6096822],[31.78866291,46.61651504],[31.77278841,46.62393665],[31.75287712,46.62661076],[31.73930263,46.62591672],[31.73089647,46.62729931],[31.69555664,46.64059603],[31.65461767,46.64863372],[31.63840926,46.64976418],[31.63803923,46.64976191],[31.60913396,46.64606106],[31.59991586,46.64311326],[31.59408414,46.63873827],[31.59179604,46.64031351],[31.5915364,46.63749862],[31.5872159,46.63301015],[31.58760858,46.6308974],[31.58535755,46.63218594],[31.58309853,46.62928152],[31.57678175,46.62965882],[31.56674004,46.62234926],[31.56488585,46.61894166],[31.56733656,46.61642993],[31.56312525,46.61731994],[31.56396055,46.61596286],[31.56216907,46.61542022],[31.56208396,46.6137166],[31.55865407,46.61284888],[31.55915284,46.6103847],[31.55845785,46.60894525],[31.55695415,46.60900545],[31.5561918,46.60293746],[31.55018675,46.60000265],[31.54277623,46.60497785],[31.53832865,46.6065129],[31.53724682,46.60814595],[31.53288293,46.60873866],[31.53061712,46.61198998],[31.52712536,46.61224031],[31.52638722,46.614259],[31.52272534,46.61660111],[31.51328564,46.62012064],[31.49582374,46.62444878],[31.48077774,46.62628555],[31.45277846,46.6271553],[31.45214617,46.62715554],[31.43158221,46.62477136],[31.42531276,46.62559497],[31.42494714,46.62614977],[31.42427802,46.62872803],[31.42779493,46.62966716],[31.43367517,46.6284399],[31.43796814,46.62943077],[31.43902791,46.62778366],[31.4412539,46.62760258],[31.44834173,46.62809718],[31.45072913,46.63002694],[31.45230186,46.63487995],[31.45584106,46.63739717],[31.47944605,46.64690554],[31.49701011,46.65766275],[31.49889696,46.65895498],[31.50267732,46.66276515],[31.50293732,46.66306901],[31.50939322,46.68095768],[31.50495934,46.68821943],[31.50040162,46.69096994],[31.51621032,46.69732416],[31.52713776,46.69927323],[31.5280776,46.6996237],[31.5321151,46.70224702],[31.53342533,46.70396495],[31.53372657,46.70510924],[31.53300226,46.7102226],[31.52787876,46.72039986],[31.52803504,46.72082186],[31.53516424,46.72971201],[31.53514254,46.73568678],[31.53876197,46.74060595],[31.54097557,46.74228621],[31.54808283,46.74394655],[31.54992271,46.74598384],[31.54589522,46.75047934],[31.54644203,46.75739396],[31.54603601,46.7578125],[31.54570723,46.7578125],[31.5429157,46.76213503],[31.54107034,46.76773024],[31.5414201,46.76803327],[31.56208885,46.77410078],[31.56652856,46.78177333],[31.58454633,46.78910065],[31.59864855,46.80034745],[31.59874511,46.80389297],[31.6018815,46.80761457],[31.60106695,46.81676865],[31.59040773,46.83051062],[31.59233713,46.83503366],[31.59209704,46.83541262],[31.58868432,46.83642375],[31.58827984,46.8365252],[31.58574915,46.83373845],[31.58999825,46.82499015],[31.58884621,46.82182574],[31.58599401,46.81987953],[31.58695006,46.81678271],[31.59247005,46.81041503],[31.59178913,46.80370402],[31.59395993,46.80405116],[31.59405458,46.80330634],[31.59366965,46.80288351],[31.58755744,46.79943454],[31.58622026,46.80015814],[31.58027887,46.79936504],[31.57151926,46.79605842],[31.56903374,46.79280734],[31.56225204,46.79130137],[31.56072032,46.78890467],[31.55517936,46.78933728],[31.54340768,46.78036022],[31.53426838,46.78063095],[31.53247571,46.77982783],[31.52933741,46.77721846],[31.52788854,46.77341616],[31.52978373,46.76717615],[31.5254997,46.76447916],[31.51504147,46.76899362],[31.51238954,46.77317941],[31.51321745,46.76693451],[31.51356936,46.76629758],[31.51573467,46.76413476],[31.51753592,46.76427364],[31.52126467,46.7578125],[31.52127242,46.7578125],[31.52366507,46.7526319],[31.52369285,46.74688244],[31.52324724,46.74525237],[31.52272201,46.74476373],[31.51867735,46.74372006],[31.51671255,46.73375857],[31.51119161,46.73251116],[31.50636554,46.72739422],[31.505252,46.72701216],[31.50377703,46.72694063],[31.50243604,46.72711873],[31.50255454,46.73300731],[31.50037551,46.74093533],[31.49603295,46.74569356],[31.48943114,46.74924374],[31.47779667,46.75066662],[31.47223091,46.75475824],[31.46668136,46.75661385],[31.46403754,46.75688994],[31.46134675,46.75700271],[31.45341945,46.75481606],[31.44890881,46.75552845],[31.4467262,46.75413156],[31.44189763,46.75415981],[31.43967414,46.7578125],[31.43938291,46.7578125],[31.43634355,46.76160038],[31.43623865,46.76228035],[31.43892038,46.7779752],[31.43463445,46.78718174],[31.43520916,46.79004991],[31.43371642,46.79280055],[31.43487978,46.79507065],[31.43469274,46.79571795],[31.43365467,46.79724801],[31.42896378,46.79917824],[31.42705417,46.80146933],[31.42670524,46.80125844],[31.42870033,46.79423261],[31.42869675,46.79388106],[31.42686021,46.78891826],[31.42858243,46.78569066],[31.43053877,46.78482163],[31.43028855,46.78200614],[31.43319714,46.77636755],[31.43286502,46.7578125],[31.43277276,46.7578125],[31.43283796,46.75677693],[31.43801272,46.75431895],[31.43850005,46.75221086],[31.4424231,46.74944401],[31.44669986,46.7497822],[31.44799793,46.75346565],[31.44925237,46.75356805],[31.45071411,46.75321054],[31.45068645,46.75063336],[31.45951462,46.74613476],[31.46740544,46.74572611],[31.46879232,46.73853803],[31.47284031,46.73413515],[31.47999406,46.72999024],[31.48833883,46.72889447],[31.4852457,46.72441924],[31.48392391,46.71805251],[31.48672271,46.70650566],[31.48663974,46.69959283],[31.48569953,46.6905421],[31.47761285,46.69008481],[31.47340906,46.68807304],[31.4654783,46.6728487],[31.46123445,46.66753137],[31.46118248,46.66394198],[31.45401764,46.66418266],[31.44527233,46.65641534],[31.43615937,46.65603697],[31.42915416,46.65406024],[31.41821325,46.64853287],[31.41396832,46.64121616],[31.41602278,46.63454425],[31.41455245,46.63316727],[31.42140257,46.63136506],[31.41841185,46.62973154],[31.4185822,46.62714624],[31.41843104,46.62704504],[31.41085732,46.62207353],[31.41059935,46.61897492],[31.41025603,46.61866915],[31.40889335,46.61836481],[31.40686655,46.61836445],[31.40051103,46.62118185],[31.39046824,46.62323153],[31.38230395,46.62378824],[31.36924767,46.62255633],[31.3688364,46.62245345],[31.35896802,46.6190716],[31.35502112,46.61550581],[31.35295331,46.60691464],[31.3537333,46.60443282],[31.35192144,46.60084414],[31.3483175,46.59966207],[31.34725714,46.60145235],[31.33392107,46.60481191],[31.30768466,46.60740733],[31.28519332,46.61213756],[31.27272892,46.61185646],[31.25588167,46.60861576],[31.24946487,46.60986066],[31.24051917,46.60955906],[31.20844364,46.62168026],[31.18245423,46.62629735],[31.17366898,46.62772405],[31.17291832,46.62770665],[31.15227771,46.62515044],[31.14754045,46.62410855],[31.13815463,46.62118244],[31.13137555,46.61627805],[31.11229002,46.61548257],[31.11115062,46.6163069],[31.10424185,46.61536837],[31.09315336,46.61241448],[31.06756616,46.60875845],[31.05048013,46.6041187],[31.01895154,46.59908545],[31.02046275,46.60258007],[31.02543128,46.60246456],[31.02697921,46.60310376],[31.02712762,46.60351717],[31.02716041,46.61202657],[31.02488232,46.62063015],[31.02642906,46.62269151],[31.0261929,46.62569881],[31.02314866,46.62846792],[31.02314568,46.63237095],[31.01643026,46.64017975],[31.01635134,46.64047515],[31.01862621,46.64303768],[31.01631212,46.64774895],[31.01777172,46.65098417],[31.01693344,46.65390813],[31.01663113,46.6543982],[31.00468671,46.65799296],[31.0014261,46.65820396],[30.99955583,46.65771174],[30.99624133,46.65595043],[30.99596858,46.65570843],[30.99525452,46.65422773],[30.99537313,46.65385115],[31.00106502,46.65211594],[31.00443697,46.65209103],[31.00756025,46.64830923],[31.00731456,46.6376878],[31.01131391,46.63327241],[31.01192415,46.62820876],[31.01342392,46.62737775],[31.0126512,46.62295043],[31.01415658,46.62199485],[31.01489806,46.61296117],[31.01149905,46.60179996],[31.01378644,46.60015535],[31.01164734,46.59660184],[31.01121652,46.59633064],[31.01005495,46.59719241],[31.00431597,46.59314311],[31.00116003,46.59315622],[30.99787092,46.59230244],[30.99678063,46.59100068],[30.96931076,46.58482838],[30.96224892,46.58449733],[30.95184731,46.58188808],[30.92682326,46.57833862],[30.9159801,46.57404351],[30.90890682,46.57255161],[30.89808726,46.57195735],[30.89121664,46.56782651],[30.87659848,46.56357884],[30.86647403,46.55877745],[30.85575283,46.55530155],[30.84648144,46.55427933],[30.83097517,46.54904234],[30.82772243,46.54987741],[30.82032311,46.54903758],[30.81812334,46.55309427],[30.80989671,46.55729985],[30.80919731,46.55745316],[30.79347897,46.55772698],[30.78111017,46.55577195],[30.77020347,46.55307031],[30.76042485,46.54973972],[30.75737035,46.54824138],[30.75062633,46.54417431],[30.74221778,46.53581965],[30.74123406,46.53248966],[30.73952663,46.53205764],[30.73638713,46.52798307],[30.73670495,46.52269602],[30.73411012,46.5167824],[30.73396361,46.5157454],[30.73840368,46.51241803],[30.73841476,46.51184356],[30.73723805,46.50957584],[30.7355237,46.50901985],[30.73499906,46.50908232],[30.73267055,46.51155222],[30.73018897,46.51199031],[30.72995317,46.51187491],[30.72964835,46.51023281],[30.72982442,46.50964916],[30.73269641,46.50758302],[30.73053074,46.50443757],[30.73463726,46.50357616],[30.73560286,46.50270021],[30.7361567,46.50168824],[30.73407376,46.49931252],[30.73464954,46.49822676],[30.7443521,46.49470723],[30.74187708,46.49126411],[30.74504375,46.48968422],[30.74739742,46.49310994],[30.74907506,46.49420726],[30.74959445,46.49409521],[30.75021505,46.49358773],[30.75038612,46.49278617],[30.74606991,46.48927903],[30.74633503,46.48888195],[30.74702954,46.48815775],[30.74831951,46.48798525],[30.74891925,46.48819256],[30.75099182,46.48994625],[30.75353765,46.48953617],[30.75208783,46.48664606],[30.75618911,46.48466814],[30.75499117,46.48873365],[30.75825441,46.49171436],[30.76034391,46.49093056],[30.76322401,46.48076785],[30.76654243,46.47677207],[30.76342273,46.46365416],[30.76535356,46.45998383],[30.76756024,46.45940018],[30.76892304,46.45235836],[30.77141178,46.44984364],[30.77286231,46.44497824],[30.77260053,46.43657267],[30.76770294,46.42622316],[30.76809168,46.42126524],[30.76564991,46.41722977],[30.76260722,46.41531861],[30.76251245,46.41227484],[30.7602967,46.41113985],[30.75959075,46.40666854],[30.75369787,46.39570332],[30.74982381,46.37985051],[30.75263691,46.37453592],[30.74624658,46.37519956],[30.73859882,46.37275875],[30.71350145,46.35738957],[30.68039358,46.32423925],[30.67766964,46.32044542],[30.67751992,46.3236165],[30.67371535,46.32471406],[30.66826427,46.32370615],[30.66484594,46.32566702],[30.66083097,46.33334017],[30.66303694,46.33576667],[30.66278267,46.33783436],[30.65105975,46.34322667],[30.64443135,46.34936047],[30.6440593,46.35134351],[30.64590228,46.35390627],[30.64403367,46.35841596],[30.64470255,46.36460507],[30.64208877,46.37539065],[30.64388645,46.38021326],[30.64252245,46.38410902],[30.64219952,46.38450634],[30.64050663,46.38448834],[30.63959777,46.38380885],[30.63847828,46.37366831],[30.64057326,46.3684442],[30.63965893,46.36089885],[30.64191675,46.35059154],[30.63992596,46.3456794],[30.64174593,46.34298813],[30.63748145,46.34001994],[30.63572955,46.33696246],[30.62904584,46.34086704],[30.62744331,46.34020317],[30.63149786,46.33555293],[30.63523603,46.33432746],[30.63863933,46.3347311],[30.64223552,46.33840191],[30.64613235,46.34029305],[30.65028262,46.33890843],[30.6508435,46.33862126],[30.65617347,46.33245552],[30.65500498,46.32738876],[30.65734315,46.32165027],[30.65862215,46.32006538],[30.65991783,46.3194046],[30.66515625,46.31831682],[30.66800356,46.31526184],[30.66928601,46.31500065],[30.67007244,46.31512356],[30.67443991,46.31746161],[30.67615914,46.31733048],[30.67698264,46.31696844],[30.67984426,46.31558955],[30.68001151,46.31403756],[30.67985415,46.31372976],[30.66986322,46.30589712],[30.66563797,46.30043185],[30.66338944,46.29673815],[30.66321802,46.28886425],[30.65652025,46.28636515],[30.65372634,46.28386235],[30.65065515,46.28029215],[30.62215602,46.23648918],[30.60047865,46.21577513],[30.58077443,46.19430923],[30.57303274,46.17922938],[30.56718564,46.17177057],[30.56675577,46.16868615],[30.55976284,46.15918076],[30.55687165,46.15954447],[30.55654085,46.15636432],[30.55036676,46.14912105],[30.54403055,46.14592636],[30.54083955,46.14162183],[30.52431107,46.13250506],[30.51290512,46.12460697],[30.50673604,46.1176728],[30.50116956,46.10640025],[30.48558581,46.09025443],[30.47970211,46.07938051],[30.47502136,46.07734084],[30.47371078,46.07708311],[30.47092903,46.07746243],[30.47029865,46.07770526],[30.469751,46.07881606],[30.47518897,46.09003365],[30.47535086,46.09022796],[30.50272167,46.11125433],[30.51019776,46.13517475],[30.51001334,46.14074552],[30.50374186,46.14613128],[30.5004611,46.14753365],[30.49749351,46.14721966],[30.49482143,46.149266],[30.49103355,46.14941835],[30.48346376,46.15372944],[30.47995985,46.15432703],[30.45868051,46.16850805],[30.44461143,46.17358744],[30.43565762,46.18179643],[30.43482482,46.18644691],[30.43222225,46.18956256],[30.42613626,46.19166887],[30.42146552,46.19599032],[30.41638684,46.20631671],[30.43288863,46.22386527],[30.43741846,46.2401489],[30.43489885,46.24161375],[30.43591154,46.24449992],[30.42281234,46.25150204],[30.41798425,46.25565064],[30.41535175,46.26259685],[30.41148853,46.26724935],[30.39503765,46.27364898],[30.36904681,46.27587855],[30.36000705,46.27540135],[30.35737002,46.27650583],[30.35365415,46.28077137],[30.34418488,46.2849822],[30.33116782,46.29564667],[30.32822478,46.30209553],[30.32433176,46.30555296],[30.32846856,46.3129729],[30.32716095,46.31873691],[30.33020794,46.32851195],[30.33103216,46.33881271],[30.32680333,46.34829235],[30.32719195,46.35332108],[30.32507706,46.35839653],[30.32619166,46.36431503],[30.32348394,46.37158883],[30.32069266,46.37381482],[30.31445551,46.37536836],[30.31287742,46.37999725],[30.31022727,46.37967408],[30.30893028,46.3766222],[30.30202723,46.37262356],[30.30094135,46.37065852],[30.30223203,46.36421812],[30.31177294,46.34943986],[30.31126225,46.34411538],[30.30545032,46.33471274],[30.30669475,46.32674503],[30.30334687,46.32127237],[30.28720295,46.30712783],[30.28450036,46.29979372],[30.28310168,46.29787385],[30.28137314,46.29776144],[30.27585936,46.29930496],[30.27297032,46.30341971],[30.26898086,46.30362225],[30.26707292,46.30766082],[30.26568842,46.31936455],[30.26180375,46.32283056],[30.25893044,46.3282516],[30.25619626,46.32921076],[30.24955225,46.34729326],[30.23817205,46.35038698],[30.23293662,46.34852636],[30.23055935,46.35075617],[30.23034894,46.35379004],[30.22775447,46.35361624],[30.22521937,46.35502374],[30.22520947,46.36183965],[30.22696757,46.36506903],[30.234375,46.37388384],[30.24148333,46.37711251],[30.24311984,46.38009632],[30.24114084,46.38543963],[30.2339071,46.39099205],[30.21995807,46.39673102],[30.20197451,46.39846742],[30.19408548,46.39789474],[30.16681421,46.3927896],[30.14127028,46.38178575],[30.13815606,46.37791872],[30.12291956,46.36588275],[30.10568404,46.34726512],[30.10223603,46.34149361],[30.10143328,46.33081627],[30.11065495,46.31734777],[30.11566162,46.31400251],[30.11870527,46.30933285],[30.12739503,46.30109096],[30.13252103,46.29819596],[30.13703275,46.29245365],[30.14210117,46.28976667],[30.14673603,46.28157842],[30.15394056,46.28025508],[30.15591764,46.27810001],[30.16246772,46.27611124],[30.16938794,46.26950061],[30.18664193,46.25760031],[30.19292641,46.25115085],[30.20309794,46.24419272],[30.22742152,46.23474944],[30.22868037,46.23241615],[30.23491836,46.2337898],[30.24872017,46.23149192],[30.25227475,46.22991073],[30.26652491,46.22859085],[30.27886105,46.22437763],[30.28398764,46.22111952],[30.28891051,46.22102594],[30.30666685,46.21275926],[30.30701613,46.20679557],[30.30944657,46.20324075],[30.32073236,46.20280027],[30.33449817,46.19844484],[30.34306467,46.19954276],[30.35120225,46.20326507],[30.35494185,46.20233655],[30.35606515,46.19952857],[30.36143255,46.19814456],[30.36597896,46.18998838],[30.36948931,46.18918335],[30.36873925,46.18711698],[30.37897503,46.18523371],[30.38103104,46.18294597],[30.37944651,46.18255305],[30.38116825,46.18043065],[30.37623346,46.18298626],[30.37402415,46.18080115],[30.37811446,46.17925477],[30.37765515,46.17731154],[30.38028133,46.17439091],[30.37819874,46.17110908],[30.37603736,46.17029834],[30.37525702,46.16352892],[30.37949955,46.15674317],[30.37730324,46.14878178],[30.37847757,46.14173472],[30.38579857,46.13500535],[30.38732648,46.13553715],[30.39025128,46.1328516],[30.39642823,46.13067496],[30.40705395,46.12101555],[30.41673231,46.10892606],[30.41716051,46.09776652],[30.42395484,46.08979523],[30.42737424,46.08106101],[30.43232274,46.0755136],[30.43579531,46.07226121],[30.44107377,46.07046068],[30.44536257,46.06580281],[30.44874215,46.0690521],[30.44878542,46.07065427],[30.45409536,46.07268155],[30.45822966,46.07274294],[30.46176767,46.0749284],[30.47014606,46.07554603],[30.47324276,46.07436144],[30.46967971,46.07080364],[30.45988667,46.06608081],[30.43233836,46.0477283],[30.40004134,46.02011132],[30.35630345,45.98671865],[30.35224354,45.98163426],[30.32343626,45.95749724],[30.34345341,45.97777855],[30.35088015,45.98223102],[30.35973573,45.99181211],[30.37012422,45.99816132],[30.40469873,46.02583516],[30.40736055,46.02919495],[30.41065538,46.03817987],[30.41018152,46.04000855],[30.40799963,46.04113674],[30.41179371,46.04615128],[30.41453612,46.04709792],[30.4120239,46.04951525],[30.41372526,46.05197775],[30.41287625,46.05307186],[30.41180527,46.05352354],[30.41078627,46.04974043],[30.40674114,46.04784822],[30.39925504,46.03853583],[30.39656782,46.03791833],[30.39429986,46.03872323],[30.39016926,46.03635645],[30.38500643,46.03784525],[30.38508773,46.04224944],[30.38225925,46.04558575],[30.36947572,46.05259788],[30.3758496,46.04595077],[30.37588191,46.04227126],[30.38127434,46.03649902],[30.37979865,46.03229535],[30.38522196,46.02695334],[30.38426816,46.02502346],[30.36653101,46.01503015],[30.36553895,46.01326501],[30.36684573,46.01036394],[30.36064231,46.01142442],[30.33408117,46.00185478],[30.32927966,45.99739504],[30.32541728,45.99674058],[30.32178485,45.99394906],[30.3129878,45.98565304],[30.31090653,45.98212755],[30.30756831,45.98127031],[30.30494416,45.97635877],[30.29866457,45.97074747],[30.29358554,45.96903563],[30.29280305,45.97126198],[30.29019237,45.97106504],[30.28985417,45.96908045],[30.29160094,45.96832776],[30.29174566,45.95965815],[30.29561925,45.95185673],[30.30427515,45.94068372],[30.31251335,45.94769597],[30.31592095,45.95323408],[30.32191634,45.95721233],[30.32332861,45.95706165],[30.30812597,45.94238925],[30.30003071,45.93205786],[30.25837696,45.89336705],[30.25022483,45.88626242],[30.234375,45.87388384],[30.21912956,45.86316657],[30.20268154,45.85309112],[30.16786981,45.83402216],[30.15362811,45.82693255],[30.14176631,45.82150745],[30.14014113,45.82173955],[30.13977504,45.82267976],[30.14159441,45.83478975],[30.14152014,45.84394062],[30.13939536,45.84924793],[30.14004767,45.85588884],[30.13604414,45.86015487],[30.1392045,45.87051725],[30.13649666,45.87890625],[30.12955296,45.88180006],[30.12898242,45.88393581],[30.13077855,45.88624525],[30.12566185,45.89494824],[30.1284821,45.89855874],[30.12826383,45.90473664],[30.12564826,45.91147566],[30.12317455,45.91366541],[30.12065434,45.91128457],[30.11867547,45.91375053],[30.11537325,45.91390896],[30.11603665,45.91152573],[30.11381757,45.90896595],[30.1138283,45.90443015],[30.1158396,45.90043843],[30.11019135,45.89414322],[30.11097443,45.88383305],[30.11624634,45.88054371],[30.11662734,45.87855518],[30.10829794,45.87203145],[30.10238981,45.86475992],[30.09209657,45.85553253],[30.09304845,45.84895575],[30.09925437,45.83884728],[30.09145606,45.82409894],[30.09164524,45.81765938],[30.08501577,45.81299925],[30.07877922,45.81253386],[30.0745846,45.82107866],[30.07248676,45.81279266],[30.06859255,45.80815375],[30.06828165,45.80406964],[30.07009184,45.80118775],[30.06272531,45.79804587],[30.06045961,45.79884064],[30.05968726,45.80390227],[30.05598235,45.81075025],[30.03333986,45.83527148],[30.02451825,45.84175205],[30.00377274,45.84978485],[30.0007081,45.85539055],[30.00141454,45.8687849],[29.99877155,45.87135863],[30.00008714,45.89090145],[29.99795651,45.89212835],[29.99553072,45.89744854],[29.99207723,45.90083206],[29.98585784,45.90466535],[29.98223984,45.90454376],[29.98147523,45.90424192],[29.97772837,45.89627814],[29.97262442,45.89323485],[29.9645524,45.88574815],[29.96529317,45.88022387],[29.96215975,45.88001275],[29.96081877,45.87484562],[29.96183217,45.87097526],[29.96044815,45.86821628],[29.96238697,45.86454582],[29.9734621,45.85619998],[29.97299063,45.84931386],[29.97034967,45.84725726],[29.96920502,45.83332658],[29.97420025,45.81630301],[29.97140002,45.80225635],[29.96221113,45.77771151],[29.95733356,45.77044964],[29.95095873,45.77638447],[29.94054806,45.78328395],[29.94064105,45.78478146],[29.9341408,45.78737867],[29.93245447,45.79200685],[29.93213546,45.80063617],[29.93412232,45.80367684],[29.93382406,45.82629395],[29.93005395,45.84150708],[29.9284749,45.84138918],[29.92616332,45.83808911],[29.92873275,45.83045745],[29.92640936,45.8281455],[29.92086101,45.81003082],[29.91776347,45.79367685],[29.91947544,45.78451812],[29.91527593,45.77610385],[29.91775036,45.76928985],[29.93268454,45.74652886],[29.93598831,45.73762262],[29.93558717,45.73726165],[29.92518556,45.74294305],[29.90760183,45.75011361],[29.90948546,45.75725925],[29.90708864,45.75916886],[29.90234435,45.75777638],[29.90126395,45.75849056],[29.89817965,45.77074015],[29.89190185,45.78039098],[29.89397764,45.78220606],[29.89315867,45.78382278],[29.88933921,45.78248787],[29.8828125,45.78738844],[29.8828125,45.78515625],[29.88403153,45.78088546],[29.88751984,45.77834451],[29.8875643,45.76804376],[29.88516724,45.76206994],[29.88129103,45.75856638],[29.8810147,45.75251114],[29.85831237,45.75270855],[29.83453941,45.74946213],[29.83292854,45.75424433],[29.8290385,45.75702822],[29.82532346,45.74903715],[29.82584298,45.74831283],[29.82932901,45.74874091],[29.81178093,45.74180615],[29.80095661,45.73271716],[29.79958475,45.72972631],[29.7952913,45.73032665],[29.7942574,45.73349226],[29.79108095,45.73472512],[29.78921485,45.73409104],[29.78881812,45.72990656],[29.79461968,45.71973777],[29.79643404,45.71971142],[29.79779923,45.72296131],[29.79883862,45.72284961],[29.79962516,45.71821475],[29.79707456,45.71822727],[29.79737902,45.71535027],[29.80006886,45.71575797],[29.805812,45.70575702],[29.81167817,45.69937634],[29.81239808,45.69426322],[29.82420361,45.68166554],[29.82776654,45.68159926],[29.83385813,45.68719387],[29.86212075,45.67703354],[29.87343144,45.67498422],[29.88338077,45.67609811],[29.8943783,45.68028498],[29.89467526,45.68042827],[29.89730263,45.68225694],[29.89773726,45.68488908],[29.90426516,45.68602955],[29.91649878,45.69230294],[29.92802775,45.70031035],[29.94856226,45.70957148],[29.96609616,45.72066486],[29.97483313,45.72465062],[29.9759047,45.72530055],[29.98298621,45.73130774],[30.00056565,45.73986638],[30.00829601,45.74673045],[30.01084685,45.74701834],[30.02510798,45.75471556],[30.03354406,45.76050186],[30.0350188,45.76339114],[30.05152035,45.77232242],[30.05445886,45.77591693],[30.05810428,45.77712297],[30.07071245,45.78694475],[30.08622813,45.79574275],[30.09340072,45.79830503],[30.09641814,45.80176425],[30.09807253,45.80124533],[30.10382342,45.80415726],[30.10724974,45.80808067],[30.10943413,45.80713952],[30.12794673,45.81714106],[30.12879026,45.81854665],[30.13100493,45.81814384],[30.13309967,45.81974435],[30.13348126,45.81965923],[30.1334753,45.81788445],[30.13305116,45.81759357],[30.12940896,45.8166821],[30.11076605,45.80607176],[30.1087327,45.80601835],[30.10416937,45.8020277],[30.09596503,45.79869676],[30.09189332,45.79561424],[30.08653605,45.79378057],[30.07265461,45.78551507],[30.06054211,45.77670777],[30.05804896,45.77608526],[30.02589774,45.75304985],[30.01476085,45.747069],[30.01403093,45.74544036],[30.00725651,45.74265885],[29.99384415,45.73412263],[29.98753285,45.73196387],[29.98642457,45.73021972],[29.96868742,45.71979916],[29.92293346,45.69557965],[29.91663814,45.69046974],[29.90537226,45.68550515],[29.88927603,45.67467761],[29.8828125,45.67215395],[29.85505855,45.65348887],[29.83864665,45.64449143],[29.82215297,45.6373893],[29.78355014,45.61726964],[29.77324188,45.61323225],[29.7736845,45.61224926],[29.77040815,45.61061895],[29.76717687,45.60946298],[29.76678061,45.60975432],[29.76804614,45.61231184],[29.77744126,45.61659348],[29.78195083,45.61745405],[29.78392267,45.62015665],[29.78775954,45.62094414],[29.83416533,45.64461935],[29.82444656,45.64705741],[29.82039595,45.64684105],[29.81787717,45.64837158],[29.81452787,45.64736784],[29.81227601,45.64417195],[29.80443406,45.64342177],[29.80371904,45.64643514],[29.79741764,45.64930141],[29.78495002,45.64937878],[29.78367996,45.64751017],[29.79351175,45.64193845],[29.78875577,45.63742077],[29.78771424,45.63282466],[29.77861655,45.63279307],[29.77694786,45.62749386],[29.77848947,45.61954057],[29.77003193,45.61432373],[29.75950694,45.61740065],[29.75765371,45.62039041],[29.75437474,45.62037778],[29.75528646,45.61855662],[29.74342763,45.61815441],[29.73632944,45.62179577],[29.73613644,45.62003684],[29.74130392,45.61758316],[29.73704934,45.61595571],[29.73810732,45.61414003],[29.74294496,45.61209047],[29.74996746,45.61212981],[29.74128675,45.61123741],[29.74344897,45.60941863],[29.74096191,45.60854125],[29.74441195,45.60635042],[29.74501383,45.59970295],[29.75009441,45.60195315],[29.75160634,45.60473013],[29.75891113,45.60724413],[29.75961578,45.60639465],[29.73806036,45.59502888],[29.73310983,45.59082031],[29.72423196,45.58645582],[29.7229619,45.58421576],[29.71224201,45.57892025],[29.69177115,45.56536377],[29.68648505,45.55934918],[29.64769244,45.52863598],[29.64799845,45.52692497],[29.64557075,45.52387714],[29.63532841,45.51576436],[29.63083601,45.50995111],[29.62708914,45.50838041],[29.6241399,45.50435245],[29.62152731,45.49815917],[29.62302256,45.49014747],[29.62609124,45.48568845],[29.62559998,45.48490035],[29.62270081,45.48703372],[29.62192845,45.48561895],[29.62372982,45.48393822],[29.62112105,45.48214161],[29.61849976,45.48472297],[29.61400366,45.48457265],[29.61355233,45.48100126],[29.61679494,45.47494292],[29.61034071,45.47942555],[29.61145055,45.48395717],[29.60948396,45.48642075],[29.6092447,45.48660862],[29.60598123,45.48551607],[29.60404396,45.48137462],[29.60404813,45.48094726],[29.60677302,45.47619677],[29.61375773,45.47101796],[29.61597836,45.47007835],[29.61901355,45.46961355],[29.61946881,45.46962404],[29.62334812,45.47089005],[29.62641895,45.47526836],[29.63041484,45.47448516],[29.63249481,45.47264981],[29.62967896,45.46999204],[29.63437104,45.46415567],[29.63295746,45.46194768],[29.64283264,45.45680916],[29.64999366,45.45110095],[29.65455318,45.45316613],[29.65437126,45.45462525],[29.65700865,45.45831895],[29.65910256,45.4591366],[29.66021764,45.46192265],[29.66003561,45.46759403],[29.65348983,45.46575522],[29.65146434,45.46629143],[29.65063715,45.46898973],[29.65245605,45.47316575],[29.65970087,45.47632003],[29.66048622,45.47650588],[29.66583538,45.47609591],[29.66974068,45.47457302],[29.67689335,45.47005653],[29.67718184,45.46975374],[29.67690885,45.46702015],[29.67245781,45.46549225],[29.67274225,45.46305025],[29.67684817,45.46127355],[29.67867816,45.4588896],[29.68249583,45.45774686],[29.68292844,45.45693302],[29.67903125,45.45549405],[29.68156076,45.45371306],[29.68675113,45.45676017],[29.68554151,45.45748401],[29.6846385,45.45557427],[29.68365586,45.45654738],[29.68212795,45.45959425],[29.68263614,45.46379316],[29.68785536,45.46689653],[29.69197154,45.4668889],[29.69333374,45.46815968],[29.69523418,45.46616363],[29.69986677,45.46499062],[29.70014465,45.46243966],[29.70363796,45.45801938],[29.70699441,45.45862687],[29.70900655,45.45784056],[29.70698225,45.46157205],[29.70882416,45.46319902],[29.70745206,45.46482825],[29.71351564,45.46331573],[29.71249437,45.46541214],[29.70885575,45.46628606],[29.70842767,45.4673413],[29.71800983,45.46774363],[29.72250104,45.47095764],[29.72326732,45.46992648],[29.71736181,45.46219695],[29.71696341,45.46144414],[29.71601105,45.45786345],[29.71568203,45.45378697],[29.71603656,45.45171654],[29.71640933,45.45103872],[29.71925485,45.44852436],[29.71873426,45.44750226],[29.71792936,45.44688833],[29.69716513,45.43920362],[29.68373907,45.43616354],[29.66620076,45.43440115],[29.65624833,45.43162286],[29.62639034,45.41350436],[29.61987615,45.40831268],[29.61215007,45.39409625],[29.60652673,45.39176965],[29.59977174,45.39161456],[29.59770131,45.39181185],[29.58746076,45.39467931],[29.58310497,45.39626324],[29.55806434,45.40627921],[29.55227447,45.41093302],[29.55148935,45.41174281],[29.54749513,45.42647016],[29.54028821,45.43630636],[29.53125,45.44391727],[29.52818394,45.44583941],[29.52424836,45.44804347],[29.51307833,45.4524188],[29.50853574,45.45333552],[29.50427616,45.45393252],[29.47861493,45.45563614],[29.43286991,45.44460881],[29.43126178,45.44422591],[29.42149663,45.44416654],[29.40082216,45.43951452],[29.38831568,45.44189072],[29.36964095,45.43868816],[29.35449028,45.43898451],[29.35318434,45.43922901],[29.34828806,45.44089973],[29.33558524,45.44844306],[29.33120561,45.44974732],[29.32609761,45.44974732],[29.31626618,45.44570434],[29.29789841,45.43036473],[29.29289687,45.42843008],[29.28899682,45.42776382],[29.28475904,45.42773426],[29.27230382,45.42933667],[29.26711106,45.43155313],[29.26143432,45.43675125],[29.24878991,45.43893635],[29.24229324,45.4414469],[29.23723125,45.44561136],[29.2317245,45.44637895],[29.23104215,45.44626093],[29.22008884,45.44167566],[29.21737993,45.43825233],[29.20857286,45.4324578],[29.20241964,45.42565787],[29.19846594,45.4181571],[29.18489742,45.41247237],[29.17645514,45.40001178],[29.17075038,45.39682186],[29.13776851,45.38591194],[29.12333274,45.38299966],[29.11876404,45.3832221],[29.11394334,45.38613105],[29.10432315,45.38892126],[29.07901776,45.38678575],[29.07221985,45.38444817],[29.05408382,45.37360036],[29.04606974,45.36647224],[29.04042673,45.36318791],[29.02433526,45.36408865],[29.01214325,45.36125386],[28.99393141,45.35931754],[28.98450744,45.35628355],[28.97465158,45.34766674],[28.96138406,45.33135164],[28.95811141,45.32895791],[28.95652533,45.32905662],[28.95493126,45.32546151],[28.9553982,45.32204986],[28.94719362,45.31437147],[28.94646251,45.31055832],[28.95183551,45.30078065],[28.95362651,45.29422426],[28.95108736,45.28626514],[28.94396925,45.28216827],[28.92883265,45.28378737],[28.9146142,45.29062665],[28.91353035,45.29234457],[28.91036487,45.29194844],[28.90836334,45.29510641],[28.89343786,45.30376041],[28.87886655,45.31586683],[28.86816967,45.31815636],[28.86266255,45.31756854],[28.86078715,45.31891775],[28.86137116,45.31751597],[28.85881543,45.31683862],[28.84795713,45.31828964],[28.8473227,45.31847572],[28.83426094,45.32508385],[28.82170451,45.33656311],[28.80777907,45.33931625],[28.80647361,45.33821535],[28.79900396,45.33826578],[28.79857385,45.33807218],[28.78276491,45.33025956],[28.77891767,45.32578444],[28.77872491,45.32492936],[28.77909005,45.3221004],[28.78067672,45.32076442],[28.80438721,45.31149733],[28.80277705,45.30598748],[28.79559386,45.29669786],[28.78635883,45.29244006],[28.76433647,45.29293931],[28.75981915,45.29219842],[28.75395977,45.28987431],[28.74938285,45.28499925],[28.74938202,45.28029072],[28.75288916,45.27552843],[28.75399601,45.27025115],[28.75903511,45.26413977],[28.75958002,45.26363528],[28.76698601,45.26053584],[28.78080225,45.25945735],[28.78529072,45.2581923],[28.78770244,45.25617373],[28.79205585,45.24983835],[28.7924937,45.24707031],[28.79241943,45.24337876],[28.78750062,45.24026382],[28.77886462,45.23850107],[28.77775204,45.2383244],[28.76138341,45.23791516],[28.74626017,45.23570287],[28.74558342,45.23555815],[28.72668958,45.22762895],[28.72592711,45.22735226],[28.71774447,45.22537565],[28.70045865,45.22843361],[28.66048026,45.24268794],[28.64571035,45.24588156],[28.62511945,45.24797881],[28.58602977,45.24776781],[28.57622254,45.24835527],[28.57068825,45.24950993],[28.56880057,45.25003874],[28.56424415,45.25178802],[28.54326892,45.26269841],[28.51144755,45.27199042],[28.48597562,45.28259575],[28.45209217,45.29318345],[28.37706506,45.31336653],[28.35360432,45.32148015],[28.35015655,45.32340443],[28.34714723,45.32553005],[28.33492506,45.33885837],[28.32540655,45.35384631],[28.31377316,45.36742067],[28.31411302,45.36914074],[28.30978441,45.37228823],[28.30035186,45.38325346],[28.29360724,45.39407885],[28.29239905,45.39917076],[28.29021597,45.4004997],[28.28790498,45.41097784],[28.29089451,45.41082537],[28.29411352,45.4136306],[28.29255855,45.41806161],[28.28996646,45.41390896],[28.28825104,45.41262901],[28.28752363,45.41336036],[28.28688443,45.41870606],[28.28984201,45.42832315],[28.28796852,45.43048632],[28.28822064,45.43509126],[28.28551936,45.44202018],[28.28141642,45.44797397],[28.27382135,45.45334804],[28.26264513,45.45793963],[28.22804284,45.46694481],[28.22678375,45.46720624],[28.21289778,45.46872211],[28.21268678,45.46762705]],[[31.93913345,46.93874542],[31.94354105,46.93429124],[31.93974102,46.93559396],[31.93913345,46.93874542]],[[31.93913258,46.93874991],[31.93913345,46.93874542],[31.93913043,46.93874848],[31.93913258,46.93874991]],[[28.44285262,45.28644466],[28.44504714,45.28720415],[28.44674563,45.28717983],[28.44833851,45.28693068],[28.4491986,45.28625715],[28.44894934,45.28581655],[28.44736421,45.28509736],[28.44516015,45.28487325],[28.44285262,45.28644466]],[[28.96912575,45.3341583],[28.97549725,45.34309161],[28.99018621,45.35517061],[28.99141586,45.35560203],[28.99826002,45.35750794],[29.00816834,45.35800886],[29.02885175,45.36153448],[29.03058374,45.36153436],[29.04052281,45.36051977],[29.04057908,45.36007893],[29.03812444,45.35822487],[29.03055274,45.35356677],[29.02595341,45.3515625],[29.00845945,45.34567392],[28.99296618,45.33514106],[28.98985195,45.33401394],[28.98182881,45.33209431],[28.98086643,45.33209646],[28.96912575,45.3341583]],[[29.0454849,45.36176956],[29.05203366,45.36911023],[29.06041193,45.37431693],[29.06991506,45.37742174],[29.07078552,45.38048577],[29.07210803,45.38180494],[29.07659733,45.38416886],[29.07799935,45.38462234],[29.09010863,45.38671875],[29.10388267,45.38668764],[29.10765505,45.38611138],[29.10839474,45.38592875],[29.11821246,45.38154984],[29.11810875,45.38135052],[29.11126685,45.37765193],[29.11077893,45.3774538],[29.10460806,45.37563765],[29.08534253,45.37497127],[29.08061361,45.37329006],[29.07386231,45.36752546],[29.05920935,45.36080217],[29.05290878,45.36028445],[29.04569244,45.36135411],[29.0454849,45.36176956]],[[29.20253694,45.41967952],[29.20343184,45.42395115],[29.20611763,45.42787671],[29.20716774,45.42923355],[29.21285975,45.43356585],[29.21769965,45.43562925],[29.21835995,45.43585527],[29.22811615,45.43350315],[29.22908211,45.43338692],[29.23756254,45.43378317],[29.22510731,45.42443156],[29.21683002,45.42023027],[29.21242893,45.41883516],[29.20253694,45.41967952]],[[29.21791017,45.43788135],[29.22009075,45.44083095],[29.23157167,45.44562066],[29.23821485,45.44359803],[29.24134636,45.44101524],[29.24708235,45.43656766],[29.22908378,45.43422532],[29.21791017,45.43788135]],[[29.35938263,45.43130004],[29.35976136,45.43247807],[29.36069083,45.43369901],[29.37011123,45.43362308],[29.38389516,45.43725038],[29.39163017,45.43529725],[29.40152597,45.43585527],[29.42180884,45.44084823],[29.42863596,45.44076657],[29.43213677,45.43942368],[29.43680382,45.43553114],[29.44283438,45.43159831],[29.45755684,45.42835927],[29.45797443,45.42822433],[29.4722898,45.42244077],[29.47982597,45.42083037],[29.48018837,45.42005825],[29.47942162,45.41978252],[29.47181904,45.41790891],[29.46178532,45.41194975],[29.44417083,45.40867007],[29.42267871,45.40867341],[29.41468167,45.40632236],[29.40464234,45.40761554],[29.39114571,45.40772724],[29.36326826,45.42288435],[29.35938263,45.43130004]],[[29.38951445,45.43802345],[29.38993776,45.43877244],[29.39101303,45.43920314],[29.39470005,45.43854463],[29.39897585,45.43796766],[29.39361787,45.43617415],[29.39071548,45.43656993],[29.38951445,45.43802345]],[[29.43624151,45.4421072],[29.43646264,45.44215906],[29.44479775,45.44534993],[29.44546163,45.4455533],[29.45951438,45.44830012],[29.46369004,45.45028961],[29.47157335,45.45249915],[29.47867775,45.45393395],[29.48575413,45.45393252],[29.48759603,45.453336],[29.51198614,45.45068037],[29.51986122,45.44779885],[29.52776575,45.44336736],[29.52848744,45.4428637],[29.53475678,45.43755364],[29.54243982,45.42880654],[29.54582465,45.42201054],[29.54824007,45.41159534],[29.54777634,45.41106343],[29.54623687,45.41106677],[29.5291326,45.41409194],[29.51399457,45.41705322],[29.49967694,45.42072928],[29.49264658,45.42078841],[29.47684574,45.42334163],[29.47616351,45.42351961],[29.46246147,45.42910457],[29.44197977,45.43378246],[29.44134843,45.43400764],[29.43885493,45.43625236],[29.43634164,45.44026041],[29.43624151,45.4421072]],[[29.59904015,45.38730073],[29.59914756,45.38753581],[29.59936714,45.38759518],[29.60970736,45.38981736],[29.61423552,45.39333296],[29.61751735,45.4005568],[29.62265766,45.40577412],[29.64014423,45.41917145],[29.64916086,45.42290962],[29.65774524,45.42826521],[29.66904914,45.43105304],[29.67906845,45.43027735],[29.67720747,45.43284023],[29.68024445,45.43430161],[29.68693876,45.434026],[29.69898605,45.43700671],[29.69946933,45.43714702],[29.71853077,45.44395936],[29.72139764,45.44586384],[29.72290707,45.44680798],[29.72429276,45.446913],[29.73458493,45.44535255],[29.73926055,45.45002937],[29.74279666,45.45167124],[29.76065683,45.45675945],[29.76777744,45.45678067],[29.77938557,45.46130192],[29.78012705,45.46146965],[29.78138804,45.46137798],[29.78191996,45.45727897],[29.78180075,45.45172453],[29.77855611,45.44108045],[29.77211571,45.43430674],[29.77591026,45.44727266],[29.77605295,45.4501754],[29.77357805,45.451671],[29.77125216,45.45184803],[29.76230311,45.44808054],[29.76130474,45.4437741],[29.75620532,45.44471073],[29.75551224,45.44416511],[29.75537217,45.44380546],[29.75560272,45.43905306],[29.76045871,45.43798018],[29.76137996,45.4320358],[29.7658689,45.42453682],[29.76478803,45.42166901],[29.76674724,45.41861558],[29.76228094,45.41379392],[29.75852251,45.41595936],[29.75749671,45.41165304],[29.75350392,45.41033685],[29.75427842,45.40319633],[29.75160634,45.39630067],[29.74946356,45.39567232],[29.74823082,45.39271605],[29.75013423,45.39184594],[29.75503576,45.3942064],[29.75677848,45.39859772],[29.75603926,45.39996231],[29.75413251,45.39976728],[29.75386715,45.40122283],[29.75840795,45.40508437],[29.75654745,45.40636766],[29.75647175,45.40925086],[29.75793731,45.40908182],[29.76004934,45.40829515],[29.76113605,45.40584695],[29.75382364,45.38006556],[29.75366545,45.36911345],[29.7573781,45.35406673],[29.76452994,45.34229827],[29.76475,45.34172273],[29.76432323,45.34061885],[29.76372016,45.34024704],[29.75945091,45.34054065],[29.73538184,45.34182584],[29.72045946,45.34640884],[29.71473742,45.34940434],[29.70394695,45.35131311],[29.69601476,45.35024714],[29.68783116,45.3474369],[29.67397284,45.34790576],[29.66633034,45.34578896],[29.65872347,45.34125328],[29.65418446,45.34126973],[29.65067732,45.34238863],[29.64293194,45.34729433],[29.62427056,45.36243641],[29.61332035,45.37396705],[29.60309458,45.38196552],[29.59904015,45.38730073]],[[29.62627137,45.47826505],[29.62704313,45.47945344],[29.62922585,45.48021674],[29.63017821,45.4801228],[29.63824224,45.47800064],[29.64607155,45.47484934],[29.64638865,45.47468674],[29.6493237,45.47249043],[29.64887798,45.47101295],[29.64710104,45.47136807],[29.64555788,45.47357571],[29.63489032,45.47539484],[29.63035154,45.47779524],[29.62636137,45.47783732],[29.62627137,45.47826505]],[[29.65449023,45.33856368],[29.65513861,45.33889914],[29.67168367,45.34563375],[29.68935406,45.34626985],[29.7016865,45.34960926],[29.71196985,45.34882951],[29.73460412,45.34015143],[29.74359047,45.3403722],[29.75840461,45.33842218],[29.75902545,45.33806014],[29.76591802,45.32221401],[29.76591802,45.3217684],[29.76230097,45.31244695],[29.75596547,45.3064692],[29.74985266,45.30413592],[29.75210226,45.30226743],[29.74428797,45.28678477],[29.74151671,45.27459514],[29.74135935,45.24731791],[29.73814738,45.24321616],[29.73406851,45.24313104],[29.73274851,45.24182904],[29.73755598,45.24093175],[29.74046588,45.24296153],[29.7441802,45.24116576],[29.75343645,45.22686255],[29.75663602,45.22447395],[29.75725997,45.2229135],[29.75634813,45.22240281],[29.74701226,45.22270012],[29.74633157,45.22284246],[29.73538494,45.2266047],[29.72470284,45.23291194],[29.71843147,45.23630893],[29.71763635,45.23685455],[29.7162863,45.23909426],[29.71007657,45.24165273],[29.70258105,45.24609792],[29.69120085,45.25383472],[29.68704224,45.25787663],[29.683182,45.26270485],[29.67975581,45.26969814],[29.67603505,45.28475106],[29.67270315,45.29119122],[29.671754,45.30731726],[29.66510725,45.31743372],[29.66202033,45.32768893],[29.65932632,45.33265233],[29.65449023,45.33856368]],[[29.70690453,45.46894026],[29.71317601,45.47174871],[29.71820235,45.476161],[29.72401047,45.47824991],[29.72998834,45.48430252],[29.73234582,45.48499644],[29.73453033,45.4865936],[29.7472738,45.49011767],[29.73922885,45.48350525],[29.72609663,45.47268856],[29.72078454,45.47249675],[29.7178061,45.46850157],[29.70690453,45.46894026]],[[29.71765411,45.45274007],[29.71879184,45.45937216],[29.72280371,45.46696401],[29.72510576,45.47000563],[29.74219441,45.48323202],[29.74993384,45.48911834],[29.75443065,45.48916948],[29.75444245,45.48891425],[29.74653065,45.48155677],[29.74626577,45.48099875],[29.74506843,45.47701144],[29.74507201,45.47668767],[29.74638534,45.47105515],[29.74847484,45.46953511],[29.74387681,45.46455407],[29.74423063,45.46432388],[29.74762726,45.46322143],[29.74941981,45.46369076],[29.7513051,45.46618545],[29.75287437,45.46612167],[29.75216126,45.46745372],[29.75409055,45.46750677],[29.75601745,45.47118783],[29.75749898,45.47090483],[29.75726783,45.46734452],[29.76090658,45.47099125],[29.75990677,45.46888173],[29.76163173,45.46808505],[29.76234305,45.46794272],[29.76689315,45.47090805],[29.77098405,45.46832657],[29.77519751,45.46806645],[29.77604496,45.4682821],[29.77931237,45.47032332],[29.77725792,45.47334206],[29.77847338,45.47372985],[29.78586638,45.46514583],[29.78573465,45.46469581],[29.74675596,45.45421147],[29.73824441,45.45030308],[29.73493254,45.44727981],[29.72309935,45.44811511],[29.7227385,45.44831085],[29.71765411,45.45274007]],[[29.74429548,45.61008954],[29.74431634,45.61031485],[29.74729764,45.61072445],[29.74779797,45.61058497],[29.74629188,45.60945284],[29.74641228,45.60920405],[29.74862516,45.60832345],[29.74803746,45.60780883],[29.74742365,45.60774195],[29.74429548,45.61008954]],[[29.76103938,45.60914648],[29.76120615,45.60981214],[29.76273835,45.61107635],[29.7631855,45.61097586],[29.76590121,45.60912394],[29.76234734,45.60739708],[29.76192307,45.60727227],[29.76103938,45.60914648]],[[29.76754844,45.48602533],[29.76916885,45.48614132],[29.77008295,45.48524725],[29.77368855,45.48157251],[29.77550685,45.47808707],[29.77465975,45.47804964],[29.76963365,45.48176944],[29.77030075,45.48311234],[29.76754844,45.48602533]],[[29.76835525,45.43163955],[29.76878476,45.4319545],[29.77141416,45.43152416],[29.77183711,45.43117464],[29.77156615,45.43011606],[29.77068114,45.43001902],[29.76866663,45.43085027],[29.76835525,45.43163955]],[[30.20042706,45.25697696],[30.20609665,45.25706291],[30.20786464,45.2567625],[30.20585287,45.25568962],[30.20609665,45.25281417],[30.20560896,45.25234222],[30.20170736,45.25272834],[30.20042706,45.25697696]],[[31.40656173,46.59975398],[31.40794635,46.6018213],[31.41110742,46.60265195],[31.41150355,46.60227931],[31.41462815,46.59793544],[31.41481912,46.59730077],[31.4138875,46.5941509],[31.41337883,46.59406567],[31.41168988,46.59447157],[31.41102886,46.59524524],[31.40993857,46.59861922],[31.40656173,46.59975398]],[[31.51125085,46.34518266],[31.51286328,46.35249281],[31.51612616,46.36121702],[31.52171814,46.36728084],[31.52622426,46.36851513],[31.53294444,46.36896825],[31.53499305,46.36757863],[31.53741395,46.33970416],[31.53737128,46.33569252],[31.53423131,46.32310247],[31.53378534,46.31487155],[31.53423131,46.30969977],[31.53650463,46.30151427],[31.53973615,46.2950834],[31.54336166,46.28948891],[31.55331457,46.2771461],[31.56443191,46.26751173],[31.56502044,46.26723015],[31.58499515,46.2560606],[31.58871627,46.25432253],[31.59767294,46.25078034],[31.6013031,46.24950886],[31.61279452,46.24643958],[31.61434901,46.24616075],[31.62858415,46.24472821],[31.64163291,46.24497771],[31.64678717,46.24528623],[31.66504812,46.24941242],[31.67712164,46.24947238],[31.68007743,46.24730873],[31.67948163,46.24389863],[31.67313731,46.24439013],[31.6544013,46.23664475],[31.65066385,46.23738468],[31.64840782,46.23597503],[31.64235091,46.236202],[31.64150608,46.23543465],[31.64630902,46.23328817],[31.66438985,46.22998786],[31.6733216,46.22960484],[31.69104505,46.22440183],[31.69413924,46.22383916],[31.72026503,46.22028077],[31.73628783,46.21682632],[31.74501455,46.21714854],[31.74822736,46.21545231],[31.75113225,46.21617341],[31.76705456,46.21156251],[31.77852154,46.20985091],[31.78801596,46.20979178],[31.8105756,46.20403016],[31.83220065,46.2025367],[31.84443486,46.19842446],[31.85278261,46.19842076],[31.85618818,46.19657743],[31.86888313,46.19757414],[31.87061763,46.19577587],[31.87245536,46.19724071],[31.87321806,46.19714522],[31.89044297,46.19203103],[31.91484034,46.18808746],[31.9394263,46.18686748],[31.94388986,46.18495584],[31.95468688,46.18312335],[31.96919835,46.18295836],[31.9714998,46.18198311],[31.97458386,46.183007],[31.98651576,46.17883182],[31.99679935,46.17854083],[32.00120175,46.1772418],[32.00882506,46.17705345],[32.01007676,46.17609108],[32.02278566,46.17713416],[32.03024936,46.17563307],[32.02145457,46.17420745],[31.99087942,46.1766479],[31.92854089,46.18501836],[31.86620235,46.19338882],[31.82960022,46.19898784],[31.82295632,46.20086157],[31.76167905,46.21072543],[31.72157323,46.21770084],[31.65191364,46.23046875],[31.640625,46.23325884],[31.60592377,46.24361241],[31.57626593,46.25787926],[31.56220865,46.26590395],[31.55557954,46.27058303],[31.54305828,46.27999425],[31.52830565,46.29527903],[31.52294242,46.30260265],[31.51614285,46.31593061],[31.51286328,46.32445884],[31.51132321,46.33312726],[31.51125085,46.34518266]],[[31.55814254,46.57128894],[31.55926538,46.57503045],[31.56204534,46.57009292],[31.56207216,46.56972075],[31.56057656,46.56959975],[31.55914903,46.57003737],[31.55814254,46.57128894]],[[31.7207278,46.42843175],[31.72092998,46.42940843],[31.72173917,46.42940843],[31.72732675,46.42589438],[31.72701716,46.42557967],[31.72538686,46.42539024],[31.7250247,46.42552435],[31.7207278,46.42843175]],[[31.7286576,46.42260337],[31.73030782,46.42377925],[31.73172605,46.42317367],[31.73240995,46.42286456],[31.73496437,46.41538346],[31.73793864,46.41173744],[31.75462675,46.40056622],[31.76814485,46.38555825],[31.76867068,46.38485682],[31.76896965,46.38315058],[31.76692677,46.38456702],[31.76258326,46.38448656],[31.75754964,46.38705695],[31.76269805,46.38345897],[31.76577306,46.37929237],[31.76482678,46.37771654],[31.76515865,46.37733102],[31.7669456,46.37778425],[31.77028561,46.38048291],[31.77460575,46.37633312],[31.77498162,46.37289107],[31.76947868,46.37363493],[31.76630676,46.37607336],[31.76362276,46.37655485],[31.76562881,46.37408698],[31.76918876,46.37262726],[31.76684213,46.37218356],[31.75840735,46.37768865],[31.75813746,46.37800086],[31.74431372,46.39525688],[31.73789275,46.40716672],[31.73478007,46.41227925],[31.72889686,46.41972208],[31.72868681,46.42014313],[31.7286576,46.42260337]],[[31.73023176,46.27291834],[31.73053503,46.27474642],[31.73199141,46.27598917],[31.7322824,46.27591562],[31.73439765,46.27318776],[31.73846495,46.27220106],[31.73981786,46.27120161],[31.73964477,46.27096176],[31.73680115,46.27059627],[31.73477495,46.27205205],[31.73318422,46.27096975],[31.73040295,46.2723639],[31.73023176,46.27291834]],[[31.75640213,46.30292463],[31.75902367,46.30703235],[31.75868428,46.3048141],[31.75711846,46.30275035],[31.75640213,46.30292463]],[[31.76516354,46.31428242],[31.76858306,46.31684542],[31.77214825,46.3186928],[31.77362573,46.3183825],[31.77303302,46.31579852],[31.77083862,46.31566167],[31.77037787,46.31420958],[31.76748621,46.31443012],[31.76601756,46.31279826],[31.7656821,46.31300187],[31.76516354,46.31428242]],[[31.82725048,46.26966965],[31.8290019,46.26973403],[31.83029795,46.26804948],[31.83170474,46.26678383],[31.83147025,46.26652396],[31.82997894,46.26681125],[31.82725048,46.26966965]],[[31.86468315,46.27138484],[31.86561275,46.27157664],[31.86668944,46.27093995],[31.86742783,46.27057934],[31.86790121,46.27040255],[31.86823022,46.27029955],[31.86840105,46.27016056],[31.86835241,46.26997745],[31.86805594,46.26984763],[31.86762381,46.26984191],[31.86732674,46.26996124],[31.86715853,46.27014816],[31.86689425,46.27034605],[31.86636782,46.27060962],[31.86565185,46.27096915],[31.8650794,46.27121925],[31.86468315,46.27138484]],[[31.88324904,46.30767047],[31.88959277,46.31006002],[31.89027858,46.30848646],[31.89213336,46.30811095],[31.89285052,46.30741096],[31.89295375,46.30712581],[31.89156616,46.30692935],[31.89061296,46.30642426],[31.88792443,46.30653715],[31.88324904,46.30767047]],[[31.89319205,46.28216386],[31.8940649,46.28602874],[31.89432085,46.2859472],[31.89678621,46.28482604],[31.89333367,46.28220737],[31.89319205,46.28216386]],[[31.90460014,46.52736938],[31.90681553,46.52680242],[31.90726972,46.52645516],[31.90714073,46.52555275],[31.90621185,46.52529657],[31.90507031,46.52593815],[31.90460014,46.52736938]],[[31.94892693,46.50100136],[31.95150721,46.50691462],[31.95448041,46.50603986],[31.95918965,46.50832522],[31.95709646,46.50628412],[31.95674145,46.50588024],[31.95134318,46.50502026],[31.95108032,46.50282085],[31.95146275,46.50210965],[31.95332825,46.50100398],[31.94892693,46.50100136]],[[31.96920574,46.20370817],[31.97184885,46.20308304],[31.97202253,46.20258462],[31.97140074,46.19905424],[31.97106087,46.19864976],[31.96974075,46.19845057],[31.96931791,46.19885731],[31.96920574,46.20370817]],[[31.97471094,46.49812627],[31.97478426,46.50214553],[31.97724163,46.50273442],[31.97824526,46.50191724],[31.97865856,46.50202072],[31.97963631,46.50339031],[31.98084164,46.50318301],[31.9810853,46.50214136],[31.98062766,46.50179482],[31.97791493,46.50106895],[31.97662628,46.50071704],[31.97617555,46.50037575],[31.97662878,46.49869847],[31.97471094,46.49812627]],[[31.98610544,46.25496554],[31.99042738,46.25506365],[31.9921875,46.25474334],[31.99407673,46.25360525],[31.9921875,46.25362706],[31.98610544,46.25496554]],[[31.98963237,46.49492347],[31.99398232,46.49909866],[31.99378026,46.50124454],[31.99182618,46.50135016],[31.99150825,46.50181866],[31.99153733,46.50318384],[31.9921875,46.50334823],[31.99443877,46.50290537],[31.99497795,46.50256085],[31.99604905,46.50096881],[31.99695754,46.49951625],[31.99678028,46.49917388],[31.99047303,46.49416876],[31.98995805,46.49436712],[31.98963237,46.49492347]],[[32.00367355,46.9217298],[32.00784373,46.92329586],[32.00954902,46.92280006],[32.00520217,46.92144096],[32.00367355,46.9217298]],[[32.02667403,46.38545597],[32.027601,46.38690352],[32.02921188,46.38818085],[32.02874458,46.39004326],[32.03518903,46.39402986],[32.03550386,46.39391947],[32.03375685,46.39101088],[32.03395832,46.3877238],[32.0342257,46.3860836],[32.03371191,46.38563383],[32.03101754,46.38712442],[32.0302484,46.38504696],[32.02848804,46.3848381],[32.02667403,46.38545597]],[[32.0285722,46.21832502],[32.03069234,46.2195425],[32.03485727,46.21790743],[32.03483725,46.21760726],[32.02994323,46.21741295],[32.02926636,46.2175467],[32.0285722,46.21832502]],[[32.03110278,46.17336905],[32.03128564,46.17623687],[32.03144658,46.17631125],[32.03248274,46.17602074],[32.03533423,46.17571342],[32.03972292,46.17243481],[32.03110278,46.17336905]],[[32.03971875,46.39563882],[32.04130447,46.39764631],[32.04615557,46.39994001],[32.04704773,46.39874995],[32.04322052,46.39545667],[32.04242301,46.39499032],[32.04027808,46.39525116],[32.03971875,46.39563882]],[[32.07892835,46.24419415],[32.07898986,46.24455631],[32.08026993,46.24492705],[32.08072233,46.24476075],[32.08248115,46.24293375],[32.07892835,46.24419415]],[[32.08073866,46.50273311],[32.08625901,46.50217021],[32.08701384,46.50497258],[32.09366167,46.50494838],[32.10153961,46.50692165],[32.10906875,46.51029515],[32.11133921,46.51269174],[32.11207807,46.51347101],[32.11803234,46.51648796],[32.12025702,46.5161519],[32.12035322,46.51605284],[32.11989295,46.51514316],[32.12023914,46.51440275],[32.11984861,46.51420414],[32.11822045,46.51491714],[32.11908126,46.51076674],[32.11801565,46.50940084],[32.11359775,46.50844765],[32.11253405,46.50677455],[32.11140585,46.50767195],[32.10723746,46.50628614],[32.10718322,46.50511944],[32.10339415,46.50441384],[32.10420847,46.50353563],[32.10253644,46.50166094],[32.09817886,46.50158417],[32.09852695,46.4998126],[32.08990061,46.50064623],[32.08839381,46.49991941],[32.09217835,46.498721],[32.0908097,46.49798572],[32.08421683,46.49810684],[32.08246064,46.49905431],[32.08073866,46.50273311]],[[32.25274265,46.49212205],[32.25707698,46.49417675],[32.26388013,46.49268866],[32.2643007,46.49252367],[32.27051854,46.48981512],[32.26820958,46.48701024],[32.27360272,46.48848343],[32.27524257,46.48728836],[32.28017175,46.48667216],[32.27736485,46.48520947],[32.27888083,46.48393452],[32.28209102,46.48360574],[32.28181565,46.48259056],[32.27784705,46.48230612],[32.27600861,46.48313296],[32.27648485,46.48408425],[32.27473486,46.48336387],[32.26830375,46.48561204],[32.26495361,46.48460507],[32.26490104,46.48617315],[32.26263225,46.48760426],[32.26315892,46.49051225],[32.26173997,46.49127567],[32.25777233,46.49057662],[32.25274265,46.49212205]],[[32.25762093,46.49803925],[32.26051915,46.49909353],[32.26112187,46.49897873],[32.26884067,46.49585128],[32.26918161,46.4959228],[32.26639962,46.49866641],[32.26644826,46.49932313],[32.26797295,46.49935305],[32.27430463,46.49772823],[32.27982736,46.49387431],[32.27994215,46.49257004],[32.27312124,46.49150455],[32.25762093,46.49803925]],[[32.27302074,46.47621906],[32.27493477,46.47652316],[32.27567995,46.48124623],[32.27701068,46.48151851],[32.28453886,46.48051965],[32.28579175,46.48154962],[32.28712916,46.48037875],[32.28488386,46.4791069],[32.27939641,46.47985542],[32.28177965,46.47696447],[32.28090322,46.47601736],[32.27941215,46.47817671],[32.27683604,46.47762644],[32.27716362,46.47492921],[32.27302074,46.47621906]],[[32.28115547,46.50318646],[32.28372884,46.50523365],[32.28751171,46.50662827],[32.28822303,46.50665605],[32.28883493,46.50599253],[32.28679836,46.50567281],[32.28462303,46.50312805],[32.29021835,46.50554383],[32.29307914,46.5041064],[32.29666913,46.50340974],[32.30067527,46.50322235],[32.30474651,46.50415206],[32.31127822,46.50377154],[32.31544006,46.50559103],[32.31525087,46.50583422],[32.30435765,46.50571895],[32.30140674,46.50795007],[32.30377817,46.51019096],[32.30091965,46.50950861],[32.29985285,46.51027155],[32.29713345,46.50873876],[32.28932941,46.50788832],[32.28901827,46.5078727],[32.28694093,46.50876987],[32.28698993,46.50934136],[32.28795874,46.51024711],[32.31295633,46.51294732],[32.31967855,46.51339281],[32.32501054,46.51333094],[32.32566702,46.51298118],[32.33029544,46.51047325],[32.33056676,46.51020634],[32.3306452,46.50970745],[32.33026445,46.50932181],[32.32411945,46.50579143],[32.30670881,46.49975121],[32.28751016,46.50090063],[32.28301311,46.50209951],[32.28115761,46.50308001],[32.28115547,46.50318646]],[[32.28616035,46.51443315],[32.28630817,46.51479936],[32.28771842,46.515625],[32.29186845,46.51554],[32.29391122,46.51354897],[32.29131258,46.51274323],[32.29098856,46.51267481],[32.28641164,46.51381445],[32.28616035,46.51443315]],[[32.28723371,46.53224504],[32.29032397,46.53757703],[32.29427385,46.53779364],[32.30093873,46.53437936],[32.31594145,46.53416336],[32.31688178,46.53468704],[32.31709755,46.53511643],[32.31691563,46.53576684],[32.31447577,46.53638446],[32.31331956,46.53642845],[32.29906607,46.5357424],[32.28877425,46.54265082],[32.28930652,46.54391956],[32.29252875,46.54456794],[32.29730928,46.54330838],[32.30479062,46.54350174],[32.30286956,46.54673755],[32.30366766,46.55383921],[32.30373967,46.55383694],[32.3147794,46.54929638],[32.32280195,46.54772401],[32.33336592,46.54751825],[32.34277213,46.54496133],[32.35672343,46.54765737],[32.36281514,46.54431725],[32.38075662,46.54479146],[32.38924325,46.54561615],[32.39281297,46.54673255],[32.39457154,46.54735815],[32.39977837,46.55103111],[32.40849042,46.55521667],[32.41474986,46.55743122],[32.41516912,46.55754185],[32.42100048,46.5579524],[32.42695046,46.55625105],[32.42722356,46.55603063],[32.42770076,46.55453455],[32.42696416,46.55367041],[32.41602886,46.54617035],[32.40300155,46.54042923],[32.39461327,46.53932214],[32.38152611,46.53017664],[32.36763036,46.52742195],[32.35597646,46.51924717],[32.35443771,46.51844513],[32.34375,46.51395094],[32.3386476,46.51247394],[32.33637345,46.51208615],[32.33178484,46.51220632],[32.33069694,46.51249087],[32.32391155,46.51471055],[32.30640101,46.51311398],[32.29637861,46.51404464],[32.29569995,46.51601315],[32.30341625,46.51538301],[32.30565047,46.5175004],[32.29532826,46.51698124],[32.29411757,46.51854384],[32.29743028,46.52399743],[32.29635096,46.52483296],[32.29142535,46.52316844],[32.28797412,46.52454305],[32.28935266,46.52607906],[32.28742063,46.52802265],[32.28723371,46.53224504]],[[32.28865731,46.47918844],[32.29228568,46.47901106],[32.29433775,46.47764707],[32.29404998,46.47744644],[32.28865731,46.47918844]],[[32.28986061,46.56485963],[32.2917819,46.56524372],[32.29230344,46.56510496],[32.29454017,46.56355071],[32.29447198,46.56229711],[32.29169607,46.56273365],[32.28986061,46.56485963]],[[32.29768634,46.50734103],[32.29945517,46.50831687],[32.29982924,46.50821316],[32.30198932,46.50603652],[32.29830444,46.50679386],[32.29768634,46.50734103]],[[32.31029987,46.49348271],[32.31107831,46.49451613],[32.31932497,46.49658525],[32.33553505,46.50327563],[32.35533524,46.51372397],[32.37002766,46.5192728],[32.37939096,46.52384973],[32.38216865,46.52541935],[32.39268947,46.53290164],[32.42003596,46.54122257],[32.42046833,46.54141486],[32.43778086,46.55326426],[32.44562721,46.5554558],[32.47562385,46.56971276],[32.48394465,46.57098603],[32.49157774,46.56944072],[32.50687742,46.55496132],[32.51430535,46.55164802],[32.51579905,46.55142784],[32.52965641,46.55038822],[32.54729307,46.55434167],[32.54879618,46.55399013],[32.5493834,46.55323207],[32.54927695,46.54951835],[32.53483415,46.53800011],[32.51706314,46.54148555],[32.50974727,46.5410912],[32.50502396,46.53943884],[32.49733365,46.53303516],[32.47725701,46.52172482],[32.46917474,46.51234186],[32.45318615,46.50506413],[32.43979752,46.50399804],[32.41121626,46.50640953],[32.39971542,46.50379074],[32.40467167,46.51360965],[32.412063,46.52082646],[32.41245186,46.52283764],[32.40354824,46.51406407],[32.39850438,46.50536025],[32.38937914,46.50023031],[32.38120544,46.49842632],[32.36783183,46.49803555],[32.35217476,46.49129307],[32.3298676,46.48840857],[32.32053173,46.48914766],[32.31620896,46.49145567],[32.31623578,46.49187303],[32.3171103,46.49214852],[32.32248485,46.49142933],[32.32250464,46.49173057],[32.31960845,46.49301195],[32.31852222,46.49321246],[32.31033826,46.49342012],[32.31029987,46.49348271]],[[32.47386265,46.57681835],[32.47582757,46.58652234],[32.47704291,46.58700001],[32.47730053,46.58675241],[32.47765934,46.58161271],[32.47724032,46.58024037],[32.47419977,46.57688427],[32.47386265,46.57681835]],[[32.48224604,46.57281625],[32.48926675,46.57838035],[32.49760926,46.58203125],[32.5112648,46.59056354],[32.54537106,46.59221184],[32.55612624,46.59631705],[32.55654645,46.59667766],[32.56103134,46.59603775],[32.57306957,46.59354234],[32.58090198,46.59306455],[32.58158398,46.58982921],[32.57307637,46.57511795],[32.56488442,46.56655967],[32.55696344,46.56169951],[32.54179335,46.55567515],[32.54109204,46.55546558],[32.52791715,46.55308986],[32.52141225,46.55321145],[32.51182938,46.55517745],[32.50359595,46.560449],[32.50009358,46.56431544],[32.50051367,46.56723595],[32.49062598,46.57166612],[32.48224604,46.57281625]],[[32.54733324,46.06562376],[32.54752731,46.06910014],[32.55058956,46.06690717],[32.55089295,46.06673074],[32.58778071,46.06342506],[32.59087741,46.06423283],[32.59474337,46.06252503],[32.62329102,46.05885315],[32.63463426,46.05582356],[32.63604295,46.05710423],[32.64100933,46.0546875],[32.64199674,46.0546875],[32.65167737,46.05222964],[32.65233433,46.05220473],[32.65320885,46.05294633],[32.65314198,46.05330348],[32.64961326,46.0546875],[32.65121675,46.0546875],[32.68114674,46.04622746],[32.68371797,46.04711914],[32.69107795,46.04625893],[32.69900537,46.04273868],[32.70552266,46.04238105],[32.72524583,46.03741777],[32.73190153,46.03804791],[32.7356019,46.03657567],[32.74316216,46.03624237],[32.75371754,46.0332638],[32.76662564,46.03155851],[32.78185403,46.03228855],[32.78375578,46.03014576],[32.78589332,46.03104484],[32.78865063,46.03032386],[32.80085504,46.03371096],[32.80001152,46.03205824],[32.80123055,46.03084874],[32.81350052,46.02998066],[32.81372607,46.03178334],[32.81235754,46.03047836],[32.81299841,46.03480935],[32.80992162,46.03367794],[32.80900586,46.03612041],[32.81811035,46.04131913],[32.82045114,46.04389668],[32.82708597,46.04393435],[32.83314884,46.04551506],[32.83536863,46.04752791],[32.83546221,46.04991841],[32.84072864,46.04895878],[32.84141791,46.05087554],[32.84423173,46.05029488],[32.85367417,46.05393362],[32.85335648,46.05564642],[32.85498846,46.05659986],[32.85781264,46.05531836],[32.86237967,46.06034422],[32.86454976,46.06051028],[32.86847913,46.05940127],[32.8791213,46.05203247],[32.87811673,46.04864407],[32.87572575,46.04982746],[32.87273931,46.0496453],[32.87293744,46.04589283],[32.86994112,46.04362321],[32.86701274,46.04358804],[32.86835766,46.04194093],[32.87144423,46.04114175],[32.87373722,46.03760803],[32.88362432,46.04092038],[32.88253975,46.04340363],[32.88573945,46.04094458],[32.88826215,46.04280114],[32.88651204,46.04591191],[32.88080275,46.04873013],[32.88147116,46.04926705],[32.89591575,46.04236615],[32.91360962,46.03630185],[32.92457128,46.03630185],[32.935377,46.03824437],[32.93651283,46.04291058],[32.94246244,46.04649484],[32.94758618,46.0424335],[32.97217214,46.03090441],[32.9802556,46.02932632],[32.98651123,46.0293287],[32.99153435,46.03145826],[32.99342382,46.03036034],[33.00096262,46.03044236],[33.01550972,46.02544272],[33.02640891,46.02435517],[33.03164363,46.02449465],[33.03564584,46.02653015],[33.03235161,46.02754974],[33.02608073,46.02544081],[33.02181578,46.02645171],[33.03295481,46.02838325],[33.046875,46.02260041],[33.06019545,46.01913214],[33.06993258,46.01386106],[33.08041525,46.01554048],[33.08128905,46.01295233],[33.07557952,46.01207042],[33.06135035,46.01264703],[33.04390025,46.00815845],[33.03168738,46.00672591],[33.01753974,46.00672591],[32.99958742,46.00955772],[32.96939075,46.01147187],[32.95072043,46.01419103],[32.94894624,46.01285827],[32.92149377,46.0112102],[32.89842594,46.01413453],[32.87751663,46.01539755],[32.81174695,46.0237782],[32.80896652,46.02536714],[32.80617833,46.02475095],[32.78633678,46.02707672],[32.73573601,46.03438616],[32.73391294,46.03466511],[32.68394619,46.0446763],[32.63397944,46.0546875],[32.57192695,46.06414461],[32.54748535,46.06521225],[32.54733324,46.06562376]],[[32.56476736,46.59898853],[32.56553102,46.59996796],[32.56842446,46.60037744],[32.56899774,46.60026455],[32.57878351,46.59888601],[32.57945645,46.59772456],[32.57280254,46.59690714],[32.56476736,46.59898853]],[[33.03671718,46.11310112],[33.03711677,46.11360371],[33.03878725,46.11334932],[33.04071045,46.11204755],[33.03846133,46.11193573],[33.03719926,46.11167407],[33.03671718,46.11310112]],[[33.15942466,46.78474617],[33.16351891,46.78448963],[33.16586697,46.78440595],[33.17626166,46.78228462],[33.18619335,46.77926397],[33.18773675,46.77840924],[33.18761146,46.7757014],[33.15942466,46.78474617]],[[33.16260552,46.78701115],[33.18677473,46.78765845],[33.19414008,46.78683031],[33.20379317,46.78754008],[33.21196806,46.78255105],[33.21516562,46.78217316],[33.22923863,46.78512621],[33.26543033,46.78152895],[33.27404225,46.78167105],[33.28138995,46.78340936],[33.29284024,46.77827406],[33.29808044,46.77458215],[33.30257845,46.77346694],[33.30698228,46.77315843],[33.31092715,46.77318776],[33.32491171,46.77597702],[33.32620335,46.77540934],[33.32731593,46.77611494],[33.33083534,46.77747905],[33.33245385,46.77747762],[33.33849716,46.7753278],[33.33959997,46.77519047],[33.34291244,46.77620006],[33.34400535,46.77568233],[33.34497011,46.77383542],[33.34481406,46.77333152],[33.34057105,46.76694596],[33.32874477,46.75884616],[33.32678676,46.75902236],[33.32361054,46.75704575],[33.29921675,46.75397432],[33.29782462,46.7540555],[33.28697205,46.75479567],[33.27731156,46.75636435],[33.2678045,46.75966191],[33.26713908,46.76118553],[33.26445603,46.76220751],[33.25282693,46.76417255],[33.24335933,46.76710403],[33.23983967,46.76926827],[33.23068857,46.77064216],[33.22752321,46.76931405],[33.21982956,46.76956952],[33.21088743,46.77113724],[33.20604587,46.77236545],[33.20186901,46.77366435],[33.18602145,46.78062427],[33.16422415,46.78564012],[33.16260552,46.78701115]],[[33.17218912,45.79977572],[33.1724869,45.80274344],[33.17342496,45.80410683],[33.17595887,45.80615127],[33.17928767,45.80729437],[33.18149924,45.80498338],[33.18147898,45.80280185],[33.18163598,45.80231297],[33.17911625,45.80168438],[33.17818034,45.80271566],[33.17553687,45.80170774],[33.17482305,45.80142951],[33.17421794,45.79915786],[33.17315805,45.79904985],[33.17218912,45.79977572]],[[33.19098806,46.08691406],[33.19179225,46.0883249],[33.19467342,46.08344746],[33.19742072,46.08184695],[33.2022655,46.07977545],[33.21143305,46.07366705],[33.21133804,46.07298017],[33.20926487,46.07368314],[33.19293261,46.08333695],[33.19098806,46.08691406]],[[33.24981475,46.76314485],[33.26482356,46.75795746],[33.26568806,46.7578125],[33.27031004,46.75538445],[33.26984894,46.75481045],[33.26917672,46.75437307],[33.26793003,46.75434434],[33.25626445,46.7578125],[33.24981475,46.76314485]],[[33.32021093,46.07489264],[33.32086003,46.07585061],[33.32317674,46.07611275],[33.32532215,46.07602274],[33.32571244,46.07576752],[33.32021093,46.07489264]],[[33.50222576,45.85626364],[33.50306273,45.85689092],[33.50391173,45.85680974],[33.50488257,45.85653877],[33.506181,45.85281634],[33.50289881,45.85454893],[33.50222576,45.85626364]],[[33.50645697,45.85704565],[33.50715065,45.8589797],[33.50861967,45.85999656],[33.50927091,45.85985243],[33.51141512,45.85486126],[33.50645697,45.85704565]],[[33.52351475,45.86935377],[33.52442324,45.87125325],[33.53290105,45.87622404],[33.53323865,45.87606478],[33.53304291,45.87454152],[33.52816296,45.87032235],[33.52459598,45.86901641],[33.52368283,45.86892045],[33.52351475,45.86935377]],[[33.53364301,45.87686443],[33.53988636,45.88077426],[33.53616047,45.87626505],[33.53368127,45.87647438],[33.53364301,45.87686443]],[[33.54621851,46.12600481],[33.54743624,46.12835872],[33.54788244,46.12825787],[33.54998171,46.1282171],[33.55025375,46.12737226],[33.54983735,46.12698758],[33.54641867,46.12585545],[33.54621851,46.12600481]],[[33.64136624,45.94462657],[33.64349175,45.9449954],[33.64415324,45.94484675],[33.64431667,45.94422233],[33.64194155,45.94325125],[33.64160955,45.9431895],[33.64136624,45.94462657]],[[34.56833863,45.81286895],[34.56871724,45.81500816],[34.56899202,45.81541955],[34.57093465,45.81622171],[34.57145572,45.81610775],[34.57124603,45.81449413],[34.56999874,45.81174564],[34.56966877,45.81162727],[34.56952906,45.81445396],[34.56833863,45.81286895]],[[34.57019651,46.01160824],[34.57276964,46.01335561],[34.57546163,46.0143224],[34.57695878,46.01432466],[34.57700455,46.01414561],[34.57074702,46.0114876],[34.57019651,46.01160824]],[[34.68588305,46.01037598],[34.68753695,46.01156735],[34.69100857,46.01202714],[34.70292914,46.00964546],[34.70342493,46.00946045],[34.71455598,46.00194252],[34.71580052,46.00133467],[34.71745884,45.99840665],[34.72120214,45.99582064],[34.72680163,45.99365854],[34.73824728,45.99365187],[34.74607456,45.99485695],[34.75171626,45.99710298],[34.75562382,46.00136423],[34.7625823,46.00059271],[34.7631222,45.9989897],[34.75983346,45.99452746],[34.75976074,45.99130607],[34.76254845,45.99363065],[34.76135123,45.98292506],[34.75615787,45.96837354],[34.75507116,45.96999204],[34.75846922,45.97615755],[34.75857496,45.98039353],[34.75506675,45.97600794],[34.74711394,45.97375953],[34.74092591,45.98103178],[34.73803663,45.98238325],[34.73309577,45.98203146],[34.73171985,45.98089457],[34.7317754,45.97644055],[34.73281658,45.97464704],[34.7389034,45.97164846],[34.7395246,45.96952915],[34.73780227,45.96715343],[34.73452854,45.97246444],[34.72584987,45.98069346],[34.71408224,45.98884404],[34.70555472,45.99079621],[34.6977787,46.00021505],[34.68649435,46.00770247],[34.68608308,46.00815237],[34.68588305,46.01037598]],[[34.70961976,45.82134235],[34.71260977,45.82296872],[34.71329796,45.82316685],[34.72197735,45.82478845],[34.71012306,45.82106102],[34.70961976,45.82134235]],[[34.73490393,45.83655345],[34.73923957,45.83746696],[34.73928642,45.84007156],[34.74151707,45.84003925],[34.74289775,45.84168685],[34.74279416,45.8424437],[34.73839664,45.84148514],[34.74452138,45.84492195],[34.74472725,45.8451997],[34.74671733,45.85004175],[34.74671638,45.85564494],[34.74818611,45.85597753],[34.74870122,45.85686076],[34.74889696,45.85559416],[34.74728513,45.84707594],[34.74452591,45.84152293],[34.74086154,45.83731055],[34.73504233,45.83580005],[34.73490393,45.83655345]],[[34.74040008,45.96320522],[34.74329245,45.96041906],[34.74395168,45.95762754],[34.74288118,45.95801294],[34.74040008,45.96320522]],[[34.74544477,45.95357895],[34.74618888,45.9540379],[34.74801493,45.95360065],[34.74913931,45.95177496],[34.74946141,45.95136142],[34.75154757,45.95154691],[34.75218594,45.95366252],[34.75546682,45.95143366],[34.75993323,45.944543],[34.7585566,45.93982697],[34.75974095,45.93963373],[34.76265144,45.92806268],[34.76946735,45.91493106],[34.77581894,45.91292667],[34.77481902,45.91184986],[34.77191317,45.91287601],[34.78061891,45.90870655],[34.78064144,45.90772891],[34.76703846,45.91424084],[34.76617932,45.91611934],[34.76141572,45.91846275],[34.75769305,45.92246795],[34.75358307,45.93114805],[34.75432825,45.93199205],[34.7616899,45.92004907],[34.76729774,45.91717815],[34.76399076,45.92073536],[34.75948131,45.93386662],[34.75938916,45.93791854],[34.75734854,45.93939614],[34.75919974,45.94416153],[34.75884235,45.94493902],[34.75605822,45.94694602],[34.75583351,45.94683683],[34.75463796,45.94417131],[34.75651908,45.94315112],[34.7526257,45.94123507],[34.75327134,45.93416727],[34.75304651,45.93437636],[34.75172913,45.94205475],[34.74544477,45.95357895]],[[34.74590194,46.15705585],[34.74696517,46.16155136],[34.75058103,46.16153443],[34.75193071,46.16093361],[34.7518301,46.16039443],[34.74904835,46.15670526],[34.74620485,46.15683496],[34.74590194,46.15705585]],[[34.76065445,46.15360296],[34.76449275,46.15394628],[34.76825893,46.15274274],[34.77499282,46.15395784],[34.7772541,46.15541184],[34.77894366,46.15361106],[34.77971816,46.15349281],[34.78150117,46.15422285],[34.78260756,46.15541732],[34.78252673,46.15648055],[34.77363932,46.15793705],[34.77380395,46.15824413],[34.77474737,46.15841627],[34.78106046,46.15743434],[34.79016435,46.15788901],[34.78796935,46.15426958],[34.79057026,46.15565574],[34.79199815,46.15833592],[34.79807734,46.16020036],[34.79972494,46.16296291],[34.80542505,46.16227615],[34.80573487,46.16137505],[34.8064785,46.16124618],[34.80941534,46.16117525],[34.80970025,46.16103172],[34.80940616,46.15789735],[34.80958438,46.15739596],[34.8139894,46.15071213],[34.81387556,46.15033984],[34.81258225,46.15081382],[34.81256556,46.15082312],[34.8120203,46.15076494],[34.80334961,46.14802825],[34.79983771,46.14919782],[34.79958296,46.15121341],[34.79507661,46.15082336],[34.79447293,46.15056086],[34.79359436,46.14990854],[34.79445076,46.14828706],[34.79261565,46.14433372],[34.79023683,46.14353788],[34.78681374,46.1379534],[34.78645754,46.14044333],[34.78248143,46.14012921],[34.78118837,46.13899314],[34.78106976,46.13805532],[34.78213596,46.13487995],[34.78195298,46.13474536],[34.77979147,46.13447523],[34.77920473,46.13477886],[34.77455628,46.14048314],[34.78240812,46.14090323],[34.77954864,46.14215696],[34.77988243,46.14303303],[34.78754055,46.14474463],[34.79135215,46.14731395],[34.79135597,46.14906025],[34.78864312,46.14761603],[34.78428996,46.14810586],[34.78265643,46.14580965],[34.77963865,46.14816534],[34.77553523,46.14793575],[34.77635086,46.15052974],[34.77320027,46.15115333],[34.77285242,46.15230286],[34.76754725,46.14986455],[34.76771963,46.14815295],[34.77140236,46.1452713],[34.76538706,46.14762545],[34.76259255,46.14565027],[34.76233137,46.14563596],[34.76178431,46.14617014],[34.76065445,46.15360296]],[[34.77045524,46.14899814],[34.7719382,46.15024054],[34.77285278,46.14884174],[34.771456,46.1473124],[34.77045524,46.14899814]],[[34.77100646,46.13091922],[34.77283442,46.13139832],[34.77312326,46.13037455],[34.77573705,46.12941015],[34.77690327,46.12938762],[34.77898645,46.13054883],[34.77897966,46.12704396],[34.7726531,46.12925434],[34.77100646,46.13091922]],[[34.77130902,46.13204682],[34.77176106,46.13415444],[34.77229166,46.13451815],[34.77366555,46.13355517],[34.77622426,46.13352156],[34.77834046,46.13181531],[34.77130902,46.13204682]],[[34.77904105,46.13100708],[34.78225136,46.13136435],[34.78386652,46.12988806],[34.78534877,46.13220334],[34.78825164,46.13248742],[34.78746092,46.12990987],[34.78708112,46.12943435],[34.78304946,46.12611163],[34.78264451,46.12625825],[34.77904105,46.13100708]],[[34.78004253,45.92022705],[34.78353775,45.91825283],[34.78396106,45.91751111],[34.78500247,45.91351223],[34.78499961,45.91122818],[34.78393602,45.90823746],[34.78356314,45.90826094],[34.78359926,45.91068351],[34.78342402,45.91099978],[34.7819159,45.91167951],[34.78379583,45.91308975],[34.78376365,45.91367912],[34.78336263,45.91486776],[34.78004253,45.92022705]],[[34.78913355,46.13409615],[34.79448616,46.14184785],[34.79512262,46.13876033],[34.79015243,46.13124037],[34.78999877,46.13120806],[34.78917015,46.13376904],[34.78913355,46.13409615]],[[34.81520677,45.96576166],[34.81538141,45.96631861],[34.81637192,45.96850085],[34.81755352,45.96972096],[34.81910265,45.97007716],[34.81730318,45.96747875],[34.82135046,45.96772623],[34.81871486,45.96548521],[34.81858826,45.96526301],[34.82027423,45.9643712],[34.82015383,45.96410263],[34.81893635,45.96352541],[34.8170284,45.96352422],[34.81603885,45.96379793],[34.81536913,45.96444821],[34.81520677,45.96576166]],[[34.81875777,45.97929704],[34.81875896,45.98198235],[34.82092273,45.98493302],[34.82108104,45.98172224],[34.82225883,45.98135614],[34.82225955,45.98095977],[34.82156456,45.97669387],[34.82040358,45.9763875],[34.82230175,45.97390986],[34.82152212,45.97376037],[34.81971335,45.97550237],[34.81875777,45.97929704]],[[34.82282758,45.94909644],[34.82339907,45.95348954],[34.82486618,45.95102835],[34.82360888,45.94961214],[34.82506645,45.9470309],[34.82423162,45.94679022],[34.82298374,45.94847751],[34.82282758,45.94909644]],[[34.82680631,45.96170998],[34.82686782,45.96214354],[34.82938898,45.96293485],[34.82967973,45.96287215],[34.83134723,45.96074355],[34.83193326,45.96052361],[34.83395863,45.96041214],[34.83395088,45.96011984],[34.83030856,45.95819795],[34.82953072,45.96020985],[34.82680631,45.96170998]],[[34.8268764,45.97037542],[34.82688653,45.97082675],[34.82772493,45.97115946],[34.82982016,45.96958411],[34.83060884,45.97117424],[34.83134544,45.97158337],[34.8323189,45.96971703],[34.83126271,45.96912384],[34.82900953,45.96920705],[34.8268764,45.97037542]],[[35.03762853,46.14450002],[35.04298317,46.14726067],[35.0481559,46.14878511],[35.05591476,46.15017962],[35.06009603,46.15088356],[35.05428576,46.14791846],[35.04635024,46.14610982],[35.0447489,46.14519095],[35.03762853,46.14450002]],[[35.35978627,45.34757614],[35.3607918,45.35314465],[35.36268365,45.35257995],[35.36302555,45.35198247],[35.36251581,45.3515625],[35.36113691,45.34964693],[35.36142576,45.34835565],[35.36172533,45.34790444],[35.36536694,45.34696198],[35.36176574,45.34417713],[35.36678934,45.33693695],[35.36284161,45.34109664],[35.35978627,45.34757614]],[[35.36733878,45.33098722],[35.36751378,45.33138156],[35.36779094,45.33153653],[35.36796546,45.33166575],[35.36794102,45.33191156],[35.36780643,45.33231723],[35.36779094,45.33283293],[35.36792767,45.33326507],[35.36807501,45.33361196],[35.36874521,45.33420515],[35.36904645,45.33391917],[35.36916256,45.33321345],[35.36893845,45.33196533],[35.36843371,45.33079755],[35.36802065,45.33006644],[35.36768687,45.32993865],[35.36740327,45.33035648],[35.36733878,45.33098722]],[[35.42194951,45.31066263],[35.42409742,45.31104922],[35.42447054,45.31092763],[35.42742562,45.30927646],[35.42658961,45.30849993],[35.42527485,45.30790913],[35.42403996,45.30796373],[35.42194951,45.31066263]],[[35.42779052,45.30820322],[35.43054044,45.30833471],[35.43259215,45.30680168],[35.43238211,45.30466247],[35.43680668,45.30345845],[35.44094455,45.29940426],[35.44051576,45.29916775],[35.4392457,45.29904175],[35.43701494,45.30032277],[35.43500853,45.30241275],[35.42840874,45.30418694],[35.42779052,45.30820322]],[[36.21926117,46.56113625],[36.22021055,46.56338775],[36.22095644,46.56389213],[36.22258091,46.56481922],[36.22325897,46.56460655],[36.22381043,46.56383705],[36.22344923,46.56320465],[36.22216785,46.56361485],[36.21926117,46.56113625]],[[36.24284732,46.57785285],[36.24489832,46.57891905],[36.24363112,46.57632816],[36.24315417,46.57587767],[36.24284732,46.57785285]],[[36.526582,45.28724492],[36.52834785,45.28715158],[36.52960002,45.28519416],[36.53784215,45.28190565],[36.54165375,45.27897048],[36.54281056,45.27852035],[36.54540944,45.27857196],[36.54575241,45.27830815],[36.55186486,45.26910293],[36.56210876,45.25874746],[36.5625,45.25864947],[36.5625,45.26171875],[36.57962966,45.24867845],[36.58650815,45.24675262],[36.58629894,45.24592614],[36.58170021,45.24584496],[36.57712364,45.24753463],[36.56516397,45.25253367],[36.5546875,45.25875175],[36.55063856,45.26185298],[36.5487076,45.26744628],[36.53917205,45.27500665],[36.53848624,45.27913046],[36.52780616,45.28474236],[36.526582,45.28724492]],[[36.64694405,45.3126291],[36.64799821,45.31489992],[36.64888573,45.31455421],[36.64958036,45.31312263],[36.64842951,45.31114972],[36.64801145,45.31110406],[36.64694405,45.3126291]],[[36.66610253,45.31788421],[36.67077625,45.31633866],[36.67256391,45.31622303],[36.66883254,45.31542075],[36.66610253,45.31788421]],[[36.70134366,45.33208561],[36.70412111,45.33223784],[36.70797503,45.33169735],[36.70813227,45.33116305],[36.7073338,45.33097243],[36.70134366,45.33208561]],[[36.75787795,46.65111923],[36.75837624,46.65290165],[36.75878215,46.65290165],[36.76317453,46.65028346],[36.76042521,46.64706242],[36.75989366,46.64676738],[36.75904036,46.64747512],[36.75787795,46.65111923]],[[36.7580291,46.65584183],[36.75842452,46.65624166],[36.76203942,46.65942705],[36.7626754,46.65911341],[36.76331234,46.65816152],[36.76292062,46.65775144],[36.75919068,46.65473056],[36.7582916,46.65469956],[36.7580291,46.65584183]],[[36.76842523,46.64995682],[36.77012885,46.65154886],[36.77042258,46.65194237],[36.77398527,46.65328932],[36.76948392,46.64942157],[36.76885915,46.64937794],[36.76842523,46.64995682]],[[36.78768754,46.66289616],[36.78895903,46.66163886],[36.78859806,46.66058683],[36.78787887,46.66094243],[36.78768754,46.66289616]],[[36.80162382,46.68184078],[36.80170202,46.69449461],[36.80349178,46.69797142],[36.80293047,46.68716121],[36.80293047,46.68644357],[36.80335152,46.68061137],[36.80571234,46.67796028],[36.80354655,46.67881036],[36.80162382,46.68184078]],[[36.80349178,46.69797142],[36.80349517,46.69803667],[36.80369059,46.69835762],[36.80349178,46.69797142]],[[36.80369059,46.69835762],[36.80503416,46.70096767],[36.80527854,46.70096564],[36.80369059,46.69835762]],[[37.5942142,45.46275544],[37.59620655,45.46614206],[37.59694862,45.46638966],[37.59807694,45.46575797],[37.59917951,45.46461475],[37.59894276,45.46370852],[37.59679854,45.46189153],[37.59488726,45.46213043],[37.5942142,45.46275544]],[[37.67304277,47.08046043],[37.67308295,47.08077085],[37.67435348,47.08206785],[37.675861,47.08181894],[37.67830753,47.08044243],[37.68019295,47.07859373],[37.68132305,47.07828534],[37.68381274,47.07835603],[37.68414473,47.07810235],[37.68389702,47.07758105],[37.68315136,47.07705474],[37.68024123,47.07724225],[37.6750288,47.07878578],[37.67304277,47.08046043]],[[37.99477863,46.38917887],[37.9956094,46.39101136],[37.99589992,46.39085627],[37.99727392,46.38597882],[37.99686015,46.38592136],[37.99477863,46.38917887]],[[38.27228153,46.22171843],[38.27283263,46.22410285],[38.27313852,46.22435105],[38.27707326,46.22603393],[38.27815557,46.22626352],[38.28051174,46.22602427],[38.28254473,46.22473335],[38.28165364,46.22159147],[38.27999473,46.22045624],[38.27628207,46.21992993],[38.27377891,46.22003651],[38.27286518,46.22056186],[38.27228153,46.22171843]],[[38.32101762,46.75884032],[38.32128453,46.75928116],[38.33805156,46.77183378],[38.34130561,46.77026665],[38.34200144,46.77016068],[38.35595751,46.77057815],[38.35684764,46.77047205],[38.36047292,46.76860952],[38.36057866,46.76829624],[38.35755301,46.76952267],[38.35229123,46.76953125],[38.3495692,46.76761615],[38.33640587,46.76750016],[38.33464563,46.76562107],[38.33559966,46.76371324],[38.33922446,46.76121557],[38.34313643,46.76414335],[38.34312606,46.75980473],[38.33320987,46.76053941],[38.32586873,46.75943303],[38.32358515,46.75812197],[38.32307327,46.75814176],[38.32101762,46.75884032]],[[38.33779025,46.76457632],[38.33964336,46.76378405],[38.33964574,46.76230907],[38.33883393,46.76260841],[38.33779025,46.76457632]],[[38.41217113,46.71443164],[38.41409802,46.71520436],[38.41486287,46.71505988],[38.41535282,46.71435451],[38.41467905,46.71387422],[38.41217113,46.71443164]],[[38.41635692,46.71414351],[38.41785276,46.71449316],[38.41905761,46.71422207],[38.42359352,46.71243978],[38.41635692,46.71414351]],[[38.42548704,46.70910645],[38.42623115,46.70979142],[38.42763066,46.71015131],[38.42932224,46.70996273],[38.4311558,46.70875335],[38.43084645,46.70850515],[38.42563486,46.70879507],[38.42548704,46.70910645]],[[38.48059821,47.14026403],[38.48284411,47.14319146],[38.48316014,47.14308083],[38.48258626,47.14113665],[38.48278475,47.14070511],[38.48574126,47.1396383],[38.48561692,47.13952827],[38.48059821,47.14026403]],[[39.21359026,47.19030726],[39.21747053,47.19256628],[39.21902168,47.19534481],[39.21984816,47.19578874],[39.22290587,47.1960783],[39.22861803,47.19540656],[39.22914064,47.19531071],[39.23006654,47.19440711],[39.22266614,47.19008303],[39.21986568,47.18647647],[39.21742761,47.18512034],[39.21585631,47.18522346],[39.21513295,47.18587124],[39.21359026,47.19030726]],[[39.22348165,47.18069386],[39.22377455,47.1809473],[39.22744214,47.18371761],[39.23040545,47.1892606],[39.23219764,47.19087625],[39.23513234,47.19212317],[39.25358284,47.19807243],[39.27400792,47.19754064],[39.27702177,47.20100772],[39.27703035,47.20438552],[39.27968085,47.20566571],[39.28292072,47.20542836],[39.28865147,47.20445204],[39.29227912,47.20261562],[39.30964375,47.19862998],[39.3117702,47.19758451],[39.32235455,47.19242632],[39.33191741,47.18487775],[39.33802175,47.17512357],[39.33848786,47.17390454],[39.33856702,47.16882277],[39.33709693,47.16598177],[39.33210433,47.16568732],[39.31895661,47.16011965],[39.30591667,47.15937722],[39.29925251,47.15580213],[39.29289246,47.15017188],[39.28682613,47.14787805],[39.27481794,47.14037895],[39.27037883,47.14033377],[39.26900995,47.14083827],[39.26554143,47.14409304],[39.26327205,47.14504838],[39.26048577,47.14529562],[39.25831592,47.14503515],[39.25637925,47.14450133],[39.25100815,47.14164996],[39.24614263,47.14225245],[39.24600422,47.14022481],[39.23900497,47.13614213],[39.23562062,47.13594246],[39.23220813,47.13591576],[39.23047745,47.1365751],[39.23011875,47.13706124],[39.23038554,47.13869393],[39.23417926,47.14164758],[39.23357987,47.14402628],[39.23585093,47.14969814],[39.23956954,47.15168154],[39.24334288,47.16032076],[39.24561942,47.16202295],[39.24609411,47.16334546],[39.23807311,47.16746175],[39.24357164,47.17346871],[39.23688543,47.17335272],[39.23612106,47.1758908],[39.23339212,47.17701125],[39.22727942,47.17515397],[39.22450805,47.17663705],[39.22351861,47.17752397],[39.22348165,47.18069386]],[[39.23022985,47.08837593],[39.23257267,47.08925271],[39.23991501,47.08965576],[39.25170767,47.09236956],[39.25346935,47.09323967],[39.25512135,47.09507096],[39.25339568,47.0969032],[39.25370514,47.09824657],[39.25401175,47.09860766],[39.25956166,47.10254705],[39.26354587,47.10326314],[39.28090477,47.10065854],[39.29181325,47.09809804],[39.29225886,47.09768415],[39.29176605,47.09574854],[39.28502286,47.09114051],[39.28086424,47.08978713],[39.27788901,47.08903694],[39.27018404,47.08880424],[39.26322603,47.08970785],[39.25837982,47.08931327],[39.25268435,47.08925617],[39.23791003,47.08741593],[39.23036134,47.08795846],[39.23022985,47.08837593]],[[39.23619854,47.1302309],[39.23650694,47.13100386],[39.23816991,47.13171208],[39.24285805,47.13319707],[39.24828911,47.13867342],[39.25935745,47.14383912],[39.26150846,47.14430392],[39.26393187,47.14353228],[39.26451242,47.14313316],[39.26894581,47.13872361],[39.26952076,47.1385833],[39.28097391,47.13892138],[39.29699266,47.14939141],[39.30247295,47.15464485],[39.30729902,47.15732098],[39.30848861,47.15780985],[39.31366456,47.15866268],[39.31714118,47.15732861],[39.32193768,47.15736604],[39.32751465,47.15851831],[39.33301365,47.16132498],[39.33600104,47.16180193],[39.33949256,47.16179991],[39.34093714,47.16151166],[39.34451318,47.16006064],[39.34493101,47.15978611],[39.34652626,47.15761983],[39.35002363,47.15261996],[39.35485828,47.14931238],[39.36624193,47.14585924],[39.36715233,47.14571404],[39.37688363,47.14460766],[39.37759447,47.14460325],[39.38544345,47.14586258],[39.38864148,47.14705324],[39.39051735,47.14862323],[39.39315426,47.15218616],[39.39330995,47.15258336],[39.39349496,47.15916133],[39.39404953,47.16018474],[39.39517915,47.16094124],[39.39790773,47.16125655],[39.40314293,47.16119087],[39.41036975,47.15786624],[39.42411935,47.15422475],[39.44097102,47.15330505],[39.44887412,47.15066445],[39.45430934,47.14596915],[39.45522606,47.14465475],[39.45593035,47.14022255],[39.45371461,47.13602364],[39.45368183,47.13469195],[39.45508564,47.13208354],[39.44700336,47.12917781],[39.43590522,47.12128651],[39.43541992,47.1211518],[39.42711878,47.12036025],[39.42306721,47.12049484],[39.42191935,47.12082553],[39.42075348,47.12285125],[39.41503215,47.12197304],[39.41363812,47.12300241],[39.41011035,47.12236214],[39.39977825,47.12336552],[39.39457536,47.12619507],[39.39137197,47.12569165],[39.38500106,47.12769854],[39.38177323,47.13244081],[39.37553585,47.13361943],[39.37315607,47.13364947],[39.35902953,47.12897098],[39.35551214,47.12966275],[39.35276282,47.12870085],[39.33743274,47.1304214],[39.33624744,47.12892461],[39.32814884,47.12630415],[39.32328057,47.12144744],[39.31670332,47.11820137],[39.31241953,47.10948324],[39.3097229,47.10677385],[39.30913877,47.10623145],[39.29940927,47.10130453],[39.29786575,47.10098434],[39.28878784,47.10131288],[39.26817501,47.10338676],[39.26726091,47.10357392],[39.26264334,47.10824275],[39.26176405,47.109375],[39.26150024,47.109375],[39.26188254,47.11109555],[39.256868,47.11521864],[39.2527132,47.11521184],[39.25146127,47.11619782],[39.24874365,47.12088025],[39.24826777,47.12117803],[39.23671305,47.12446725],[39.23790824,47.12709558],[39.23619854,47.1302309]],[[39.45747066,47.14416075],[39.46411681,47.14415467],[39.46738577,47.14575565],[39.46890032,47.14448214],[39.47009587,47.14277935],[39.47190905,47.14205205],[39.48238456,47.14188445],[39.48124862,47.12823474],[39.48265696,47.12168252],[39.48013341,47.11852562],[39.47431564,47.11818743],[39.46849,47.12044156],[39.46691442,47.12438476],[39.46315265,47.12714124],[39.45785904,47.13489926],[39.45747066,47.14416075]],[[39.48489845,47.14367986],[39.48499894,47.14433217],[39.48646975,47.14630151],[39.48919606,47.14707553],[39.49124551,47.14698267],[39.49371982,47.14639771],[39.49339414,47.14527643],[39.49129474,47.14376843],[39.48951018,47.14307523],[39.48664165,47.14240611],[39.48576343,47.14246607],[39.48489845,47.14367986]],[[39.60534358,47.17666495],[39.62179112,47.17872262],[39.6230123,47.1771754],[39.61889815,47.17523324],[39.60572684,47.17580366],[39.6053884,47.17626834],[39.60534358,47.17666495]],[[39.75154757,47.21647513],[39.75599921,47.21799696],[39.76219285,47.21832037],[39.76455581,47.21902347],[39.77062941,47.21936226],[39.77438402,47.21866953],[39.77494836,47.21853435],[39.78526402,47.21927655],[39.80115414,47.21897233],[39.80185294,47.21785033],[39.79686165,47.21131051],[39.79184842,47.20846605],[39.79123747,47.20548487],[39.78764153,47.20443904],[39.78495133,47.20619404],[39.78051114,47.20642722],[39.77892625,47.20539331],[39.76858807,47.20790577],[39.75154757,47.21647513]],[[39.9125874,47.22949207],[39.9125874,47.23032916],[39.91285121,47.23049784],[39.92061317,47.22968876],[39.92195451,47.22872901],[39.92004335,47.22782254],[39.91652966,47.2277652],[39.91439903,47.22826755],[39.9125874,47.22949207]],[[40.16599357,47.25823236],[40.16806996,47.25913608],[40.16903555,47.25935328],[40.16989541,47.25886834],[40.17233515,47.25791037],[40.17311084,47.25567865],[40.16618955,47.25776756],[40.16599357,47.25823236]],[[40.19456315,47.22867036],[40.20362186,47.23105895],[40.20723474,47.23065984],[40.21153188,47.2306056],[40.21892524,47.22947538],[40.21910203,47.22687721],[40.21884561,47.22656965],[40.21485066,47.22561312],[40.20620513,47.22558308],[40.19456315,47.22867036]]],[[[29.51838357624596,45.1809667],[29.521583614623196,45.1809667],[29.52476251,45.18198812],[29.53766751,45.18272722],[29.54553306,45.18132007],[29.54652786417017,45.1809667],[29.552343133060997,45.1809667],[29.54958701,45.18216908],[29.53437543,45.18500221],[29.52314091,45.18282986],[29.52282464,45.18273032],[29.51838357624596,45.1809667]]],[[[39.99538285654053,43.38554449057546],[40.005037003926745,43.38547096882207],[39.999107,43.38664651],[39.99538285654053,43.38554449057546]]]]}},{"type":"Feature","properties":{"name":"JWLA 033 - Gulf of Guinea","source":"JWLA 033 explicit coordinates"},"geometry":{"type":"Polygon","coordinates":[[[1.2,6.1125],[1.78,6.27],[2.69,6.37],[3.38,6.46],[4.3,6.36],[5.1,5.5],[6,4.87],[6.84,4.35],[7.43,4.31],[8.35,4.6],[8.67,4.52],[9.23,4.04],[9.77,3.85],[9.92,3.5],[9.84,2.94],[9.65,2.29],[9.51,1.64],[9.37,1],[9.26,0.6],[9.09,0.28],[8.72,0],[8.7,-0.6667],[3,-0.6667],[1.2,6.1125]]]}},{"type":"Feature","properties":{"name":"JWLA 033 - Libya (Coastal 12NM)","source":"12NM buffer from country boundary"},"geometry":{"type":"Polygon","coordinates":[[[11.270334607172742,33.21333141885044],[11.287852,33.21011],[11.372244,33.183783],[11.416759,33.183783],[11.433116,33.193549],[11.427582,33.207017],[11.410655,33.21894],[11.392751,33.224107],[11.381358,33.230699],[11.367442,33.245266],[11.351899,33.258857],[11.442393,33.204657],[11.497813,33.182685],[11.504568,33.181342],[11.505112,33.181225],[11.52589,33.176947],[11.560232,33.16592],[11.574962,33.157945],[11.587657,33.13231],[11.603038,33.121487],[11.635753,33.10871],[11.756602,33.092515],[11.793468,33.080756],[11.77296,33.099351],[11.707774,33.117174],[11.691091,33.135972],[11.739268,33.112982],[11.847016,33.082831],[12.08074,32.957831],[12.122406,32.921332],[12.160655,32.911689],[12.224864,32.875922],[12.303884,32.843085],[12.348318,32.832668],[12.729828,32.79857],[12.824392,32.804348],[13.074474,32.86636],[13.115489,32.882148],[13.147716,32.903998],[13.164724,32.912746],[13.187755,32.916246],[13.257091,32.918647],[13.351736,32.904242],[13.363129,32.899563],[13.373546,32.892035],[13.571462,32.802802],[13.616954,32.793402],[13.78712,32.799628],[13.830333,32.794094],[13.915294,32.772773],[13.991222,32.744574],[14.175548,32.717678],[14.185313,32.714504],[14.20338,32.700344],[14.209321,32.697211],[14.226329,32.690904],[14.262462,32.660305],[14.317149,32.630439],[14.404063,32.56684],[14.449392,32.525377],[14.469493,32.519029],[14.631602,32.495673],[14.647634,32.488267],[14.662934,32.476752],[14.706716,32.456285],[14.726817,32.450751],[14.911143,32.443915],[15.114757,32.412787],[15.160004,32.398668],[15.181977,32.395494],[15.195974,32.389797],[15.233246,32.347113],[15.269705,32.328843],[15.283051,32.317288],[15.292166,32.280911],[15.300792,32.26081],[15.322602,32.224189],[15.364513,32.174709],[15.370453,32.159084],[15.368663,32.138007],[15.35963,32.102118],[15.356863,32.061672],[15.355235,32.03852],[15.361095,31.965318],[15.370453,31.929389],[15.490408,31.664862],[15.514415,31.628363],[15.622813,31.49726],[15.687511,31.437812],[15.761485,31.388129],[16.044607,31.275539],[16.358653,31.227118],[16.728038,31.223822],[16.941905,31.183295],[17.16033,31.118801],[17.330577,31.086493],[17.365896,31.086615],[17.375011,31.083075],[17.382009,31.078762],[17.41863,31.062161],[17.447276,31.038723],[17.457774,31.033352],[17.466807,31.029975],[17.613943,30.992499],[17.691742,30.959662],[17.776052,30.935207],[17.848643,30.923651],[17.861664,30.913642],[17.889171,30.877916],[17.907481,30.863511],[17.926768,30.85517],[18.016856,30.837877],[18.175304,30.786078],[18.208344,30.769232],[18.235688,30.746812],[18.324229,30.656887],[18.56837,30.500067],[18.623302,30.445746],[18.653168,30.422309],[18.719249,30.391506],[18.760997,30.384223],[18.780528,30.375922],[18.925955,30.293362],[18.968028,30.277737],[19.056814,30.266181],[19.146007,30.264716],[19.239757,30.273993],[19.291677,30.287055],[19.338552,30.298814],[19.418956,30.333238],[19.530528,30.396796],[19.551036,30.404934],[19.596039,30.412014],[19.616384,30.421373],[19.748871,30.510932],[19.914317,30.682929],[19.958181,30.749701],[19.982188,30.778632],[20.018728,30.803778],[20.036469,30.819078],[20.099864,30.935004],[20.146658,31.045559],[20.152354,31.088202],[20.146658,31.216783],[20.128103,31.242987],[20.103282,31.308743],[20.082205,31.336615],[20.038341,31.375881],[20.022227,31.396796],[19.954845,31.559475],[19.948904,31.60102],[19.948009,31.645087],[19.944347,31.661444],[19.926931,31.699164],[19.920665,31.717719],[19.917247,31.759223],[19.919688,31.804674],[19.934337,31.888414],[19.948009,31.925971],[19.945811,31.935981],[19.941742,31.946926],[19.940115,31.95775],[19.944591,31.967515],[19.957205,31.982733],[20.048025,32.146064],[20.071544,32.176418],[20.261729,32.339545],[20.277192,32.360826],[20.32545,32.409817],[20.345714,32.419908],[20.385509,32.434638],[20.403331,32.447333],[20.416759,32.459459],[20.562673,32.557847],[20.79656,32.643012],[20.934093,32.722602],[21.050955,32.772284],[21.09669,32.781073],[21.286794,32.771145],[21.331879,32.774644],[21.414806,32.793402],[21.4546,32.812567],[21.608653,32.930732],[21.62322,32.936754],[21.671723,32.939887],[21.716319,32.950385],[21.743663,32.930854],[21.787446,32.915961],[21.836111,32.906562],[21.877452,32.903225],[22.096202,32.923082],[22.101329,32.926418],[22.111827,32.940904],[22.11671,32.944159],[22.138845,32.947577],[22.149587,32.947943],[22.161388,32.944159],[22.169444,32.938218],[22.171072,32.932929],[22.171072,32.926256],[22.175059,32.916246],[22.206798,32.888129],[22.247325,32.880845],[22.33961,32.882148],[22.379161,32.870347],[22.477306,32.807074],[22.496755,32.797309],[22.513845,32.790961],[22.532237,32.787543],[22.578868,32.784613],[22.812511,32.724514],[22.86671,32.694159],[22.884532,32.689765],[22.895844,32.688178],[22.92921,32.676703],[22.942638,32.675035],[22.976899,32.676703],[22.999685,32.670559],[23.041352,32.652533],[23.086436,32.64647],[23.10613,32.639838],[23.118663,32.62934],[23.120942,32.61522],[23.115245,32.604926],[23.097911,32.586656],[23.094412,32.577379],[23.103852,32.516343],[23.113292,32.5008],[23.128673,32.488471],[23.148936,32.478095],[23.140961,32.458564],[23.128429,32.395494],[23.108653,32.40233],[23.112153,32.411933],[23.109874,32.420315],[23.103363,32.428168],[23.094412,32.436469],[23.079112,32.354438],[23.080577,32.334052],[23.095551,32.323554],[23.156505,32.303534],[23.178966,32.299954],[23.195079,32.291653],[23.214529,32.272406],[23.230805,32.250637],[23.2435,32.220608],[23.257335,32.213772],[23.273204,32.209703],[23.285411,32.203762],[23.293224,32.192328],[23.302501,32.170722],[23.312185,32.162746],[23.310395,32.179267],[23.299083,32.224189],[23.31837,32.217841],[23.36199,32.217108],[23.37086,32.214016],[23.398936,32.194037],[23.405284,32.19066],[23.531098,32.181383],[23.669688,32.183254],[23.840343,32.149115],[23.998709,32.093899],[23.975271,32.074205],[23.970714,32.066596],[23.97877,32.062242],[24.004893,32.052924],[24.067882,32.011176],[24.090668,32.005764],[24.280935,32.007554],[24.546072,31.991441],[24.636241,32.014879],[24.658539,32.028632],[24.670258,32.032416],[24.710623,32.02558],[24.718598,32.027533],[24.726329,32.031317],[24.733735,32.033149],[24.741873,32.028998],[24.74586,32.02619],[24.758067,32.019965],[24.771983,32.01675],[24.791759,32.007758],[24.824392,32.002997],[24.865408,31.989325],[24.9817,31.967922],[25.017914,31.949042],[25.033376,31.916327],[25.024425,31.876614],[25.022227,31.854682],[25.029552,31.8369],[25.063731,31.804104],[25.116873,31.737982],[25.122081,31.720852],[25.136729,31.692572],[25.156261,31.663072],[25.152517,31.659817],[25.15089,31.65648],[25.149425,31.648871],[25.161794,31.583564],[25.172862,31.551581],[25.190929,31.53148],[25.212576,31.526353],[25.263438,31.523668],[25.302094,31.506537],[25.30379926491698,31.506526935546425],[25.325926265696097,31.524484707500356],[25.348146775596437,31.54969932102955],[25.350649140500117,31.55231072609376],[25.371345832637207,31.58447661511959],[25.384804620317446,31.619296644321533],[25.390564732426526,31.655598499976392],[25.388423539163753,31.692158794360633],[25.37844449094648,31.727744143654718],[25.360956155707097,31.761152753389563],[25.347079389841326,31.782182395085076],[25.344698947554186,31.786798631139142],[25.34424028103762,31.788318953824543],[25.33087200690463,31.820684739201536],[25.311138440176276,31.850599909076216],[25.26717998465647,31.905444989850185],[25.268499886764552,31.91704737529649],[25.26433037130193,31.954658816521647],[25.251852622271944,31.99089926241851],[25.236456845369165,32.02363435694132],[25.21325383708084,32.060869597300744],[25.181281047694526,32.093102761788295],[25.14196597705148,32.11888616141763],[25.10571789148768,32.13780016192082],[25.07047035290878,32.152872607195576],[25.03270709801223,32.162726541860074],[24.934797912360413,32.180765500430226],[24.911415280093504,32.18856251834718],[24.86532096178071,32.19948754890343],[24.86452301693462,32.19960415293629],[24.864101878548844,32.19985782951705],[24.855955859848848,32.20401636245109],[24.812060940534586,32.22146321900462],[24.76482304532986,32.230908312927475],[24.716257092985956,32.231948011248065],[24.70022427443174,32.229465385810634],[24.673480708142808,32.231818772288555],[24.62952944450863,32.228698431252504],[24.587008993761362,32.21870662227133],[24.5752694399467,32.21491681023544],[24.53771319705191,32.1976720563354],[24.519958499210272,32.19305977713177],[24.298397494200724,32.20651476001587],[24.279364906914896,32.2070022969311],[24.19366682517721,32.2062376006054],[24.165920859364334,32.234999899674136],[24.130198824350817,32.259863338361356],[24.089375430532062,32.278314018001886],[23.93077184928366,32.33364371415935],[23.895590036726166,32.34323341533691],[23.72461809939964,32.37745453190101],[23.666872625463405,32.38275656717772],[23.540279358205222,32.38106636528251],[23.494174970233747,32.384479338442276],[23.493815635372446,32.38469745981141],[23.461496351354914,32.39852398590272],[23.452612937672196,32.40162229758036],[23.41090235717606,32.41246748271095],[23.38116945363054,32.41531750022366],[23.37496133523381,32.421471647443184],[23.37470294226481,32.42169015009201],[23.383087549371943,32.450959055259304],[23.38509559147636,32.48950132219305],[23.378278535643457,32.52762468392783],[23.362880834127726,32.563903881476875],[23.352595890253436,32.578437999101716],[23.35737884834155,32.60459101143599],[23.35568096742712,32.642560420622615],[23.353436794915986,32.656682651353506],[23.341146769324492,32.69864236781053],[23.318385019145357,32.73735338641864],[23.286211078728215,32.77099292745655],[23.2736798472099,32.78150571423539],[23.236919772217448,32.80667523548558],[23.194894981701708,32.82515658571915],[23.175170140309717,32.831802292015965],[23.124682331573975,32.84354706056707],[23.116828500585264,32.844605011017585],[23.108677485989553,32.84813207569341],[23.072794021075556,32.86063596042218],[23.049968332707625,32.86679342497895],[23.007513481105704,32.87471160297828],[22.97503065450735,32.87565061284134],[22.968806429358928,32.87713813056369],[22.944466854170468,32.89077697200858],[22.882853768123812,32.915344309127505],[22.648795271124357,32.97557581583469],[22.597371292965228,32.983684065213914],[22.593916706240172,32.98390193330314],[22.52417170018151,33.02889799681821],[22.49317648502457,33.04581736072331],[22.4594032335522,33.058479482059454],[22.419785462372886,33.07030539854353],[22.378739800401814,33.079174458280015],[22.336442705461835,33.081772458529],[22.334094762931507,33.0817402518261],[22.32676917765606,33.08834590931406],[22.3187112267072,33.09429593036999],[22.28474938161261,33.11518115842014],[22.24689444723954,33.130691775865714],[22.235074142890543,33.13448359497896],[22.18867164267462,33.14499224925689],[22.140663891949682,33.147446405443866],[22.129898931636667,33.14708053740068],[22.096499433402418,33.14395207526924],[22.07431879229566,33.14052904827001],[22.018774060231905,33.12588397697074],[21.997452894485274,33.11493667367212],[21.87661625519693,33.10395651514941],[21.874949827033465,33.10409108595499],[21.86490425617719,33.10603230510708],[21.832705303982557,33.124815525459816],[21.790201246906502,33.14037746866423],[21.74487145677635,33.14870522281814],[21.69844891248593,33.14948005994207],[21.652709322016374,33.14267197148149],[21.630698060220915,33.13749407676414],[21.60555946545016,33.13587018682516],[21.560956753425327,33.12936155850269],[21.51861593809334,33.11588386081371],[21.50402677873052,33.109851799152416],[21.448667547692473,33.07814061016695],[21.318688553799316,32.978364784714785],[21.29035948781534,32.97195685003158],[21.28387042657387,32.971453688290296],[21.11176937605728,32.9804403638338],[21.044352695702294,32.9758050204571],[20.9985264822955,32.96700165248192],[20.944365429382263,32.9505732527475],[20.827331403689072,32.90080803124436],[20.800084197101235,32.88721328006771],[20.68165948995271,32.81865726375459],[20.468848047133662,32.74113785594027],[20.415104082141376,32.71388435943014],[20.26909284271852,32.61534704446291],[20.255012361514034,32.604330574873536],[20.251024395644176,32.60285356745923],[20.225842310087582,32.5919683235369],[20.205553252350015,32.581860787949836],[20.172400719553544,32.561908555439054],[20.14379126044079,32.53745840499425],[20.095558017790548,32.488405227877344],[20.075834678313726,32.46512095148421],[20.074614431061807,32.463437341575094],[19.903542235925457,32.316468758860736],[19.87436863232339,32.285816899274465],[19.85088321995421,32.25542964333751],[19.834789650901083,32.23102752991038],[19.75293311135857,32.083272522681725],[19.752088180001447,32.08225064827769],[19.725258396566684,32.03962651789348],[19.720800811164754,32.02985427294639],[19.7097650962706,31.998030860667495],[19.705082846429082,31.965102378526264],[19.706673771486955,31.935724131186074],[19.70180412903233,31.91738212679078],[19.687349739466224,31.83361456254123],[19.68508810813919,31.8133423850924],[19.682756110428286,31.767885326345574],[19.683141910644984,31.744790183940435],[19.686659267621323,31.70328994353323],[19.695315416314013,31.662070969799583],[19.70162117554946,31.643525139015875],[19.708798207603806,31.625628882255604],[19.714231607704185,31.613920853710848],[19.71461336356599,31.59710721739677],[19.716350833379604,31.57638379248426],[19.722389371112968,31.53484663111435],[19.73416942786125,31.49242690843387],[19.80187587129052,31.329845930615665],[19.827085702205576,31.286631431615525],[19.843224337869884,31.265738021608612],[19.869417149517435,31.23767392255517],[19.89240112892404,31.217135931098056],[19.906037836071526,31.181213032120315],[19.91553243210438,31.16350524809462],[19.918709695331238,31.095383809571977],[19.918168344011878,31.091259849211486],[19.884539142829404,31.011387966369682],[19.846102664818204,30.9408606611558],[19.836822017334082,30.93446638138902],[19.79285662262219,30.89445854721907],[19.768874642597645,30.865495134519026],[19.755770434663702,30.847756095340095],[19.722204593927078,30.796518133573013],[19.58610866047808,30.654794214134267],[19.505803376972953,30.600473330015237],[19.454310037917477,30.586448102905823],[19.433772375757847,30.578296714207063],[19.403020122597493,30.56355219088607],[19.303339245010786,30.506743849545106],[19.25425893025779,30.485726561756394],[19.22711171920982,30.47891459511428],[19.19404948963633,30.47059990084606],[19.13514503561237,30.464772368346498],[19.076507702308387,30.465737148674215],[19.034048015501412,30.471267108574224],[18.907848032655707,30.542945691696662],[18.883065214740526,30.55518106643325],[18.863508599647915,30.563496437699985],[18.80710875825254,30.580094434479953],[18.799188668104083,30.581477315751595],[18.788741145901817,30.58634941181882],[18.74325273001299,30.63140221246223],[18.707353680650748,30.660128474455355],[18.484426157601714,30.803480050445906],[18.41313523328294,30.87599621297365],[18.396275317894165,30.891393157749043],[18.368928563245664,30.913843962988683],[18.32714492714213,30.941091435785726],[18.29406887497011,30.957965253010734],[18.25828474004449,30.972817125853584],[18.099585787133257,31.02471002696954],[18.06780205583303,31.032905417279242],[18.04183241856241,31.037897259306813],[18.01713444966098,31.062485432688376],[18.004109858145725,31.072508645146847],[17.97011612069478,31.0942140484692],[17.932084697659135,31.110271445055908],[17.89127835237736,31.120147074833096],[17.834986593028013,31.129112119267923],[17.780955942700345,31.144786415517792],[17.7168625464075,31.17184387360364],[17.680517903883477,31.1840494213967],[17.571372139984998,31.211869195128312],[17.52779098215164,31.238800260876943],[17.491123232848146,31.25542938198458],[17.491067670042536,31.25533960186585],[17.47139077076734,31.265097977729013],[17.46226251814459,31.268644160754516],[17.414760403056913,31.282051453022998],[17.365003868930685,31.28647827858502],[17.35573490912855,31.286447132673597],[17.223867766547077,31.311465460431016],[17.017850641242124,31.372291578438734],[16.992591659780288,31.378391685348486],[16.778322512646415,31.418993341302333],[16.730776000409257,31.42367073313388],[16.380647041472514,31.426815279093095],[16.11574565670176,31.467663263297123],[15.884702401662391,31.55956190129627],[15.84660903897369,31.585166271201118],[15.805217059892739,31.623255487364066],[15.713107376681476,31.734907930566923],[15.703330700391561,31.749818673662737],[15.596306319550465,31.986994024783],[15.594633732078231,31.99347435950429],[15.591102370394985,32.03896335694321],[15.591860057674086,32.04937716199768],[15.591883534867781,32.049704166008944],[15.59367054256475,32.07493019502745],[15.599000816831666,32.0959057705453],[15.60365012327305,32.12326518121712],[15.60549136201741,32.1443398475051],[15.60449881192909,32.18261815582175],[15.594909023872159,32.22003931001452],[15.58900138512588,32.23567406611318],[15.575151498561066,32.26441141337706],[15.556208698146143,32.29098766188401],[15.525073978831784,32.327834116673564],[15.519206803136656,32.33772107642637],[15.514077528568613,32.358385377515155],[15.500880559463642,32.394308770225585],[15.479950106296123,32.42750791240351],[15.452022114393971,32.45680374665906],[15.438676425738777,32.46837458869257],[15.396532832102833,32.49641183621504],[15.38614860805311,32.50832466854707],[15.34674165547523,32.54359495726078],[15.298422288943556,32.569807352921735],[15.284404527991079,32.57551412969359],[15.221593001301828,32.592464352373554],[15.221193680078432,32.59252204929859],[15.196441693323935,32.60024363417694],[15.156817546382504,32.60939048615168],[14.952793400008126,32.640571842110504],[14.921394788928005,32.64353752193023],[14.7861370723443,32.64857143477919],[14.761078698108117,32.66350220683446],[14.74502525546482,32.67092060141703],[14.709214313079745,32.68434782037063],[14.671270266587738,32.69261042391436],[14.572314998368096,32.706885759429476],[14.559275825306734,32.7175706968947],[14.472321949514715,32.781263751535874],[14.445916980517364,32.79801420521307],[14.412543288588667,32.81625500610803],[14.394355414117953,32.83167412056373],[14.360338809104439,32.8555673719786],[14.339528003830624,32.865334231452536],[14.31091799533866,32.88382223710917],[14.270446470805254,32.900868967552185],[14.260664648221058,32.90404845367127],[14.215851995710167,32.91450520374125],[14.060004147877917,32.937253066795776],[14.010744778271992,32.9555426485707],[13.982843587520199,32.96418570356474],[13.897722025485855,32.98554323365595],[13.865658591131712,32.99158414205011],[13.82235607157904,32.99712668808131],[13.776473596855203,32.99921344635064],[13.648524823630238,32.99454450494916],[13.493106446855702,33.06461078091089],[13.467171533929292,33.078968640339866],[13.455761224889203,33.083655520205866],[13.39369319693982,33.10076982002111],[13.298853620272311,33.11519730802295],[13.246784648842022,33.11821580855598],[13.17730154948897,33.11580549937934],[13.14486953160453,33.11278998039085],[13.121792408959307,33.109281661509684],[13.079523854217621,33.09939054272901],[13.040171677799341,33.08313853366798],[13.023145732646771,33.07437506243095],[12.998112855943862,33.059533260402056],[12.989486068409972,33.05367950569286],[12.781009057615114,33.00197275828138],[12.733315059270403,32.99905476879385],[12.392297746609929,33.029502326297404],[12.388697894623869,33.03034602990924],[12.343277248886105,33.049221555762486],[12.2916361303498,33.0779973452389],[12.256830521212544,33.091714824863864],[12.252251231676631,33.09572967301586],[12.208447881833939,33.12595093449533],[11.974449840049346,33.251151502910396],[11.921925708293118,33.272132195559244],[11.836310698900201,33.29609265670402],[11.808526952337587,33.30935108045483],[11.766128019842215,33.325228984560155],[11.720875551199653,33.333938337686206],[11.685859384119404,33.33485321248009],[11.644990295463014,33.35224409364205],[11.610586925763721,33.363289231352965],[11.58210350618025,33.37075928449614],[11.561283685947851,33.37504386386123],[11.513375427401204,33.38067793894332],[11.46512690670301,33.37811452431965],[11.418529587701794,33.367459930518],[11.37550529429902,33.34915416349499],[11.337825660679975,33.32395238691442],[11.307038344665438,33.292893240585954],[11.284403213190549,33.25725543220699],[11.27084116739644,33.2185045162782],[11.270334607172742,33.21333141885044]]]}},{"type":"Feature","properties":{"name":"JWLA 033 - Sudan (Red Sea Coastal)","source":"12NM buffer from country boundary"},"geometry":{"type":"Polygon","coordinates":[[[36.684436592037365,22.195181876384314],[36.713715,22.169135],[36.732758,22.159613],[36.747569,22.160956],[36.751313,22.166938],[36.753266,22.173163],[36.756847,22.176907],[36.764903,22.174954],[36.782237,22.164455],[36.790375,22.15762],[36.795665,22.150784],[36.809418,22.120754],[36.818207,22.108832],[36.833263,22.095852],[36.87194,22.074112],[36.895383,22.066133],[36.899181,22.029853],[36.898448,22.017483],[36.891856,22.006741],[36.8838,21.996649],[36.883637,21.995714],[36.880626,21.980699],[36.87794,21.97602],[36.873709,21.974066],[36.857758,21.971991],[36.840099,21.966132],[36.863943,21.949368],[36.873546,21.936103],[36.874197,21.815253],[36.896821,21.677883],[36.887869,21.650133],[36.902029,21.641059],[36.905284,21.629381],[36.905935,21.617092],[36.91212,21.606106],[36.923188,21.595526],[36.930431,21.585924],[36.98406,21.465806],[37.113617,21.278062],[37.198985,21.202135],[37.305431,21.074449],[37.312999,21.057685],[37.310883,21.038153],[37.303966,21.020901],[37.291352,21.012641],[37.272146,21.020168],[37.251964,21.006049],[37.233897,21.02025],[37.206554,21.064887],[37.199718,21.073554],[37.192231,21.086086],[37.189301,21.097235],[37.1963,21.102118],[37.209321,21.098619],[37.216482,21.090399],[37.221039,21.08039],[37.227061,21.071682],[37.250011,21.054999],[37.26352,21.04975],[37.272146,21.054267],[37.27003,21.062567],[37.245372,21.089057],[37.229747,21.127834],[37.218923,21.14175],[37.203136,21.136868],[37.175141,21.156724],[37.167003,21.146186],[37.15919,21.148017],[37.15268,21.157782],[37.148611,21.170966],[37.151052,21.183051],[37.157563,21.194648],[37.159516,21.206448],[37.148611,21.218736],[37.12143,21.22427],[37.104991,21.207506],[37.098399,21.180894],[37.100759,21.156724],[37.105805,21.151109],[37.118175,21.150336],[37.120616,21.143704],[37.117198,21.131781],[37.11378,21.123236],[37.118175,21.097846],[37.117849,21.086127],[37.11378,21.074774],[37.10377,21.065334],[37.093598,21.062405],[37.086681,21.057115],[37.086436,21.040595],[37.091563,21.031643],[37.120616,20.999701],[37.147309,20.940863],[37.160004,20.878241],[37.169119,20.746405],[37.183604,20.684394],[37.228038,20.565009],[37.230479,20.499986],[37.227712,20.484076],[37.222423,20.468248],[37.212738,20.458686],[37.182302,20.462836],[37.178884,20.449937],[37.182628,20.420233],[37.175141,20.349189],[37.182302,20.308743],[37.182628,20.293931],[37.206234,20.235371],[37.214248,20.200116],[37.21958,20.167429],[37.224892,20.119532],[37.209646,20.08161],[37.209972,20.074856],[37.206309,20.06387],[37.194102,20.049506],[37.189464,20.040107],[37.188813,20.01317],[37.196137,19.979153],[37.259451,19.820705],[37.26531,19.786851],[37.26531,19.721666],[37.263357,19.703762],[37.258067,19.692857],[37.241384,19.670478],[37.238292,19.65526],[37.245372,19.595038],[37.243826,19.576158],[37.245372,19.567776],[37.249278,19.558295],[37.26531,19.532375],[37.285818,19.475287],[37.32545,19.262844],[37.333507,19.159654],[37.337169,19.147691],[37.345551,19.140815],[37.354747,19.135484],[37.36085,19.128323],[37.36085,19.121649],[37.355642,19.108547],[37.355235,19.10163],[37.379562,19.069301],[37.391576,19.019453],[37.412364,18.955268],[37.425955,18.913479],[37.434337,18.861721],[37.447602,18.843573],[37.469177,18.805424],[37.492286,18.76751],[37.525238,18.738511],[37.530772,18.726874],[37.539806,18.715888],[37.551036,18.709947],[37.563162,18.71369],[37.574392,18.719916],[37.581798,18.718166],[37.641512,18.726744],[37.674725,18.740953],[37.679371,18.722502],[37.701671,18.711168],[37.720225,18.707831],[37.740733,18.709174],[37.747125,18.69768],[37.749469,18.681389],[37.765573,18.667295],[37.758067,18.628648],[37.773611,18.636664],[37.785159,18.64016],[37.796397,18.631741],[37.812755,18.615627],[37.925505,18.585044],[37.966936,18.546964],[37.994884,18.502021],[38.038198,18.461086],[38.065716,18.44371],[38.109251,18.427425],[38.121858,18.413301],[38.109275,18.395924],[38.082957,18.382879],[38.076119,18.348119],[38.103624,18.291663],[38.151674,18.249331],[38.205417,18.237394],[38.245434,18.243906],[38.251161,18.280825],[38.271251,18.286607],[38.306163,18.306545],[38.312348,18.295966],[38.303884,18.287543],[38.289806,18.280219],[38.27947,18.273017],[38.278005,18.26496],[38.278819,18.253974],[38.276215,18.242011],[38.264496,18.23078],[38.24936,18.22663],[38.236013,18.227444],[38.224864,18.226549],[38.217296,18.217719],[38.230317,18.217841],[38.265147,18.223944],[38.278331,18.221666],[38.287364,18.216295],[38.295665,18.209784],[38.306163,18.204088],[38.319347,18.200873],[38.347504,18.197577],[38.361095,18.193183],[38.376231,18.190619],[38.386567,18.195258],[38.388031,18.203192],[38.375662,18.210354],[38.391449,18.224189],[38.411143,18.204901],[38.443207,18.155707],[38.433849,18.142279],[38.45045,18.132392],[38.475597,18.130561],[38.49171,18.141425],[38.502289,18.126044],[38.505707,18.086371],[38.512218,18.073717],[38.531993,18.070705],[38.541677,18.085883],[38.54005,18.10871],[38.52589,18.128363],[38.542817,18.118394],[38.584483,18.077135],[38.591075,18.061754],[38.590994,18.045966],[38.593435,18.0362],[38.603852,18.013861],[38.601573,18.004828],[38.603689,17.994371],[38.613048,17.983466],[38.620372,17.952582],[38.662934,17.894965],[38.66627,17.884955],[38.667491,17.864447],[38.66977,17.85399],[38.687836,17.829413],[38.690929,17.823635],[38.69273146056519,17.81735555524523],[38.736863036341234,17.852721574155932],[38.76761972474754,17.883160132318835],[38.790964392996955,17.919038595361176],[38.80585081914578,17.958754970930592],[38.808138529825314,17.96778440297263],[38.81392086716229,18.010569235938455],[38.80985878483209,18.053513046343035],[38.7987364919138,18.086816758519934],[38.79748450053157,18.099727131483128],[38.78589214589947,18.13693892301659],[38.77931581859917,18.15232397759914],[38.761093184107224,18.18554816112617],[38.73660960958188,18.214936911270186],[38.69495645928469,18.256225311906153],[38.65418550635979,18.287600268722013],[38.63725182076464,18.297579515023376],[38.60059951448307,18.314731647001455],[38.58663349996438,18.318304618025437],[38.58087721949648,18.321207017352187],[38.56261179042212,18.343484460378935],[38.54292342589261,18.362786366591635],[38.511996708911994,18.38773504100246],[38.49384985805336,18.397381937303162],[38.49043465737719,18.40323435978397],[38.46644024597927,18.436051416332607],[38.4359893945395,18.46366254347084],[38.40030577039777,18.484955131536285],[38.36082564605675,18.499070543329363],[38.31913989588883,18.505439051075882],[38.30840614003927,18.505023853800427],[38.30527392407898,18.511644034453656],[38.282970735249386,18.542004815447136],[38.27037036688174,18.55613792203089],[38.246061893065885,18.579247257684024],[38.21807549376829,18.598284213506886],[38.187162255511794,18.61273682681761],[38.168977089008045,18.61954425877492],[38.16304693165059,18.62515412865653],[38.1487339020109,18.64820938248836],[38.114119856665894,18.68995556491926],[38.072695901477765,18.728064654768772],[38.031627629675725,18.757495370190853],[37.984189610279806,18.776599649123725],[37.9341612876349,18.790185689935043],[37.93396182895796,18.790636849045857],[37.9275802288588,18.8021354030774],[37.9054162777315,18.83413632697777],[37.87716519442674,18.861528059236598],[37.84386841004298,18.883297866103273],[37.80675541971711,18.898640317677412],[37.80082582095527,18.899892024981348],[37.785994380088916,18.9105805085078],[37.74900420429274,18.927701197184962],[37.70917162976742,18.9376942388773],[37.66801998097706,18.940176789885584],[37.63597409553101,18.936162734420655],[37.63472038678835,18.943961735395504],[37.62789010099222,18.97230339419853],[37.61438512533777,19.013979627897832],[37.5959539278095,19.071098385886298],[37.585699824071376,19.113856777543354],[37.572632240063854,19.15093851267717],[37.56888283328326,19.157145977446024],[37.566969896534665,19.173248124472],[37.55125083308591,19.215519386390902],[37.53996797708443,19.232368736480435],[37.5364715705152,19.27786888437651],[37.53387490122748,19.297736052061403],[37.494501060250585,19.510189803753637],[37.48658882701528,19.539496669061023],[37.46614507649909,19.59659762721463],[37.456083247322574,19.617485375710853],[37.45574404489998,19.620401278713395],[37.45621690019726,19.62137388696789],[37.467990215501565,19.651939423247978],[37.47433913084825,19.683881945001165],[37.47631339690874,19.701781482972073],[37.47744563074532,19.722137340351246],[37.47752649325417,19.787313147550137],[37.47481804929733,19.819299878030193],[37.46900114552656,19.853155193134985],[37.4582987717953,19.8911129125801],[37.410886928904645,20.010146767771772],[37.412769031862894,20.015771976387317],[37.41650340895351,20.031649621090573],[37.42373787701903,20.0495917843432],[37.43573454761053,20.094449932565315],[37.43641119715752,20.14066054183843],[37.43116023578609,20.188556359121353],[37.42987012731438,20.198066707386474],[37.42457956479239,20.230754703061084],[37.422372222519236,20.24214638383139],[37.414402171797065,20.277404838890238],[37.40540763382952,20.306238184763266],[37.39275711701281,20.33772080952826],[37.39235139441557,20.341873471698232],[37.39107555699255,20.34913240227148],[37.405968757908475,20.367642243617155],[37.42570191028482,20.40923321799343],[37.43100697882792,20.4250540964118],[37.438000457905495,20.452596233985087],[37.44078632156739,20.46850126671916],[37.44347421915117,20.507553658474155],[37.44111743181659,20.572570068022998],[37.43765833582449,20.60219992056095],[37.43066876806986,20.626901394933466],[37.441193816067106,20.6388165642835],[37.460824521054434,20.672524136948162],[37.46816342053977,20.688628428141417],[37.482421474442546,20.73439204729866],[37.49421958016831,20.80102198351257],[37.496548392777434,20.847772480817095],[37.487142732872904,20.893701583410905],[37.48276435034296,20.906603381552657],[37.48088154067259,20.91062898149855],[37.48508307936612,20.91568908638269],[37.504106641136886,20.95160692558334],[37.51104010366895,20.96885019576461],[37.523592552551314,21.018754360689734],[37.525733308938136,21.03828142864694],[37.52640282854819,21.07136969856062],[37.52119265975496,21.10408406422751],[37.51024282458626,21.135523072820877],[37.50269359319454,21.152292566227825],[37.474671355100355,21.197036299140667],[37.36830201982171,21.324804848975145],[37.347286105919686,21.346509849239546],[37.280339535717644,21.40611634491186],[37.174940292110215,21.559113385456698],[37.12872070367559,21.66292755621011],[37.109641919663574,21.69526598009469],[37.10906893706497,21.70869626629961],[37.08899484529469,21.83160555610436],[37.08858834789658,21.932985500971753],[37.09203441848067,21.9449318568999],[37.09506423970336,21.959941806361908],[37.0987348550116,21.998520149313997],[37.09430057199538,22.036996991162525],[37.08192258463708,22.073922240120353],[37.06206215200375,22.10790331311838],[37.035464005858216,22.137657755173283],[37.003128857587775,22.162061834950883],[36.96627595136221,22.180193246161114],[36.92629703160192,22.19136625261828],[36.88470346994979,22.195157893729984],[36.684436592037365,22.195181876384314]],[[37.243419,20.804023],[37.250824,20.834662],[37.26531,20.855048],[37.275645,20.848049],[37.279145,20.845649],[37.283539,20.83275],[37.271821,20.766099],[37.264496,20.749986],[37.254405,20.749823],[37.244151,20.77265],[37.243419,20.804023]]]}},{"type":"Feature","properties":{"name":"JWLA 033 - Eritrea (S of 18N)","source":"12NM buffer from country boundary"},"geometry":{"type":"Polygon","coordinates":[[[38.60254995782729,18],[38.603689,17.994371],[38.613048,17.983466],[38.620372,17.952582],[38.662934,17.894965],[38.66627,17.884955],[38.667491,17.864447],[38.66977,17.85399],[38.687836,17.829413],[38.690929,17.823635],[38.695811,17.806627],[38.789724,17.668891],[38.85963,17.513251],[38.929047,17.397121],[38.953298,17.312242],[38.964692,17.292304],[38.952647,17.253485],[38.971202,17.223334],[38.998546,17.19595],[39.012462,17.165351],[39.017589,17.126695],[39.026134,17.093085],[39.055919,17.034125],[39.060313,17.014838],[39.06365,16.97427],[39.068858,16.953925],[39.084483,16.924872],[39.090017,16.884223],[39.094981,16.867743],[39.12794,16.794867],[39.149669,16.716946],[39.135997,16.723782],[39.155935,16.679145],[39.161388,16.657172],[39.163341,16.62816],[39.144867,16.609361],[39.160981,16.563788],[39.156505,16.538153],[39.149669,16.544989],[39.15089,16.529446],[39.160655,16.525133],[39.171641,16.524848],[39.177013,16.52143],[39.175548,16.48664],[39.177013,16.477362],[39.180675,16.468207],[39.185069,16.460517],[39.188975,16.451809],[39.190603,16.439439],[39.18922,16.399888],[39.190603,16.387356],[39.194102,16.378119],[39.203136,16.362209],[39.204845,16.349799],[39.20338,16.337551],[39.197276,16.312812],[39.197439,16.29857],[39.228038,16.168036],[39.232188,16.123847],[39.235606,16.10871],[39.258962,16.058987],[39.294119,15.928778],[39.313487,15.893948],[39.37322,15.858466],[39.382498,15.842963],[39.390391,15.83633],[39.427013,15.82038],[39.437022,15.811957],[39.437511,15.799018],[39.432628,15.788153],[39.426443,15.778144],[39.42335,15.767564],[39.426524,15.755805],[39.440684,15.740912],[39.443858,15.73314],[39.445323,15.706529],[39.450857,15.690497],[39.477875,15.661119],[39.460623,15.659613],[39.448741,15.649807],[39.444591,15.63524],[39.450694,15.619574],[39.454926,15.628119],[39.464041,15.638332],[39.474946,15.642646],[39.484874,15.633857],[39.482758,15.614936],[39.46339,15.605902],[39.440929,15.603176],[39.430186,15.603095],[39.432465,15.593655],[39.450694,15.565579],[39.455251,15.531887],[39.45753,15.524604],[39.47169,15.519436],[39.494884,15.517524],[39.516856,15.520087],[39.526378,15.528022],[39.533946,15.539781],[39.551768,15.542304],[39.572032,15.538398],[39.587169,15.531399],[39.611339,15.499986],[39.663585,15.336168],[39.667735,15.332506],[39.686534,15.325629],[39.690766,15.322211],[39.693044,15.304674],[39.698985,15.288031],[39.707693,15.273871],[39.718272,15.263902],[39.70338,15.209377],[39.698253,15.123603],[39.70045,15.119534],[39.709809,15.113023],[39.712087,15.10932],[39.715587,15.094062],[39.725108,15.086168],[39.738129,15.085639],[39.752289,15.092597],[39.762218,15.07392],[39.773692,15.071031],[39.789399,15.075588],[39.81129,15.078925],[39.818207,15.08397],[39.823741,15.095649],[39.826182,15.108222],[39.824718,15.116523],[39.819672,15.1258],[39.823497,15.13227],[39.835623,15.140367],[39.854666,15.173489],[39.856781,15.192939],[39.836762,15.226793],[39.825938,15.266913],[39.817719,15.281236],[39.804454,15.28144],[39.796397,15.266018],[39.789724,15.257473],[39.780935,15.278144],[39.778494,15.297593],[39.780935,15.34927],[39.779633,15.360419],[39.774587,15.379381],[39.773448,15.39053],[39.775727,15.402737],[39.781261,15.406724],[39.787934,15.408677],[39.793793,15.41474],[39.800466,15.44892],[39.80714,15.458889],[39.8213,15.448879],[39.828136,15.448879],[39.829112,15.456855],[39.835623,15.476142],[39.841645,15.476142],[39.842052,15.472968],[39.841645,15.463121],[39.852712,15.471584],[39.865977,15.492987],[39.875255,15.504096],[39.889985,15.478217],[39.910004,15.457424],[40.005138,15.381008],[40.019786,15.373765],[40.042817,15.368883],[40.050792,15.366116],[40.060802,15.360093],[40.072439,15.350735],[40.079926,15.340725],[40.083181,15.330227],[40.081309,15.319159],[40.074067,15.307278],[40.056163,15.293402],[40.047211,15.284369],[40.041759,15.274848],[40.026622,15.237209],[40.037771,15.238186],[40.046235,15.235785],[40.052013,15.22956],[40.053966,15.219224],[40.051524,15.216254],[40.04127,15.21247],[40.039724,15.209296],[40.041515,15.204983],[40.046235,15.200995],[40.047211,15.198432],[40.052501,15.190131],[40.075938,15.173163],[40.081309,15.164537],[40.084158,15.151801],[40.097179,15.125881],[40.101817,15.113023],[40.101248,15.101874],[40.098481,15.088813],[40.097504,15.075832],[40.101817,15.064643],[40.114268,15.069037],[40.12794,15.06623],[40.138927,15.058661],[40.143321,15.048529],[40.145274,15.040188],[40.149669,15.038316],[40.154307,15.037299],[40.157074,15.031155],[40.156505,15.02204],[40.15089,15.007066],[40.149587,15.000067],[40.159434,14.982245],[40.182628,14.970852],[40.256602,14.945258],[40.272634,14.937567],[40.279959,14.93183],[40.286794,14.913479],[40.301768,14.916897],[40.324555,14.935533],[40.347179,14.944078],[40.362966,14.964097],[40.375743,14.986721],[40.389822,15.003241],[40.38852,14.987372],[40.3921,14.973578],[40.401378,14.966132],[40.417735,14.969062],[40.423025,14.977851],[40.420746,14.989244],[40.422699,14.99901],[40.440684,15.003241],[40.451427,15.003852],[40.454438,15.004462],[40.464854,14.997016],[40.463227,14.993598],[40.461111,14.986558],[40.463145,14.979682],[40.475352,14.976508],[40.482595,14.973578],[40.485606,14.967678],[40.489513,14.962551],[40.499034,14.962226],[40.505626,14.965277],[40.511485,14.970526],[40.516368,14.97663],[40.520193,14.982733],[40.515147,14.99079],[40.51295,14.998765],[40.512706,15.017483],[40.518321,15.012519],[40.523123,15.001695],[40.527029,14.997016],[40.55421,14.99018],[40.556651,14.981676],[40.555837,14.972968],[40.555919,14.964097],[40.561046,14.95539],[40.568696,14.950507],[40.573741,14.951483],[40.579356,14.954413],[40.58839,14.95539],[40.6067,14.952948],[40.616384,14.948676],[40.620616,14.939276],[40.624278,14.900092],[40.627696,14.891995],[40.656586,14.880316],[40.652029,14.897121],[40.660411,14.902574],[40.687673,14.900824],[40.694509,14.896226],[40.697439,14.887397],[40.692719,14.881903],[40.677094,14.887152],[40.670909,14.880316],[40.718761,14.831855],[40.719249,14.834174],[40.722667,14.835924],[40.727387,14.834133],[40.732432,14.82567],[40.733735,14.818183],[40.732432,14.790961],[40.724132,14.768256],[40.723888,14.757066],[40.732432,14.74372],[40.757986,14.72602],[40.766368,14.714586],[40.766449,14.695299],[40.777029,14.701809],[40.786632,14.706041],[40.796886,14.706773],[40.808116,14.702826],[40.808116,14.722073],[40.831065,14.712226],[40.884451,14.714545],[40.91391,14.699123],[40.944672,14.677314],[40.972667,14.669623],[41.040212,14.667426],[41.156098,14.641588],[41.167491,14.636949],[41.179535,14.621772],[41.195649,14.58511],[41.208751,14.568101],[41.253184,14.537665],[41.28297,14.517564],[41.306814,14.488918],[41.32252,14.454535],[41.328298,14.417629],[41.335948,14.402004],[41.352387,14.392157],[41.368988,14.384752],[41.376638,14.376288],[41.381033,14.368801],[41.399669,14.346666],[41.412771,14.306545],[41.433604,14.282131],[41.479666,14.242865],[41.50587,14.213446],[41.514496,14.199205],[41.521332,14.181383],[41.528982,14.14883],[41.533458,14.136949],[41.541759,14.126166],[41.555431,14.115912],[41.588634,14.096177],[41.605968,14.081773],[41.620942,14.063625],[41.657237,13.996487],[41.667817,13.955146],[41.676524,13.940253],[41.740082,13.921536],[41.753429,13.920722],[41.785655,13.932807],[41.798106,13.934394],[41.806,13.929674],[41.82545,13.896796],[41.841563,13.880316],[41.848969,13.876166],[41.863292,13.872952],[41.874278,13.873196],[41.896495,13.878811],[41.904307,13.879788],[41.92156,13.873114],[41.956798,13.850531],[41.969737,13.845649],[41.980968,13.837795],[41.986013,13.819485],[41.988943,13.798774],[41.993663,13.783596],[42.034923,13.752265],[42.041352,13.739163],[42.045746,13.739],[42.068696,13.708441],[42.075531,13.69477],[42.07781,13.693427],[42.086762,13.689521],[42.089203,13.687974],[42.093598,13.676459],[42.09962,13.654364],[42.106619,13.643541],[42.116954,13.640774],[42.129242,13.645575],[42.139496,13.65119],[42.143809,13.650377],[42.147309,13.64411],[42.164561,13.632392],[42.171153,13.626532],[42.175141,13.617255],[42.180837,13.594143],[42.184825,13.585598],[42.208018,13.568549],[42.212169,13.567572],[42.215994,13.55386],[42.223888,13.553941],[42.230235,13.560004],[42.229503,13.56387],[42.224294,13.567613],[42.209972,13.585761],[42.206554,13.591742],[42.2046,13.593492],[42.201427,13.59516],[42.198741,13.5987],[42.198497,13.606024],[42.201671,13.606391],[42.215587,13.605658],[42.219005,13.606024],[42.219737,13.632554],[42.206309,13.643866],[42.18922,13.652737],[42.167735,13.653795],[42.159923,13.656562],[42.162364,13.662299],[42.171641,13.667182],[42.184825,13.667467],[42.219005,13.640204],[42.25587,13.591986],[42.270356,13.585598],[42.288422,13.574612],[42.29477,13.549954],[42.294688,13.509223],[42.305919,13.476142],[42.314789,13.461005],[42.32545,13.454576],[42.335216,13.443508],[42.34254,13.418118],[42.358084,13.302476],[42.372325,13.278632],[42.377696,13.230048],[42.376801,13.225491],[42.379405,13.222642],[42.410167,13.204576],[42.431326,13.198391],[42.476817,13.194525],[42.495942,13.197903],[42.507498,13.206977],[42.514415,13.220038],[42.520681,13.2355],[42.533946,13.232571],[42.537771,13.226264],[42.538097,13.217719],[42.541759,13.208197],[42.547699,13.203274],[42.554454,13.199652],[42.559906,13.194322],[42.562185,13.183987],[42.570079,13.170966],[42.620453,13.12934],[42.655447,13.072333],[42.668305,13.064154],[42.688243,13.061347],[42.7046,13.054023],[42.718272,13.044013],[42.729747,13.033149],[42.737641,13.017727],[42.747244,12.961737],[42.763682,12.925238],[42.767589,12.90648],[42.770193,12.87816],[42.773936,12.862128],[42.781261,12.851874],[42.795421,12.848375],[42.808442,12.852281],[42.821544,12.85932],[42.835785,12.864936],[42.849294,12.837836],[42.868907,12.821357],[42.896251,12.813178],[42.93214,12.81094],[42.927419,12.805854],[42.918468,12.790473],[42.927989,12.78974],[42.93572,12.791938],[42.945649,12.797309],[42.944591,12.798489],[42.963227,12.810452],[42.966319,12.81094],[42.978038,12.823961],[42.987315,12.838202],[42.989919,12.847357],[42.989513,12.854071],[42.991466,12.859605],[43.000987,12.864936],[42.994884,12.874905],[42.9935,12.884589],[42.99586,12.893297],[43.000987,12.900295],[43.02947,12.878852],[43.043142,12.865627],[43.048839,12.855292],[43.053233,12.844875],[43.06365,12.836371],[43.076182,12.828762],[43.086436,12.820868],[43.093272,12.807766],[43.094574,12.777533],[43.097179,12.762519],[43.123871,12.715318],[43.117686,12.707913],[43.133962,12.697211],[43.143321,12.679511],[43.151134,12.659735],[43.161794,12.642727],[43.243845196744516,12.55098255726463],[43.27645132505297,12.581629878612983],[43.282637327520675,12.589030601685785],[43.304971462817875,12.621914715176693],[43.32024516791682,12.6584453593198],[43.327859696205095,12.69719817644502],[43.32751432808261,12.736661473816405],[43.31921864359932,12.775295069533032],[43.303292751721784,12.811590366619226],[43.29693976176814,12.82284252450694],[43.291525483532915,12.85817288566695],[43.275967437685985,12.898142136456586],[43.26913975213209,12.911248849775903],[43.24498903398944,12.947343876572386],[43.21345488435859,12.977558176676263],[43.211106047434185,12.979367505637867],[43.20745569951175,12.984960631151154],[43.187560225899055,13.007307756140932],[43.17388937135661,13.020541148397998],[43.15479590907029,13.036862300984415],[43.126307464211855,13.058321038964081],[43.09136879482144,13.079546194808584],[43.052781584578156,13.093547653356916],[43.01210285392329,13.099759881405408],[42.97097479103152,13.097931742427432],[42.931057987478134,13.088136763282757],[42.92935558410251,13.087339933699557],[42.921240346138546,13.106703725679079],[42.913356281399146,13.122131268520718],[42.89540556346828,13.150892572103508],[42.87274927161184,13.176314471054658],[42.861274838666766,13.187185484380867],[42.84154658183439,13.203641488445609],[42.82787148724781,13.213658940324336],[42.79650167231913,13.231888745443332],[42.7770634654963,13.258379917614144],[42.75328209866488,13.281574653269352],[42.735514720838076,13.296267916897033],[42.73021113401614,13.305790606935993],[42.718701788243415,13.319435513905923],[42.714609238665815,13.327682966034557],[42.71078774612002,13.333992655814688],[42.686032092255786,13.366724552965765],[42.65497713989181,13.393908527974082],[42.61890718057787,13.414418257393168],[42.57931562277299,13.427403567110478],[42.56604033368083,13.430335790187948],[42.54778317684574,13.432513119769608],[42.54626951061565,13.44384672923113],[42.54039084977372,13.47191681677469],[42.53308774206741,13.497311840418051],[42.51644210695042,13.537639195038125],[42.49863258184255,13.562971716677028],[42.494223133310584,13.598290906652036],[42.487895972521116,13.622953184567345],[42.47476327295502,13.659005451936515],[42.45479805673554,13.691968369209093],[42.42872961315595,13.720632977415086],[42.39751211995439,13.74394745771423],[42.394401280378375,13.745840117871888],[42.38414016217304,13.7592727202407],[42.349558783383046,13.794567624977308],[42.3153733268569,13.821850244059938],[42.28525390709684,13.841820000023315],[42.251974136899705,13.856312568943189],[42.216580724028304,13.864871714094132],[42.20387099645534,13.865695210932762],[42.20053440460838,13.86938958741043],[42.19550542121268,13.87718282130882],[42.17789826940251,13.894088756486658],[42.162661757086866,13.931682433133549],[42.13603099884666,13.969195066682177],[42.10133006405549,13.999879819243002],[42.09009574712313,14.007739846923366],[42.06185896449901,14.022632174990369],[42.03501828391758,14.039840025145539],[41.99779811035735,14.058717543939983],[41.98053362292587,14.065397789025168],[41.947232975541866,14.07520985342848],[41.94631256190804,14.075322726291448],[41.94153190287296,14.080111135070334],[41.9140659197894,14.099764021158023],[41.90616853010128,14.10448787720537],[41.86379812636849,14.12377079792496],[41.81803065955746,14.133278491755226],[41.815938259839676,14.133244738098616],[41.80346836293393,14.15634291822176],[41.78188861375733,14.188400805979027],[41.76692023689925,14.206559058604288],[41.740114577401606,14.233463468203043],[41.7227782711776,14.24787767855179],[41.7131714745593,14.254662536285998],[41.70778313650514,14.268742866902],[41.692352259551676,14.300289128959573],[41.683734318759555,14.314536501966725],[41.6620196142928,14.34395629619007],[41.635822344774915,14.37339287825501],[41.615950985731,14.392845978130744],[41.59453915767139,14.411112299017278],[41.58124845453848,14.441552651421405],[41.55962785835095,14.472891133917983],[41.5438294664376,14.491673401454932],[41.53196644003913,14.50785180607486],[41.52431822955214,14.516320934558925],[41.51434719516816,14.525265162210077],[41.51134832841718,14.53526312566957],[41.49566722062927,14.569658243774514],[41.46764737696252,14.61422875217226],[41.44381199610057,14.642891249014848],[41.401136546611795,14.681453413284434],[41.37195247077963,14.701156759352276],[41.36678378085859,14.704699620694388],[41.343460903924594,14.743402882112408],[41.331422195380895,14.758588375719004],[41.307394334794104,14.784012475016757],[41.27920341621665,14.805067767093641],[41.24768725984672,14.821127573648806],[41.23628650262463,14.825770809348585],[41.20257617511871,14.836311911078834],[41.08659236700456,14.862176218829578],[41.04718448806091,14.867161619486698],[41.02365558178582,14.86792976602354],[41.012353900695366,14.874850816678206],[40.982878531359596,14.890285938065999],[40.9486764287899,14.904505769576142],[40.918418166136085,14.911225063108482],[40.91164989219897,14.92537630511159],[40.906609806321434,14.933843171493153],[40.89353926497841,14.95100689568166],[40.89149992960653,14.957169222397637],[40.87326358022769,14.99680638738505],[40.84659572857839,15.03170709672502],[40.812750666815234,15.06022472087456],[40.80591210754803,15.064826328843626],[40.7734912624262,15.08267728275788],[40.7673794559427,15.084748860830441],[40.76407243054306,15.08866388794785],[40.73521829057366,15.112296137063485],[40.70238484994895,15.13045889858226],[40.69803913839821,15.132376464310825],[40.68327552326808,15.146423013441296],[40.647547041072364,15.168475887999094],[40.62051212627126,15.188102119735484],[40.58446135104666,15.20495287858758],[40.54571917068849,15.214785013139222],[40.5057384870419,15.217229661223916],[40.466019070436396,15.212195053468655],[40.43872902005489,15.203337089337396],[40.428504918959604,15.202755715390147],[40.41595406656845,15.200938596984487],[40.40880667716965,15.202259966986574],[40.36853312239504,15.202042964704223],[40.32906672168209,15.194301665730189],[40.30016838613181,15.182659900429428],[40.29267200956052,15.191733004958282],[40.28354917258315,15.21300376399215],[40.278775760695716,15.22252348345505],[40.273918598146004,15.238009240315739],[40.271772553209026,15.242208264392605],[40.276151137630954,15.25118330734505],[40.28580232612881,15.286891593785521],[40.287684791242874,15.29795781120053],[40.290002424596054,15.343000124306228],[40.28423786260838,15.374157995736379],[40.303355098493014,15.373716911718427],[40.32408733520601,15.375261648704631],[40.34544445818787,15.37859704367477],[40.37811262186856,15.373050641770037],[40.41877810252733,15.373916640463003],[40.4584878494795,15.382415974050897],[40.49571677217074,15.398222195846241],[40.50986850477494,15.405906912416548],[40.54145088758773,15.42698867262086],[40.568463441721356,15.453321751682662],[40.58997881444371,15.484003877708162],[40.60525702674822,15.517983364613404],[40.611457372534,15.536246719566332],[40.61948443441479,15.568995038509998],[40.62169615089064,15.602576296722278],[40.618027030099384,15.636038815200212],[40.61009009529092,15.675881477773776],[40.59996604953202,15.709982011703262],[40.583735845737365,15.741821716477952],[40.56190849980877,15.770396695029044],[40.53517032352486,15.794805581528761],[40.504363449242135,15.814278115238531],[40.4992333849903,15.81692539605836],[40.4673836425381,15.829088536535341],[40.4521818955248,15.843791453932457],[40.445751312724944,15.848800215329964],[40.410889867118904,15.870772746041505],[40.40802232137453,15.872206881672492],[40.404988110113074,15.873756502452327],[40.371491393372295,15.887392770790202],[40.36245095114539,15.890203423848604],[40.33777448263859,15.896294567293383],[40.32653317048648,15.898371636860848],[40.31977415450496,15.899229028134187],[40.31654961274535,15.905932630535276],[40.3087668877633,15.916630372913513],[40.31227782293885,15.924365737906987],[40.320979610925555,15.962598135500617],[40.321767226232986,16.00172777400808],[40.31981213051966,16.01224727511205],[40.32130146122826,16.016437145985304],[40.32668848932116,16.05550369635861],[40.32399514918368,16.09482640317913],[40.31332154597303,16.132876232150075],[40.2950785967862,16.168172814698288],[40.28727204251636,16.180141929505925],[40.26231243557456,16.211158933681755],[40.23152062096785,16.23689647040835],[40.19608174206899,16.256362258603776],[40.18119528488304,16.26276690265962],[40.17957746729263,16.263996311868667],[40.14436078885746,16.285614209975066],[40.10534893231436,16.30003613791615],[40.06411823320071,16.30667911345409],[40.02233550300564,16.30527454781123],[39.98169008029399,16.295879201508427],[39.943824928928606,16.278872873672274],[39.93657892222761,16.27471942564255],[39.90049751911669,16.2485371469162],[39.87116706318786,16.215487410898366],[39.86320174663535,16.20107613960561],[39.85829403671531,16.197528329929682],[39.83229796095892,16.170180258547465],[39.81200776370756,16.13869352966752],[39.80404337614721,16.12330585953806],[39.78812432615088,16.08131946264061],[39.7823156925859,16.03698395782598],[39.7820886150491,16.0204637024081],[39.78291641712076,16.011072303877622],[39.76315115132652,15.979613962099638],[39.74913477108291,15.941723534269624],[39.743294490908106,15.901901976554107],[39.745001711997126,15.875214163101957],[39.73824407393228,15.864604996330742],[39.724256303785566,15.828457095129277],[39.71774976069773,15.790397216340997],[39.716386585725985,15.770660930856021],[39.71810479994911,15.728551223039542],[39.72895511797236,15.687724011739117],[39.73136504799483,15.681485347386927],[39.73160586225913,15.675439725151888],[39.73238791216769,15.672225875808603],[39.71932883825106,15.685488961583541],[39.677920959381616,15.71100198231906],[39.67472094086099,15.724611509169652],[39.657658262590004,15.761082807000394],[39.64673587778233,15.775694352733769],[39.64349819374768,15.786014990841949],[39.645088845406256,15.806180782988118],[39.644612926810964,15.819120288241816],[39.63882099088932,15.85942917308089],[39.624658243639914,15.897773451704358],[39.602707841484616,15.932562142109468],[39.57387733987817,15.96235103558196],[39.56386654404171,15.970780140602782],[39.522877432565274,15.996173002444992],[39.5100635139183,16.008895197210816],[39.482500508795994,16.028474743459377],[39.48191584236284,16.028822280877126],[39.46030934590284,16.109118110181793],[39.44860203058829,16.141110754883847],[39.437199565622606,16.165437288073736],[39.43529957532044,16.1858892275805],[39.431092014989304,16.211805172009942],[39.408864275356,16.30705509551981],[39.410258639534455,16.314651187500512],[39.41173616090138,16.326897928937075],[39.411350553671646,16.375873011738758],[39.40965413113511,16.388284703726413],[39.40122717489131,16.424052938206668],[39.398737191790715,16.429608463159102],[39.39884589341672,16.43262647291946],[39.39735554266785,16.46435851651902],[39.39574016600088,16.47673014041785],[39.38525339961561,16.51379164341469],[39.3826789452605,16.55408888782513],[39.371447756009495,16.593560104255904],[39.36922215736095,16.597745322931612],[39.36982061847904,16.600048914355572],[39.37148758018602,16.640908742874423],[39.369565039105744,16.669922851684575],[39.36437479344613,16.703291161749416],[39.358943074365726,16.725269359037473],[39.35780166056096,16.728592029045547],[39.35785816204874,16.730444637451956],[39.35131947005969,16.768392072386312],[39.329664514684225,16.846333609922585],[39.31958339550742,16.87415856049683],[39.29443549578386,16.929888354050433],[39.29164097302069,16.950573946847417],[39.283948100523254,16.98427747554996],[39.270307280821875,17.016213283730846],[39.26972743981438,17.017293503654372],[39.26866385328551,17.030392217567535],[39.26454601253648,17.05726314925773],[39.26017128635229,17.076554435626356],[39.24420351187949,17.120938198543033],[39.22410872098009,17.160796404741117],[39.223588283827574,17.16285179488633],[39.219969121355376,17.19036022315482],[39.204353800453006,17.244894855630484],[39.19046226680331,17.275506317217403],[39.17292792531787,17.306374938828917],[39.172869887906785,17.306444463465947],[39.172825436604604,17.313262168333953],[39.16452180715563,17.351748012139215],[39.148990161233506,17.386803677229963],[39.131111942090634,17.449600977787746],[39.11104367045369,17.496008199449808],[39.04762435128824,17.60227720654775],[38.982546860095,17.747482551782948],[38.965693496172506,17.777624232361436],[38.88583774502301,17.894914856671726],[38.87798975543814,17.914279575147763],[38.87490093738831,17.920060310848186],[38.86969160685545,17.928329527111885],[38.866440535696206,17.945246788360148],[38.86311408674019,17.955260030025237],[38.85114567561748,17.983558450235854],[38.84089403169869,18],[38.60254995782729,18]],[[39.923595,15.75731],[39.924978,15.777045],[39.933767,15.788235],[39.946788,15.789862],[39.970551,15.774848],[39.976736,15.770982],[39.990001,15.769924],[39.993907,15.777899],[39.981944,15.795233],[39.97641,15.811957],[39.975271,15.815334],[39.994965,15.824693],[40.021251,15.827053],[40.032156,15.826321],[40.033458,15.826239],[40.037446,15.838406],[40.030772,15.854315],[40.019379,15.868109],[40.009369,15.873969],[40.009288,15.87401],[39.974376,15.871772],[39.963145,15.877102],[39.95102,15.893866],[39.950938,15.893948],[39.987478,15.891059],[40.026215,15.882636],[40.062673,15.868842],[40.084809,15.854315],[40.091563,15.84984],[40.101003,15.835639],[40.105642,15.828681],[40.105561,15.82864],[40.100597,15.814154],[40.09018,15.803127],[40.088145,15.792141],[40.095714,15.784613],[40.105154,15.784247],[40.114594,15.787787],[40.122813,15.792141],[40.121104,15.795803],[40.116222,15.802558],[40.115408,15.809027],[40.125987,15.811957],[40.136485,15.80622],[40.138764,15.793321],[40.138927,15.792222],[40.133067,15.711168],[40.135916,15.695868],[40.141287,15.684109],[40.142426,15.681464],[40.160167,15.652411],[40.163829,15.644355],[40.173595,15.643622],[40.232107,15.627021],[40.247406,15.655015],[40.253184,15.661119],[40.261567,15.663235],[40.248057,15.668118],[40.227794,15.674018],[40.219168,15.685329],[40.219086,15.68537],[40.226573,15.696479],[40.244477,15.702094],[40.266938,15.703518],[40.287364,15.702094],[40.298595,15.700019],[40.307628,15.697211],[40.311453,15.695258],[40.315115,15.693427],[40.321544,15.688422],[40.32545,15.680854],[40.326915,15.67182],[40.329926,15.664252],[40.338552,15.661119],[40.352712,15.658026],[40.373546,15.644355],[40.386404,15.641262],[40.401134,15.640774],[40.406261,15.638129],[40.414236,15.598293],[40.408051,15.580024],[40.393891,15.572333],[40.393565,15.572496],[40.372895,15.582587],[40.365896,15.584133],[40.356619,15.586168],[40.308116,15.57453],[40.287364,15.572984],[40.265961,15.579983],[40.23113,15.596422],[40.208263,15.599677],[40.158702,15.589545],[40.148774,15.591254],[40.143321,15.592231],[40.139334,15.595852],[40.133393,15.603258],[40.129405,15.608303],[40.127045,15.610338],[40.122895,15.613878],[40.122813,15.613959],[40.11378,15.597561],[40.102224,15.589057],[40.085297,15.587633],[40.060802,15.592231],[40.020356,15.607571],[40.015147,15.608588],[40.001475,15.611274],[39.979015,15.606513],[39.978852,15.606513],[39.970388,15.617662],[39.963878,15.626288],[39.937348,15.702094],[39.948741,15.70185],[39.95574,15.699693],[39.956716,15.69595],[39.956879,15.69538],[39.950938,15.688422],[39.958995,15.683905],[39.965099,15.677924],[39.967296,15.673733],[39.969005,15.670396],[39.971446,15.661119],[39.978852,15.661119],[39.988292,15.6647],[40.001475,15.659613],[40.015391,15.651923],[40.026622,15.647447],[40.026703,15.647488],[40.039317,15.648098],[40.081309,15.661119],[40.062999,15.692857],[40.038585,15.71898],[40.0088,15.736558],[39.975108,15.743069],[39.942149,15.736396],[39.930431,15.739569],[39.923595,15.75731]],[[39.990001,16.017727],[39.990245,16.034247],[39.99822,16.049628],[40.01588,16.056138],[40.038341,16.057929],[40.047211,16.063463],[40.043793,16.071845],[40.041759,16.08161],[40.041352,16.092108],[40.043224,16.103095],[40.050466,16.107245],[40.075694,16.08808],[40.083018,16.08397],[40.092947,16.081732],[40.111013,16.073961],[40.118826,16.061998],[40.11199,16.052883],[40.095388,16.047349],[40.080577,16.034166],[40.077403,16.019029],[40.083669,16.013332],[40.092296,16.008775],[40.099376,16.002102],[40.10963,15.995103],[40.114513,15.985907],[40.09669,15.981024],[40.067393,15.990465],[40.042979,16.003404],[40.000011,16.007758],[39.990001,16.017727]]]}},{"type":"Feature","properties":{"name":"JWLA 033 - Djibouti (Coastal)","source":"12NM buffer from country boundary"},"geometry":{"type":"Polygon","coordinates":[[[42.514985,11.567206],[42.528087,11.570217],[42.532481,11.548489],[42.532481,11.547471],[42.533051,11.523505],[42.538748,11.502997],[42.571625,11.490465],[42.591563,11.47248],[42.60377,11.46776],[42.617686,11.470282],[42.633556,11.484809],[42.644786,11.488227],[42.653494,11.485907],[42.662852,11.481635],[42.672537,11.479722],[42.681651,11.484524],[42.687511,11.497219],[42.680675,11.504788],[42.670421,11.509955],[42.665294,11.51557],[42.674083,11.532131],[42.694102,11.545966],[42.739757,11.563381],[42.807465,11.571275],[42.829112,11.576972],[42.839529,11.584459],[42.847504,11.592719],[42.855805,11.595771],[42.866954,11.587592],[42.875173,11.583686],[42.900727,11.584052],[43.040538,11.585924],[43.06186,11.590155],[43.081798,11.589545],[43.103363,11.576972],[43.123057,11.581488],[43.133556,11.595282],[43.141124,11.608588],[43.151866,11.611762],[43.157888,11.601304],[43.172211,11.542873],[43.173106,11.541653],[43.183849,11.526557],[43.19516,11.518297],[43.226329,11.501899],[43.240733,11.48786],[43.252696,11.47309],[43.266938,11.462348],[43.288341,11.460354],[43.282725,11.498928],[43.29713,11.482245],[43.320079,11.446112],[43.33961,11.426174],[43.352387,11.419745],[43.375987,11.391588],[43.394216,11.385199],[43.41305289904757,11.381096046207555],[43.43063866668993,11.415035769315072],[43.44139256189283,11.452170423833596],[43.444663810101986,11.490638820847254],[43.440327335624964,11.529006198894372],[43.42854186273224,11.565840974567225],[43.409744447596424,11.59976818463657],[43.38463456483956,11.629520899014953],[43.37023078498433,11.643567108802726],[43.353050212902936,11.656048623554742],[43.335664832345714,11.699433215834079],[43.32964755910265,11.70989486419353],[43.30714638058294,11.741456136231653],[43.289405720713475,11.758245168348601],[43.29630500950473,11.76636335649234],[43.30567587982383,11.767309648349208],[43.32559992549844,11.770928308614064],[43.381277691150096,11.789465337001063],[43.3818499359267,11.789751472478017],[43.400339641004976,11.793973978896231],[43.40822850530383,11.796251486441532],[43.461336792634334,11.820109362207203],[43.488018737347026,11.836985194598988],[43.53219174292241,11.87471997511224],[43.55384289342845,11.899407103155829],[43.58302278340018,11.943147528539596],[43.59760488851065,11.972882714972588],[43.61499058689078,12.026820830623544],[43.62038463286709,12.058798441417188],[43.62220967514374,12.110078367699732],[43.61632365575344,12.171153301213328],[43.61856357317211,12.215044507379375],[43.61595335823021,12.258333605774814],[43.61303682379148,12.275181391530854],[43.6002993823259,12.318401729667412],[43.57798643212771,12.357743022602742],[43.56805277058688,12.371369829706172],[43.56804937084938,12.371478723514207],[43.565402288827954,12.397995691154998],[43.56240451584048,12.41569754606548],[43.55297655205835,12.450976779096443],[43.53713843244601,12.483995270203163],[43.534006476841306,12.48922138907796],[43.530095180114124,12.527985216338394],[43.518291882851834,12.565750942086241],[43.499107817264566,12.60051310804653],[43.47328974057502,12.630913493234287],[43.448700556904264,12.650345761668703],[43.447439,12.638658],[43.435802,12.632148],[43.428884,12.63467],[43.417166,12.646715],[43.411388,12.652655],[43.39975,12.649848],[43.392751,12.653062],[43.390147,12.666327],[43.397634,12.670803],[43.406423,12.673041],[43.40795918027555,12.673090949879873],[43.406000516089726,12.67409250022864],[43.405441220670255,12.674252233479978],[43.38243025477462,12.7],[43.129720384974775,12.7],[43.133962,12.697211],[43.143321,12.679511],[43.151134,12.659735],[43.161794,12.642727],[43.259613,12.533352],[43.283214,12.496527],[43.297374,12.482001],[43.312999,12.477688],[43.329356,12.488756],[43.329356,12.453559],[43.331228,12.436713],[43.336192,12.419908],[43.344086,12.406155],[43.353201,12.395209],[43.360525,12.383002],[43.363536,12.365302],[43.364757,12.327135],[43.367849,12.306871],[43.374034,12.292955],[43.411388,12.241767],[43.414317,12.224921],[43.411388,12.166653],[43.418712,12.091254],[43.413341,12.059272],[43.398774,12.029527],[43.377126,12.004828],[43.350434,11.987942],[43.34254,11.985663],[43.315684,11.981106],[43.288341,11.967434],[43.268403,11.963813],[43.225434,11.962877],[43.206554,11.957831],[43.174001,11.935004],[43.097179,11.84455],[43.09197,11.841295],[43.086029,11.838853],[43.076182,11.834703],[43.069184,11.830268],[43.064708,11.823432],[43.060883,11.809556],[43.055512,11.803616],[43.041515,11.798529],[42.986827,11.796088],[42.972504,11.790839],[42.95753,11.780463],[42.942638,11.77383],[42.915538,11.783596],[42.896495,11.780585],[42.803396,11.747992],[42.777192,11.732245],[42.75408,11.707953],[42.684093,11.582261],[42.677419,11.573676],[42.667979,11.568549],[42.636974,11.559556],[42.627696,11.559068],[42.60377,11.563381],[42.577403,11.562405],[42.569021,11.563381],[42.563487,11.567206],[42.554047,11.580268],[42.548595,11.583808],[42.526866,11.582465],[42.515147,11.574123],[42.514985,11.567206]]]}},{"type":"Feature","properties":{"name":"JWLA 033 - Somalia (Coastal)","source":"12NM buffer from country boundary"},"geometry":{"type":"MultiPolygon","coordinates":[[[[41.41063756218761,-1.8515891604601993],[41.420831701390696,-1.8603296065728396],[41.45573766898789,-1.87973240208065],[41.493832240179,-1.8917662045153103],[41.53358501018214,-1.8959473110404363],[41.573398792699315,-1.892107355190805],[41.611673771916614,-1.8804001299712612],[41.64687178853189,-1.8612954880759758],[41.677578174189584,-1.8355605519385543],[41.703542643256036,-1.8089526859121992],[41.71980436210026,-1.7886720679075863],[41.72688734835377,-1.7815989244023804],[41.74606423353537,-1.754834435270497],[41.75715195536756,-1.736317170349169],[41.75845093989327,-1.7354327310618927],[41.77725189776317,-1.7202172619044103],[41.80752061336402,-1.6898153922006856],[41.83062976245862,-1.6536679827699472],[41.863213720630974,-1.588164052880801],[41.87024828738382,-1.5772839523254942],[41.88693412017872,-1.5567350147187387],[41.901816799404756,-1.5357955395382041],[42.00615913276572,-1.367031153586466],[42.018705356172966,-1.3578627880358638],[42.046188885521545,-1.3274467543649402],[42.066909855608316,-1.2920745619964225],[42.07895775501354,-1.2656269488069103],[42.091466211804025,-1.2292646622523573],[42.09357461325344,-1.2141911892914297],[42.100606221216964,-1.2013265328218916],[42.11621792100165,-1.1836721058862372],[42.13731508413581,-1.1456656862984873],[42.14268749269143,-1.1328897957715423],[42.147552797840554,-1.117618044329627],[42.148077910652525,-1.1165680825264368],[42.16765070875539,-1.097831943197044],[42.19025072177532,-1.065501533732287],[42.19472766847014,-1.0575258743739118],[42.20229589659036,-1.0386269388844998],[42.213651774822715,-1.0280501932193358],[42.23466630895395,-1.0002122774169047],[42.239172622473504,-0.993016360678704],[42.27141638712772,-0.9733061682199593],[42.286310475530165,-0.9620782909356544],[42.30954190009315,-0.9415620835726937],[42.33526092189169,-0.9150355259276736],[42.360157770152455,-0.8835896904593022],[42.378268047388005,-0.8552992863220528],[42.384284171485916,-0.8504114824936497],[42.40770902020807,-0.8230792359714908],[42.425865406360685,-0.7919955040562964],[42.429587997026665,-0.7817567856112837],[42.49482195638923,-0.7031644394890805],[42.517949559847466,-0.6817642582807718],[42.53417028283582,-0.6648920051790327],[42.5415269644818,-0.656285364509553],[42.55519684732569,-0.6516465645427498],[42.589820268024724,-0.6314571873910051],[42.61973549726724,-0.6047648875046234],[42.62331592399973,-0.6008593760077987],[42.646822476585626,-0.5695583933821273],[42.65691548939325,-0.5529574488210921],[42.67403791690531,-0.5172636071783183],[42.67525303858188,-0.512490246916716],[42.68630688854352,-0.5039429681601482],[42.71033221418885,-0.4772599381319481],[42.729208413008685,-0.4467140000616855],[42.732383196064994,-0.44036626399583245],[42.74106802112923,-0.4185520791508286],[42.782061424025365,-0.37687621252596887],[42.83782426246879,-0.33157102172707714],[42.89601483970513,-0.28421656163878445],[42.9175059151407,-0.26391315641393054],[43.038369387950354,-0.13152447335918424],[43.03905053394541,-0.13077460018946313],[43.2340801357209,0.08501352428724347],[43.32456292893239,0.17372632562328957],[43.42515683262756,0.27242504145681623],[43.43478554345334,0.2825554861659877],[43.61170273938981,0.48219249822147947],[43.79071731235065,0.6546576872376259],[43.80692543683254,0.6676186231078148],[43.81627257984265,0.6718540339173001],[43.833199060816256,0.6815366674682072],[43.867957641957894,0.706727170884125],[43.89654612661842,0.7387588143083801],[43.92565493877057,0.7794308786298375],[43.92640657848473,0.7799823901313337],[44.0267000908758,0.8336628122392487],[44.06094714626438,0.8568406793444324],[44.0897002631156,0.8865706452241571],[44.10748492109653,0.9092435593166258],[44.121475504521065,0.9168314284244102],[44.14182002852717,0.9300934643364837],[44.174015811047276,0.9562092859245329],[44.23230303988064,1.0144842699043992],[44.249068192314645,1.0243555336058503],[44.27440215544003,1.0455913487281547],[44.27847137640016,1.0496196839163443],[44.301283833198966,1.076591515022072],[44.31497822731219,1.1002212910031244],[44.33458887003891,1.111082287213655],[44.36435345930535,1.1361943740420914],[44.466202201486,1.2406995508165728],[44.66440820629531,1.3949287175661136],[44.781735509321585,1.467913648983548],[44.79306694377959,1.4755094407983562],[44.91424746731053,1.562861762136055],[44.92857805212152,1.5700660644308913],[44.95600371084204,1.5903408941839197],[44.96283352596381,1.5974774171804307],[45.1011615353594,1.6924297365568874],[45.26830537138002,1.7710492508088427],[45.273595701569725,1.7721711506410291],[45.3036674422857,1.7810622055927694],[45.33198045343193,1.7945464194439853],[45.36605707525685,1.814190954103393],[45.70549429932577,2.0099242330044027],[45.81093624691247,2.0707106478982134],[45.92450903607606,2.1347192791570357],[45.934670599979775,2.140849353075814],[46.13533605721477,2.2701341955039247],[46.154043067657085,2.2837770810020843],[46.17463108283225,2.3007007136480335],[46.20244405166597,2.328582854823596],[46.210592902183016,2.3408368624873073],[46.211824330783045,2.341614690496278],[46.240648397325685,2.363723383839742],[46.26499545293234,2.3906797968823823],[46.274518362625365,2.4033738271883465],[46.29109964437595,2.429458321498333],[46.298009617414955,2.442449172277679],[46.35537780157909,2.502584498081895],[46.3603143371908,2.504897475714446],[46.39455803452285,2.5253306737832655],[46.40855491900367,2.5357045072815936],[46.4409332091506,2.5657780693678136],[46.46591141504559,2.602224551029022],[46.4715570144299,2.612807329660874],[46.48317759332744,2.622951628980466],[46.504674205757055,2.64940267005261],[46.508500351737204,2.6550305088603663],[46.530616375150395,2.6708182634961264],[46.557640539231464,2.6940029101506573],[46.62394794807603,2.762023875818434],[46.753980469785546,2.8704833572101305],[46.779666820580935,2.8962045698263386],[46.84432883601861,2.973952893949973],[46.967245050079036,3.0831352905634586],[46.98632796696459,3.102561295468589],[47.161636656135954,3.3071261056236425],[47.18494233841987,3.331591719396183],[47.35155147047598,3.5065777556974242],[47.47967465398236,3.6398932269709725],[47.63283089351514,3.79695752245077],[47.65211453227949,3.8199506523407236],[47.73338269034514,3.933099493696118],[47.987382432219384,4.205303835751972],[48.09528998919112,4.321002989255303],[48.113837429253785,4.344099940551053],[48.22102825556123,4.499913856121175],[48.23544633486489,4.524438602590883],[48.37435691136308,4.804520082865675],[48.483887950923474,4.952349663908032],[48.59572537229178,5.073481134943982],[48.62016167595911,5.1060466043682045],[48.7065203841065,5.2495082156358785],[48.759245718344616,5.299959412931955],[48.781907846448355,5.325706060062066],[48.80852102178586,5.361750552170178],[48.8294691811224,5.397291349291575],[48.87242522565177,5.491165442898203],[49.01870080551916,5.715851110170818],[49.02398780636234,5.724433367423983],[49.125432932689414,5.898734151724941],[49.210105902921335,6.044217007705076],[49.21861849342018,6.060522194534237],[49.2537909984864,6.13619232614541],[49.269715622684885,6.187857741813068],[49.28406731545277,6.275290921881569],[49.28576053564775,6.3266678068043225],[49.28365260036977,6.348355221299463],[49.27971052752671,6.372866585317205],[49.27883643454695,6.376738636106367],[49.37971026496786,6.588054553497253],[49.38734780094354,6.606328725733196],[49.42890024858875,6.721508765978584],[49.462095052566134,6.772336791479464],[49.47280299343412,6.790819465677379],[49.5398140126574,6.922184098143667],[49.67878077052625,7.115828597325951],[49.73832221221879,7.183492143440854],[49.76162026841243,7.216010392682123],[49.815871193534875,7.310412371079657],[49.91925482192285,7.490304369199385],[49.940400720506254,7.543680166598165],[49.94455789400012,7.5612555048982175],[49.946558173120756,7.573575556089272],[49.95586376796988,7.585045832786233],[49.984432392599125,7.6254420496836275],[50.000082406482356,7.651593290789769],[50.01155072800064,7.679789826262268],[50.017252402308145,7.6976086882501],[50.02562423847957,7.73753326372986],[50.02823840244843,7.762676442919945],[50.02588431724015,7.8197447378034735],[50.02166306255095,7.842165658016573],[50.017769089780366,7.855346325942363],[50.05646598841911,7.8947917298917165],[50.16390321171702,7.960277005906835],[50.196890159279924,7.985348422168806],[50.22968147753385,8.016062221926965],[50.24998130993656,8.0381378825106],[50.266737944111384,8.062955686371511],[50.288717951555896,8.101438686805759],[50.3054348661773,8.139417858391296],[50.330073608029274,8.216289191745254],[50.33102641997763,8.21835296929028],[50.39141522783032,8.297719257575325],[50.40937986953443,8.327086630656353],[50.420349988076865,8.334249154986793],[50.452782890631504,8.368528330506619],[50.46604908190806,8.386345712862322],[50.48911887762949,8.426218250127745],[50.50524315942047,8.463441218406134],[50.51884287325616,8.50937440046309],[50.521861286571216,8.527316790406081],[50.52406121549696,8.564706514138944],[50.53062432857984,8.572641173210322],[50.55896966999413,8.618193608230614],[50.5745230885466,8.652853926645593],[50.58730432879769,8.6915440403893],[50.603006684486914,8.763051455323211],[50.60731278517374,8.775507904442867],[50.60950524130368,8.779359997420752],[50.61837087950413,8.791117542618942],[50.63082222598067,8.803830194685885],[50.7300146580326,8.881587882719522],[50.761111434163475,8.911887267146028],[50.79024572233522,8.947156594712666],[50.808135819670156,8.972600262499062],[50.82183615267952,9.000460751830989],[50.83665877801257,9.037683637817704],[50.84651070180296,9.070358607744579],[50.85059575304886,9.104201216329221],[50.85133933206114,9.126293890121847],[50.850996977534024,9.133779447074257],[50.874229392442956,9.14750895163659],[50.8942432930554,9.163251539310977],[50.91996042612826,9.18739485831147],[50.94102278652805,9.215589551574784],[51.0030513661471,9.315905351242703],[51.01839352548594,9.34620714385689],[51.02547911594549,9.363781192885293],[51.03749759226915,9.407411177920249],[51.04043616308149,9.426329259853986],[51.04276747457039,9.458042440274529],[51.03996583057947,9.489707943143177],[51.03639556058758,9.51062243450835],[51.02695596993028,9.545853637718485],[51.013906612524664,9.581117448102395],[51.01422914746704,9.581733289178738],[51.02561812437794,9.628241030275117],[51.031096865063844,9.674198611985915],[51.032244707288186,9.678315983535832],[51.036734016897654,9.69841558872214],[51.03844767273139,9.70854596839309],[51.04080079046029,9.738537387793539],[51.044346591387175,9.74811995278197],[51.05340958275386,9.781152989416299],[51.058562838787324,9.809310857841433],[51.05926119251459,9.810578737217309],[51.07487429019745,9.847173422692022],[51.082846117791576,9.886069804717177],[51.08285493051413,9.911870301301885],[51.084579049403416,9.920975829640975],[51.08960326006307,9.931236897548064],[51.09938091010147,9.966570053769855],[51.10133901452093,9.97751424253866],[51.1033559959495,10.032591552816823],[51.10206067149827,10.045001896484948],[51.09325795286967,10.082678566894648],[51.102463487505126,10.106628524692152],[51.112373201421626,10.141823029585707],[51.115614764796014,10.178189495715637],[51.113125322907905,10.203755697893573],[51.136420235910514,10.211865423952059],[51.156654887589966,10.21432287179981],[51.1588666702298,10.212505195014035],[51.19472533896155,10.193501812096063],[51.23373685285241,10.181948082683052],[51.261682006610826,10.176614007387426],[51.29489289629831,10.173034669569057],[51.319184762901,10.17437180189259],[51.32719086523612,10.171988623299463],[51.36610498624815,10.168132418712306],[51.37476142371272,10.168100336037783],[51.41560294689916,10.172031060766479],[51.454828730561275,10.183965495076373],[51.49083590804468,10.20341536833778],[51.5,10.211073340570234],[51.5,10.649348722732041],[51.46931716046951,10.665032339497923],[51.427165384290795,10.676208569315621],[51.409839923602945,10.67887845887251],[51.39883943970211,10.680271648019756],[51.378182874031545,10.682324653689504],[51.34866293444515,10.682459840557883],[51.34747992558866,10.683202142088936],[51.33918006201271,10.712187234299376],[51.32719346440607,10.86925001565841],[51.32012927142393,10.973976266590007],[51.327603637393466,10.98699887824251],[51.33274710113406,10.998221890184071],[51.34890714146112,11.01489407731689],[51.36939148405798,11.045834424694837],[51.383749317721886,11.079926707970259],[51.39148997704925,11.116009598019097],[51.39234780311497,11.152853741886826],[51.3862914376316,11.189203575444058],[51.373525177443035,11.223820064275296],[51.354482304736216,11.2555229247411],[51.339425401697866,11.275985448864619],[51.31557793959358,11.30291829800099],[51.29275072893756,11.320867912387238],[51.30337626814774,11.343621195448511],[51.313424959127154,11.369835899849813],[51.32002684545536,11.391559176183478],[51.32718211036625,11.425761665540042],[51.328846281064315,11.439892606278521],[51.33317364088996,11.44548066898311],[51.35240714262428,11.46337902542285],[51.38725050980077,11.506068206690436],[51.39027246049781,11.511030708199621],[51.41128130543321,11.53395369160933],[51.4312344067694,11.566362216689447],[51.44461463086437,11.6018560159679],[51.45253579910112,11.631113852818247],[51.458940005543376,11.669521318048655],[51.45804029576921,11.696173086449551],[51.46348173119712,11.7096028291072],[51.46985984643525,11.733572488511692],[51.47752723138862,11.74979689618966],[51.49062088445971,11.786459433777566],[51.4962390778949,11.824885813486873],[51.49416710320977,11.863624517223228],[51.48448060022187,11.901211857213369],[51.46754309856732,11.936227235978588],[51.4439926655605,11.96734684194748],[51.414718105556126,11.99339375116372],[51.38082556103571,12.01338253125459],[51.3435967467094,12.026556642936082],[51.33205535678736,12.029432542648038],[51.32497519531771,12.032276488617116],[51.27520690057955,12.045351534015301],[51.25102347101922,12.048569402690799],[51.244798382669124,12.049053381668719],[51.199855358543964,12.066624701918432],[51.18031481266263,12.071673718111226],[51.12841825368837,12.078267038070882],[51.11042560408825,12.078270036735127],[51.099154383808916,12.087263601371545],[51.06656952909179,12.108493134330942],[51.03041235555517,12.123209475143911],[50.99202087352482,12.130867669997171],[50.940001576925816,12.136210709736607],[50.91315272001481,12.154151869064385],[50.88079008610504,12.171771732133097],[50.84568088994153,12.183351034956997],[50.80898747297101,12.188506161646089],[50.77192503324064,12.187066111456366],[50.746028118990544,12.183732909286878],[50.699247725248554,12.172078381540173],[50.69182387782323,12.168240866043156],[50.68323972357903,12.166461937166357],[50.644325434502065,12.154312077902631],[50.641674453403105,12.153187804893102],[50.61261037439517,12.152029733821001],[50.57203054483485,12.142056348179018],[50.53435894145846,12.12419300470244],[50.52971803135084,12.121385116098491],[50.5195271731894,12.112998081613634],[50.514159914651266,12.11163225393162],[50.500236470128776,12.10613784857759],[50.46812435207977,12.09011178319968],[50.43937747486441,12.068811626470332],[50.42464556239429,12.055745330441313],[50.39886689373099,12.028175830437783],[50.37624587071972,11.998910827820795],[50.353960627098196,11.962677905460634],[50.3448524960582,11.943549014670987],[50.334061917138335,11.915613242129552],[50.32756235921927,11.894042811408806],[50.32226719571193,11.871902128603754],[50.320581218210826,11.862464562529125],[50.31808753379101,11.8599841605898],[50.285710957464005,11.849436573847541],[50.244115701379435,11.823759663838057],[50.18021423015881,11.772827173287483],[50.173555072906616,11.771090051019637],[50.1490397819293,11.761966883830757],[50.132890289611495,11.760979973721868],[50.09991887701942,11.753463513241703],[50.068659084353044,11.740701170301168],[50.057912194170086,11.735247524743762],[50.02235374801889,11.710630453572382],[49.98525201422599,11.710063814958351],[49.96720289780235,11.713965481305465],[49.95987374967975,11.71457630713045],[49.916672005434805,11.713662676045898],[49.874618306991074,11.703828952936334],[49.866883184067824,11.70114328416411],[49.83750093397889,11.68588358851497],[49.822836031610656,11.680648679376455],[49.81397912666294,11.675890769486879],[49.78722713496231,11.665441448544412],[49.78155853861632,11.661807434736428],[49.75035552805775,11.6651063413472],[49.73235283726214,11.669123664622191],[49.6798937943985,11.673962855122198],[49.66841304854537,11.673556477067748],[49.61572343847642,11.664811662758074],[49.60644037010901,11.662004009066774],[49.604913736414076,11.661352599725165],[49.58456201179601,11.66090503475435],[49.561762594905886,11.659196810202106],[49.50759171450844,11.647722191410804],[49.48935219988351,11.641210431732492],[49.45667279263094,11.626211569024726],[49.42719292391049,11.605797682882681],[49.40183743666298,11.58060923657403],[49.387678415439936,11.56379914112573],[49.378011447182374,11.549465070216401],[49.356749828883956,11.537284601826874],[49.33976720423225,11.54207997259397],[49.298172678724626,11.545133833389897],[49.25680078747952,11.539797865295858],[49.21739195065293,11.526296142735136],[49.18160370944065,11.50519614641612],[49.17142889685735,11.497706679470916],[49.16163924469777,11.48926649440572],[49.07194604411147,11.473077326581654],[49.06986921140318,11.472691289727846],[48.951331871645884,11.45001416983146],[48.92695334289606,11.448541197025785],[48.889029937507566,11.4426881304489],[48.85289030554248,11.429948185781987],[48.8198216554117,11.410774849540747],[48.79100135105456,11.385850683876711],[48.767454855966044,11.35606295319681],[48.750019197162224,11.322471945968719],[48.745521836466565,11.307265518822087],[48.762462,11.301011],[48.800629,11.279039],[48.888845,11.250556],[48.904063,11.247748],[48.921153,11.248033],[48.939112,11.24913],[48.976817,11.25141],[49.108409,11.276597],[49.239594,11.300279],[49.278087,11.316962],[49.293305,11.337958],[49.303477,11.345445],[49.315929,11.340522],[49.32545,11.33511],[49.335704,11.334621],[49.400076,11.340522],[49.4192,11.344794],[49.435069,11.35106],[49.488617,11.381741],[49.507335,11.385199],[49.521739,11.393785],[49.544444,11.436713],[49.558604,11.453518],[49.576834,11.460028],[49.59962,11.461737],[49.644542,11.460354],[49.650076,11.462144],[49.666026,11.471137],[49.675304,11.473944],[49.686778,11.474351],[49.716319,11.46776],[49.804861,11.458401],[49.851248,11.464911],[49.880707,11.488227],[49.88852,11.487291],[49.906423,11.498725],[49.917979,11.501899],[49.921886,11.503852],[49.934418,11.512885],[49.942149,11.51557],[49.949474,11.51496],[49.956309,11.512519],[49.961111,11.509955],[49.962657,11.508734],[50.053884,11.511379],[50.07252,11.508734],[50.131521,11.539944],[50.151134,11.557929],[50.161876,11.563381],[50.197602,11.562649],[50.206554,11.566799],[50.214366,11.572659],[50.225434,11.578111],[50.268321,11.589301],[50.28891,11.602444],[50.372325,11.668931],[50.418142,11.678046],[50.437022,11.690619],[50.470388,11.727851],[50.500824,11.754828],[50.512706,11.771226],[50.517589,11.79267],[50.518891,11.815253],[50.52296,11.837958],[50.52947,11.859524],[50.538585,11.878648],[50.561209,11.907904],[50.575938,11.920966],[50.589854,11.926459],[50.602061,11.927965],[50.627452,11.940131],[50.632091,11.946763],[50.636485,11.951606],[50.641124,11.954413],[50.647146,11.954047],[50.655935,11.948432],[50.661469,11.947577],[50.682953,11.953355],[50.724864,11.971137],[50.761567,11.978746],[50.771983,11.985785],[50.797864,11.989119],[50.867055,11.942891],[50.970083,11.932323],[51.029307,11.885077],[51.048839,11.878648],[51.127696,11.878648],[51.147227,11.873603],[51.181163,11.855373],[51.199718,11.851304],[51.222911,11.850775],[51.247081,11.847561],[51.267345,11.839423],[51.292698,11.833108],[51.277354,11.800605],[51.266381,11.759286],[51.249359,11.728775],[51.255708,11.681655],[51.247801,11.652391],[51.22954,11.635897],[51.212529,11.607947],[51.181245,11.578829],[51.148123,11.536038],[51.124766,11.511786],[51.12086,11.505316],[51.121918,11.494127],[51.126638,11.478827],[51.127696,11.470893],[51.125011,11.447984],[51.118419,11.426256],[51.086192,11.357164],[51.081309,11.341498],[51.079356,11.275946],[51.07252,11.233791],[51.085948,11.187974],[51.130945,11.160752],[51.17444,11.158764],[51.189504,11.138306],[51.164399,11.116767],[51.142263,11.068427],[51.131358,11.052883],[51.12379,11.038764],[51.118337,11.016913],[51.115082,10.993354],[51.124522,10.85456],[51.138194,10.676744],[51.160655,10.598456],[51.154307,10.587714],[51.131358,10.58393],[51.107432,10.576565],[51.101899,10.55858],[51.107188,10.515041],[51.102224,10.494696],[51.092296,10.482164],[51.076915,10.475816],[51.055675,10.474066],[51.035818,10.467515],[51.018321,10.452094],[51.010102,10.434027],[51.018403,10.41942],[51.038097,10.416083],[51.19044,10.446112],[51.200938,10.44477],[51.211925,10.44184],[51.220388,10.442043],[51.223888,10.449856],[51.219574,10.461005],[51.210216,10.467108],[51.200857,10.471503],[51.196544,10.477444],[51.195811,10.500312],[51.193044,10.521186],[51.186778,10.541571],[51.176117,10.562812],[51.191742,10.548977],[51.20734,10.538096],[51.220647,10.524928],[51.237966,10.515024],[51.24662,10.50909],[51.257942,10.503801],[51.280556,10.48733],[51.292532,10.480075],[51.3112,10.476055],[51.325879,10.47268],[51.335871,10.474614],[51.345875,10.480494],[51.35721,10.48374],[51.377856,10.48169],[51.395173,10.479023],[51.403077,10.456707],[51.417038,10.447485],[51.410965,10.429814],[51.397509,10.395793],[51.38502,10.391506],[51.380154,10.387339],[51.372569,10.381415],[51.37608,10.367693],[51.367419,10.367726],[51.349458,10.375002],[51.336131,10.374395],[51.320079,10.378485],[51.300831,10.372566],[51.272873,10.377905],[51.265391,10.396877],[51.26295,10.408596],[51.256602,10.420315],[51.240977,10.425605],[51.090099,10.407313],[51.017125,10.381916],[50.927389,10.327844],[50.90988,10.295635],[50.901703,10.234442],[50.912814,10.176853],[50.8838,10.101264],[50.888682,10.05565],[50.900401,10.024075],[50.901703,10.011664],[50.89975,10.000718],[50.890798,9.986029],[50.877696,9.916653],[50.881196,9.905463],[50.86964,9.884467],[50.863129,9.866034],[50.854015,9.816107],[50.840587,9.779771],[50.833263,9.768785],[50.838634,9.740912],[50.836925,9.73078],[50.831716,9.712063],[50.824474,9.651068],[50.806163,9.624457],[50.805512,9.59394],[50.812999,9.541164],[50.836762,9.477037],[50.840343,9.456122],[50.837413,9.437201],[50.830333,9.419623],[50.768321,9.319281],[50.748302,9.303534],[50.706309,9.285712],[50.689464,9.274848],[50.676768,9.259182],[50.646983,9.211371],[50.641124,9.196357],[50.649181,9.132514],[50.648448,9.110419],[50.633637,9.073188],[50.604503,9.037909],[50.494884,8.951972],[50.464122,8.920559],[50.439708,8.88817],[50.422048,8.857123],[50.40797,8.816352],[50.389822,8.733547],[50.374278,8.698879],[50.326508,8.641099],[50.319591,8.620347],[50.322602,8.55976],[50.319591,8.541815],[50.303477,8.504584],[50.290212,8.486762],[50.274913,8.479153],[50.256196,8.472561],[50.246104,8.456448],[50.239106,8.436347],[50.230154,8.41767],[50.166026,8.33336],[50.156423,8.320624],[50.141368,8.287991],[50.113048,8.19953],[50.091075,8.161038],[50.058279,8.130316],[49.929373,8.051744],[49.842052,7.962714],[49.824229,7.933905],[49.812511,7.897528],[49.803233,7.82689],[49.808604,7.815009],[49.823416,7.805325],[49.827647,7.782904],[49.825043,7.757758],[49.819347,7.739936],[49.790782,7.69953],[49.760916,7.667304],[49.752208,7.650295],[49.748302,7.606635],[49.744151,7.589057],[49.640798,7.409125],[49.586599,7.314765],[49.520518,7.239651],[49.367035,7.025702],[49.293224,6.880927],[49.247325,6.810614],[49.197927,6.67357],[49.074718,6.415269],[49.072032,6.393297],[49.074067,6.370795],[49.083507,6.329047],[49.085623,6.307359],[49.0713,6.219916],[49.036143,6.144232],[48.951491,5.99872],[48.850108,5.824449],[48.695811,5.587348],[48.646739,5.480048],[48.620128,5.443996],[48.548106,5.375067],[48.448009,5.208726],[48.328868,5.079657],[48.202403,4.908922],[48.055675,4.612942],[47.948497,4.457099],[47.840587,4.341376],[47.577973,4.059882],[47.489268,3.936347],[47.335623,3.778754],[47.206716,3.644599],[47.039806,3.469265],[47.01295,3.441067],[46.834239,3.232489],[46.700043,3.113267],[46.625743,3.023912],[46.487804,2.90884],[46.414317,2.833441],[46.351573,2.788642],[46.34962,2.780178],[46.3449,2.770087],[46.339203,2.761705],[46.334483,2.758246],[46.317638,2.751899],[46.307628,2.736029],[46.299815,2.715766],[46.289399,2.696234],[46.275401,2.685858],[46.236501,2.667629],[46.142345,2.568915],[46.13087,2.554023],[46.114513,2.523261],[46.104991,2.510565],[46.062999,2.484036],[46.047618,2.455064],[46.027029,2.438137],[45.826345,2.308824],[45.711925,2.24433],[45.605642,2.183051],[45.266205,1.987291],[45.232188,1.967678],[45.210704,1.963121],[45.199718,1.959621],[45.001475,1.86636],[44.831554,1.749701],[44.823985,1.740302],[44.812185,1.735582],[44.67628,1.6376],[44.550059,1.559068],[44.332774,1.38996],[44.221365,1.275621],[44.198416,1.265692],[44.157888,1.24079],[44.145518,1.22956],[44.1421,1.221381],[44.139659,1.211168],[44.138031,1.191596],[44.133962,1.187567],[44.115001,1.182034],[44.11085,1.17829],[44.10377,1.168362],[44.032888,1.09748],[44.012543,1.084215],[43.990977,1.078599],[43.97877,1.068671],[43.932628,1.009833],[43.819835,0.949449],[43.781912,0.921617],[43.734223,0.854967],[43.717296,0.845282],[43.703461,0.840522],[43.658946,0.804918],[43.467621,0.620551],[43.285492,0.414984],[43.184906,0.31627],[43.09018,0.223375],[42.891124,0.003079],[42.770274,-0.129327],[42.712087,-0.17669],[42.647797,-0.228936],[42.580333,-0.29754],[42.555919,-0.332127],[42.553559,-0.34238],[42.553966,-0.351251],[42.550792,-0.357599],[42.526622,-0.362726],[42.519298,-0.369317],[42.479747,-0.422052],[42.474457,-0.438653],[42.486501,-0.449395],[42.47641,-0.465997],[42.47283,-0.469903],[42.472911,-0.4638],[42.472423,-0.458673],[42.47047,-0.454034],[42.465994,-0.449395],[42.412608,-0.490981],[42.404552,-0.500909],[42.39796,-0.517348],[42.38266,-0.535252],[42.349864,-0.565606],[42.250255,-0.685642],[42.246755,-0.694268],[42.246755,-0.701918],[42.245291,-0.707452],[42.236339,-0.709568],[42.232595,-0.713067],[42.192231,-0.776137],[42.166515,-0.802667],[42.151622,-0.813897],[42.135509,-0.82171],[42.116466,-0.826267],[42.086599,-0.825616],[42.071544,-0.828709],[42.062511,-0.839288],[42.081716,-0.843438],[42.080903,-0.862888],[42.071951,-0.884454],[42.065684,-0.894464],[42.051443,-0.902032],[42.036957,-0.920017],[42.025564,-0.941583],[42.020844,-0.960056],[42.016368,-0.968032],[41.983165,-0.994073],[41.971934,-0.99977],[41.967947,-0.992852],[41.963634,-0.95086],[41.964692,-0.911554],[41.958832,-0.894464],[41.95281,-0.894464],[41.955414,-0.909601],[41.952403,-0.920831],[41.94752,-0.930841],[41.94516,-0.942966],[41.946462,-0.954767],[41.951427,-0.969415],[41.95281,-0.980401],[41.955577,-0.992934],[41.96225,-0.998956],[41.969249,-1.003188],[41.973155,-1.011163],[41.97169,-1.023614],[41.961436,-1.044122],[41.958832,-1.055841],[41.953461,-1.068617],[41.930024,-1.089939],[41.924653,-1.097101],[41.923025,-1.110121],[41.918305,-1.121026],[41.911632,-1.130955],[41.873871,-1.176039],[41.869477,-1.186212],[41.872895,-1.195489],[41.880707,-1.19492],[41.890147,-1.189386],[41.897472,-1.183201],[41.885427,-1.209649],[41.862804,-1.212335],[41.84197,-1.196954],[41.835297,-1.168878],[41.829112,-1.168878],[41.830251,-1.189223],[41.84197,-1.224867],[41.842784,-1.24391],[41.836599,-1.262302],[41.73227,-1.431085],[41.708751,-1.460056],[41.689708,-1.489516],[41.65211,-1.565118],[41.633311,-1.580336],[41.610606,-1.593194],[41.575043,-1.652602],[41.554861,-1.669692],[41.561046,-1.669692],[41.535085,-1.696303],[41.534516,-1.696873],[41.458344,-1.774835],[41.422374,-1.829767],[41.417654,-1.847263],[41.41063756218761,-1.8515891604601993]]],[[[41.6365316944641,3.970637882429159],[41.642967,3.969449],[41.6365316944641,3.9706378824291604],[41.6365316944641,3.970637882429159]]]]}},{"type":"Feature","properties":{"name":"JWLA 033 - Cabo Delgado / N.Mozambique","source":"12NM buffer from country boundary"},"geometry":{"type":"Polygon","coordinates":[[[40.32199698518358,-10.3118702786779],[40.338715,-10.34881],[40.348806,-10.358087],[40.351329,-10.356378],[40.38502,-10.363051],[40.389822,-10.364923],[40.42213,-10.355645],[40.426768,-10.33587],[40.414806,-10.320408],[40.397227,-10.323907],[40.392589,-10.312107],[40.396007,-10.303481],[40.405121,-10.298435],[40.417735,-10.296645],[40.427013,-10.300063],[40.431407,-10.308282],[40.434825,-10.318455],[40.440684,-10.327325],[40.449392,-10.345392],[40.440196,-10.361423],[40.423676,-10.37656],[40.410899,-10.392267],[40.417247,-10.391697],[40.430512,-10.392755],[40.43686,-10.392267],[40.426036,-10.426202],[40.424571,-10.437188],[40.427257,-10.444757],[40.432872,-10.452325],[40.437511,-10.461602],[40.43686,-10.474786],[40.453949,-10.469008],[40.469412,-10.472589],[40.475434,-10.48268],[40.464854,-10.495864],[40.483735,-10.500095],[40.510509,-10.477716],[40.527029,-10.488458],[40.532074,-10.509454],[40.521495,-10.526137],[40.506602,-10.539321],[40.499034,-10.55047],[40.506602,-10.566339],[40.52475,-10.572931],[40.545584,-10.576918],[40.561046,-10.584649],[40.568126,-10.599786],[40.570486,-10.633884],[40.57781,-10.649835],[40.592133,-10.657892],[40.631358,-10.662856],[40.646739,-10.670343],[40.654959,-10.686944],[40.640391,-10.691339],[40.602061,-10.687677],[40.569835,-10.69671],[40.485362,-10.76214],[40.492198,-10.79697],[40.500011,-10.791599],[40.505626,-10.785414],[40.509613,-10.778416],[40.512706,-10.769627],[40.531993,-10.785821],[40.602061,-10.820489],[40.620291,-10.840916],[40.601573,-10.859959],[40.546723,-10.885675],[40.528575,-10.901951],[40.508311,-10.927667],[40.496104,-10.955743],[40.506602,-10.992771],[40.498383,-11.027276],[40.506521,-11.037205],[40.517914,-11.034438],[40.531016,-11.009535],[40.540538,-11.003106],[40.566091,-11.01393],[40.565766,-11.042413],[40.552013,-11.074314],[40.536876,-11.095147],[40.504893,-11.128595],[40.499034,-11.139581],[40.498383,-11.15252],[40.50587,-11.177504],[40.506521,-11.187433],[40.494151,-11.204767],[40.427582,-11.252862],[40.420095,-11.265883],[40.405447,-11.300714],[40.397227,-11.310805],[40.384451,-11.315199],[40.360525,-11.315199],[40.348806,-11.317071],[40.35906,-11.332127],[40.367686,-11.351251],[40.375499,-11.358657],[40.382986,-11.338149],[40.398123,-11.346856],[40.413829,-11.361505],[40.427501,-11.377862],[40.43686,-11.392185],[40.465831,-11.385186],[40.471365,-11.416762],[40.465099,-11.450372],[40.458018,-11.489028],[40.44752,-11.520115],[40.439464,-11.533787],[40.427582,-11.547296],[40.42335,-11.563165],[40.435069,-11.578709],[40.45045,-11.592869],[40.458018,-11.605076],[40.451996,-11.616306],[40.429454,-11.641534],[40.427582,-11.650079],[40.438324,-11.664646],[40.44158,-11.676365],[40.444347,-11.708754],[40.448985,-11.728448],[40.467459,-11.745864],[40.470714,-11.751235],[40.472016,-11.757582],[40.473806,-11.806248],[40.479503,-11.823419],[40.492198,-11.839044],[40.500824,-11.834242],[40.506196,-11.833266],[40.520193,-11.839044],[40.493012,-11.866143],[40.486176,-11.895196],[40.493012,-11.925063],[40.506521,-11.954522],[40.536876,-11.99684],[40.536876,-12.006036],[40.521821,-12.021742],[40.515473,-12.032159],[40.512706,-12.064386],[40.500824,-12.112481],[40.499034,-12.12656],[40.50294,-12.144301],[40.521332,-12.171808],[40.527029,-12.187921],[40.524913,-12.204522],[40.517345,-12.22503],[40.50587,-12.242608],[40.492198,-12.250095],[40.477875,-12.245782],[40.463715,-12.239923],[40.453624,-12.242608],[40.451182,-12.263604],[40.475841,-12.258071],[40.497813,-12.274184],[40.513682,-12.300551],[40.520193,-12.325779],[40.5171,-12.339614],[40.510753,-12.351739],[40.506521,-12.364353],[40.509532,-12.380304],[40.518321,-12.388442],[40.532074,-12.39072],[40.561046,-12.38714],[40.558116,-12.397556],[40.552257,-12.405938],[40.544119,-12.411798],[40.521169,-12.417576],[40.514659,-12.42669],[40.506521,-12.447931],[40.480317,-12.484308],[40.478201,-12.501072],[40.492198,-12.51686],[40.502778,-12.521417],[40.514903,-12.52337],[40.556895,-12.525323],[40.562022,-12.530043],[40.561046,-12.598565],[40.564789,-12.613051],[40.573741,-12.619399],[40.585134,-12.622247],[40.614106,-12.636814],[40.61964,-12.645115],[40.612641,-12.657485],[40.602712,-12.658949],[40.585623,-12.639825],[40.574718,-12.639825],[40.568044,-12.649591],[40.568696,-12.662286],[40.578136,-12.706313],[40.586436,-12.706638],[40.597423,-12.700942],[40.608897,-12.701837],[40.616059,-12.712172],[40.624522,-12.738214],[40.629405,-12.743422],[40.641449,-12.74684],[40.646821,-12.755304],[40.646821,-12.76629],[40.643077,-12.77752],[40.626964,-12.793634],[40.605479,-12.798272],[40.583995,-12.792657],[40.567882,-12.77752],[40.567068,-12.785577],[40.568858,-12.795587],[40.571951,-12.803399],[40.574718,-12.804864],[40.560069,-12.813897],[40.531993,-12.811456],[40.527029,-12.818943],[40.533214,-12.827325],[40.545584,-12.835219],[40.554454,-12.846856],[40.550548,-12.866388],[40.539317,-12.892999],[40.533214,-12.901056],[40.524425,-12.909356],[40.521739,-12.910252],[40.519379,-12.906427],[40.512706,-12.901056],[40.513682,-12.892673],[40.510265,-12.886],[40.499034,-12.880548],[40.490245,-12.879653],[40.48406,-12.88128],[40.455333,-12.896173],[40.434906,-12.910333],[40.417979,-12.926853],[40.410899,-12.942071],[40.412608,-12.961033],[40.417735,-12.971856],[40.468272,-13.017022],[40.483409,-13.021905],[40.499034,-13.016534],[40.51238,-12.998956],[40.507091,-12.984796],[40.496267,-12.970961],[40.492198,-12.955011],[40.500173,-12.948012],[40.515473,-12.947442],[40.532074,-12.951593],[40.543712,-12.958429],[40.558116,-12.962335],[40.575043,-12.957778],[40.589203,-12.95794],[40.595225,-12.975681],[40.58961,-13.008071],[40.565684,-13.066013],[40.561046,-13.099054],[40.563487,-13.116876],[40.572765,-13.150567],[40.574718,-13.168064],[40.567882,-13.243341],[40.562266,-13.262872],[40.54949,-13.274509],[40.535492,-13.284356],[40.527029,-13.298272],[40.529633,-13.310235],[40.542817,-13.305271],[40.567882,-13.284763],[40.567882,-13.366632],[40.57252,-13.364841],[40.583751,-13.362237],[40.58839,-13.360447],[40.584483,-13.383233],[40.55421,-13.415134],[40.546723,-13.431817],[40.544688,-13.474705],[40.538748,-13.495538],[40.53525593522105,-13.5],[40.78840629238234,-13.5],[40.78476574294627,-13.488053216413034],[40.77108395247308,-13.463807362553846],[40.776604311403126,-13.452821166475498],[40.78686163303273,-13.415486883476422],[40.79074681336896,-13.392699146948303],[40.79343763619492,-13.35452542627931],[40.788598935041456,-13.316572899783317],[40.77641218757256,-13.280234670297158],[40.77174821796428,-13.272075707271657],[40.77111620080487,-13.265646022317172],[40.77211445490257,-13.260294979771984],[40.77887808403965,-13.185018488022276],[40.778438274760994,-13.145852473009407],[40.77646932157002,-13.12835914979096],[40.77138877365593,-13.102068635095854],[40.779630012991305,-13.08206235896544],[40.79156481420784,-13.040699841327987],[40.79714940050783,-13.008307354641696],[40.799379556234236,-12.959879280865009],[40.79023841866987,-12.915594452760187],[40.81813634415139,-12.880368255843129],[40.83765210190096,-12.838678583081451],[40.84138645509704,-12.827445967078756],[40.84888353863366,-12.796900120845002],[40.85138312583252,-12.765599936736379],[40.851372888226464,-12.754615046827993],[40.84786514583538,-12.71799163115749],[40.837531106269644,-12.682638714114189],[40.823022506240584,-12.654252960513919],[40.823955084952935,-12.637356267229013],[40.81931637304988,-12.601723501989659],[40.80821171797791,-12.567499329569634],[40.79100336719329,-12.535791555375917],[40.7854666012634,-12.527495601999727],[40.763829151793544,-12.500486979944046],[40.76337568210412,-12.500087328870684],[40.76254084338224,-12.491085628850174],[40.7520946583634,-12.45778561422247],[40.755065124289565,-12.449839397943098],[40.757986058328484,-12.43942150069274],[40.7647373918242,-12.400856814769686],[40.76367180556454,-12.361769657828507],[40.754834201374315,-12.323659502917094],[40.738567165350375,-12.287987522103856],[40.71936732193748,-12.261467408329516],[40.7274123082727,-12.228512828465245],[40.729513210929795,-12.211911342869112],[40.72993281153522,-12.166410547077547],[40.719814927410084,-12.122032025850869],[40.7141069129415,-12.105925690700344],[40.71328120273348,-12.104282272638319],[40.726444544740666,-12.07894740592985],[40.73715448303404,-12.042768398583394],[40.74074372489051,-12.00528732743476],[40.740735495111444,-11.996092237391306],[40.736481777613875,-11.95570721114083],[40.72397136561694,-11.917027956900874],[40.71345597345996,-11.89865718963446],[40.72012336540216,-11.876788506059178],[40.723911746547145,-11.838135889079526],[40.719998124286555,-11.799521335844117],[40.70853415821897,-11.76240419567317],[40.68995627958422,-11.728186482373438],[40.667298576706564,-11.700960270485732],[40.660754148932035,-11.678941989774792],[40.65249545905369,-11.662278278012042],[40.65371602349218,-11.659286410439362],[40.6610049510634,-11.61881807576133],[40.65970193956095,-11.577772315775263],[40.65215866260178,-11.54718308954816],[40.658246353146964,-11.523602641840043],[40.66523808942894,-11.485249726989045],[40.671418298599924,-11.45194296693948],[40.674711627646964,-11.417045774244496],[40.6717425528855,-11.382142864632572],[40.666183505039356,-11.350575144120798],[40.65797040859791,-11.321849749941807],[40.660438772902175,-11.318924718862142],[40.672800576132474,-11.301581552182645],[40.69470681672482,-11.262027990251703],[40.707060666513705,-11.218694688472963],[40.707833957161505,-11.202760852768394],[40.717185038072834,-11.189875522247194],[40.73898391093934,-11.151559127646783],[40.752713836688784,-11.119648209035002],[40.764521229957055,-11.082486264524478],[40.76878225811452,-11.043806947027287],[40.7690830263512,-11.015326466714352],[40.76588596318342,-10.979402553452477],[40.765934709357616,-10.979352912953935],[40.78956755569637,-10.950325590828673],[40.807340985735145,-10.917516977818481],[40.81864266200044,-10.88206267602335],[40.82308472187476,-10.845189165223236],[40.820516790047606,-10.808171299935092],[40.8189400665139,-10.802208140663259],[40.83214252162713,-10.783305177435983],[40.847701968551284,-10.748126840710018],[40.85615733326947,-10.710697888411024],[40.85720049063499,-10.672397563273757],[40.850796500357745,-10.634636409783242],[40.83718438486351,-10.598804363984037],[40.82895645508247,-10.582211631677506],[40.805376190715656,-10.545482146971935],[40.77426002352884,-10.514691424324141],[40.74098532080428,-10.493754521512345],[40.731271491252755,-10.477926549599482],[40.72917680843516,-10.46263218488055],[40.72411693151454,-10.441642803574616],[40.71189452836006,-10.406179079005927],[40.69315487749308,-10.373620231663129],[40.66856066571288,-10.345113581254902],[40.638980038848075,-10.321663322996141],[40.622468100803275,-10.310929334243045],[40.58974252314147,-10.293686875757986],[40.55435100460295,-10.282643408647376],[40.517484160784456,-10.278170537045677],[40.51646425273332,-10.278232431086728],[40.516449249110444,-10.27822733649372],[40.50099839396669,-10.274648438728503],[40.463548231886605,-10.269553516456828],[40.42576286107952,-10.271418854507278],[40.38895906144203,-10.280179829892665],[40.3718805453926,-10.285951246379154],[40.33733291738172,-10.301304097970126],[40.32199698518358,-10.3118702786779]]]}},{"type":"Feature","properties":{"name":"JWLA 033 - Nigeria (Coastal 12NM)","source":"12NM buffer from country boundary"},"geometry":{"type":"MultiPolygon","coordinates":[[[[2.5045165892315606,6.349842806768887],[2.506026865629694,6.332529097294967],[2.516020720547718,6.296952654754832],[2.5324537596908305,6.263825918136926],[2.554761581100012,6.234284348899332],[2.582178860876016,6.20934041062302],[2.6137656055087253,6.189848972219372],[2.648439313911914,6.176478098075254],[2.6850119584505325,6.169686211786986],[2.7222305376397906,6.169706406398518],[2.931788899358123,6.1891087107596805],[3.072047585065152,6.182187759094172],[3.1052875167314866,6.183276818237261],[3.220758210702519,6.196595353077256],[3.3162885832783453,6.192070471955874],[3.347498078839728,6.192999175465619],[3.405824106013087,6.1992560521634825],[3.446598124588679,6.207944333951322],[3.4535261573702365,6.211008316680812],[3.8666220938481604,6.231576435441576],[4.0988025178373535,6.212218813379261],[4.305076060931093,6.174261997764733],[4.34563315484946,6.166782271432682],[4.411714121594011,6.137824807231459],[4.411987790824423,6.137705090207426],[4.413518272609675,6.137036925932006],[4.423076889929842,6.130928776038924],[4.47104480011026,6.086148336256034],[4.500993367347241,6.063065172190055],[4.534104186883001,6.042198545085861],[4.53437947974519,6.042025342991117],[4.59960238204606,6.00105331767707],[4.611291872859857,5.991637646189291],[4.623744717635372,5.978680493853251],[4.638385312513811,5.955785751468822],[4.6573841786616,5.930684465440273],[4.675612473668143,5.91018341195273],[4.708080542758276,5.880863526665991],[4.746182625712885,5.859261366774305],[4.746314977367983,5.859204377262003],[4.834050486271176,5.745547339220898],[4.8619358180075904,5.684594502881974],[4.883421628156722,5.648339101337526],[4.9083067395849875,5.621448681207568],[4.909974674355375,5.617458284402078],[4.91917435310305,5.599600093975088],[4.92461715788816,5.590451706408573],[4.926320596898242,5.585375907414701],[4.944463536482803,5.54609690534495],[4.9569176972870075,5.525391875479436],[4.972559900511633,5.503012141485148],[4.988266359754913,5.483528419790826],[4.997274516763389,5.473996470747585],[5.0008909963975565,5.457552274934051],[5.008303289201053,5.436153905012932],[5.026044041436602,5.398330116929082],[5.051298793773608,5.365015007951878],[5.082963045616635,5.337663990125896],[5.091276721184269,5.331881314832637],[5.107941163827972,5.309613919691483],[5.112661028275112,5.304285669524016],[5.1379954407118404,5.280280940983443],[5.151045729360542,5.2716603173061145],[5.162740848124351,5.221432753239461],[5.164513390470812,5.203201312953425],[5.163376822763504,5.182004472690534],[5.168660180645797,5.124603586450551],[5.170616851247122,5.116507989831309],[5.1853041609133514,5.075781468386893],[5.196244676103775,5.05848354880603],[5.204640067183878,5.031810893537693],[5.218488785444501,5.006308768735617],[5.219861195590707,5.000722728955089],[5.22523638374894,4.985589946973368],[5.233974574950301,4.964802742132724],[5.239052466342691,4.9544120779546725],[5.24431584299328,4.926745626892243],[5.252517399179251,4.896682698373833],[5.276213444740201,4.830664546477207],[5.276269218207503,4.825098231197019],[5.284782028355838,4.785704463818554],[5.301055077121535,4.748827214524178],[5.321168011015546,4.720546821115259],[5.329816734982994,4.705692038857071],[5.343391132367514,4.674742331171831],[5.354705993295318,4.655459566501377],[5.370681851858253,4.634572573678134],[5.371476467334358,4.631059081228939],[5.38421104680945,4.593043659619597],[5.404303094694404,4.558340539929648],[5.432300837305709,4.51957497661711],[5.457964522036719,4.49047926041077],[5.5507265286709435,4.4039188698857545],[5.559119119232615,4.397247935192984],[5.567616712130643,4.388545297497526],[5.580966393418895,4.372201339798861],[5.602368440540627,4.349014702542033],[5.636275353202687,4.319695043734199],[5.637834932757962,4.318866853932123],[5.651281277608694,4.3047931337526775],[5.682577779612351,4.282640652078106],[5.70090096985928,4.272150758862572],[5.709055072507478,4.265314353333758],[5.710182574688401,4.263521353056024],[5.7399742498778,4.233111683602188],[5.762349639213218,4.214685853494332],[5.7904816032341495,4.195300957772997],[5.810191183806279,4.186207504200966],[5.822046333407703,4.17731705457063],[5.837423714750345,4.167391432278972],[5.87919743251049,4.14687152233506],[5.907185046521094,4.140509188662567],[5.925477011096656,4.130614252910281],[5.959540402581142,4.119457185230402],[5.9631926798065535,4.118952560488339],[5.988899421058697,4.107262333340307],[6.000201129192559,4.104592794180248],[6.026714001838212,4.090865042900328],[6.042822804805969,4.084884913307498],[6.081446261859239,4.074790430047239],[6.12131774847694,4.072553338299149],[6.160850902291433,4.078262857780911],[6.164651857032376,4.079619784684627],[6.1992326074844675,4.081475938387209],[6.252899217071622,4.091809951314722],[6.2576844193553365,4.093432184104289],[6.259888468982501,4.0930909233585835],[6.300540892446742,4.095116110675933],[6.323207998689359,4.10097792223229],[6.341527229938743,4.1014788543819565],[6.379881492173424,4.106251954960433],[6.411356216564152,4.116569755071967],[6.411367660153578,4.116570478260396],[6.441409052082614,4.120766906066822],[6.464538905219822,4.127672569199792],[6.500630639062068,4.124232991295438],[6.533408277961415,4.123799574783188],[6.5658232283703395,4.128712081199559],[6.588155931685145,4.133992595778013],[6.602395701682573,4.131564798620858],[6.638202768013814,4.131922346330933],[6.654845327223821,4.133581368250727],[6.6741171444791725,4.133274833603185],[6.7088132935611675,4.135738865304505],[6.733666297438224,4.141940278691172],[6.756613767646974,4.139896590624714],[6.787825698729593,4.139555125893482],[6.827850710123931,4.142237436771379],[6.849827299648103,4.144933994694799],[6.8811490477723805,4.150545406680046],[6.912381229426799,4.158781288282367],[6.94188571368666,4.171922386492511],[6.949034722814392,4.175824302869164],[6.988525281349878,4.175663138319739],[6.990454555096478,4.176045760336869],[7.017101977481768,4.175024823229001],[7.053351311684419,4.180303095913502],[7.088036797353678,4.192085064468189],[7.09107403906601,4.1934373467319785],[7.129612556416933,4.18604082130342],[7.16353535176179,4.182989198423067],[7.222016723620211,4.1863146210653985],[7.311017786805858,4.204656085724649],[7.346774107826108,4.215578221881296],[7.360930488192357,4.221393479335601],[7.391224160131635,4.237042607443069],[7.419512735397018,4.235321735765777],[7.45220643239249,4.236002311164442],[7.469615337206991,4.237791085060078],[7.5169776861549105,4.248567804930391],[7.537994192286479,4.256122133226012],[7.5443417404993,4.255864502489469],[7.595948556931651,4.260465736375615],[7.613358876899085,4.264329665517258],[7.647427737904744,4.275152281066213],[7.679030137596876,4.291848393082317],[7.688501493673823,4.299269210082477],[7.713368328428137,4.297954979858029],[7.745745673639928,4.299621613609762],[7.786334311776815,4.305919216020473],[7.807893449937483,4.3115723680552325],[7.844422747827636,4.325056814521726],[7.848912926343691,4.327798193157502],[7.946827354296378,4.339148661426254],[7.979264051137626,4.339147776145314],[8.003961468546775,4.340671874181861],[8.02332362541024,4.343071531722828],[8.058354814934761,4.350637457580795],[8.069281669575679,4.355149613263925],[8.092911874381127,4.35342834830994],[8.167223364071516,4.3534285137027755],[8.212971161055467,4.3482650345766825],[8.23530472483446,4.34699799845771],[8.278826823809384,4.346956660814844],[8.315294385569139,4.350261243734119],[8.324813105973858,4.352010388919256],[8.375844532147601,4.3686919629565315],[8.385607127985176,4.373409970581574],[8.415572010473785,4.391261062623255],[8.441979924099538,4.4140317562912275],[8.464029006363292,4.44103120024709],[8.477652198671779,4.465370952884985],[8.491398471284668,4.477877380164158],[8.515843560936935,4.504808848835471],[8.524500738699537,4.504277813055474],[8.561143862145437,4.50880538377713],[8.572920051608909,4.512540403362732],[8.582693,4.523342],[8.593761,4.532782],[8.581716,4.538479],[8.570567,4.53856],[8.562673,4.533189],[8.556407,4.511705],[8.54835,4.507799],[8.537364,4.508531],[8.525564,4.511705],[8.510265,4.527045],[8.505056,4.55093],[8.509939,4.568834],[8.525564,4.566352],[8.530772,4.57925],[8.552094,4.614732],[8.538341,4.604641],[8.525727,4.604438],[8.516124,4.612982],[8.511241,4.629055],[8.513682,4.64232],[8.521169,4.655951],[8.538585,4.676215],[8.567638,4.69599],[8.573253,4.704088],[8.573578,4.716376],[8.569672,4.728339],[8.567638,4.74022],[8.573253,4.752509],[8.580089,4.745063],[8.576508,4.784654],[8.57838,4.804674],[8.590017,4.813381],[8.594168,4.815294],[8.594574,4.815497],[8.592459,4.820217],[8.585704,4.824897],[8.576671,4.827053],[8.568614,4.823188],[8.558116,4.814439],[8.549164,4.804185],[8.545258,4.796291],[8.543305,4.787502],[8.534434,4.768297],[8.531749,4.758124],[8.532563,4.748236],[8.539073,4.733791],[8.538585,4.724595],[8.529796,4.708889],[8.518321,4.704047],[8.504893,4.706122],[8.490001,4.711005],[8.485525,4.709784],[8.475841,4.70893],[8.469005,4.711656],[8.473318,4.721177],[8.47755,4.727769],[8.48227,4.738349],[8.484386,4.748196],[8.480154,4.752509],[8.471202,4.75023],[8.451834,4.740546],[8.438813,4.738267],[8.40919,4.749335],[8.4074,4.776842],[8.417247,4.812445],[8.421886,4.84748],[8.415701,4.84748],[8.409028,4.813381],[8.386974,4.795803],[8.358409,4.797349],[8.332367,4.820868],[8.335623,4.824693],[8.339854,4.834459],[8.332042,4.836412],[8.312022,4.84748],[8.31658,4.860989],[8.30836,4.872138],[8.281261,4.892483],[8.257335,4.905829],[8.256196,4.906724],[8.250499,4.923245],[8.239268,4.94477],[8.232107,4.953681],[8.219737,4.957343],[8.208751,4.962104],[8.196625,4.972846],[8.186697,4.984361],[8.181651,4.991441],[8.175466,4.991441],[8.175466,4.985297],[8.230235,4.933661],[8.243663,4.916409],[8.269705,4.86872],[8.273611,4.845445],[8.257335,4.834459],[8.263845,4.820746],[8.273936,4.804836],[8.28533,4.791571],[8.294932,4.786078],[8.304942,4.77733],[8.319998,4.734361],[8.332367,4.71776],[8.328949,4.711493],[8.320974,4.689154],[8.319509,4.679918],[8.323497,4.665595],[8.333181,4.65998],[8.344493,4.656562],[8.353526,4.648871],[8.356456,4.625556],[8.341075,4.611558],[8.321544,4.59984],[8.312022,4.583686],[8.29835,4.55329],[8.288585,4.54857],[8.279063,4.54682],[8.235525,4.546861],[8.178559,4.55329],[8.092947,4.55329],[8.05128,4.559394],[8.031993,4.558783],[7.998709,4.541409],[7.97934,4.539008],[7.935313,4.539008],[7.764496,4.519192],[7.755056,4.524807],[7.742361,4.526313],[7.730479,4.522366],[7.722911,4.511705],[7.733653,4.512193],[7.742931,4.511217],[7.750662,4.508775],[7.757091,4.504869],[7.735525,4.499213],[7.703136,4.497545],[7.673839,4.502183],[7.660899,4.515448],[7.646983,4.51911],[7.558442,4.525336],[7.561778,4.529527],[7.56365,4.532782],[7.566417,4.535712],[7.572032,4.539008],[7.559337,4.542914],[7.547618,4.541164],[7.539317,4.541815],[7.537364,4.55329],[7.540782,4.559149],[7.547618,4.563625],[7.554535,4.569485],[7.558442,4.579983],[7.555512,4.584906],[7.537364,4.607896],[7.540294,4.611762],[7.54477,4.621568],[7.529633,4.638861],[7.533051,4.664293],[7.551036,4.711005],[7.54477,4.711005],[7.533539,4.702704],[7.527843,4.698554],[7.520518,4.689765],[7.517426,4.679918],[7.519705,4.665107],[7.522797,4.65412],[7.522716,4.64411],[7.514415,4.632148],[7.514171,4.625922],[7.527843,4.609565],[7.531098,4.601142],[7.527843,4.598619],[7.511241,4.579983],[7.501964,4.572699],[7.490489,4.566311],[7.479177,4.565172],[7.469574,4.573798],[7.462738,4.573798],[7.454112,4.553168],[7.432384,4.555406],[7.397716,4.573798],[7.372732,4.575141],[7.34669,4.580308],[7.324555,4.590766],[7.312022,4.607896],[7.305919,4.604153],[7.299083,4.602037],[7.281016,4.601142],[7.277843,4.598049],[7.276622,4.591051],[7.273204,4.58393],[7.263682,4.579983],[7.263682,4.573798],[7.270274,4.569729],[7.277354,4.566352],[7.271169,4.560045],[7.284028,4.555406],[7.301036,4.541815],[7.32838,4.5362],[7.333263,4.529364],[7.331798,4.520494],[7.325694,4.511705],[7.281016,4.504869],[7.276134,4.510159],[7.253673,4.542711],[7.19044,4.61164],[7.181651,4.632148],[7.181651,4.65941],[7.178884,4.66885],[7.172374,4.668891],[7.158214,4.662014],[7.136404,4.661811],[7.133149,4.663153],[7.124848,4.672349],[7.106781,4.687079],[7.099132,4.697252],[7.082693,4.742743],[7.071788,4.758124],[7.070486,4.748358],[7.06544,4.738674],[7.060232,4.73192],[7.057628,4.730862],[7.060395,4.720689],[7.065684,4.71894],[7.072276,4.718085],[7.078624,4.711005],[7.088634,4.676459],[7.097911,4.661811],[7.116222,4.655707],[7.147227,4.640041],[7.169688,4.605943],[7.17335,4.572903],[7.147472,4.560045],[7.16033,4.55093],[7.175548,4.536444],[7.184581,4.519029],[7.178233,4.501451],[7.150645,4.470608],[7.133556,4.463039],[7.112804,4.471381],[7.112315,4.455878],[7.112804,4.450873],[7.094249,4.459377],[7.080577,4.470445],[7.074555,4.485256],[7.078624,4.504869],[7.065278,4.492987],[7.062673,4.476264],[7.068126,4.458482],[7.078624,4.443427],[7.051443,4.436591],[7.043956,4.436591],[7.031912,4.459906],[7.02589,4.484931],[7.023285,4.535875],[7.007009,4.563137],[7.002208,4.579901],[7.013438,4.587388],[7.017833,4.595608],[7.02296,4.614244],[7.025727,4.634914],[7.023285,4.648871],[7.028494,4.64643],[7.037771,4.644721],[7.043956,4.642646],[7.037364,4.653754],[7.017263,4.676215],[7.013031,4.687201],[7.008067,4.708808],[7.003591,4.71776],[6.984874,4.692084],[6.978526,4.692369],[6.974457,4.708645],[6.962657,4.730862],[6.957774,4.715522],[6.960216,4.691718],[6.955821,4.683661],[6.96697,4.667467],[6.989268,4.607896],[6.978852,4.607896],[6.971853,4.609076],[6.966645,4.612982],[6.962657,4.621568],[6.958669,4.618801],[6.948985,4.614732],[6.940196,4.634101],[6.929535,4.651068],[6.900564,4.683661],[6.902599,4.666938],[6.907481,4.653632],[6.92156,4.629055],[6.929861,4.618638],[6.933604,4.612494],[6.935313,4.60456],[6.931488,4.595933],[6.924571,4.591051],[6.921235,4.585191],[6.928477,4.573798],[6.938487,4.58926],[6.957042,4.594062],[6.974946,4.589667],[6.983084,4.57685],[6.973481,4.508002],[6.975597,4.484442],[7.010997,4.41413],[7.023692,4.398139],[7.022146,4.388495],[7.016287,4.378892],[7.006602,4.374579],[6.9935,4.376288],[6.982758,4.381049],[6.964122,4.389553],[6.964692,4.384996],[6.966075,4.380439],[6.969493,4.374579],[6.947439,4.381496],[6.925466,4.391547],[6.903087,4.396552],[6.880056,4.38817],[6.868663,4.399848],[6.86085,4.415717],[6.859223,4.433539],[6.866384,4.450873],[6.849294,4.459703],[6.833832,4.485907],[6.822927,4.517524],[6.818614,4.542711],[6.820486,4.560858],[6.82545,4.570746],[6.832286,4.577786],[6.839692,4.587388],[6.844249,4.59748],[6.848399,4.613593],[6.84547,4.628607],[6.828868,4.635199],[6.803233,4.649807],[6.785492,4.683295],[6.770193,4.745063],[6.767263,4.76968],[6.770681,4.782416],[6.781016,4.796291],[6.787852,4.808417],[6.78533,4.817043],[6.776215,4.817816],[6.763927,4.806545],[6.754405,4.817939],[6.751231,4.8251],[6.749685,4.834459],[6.741059,4.830146],[6.732758,4.828681],[6.724294,4.830146],[6.715587,4.834459],[6.719981,4.817532],[6.721934,4.799465],[6.726817,4.785102],[6.739513,4.779202],[6.748383,4.771674],[6.755626,4.753852],[6.763927,4.71776],[6.767833,4.680365],[6.772227,4.663031],[6.781016,4.655707],[6.793712,4.648993],[6.806814,4.633246],[6.82545,4.601142],[6.802989,4.581977],[6.798106,4.573798],[6.796153,4.559719],[6.816091,4.461371],[6.82602,4.431952],[6.839692,4.416083],[6.837576,4.39289],[6.857921,4.375312],[6.870779,4.360785],[6.845958,4.347235],[6.814626,4.34162],[6.774587,4.338935],[6.737559,4.342231],[6.715587,4.354682],[6.712576,4.369086],[6.716319,4.428127],[6.721202,4.43537],[6.722423,4.440009],[6.720225,4.445258],[6.710948,4.45307],[6.708751,4.457099],[6.708751,4.491889],[6.712413,4.508002],[6.734874,4.567816],[6.737071,4.578559],[6.736095,4.607896],[6.717133,4.584621],[6.701834,4.542548],[6.695079,4.497219],[6.701915,4.463935],[6.69752,4.455634],[6.697032,4.435981],[6.695079,4.422919],[6.68572,4.445461],[6.682628,4.459215],[6.679861,4.520575],[6.674571,4.532782],[6.670746,4.526028],[6.666189,4.52025],[6.660818,4.51557],[6.654063,4.511705],[6.659434,4.497545],[6.66033,4.450873],[6.664317,4.434638],[6.676443,4.412909],[6.684418,4.393704],[6.694509,4.359076],[6.695079,4.347235],[6.687673,4.336575],[6.677501,4.333075],[6.646658,4.333564],[6.6185,4.330756],[6.612641,4.336737],[6.601736,4.369045],[6.598806,4.39997],[6.600108,4.445502],[6.595876,4.482082],[6.580821,4.50788],[6.550466,4.504869],[6.57838,4.482856],[6.58839,4.447659],[6.584727,4.406928],[6.571544,4.368354],[6.569591,4.334906],[6.519867,4.323147],[6.461762,4.328681],[6.434337,4.347235],[6.420909,4.344875],[6.407725,4.34101],[6.415294,4.322252],[6.398936,4.315985],[6.373871,4.314399],[6.355479,4.309638],[6.336274,4.301215],[6.290294,4.299954],[6.270518,4.292629],[6.246837,4.320502],[6.2671,4.362982],[6.33253,4.436591],[6.319509,4.43769],[6.311371,4.439602],[6.305186,4.439927],[6.297211,4.436591],[6.263031,4.395657],[6.258474,4.44953],[6.242524,4.498033],[6.236339,4.498033],[6.235199,4.478176],[6.23699,4.452786],[6.24171,4.427924],[6.24936,4.409898],[6.239594,4.419623],[6.231212,4.430487],[6.2199,4.439399],[6.201671,4.443427],[6.212413,4.420111],[6.223318,4.404608],[6.230154,4.388007],[6.228852,4.361518],[6.222341,4.341946],[6.21518,4.327338],[6.208995,4.32274],[6.200694,4.320054],[6.194672,4.314195],[6.194835,4.300035],[6.20281,4.3039],[6.209158,4.3039],[6.222667,4.300035],[6.217052,4.290595],[6.188731,4.280992],[6.151622,4.278998],[6.126475,4.285793],[6.123057,4.280951],[6.116547,4.276353],[6.112804,4.272162],[6.09669,4.278144],[6.087738,4.288235],[6.084321,4.302314],[6.084972,4.320502],[6.089122,4.337144],[6.10255,4.360907],[6.105317,4.374579],[6.100759,4.372626],[6.089692,4.370022],[6.084972,4.368354],[6.085134,4.384101],[6.088715,4.411119],[6.07781,4.412299],[6.067393,4.414984],[6.055431,4.419867],[6.043305,4.416083],[6.040294,4.405911],[6.042166,4.391181],[6.04656,4.377021],[6.050792,4.368354],[6.04656,4.355211],[6.051931,4.344224],[6.060069,4.332424],[6.064464,4.316799],[6.061778,4.295233],[6.053966,4.296291],[6.042166,4.306627],[6.027029,4.313056],[6.004893,4.314114],[5.996918,4.319403],[5.995453,4.354682],[6.001475,4.356269],[6.003266,4.359198],[5.990245,4.378567],[5.988617,4.382025],[5.987478,4.398912],[5.988617,4.416083],[5.982595,4.416083],[5.975108,4.382025],[5.969981,4.38642],[5.9546,4.395657],[5.969737,4.361518],[5.97283,4.344794],[5.961436,4.333564],[5.9463,4.335191],[5.930919,4.34512],[5.918142,4.356187],[5.910167,4.361518],[5.889903,4.368842],[5.867524,4.387274],[5.855642,4.411607],[5.865896,4.436591],[5.854666,4.437486],[5.847504,4.434394],[5.844493,4.427191],[5.845388,4.416083],[5.839122,4.416083],[5.822765,4.432847],[5.7824,4.455959],[5.770274,4.471381],[5.777192,4.466986],[5.790375,4.461168],[5.797537,4.457099],[5.789806,4.469713],[5.77768,4.475531],[5.763682,4.478949],[5.749766,4.484442],[5.728363,4.507636],[5.720714,4.518256],[5.694021,4.5456],[5.687673,4.549872],[5.5949,4.636461],[5.566905,4.675238],[5.557302,4.71776],[5.561534,4.716376],[5.564626,4.715033],[5.571544,4.711005],[5.571462,4.72956],[5.52768,4.756496],[5.516368,4.775784],[5.511485,4.791815],[5.486339,4.835028],[5.475434,4.84748],[5.509532,4.827053],[5.500987,4.850898],[5.469005,4.886786],[5.441254,4.964179],[5.432384,5.010891],[5.427013,5.026272],[5.414236,5.052436],[5.408865,5.067572],[5.406505,5.084296],[5.403331,5.091864],[5.396251,5.099514],[5.389334,5.109768],[5.385997,5.125556],[5.39088,5.137681],[5.402843,5.142401],[5.418468,5.141262],[5.433849,5.136135],[5.444672,5.127102],[5.462738,5.102281],[5.475434,5.09455],[5.460216,5.133775],[5.454275,5.149115],[5.475597,5.14704],[5.49586,5.14232],[5.488536,5.154202],[5.461192,5.184149],[5.450857,5.190131],[5.447113,5.18594],[5.448009,5.167629],[5.444347,5.163479],[5.434906,5.163153],[5.427908,5.162055],[5.413341,5.156643],[5.400157,5.16234],[5.37615,5.158189],[5.365571,5.163479],[5.363617,5.171576],[5.365571,5.20775],[5.361095,5.253974],[5.34018,5.34394],[5.345714,5.357164],[5.368988,5.362047],[5.435313,5.363349],[5.454275,5.368842],[5.456798,5.359565],[5.459483,5.352973],[5.468028,5.340888],[5.476085,5.347317],[5.483653,5.362291],[5.489106,5.368842],[5.494884,5.37287],[5.529633,5.386379],[5.546072,5.389472],[5.56129,5.388861],[5.571544,5.381985],[5.577891,5.381985],[5.570323,5.39468],[5.546397,5.415513],[5.536876,5.430325],[5.533214,5.444241],[5.531912,5.460639],[5.533946,5.476386],[5.540294,5.488349],[5.553559,5.496894],[5.568696,5.499905],[5.602061,5.499254],[5.614024,5.50495],[5.625743,5.51789],[5.639903,5.540188],[5.623871,5.533596],[5.610525,5.521918],[5.596202,5.514228],[5.577891,5.519721],[5.575206,5.514838],[5.568858,5.510443],[5.564138,5.505439],[5.541026,5.510484],[5.5171,5.498603],[5.503184,5.476467],[5.509532,5.450751],[5.498057,5.426418],[5.484874,5.411526],[5.468598,5.407782],[5.447439,5.416693],[5.44158,5.423489],[5.439952,5.429877],[5.436046,5.434638],[5.423595,5.43651],[5.418305,5.430813],[5.421072,5.417792],[5.427501,5.403957],[5.433849,5.395575],[5.375987,5.39883],[5.263194,5.43651],[5.258474,5.44184],[5.253917,5.452786],[5.250173,5.458197],[5.218598,5.487128],[5.198009,5.501451],[5.190603,5.522854],[5.188487,5.544135],[5.191173,5.55386],[5.197927,5.557563],[5.214203,5.575141],[5.22283,5.581204],[5.230235,5.582506],[5.328136,5.578437],[5.365245,5.572333],[5.385997,5.560614],[5.392833,5.560614],[5.402599,5.574774],[5.4192,5.610541],[5.427013,5.622138],[5.439952,5.627672],[5.455821,5.627387],[5.471039,5.622789],[5.4817,5.615302],[5.484386,5.607978],[5.490001,5.585842],[5.492524,5.581204],[5.50294,5.581773],[5.508067,5.58454],[5.509613,5.590644],[5.509532,5.60163],[5.502126,5.617255],[5.485118,5.634345],[5.464854,5.648627],[5.447439,5.656236],[5.428477,5.655829],[5.418956,5.645901],[5.406505,5.615302],[5.396007,5.605902],[5.379649,5.597968],[5.361501,5.593655],[5.344981,5.594794],[5.32602,5.605414],[5.317882,5.619574],[5.318207,5.636664],[5.336925,5.691148],[5.339203,5.705878],[5.337576,5.724555],[5.331391,5.724555],[5.304047,5.650051],[5.293224,5.630316],[5.280284,5.617499],[5.263031,5.610541],[5.239106,5.608466],[5.228282,5.605618],[5.204926,5.591986],[5.179698,5.582587],[5.173595,5.585395],[5.160167,5.594794],[5.144867,5.608629],[5.129161,5.628119],[5.11671,5.64883],[5.10727,5.676988],[5.09783,5.690863],[5.088634,5.708726],[5.084972,5.732001],[5.087413,5.752102],[5.093435,5.774726],[5.102712,5.793199],[5.115001,5.80093],[5.126475,5.797024],[5.146495,5.781073],[5.153982,5.779202],[5.15919,5.78559],[5.156993,5.794501],[5.153087,5.804633],[5.153982,5.814521],[5.185395,5.842027],[5.267426,5.871894],[5.290375,5.910102],[5.269542,5.906399],[5.235362,5.875922],[5.195811,5.864],[5.119965,5.824164],[5.105479,5.813666],[5.055024,5.766588],[5.044688,5.767483],[5.007335,5.849189],[4.885916,6.006537],[4.865489,6.025621],[4.826182,6.042548],[4.807953,6.063056],[4.782725,6.102525],[4.747813,6.138861],[4.717052,6.163642],[4.641856,6.210883],[4.608735,6.231757],[4.547374,6.289049],[4.509044,6.313544],[4.493012,6.320543],[4.405528,6.358873],[4.34197,6.370592],[4.125824,6.410346],[3.870291,6.431627],[3.443614,6.410346],[3.421153,6.414008],[3.408865,6.422919],[3.399099,6.434027],[3.384939,6.444525],[3.394298,6.449368],[3.401052,6.450995],[3.406912,6.449449],[3.412852,6.444525],[3.428477,6.458726],[3.434255,6.453355],[3.43629,6.4383],[3.440196,6.423407],[3.475352,6.455552],[3.481212,6.454779],[3.48463,6.446845],[3.492442,6.446479],[3.505382,6.451361],[3.524425,6.451809],[3.541352,6.45482],[3.556814,6.462958],[3.570567,6.478705],[3.572439,6.489569],[3.57016,6.500678],[3.570811,6.509345],[3.580821,6.512844],[3.621349,6.512844],[3.642751,6.517076],[3.686778,6.531073],[3.700206,6.527086],[3.722667,6.535956],[3.742686,6.547797],[3.756847,6.563788],[3.762218,6.58515],[3.774669,6.590074],[3.857921,6.6022],[3.850271,6.6081],[3.844005,6.610826],[3.837901,6.610989],[3.830577,6.609036],[3.773692,6.622382],[3.717459,6.601142],[3.663829,6.570217],[3.615245,6.554389],[3.597016,6.554267],[3.586681,6.552883],[3.551524,6.534166],[3.54005,6.530097],[3.528331,6.527777],[3.51531,6.527086],[3.51295,6.529446],[3.500255,6.533922],[3.488048,6.533271],[3.481619,6.538316],[3.478526,6.541449],[3.474376,6.554389],[3.473318,6.566636],[3.480235,6.58808],[3.481212,6.6022],[3.464041,6.592231],[3.451915,6.581773],[3.429942,6.557807],[3.421886,6.554755],[3.411306,6.554348],[3.402354,6.552151],[3.398611,6.54385],[3.400076,6.536811],[3.40561,6.522121],[3.406016,6.512844],[3.402029,6.502183],[3.38795,6.480699],[3.384939,6.468695],[3.381114,6.461615],[3.373871,6.456122],[3.369802,6.450019],[3.375011,6.441107],[3.379893,6.435858],[3.382579,6.430732],[3.384125,6.424791],[3.389496,6.419989],[3.384532,6.397691],[3.326182,6.391425],[3.214203,6.396715],[3.082367,6.381496],[2.927745,6.389106],[2.703841,6.368352],[2.703298,6.368313],[2.5045165892315606,6.349842806768887]],[[7.138031,4.39704],[7.147716,4.41592],[7.179698,4.449774],[7.202159,4.484442],[7.221446,4.506659],[7.225597,4.516181],[7.229503,4.532782],[7.243175,4.5244],[7.258556,4.497545],[7.274181,4.491889],[7.319672,4.496527],[7.33253,4.491889],[7.320486,4.481024],[7.314301,4.469143],[7.312266,4.455634],[7.312022,4.440009],[7.307791,4.424506],[7.29835,4.41474],[7.284841,4.406195],[7.270681,4.400377],[7.181651,4.382025],[7.147716,4.385077],[7.138031,4.39704]],[[7.336925,4.46015],[7.346202,4.478176],[7.356212,4.483303],[7.404552,4.498033],[7.416352,4.493842],[7.451915,4.475531],[7.469574,4.471381],[7.487804,4.473375],[7.523774,4.482367],[7.541026,4.484442],[7.574229,4.48786],[7.584483,4.484605],[7.578868,4.471381],[7.569998,4.459418],[7.552582,4.455552],[7.514415,4.457099],[7.499034,4.454495],[7.449229,4.436591],[7.431814,4.434801],[7.358165,4.439276],[7.342784,4.447089],[7.336925,4.46015]]],[[[8.638682,4.71308],[8.645356,4.684068],[8.660492,4.653998],[8.681055698090159,4.578377421162266],[8.70469921146555,4.611442861186521],[8.709916399922786,4.620760143194442],[8.705903,4.63467],[8.661306,4.698798],[8.655121,4.738267],[8.638682,4.71308]]]]}},{"type":"Feature","properties":{"name":"JWLA 033 - Benin (Coastal 12NM)","source":"12NM buffer from country boundary"},"geometry":{"type":"Polygon","coordinates":[[[1.4201974687143202,6.179111889208639],[1.4223888300856458,6.169806959447442],[1.4295973472882975,6.148941649756969],[1.447344959811767,6.111030389618844],[1.472633042131011,6.077624299408963],[1.504353548354736,6.050185085397521],[1.541117703095766,6.029913134499889],[1.5813167436358047,6.0176951675454955],[1.6231921461792698,6.0140655898301265],[1.6649123002279527,6.019183201395091],[1.9186461646428723,6.077526463181637],[2.2495147042608195,6.115080562838939],[2.2706705934856135,6.118619091383763],[2.338406585684512,6.133678743164351],[2.722455449350269,6.169345541186549],[2.7637866923314607,6.177578760230085],[2.8024828704798144,6.194204318910695],[2.8368426032579506,6.2184914548284],[2.865354527098296,6.249372521518643],[2.8867636605715727,6.285489761241101],[2.9001266529851564,6.325254827413828],[2.9048534851273855,6.36691847673437],[2.904999933067707,6.386997725386269],[2.703841,6.368352],[2.703298,6.368313],[2.306977,6.331488],[2.226817,6.313666],[1.884532,6.274807],[1.61964,6.213894],[1.619314,6.213813],[1.429535,6.181952],[1.4201974687143202,6.179111889208639]]]}},{"type":"Feature","properties":{"name":"JWLA 033 - Togo (Coastal 12NM)","source":"12NM buffer from country boundary"},"geometry":{"type":"Polygon","coordinates":[[[1.0338690407420552,5.970168861537499],[1.0340797112013216,5.9700843520234494],[1.0392501505700313,5.963356504054283],[1.0707333007283042,5.936384599983149],[1.107115931498023,5.916430094825702],[1.146842983183417,5.90434546571122],[1.188216985208777,5.900646906177418],[1.208007441625696,5.902971923223173],[1.2080315312284662,5.902680154419908],[1.2160032067648179,5.903330909794857],[1.2280652289426914,5.905327388423167],[1.229470365574908,5.905492363001157],[1.2306333649632764,5.905752414284656],[1.248853848092255,5.908767433734264],[1.2803508315235272,5.919528069947032],[1.3410344451198002,5.946032040838213],[1.4758603107612085,5.98703903737665],[1.6527545513316997,6.016734837053346],[1.6680556069689596,6.019913335621199],[1.668381478439371,6.01999430320937],[1.7074072613838192,6.034088144817693],[1.7426885256933544,6.0558587182616135],[1.7571081726636333,6.069552902478011],[1.7910696215716326,6.077569270304112],[1.7944466894362816,6.077770995189325],[1.8331912977846734,6.083900096737789],[1.8699998257495605,6.0973980587137895],[1.9034704136487242,6.117750865153993],[1.9323279238369617,6.1441834321519115],[1.9554724126789444,6.175689029141806],[1.9720210225152084,6.211067508896736],[1.981341704480866,6.248970910800312],[1.9829897642561116,6.285984732770142],[1.884532,6.274807],[1.61964,6.213894],[1.619314,6.213813],[1.429535,6.181952],[1.271007,6.133734],[1.199555,6.102525],[1.19158,6.101874],[1.185395,6.100491],[1.184825,6.100328],[1.178396,6.097968],[1.133067,6.073635],[1.098806,6.047024],[1.048025,5.992662],[1.036388,5.975165],[1.0338690407420552,5.970168861537499]]]}},{"type":"Feature","properties":{"name":"JWLA 033 - Venezuela (Offshore EEZ)","source":"Marine Regions EEZ","sourceDocument":"JWLA-033 (3 March 2026), unchanged in JWLA-034 (29 July 2026)","sourceUrl":"https://lmalloyds.com/wp-content/uploads/2025/06/JWLA-034-Saudi-Arabia.pdf","sourceSha256":"125e507bbd187051315bdf80ae30583bc92ec9ad2d280d02fac2d10a019d03b9","marineRegionsMrgid":8433,"geometryRole":"installation-context-only","detectionMode":"facility-visit-manual-review","manualReviewRequired":true,"backendDetectionMismatch":true,"officialRule":"Venezuela, including all offshore installations in the Venezuelan EEZ; named-country defaults cover ports and coastal waters up to 12NM.","warning":"EEZ transit alone is not a definitive JWC entry event; installation-call evidence and manual review are required."},"geometry":{"type":"MultiPolygon","coordinates":[[[[-72.76095328,9.07492391],[-72.76095221,9.07491789],[-72.76089509,9.0742716],[-72.76086342,9.07393992],[-72.76007807,9.07422543],[-72.75965285,9.07497931],[-72.75912023,9.07991624],[-72.75757146,9.08186233],[-72.75517106,9.08235085],[-72.75328599,9.08149878],[-72.75201961,9.08092637],[-72.75095213,9.08044386],[-72.75010017,9.08089422],[-72.74861298,9.08168036],[-72.74776292,9.08212972],[-72.747667,9.08333854],[-72.74752885,9.08507965],[-72.74746466,9.08588862],[-72.74930137,9.08806434],[-72.75007902,9.08898552],[-72.75134635,9.09048677],[-72.74978733,9.09375608],[-72.74535418,9.09594014],[-72.74214958,9.09751894],[-72.74030387,9.09842825],[-72.73797941,9.09762645],[-72.73180366,9.09214008],[-72.72698581,9.09210587],[-72.72410285,9.09506702],[-72.72398853,9.10312486],[-72.72105384,9.10571563],[-72.71715915,9.10522687],[-72.71112835,9.09835982],[-72.70748723,9.09632015],[-72.70466936,9.0962646],[-72.70144546,9.09786046],[-72.69876206,9.10175776],[-72.69733965,9.10856247],[-72.68823791,9.10636592],[-72.68207204,9.10876405],[-72.67807865,9.11324453],[-72.66946495,9.11717093],[-72.66424155,9.12384832],[-72.66041076,9.12549651],[-72.65783596,9.12498057],[-72.65589476,9.12292016],[-72.65486777,9.12095416],[-72.65454781,9.11483777],[-72.65227985,9.11213315],[-72.64459825,9.11312175],[-72.64164257,9.11792386],[-72.64340806,9.12763774],[-72.64208984,9.12983561],[-72.64004195,9.13126802],[-72.63904333,9.13165355],[-72.63693964,9.13189876],[-72.63623714,9.13177013],[-72.6344465,9.13098764],[-72.63298905,9.13026857],[-72.63006675,9.12697351],[-72.62759411,9.12549806],[-72.62588274,9.12491965],[-72.62240315,9.12436736],[-72.62143326,9.12474167],[-72.61935616,9.12649286],[-72.61844373,9.12815273],[-72.61792076,9.13098383],[-72.61818194,9.13332236],[-72.62002265,9.13775063],[-72.61925817,9.140625],[-72.61856914,9.140625],[-72.61761975,9.14247775],[-72.61687303,9.14282954],[-72.61588025,9.14299703],[-72.60783005,9.140625],[-72.59836733,9.14193916],[-72.59680843,9.140625],[-72.59624314,9.140625],[-72.59412956,9.14164996],[-72.59364605,9.14155555],[-72.59186745,9.140625],[-72.58949006,9.13819206],[-72.58916616,9.13752401],[-72.58811104,9.13210082],[-72.58701432,9.12953687],[-72.58579564,9.12837768],[-72.58404672,9.12758493],[-72.5806483,9.12662256],[-72.57655692,9.12718701],[-72.57427216,9.12836301],[-72.57156706,9.13211596],[-72.57156587,9.13460433],[-72.57435977,9.140625],[-72.57419992,9.140625],[-72.57724965,9.14766622],[-72.57615757,9.15133476],[-72.57453728,9.15171492],[-72.57288945,9.15160203],[-72.57093084,9.15061772],[-72.56450653,9.14535141],[-72.56337941,9.14316237],[-72.56346083,9.140625],[-72.5633471,9.140625],[-72.56313765,9.13908792],[-72.56394887,9.13667881],[-72.56611633,9.13334513],[-72.56642175,9.13235128],[-72.56654096,9.12993121],[-72.56488514,9.1286211],[-72.55693448,9.12829506],[-72.55155838,9.12576675],[-72.54734886,9.12507045],[-72.54338038,9.12706697],[-72.53943706,9.13477862],[-72.53647268,9.13526297],[-72.53606832,9.13497984],[-72.53564465,9.12884235],[-72.53426933,9.12539101],[-72.53418672,9.11779201],[-72.5298475,9.11250424],[-72.52831066,9.11224782],[-72.52738798,9.11234033],[-72.52552175,9.11332822],[-72.52453792,9.11416745],[-72.52354074,9.11567616],[-72.52354252,9.12088811],[-72.52302194,9.12189245],[-72.52240431,9.12283146],[-72.51768935,9.12524974],[-72.51338124,9.12360537],[-72.5098778,9.11576653],[-72.49141288,9.11894691],[-72.48538792,9.11878657],[-72.47835422,9.12228954],[-72.47660506,9.12245011],[-72.47529864,9.12202215],[-72.47345281,9.11991084],[-72.47330451,9.1196382],[-72.47162235,9.11410916],[-72.46880937,9.11104214],[-72.46431065,9.10912538],[-72.45813954,9.10831106],[-72.45578063,9.10695541],[-72.45513844,9.10588372],[-72.45431864,9.10397995],[-72.45522404,9.10117447],[-72.46140873,9.09766734],[-72.46417165,9.09719264],[-72.46628511,9.09384716],[-72.46646035,9.08858717],[-72.46346855,9.08141494],[-72.46796036,9.07519925],[-72.46956635,9.07100475],[-72.46950996,9.0670135],[-72.46891224,9.06509066],[-72.46482086,9.06194663],[-72.46433485,9.06088185],[-72.46451414,9.06016386],[-72.46605158,9.05879486],[-72.46747148,9.05909777],[-72.46845484,9.0594815],[-72.46938086,9.06011653],[-72.4695909,9.06427574],[-72.47341394,9.06416762],[-72.47369075,9.05644596],[-72.47483337,9.05415165],[-72.4791224,9.05549204],[-72.48408544,9.05482995],[-72.48888028,9.04475272],[-72.4905107,9.04562366],[-72.49049306,9.04952562],[-72.49220824,9.05226564],[-72.49557722,9.05370533],[-72.498124,9.05294812],[-72.49812639,9.05176431],[-72.49663734,9.05304313],[-72.49351704,9.05215514],[-72.491907,9.05065525],[-72.49131012,9.04462814],[-72.48854017,9.04382634],[-72.488029,9.04395425],[-72.48487914,9.04922497],[-72.48390496,9.05374026],[-72.4794147,9.05490625],[-72.47582984,9.05297244],[-72.47371364,9.05356705],[-72.472368,9.05759561],[-72.47221994,9.05860424],[-72.47295344,9.06180155],[-72.47225666,9.0630455],[-72.47198164,9.06317568],[-72.47057605,9.06304681],[-72.46960187,9.05910623],[-72.46753001,9.05792606],[-72.46704793,9.05782497],[-72.46460915,9.05834675],[-72.46339142,9.06048393],[-72.46323276,9.06062961],[-72.4409523,9.05761647],[-72.43159342,9.0600183],[-72.42877126,9.0627166],[-72.42749274,9.06734335],[-72.42843747,9.07131696],[-72.43165624,9.07614231],[-72.43161118,9.07974136],[-72.42975247,9.08163714],[-72.42858112,9.08217466],[-72.42671895,9.08254766],[-72.421875,9.08286834],[-72.41552114,9.08283806],[-72.41376483,9.08172047],[-72.4136945,9.07912576],[-72.41799176,9.07403207],[-72.41841352,9.07103777],[-72.41732216,9.06820714],[-72.41083705,9.066468],[-72.40771151,9.06689727],[-72.39912558,9.07091761],[-72.39308405,9.07669365],[-72.38806176,9.07807243],[-72.38547695,9.07711637],[-72.38214004,9.06627083],[-72.38020325,9.06535315],[-72.37753725,9.06637824],[-72.37593925,9.06902766],[-72.37525725,9.07368946],[-72.37211633,9.07588077],[-72.36582208,9.07579684],[-72.36158001,9.07408512],[-72.3573513,9.07396984],[-72.34859431,9.08146215],[-72.34492648,9.08147323],[-72.3441112,9.07702017],[-72.34656823,9.07436454],[-72.34459114,9.07117665],[-72.33431506,9.06850457],[-72.33433735,9.06598771],[-72.33658123,9.06423926],[-72.33680356,9.06220174],[-72.33668566,9.06150186],[-72.33543706,9.05761504],[-72.33243251,9.0545392],[-72.33172107,9.05425405],[-72.32855654,9.05369914],[-72.32516015,9.05469906],[-72.32105172,9.06178796],[-72.31774974,9.06299472],[-72.31731164,9.06299806],[-72.31637692,9.06240904],[-72.31305337,9.05733478],[-72.30958438,9.05527544],[-72.30705464,9.05620074],[-72.30387235,9.0595839],[-72.29923332,9.05800676],[-72.29632282,9.05571961],[-72.28584313,9.05365396],[-72.28540981,9.05363345],[-72.27517974,9.05583215],[-72.27432203,9.05630827],[-72.26603723,9.06379187],[-72.26187098,9.06917012],[-72.22354603,9.08847785],[-72.22057176,9.09444785],[-72.22131193,9.10192287],[-72.22050035,9.10437286],[-72.21508992,9.10853446],[-72.2139734,9.11087406],[-72.21681738,9.11978567],[-72.21658218,9.12247896],[-72.20931804,9.12544847],[-72.20417476,9.13184214],[-72.19618714,9.12825406],[-72.19289565,9.12314677],[-72.19377625,9.11951947],[-72.19646907,9.11581588],[-72.20580328,9.11115301],[-72.20704424,9.10867465],[-72.204831,9.10692346],[-72.19682181,9.10530102],[-72.18876517,9.11018252],[-72.178303,9.11297274],[-72.16843724,9.11187947],[-72.16443086,9.1135987],[-72.15983784,9.11876833],[-72.15155923,9.13220453],[-72.14272416,9.14037168],[-72.14082885,9.13984776],[-72.14014447,9.13686204],[-72.1414721,9.12402344],[-72.13931656,9.12215388],[-72.13421881,9.12553537],[-72.12888181,9.12726164],[-72.12443388,9.12579834],[-72.12097645,9.12089825],[-72.11929655,9.10974443],[-72.11800504,9.10700417],[-72.11503625,9.10481977],[-72.11220324,9.10510683],[-72.10923576,9.1078155],[-72.10812068,9.11563623],[-72.10604048,9.11927164],[-72.09878683,9.11698425],[-72.08372462,9.11935484],[-72.08067226,9.11772776],[-72.07811976,9.11219585],[-72.07501423,9.11056221],[-72.07178152,9.11204541],[-72.0703125,9.11356032],[-72.0703125,9.11383915],[-72.06539714,9.11754787],[-72.06112552,9.11877632],[-72.04888082,9.11500716],[-72.04731035,9.11516345],[-72.04436302,9.11736882],[-72.04324651,9.11847234],[-72.03812826,9.12714565],[-72.03815114,9.13152957],[-72.03974271,9.13664317],[-72.03856528,9.14054644],[-72.03894305,9.140625],[-72.0385524,9.14239538],[-72.0349313,9.14603674],[-72.03464925,9.14615905],[-72.02983654,9.14593434],[-72.02867925,9.14634871],[-72.02753663,9.14685917],[-72.02489543,9.15020335],[-72.02533364,9.15481031],[-72.02974784,9.16198623],[-72.02910435,9.16356838],[-72.01771784,9.1618582],[-72.01346111,9.16247964],[-72.00795495,9.16583514],[-72.00440991,9.15965724],[-72.00177932,9.1585536],[-71.9997735,9.15942836],[-71.99483216,9.16640365],[-71.9903872,9.17059803],[-71.98508072,9.18075967],[-71.98299074,9.18119442],[-71.97755587,9.17205811],[-71.97510552,9.17157066],[-71.97242975,9.17369092],[-71.97358573,9.17995775],[-71.97217834,9.18267751],[-71.96899796,9.18275654],[-71.96454942,9.17674458],[-71.96298838,9.17610204],[-71.9615525,9.17750204],[-71.95897818,9.18552315],[-71.95656836,9.18631136],[-71.94870412,9.18366921],[-71.94474995,9.18501282],[-71.94400561,9.18844748],[-71.94819605,9.19436002],[-71.94892192,9.19594204],[-71.94944346,9.19968867],[-71.94923174,9.20001435],[-71.94712913,9.20225036],[-71.94183993,9.20339131],[-71.93113565,9.20780051],[-71.92770076,9.20974648],[-71.92645943,9.21079326],[-71.92659855,9.21430576],[-71.92804396,9.21537113],[-71.92945325,9.21592796],[-71.93988383,9.21729803],[-71.94272625,9.21844161],[-71.94738686,9.22095406],[-71.94776225,9.22168767],[-71.94778526,9.22314227],[-71.9456079,9.22528517],[-71.94286346,9.23217106],[-71.94256794,9.2321763],[-71.94145346,9.22937953],[-71.94144392,9.22307467],[-71.93949378,9.22122395],[-71.93892872,9.22085178],[-71.93395293,9.2207334],[-71.93059635,9.22242415],[-71.92847586,9.22486997],[-71.92797065,9.22890306],[-71.93852127,9.23330927],[-71.94014633,9.23528016],[-71.94027805,9.23581004],[-71.93914485,9.23869193],[-71.93826783,9.23928082],[-71.93447638,9.24076295],[-71.93101025,9.24065542],[-71.93077302,9.24038124],[-71.93016303,9.23518431],[-71.92767048,9.23480713],[-71.91972375,9.23901486],[-71.91218495,9.24610364],[-71.90881693,9.243523],[-71.90519154,9.24427211],[-71.90461636,9.24452424],[-71.90224087,9.24909008],[-71.90350008,9.25653994],[-71.90291858,9.25793922],[-71.90000355,9.25760675],[-71.89389157,9.25153673],[-71.89216554,9.25161338],[-71.88486695,9.25610626],[-71.87781417,9.26551104],[-71.87552536,9.26206124],[-71.87277186,9.25139475],[-71.87002742,9.2506392],[-71.86597896,9.25184751],[-71.86381924,9.26774073],[-71.87011516,9.26625681],[-71.87419891,9.26751685],[-71.87556696,9.27083957],[-71.87558436,9.27857232],[-71.87897313,9.2815628],[-71.87907743,9.28503501],[-71.87652695,9.29174316],[-71.8761214,9.29625714],[-71.87394226,9.29773951],[-71.87060368,9.29356694],[-71.86640584,9.29268384],[-71.86201406,9.29863536],[-71.85973024,9.30010712],[-71.85290265,9.30047655],[-71.85269296,9.30429745],[-71.85736477,9.30585635],[-71.85733855,9.30737877],[-71.8572067,9.30778265],[-71.85625875,9.3088212],[-71.8476696,9.31311333],[-71.84677064,9.31640625],[-71.84659076,9.31640625],[-71.84659743,9.31675863],[-71.84828126,9.32021582],[-71.84825826,9.32268333],[-71.84671176,9.32500362],[-71.84626806,9.32544374],[-71.84106934,9.32842076],[-71.83390772,9.33038068],[-71.83168685,9.33196604],[-71.82906497,9.32850242],[-71.82667387,9.32831407],[-71.82335544,9.33083105],[-71.81896293,9.32706916],[-71.81314635,9.32541895],[-71.80373168,9.32477176],[-71.79976845,9.32737792],[-71.79882467,9.32652855],[-71.79852617,9.3207792],[-71.79803717,9.31984484],[-71.79758096,9.31939173],[-71.79466617,9.31839037],[-71.79215455,9.31838882],[-71.78562856,9.32069945],[-71.78341818,9.31736732],[-71.78208744,9.31676936],[-71.78138578,9.31691206],[-71.77687287,9.32026565],[-71.77041805,9.32176805],[-71.76859534,9.32255363],[-71.76426435,9.32667005],[-71.75636506,9.32868135],[-71.75598037,9.32899857],[-71.75605595,9.33464766],[-71.75036752,9.33675694],[-71.74311602,9.34446788],[-71.74197853,9.34855628],[-71.74130261,9.34891832],[-71.74050546,9.34904337],[-71.74003375,9.34894085],[-71.73911083,9.3466475],[-71.73670256,9.34508348],[-71.72812188,9.34206855],[-71.72316635,9.34018874],[-71.7228229,9.34018004],[-71.72066343,9.34122956],[-71.71875,9.34375],[-71.71012032,9.34690845],[-71.70964134,9.34702551],[-71.70540917,9.34641647],[-71.70459414,9.34608662],[-71.70377004,9.34493971],[-71.70945144,9.34561002],[-71.71069837,9.34546638],[-71.71363401,9.34439814],[-71.71570253,9.34105122],[-71.71875,9.34068084],[-71.71924174,9.34062076],[-71.72353494,9.33714271],[-71.72660756,9.33180106],[-71.73082805,9.33077085],[-71.73843157,9.33179295],[-71.73979831,9.33290505],[-71.73978305,9.33478224],[-71.73420465,9.33765542],[-71.73380995,9.33837056],[-71.73380685,9.33880341],[-71.73591697,9.34152293],[-71.73639536,9.34185076],[-71.73953211,9.34266281],[-71.74090493,9.34168351],[-71.74106073,9.34126091],[-71.74139094,9.33681285],[-71.74331057,9.33576727],[-71.74492586,9.33280528],[-71.74486506,9.33154774],[-71.74402845,9.33039486],[-71.73461854,9.32491565],[-71.73354936,9.32126653],[-71.73317444,9.31640625],[-71.73316276,9.31640625],[-71.73266947,9.30880666],[-71.73393702,9.30232286],[-71.73045063,9.29453051],[-71.72911572,9.28594625],[-71.73261833,9.28294563],[-71.73207724,9.285905],[-71.73415375,9.28763783],[-71.74049532,9.28679585],[-71.74095511,9.28586304],[-71.73749352,9.27499247],[-71.73738277,9.27472663],[-71.73529077,9.27339292],[-71.73523724,9.27279174],[-71.73549187,9.27245367],[-71.73835063,9.26999736],[-71.74093068,9.26914966],[-71.74298048,9.27016425],[-71.74485612,9.27303648],[-71.74865961,9.27585483],[-71.75222206,9.2839514],[-71.75299954,9.28469872],[-71.75563037,9.28584623],[-71.75752652,9.28385258],[-71.75994253,9.28365135],[-71.76367736,9.28912306],[-71.76463091,9.28995621],[-71.76514435,9.29021335],[-71.76618242,9.29057348],[-71.76726592,9.29366791],[-71.76789582,9.28388154],[-71.77049625,9.28385925],[-71.77297711,9.28574085],[-71.76968014,9.28103793],[-71.7704041,9.27396893],[-71.76941514,9.2639209],[-71.77246416,9.25717735],[-71.77846193,9.25664413],[-71.78829467,9.25323176],[-71.79358876,9.25248432],[-71.80756104,9.24507487],[-71.81063068,9.240767],[-71.81334841,9.24000371],[-71.81331503,9.23779762],[-71.81979525,9.22894466],[-71.81967092,9.22315681],[-71.82173562,9.21782148],[-71.82539546,9.21489537],[-71.82843065,9.21472478],[-71.82755494,9.21205485],[-71.82171261,9.21575451],[-71.81978583,9.21838033],[-71.81838203,9.22333586],[-71.81365871,9.22213495],[-71.80791438,9.22704077],[-71.80456615,9.22678971],[-71.80195963,9.22486067],[-71.79272544,9.23815501],[-71.79029012,9.23958004],[-71.78432417,9.23641384],[-71.77645981,9.21944392],[-71.76783443,9.21044052],[-71.76793325,9.21646011],[-71.77355015,9.2200495],[-71.77365994,9.22374427],[-71.76835537,9.2260679],[-71.76354575,9.22603393],[-71.75897086,9.23183095],[-71.75552857,9.23340213],[-71.75482523,9.23566866],[-71.74914658,9.23604655],[-71.74771452,9.22550464],[-71.75119436,9.22116995],[-71.7520653,9.21309555],[-71.74951506,9.20163035],[-71.75004375,9.19931006],[-71.74730897,9.20021236],[-71.74646318,9.19914043],[-71.74935734,9.19614613],[-71.74903917,9.19153833],[-71.74788535,9.19100428],[-71.74930072,9.18684042],[-71.7527796,9.18535995],[-71.75265431,9.18902886],[-71.7535156,9.18991494],[-71.75477111,9.18931222],[-71.75478852,9.18769896],[-71.74733245,9.17615426],[-71.73918092,9.15979028],[-71.73912585,9.15923417],[-71.73945355,9.15206134],[-71.74046195,9.14772725],[-71.74539387,9.14284015],[-71.74559808,9.1425637],[-71.74616265,9.140625],[-71.74691164,9.13846695],[-71.74691117,9.13802946],[-71.74604356,9.13674176],[-71.74982917,9.13049686],[-71.75249743,9.12812436],[-71.75460625,9.13391721],[-71.75451624,9.13866675],[-71.75320017,9.140625],[-71.75271702,9.14362657],[-71.75287592,9.14450598],[-71.75420141,9.14744401],[-71.75617683,9.14613354],[-71.75577128,9.140625],[-71.75602412,9.140625],[-71.75589216,9.12357688],[-71.75916243,9.11936843],[-71.76057684,9.11313784],[-71.76520288,9.11154854],[-71.76754618,9.10949612],[-71.76222444,9.11117005],[-71.76096332,9.11081052],[-71.75960136,9.10830855],[-71.75895214,9.11099124],[-71.75225985,9.11658204],[-71.74517858,9.10388887],[-71.74180233,9.10029626],[-71.73524642,9.09603167],[-71.73098922,9.09410036],[-71.72050774,9.09157813],[-71.71981883,9.09155953],[-71.71875,9.09207594],[-71.71567297,9.09243596],[-71.71553791,9.09439206],[-71.71695673,9.09589374],[-71.71525633,9.09701407],[-71.71405864,9.09244192],[-71.71218526,9.09136426],[-71.71481991,9.08612764],[-71.71716416,9.08417642],[-71.71760154,9.07965291],[-71.71068692,9.07257771],[-71.70648146,9.07168245],[-71.70708013,9.06828976],[-71.70354438,9.06873906],[-71.70113003,9.06692004],[-71.70195711,9.06461251],[-71.70144606,9.06198394],[-71.70113456,9.06160295],[-71.69632471,9.05824304],[-71.69478965,9.05760407],[-71.69082224,9.05707765],[-71.69253516,9.0578171],[-71.69239295,9.0596292],[-71.68668532,9.06336594],[-71.67059302,9.06717181],[-71.66670406,9.07023108],[-71.6594032,9.0702939],[-71.65353084,9.06542397],[-71.64934444,9.06390202],[-71.6403867,9.06332958],[-71.63614845,9.0650084],[-71.63323545,9.06987917],[-71.62919641,9.07117903],[-71.62674487,9.07044566],[-71.6242851,9.07219934],[-71.62398386,9.07213747],[-71.62192416,9.06933606],[-71.62198961,9.06755304],[-71.62441254,9.06495941],[-71.62451196,9.06280744],[-71.62175524,9.06002104],[-71.61799335,9.05994535],[-71.61744225,9.05905461],[-71.61815834,9.05565715],[-71.61638236,9.04373085],[-71.61812973,9.04029751],[-71.61257064,9.03760064],[-71.60900331,9.03688824],[-71.59074676,9.03580344],[-71.5892781,9.03581595],[-71.58325791,9.03765726],[-71.57792151,9.03787386],[-71.57288206,9.03602195],[-71.56486297,9.03609157],[-71.55959594,9.03696692],[-71.55545425,9.04052627],[-71.5533812,9.03979766],[-71.55172765,9.03729212],[-71.54558611,9.03630185],[-71.52487648,9.04064822],[-71.51663315,9.04106331],[-71.50172114,9.04373801],[-71.50085604,9.04392803],[-71.48154986,9.04934967],[-71.46928751,9.05136883],[-71.3818084,9.08003712],[-71.37773716,9.08126116],[-71.3671875,9.08258915],[-71.35985076,9.08357418],[-71.34984005,9.08671021],[-71.34722185,9.08765054],[-71.33178711,9.09519506],[-71.30085254,9.11598432],[-71.28868484,9.12523377],[-71.28659582,9.12815237],[-71.28723836,9.13104284],[-71.28652847,9.13216746],[-71.28519702,9.13284195],[-71.27448165,9.13172531],[-71.27087986,9.13500166],[-71.26853025,9.13129175],[-71.26603735,9.13132036],[-71.2604928,9.13442886],[-71.26010036,9.13494205],[-71.25908685,9.13792396],[-71.25927997,9.13854122],[-71.26064694,9.13928247],[-71.26073027,9.140625],[-71.25917375,9.14237225],[-71.25507724,9.1409322],[-71.25015855,9.14088953],[-71.24797428,9.14178991],[-71.24683118,9.14245045],[-71.24363816,9.14480674],[-71.24231017,9.14611435],[-71.24129271,9.14818478],[-71.23694861,9.14890015],[-71.23327291,9.15225065],[-71.22847927,9.15836632],[-71.22783291,9.15946603],[-71.22606003,9.16551864],[-71.22582686,9.16578984],[-71.21921277,9.17348337],[-71.22270822,9.17785931],[-71.21916938,9.19209063],[-71.21775663,9.19571817],[-71.21598792,9.1987431],[-71.20951664,9.20360196],[-71.20548451,9.21021044],[-71.20528615,9.21066511],[-71.20503056,9.21726525],[-71.20694864,9.21982062],[-71.20667601,9.22007787],[-71.20490885,9.2195791],[-71.20143866,9.21797955],[-71.19852877,9.21893334],[-71.18562257,9.23495495],[-71.17638957,9.24256015],[-71.1706686,9.24445164],[-71.15817368,9.25402343],[-71.15386236,9.25827646],[-71.15200055,9.26449192],[-71.14708185,9.2639842],[-71.13541055,9.27296126],[-71.13245761,9.27336204],[-71.12343764,9.27936006],[-71.11234415,9.28292954],[-71.10841608,9.28550911],[-71.10469735,9.2898097],[-71.10054815,9.28962052],[-71.09762466,9.29117024],[-71.09620738,9.29200625],[-71.08729565,9.30018485],[-71.07337844,9.30619371],[-71.06822705,9.31435335],[-71.0664556,9.31462324],[-71.06436682,9.31310821],[-71.06358373,9.31310403],[-71.06244361,9.31360185],[-71.05999422,9.31640625],[-71.05639863,9.32164621],[-71.05542302,9.32449758],[-71.05528486,9.32506883],[-71.05645585,9.33119452],[-71.05209684,9.33726227],[-71.05211055,9.34361052],[-71.05312812,9.34733045],[-71.05594134,9.34886527],[-71.06019366,9.34907103],[-71.06253445,9.35432506],[-71.06268644,9.35698652],[-71.06251311,9.35736036],[-71.06179905,9.35791385],[-71.06028903,9.35804307],[-71.05739236,9.35632563],[-71.05710351,9.36159801],[-71.05724621,9.36215675],[-71.05933905,9.36614144],[-71.06187058,9.36911082],[-71.06330276,9.36979175],[-71.06444621,9.36994123],[-71.06503403,9.36980581],[-71.06718886,9.36793077],[-71.06803048,9.36836207],[-71.06848264,9.36959076],[-71.07103038,9.38586605],[-71.0713433,9.39020646],[-71.07155085,9.40553653],[-71.07046473,9.42721057],[-71.06776381,9.45304275],[-71.06766963,9.46442282],[-71.07003558,9.46646094],[-71.06837201,9.46765804],[-71.06775081,9.47255957],[-71.06795621,9.47878325],[-71.06837738,9.48060966],[-71.06948435,9.48318136],[-71.07053673,9.48446453],[-71.07767081,9.49084222],[-71.07813215,9.49103475],[-71.08080375,9.49117386],[-71.08181405,9.48959053],[-71.0850445,9.48862505],[-71.08870184,9.48964727],[-71.08996475,9.48670292],[-71.09051394,9.48665798],[-71.09557497,9.48721457],[-71.09609807,9.48738146],[-71.09717643,9.48839605],[-71.09734464,9.48919666],[-71.09694183,9.49004817],[-71.09340417,9.4921875],[-71.09043372,9.49383295],[-71.08340704,9.49414837],[-71.07933617,9.4960016],[-71.07731974,9.49871206],[-71.0766412,9.50107837],[-71.07657588,9.50148821],[-71.07806706,9.50902235],[-71.08444083,9.52450895],[-71.08521855,9.54808605],[-71.07958901,9.55707335],[-71.0772531,9.56289041],[-71.07024693,9.57045042],[-71.06780827,9.57645834],[-71.06008101,9.59948993],[-71.05993736,9.59998548],[-71.06045473,9.61427021],[-71.06067932,9.62315226],[-71.05488014,9.63071454],[-71.05129194,9.63968885],[-71.0511893,9.64943135],[-71.05038321,9.65511656],[-71.0496242,9.65895855],[-71.04718781,9.66490936],[-71.04758525,9.66796875],[-71.04597497,9.67044532],[-71.04990566,9.68400908],[-71.05004585,9.68522716],[-71.05012846,9.68815362],[-71.04823005,9.69394112],[-71.04588294,9.70019782],[-71.03923082,9.70433354],[-71.03562605,9.71137643],[-71.03532207,9.71159387],[-71.03065801,9.70934343],[-71.02676606,9.71008766],[-71.02653217,9.71090186],[-71.02668095,9.71177554],[-71.03097558,9.72775865],[-71.03787792,9.74088824],[-71.04179096,9.74544692],[-71.05060017,9.75261521],[-71.05727375,9.76549256],[-71.06359637,9.77326262],[-71.06539273,9.77357686],[-71.06575656,9.77706015],[-71.06700957,9.77821946],[-71.06883311,9.7778511],[-71.06839406,9.78036427],[-71.07504737,9.78697455],[-71.07915115,9.79481852],[-71.08527076,9.79900503],[-71.09139454,9.7984972],[-71.08954656,9.80160356],[-71.09132826,9.80594802],[-71.08875835,9.80666578],[-71.08688295,9.80930006],[-71.08834195,9.82015324],[-71.08328593,9.83128452],[-71.08114493,9.83185267],[-71.08022535,9.83014846],[-71.08294606,9.82429934],[-71.08169675,9.82147157],[-71.07794917,9.82372844],[-71.07840085,9.82901216],[-71.07707918,9.83569336],[-71.07796621,9.8407191],[-71.07874775,9.84375],[-71.08383965,9.85644531],[-71.09290755,9.87347496],[-71.10830724,9.89775634],[-71.12170315,9.91573715],[-71.13944077,9.93730235],[-71.14306366,9.94084156],[-71.14534295,9.94028747],[-71.14714456,9.94201922],[-71.14686167,9.94289267],[-71.14841127,9.94315457],[-71.14758027,9.94583344],[-71.14925575,9.94752657],[-71.15004444,9.94776607],[-71.15236151,9.94757485],[-71.15602458,9.94313288],[-71.15797675,9.94244313],[-71.15192783,9.94985151],[-71.15349793,9.95310581],[-71.16526985,9.96242285],[-71.17841435,9.96889102],[-71.18574035,9.97036993],[-71.18913758,9.96859157],[-71.19232535,9.97013485],[-71.19582272,9.97017956],[-71.19897783,9.96793795],[-71.19953477,9.96802914],[-71.21052694,9.97369313],[-71.21093142,9.97430694],[-71.21398687,9.98367667],[-71.21724522,10.00101256],[-71.22008944,10.0071336],[-71.22254765,10.01011896],[-71.22705865,10.01168334],[-71.22917891,10.01059425],[-71.22923672,10.00791955],[-71.23136866,10.00714552],[-71.23368442,10.01129055],[-71.23288596,10.0134927],[-71.22953558,10.01598096],[-71.22809231,10.01953125],[-71.22823167,10.02078116],[-71.23154378,10.02805912],[-71.23679018,10.0363785],[-71.24012947,10.04860616],[-71.23752356,10.05468655],[-71.23779964,10.06193256],[-71.24011481,10.07469463],[-71.24473655,10.08803213],[-71.25534642,10.11229515],[-71.25958121,10.11812091],[-71.26144445,10.11899567],[-71.26148903,10.12244606],[-71.26680565,10.13381481],[-71.27225316,10.13630235],[-71.2729876,10.14129353],[-71.27921104,10.15338755],[-71.28144205,10.15645003],[-71.29174662,10.16850245],[-71.29659927,10.1722753],[-71.29949582,10.17438984],[-71.30389476,10.17568696],[-71.30759811,10.1779356],[-71.3144896,10.18329847],[-71.31568456,10.18383491],[-71.31950426,10.18314028],[-71.32686722,10.19057667],[-71.33373225,10.1953125],[-71.33375931,10.1953125],[-71.33413422,10.19560826],[-71.33434105,10.19743335],[-71.33489954,10.19780076],[-71.33874333,10.19870472],[-71.34053683,10.1953125],[-71.34252143,10.1953125],[-71.34359264,10.19697273],[-71.34202838,10.20120144],[-71.34202445,10.20170557],[-71.34245253,10.20274746],[-71.34311664,10.20349276],[-71.34538186,10.20501554],[-71.34746993,10.2040292],[-71.34900594,10.20454466],[-71.34824884,10.2070142],[-71.34951377,10.20894635],[-71.35435486,10.21209586],[-71.35847187,10.21047306],[-71.3596518,10.21861207],[-71.36594105,10.22614503],[-71.3671875,10.23018956],[-71.36853611,10.23514116],[-71.37015152,10.23701346],[-71.37025785,10.23768914],[-71.36926055,10.24310064],[-71.37014008,10.25030506],[-71.37351644,10.25656593],[-71.37310874,10.25896502],[-71.37697506,10.26858437],[-71.38822424,10.28051364],[-71.39480853,10.28461194],[-71.39823556,10.28847528],[-71.40087843,10.28904951],[-71.40556896,10.29272485],[-71.40659463,10.3006047],[-71.41386771,10.30422008],[-71.41234004,10.31201684],[-71.41676343,10.32126403],[-71.41609323,10.32493424],[-71.41689086,10.32938886],[-71.41699946,10.32966626],[-71.42166853,10.33415294],[-71.42049861,10.33552134],[-71.42051935,10.33803034],[-71.42333865,10.34131181],[-71.42363775,10.34431636],[-71.43244755,10.35814095],[-71.43712664,10.36280632],[-71.43911922,10.36083055],[-71.44199526,10.36173415],[-71.44110703,10.36528563],[-71.44770658,10.37109375],[-71.44805527,10.37109375],[-71.44928253,10.37294316],[-71.45141804,10.37412536],[-71.45293307,10.37446845],[-71.45571661,10.37109375],[-71.4568516,10.37109375],[-71.45729923,10.37437475],[-71.45923734,10.37398815],[-71.46120822,10.37650692],[-71.46021771,10.38053465],[-71.46129501,10.38277864],[-71.46740293,10.38671553],[-71.47065747,10.38698566],[-71.47261524,10.38981164],[-71.4766103,10.38957965],[-71.47972548,10.39170194],[-71.47772408,10.39714587],[-71.470788,10.40831995],[-71.47070861,10.41198337],[-71.46924722,10.41210186],[-71.46863377,10.41349447],[-71.46770751,10.41643107],[-71.46845531,10.42448282],[-71.46723092,10.42785156],[-71.4641484,10.43262506],[-71.45951784,10.43675661],[-71.4523797,10.44815254],[-71.45125425,10.45604837],[-71.45414531,10.46782541],[-71.45760405,10.47416842],[-71.45692313,10.47939897],[-71.45717895,10.48095775],[-71.45826483,10.48451281],[-71.46068966,10.48908734],[-71.46241665,10.49130487],[-71.47025573,10.49879885],[-71.49132645,10.50810134],[-71.49443388,10.50969982],[-71.50398946,10.51553321],[-71.50801063,10.51874316],[-71.51215327,10.52385712],[-71.52188182,10.53896725],[-71.52339005,10.54045761],[-71.52871263,10.54424524],[-71.53149927,10.54553103],[-71.53516555,10.546875],[-71.53573322,10.546875],[-71.53700066,10.54781377],[-71.5373739,10.54789722],[-71.53938925,10.54758751],[-71.54027176,10.54923701],[-71.54041076,10.54982734],[-71.54010332,10.55073535],[-71.53506255,10.55416393],[-71.53193676,10.55952835],[-71.53338206,10.57957077],[-71.53122056,10.58387733],[-71.53069925,10.58887553],[-71.53037906,10.58932674],[-71.52518165,10.59358132],[-71.50892317,10.60040021],[-71.50836694,10.60060203],[-71.49823022,10.60250998],[-71.49647725,10.60528326],[-71.49636352,10.60582995],[-71.49660587,10.60809088],[-71.50030506,10.6158061],[-71.50047052,10.61603391],[-71.50494516,10.62050617],[-71.50927627,10.62254095],[-71.51143074,10.6252321],[-71.51429415,10.62703085],[-71.53189826,10.63372874],[-71.53154302,10.6363703],[-71.52668381,10.64123416],[-71.52605534,10.64392197],[-71.52155876,10.65085948],[-71.52139652,10.65554142],[-71.52258801,10.65863895],[-71.53320682,10.66854417],[-71.53052938,10.673141],[-71.53059375,10.68129635],[-71.52327585,10.68908691],[-71.52162874,10.69348764],[-71.52163684,10.69593871],[-71.52269733,10.69875968],[-71.53028464,10.70481145],[-71.53014576,10.70915413],[-71.52574241,10.71499526],[-71.52324831,10.72265625],[-71.52311885,10.72418714],[-71.52361214,10.72506511],[-71.52867436,10.73175383],[-71.52899122,10.73213482],[-71.53235793,10.73391604],[-71.53248823,10.73739934],[-71.53652465,10.73962724],[-71.54051292,10.74027705],[-71.54377484,10.74464846],[-71.54403186,10.74539554],[-71.54265475,10.74846864],[-71.53584075,10.75458133],[-71.53636014,10.75600028],[-71.53903592,10.75922024],[-71.54136658,10.76044416],[-71.54834545,10.76221228],[-71.55373335,10.7584542],[-71.55420625,10.7627387],[-71.55688632,10.76359868],[-71.56121504,10.76315296],[-71.56093252,10.76831937],[-71.56220496,10.77328157],[-71.56603885,10.77771592],[-71.57769477,10.78217196],[-71.58965921,10.78488624],[-71.59146035,10.78647566],[-71.59047377,10.78917813],[-71.59120965,10.79143667],[-71.59104812,10.79176402],[-71.58745217,10.79439533],[-71.58529425,10.79769278],[-71.57771122,10.79355621],[-71.56928146,10.79299867],[-71.56344295,10.79570937],[-71.55713546,10.79624045],[-71.55339253,10.79499424],[-71.54568875,10.79681993],[-71.53980136,10.79587412],[-71.53674436,10.79725516],[-71.53327715,10.79638934],[-71.51380575,10.79907751],[-71.49628484,10.79879785],[-71.48928714,10.79668558],[-71.48181295,10.79718375],[-71.44939864,10.79073656],[-71.44255066,10.79138064],[-71.43325675,10.79446685],[-71.43171394,10.80545962],[-71.43348968,10.81653595],[-71.43309987,10.82233977],[-71.43995345,10.8429991],[-71.44459844,10.85276365],[-71.44752276,10.86434925],[-71.44752276,10.87481773],[-71.44513893,10.87946415],[-71.44142401,10.87977946],[-71.4372195,10.88259435],[-71.43671501,10.88276768],[-71.42929661,10.88228393],[-71.42401922,10.88389385],[-71.42338121,10.88445544],[-71.41673374,10.89319885],[-71.41688335,10.8984375],[-71.41638052,10.90360284],[-71.41191447,10.90551138],[-71.41160882,10.90588474],[-71.40944123,10.9097594],[-71.40846264,10.91340518],[-71.41089904,10.91295588],[-71.41264355,10.90934825],[-71.42047584,10.90622067],[-71.42604637,10.90107882],[-71.43605316,10.90123475],[-71.43868434,10.90241754],[-71.44104755,10.90360606],[-71.44119585,10.90730882],[-71.44637001,10.90815616],[-71.45612192,10.91455746],[-71.45924854,10.91984642],[-71.47033393,10.92681766],[-71.47271025,10.93095005],[-71.47643805,10.93166792],[-71.47700143,10.93291831],[-71.47958565,10.93236887],[-71.47997594,10.93262541],[-71.48312044,10.93574083],[-71.48593295,10.93922067],[-71.48824155,10.945683],[-71.48498976,10.94673705],[-71.48272872,10.94863105],[-71.48045135,10.95053935],[-71.472772,10.95309246],[-71.46113753,10.95493758],[-71.45737696,10.95376432],[-71.45145166,10.95473492],[-71.45114458,10.95486641],[-71.45002055,10.95613766],[-71.45516705,10.95460641],[-71.4602586,10.95567668],[-71.45801485,10.95803547],[-71.4528861,10.95975935],[-71.45069456,10.96071541],[-71.45059586,10.96090734],[-71.45276785,10.96032703],[-71.45329034,10.96055722],[-71.45294714,10.9609797],[-71.45086646,10.96222806],[-71.44897902,10.96144164],[-71.43968594,10.96475935],[-71.44126964,10.96521616],[-71.44912672,10.96242082],[-71.44926107,10.96314383],[-71.43607736,10.96816242],[-71.42647457,10.96686935],[-71.41370821,10.96816194],[-71.37133741,10.96341908],[-71.3671875,10.96205354],[-71.36391914,10.96149552],[-71.33288336,10.95992732],[-71.32718885,10.96243656],[-71.32013094,10.96375716],[-71.31816185,10.96593034],[-71.31082904,10.96928525],[-71.30738115,10.97049105],[-71.29761696,10.97266865],[-71.29252362,10.97290277],[-71.28938246,10.97356772],[-71.27718842,10.97820795],[-71.26160324,10.97972774],[-71.26018393,10.98000252],[-71.25563645,10.98220122],[-71.24796188,10.98375142],[-71.24768877,10.98384547],[-71.24054015,10.9887228],[-71.22916245,10.9924196],[-71.22388554,10.99559784],[-71.19894731,11.00229895],[-71.17400837,11.01415825],[-71.16078842,11.017156],[-71.15624201,11.02072334],[-71.14417815,11.02579355],[-71.14300537,11.02670705],[-71.13757944,11.03379941],[-71.13778162,11.0339967],[-71.14170158,11.03230584],[-71.14480364,11.02892911],[-71.14513433,11.03059745],[-71.15919483,11.02235603],[-71.15939224,11.02257156],[-71.15855992,11.02492118],[-71.15472555,11.0282855],[-71.14763606,11.03091955],[-71.14194405,11.03509843],[-71.13848042,11.03676343],[-71.10359025,11.04775345],[-71.09767675,11.05260897],[-71.077636,11.06403077],[-71.07290137,11.06531966],[-71.06038845,11.07148516],[-71.0535115,11.0725584],[-71.05289555,11.07276535],[-71.05106235,11.07413995],[-71.04684866,11.07593095],[-71.04450726,11.07732987],[-71.02566195,11.09205878],[-71.01662946,11.09715223],[-71.015625,11.09765625],[-71.00950503,11.10028696],[-70.99101925,11.11132014],[-70.98660827,11.11284304],[-70.97937715,11.11771834],[-70.96605706,11.12290394],[-70.96379793,11.12628281],[-70.95773494,11.12971151],[-70.95604062,11.1303761],[-70.95515835,11.12964726],[-70.95733428,11.12596714],[-70.9526335,11.12853014],[-70.94531202,11.13928735],[-70.91998732,11.15060496],[-70.90773988,11.15756905],[-70.90494454,11.16071427],[-70.90149534,11.16149652],[-70.8902353,11.16951644],[-70.8862679,11.17097783],[-70.88163543,11.17501664],[-70.85606146,11.18778312],[-70.85341454,11.18786347],[-70.84336555,11.195104],[-70.83643723,11.19662488],[-70.82859862,11.19562101],[-70.81682313,11.19726563],[-70.80257154,11.20198107],[-70.79543746,11.20092237],[-70.78630924,11.20126271],[-70.78222835,11.2033354],[-70.77339125,11.20399153],[-70.76541221,11.20652473],[-70.76233852,11.21049476],[-70.75684094,11.21322644],[-70.74088657,11.21576142],[-70.73567295,11.21812427],[-70.71676254,11.22269166],[-70.71145356,11.22718203],[-70.70161843,11.22438192],[-70.69696414,11.22407985],[-70.68958736,11.22745895],[-70.68428385,11.22630811],[-70.67135465,11.22631288],[-70.6640625,11.23018956],[-70.66036487,11.23067558],[-70.63507342,11.22547591],[-70.62194467,11.22494304],[-70.60653508,11.22553384],[-70.60491312,11.22577667],[-70.59929395,11.22737122],[-70.59089684,11.22803056],[-70.58462751,11.23066294],[-70.58013535,11.23121965],[-70.55605185,11.22888148],[-70.54818404,11.22956097],[-70.53999305,11.23197126],[-70.53485596,11.23701346],[-70.53300047,11.23647141],[-70.53184426,11.232252],[-70.52895236,11.23164666],[-70.52551925,11.23596072],[-70.52264404,11.23780203],[-70.51959777,11.23722422],[-70.51568055,11.23813963],[-70.51498067,11.24421501],[-70.51251698,11.24786127],[-70.50875473,11.24386418],[-70.50736368,11.24399042],[-70.50700355,11.24429095],[-70.50666726,11.24578333],[-70.50751865,11.24764895],[-70.50721645,11.24812603],[-70.50402856,11.24985695],[-70.50405455,11.25],[-70.50364065,11.25],[-70.50242591,11.25255477],[-70.49947607,11.25315785],[-70.49492323,11.26172614],[-70.49285996,11.26301682],[-70.48639607,11.27276516],[-70.4863379,11.27369571],[-70.48761332,11.27341664],[-70.49094021,11.27005267],[-70.49486363,11.26411176],[-70.49810922,11.26429641],[-70.49356735,11.27308321],[-70.48895896,11.27551723],[-70.48982406,11.27674532],[-70.49093115,11.2770915],[-70.49244976,11.27410448],[-70.49789715,11.27055395],[-70.49810922,11.27026856],[-70.49860418,11.26481557],[-70.49912608,11.26440156],[-70.49998164,11.26402271],[-70.49989903,11.26784432],[-70.50060058,11.26804447],[-70.50131345,11.26802194],[-70.50563467,11.26429856],[-70.50731051,11.26098704],[-70.50736082,11.25695145],[-70.51023102,11.25266314],[-70.51097143,11.25282681],[-70.51008415,11.25932264],[-70.51183772,11.26211834],[-70.51475215,11.25687981],[-70.51933575,11.25606203],[-70.52326667,11.25],[-70.52338064,11.25],[-70.52469873,11.24726391],[-70.52870643,11.24590385],[-70.53075516,11.24273217],[-70.53330004,11.24661183],[-70.53761542,11.24012876],[-70.53890157,11.23975623],[-70.53901255,11.23730695],[-70.53978574,11.23645532],[-70.54029095,11.23647296],[-70.54125083,11.2373147],[-70.53841352,11.24485886],[-70.53304362,11.25],[-70.53293765,11.25],[-70.52757227,11.25375783],[-70.52540255,11.25860357],[-70.51858413,11.26745606],[-70.51533782,11.26969695],[-70.51122773,11.26983035],[-70.50705385,11.27580905],[-70.50178325,11.27966475],[-70.49811482,11.28426874],[-70.49548817,11.28556848],[-70.48185885,11.29042804],[-70.47682762,11.29030311],[-70.47254372,11.28963637],[-70.46802783,11.28610706],[-70.46182108,11.28572857],[-70.44150686,11.27851105],[-70.42991912,11.27853096],[-70.42423665,11.27934575],[-70.42021847,11.28032732],[-70.41984308,11.28045023],[-70.41301274,11.28450906],[-70.40738142,11.29014885],[-70.40053272,11.29327726],[-70.39628875,11.29927111],[-70.39088452,11.30422044],[-70.38739157,11.30577266],[-70.38604951,11.30622244],[-70.38210785,11.30560875],[-70.37855566,11.30643082],[-70.37692237,11.30911565],[-70.36980927,11.30840123],[-70.35638666,11.30973554],[-70.35169697,11.31542397],[-70.34306562,11.31592417],[-70.33238113,11.31988871],[-70.32598138,11.32753897],[-70.32163715,11.32843363],[-70.32031453,11.33034146],[-70.3165946,11.33083224],[-70.31323874,11.33308625],[-70.3125,11.33314717],[-70.31046402,11.33283496],[-70.31105185,11.33138371],[-70.30961382,11.33087528],[-70.31156361,11.32831585],[-70.29224646,11.34096754],[-70.29182804,11.34187365],[-70.30097771,11.33615196],[-70.30621183,11.33412397],[-70.29489505,11.34264076],[-70.29369724,11.34778357],[-70.29268408,11.3493067],[-70.29024434,11.35077918],[-70.27573907,11.3548851],[-70.2745136,11.35492802],[-70.26575935,11.35140896],[-70.25318217,11.34507811],[-70.24724495,11.34374082],[-70.24379635,11.34166276],[-70.23939538,11.34127176],[-70.23363614,11.34369922],[-70.22713995,11.34431934],[-70.22135925,11.34757555],[-70.21690476,11.34825206],[-70.21598554,11.34975755],[-70.21091116,11.35167086],[-70.20682144,11.35500705],[-70.19209325,11.35800934],[-70.18545723,11.36254108],[-70.18195164,11.3670727],[-70.17930043,11.37319732],[-70.17198873,11.37765062],[-70.16911435,11.39025295],[-70.16331935,11.3990941],[-70.16197622,11.40446866],[-70.15950274,11.40836537],[-70.15857768,11.41335213],[-70.15587795,11.41094136],[-70.14928281,11.41194296],[-70.1469208,11.41666675],[-70.14400375,11.41883743],[-70.14025807,11.42506695],[-70.14524436,11.42256844],[-70.14586616,11.42257214],[-70.14630413,11.42332864],[-70.14437234,11.42452121],[-70.14439845,11.42578125],[-70.14511645,11.42578125],[-70.14706576,11.42699516],[-70.14701211,11.42751276],[-70.14292455,11.43480885],[-70.14636874,11.43391061],[-70.14703417,11.43563688],[-70.14521766,11.44400775],[-70.14460301,11.44607484],[-70.14282382,11.44987345],[-70.13826525,11.4524945],[-70.14183438,11.45379162],[-70.14334416,11.45628631],[-70.14297187,11.45872915],[-70.14118814,11.46087682],[-70.14114654,11.46346235],[-70.14265931,11.46421301],[-70.14788032,11.46375012],[-70.1504426,11.46625376],[-70.15317821,11.46520448],[-70.15576494,11.46586955],[-70.15890431,11.46477985],[-70.16202497,11.46180344],[-70.16586745,11.46081936],[-70.16194916,11.46259224],[-70.15835333,11.46651781],[-70.14805555,11.46783984],[-70.14143026,11.46515954],[-70.13699043,11.46472955],[-70.13376641,11.46273434],[-70.12771583,11.45386744],[-70.10210741,11.42661285],[-70.09849942,11.42427063],[-70.09623551,11.42429793],[-70.09227586,11.42697537],[-70.08955658,11.43202555],[-70.08367085,11.43871045],[-70.08379996,11.44180763],[-70.08739531,11.44518971],[-70.08657443,11.44669604],[-70.08469176,11.44802797],[-70.07522714,11.4505434],[-70.07209778,11.4493643],[-70.06843662,11.45013034],[-70.06614184,11.45225048],[-70.06556022,11.45225465],[-70.06359696,11.451424],[-70.06231332,11.4501487],[-70.05657578,11.44189894],[-70.05482614,11.44018686],[-70.04943216,11.43599772],[-70.04745376,11.43689644],[-70.04707146,11.43733275],[-70.04395676,11.44325185],[-70.04021168,11.44732428],[-70.03890586,11.46607733],[-70.03971863,11.46710336],[-70.03915656,11.46921158],[-70.03737795,11.47454345],[-70.03617096,11.47629631],[-70.03566301,11.47663295],[-70.03309321,11.47666001],[-70.0317409,11.4779222],[-70.03084564,11.47685945],[-70.03014135,11.48267484],[-70.03455877,11.48503327],[-70.03666234,11.48890185],[-70.03940725,11.49050701],[-70.04994976,11.48897493],[-70.04808974,11.49849916],[-70.04469526,11.50712574],[-70.04870081,11.51169956],[-70.04554594,11.51097035],[-70.04391682,11.50934136],[-70.03502607,11.51015222],[-70.03366005,11.50782752],[-70.03102362,11.51087284],[-70.02945745,11.50954831],[-70.02069414,11.51167607],[-70.02013397,11.51472151],[-70.01612401,11.51325595],[-70.01307404,11.51444936],[-70.01142406,11.51652873],[-70.00510085,11.51863587],[-69.99942017,11.50933015],[-69.99871385,11.51058495],[-69.99615204,11.51040435],[-69.99578166,11.51067138],[-69.99366343,11.5137732],[-69.99326694,11.51403892],[-69.99209893,11.51403666],[-69.99102056,11.51336145],[-69.98789108,11.50914836],[-69.98528004,11.50162303],[-69.98169374,11.50248075],[-69.97883344,11.49984074],[-69.97613525,11.49921703],[-69.96925783,11.50336122],[-69.96305788,11.50424063],[-69.9609375,11.50530136],[-69.95876253,11.50681245],[-69.95848596,11.50707912],[-69.95264375,11.51823807],[-69.95025456,11.51938975],[-69.94949675,11.52256775],[-69.94701064,11.52299011],[-69.94496596,11.51827383],[-69.94208014,11.51537323],[-69.93950403,11.51767445],[-69.93204427,11.51709211],[-69.92007911,11.52319574],[-69.91925943,11.52238667],[-69.92012107,11.52091062],[-69.92324245,11.51992095],[-69.93026638,11.51515591],[-69.93127751,11.51085198],[-69.92732358,11.49928856],[-69.92267191,11.5007987],[-69.92065465,11.49935782],[-69.91874671,11.49179125],[-69.91526532,11.48998141],[-69.91135812,11.49137616],[-69.91083312,11.49306452],[-69.90910447,11.49281025],[-69.90040445,11.5008105],[-69.89987886,11.50067377],[-69.89956737,11.50045896],[-69.89771545,11.49818838],[-69.89805555,11.49733424],[-69.89964104,11.49883533],[-69.90043747,11.49702263],[-69.90394926,11.49590945],[-69.90883815,11.48783708],[-69.90610957,11.48838842],[-69.90189874,11.49376714],[-69.89779067,11.49435008],[-69.8963778,11.49564123],[-69.89543486,11.49293327],[-69.90163457,11.49158812],[-69.90449321,11.48813868],[-69.89951313,11.48938012],[-69.89971316,11.48660028],[-69.89638996,11.4870944],[-69.89387655,11.48613298],[-69.89686334,11.47882104],[-69.89350176,11.47436666],[-69.89029396,11.46633554],[-69.88415766,11.46377552],[-69.87501752,11.46682],[-69.8711431,11.46921945],[-69.87229264,11.46644688],[-69.87050414,11.46598935],[-69.87064207,11.46516395],[-69.87999725,11.46088564],[-69.88318264,11.45720744],[-69.87503874,11.46152365],[-69.87251401,11.45897377],[-69.8762722,11.45534503],[-69.87100935,11.45698094],[-69.8730098,11.45336461],[-69.86851466,11.45443416],[-69.86993444,11.45240486],[-69.87546384,11.45155334],[-69.87853014,11.4491173],[-69.87758231,11.44738567],[-69.87318707,11.44765306],[-69.86760271,11.45208633],[-69.86913001,11.44640744],[-69.87129784,11.44617236],[-69.87183785,11.44586015],[-69.8753494,11.44335723],[-69.87601805,11.44222391],[-69.8758291,11.44150138],[-69.87113726,11.43620145],[-69.87071872,11.43592656],[-69.85917664,11.43077385],[-69.85859585,11.42726815],[-69.8580513,11.42696857],[-69.85668826,11.42677057],[-69.85443306,11.42768145],[-69.85077167,11.42578125],[-69.85029185,11.42578125],[-69.84407711,11.42193007],[-69.84128106,11.42292297],[-69.83793497,11.42176855],[-69.83459473,11.42291927],[-69.82691884,11.42308247],[-69.82339895,11.42223406],[-69.82170355,11.42048013],[-69.81562161,11.41946125],[-69.81060207,11.41944635],[-69.80892611,11.42023575],[-69.80814314,11.42074203],[-69.80364454,11.42564166],[-69.80364454,11.42578125],[-69.80351722,11.42578125],[-69.80166233,11.42771375],[-69.80085695,11.42798984],[-69.80058885,11.42760336],[-69.80010104,11.42578125],[-69.80019975,11.42395377],[-69.79909015,11.42289758],[-69.79795575,11.42578125],[-69.79545617,11.42712235],[-69.79504633,11.42726815],[-69.79231346,11.42692113],[-69.79092574,11.42838848],[-69.79057455,11.42851055],[-69.78839064,11.42806673],[-69.78535581,11.42975485],[-69.78441048,11.43260014],[-69.77613854,11.43827164],[-69.77571547,11.43956316],[-69.77694404,11.44116294],[-69.77199376,11.44298303],[-69.77110112,11.44462395],[-69.76826668,11.4437921],[-69.76533592,11.44061267],[-69.76182008,11.44202483],[-69.76073682,11.44478655],[-69.75715685,11.44665897],[-69.75555694,11.44719255],[-69.75279665,11.44583404],[-69.75013685,11.44704413],[-69.74718726,11.44944274],[-69.75061655,11.45079207],[-69.75039494,11.45161665],[-69.74543595,11.45443916],[-69.74383962,11.45355236],[-69.74333191,11.45159936],[-69.74105644,11.45231354],[-69.74093592,11.45364284],[-69.7363162,11.45530093],[-69.73083878,11.45232844],[-69.72827232,11.45612895],[-69.72366214,11.45575666],[-69.72358811,11.45380044],[-69.72916865,11.44869792],[-69.72658324,11.44862246],[-69.72598886,11.44548297],[-69.72001624,11.44603395],[-69.71765685,11.44710612],[-69.71225917,11.45253694],[-69.70781243,11.45447683],[-69.70576346,11.45399714],[-69.70187247,11.45823753],[-69.70136905,11.46196175],[-69.69736755,11.46192825],[-69.69510305,11.46021962],[-69.69410956,11.45723391],[-69.69032943,11.4583714],[-69.68951726,11.45998752],[-69.69216704,11.46301627],[-69.69137764,11.46453571],[-69.69052601,11.46499753],[-69.68827152,11.46534443],[-69.68755162,11.4652431],[-69.68706536,11.46488631],[-69.6881814,11.46225345],[-69.68461645,11.46118116],[-69.68447638,11.45890582],[-69.69061518,11.45457482],[-69.69415677,11.4540596],[-69.69447136,11.45346642],[-69.69446254,11.45311356],[-69.69249761,11.45021081],[-69.69185901,11.45023513],[-69.6896944,11.45072341],[-69.68920624,11.45099425],[-69.68774843,11.45337248],[-69.68153262,11.45734477],[-69.68028593,11.45860016],[-69.67949247,11.46205294],[-69.67447793,11.46500576],[-69.66931081,11.46646488],[-69.66939843,11.47075653],[-69.66335535,11.47659302],[-69.66247976,11.48114204],[-69.6631304,11.48275006],[-69.66050422,11.488168],[-69.66348708,11.48961377],[-69.6754117,11.50331545],[-69.67737997,11.50406945],[-69.67690516,11.50770915],[-69.67820406,11.51047027],[-69.68266666,11.51716924],[-69.68548393,11.51759005],[-69.68494666,11.52052987],[-69.68644977,11.52108002],[-69.69062471,11.52892816],[-69.69440567,11.53274608],[-69.69469798,11.53596127],[-69.69935834,11.54394424],[-69.70246065,11.54673553],[-69.71582675,11.56964064],[-69.71937168,11.57314742],[-69.73149657,11.6015625],[-69.73159564,11.6015625],[-69.73837161,11.61367464],[-69.73850453,11.61397195],[-69.74276686,11.62600613],[-69.75139713,11.64128053],[-69.75387263,11.64943445],[-69.76144946,11.66391945],[-69.76399994,11.67062867],[-69.76323497,11.67222106],[-69.76487601,11.67302024],[-69.76496291,11.67520714],[-69.76952136,11.68462121],[-69.76902437,11.6863116],[-69.77048492,11.68626297],[-69.77042305,11.68817282],[-69.77185178,11.69018376],[-69.7758702,11.70609248],[-69.783674,11.70606565],[-69.78957212,11.70783865],[-69.79356861,11.70598614],[-69.79676461,11.70805085],[-69.79820454,11.70748246],[-69.79747927,11.70888555],[-69.79944825,11.70910394],[-69.79827452,11.71083856],[-69.78088093,11.70706058],[-69.77635264,11.70788765],[-69.77754545,11.71474397],[-69.77942204,11.71781433],[-69.77879035,11.71952164],[-69.78026795,11.72259033],[-69.77971017,11.72444177],[-69.78222597,11.73068893],[-69.78537655,11.73215866],[-69.78398073,11.73525155],[-69.78623354,11.74146295],[-69.78502035,11.74397445],[-69.78535414,11.74786603],[-69.78686547,11.74958146],[-69.78686547,11.75237155],[-69.78969586,11.75272918],[-69.78845263,11.75520134],[-69.79075205,11.75688815],[-69.79008853,11.76074982],[-69.79348862,11.76889896],[-69.79512763,11.77734375],[-69.79521358,11.77967334],[-69.79769754,11.78555262],[-69.79865015,11.79139554],[-69.80350995,11.80326355],[-69.81726611,11.84847736],[-69.81744015,11.84892106],[-69.82106531,11.85264587],[-69.82278442,11.85048127],[-69.82794464,11.85201168],[-69.82893801,11.85175705],[-69.82937574,11.85138762],[-69.83036184,11.8464694],[-69.82956314,11.84253705],[-69.82636416,11.83272874],[-69.82509816,11.83069074],[-69.82387865,11.82983577],[-69.82191932,11.83055735],[-69.81914878,11.82974744],[-69.81699073,11.82607055],[-69.81673491,11.82336664],[-69.81307685,11.82149374],[-69.80828595,11.81612802],[-69.80792856,11.81561172],[-69.80661511,11.81202865],[-69.80447292,11.80399728],[-69.80446601,11.80372012],[-69.80760503,11.79815435],[-69.80823386,11.79522955],[-69.80831504,11.79419875],[-69.80561686,11.78617072],[-69.80661893,11.78142762],[-69.80648124,11.78071547],[-69.80554283,11.77734375],[-69.80538392,11.77734375],[-69.80478346,11.77520704],[-69.79881644,11.76906431],[-69.79777515,11.76364291],[-69.79933524,11.75935793],[-69.79869413,11.75619936],[-69.80109465,11.75645113],[-69.8044486,11.75371182],[-69.80372286,11.75012553],[-69.80701935,11.74290574],[-69.80701935,11.74259353],[-69.80506468,11.72868228],[-69.80365467,11.72533906],[-69.80185485,11.72426081],[-69.80154371,11.71878445],[-69.80058301,11.71747637],[-69.80238116,11.70858633],[-69.79994643,11.70754337],[-69.798262,11.70531607],[-69.80220366,11.70501244],[-69.79413295,11.70282853],[-69.79469252,11.69760954],[-69.79015052,11.6912806],[-69.78683901,11.68959606],[-69.78700805,11.68638384],[-69.79018486,11.6868031],[-69.79406953,11.69262803],[-69.79790318,11.69487083],[-69.7980653,11.69747806],[-69.80458951,11.69711697],[-69.80587566,11.69525111],[-69.80260742,11.69536352],[-69.80257964,11.69453776],[-69.81245363,11.68649352],[-69.81595504,11.67982686],[-69.82268906,11.67665052],[-69.82886374,11.68045485],[-69.82999516,11.68529665],[-69.83621192,11.68778634],[-69.83786011,11.69020545],[-69.84086847,11.69149578],[-69.8426882,11.69149435],[-69.84419942,11.69111216],[-69.84506047,11.6905452],[-69.84659493,11.68752086],[-69.85156715,11.68373847],[-69.8591696,11.68348515],[-69.86263561,11.68078494],[-69.86442685,11.67842066],[-69.86610746,11.6701411],[-69.86897027,11.66668701],[-69.86984193,11.66361547],[-69.87140012,11.66363597],[-69.87234163,11.66689265],[-69.87361157,11.66734862],[-69.8768754,11.66570008],[-69.88697541,11.66761756],[-69.89325345,11.66765916],[-69.89646804,11.66635001],[-69.89742053,11.66835594],[-69.89202106,11.67222071],[-69.89290786,11.67293775],[-69.89734745,11.67176545],[-69.89873302,11.66854346],[-69.90328145,11.66675842],[-69.90613437,11.66223705],[-69.90815353,11.66175485],[-69.9097985,11.66322541],[-69.91181326,11.66225147],[-69.92058456,11.65051615],[-69.92516935,11.64802158],[-69.9290961,11.65360773],[-69.94094324,11.65506113],[-69.94259083,11.65760088],[-69.94667304,11.65986145],[-69.93911242,11.66291678],[-69.93301785,11.66251337],[-69.93284762,11.66511357],[-69.93929136,11.66702688],[-69.93907118,11.67085171],[-69.93948245,11.67086852],[-69.94996941,11.6661936],[-69.94930315,11.66099155],[-69.95251894,11.66305757],[-69.95520365,11.66280651],[-69.95726872,11.66559923],[-69.96051121,11.66567111],[-69.9609375,11.66545761],[-69.9609375,11.66350436],[-69.96302617,11.66207945],[-69.96484017,11.65879726],[-69.96859062,11.66179121],[-69.97188473,11.66070843],[-69.97439706,11.66237783],[-69.97585988,11.6613965],[-69.97611642,11.65859735],[-69.97881615,11.65752184],[-69.98519635,11.65632391],[-69.98775041,11.65730965],[-69.99813557,11.65712476],[-70.00108695,11.65621698],[-70.01233184,11.64864957],[-70.01482415,11.64879668],[-70.02401423,11.64495957],[-70.02953804,11.6449393],[-70.03996837,11.63970304],[-70.04179013,11.63987172],[-70.04255486,11.64121056],[-70.05256903,11.63533974],[-70.05309701,11.63681865],[-70.05183566,11.63865995],[-70.05593693,11.63784444],[-70.05962396,11.6350739],[-70.07556391,11.63213086],[-70.07611704,11.63067365],[-70.08003986,11.63141525],[-70.08324742,11.62937415],[-70.08338225,11.62777126],[-70.08660162,11.62810242],[-70.10106564,11.62336016],[-70.10251462,11.62411118],[-70.10891354,11.62262356],[-70.10921717,11.62161052],[-70.11943901,11.61948585],[-70.12586653,11.61650097],[-70.14136815,11.61865747],[-70.14512205,11.61715817],[-70.15254641,11.61147058],[-70.15524185,11.61351895],[-70.16195583,11.61236191],[-70.17427194,11.60812211],[-70.17770875,11.60812676],[-70.18469274,11.60471642],[-70.18954456,11.60571921],[-70.19720614,11.60357034],[-70.20063674,11.60483408],[-70.20706832,11.60388207],[-70.21388292,11.60708952],[-70.21949828,11.60604322],[-70.22084665,11.60834146],[-70.22355533,11.61001051],[-70.22492862,11.61797845],[-70.22974694,11.61775184],[-70.22919238,11.61983621],[-70.23038805,11.62133837],[-70.23253655,11.6195209],[-70.23407555,11.62028944],[-70.23166418,11.62229216],[-70.23136497,11.62309551],[-70.23149204,11.62370658],[-70.23267925,11.62468255],[-70.23309648,11.62466693],[-70.23489451,11.62316382],[-70.23584366,11.62353277],[-70.23383164,11.62665641],[-70.23443055,11.62683034],[-70.23832047,11.62561834],[-70.2384727,11.62587297],[-70.23779786,11.62683916],[-70.23447311,11.6280421],[-70.23439705,11.62840402],[-70.23843503,11.63037956],[-70.23838675,11.63080394],[-70.23569977,11.6315099],[-70.23548651,11.63180184],[-70.23542047,11.63528657],[-70.23155117,11.64216685],[-70.22843432,11.64435577],[-70.22214484,11.66051054],[-70.21989286,11.6633085],[-70.21758115,11.66382217],[-70.21547556,11.66590285],[-70.21705067,11.67142022],[-70.21314907,11.67257345],[-70.21934736,11.68668747],[-70.22150803,11.68707407],[-70.21863365,11.68823802],[-70.21946085,11.69296944],[-70.22084296,11.69423604],[-70.22264421,11.69352567],[-70.22396111,11.69669092],[-70.22615492,11.69752884],[-70.22144675,11.69848764],[-70.21953023,11.69565725],[-70.21680295,11.69577706],[-70.2133162,11.69756687],[-70.21083415,11.7004801],[-70.20936763,11.70776045],[-70.21109712,11.71342528],[-70.21439505,11.71297693],[-70.21214175,11.71551514],[-70.21554232,11.71837187],[-70.21793103,11.71715164],[-70.21929145,11.71407986],[-70.22137654,11.71456814],[-70.22200656,11.71765733],[-70.22373796,11.71832013],[-70.22206998,11.72029173],[-70.22360337,11.72200215],[-70.22585034,11.72173893],[-70.22543204,11.72846305],[-70.22758925,11.73156226],[-70.23074257,11.73190427],[-70.23095167,11.73211312],[-70.23494673,11.73758233],[-70.23482394,11.73796213],[-70.22894776,11.73981845],[-70.22846556,11.74013984],[-70.22578788,11.74384117],[-70.22699356,11.73590195],[-70.22210825,11.72803044],[-70.21984315,11.72679734],[-70.21827865,11.72714067],[-70.21281135,11.73332191],[-70.21135676,11.73227906],[-70.20967066,11.72575736],[-70.20458543,11.72659397],[-70.20205462,11.72782826],[-70.20150733,11.72880936],[-70.20188057,11.73170435],[-70.20058465,11.73578703],[-70.20349455,11.74089265],[-70.20378506,11.74125016],[-70.20799375,11.74226832],[-70.20930564,11.74438775],[-70.21237266,11.74446475],[-70.21313155,11.74661994],[-70.21651673,11.7453047],[-70.21784115,11.74855232],[-70.21747625,11.74969757],[-70.2154597,11.75023353],[-70.21258605,11.7480998],[-70.20985162,11.74890494],[-70.20636404,11.75232875],[-70.20552003,11.75375688],[-70.20453036,11.75607502],[-70.2045542,11.75843716],[-70.20541668,11.76168108],[-70.20690095,11.76387846],[-70.20626354,11.76437044],[-70.20900142,11.77046645],[-70.20920432,11.77086794],[-70.21288252,11.7755959],[-70.21698225,11.77734375],[-70.22771764,11.78073025],[-70.23683476,11.77746427],[-70.23779595,11.77696514],[-70.23894036,11.76990235],[-70.2321918,11.76522243],[-70.23166776,11.76284838],[-70.23166728,11.76227236],[-70.23188901,11.76130581],[-70.23398018,11.75918317],[-70.23599017,11.75956631],[-70.23649287,11.75915813],[-70.23688674,11.75711203],[-70.23730981,11.75700867],[-70.23868704,11.75730658],[-70.24211931,11.77337444],[-70.24387753,11.77393115],[-70.24499714,11.77286804],[-70.24521172,11.77313805],[-70.24640393,11.77734375],[-70.24663544,11.77734375],[-70.24915266,11.78734171],[-70.25273406,11.79172003],[-70.25216317,11.79432344],[-70.25293255,11.79488242],[-70.25563586,11.79336917],[-70.25840998,11.79538512],[-70.25437045,11.79860103],[-70.25618374,11.80707157],[-70.26073456,11.8185147],[-70.26756525,11.82023001],[-70.2735852,11.81919587],[-70.27637994,11.81702781],[-70.27655411,11.81727362],[-70.2768445,11.82628214],[-70.28167605,11.83749402],[-70.27939475,11.84910572],[-70.28018641,11.85366178],[-70.28030074,11.85390925],[-70.28519106,11.86119223],[-70.29462612,11.86199713],[-70.28881884,11.87185776],[-70.29124272,11.88656426],[-70.29086435,11.90158224],[-70.28504038,11.91256166],[-70.28098917,11.92510295],[-70.27375281,11.9323405],[-70.26940525,11.9413588],[-70.26983333,11.94406712],[-70.26288772,11.953125],[-70.25910056,11.95795393],[-70.25653696,11.96390343],[-70.25635874,11.96434236],[-70.25882185,11.96928406],[-70.25777435,11.98027337],[-70.24504685,11.99984801],[-70.2391839,12.01547134],[-70.23333228,12.02533805],[-70.21762764,12.04362214],[-70.21558654,12.04731548],[-70.20850301,12.07210684],[-70.20875013,12.07481515],[-70.21097624,12.07815826],[-70.21347296,12.08048594],[-70.21834207,12.08256137],[-70.21371496,12.0905534],[-70.21512544,12.09279084],[-70.21505773,12.09321511],[-70.21401882,12.09477031],[-70.2116549,12.09613013],[-70.20913875,12.09964406],[-70.20713115,12.09926593],[-70.20277771,12.10117543],[-70.20196915,12.10153008],[-70.17879033,12.10159254],[-70.14788234,12.10673273],[-70.14734423,12.10698688],[-70.14480817,12.10977077],[-70.14526665,12.11151481],[-70.13598895,12.11481047],[-70.13043141,12.11798203],[-70.12729001,12.12006891],[-70.12027085,12.12621927],[-70.12117934,12.12890625],[-70.12102401,12.12890625],[-70.12099373,12.13099825],[-70.12027073,12.13239408],[-70.11781335,12.13505542],[-70.11455572,12.13779592],[-70.1108942,12.14013541],[-70.10236335,12.14372337],[-70.10051715,12.14546227],[-70.09922075,12.14938211],[-70.09895885,12.14970005],[-70.09738016,12.15072036],[-70.09232974,12.15237331],[-70.08389926,12.15924561],[-70.06901515,12.16685796],[-70.06772566,12.16863585],[-70.06847382,12.17296791],[-70.06085885,12.17312372],[-70.05239511,12.17993653],[-70.04378796,12.18466794],[-70.04174316,12.18491793],[-70.040012,12.18335307],[-70.03830135,12.18395042],[-70.03707552,12.18733275],[-70.03484094,12.18899345],[-70.03452683,12.18912077],[-70.03286135,12.18841672],[-70.03051472,12.19053304],[-70.02770841,12.19097602],[-70.0232234,12.19523346],[-70.02254295,12.19546497],[-70.01324713,12.19526005],[-70.01016176,12.19366622],[-70.00567186,12.19366825],[-70.00045967,12.19447541],[-69.99973285,12.19641244],[-69.98900855,12.18389952],[-69.98334372,12.1790719],[-69.98250675,12.17863595],[-69.96729505,12.17190683],[-69.96630144,12.17175412],[-69.96449184,12.17185354],[-69.96304953,12.17433345],[-69.96131933,12.17490935],[-69.9609375,12.17494404],[-69.94422364,12.17546928],[-69.94207215,12.17220461],[-69.93933046,12.17215252],[-69.93716824,12.17003727],[-69.93516016,12.16989684],[-69.93449521,12.17041385],[-69.93436623,12.17237985],[-69.93289852,12.17210603],[-69.92997074,12.17066658],[-69.91673672,12.15913606],[-69.91629696,12.15870643],[-69.91404426,12.15468562],[-69.90579462,12.14955688],[-69.90426326,12.14680636],[-69.90448976,12.14461064],[-69.90054512,12.14296436],[-69.89764524,12.13989663],[-69.89482725,12.1363343],[-69.89521146,12.13516426],[-69.89268172,12.13306916],[-69.89130986,12.12890625],[-69.89108121,12.12890625],[-69.89036965,12.12527227],[-69.89009285,12.12488151],[-69.88500917,12.12069142],[-69.88484025,12.12030995],[-69.88398302,12.1181432],[-69.88473654,12.11236942],[-69.88243842,12.10810626],[-69.88078666,12.10153937],[-69.88022177,12.10117543],[-69.87684596,12.09900045],[-69.87398064,12.09076822],[-69.87396145,12.0863589],[-69.87097967,12.08418036],[-69.86692846,12.08339262],[-69.86656296,12.07888615],[-69.86353827,12.07721245],[-69.85832155,12.06989241],[-69.85683405,12.06515014],[-69.85484946,12.06306803],[-69.85449362,12.05870235],[-69.85234714,12.05758166],[-69.8509227,12.05457187],[-69.85119796,12.04592907],[-69.84623468,12.04151416],[-69.84561491,12.03723514],[-69.83950496,12.03428912],[-69.83908856,12.03367794],[-69.83694923,12.02902412],[-69.83670342,12.02551234],[-69.83526087,12.02243805],[-69.83259141,12.01974988],[-69.83343351,12.01165104],[-69.83123446,12.00966752],[-69.82988906,12.00594771],[-69.82583404,12.0055443],[-69.82352877,12.00403893],[-69.82158065,11.99701655],[-69.82347286,11.99319363],[-69.81991684,11.99081695],[-69.8205837,11.98760235],[-69.81960797,11.98580587],[-69.81930172,11.97477353],[-69.82029772,11.9714061],[-69.82003987,11.96968555],[-69.81893754,11.96472478],[-69.81381154,11.953125],[-69.8101778,11.94531608],[-69.80537164,11.94316864],[-69.80230105,11.94385517],[-69.80116057,11.94170952],[-69.80712903,11.93604457],[-69.81190002,11.93346155],[-69.81317174,11.92997503],[-69.81378138,11.92751098],[-69.81544864,11.90854561],[-69.81515276,11.89848685],[-69.81435251,11.88727033],[-69.81301951,11.88317156],[-69.81339335,11.87753904],[-69.81213617,11.87673187],[-69.80802894,11.86039174],[-69.80104935,11.82100272],[-69.79457533,11.79835916],[-69.79406321,11.79226005],[-69.78984416,11.78102207],[-69.78957558,11.77734375],[-69.78942955,11.77734375],[-69.78597903,11.76576662],[-69.78446507,11.76157904],[-69.78233647,11.75858045],[-69.78006744,11.7528218],[-69.77857351,11.74665928],[-69.77720916,11.74534523],[-69.77667856,11.7438426],[-69.77572405,11.73872185],[-69.77275372,11.73256326],[-69.77303946,11.73061681],[-69.76996148,11.72517335],[-69.76940358,11.72106636],[-69.76526594,11.71108651],[-69.76169455,11.70025742],[-69.76158083,11.69977605],[-69.76177204,11.69625103],[-69.75963235,11.69298518],[-69.76069212,11.69163406],[-69.75411642,11.67929268],[-69.75336266,11.67282665],[-69.75109744,11.66948807],[-69.75152814,11.66811085],[-69.74962473,11.66640723],[-69.74723697,11.66073203],[-69.74349546,11.65553558],[-69.74333346,11.65517592],[-69.74124396,11.64785147],[-69.73870444,11.6416049],[-69.72379005,11.60627413],[-69.72076964,11.6015625],[-69.72096396,11.6015625],[-69.70951855,11.57938993],[-69.68704987,11.54058862],[-69.68017364,11.53264952],[-69.66540182,11.50960505],[-69.65426028,11.49673116],[-69.63800526,11.47940314],[-69.62484121,11.46905375],[-69.62056422,11.46626782],[-69.609375,11.46037936],[-69.609375,11.46010041],[-69.60732734,11.45887494],[-69.60703397,11.45875514],[-69.60156655,11.4584192],[-69.59755313,11.45646584],[-69.58624256,11.45482624],[-69.57539284,11.45588613],[-69.57348287,11.45689166],[-69.57112014,11.4588356],[-69.57062304,11.46411812],[-69.56784916,11.46723068],[-69.56607544,11.47392786],[-69.56094027,11.47914743],[-69.56049502,11.47951508],[-69.5428524,11.49216235],[-69.53960764,11.49302304],[-69.53660941,11.49654806],[-69.53232956,11.49762535],[-69.52665126,11.50249171],[-69.51910961,11.50496113],[-69.51361227,11.50550783],[-69.51327086,11.50550282],[-69.50290143,11.50369525],[-69.49316525,11.50376177],[-69.48453212,11.50086617],[-69.47523093,11.50008595],[-69.45977223,11.50048673],[-69.4506582,11.49773824],[-69.44352663,11.49360943],[-69.43520713,11.49253142],[-69.43114436,11.49351788],[-69.42225981,11.49213338],[-69.41309965,11.48858893],[-69.40695453,11.48826766],[-69.39604914,11.48362482],[-69.3923465,11.48332417],[-69.38954318,11.48459315],[-69.38349175,11.48241484],[-69.36873734,11.48240054],[-69.36670625,11.48420656],[-69.36236525,11.48422575],[-69.35805941,11.48646748],[-69.35514605,11.49073505],[-69.35206604,11.49098563],[-69.34051836,11.49572897],[-69.3336364,11.49983406],[-69.32882893,11.50304842],[-69.32906425,11.50722313],[-69.32253301,11.50892544],[-69.31488872,11.51423013],[-69.30903232,11.51527071],[-69.30004168,11.52019715],[-69.29846263,11.52270365],[-69.29440272,11.52519286],[-69.2869153,11.52619565],[-69.28360271,11.53332794],[-69.28127551,11.53395104],[-69.27531445,11.53299594],[-69.26569033,11.53427196],[-69.2578125,11.52957594],[-69.2578125,11.52929676],[-69.25395417,11.52739596],[-69.24943602,11.52237165],[-69.22978866,11.50991094],[-69.22402155,11.50815225],[-69.22185278,11.51051903],[-69.22054386,11.51057792],[-69.20731306,11.50309145],[-69.20258546,11.50258636],[-69.20028913,11.50345373],[-69.19984186,11.50375652],[-69.19872224,11.50682676],[-69.19856465,11.50706625],[-69.19634986,11.50917816],[-69.19596863,11.509305],[-69.18652987,11.50951612],[-69.18295968,11.51053011],[-69.17653942,11.50834095],[-69.16851485,11.50003612],[-69.15892625,11.49344897],[-69.15344202,11.49118638],[-69.14980865,11.49253035],[-69.14238012,11.48998475],[-69.1339848,11.49113047],[-69.12557876,11.48582852],[-69.11926055,11.48356736],[-69.11257374,11.48440397],[-69.11007726,11.48753893],[-69.11163688,11.49130416],[-69.10741007,11.49352932],[-69.10345662,11.48884547],[-69.10108936,11.48899245],[-69.09785581,11.48620641],[-69.0880053,11.47276747],[-69.07235265,11.45452011],[-69.0629884,11.44620764],[-69.05102015,11.43907547],[-69.04616106,11.44230735],[-69.04218256,11.44350326],[-69.03012955,11.43697345],[-69.02170241,11.43521774],[-69.01822507,11.43655896],[-69.01852846,11.43860924],[-69.01356578,11.43982017],[-69.01097214,11.44238365],[-69.00833333,11.44301176],[-69.00236487,11.43952167],[-68.98937023,11.43476665],[-68.98582065,11.43773973],[-68.97975671,11.43982112],[-68.97675085,11.43969774],[-68.97257435,11.4375627],[-68.96762431,11.43867934],[-68.96716166,11.43937921],[-68.96906197,11.44073212],[-68.96854043,11.44235384],[-68.96448731,11.44339037],[-68.95962298,11.44751418],[-68.95423508,11.44776785],[-68.94875526,11.45070374],[-68.9479022,11.45082033],[-68.94427562,11.45040572],[-68.9334805,11.44602442],[-68.92847633,11.44667816],[-68.92346454,11.44530511],[-68.91463363,11.44620097],[-68.90957475,11.44830954],[-68.90625,11.44810271],[-68.90625,11.44782364],[-68.90371525,11.44543493],[-68.89722145,11.44257033],[-68.89674985,11.44244075],[-68.88822114,11.44139266],[-68.88480484,11.44480348],[-68.88475323,11.44610321],[-68.88660383,11.44773805],[-68.88589692,11.44817781],[-68.88250577,11.4484781],[-68.87934136,11.44666708],[-68.87425184,11.44585824],[-68.8694607,11.44956851],[-68.86340773,11.44900191],[-68.86000693,11.45054054],[-68.85768044,11.44967544],[-68.85066342,11.44293177],[-68.84059703,11.43802834],[-68.83748198,11.43877566],[-68.83523154,11.44203341],[-68.82953632,11.44390202],[-68.82509005,11.43624425],[-68.8162955,11.42578125],[-68.81579936,11.42578125],[-68.81217682,11.42122161],[-68.80864525,11.41509092],[-68.80791616,11.41410327],[-68.79826105,11.40210748],[-68.79484844,11.39846385],[-68.79125047,11.39513195],[-68.78754008,11.39358532],[-68.77900922,11.38694966],[-68.76644957,11.37363315],[-68.75987327,11.37145793],[-68.75338042,11.36598206],[-68.74730885,11.36655724],[-68.74258721,11.36455274],[-68.73985505,11.36090946],[-68.73202431,11.35384321],[-68.72828841,11.35124683],[-68.72325897,11.34802878],[-68.71754992,11.34517455],[-68.70667791,11.34096694],[-68.70003235,11.34048796],[-68.69947445,11.34048641],[-68.69453025,11.34173965],[-68.69254458,11.34267223],[-68.69096255,11.34419835],[-68.69039381,11.34587252],[-68.69034874,11.34875715],[-68.69175434,11.35308552],[-68.68977261,11.35498405],[-68.68631375,11.35438955],[-68.67140198,11.3472476],[-68.66819072,11.34651184],[-68.66646886,11.34791815],[-68.66259253,11.34773326],[-68.65350413,11.34086406],[-68.64389408,11.32819033],[-68.63909352,11.32419991],[-68.62491214,11.30514526],[-68.61339355,11.29245234],[-68.60186064,11.28172362],[-68.59947813,11.28075755],[-68.59289181,11.28246891],[-68.58493125,11.27486503],[-68.57845068,11.27521443],[-68.57158494,11.27154362],[-68.56746495,11.27365756],[-68.56360221,11.2748034],[-68.56100786,11.27484655],[-68.55860746,11.27434504],[-68.55757415,11.27394712],[-68.5546875,11.27120531],[-68.5546875,11.27092636],[-68.54565823,11.26479316],[-68.54239428,11.26461744],[-68.53778601,11.26726496],[-68.53517067,11.26520061],[-68.53160512,11.26494241],[-68.53120065,11.26470828],[-68.52678621,11.2587924],[-68.52496386,11.25697541],[-68.51761663,11.25135612],[-68.51714194,11.25],[-68.51688814,11.25],[-68.51658964,11.24750495],[-68.51502097,11.24529874],[-68.51149595,11.24255228],[-68.51146352,11.23909616],[-68.50819647,11.23431051],[-68.50143945,11.22526562],[-68.49831367,11.22342884],[-68.49298787,11.21750212],[-68.49069345,11.21248007],[-68.48889005,11.21223807],[-68.48012197,11.20294571],[-68.46956944,11.19607925],[-68.45340586,11.17831516],[-68.44321597,11.17396414],[-68.41862404,11.17122185],[-68.41225767,11.17435145],[-68.40796995,11.18068147],[-68.40737724,11.1848613],[-68.40833795,11.1867429],[-68.41238451,11.18972015],[-68.41290617,11.19042444],[-68.41281116,11.19177222],[-68.41245341,11.19225132],[-68.41071045,11.19303071],[-68.40990341,11.19302416],[-68.40446281,11.19051814],[-68.39325857,11.17982686],[-68.37972724,11.16359687],[-68.37841415,11.16111708],[-68.37802351,11.15980303],[-68.37902832,11.15889084],[-68.37955475,11.15883362],[-68.38527608,11.16124511],[-68.38747585,11.15948737],[-68.38800394,11.1587249],[-68.38896465,11.15637267],[-68.38920152,11.14972651],[-68.38920605,11.14939904],[-68.38827753,11.14582872],[-68.38192046,11.13632166],[-68.36916411,11.11006725],[-68.35832286,11.09654605],[-68.34465945,11.07421875],[-68.34437525,11.07421875],[-68.33945084,11.06709111],[-68.33360553,11.0531311],[-68.32956636,11.03265023],[-68.31929672,11.00623763],[-68.30850685,10.98479831],[-68.30325162,10.97691286],[-68.30374742,10.97614002],[-68.29417896,10.96390975],[-68.29109085,10.95920062],[-68.28547645,10.94912744],[-68.28346336,10.94811726],[-68.28326321,10.94787705],[-68.28296494,10.94592297],[-68.27858162,10.94112706],[-68.27168012,10.93599546],[-68.27062333,10.93429995],[-68.26912045,10.93095434],[-68.26805675,10.92652094],[-68.26831651,10.92573845],[-68.26907635,10.92480946],[-68.27340114,10.92300844],[-68.27471566,10.92034102],[-68.27471352,10.91755116],[-68.27185035,10.91096127],[-68.27080727,10.90955997],[-68.26824236,10.90797341],[-68.26607645,10.90971422],[-68.26558971,10.90988386],[-68.26417434,10.90978897],[-68.26351655,10.90939164],[-68.26174331,10.90693116],[-68.26296961,10.90502953],[-68.26449203,10.90442443],[-68.26803756,10.90356922],[-68.27174056,10.90412056],[-68.27668595,10.90298355],[-68.27920735,10.90376282],[-68.28459644,10.91039777],[-68.2923094,10.91506004],[-68.29609716,10.91614366],[-68.29395044,10.91832387],[-68.29142678,10.91873813],[-68.28875673,10.91775751],[-68.28657174,10.92322385],[-68.28736413,10.92448247],[-68.2899332,10.92615211],[-68.29403877,10.92604864],[-68.29440522,10.92856157],[-68.29951537,10.92882025],[-68.30469012,10.93100977],[-68.30878174,10.93000054],[-68.31069863,10.93244147],[-68.31552792,10.93392694],[-68.31537795,10.93531001],[-68.3172425,10.93687975],[-68.32071114,10.93607676],[-68.32458997,10.93325353],[-68.32531726,10.93298125],[-68.33027887,10.93199122],[-68.33166385,10.93189001],[-68.33361494,10.93372655],[-68.33651936,10.93237901],[-68.33976936,10.93279314],[-68.34065652,10.93115366],[-68.34360886,10.93011391],[-68.34892702,10.93212521],[-68.34947598,10.93212152],[-68.36145365,10.93131745],[-68.36270475,10.93096447],[-68.36388278,10.92961884],[-68.36256325,10.92729533],[-68.36445975,10.92188096],[-68.36449075,10.92134094],[-68.36341155,10.91813874],[-68.35715103,10.91800725],[-68.35631144,10.91397977],[-68.34864926,10.90970564],[-68.34851885,10.90652061],[-68.34194934,10.90755665],[-68.33235002,10.9128077],[-68.32172847,10.91533983],[-68.31667304,10.91229975],[-68.31637883,10.91197991],[-68.31597006,10.90901935],[-68.31425798,10.90838635],[-68.31122065,10.90858006],[-68.29308605,10.90324783],[-68.28156567,10.8984375],[-68.28093445,10.8984375],[-68.28005958,10.89795673],[-68.26822865,10.89534342],[-68.26347375,10.89404523],[-68.25911725,10.89405906],[-68.25816536,10.89423585],[-68.25696266,10.89517725],[-68.25700235,10.89746356],[-68.25443685,10.89826274],[-68.25452471,10.8984375],[-68.25302184,10.90209734],[-68.25091147,10.90383518],[-68.25511277,10.90484822],[-68.25309837,10.90909064],[-68.25319636,10.90997887],[-68.2554388,10.91389322],[-68.25953126,10.9170022],[-68.26081872,10.91838717],[-68.26081872,10.91894531],[-68.25838494,10.92066574],[-68.25298023,10.91849732],[-68.24753261,10.91467977],[-68.24763668,10.91208434],[-68.25098395,10.90946674],[-68.25107825,10.90910363],[-68.2505486,10.90559125],[-68.24980056,10.90414667],[-68.24901271,10.90292835],[-68.24602616,10.90091646],[-68.24547148,10.8984375],[-68.24515343,10.8984375],[-68.24359214,10.89485753],[-68.24253607,10.89324641],[-68.24031723,10.89054573],[-68.23774016,10.88851762],[-68.23174131,10.88565934],[-68.23103893,10.88551605],[-68.22448885,10.88630605],[-68.22390306,10.88378942],[-68.22697413,10.88220572],[-68.22696781,10.87842464],[-68.22507191,10.87911296],[-68.22210431,10.87799573],[-68.22033083,10.87881076],[-68.21597791,10.8774811],[-68.21665323,10.87150943],[-68.21510971,10.86792123],[-68.21579361,10.86535788],[-68.21738505,10.86716473],[-68.21832335,10.87184846],[-68.22171903,10.87309337],[-68.22343683,10.8753612],[-68.22272646,10.87742245],[-68.22548985,10.87834334],[-68.22191274,10.87156391],[-68.22188985,10.86898172],[-68.22742248,10.86596954],[-68.22949386,10.86762691],[-68.23146605,10.86371422],[-68.23111475,10.86276042],[-68.22594595,10.86418903],[-68.22433794,10.86731052],[-68.22092736,10.86592424],[-68.21933961,10.86741805],[-68.22009671,10.87025106],[-68.21890056,10.87005198],[-68.21846044,10.86648536],[-68.22132516,10.86350775],[-68.22078764,10.85884714],[-68.22295856,10.85726476],[-68.22287154,10.85694993],[-68.22087395,10.85687375],[-68.21841347,10.85999966],[-68.2179352,10.86001945],[-68.2171036,10.85866523],[-68.21734154,10.85698426],[-68.21751916,10.85652244],[-68.22126544,10.85151315],[-68.22173035,10.8514024],[-68.22311795,10.85417175],[-68.22362936,10.85424638],[-68.22653747,10.85227776],[-68.22654748,10.85370171],[-68.22444272,10.85510814],[-68.22391796,10.85728896],[-68.22390294,10.85796845],[-68.22600496,10.85850787],[-68.22688162,10.85843325],[-68.22740436,10.85812378],[-68.22799265,10.85281456],[-68.23568034,10.85205495],[-68.23991764,10.84926462],[-68.24098456,10.85076094],[-68.24878132,10.85229802],[-68.24891448,10.85530162],[-68.25495517,10.85393095],[-68.25797963,10.85010171],[-68.25922012,10.85054481],[-68.25931013,10.85179853],[-68.26229131,10.85152757],[-68.26380134,10.85434067],[-68.2643491,10.85453606],[-68.26486075,10.85444164],[-68.26991701,10.84980643],[-68.27284217,10.84894574],[-68.27266133,10.84653735],[-68.27354956,10.84604096],[-68.27921164,10.84876204],[-68.27634537,10.85117793],[-68.2779932,10.85230815],[-68.27532864,10.8528527],[-68.27694166,10.85429835],[-68.27705157,10.85690784],[-68.28041172,10.85750794],[-68.28146315,10.85865271],[-68.28287137,10.85784316],[-68.28364694,10.85893405],[-68.29103982,10.85864675],[-68.29538763,10.86125565],[-68.29732263,10.86017764],[-68.29734814,10.85836506],[-68.30277514,10.85578382],[-68.30193496,10.85108292],[-68.29556704,10.84560585],[-68.29248512,10.84483325],[-68.28925645,10.84590352],[-68.28761172,10.84804225],[-68.2860831,10.84795415],[-68.28639674,10.84474993],[-68.29038966,10.84401047],[-68.2899003,10.84216964],[-68.2927289,10.84176135],[-68.29668593,10.84271622],[-68.30066645,10.84852731],[-68.30290306,10.84850144],[-68.30688345,10.85284436],[-68.30975795,10.85410321],[-68.30931497,10.85231376],[-68.30168366,10.84517515],[-68.31153643,10.8485316],[-68.31283164,10.85073614],[-68.31256843,10.85368073],[-68.31405783,10.85514975],[-68.31614471,10.85499954],[-68.31456637,10.85241175],[-68.31627536,10.85075736],[-68.31977856,10.8513447],[-68.32168496,10.85496497],[-68.32215726,10.85268581],[-68.32528365,10.85318613],[-68.32548535,10.85299003],[-68.32437515,10.85120893],[-68.32032812,10.84921682],[-68.32148886,10.84699786],[-68.31279385,10.84609485],[-68.31448972,10.84368443],[-68.31400573,10.84270406],[-68.30692637,10.84387827],[-68.30888176,10.84126806],[-68.31183875,10.84025586],[-68.31194592,10.83906162],[-68.30871296,10.83927035],[-68.30457866,10.84160388],[-68.30129254,10.84138131],[-68.30327785,10.83995235],[-68.29967785,10.83883405],[-68.29738951,10.83519626],[-68.29814565,10.83236575],[-68.29955292,10.83129084],[-68.29554737,10.83197057],[-68.29440916,10.83137691],[-68.29283094,10.82965946],[-68.29275525,10.82569206],[-68.29306495,10.8248862],[-68.29628885,10.82327271],[-68.29701686,10.82180476],[-68.29917121,10.82306242],[-68.30221641,10.82471836],[-68.30259514,10.82513988],[-68.30408895,10.82932341],[-68.30608404,10.8288691],[-68.30780101,10.83037496],[-68.3100605,10.83051825],[-68.31578708,10.83637571],[-68.32029855,10.83364606],[-68.32313251,10.83574331],[-68.32406652,10.83308923],[-68.32862353,10.83299994],[-68.32883203,10.83551645],[-68.32603586,10.83521533],[-68.32544255,10.83666647],[-68.32029295,10.83860946],[-68.31973136,10.83900654],[-68.31905735,10.84084845],[-68.31916106,10.84143674],[-68.32082403,10.84343255],[-68.32446516,10.84624481],[-68.32706654,10.84712791],[-68.32694638,10.84922934],[-68.32947826,10.85095942],[-68.32947934,10.85344553],[-68.32760167,10.85473931],[-68.32568634,10.85878146],[-68.33120024,10.86017418],[-68.32841778,10.85697174],[-68.33223677,10.85425687],[-68.33283711,10.85286355],[-68.33275962,10.85214007],[-68.33173573,10.85035753],[-68.32553566,10.84360635],[-68.32778955,10.84031534],[-68.32834744,10.83640575],[-68.33004856,10.83639216],[-68.32994413,10.83273745],[-68.32787645,10.82849896],[-68.32777774,10.82511735],[-68.32958686,10.82418776],[-68.32931018,10.82181644],[-68.32551157,10.82337201],[-68.3268646,10.83016562],[-68.32629776,10.83233607],[-68.32522905,10.83034384],[-68.32396257,10.83136272],[-68.32202888,10.82970846],[-68.31936014,10.83184552],[-68.31689227,10.8316915],[-68.31553698,10.82949221],[-68.31819725,10.82698512],[-68.316136,10.82538986],[-68.31242704,10.82782817],[-68.31067204,10.82677817],[-68.31096244,10.82855082],[-68.30831945,10.82767105],[-68.30906045,10.82409275],[-68.31204975,10.82311976],[-68.31288493,10.82405984],[-68.31084466,10.82499743],[-68.31290805,10.82615483],[-68.31459475,10.82240355],[-68.31676352,10.82102895],[-68.3163414,10.81888914],[-68.31448412,10.81971955],[-68.31294656,10.81895006],[-68.31292105,10.81785464],[-68.31518304,10.81643522],[-68.31773317,10.81759346],[-68.31817055,10.81918287],[-68.32106042,10.82114327],[-68.32155168,10.82353914],[-68.32184303,10.82365346],[-68.32320642,10.82241845],[-68.32460237,10.81925094],[-68.32492065,10.8140341],[-68.32455838,10.81015074],[-68.32318795,10.80601656],[-68.32281506,10.80510354],[-68.32066071,10.80256641],[-68.32143474,10.80013382],[-68.32136393,10.79996073],[-68.31606245,10.7951405],[-68.31575453,10.79495764],[-68.31346095,10.79475784],[-68.31241024,10.79543591],[-68.31110847,10.79760253],[-68.31163645,10.80143571],[-68.30737162,10.8045963],[-68.31116724,10.80724001],[-68.31254804,10.80942404],[-68.31277704,10.8121258],[-68.31017256,10.81358016],[-68.30850077,10.81629491],[-68.30832243,10.81681824],[-68.30944288,10.81856894],[-68.3113451,10.81847],[-68.31176925,10.82039595],[-68.31151235,10.82127547],[-68.3096174,10.82256901],[-68.30774403,10.82181168],[-68.30707502,10.82212341],[-68.30677104,10.82255173],[-68.30673444,10.82372522],[-68.30848014,10.82547426],[-68.30848014,10.8260324],[-68.30690885,10.82762885],[-68.30306673,10.82206428],[-68.30187416,10.82101285],[-68.30348623,10.82001293],[-68.30405974,10.81702244],[-68.30471075,10.81613123],[-68.30562401,10.81560576],[-68.30715585,10.81610632],[-68.30779052,10.81433284],[-68.30631781,10.81517434],[-68.30649912,10.81240392],[-68.30619872,10.81225204],[-68.29813266,10.81097245],[-68.29808605,10.80958176],[-68.30020916,10.80984914],[-68.2989645,10.80681551],[-68.29070914,10.80947995],[-68.28995144,10.80854404],[-68.29022646,10.80751216],[-68.29357135,10.80691767],[-68.29448712,10.80524933],[-68.29091096,10.80541337],[-68.29045785,10.80421102],[-68.30006063,10.79882395],[-68.30112696,10.79579461],[-68.30021477,10.79343176],[-68.29578996,10.79116416],[-68.29628623,10.78549886],[-68.30411625,10.78736985],[-68.30716705,10.79065013],[-68.30853355,10.78911388],[-68.31118202,10.78903651],[-68.31279516,10.79384673],[-68.3137145,10.79123175],[-68.31544924,10.79150724],[-68.31794095,10.79003561],[-68.32179761,10.78531766],[-68.32374597,10.78101277],[-68.32435274,10.76859295],[-68.32161617,10.75839841],[-68.32145321,10.75358665],[-68.31769311,10.74314606],[-68.31729031,10.73883975],[-68.31464064,10.73488426],[-68.310184,10.72265625],[-68.31009746,10.72265625],[-68.29713964,10.68500853],[-68.29454744,10.6822834],[-68.29474711,10.68040216],[-68.28868115,10.66476035],[-68.27579451,10.63771045],[-68.26143014,10.61405146],[-68.26115537,10.61360741],[-68.24682498,10.59254265],[-68.24092901,10.58381772],[-68.24068081,10.58353865],[-68.21106994,10.546875],[-68.21078622,10.546875],[-68.20990813,10.54538715],[-68.203125,10.53850436],[-68.203125,10.53822541],[-68.19830131,10.53222644],[-68.18393624,10.51676536],[-68.17747235,10.51174772],[-68.17564833,10.51184285],[-68.16498256,10.50088847],[-68.16383946,10.50022137],[-68.15916038,10.49901652],[-68.15736258,10.50039268],[-68.15663481,10.50333595],[-68.15509152,10.50358474],[-68.15393364,10.49977577],[-68.15176356,10.49899375],[-68.14934242,10.49961972],[-68.14967763,10.49776101],[-68.14384115,10.4919852],[-68.13831127,10.48821521],[-68.12746561,10.48411334],[-68.1237452,10.48586977],[-68.12478232,10.48808336],[-68.12283564,10.48988211],[-68.11776292,10.48606121],[-68.11478508,10.48646462],[-68.11047018,10.48122084],[-68.10859108,10.48209047],[-68.10466862,10.48093557],[-68.09543347,10.48858821],[-68.09550595,10.49033082],[-68.09386516,10.48996043],[-68.08806407,10.49497795],[-68.08041477,10.49233317],[-68.07798564,10.49378824],[-68.07647991,10.4968276],[-68.07384706,10.49813056],[-68.07158041,10.49814367],[-68.06671822,10.49556994],[-68.06472135,10.49737728],[-68.06064653,10.49797606],[-68.04858804,10.48980844],[-68.04467046,10.48827314],[-68.04109466,10.48450446],[-68.03536153,10.48825157],[-68.03864443,10.48501146],[-68.03859675,10.48227775],[-68.02353597,10.47472155],[-68.01234818,10.47464752],[-68.01285267,10.47727227],[-68.00973904,10.48101747],[-68.0062505,10.48238015],[-68.00005496,10.48111665],[-68.00079203,10.47704434],[-67.99840546,10.47647536],[-67.99681067,10.47340643],[-68.00258815,10.46961951],[-67.99981296,10.46852326],[-67.99740005,10.469069],[-67.99412191,10.47480595],[-67.99240625,10.47514474],[-67.99078035,10.47189736],[-67.98831296,10.47065985],[-67.98591435,10.4650048],[-67.98331344,10.46495247],[-67.98384357,10.46941626],[-67.98646343,10.47367418],[-67.98940504,10.47448981],[-67.99133134,10.47767377],[-67.99424684,10.47855377],[-67.99585485,10.48455906],[-67.99292386,10.48512888],[-67.99339986,10.48714662],[-67.99869716,10.48824155],[-67.99977744,10.4853456],[-68.00413334,10.48465836],[-68.00652945,10.48762774],[-68.00541437,10.48544645],[-68.00605965,10.48429561],[-68.01029158,10.48304594],[-68.01152873,10.48488164],[-68.0088793,10.49101341],[-68.00556231,10.49123776],[-68.00301015,10.48942971],[-67.99912512,10.49176705],[-67.9959625,10.49198365],[-67.98308766,10.48518586],[-67.98155427,10.4857707],[-67.98477197,10.48894632],[-67.98349261,10.49042904],[-67.97960567,10.48959506],[-67.97350717,10.48635316],[-67.97254634,10.48332655],[-67.96657825,10.47770751],[-67.96061337,10.47436655],[-67.9566766,10.47059345],[-67.95077026,10.46220124],[-67.94649684,10.46186316],[-67.93214846,10.47222555],[-67.93080234,10.46817553],[-67.93291736,10.46329296],[-67.93125784,10.45995641],[-67.93056595,10.45967507],[-67.92977214,10.4618777],[-67.92608345,10.45463335],[-67.92170715,10.45403671],[-67.92016315,10.45449972],[-67.91739285,10.45904577],[-67.91275394,10.46208155],[-67.91055751,10.46632934],[-67.90862274,10.46749866],[-67.90805125,10.46978354],[-67.90282965,10.47362864],[-67.90032995,10.47399092],[-67.90043724,10.47153056],[-67.89551675,10.47028732],[-67.89399028,10.46740615],[-67.88983786,10.47066343],[-67.8868587,10.47543526],[-67.88534784,10.47461605],[-67.88489783,10.47364795],[-67.88480747,10.47320473],[-67.88571036,10.47260201],[-67.88533914,10.47202647],[-67.88459575,10.47153294],[-67.88182652,10.47156966],[-67.87814558,10.47296464],[-67.87617481,10.47701836],[-67.87552273,10.47761703],[-67.87439775,10.477862],[-67.87248302,10.47777343],[-67.87188232,10.47740054],[-67.87042654,10.47498465],[-67.86997426,10.47479331],[-67.86868668,10.47467995],[-67.86665416,10.47490418],[-67.86597085,10.4755218],[-67.86394143,10.47833574],[-67.85727668,10.47861695],[-67.85304761,10.46995068],[-67.8529098,10.46949804],[-67.85272646,10.46279585],[-67.85321105,10.46135974],[-67.85478425,10.45965946],[-67.85363853,10.46162212],[-67.85385525,10.46733224],[-67.85501027,10.46383536],[-67.85763907,10.46049762],[-67.85773897,10.45995903],[-67.85738337,10.45755267],[-67.85569775,10.45893764],[-67.85587215,10.45472503],[-67.85705554,10.45544386],[-67.85737205,10.45742571],[-67.85834086,10.45724034],[-67.86035216,10.45356882],[-67.85793602,10.4514991],[-67.85745573,10.44919825],[-67.85562074,10.45363915],[-67.85619998,10.44694614],[-67.85578465,10.44613874],[-67.85286462,10.44489467],[-67.8515625,10.44475436],[-67.85156393,10.44472647],[-67.84158874,10.44354427],[-67.84185076,10.43967772],[-67.84087074,10.43917274],[-67.83850384,10.43895602],[-67.83799005,10.43909621],[-67.83655214,10.44049883],[-67.83660984,10.4431473],[-67.84063256,10.44392955],[-67.84239078,10.44515395],[-67.84264672,10.44552386],[-67.84478247,10.45245612],[-67.84050345,10.46165693],[-67.84046245,10.46470392],[-67.83886814,10.46777213],[-67.83977652,10.47008026],[-67.83800006,10.47658324],[-67.83525217,10.48302615],[-67.83074427,10.48197496],[-67.82961035,10.48002303],[-67.82679415,10.47999561],[-67.82393575,10.48135161],[-67.82299948,10.48574305],[-67.82096231,10.48530376],[-67.81964695,10.48322964],[-67.81632292,10.48517263],[-67.81614494,10.48274004],[-67.81160855,10.48163295],[-67.81106615,10.47941315],[-67.80916548,10.47951424],[-67.81096351,10.47256553],[-67.81270504,10.47542763],[-67.81338775,10.47480488],[-67.81294465,10.46877825],[-67.81056762,10.4670577],[-67.80737865,10.47068048],[-67.80410326,10.47109127],[-67.80449665,10.47365201],[-67.80682886,10.47526145],[-67.80722213,10.47720134],[-67.80559623,10.48130608],[-67.80300236,10.48331165],[-67.80428648,10.48575521],[-67.80116916,10.48938978],[-67.79453886,10.48960185],[-67.78850102,10.48723841],[-67.78688502,10.48799205],[-67.78747571,10.48939717],[-67.78656077,10.49041975],[-67.77961707,10.49093664],[-67.77641904,10.48927164],[-67.76991701,10.48808312],[-67.76934075,10.48878252],[-67.76799631,10.4877851],[-67.76401627,10.48899424],[-67.76239777,10.49322414],[-67.76309395,10.49488997],[-67.75487268,10.49684834],[-67.75194716,10.49925256],[-67.74602175,10.49868965],[-67.74370408,10.4994719],[-67.74441886,10.49483645],[-67.74429071,10.49459422],[-67.74047673,10.49277496],[-67.73650312,10.49274552],[-67.73477614,10.49395072],[-67.73452675,10.49429893],[-67.73241174,10.49855244],[-67.73518395,10.49991071],[-67.73460746,10.50080311],[-67.72939611,10.49813867],[-67.71662104,10.49840951],[-67.70984006,10.50383687],[-67.69544136,10.50182474],[-67.69371235,10.49937832],[-67.6891309,10.49671507],[-67.68505812,10.49709487],[-67.68399775,10.49939895],[-67.67835486,10.49869168],[-67.66924405,10.49960017],[-67.66261125,10.49662244],[-67.65758312,10.49959052],[-67.64564228,10.50242782],[-67.63747704,10.50080526],[-67.63487005,10.50243592],[-67.62542772,10.50146413],[-67.62453866,10.5014621],[-67.61815465,10.50225317],[-67.61732566,10.50244176],[-67.61627615,10.50325632],[-67.61537898,10.50570166],[-67.61195266,10.50644696],[-67.60961425,10.50918865],[-67.60458314,10.5119915],[-67.60347736,10.51220071],[-67.59863961,10.51168871],[-67.59826148,10.50862026],[-67.59800267,10.50797665],[-67.59683776,10.50700283],[-67.59590364,10.50676477],[-67.59528112,10.50667095],[-67.59360838,10.50812054],[-67.58912647,10.50713885],[-67.58620691,10.50844657],[-67.58100724,10.50873256],[-67.57858014,10.50966978],[-67.57376206,10.51305366],[-67.57193232,10.51531124],[-67.57132328,10.51818645],[-67.56683016,10.51624644],[-67.56114805,10.51615155],[-67.55779684,10.52137923],[-67.55753541,10.52164543],[-67.55522776,10.52244902],[-67.55467784,10.52252161],[-67.54538655,10.51958478],[-67.54341245,10.52081227],[-67.54351962,10.52402377],[-67.53591371,10.52719581],[-67.53517401,10.52729034],[-67.5332998,10.52544534],[-67.52608466,10.52320492],[-67.52555895,10.52307606],[-67.51960135,10.52382386],[-67.51493883,10.52206635],[-67.51012254,10.52695441],[-67.50980973,10.52713704],[-67.50795436,10.52771628],[-67.50758815,10.52779818],[-67.50489998,10.52685142],[-67.50419497,10.52697325],[-67.5,10.52845967],[-67.49684095,10.53031266],[-67.48981631,10.53087401],[-67.48702204,10.53011453],[-67.48532343,10.53187621],[-67.47620201,10.53513408],[-67.47377717,10.53231704],[-67.4712311,10.53648806],[-67.46927035,10.53733075],[-67.46380425,10.53575671],[-67.45827281,10.53129876],[-67.45023477,10.53250003],[-67.44426382,10.53089905],[-67.44217312,10.53394663],[-67.43877006,10.53275394],[-67.43781114,10.53543568],[-67.43224025,10.53334355],[-67.41472185,10.53584754],[-67.40545833,10.53416073],[-67.39959705,10.53440738],[-67.40022814,10.53078115],[-67.39966905,10.53046048],[-67.39917243,10.5301758],[-67.39817846,10.53086722],[-67.39685142,10.53335226],[-67.39374936,10.53334665],[-67.39268327,10.53239954],[-67.39006805,10.5339092],[-67.37760353,10.53410125],[-67.37345326,10.53574467],[-67.37162542,10.53764403],[-67.35472834,10.54004025],[-67.35229516,10.54085255],[-67.35108817,10.54284573],[-67.34832191,10.54362178],[-67.34761286,10.54373348],[-67.34577906,10.54351151],[-67.34337831,10.53938091],[-67.34068394,10.54106486],[-67.3418318,10.54400241],[-67.33907807,10.54457605],[-67.32984221,10.54386437],[-67.32624304,10.54287696],[-67.32588625,10.54192352],[-67.32288134,10.54253995],[-67.31745625,10.54055142],[-67.31373096,10.54204702],[-67.30970335,10.54070842],[-67.30520046,10.54154277],[-67.3043766,10.54256308],[-67.30039525,10.54220045],[-67.29963362,10.54348457],[-67.29611957,10.54309356],[-67.28814471,10.54641485],[-67.28218305,10.54615104],[-67.28174806,10.54635441],[-67.2817986,10.546875],[-67.28151476,10.546875],[-67.27674866,10.54782653],[-67.27601194,10.54782653],[-67.27442121,10.546875],[-67.27385354,10.546875],[-67.27207112,10.54610634],[-67.26985955,10.54667974],[-67.26988125,10.546875],[-67.2681787,10.546875],[-67.26684952,10.54735482],[-67.26449001,10.546875],[-67.26316404,10.5460999],[-67.26016712,10.54673338],[-67.25569391,10.546875],[-67.25128102,10.55062926],[-67.24736595,10.54947746],[-67.24388063,10.54985416],[-67.24315774,10.55131805],[-67.24004364,10.55039942],[-67.23825955,10.55222046],[-67.23842812,10.55471551],[-67.23662174,10.55575788],[-67.2337985,10.55285084],[-67.23120022,10.55322325],[-67.22092772,10.55092525],[-67.21640885,10.55210555],[-67.21357512,10.55165005],[-67.21125162,10.55210614],[-67.21095037,10.55226445],[-67.20928585,10.55631256],[-67.20672011,10.55716884],[-67.2025125,10.55716896],[-67.19882917,10.55588555],[-67.19481266,10.55687356],[-67.18590605,10.55534935],[-67.17299533,10.56016672],[-67.16759932,10.56079626],[-67.16530454,10.55980575],[-67.15949714,10.55986857],[-67.1538496,10.56463504],[-67.15142012,10.5639683],[-67.15109944,10.56408465],[-67.1484375,10.56640625],[-67.14694607,10.56733406],[-67.14662504,10.56743991],[-67.14138603,10.56651461],[-67.13998485,10.56997204],[-67.13188326,10.57006288],[-67.12224317,10.57229495],[-67.1161592,10.57502413],[-67.11138201,10.5758419],[-67.10840821,10.57781351],[-67.1040591,10.57860792],[-67.10071528,10.58071744],[-67.09430814,10.57944071],[-67.08314157,10.58578134],[-67.08316016,10.58838391],[-67.0821501,10.58896828],[-67.0772413,10.58969832],[-67.07616174,10.58711207],[-67.07253063,10.58995354],[-67.06815934,10.58876586],[-67.05806243,10.59315562],[-67.05267358,10.59366608],[-67.04557562,10.59735227],[-67.04394674,10.60058105],[-67.04010367,10.60166621],[-67.03719556,10.60693932],[-67.03161907,10.61006844],[-67.03003335,10.61235654],[-67.02825427,10.61235785],[-67.02849364,10.61083245],[-67.02730751,10.61068344],[-67.0230993,10.61398482],[-67.02048445,10.61361134],[-67.0159204,10.61508155],[-67.00441158,10.61078477],[-67.0016669,10.61234164],[-66.99750781,10.6122843],[-66.99620795,10.61028135],[-66.99227858,10.61198485],[-66.98807323,10.61208844],[-66.98328781,10.60857725],[-66.9784677,10.60682821],[-66.97398055,10.60790384],[-66.96984184,10.60695398],[-66.96413481,10.60258543],[-66.95819891,10.60022151],[-66.95314968,10.60264516],[-66.94754386,10.60285366],[-66.946823,10.60164463],[-66.94154954,10.60144913],[-66.9426918,10.59965634],[-66.94207633,10.59912312],[-66.9380275,10.60040402],[-66.94087934,10.60264981],[-66.94431925,10.60293901],[-66.94651163,10.60563147],[-66.94625235,10.60673845],[-66.93919957,10.60312974],[-66.93430746,10.60331667],[-66.93291962,10.60428011],[-66.92905402,10.60238767],[-66.92012572,10.60443747],[-66.91689992,10.60681546],[-66.9109081,10.60184908],[-66.90967596,10.60287321],[-66.90774214,10.60215676],[-66.89961875,10.60682785],[-66.89577913,10.60610473],[-66.89292812,10.60724425],[-66.88870025,10.61147964],[-66.88647425,10.61213243],[-66.87679863,10.60949934],[-66.87502861,10.60805261],[-66.87135291,10.61212218],[-66.8673135,10.61167705],[-66.86293852,10.61278653],[-66.85793602,10.61779451],[-66.85120034,10.6199131],[-66.84941435,10.61929274],[-66.84592235,10.62027132],[-66.84587336,10.62257743],[-66.84324718,10.62245691],[-66.83960664,10.6192584],[-66.83848274,10.6194036],[-66.83847213,10.61802375],[-66.83620405,10.61585164],[-66.83196986,10.61348021],[-66.82746065,10.61304486],[-66.82579684,10.61466134],[-66.82243144,10.61384654],[-66.81948483,10.61140215],[-66.80180836,10.61084604],[-66.796875,10.61104906],[-66.78743684,10.61191571],[-66.78209841,10.61436093],[-66.77853048,10.61334193],[-66.7697798,10.61386192],[-66.76540256,10.61730337],[-66.75943005,10.61475706],[-66.74968553,10.61610115],[-66.74640667,10.61821914],[-66.74831355,10.62055004],[-66.74646902,10.62330997],[-66.74410915,10.62252271],[-66.74315298,10.62402368],[-66.73786747,10.62519705],[-66.73118961,10.62157905],[-66.7231909,10.61974347],[-66.71930695,10.6214987],[-66.72023761,10.62439776],[-66.71630847,10.62549567],[-66.707605,10.62172365],[-66.69853353,10.62262964],[-66.69674635,10.62155664],[-66.69133258,10.62313676],[-66.68154204,10.62325382],[-66.66543114,10.62168133],[-66.66054654,10.62269628],[-66.65622771,10.6222527],[-66.65118516,10.62492621],[-66.64732754,10.62340164],[-66.64385295,10.62464881],[-66.62648487,10.62611604],[-66.61315811,10.62535071],[-66.60948825,10.62611055],[-66.60656917,10.62506545],[-66.59841132,10.62743962],[-66.59269083,10.62627876],[-66.58884156,10.6282742],[-66.58132863,10.62701285],[-66.56941295,10.62977266],[-66.56045914,10.62617922],[-66.55810118,10.62748253],[-66.55074024,10.62750375],[-66.54121006,10.62943423],[-66.52910304,10.62996244],[-66.52719188,10.62896657],[-66.51468813,10.63155186],[-66.5083456,10.6299355],[-66.50513816,10.63156283],[-66.49600613,10.63084507],[-66.49421406,10.63204944],[-66.48034966,10.62949383],[-66.47490871,10.62954581],[-66.47024965,10.63134491],[-66.46920025,10.63134384],[-66.45814335,10.62872851],[-66.44880486,10.63021815],[-66.4453125,10.62806904],[-66.44445348,10.62766421],[-66.43725181,10.62570071],[-66.4359591,10.62575901],[-66.4350878,10.62616503],[-66.43474555,10.62823021],[-66.43298721,10.62883484],[-66.41876256,10.62755632],[-66.41592205,10.63067532],[-66.41115224,10.63110876],[-66.39098024,10.62140322],[-66.38068855,10.61994636],[-66.37650466,10.61610103],[-66.36458385,10.60987902],[-66.34896016,10.60664535],[-66.34067047,10.60972488],[-66.33655274,10.60977042],[-66.32765555,10.61417997],[-66.31807935,10.61564803],[-66.3153851,10.61737013],[-66.31486905,10.61777675],[-66.31457663,10.6192584],[-66.31334031,10.62231994],[-66.30524862,10.63139582],[-66.30496407,10.63459313],[-66.30323637,10.63743317],[-66.30297351,10.63780475],[-66.29997861,10.64005041],[-66.2944864,10.64073706],[-66.28244412,10.64601517],[-66.28186464,10.64613116],[-66.27884865,10.64512157],[-66.27641571,10.64702141],[-66.27425897,10.64600635],[-66.26867211,10.64812982],[-66.26429486,10.64775276],[-66.25739038,10.65004277],[-66.25366175,10.64881158],[-66.2497189,10.64977813],[-66.23998463,10.64839625],[-66.23688722,10.64920866],[-66.22874665,10.64615905],[-66.21987545,10.64009702],[-66.21674407,10.63913071],[-66.19604802,10.62256372],[-66.17380536,10.60894084],[-66.17127156,10.60843325],[-66.16889465,10.61043346],[-66.1651051,10.60817957],[-66.15654981,10.60702097],[-66.15134525,10.60420954],[-66.14941323,10.60496438],[-66.14615464,10.60250473],[-66.13970625,10.60178864],[-66.13407445,10.59904134],[-66.12808526,10.60150933],[-66.12650704,10.60032928],[-66.12406611,10.60043693],[-66.11918485,10.59577215],[-66.11650264,10.59407115],[-66.11495244,10.59348261],[-66.11112404,10.5933938],[-66.10760391,10.59188485],[-66.10142255,10.59207165],[-66.09817314,10.58825386],[-66.09375,10.58621645],[-66.08820415,10.58319175],[-66.08025444,10.57749605],[-66.07950997,10.57715225],[-66.07509851,10.5756433],[-66.06834316,10.57460153],[-66.06112444,10.57924736],[-66.06450057,10.58767962],[-66.06433713,10.58841085],[-66.06312764,10.58829033],[-66.05834794,10.58622873],[-66.0567888,10.5840975],[-66.05421293,10.58330965],[-66.0516144,10.57865095],[-66.04878342,10.57894754],[-66.04752886,10.57770622],[-66.04556418,10.57260728],[-66.04542172,10.57162166],[-66.04621875,10.56749725],[-66.05187964,10.56701374],[-66.05610955,10.56332862],[-66.055848,10.55791545],[-66.05848253,10.55526447],[-66.05943441,10.55643928],[-66.06399465,10.54823613],[-66.06679404,10.546875],[-66.06736135,10.546875],[-66.07046783,10.54508972],[-66.07631421,10.54413974],[-66.07659531,10.54413986],[-66.07970965,10.54527867],[-66.08817947,10.53552747],[-66.08852804,10.53523552],[-66.09068084,10.5346477],[-66.09114385,10.53482902],[-66.09375,10.54185271],[-66.09389186,10.54241073],[-66.09571135,10.54023457],[-66.09714615,10.54020572],[-66.09397447,10.53638315],[-66.0995779,10.53082895],[-66.10151863,10.53154707],[-66.10293138,10.53423166],[-66.10230863,10.53957677],[-66.10308325,10.53975594],[-66.10562491,10.53585482],[-66.10949075,10.54046464],[-66.11238456,10.54043186],[-66.11124516,10.54348397],[-66.11393774,10.54411316],[-66.11376023,10.54090154],[-66.1169641,10.53914452],[-66.12199831,10.5409379],[-66.12465715,10.53888607],[-66.12489533,10.53807867],[-66.12463915,10.53757215],[-66.12083626,10.53636074],[-66.11892498,10.53433478],[-66.11404252,10.53825307],[-66.11008322,10.53535604],[-66.10969615,10.5347656],[-66.10833704,10.53157425],[-66.10833395,10.53114104],[-66.10888076,10.53075707],[-66.11173415,10.53097391],[-66.11471725,10.52831304],[-66.11580837,10.52494526],[-66.11580348,10.52416158],[-66.11531472,10.51576436],[-66.11367488,10.50846863],[-66.10750592,10.49531293],[-66.10444677,10.49091744],[-66.10414243,10.49061835],[-66.09755015,10.48699021],[-66.09637737,10.48397768],[-66.09666395,10.48091245],[-66.09537685,10.47836137],[-66.09375,10.4765625],[-66.09375,10.47600436],[-66.09220648,10.47510612],[-66.09210622,10.47349226],[-66.08958697,10.47198164],[-66.0847733,10.46486855],[-66.07065141,10.45071137],[-66.05811656,10.44046974],[-66.05630398,10.43850195],[-66.05622065,10.43644333],[-66.052495,10.43422115],[-66.05065095,10.43443084],[-66.02580452,10.41690314],[-65.98839807,10.39516926],[-65.97775221,10.3854351],[-65.96578014,10.37109375],[-65.96538913,10.37097502],[-65.96220314,10.36918712],[-65.95798683,10.36391926],[-65.95067573,10.35954523],[-65.94540656,10.3543334],[-65.93557966,10.34813702],[-65.93424225,10.34601676],[-65.92950726,10.34343886],[-65.91710067,10.33304572],[-65.89198422,10.31686997],[-65.8907696,10.31505394],[-65.87735498,10.30806816],[-65.87627745,10.30375338],[-65.87533677,10.29663193],[-65.87552965,10.29616237],[-65.87583375,10.29588842],[-65.88182116,10.29627562],[-65.88306677,10.29484582],[-65.88147676,10.29341853],[-65.8826791,10.29320395],[-65.88523364,10.29616272],[-65.88719857,10.29554164],[-65.89432144,10.29864895],[-65.89701581,10.30199516],[-65.90359736,10.30610251],[-65.90471911,10.30881298],[-65.91248524,10.31113398],[-65.92152226,10.31676555],[-65.92187798,10.31687665],[-65.92725945,10.31801414],[-65.92758703,10.31794965],[-65.92712915,10.31534314],[-65.92991984,10.31500757],[-65.935799,10.30896592],[-65.93632233,10.30757272],[-65.93632305,10.30682528],[-65.93522203,10.30402637],[-65.93438566,10.30287862],[-65.93032217,10.29875755],[-65.92952347,10.29515374],[-65.92752397,10.29428756],[-65.9260596,10.29582608],[-65.91812181,10.29703355],[-65.91736937,10.29462445],[-65.91299641,10.29198253],[-65.91374636,10.28750622],[-65.91244876,10.28527546],[-65.90776896,10.28845584],[-65.89352763,10.28996635],[-65.88822484,10.28874505],[-65.88559186,10.28631222],[-65.88262844,10.28692484],[-65.87823713,10.28029406],[-65.87265325,10.27660203],[-65.87528801,10.27293301],[-65.87857115,10.27177155],[-65.87762272,10.26953554],[-65.87554336,10.27020717],[-65.87301052,10.26717806],[-65.87209296,10.26377666],[-65.87330067,10.26201606],[-65.87104964,10.26188385],[-65.87085044,10.25978231],[-65.86441195,10.25882173],[-65.85978103,10.25642836],[-65.84714115,10.25319517],[-65.84902155,10.24968338],[-65.85136366,10.25166583],[-65.85677385,10.25297701],[-65.85714853,10.25144732],[-65.85488594,10.24709654],[-65.85440004,10.24676943],[-65.84345472,10.24370575],[-65.84269404,10.24520755],[-65.84504163,10.24922955],[-65.8439604,10.2523458],[-65.84064603,10.25204873],[-65.83989024,10.24902976],[-65.83593702,10.25212014],[-65.83506274,10.24739516],[-65.83641934,10.24290562],[-65.83443844,10.23914433],[-65.82964706,10.23688602],[-65.82284772,10.2411592],[-65.82123625,10.24097931],[-65.81910932,10.23898411],[-65.82009494,10.23729885],[-65.81957495,10.23219407],[-65.81437027,10.22949076],[-65.80766737,10.22345126],[-65.80484033,10.22453034],[-65.80463004,10.22293723],[-65.80240512,10.22213018],[-65.80015814,10.2236098],[-65.79911065,10.22362602],[-65.79820967,10.22320306],[-65.79797351,10.22305512],[-65.79847646,10.22143805],[-65.79672384,10.21832287],[-65.79650795,10.21803284],[-65.79350162,10.21626532],[-65.79289496,10.21605587],[-65.79109526,10.21703637],[-65.79048765,10.21701658],[-65.78796935,10.21630037],[-65.78670073,10.21490371],[-65.78437042,10.21661615],[-65.78172958,10.2163589],[-65.78111947,10.21866023],[-65.77905345,10.21953034],[-65.77801287,10.21893346],[-65.77810991,10.21689355],[-65.77151668,10.21385241],[-65.76844227,10.21516788],[-65.76245677,10.21557403],[-65.75297833,10.21372724],[-65.75190031,10.21237564],[-65.75067723,10.21340775],[-65.74674594,10.21256852],[-65.7421875,10.21037936],[-65.74165082,10.21108186],[-65.7421875,10.21121645],[-65.7421875,10.21149552],[-65.74612141,10.21398604],[-65.74532175,10.21759868],[-65.7421875,10.21763384],[-65.73898685,10.21622574],[-65.73567474,10.21196115],[-65.73349225,10.21113014],[-65.73241007,10.21542692],[-65.73071337,10.21640122],[-65.73672807,10.21807587],[-65.73627651,10.21975994],[-65.72819114,10.21967292],[-65.72878242,10.21829617],[-65.72778344,10.21768236],[-65.72644568,10.21891785],[-65.72412038,10.21865606],[-65.7312448,10.22156966],[-65.73239863,10.22315001],[-65.72117496,10.21994126],[-65.72063375,10.21992898],[-65.71980774,10.22071433],[-65.72194612,10.22275448],[-65.71927965,10.22269201],[-65.71924567,10.22316825],[-65.71965015,10.22409832],[-65.72395575,10.22413361],[-65.72823596,10.22595406],[-65.72778058,10.22705627],[-65.72546577,10.22603846],[-65.7239598,10.22699893],[-65.72112274,10.22663271],[-65.72156131,10.2276597],[-65.72730744,10.22969484],[-65.72406375,10.22995996],[-65.72357285,10.23105514],[-65.7421875,10.23883915],[-65.7421875,10.23911834],[-65.77605844,10.25216508],[-65.780267,10.25393558],[-65.80434716,10.26519024],[-65.80650854,10.26554561],[-65.80877793,10.26415074],[-65.81547582,10.26886451],[-65.81609201,10.26861346],[-65.81668615,10.26726127],[-65.81649291,10.26657176],[-65.81434953,10.26450872],[-65.80894733,10.26291954],[-65.79733658,10.25603521],[-65.79459333,10.25613964],[-65.78739655,10.25035632],[-65.78477573,10.25009942],[-65.78031075,10.24810827],[-65.77615666,10.24573731],[-65.77506435,10.2438271],[-65.77094114,10.24109852],[-65.76493895,10.23911631],[-65.76417577,10.23739171],[-65.76160836,10.23744404],[-65.75803041,10.23576021],[-65.75610745,10.2341603],[-65.75415182,10.23080575],[-65.75539601,10.23020685],[-65.75792205,10.23155737],[-65.75652134,10.22877967],[-65.75695586,10.22538292],[-65.76444066,10.21739471],[-65.76857901,10.21628392],[-65.76913536,10.2164129],[-65.77062893,10.21780694],[-65.77078617,10.21863592],[-65.77077115,10.21972621],[-65.77006376,10.22262585],[-65.76848137,10.22420394],[-65.76850653,10.22650111],[-65.77204514,10.22742844],[-65.77406812,10.23024118],[-65.77997696,10.22820711],[-65.7846266,10.22953486],[-65.78925955,10.23340285],[-65.79037535,10.23905897],[-65.79363644,10.2390331],[-65.80224335,10.24495316],[-65.8035351,10.24513066],[-65.80492938,10.24277294],[-65.80717576,10.24198735],[-65.81870902,10.24365687],[-65.82232034,10.24520111],[-65.83216906,10.24593043],[-65.83452594,10.25265181],[-65.83611012,10.25425625],[-65.83702672,10.25459075],[-65.83881807,10.25225866],[-65.84298873,10.25368214],[-65.84418047,10.25713134],[-65.84233475,10.26079476],[-65.84390485,10.26190436],[-65.84612942,10.26161814],[-65.84676337,10.2649312],[-65.84390104,10.26459873],[-65.84555876,10.26742065],[-65.84263313,10.26751387],[-65.84294844,10.26922596],[-65.84197128,10.27006233],[-65.83692026,10.26711786],[-65.83435297,10.26382184],[-65.83242345,10.26355207],[-65.82889998,10.26696444],[-65.82043684,10.26454544],[-65.81918013,10.26772356],[-65.82193518,10.26957798],[-65.82061446,10.27053976],[-65.82290971,10.2719506],[-65.82512677,10.27082038],[-65.82590985,10.27332044],[-65.82823932,10.27260935],[-65.82931054,10.27469063],[-65.8319329,10.27439225],[-65.83795393,10.27682388],[-65.8484621,10.28286958],[-65.85126793,10.28075385],[-65.84987187,10.27775228],[-65.84718645,10.27691305],[-65.84692693,10.27383804],[-65.85176516,10.27597702],[-65.85443068,10.27972484],[-65.85368252,10.28406441],[-65.85465395,10.28588736],[-65.85608017,10.28377426],[-65.86091816,10.28889966],[-65.86446702,10.28633034],[-65.86956644,10.2888236],[-65.87046325,10.29194295],[-65.87240016,10.29298365],[-65.87370336,10.29543138],[-65.87382674,10.29584396],[-65.87236536,10.29685342],[-65.87236607,10.29720068],[-65.87434614,10.30105853],[-65.87408304,10.30253303],[-65.87322533,10.30395675],[-65.87167525,10.30400205],[-65.87129664,10.30382645],[-65.82113552,10.27682197],[-65.77552033,10.25592637],[-65.7421875,10.2421875],[-65.74138713,10.24175525],[-65.71771681,10.23194516],[-65.65466726,10.20880282],[-65.65201223,10.20707166],[-65.61646235,10.19516945],[-65.56745386,10.17857838],[-65.49986184,10.15882814],[-65.49562204,10.1557126],[-65.49524665,10.15708745],[-65.49416327,10.15715814],[-65.45779562,10.14644957],[-65.45621896,10.14678252],[-65.44361627,10.14282465],[-65.44340766,10.14138556],[-65.44090724,10.14307702],[-65.43054485,10.14031565],[-65.390625,10.13030136],[-65.37410986,10.12635684],[-65.33609176,10.11997771],[-65.33180165,10.11844134],[-65.30249214,10.11548376],[-65.24841416,10.10605633],[-65.23449147,10.10553658],[-65.20884216,10.10013461],[-65.20965636,10.0988425],[-65.20196855,10.09787726],[-65.19303966,10.09429967],[-65.17770553,10.09175324],[-65.15938175,10.08309996],[-65.11761642,10.07062101],[-65.08634102,10.0636456],[-65.05902398,10.06028903],[-65.05871785,10.0598433],[-65.05933166,10.05946505],[-65.0647819,10.05918145],[-65.07496726,10.06029725],[-65.08287156,10.06126714],[-65.10385275,10.06504071],[-65.14766633,10.07707584],[-65.16646886,10.08335745],[-65.16828012,10.08164704],[-65.16792965,10.07799172],[-65.16585994,10.07825685],[-65.16135836,10.07560062],[-65.15293026,10.06837785],[-65.14143884,10.06087875],[-65.14155555,10.05948174],[-65.14389384,10.05969894],[-65.1464262,10.06250048],[-65.14859331,10.06076813],[-65.15182686,10.06024206],[-65.15500581,10.05695355],[-65.15682816,10.06284523],[-65.15587294,10.06655455],[-65.15711737,10.0666393],[-65.15930927,10.06410325],[-65.15916586,10.06876588],[-65.16038704,10.07051313],[-65.16382742,10.07004094],[-65.16416216,10.07325995],[-65.1674422,10.07685006],[-65.16806054,10.07522535],[-65.17264307,10.07655084],[-65.17288065,10.07514882],[-65.17559207,10.07301354],[-65.17294014,10.0710994],[-65.17290235,10.06811082],[-65.16911495,10.06648874],[-65.16485691,10.06925476],[-65.16332865,10.06879425],[-65.16259932,10.06779861],[-65.16585994,10.06504321],[-65.16043901,10.06464076],[-65.16141105,10.06298077],[-65.15665233,10.05924726],[-65.15591121,10.05680835],[-65.15820575,10.05245185],[-65.16034877,10.05810654],[-65.1695224,10.05696392],[-65.17242491,10.06017876],[-65.17466342,10.05981004],[-65.17837191,10.06772244],[-65.17975497,10.07335806],[-65.18388498,10.07440805],[-65.18537748,10.07325435],[-65.18323803,10.07056356],[-65.18160045,10.06272376],[-65.18607664,10.05630767],[-65.18329442,10.05642962],[-65.18308914,10.05566084],[-65.183851,10.04787803],[-65.18608546,10.05401516],[-65.19061422,10.05184448],[-65.19116604,10.0491091],[-65.18910944,10.04735863],[-65.18947017,10.04656816],[-65.19309211,10.04780221],[-65.19357133,10.05028355],[-65.19838583,10.05018997],[-65.20044041,10.04808223],[-65.19810665,10.04648113],[-65.20328236,10.0480206],[-65.20685804,10.04653585],[-65.20812488,10.0443629],[-65.20774376,10.04302216],[-65.20234025,10.04276764],[-65.20202684,10.04063284],[-65.20067596,10.03966713],[-65.19807136,10.0410701],[-65.19436574,10.04179132],[-65.19323075,10.04108465],[-65.18811345,10.04293871],[-65.18827856,10.03909206],[-65.18506932,10.03877342],[-65.18407595,10.04149544],[-65.18314981,10.03950405],[-65.18083,10.03970122],[-65.1749233,10.04244614],[-65.17285097,10.04205096],[-65.17228568,10.04391718],[-65.16842246,10.04511225],[-65.16049445,10.04412425],[-65.14997613,10.03952205],[-65.14691663,10.03942847],[-65.13586366,10.04333353],[-65.12325704,10.04581237],[-65.12214065,10.04699695],[-65.11396956,10.04566443],[-65.11195314,10.04854715],[-65.1075623,10.05073261],[-65.09728587,10.04673457],[-65.09047925,10.04741895],[-65.0870918,10.05098784],[-65.08118022,10.04978812],[-65.07657623,10.05030656],[-65.07557344,10.05142987],[-65.07364655,10.05082655],[-65.07202995,10.05223012],[-65.06538367,10.05224347],[-65.06256235,10.05289924],[-65.05721271,10.05797458],[-65.05688822,10.05821347],[-65.04929686,10.05893111],[-65.04645824,10.06208146],[-65.04744375,10.06613624],[-65.04256666,10.06619],[-65.0390625,10.06752217],[-65.02329016,10.07137775],[-64.99817145,10.07620025],[-64.97661173,10.08485985],[-64.95480716,10.09647346],[-64.94930696,10.09794807],[-64.94143677,10.09773684],[-64.92257404,10.09168351],[-64.91558671,10.09221351],[-64.89590335,10.08768058],[-64.89285255,10.10305452],[-64.89120972,10.10590625],[-64.89433455,10.08847356],[-64.88201487,10.08594573],[-64.88166606,10.08598936],[-64.87897384,10.10060143],[-64.87713933,10.10412598],[-64.88060463,10.08598495],[-64.86910462,10.08433127],[-64.86016512,10.08398426],[-64.85747385,10.08412385],[-64.85687745,10.10027075],[-64.8559072,10.10217273],[-64.8567847,10.08407724],[-64.84513116,10.08423352],[-64.84430826,10.08349526],[-64.81781316,10.08573806],[-64.76664877,10.09761536],[-64.75141704,10.10436678],[-64.75150168,10.10512626],[-64.74766338,10.10647798],[-64.74702311,10.10790932],[-64.74268293,10.10916674],[-64.7291007,10.1190896],[-64.72417915,10.12124872],[-64.72335458,10.12318385],[-64.72048295,10.12474811],[-64.71795893,10.12768781],[-64.71764791,10.12813234],[-64.71724331,10.1335175],[-64.71353507,10.13685358],[-64.71491694,10.14197302],[-64.71353245,10.14628255],[-64.70778406,10.15754485],[-64.70769966,10.15820944],[-64.71098304,10.16531694],[-64.71097422,10.16978395],[-64.69983494,10.17675924],[-64.70073342,10.17937863],[-64.69699192,10.18957496],[-64.69661403,10.19176304],[-64.69656515,10.1953125],[-64.69657254,10.1953125],[-64.69660318,10.19703865],[-64.69719756,10.19938827],[-64.69810545,10.20077777],[-64.70048141,10.20295143],[-64.70484185,10.20458221],[-64.70571375,10.20389545],[-64.70789397,10.20475376],[-64.70676041,10.20346642],[-64.70763242,10.20252216],[-64.71129525,10.20526874],[-64.71225452,10.20853043],[-64.71382415,10.20913124],[-64.71364975,10.21222115],[-64.71112072,10.21316516],[-64.71059751,10.21496773],[-64.71085906,10.22063255],[-64.70911503,10.22432315],[-64.70649874,10.2255249],[-64.70571375,10.22492397],[-64.70641136,10.22131908],[-64.70510328,10.22028923],[-64.70458007,10.21582603],[-64.706586,10.20870197],[-64.70510328,10.20638466],[-64.69455123,10.20312297],[-64.6875,10.20295143],[-64.6875,10.20228791],[-64.68205535,10.20234072],[-64.67627597,10.20394552],[-64.67407966,10.20317638],[-64.67352092,10.20330465],[-64.66635132,10.20612013],[-64.66361225,10.20907331],[-64.65967143,10.20798695],[-64.65211606,10.21166682],[-64.65158784,10.21415877],[-64.64876962,10.21663511],[-64.64788365,10.2167505],[-64.64706647,10.21502566],[-64.64425004,10.21535373],[-64.6429553,10.22052217],[-64.63908231,10.22184467],[-64.63647747,10.22543335],[-64.63644445,10.22832954],[-64.63418317,10.22801435],[-64.63325226,10.22950637],[-64.63303554,10.23535335],[-64.63738584,10.23868167],[-64.63583601,10.24153233],[-64.6322968,10.24137866],[-64.63032401,10.24300814],[-64.62905896,10.24197066],[-64.6269052,10.24349535],[-64.62194395,10.24437988],[-64.62052882,10.24150515],[-64.61528611,10.24178946],[-64.61298204,10.24440098],[-64.61638165,10.24519181],[-64.61566997,10.24719512],[-64.60962772,10.24673796],[-64.60821044,10.24771166],[-64.60850847,10.25017965],[-64.61191416,10.2521559],[-64.61763942,10.25039124],[-64.61961603,10.24780703],[-64.62223923,10.24907851],[-64.62357068,10.24855936],[-64.62495244,10.25154674],[-64.62750888,10.24976325],[-64.62522864,10.25332725],[-64.62223017,10.25478721],[-64.6077466,10.25342333],[-64.60563755,10.25373864],[-64.60474205,10.25673115],[-64.59816074,10.25711095],[-64.59569263,10.25432026],[-64.6011188,10.24670136],[-64.59529245,10.24745214],[-64.59172285,10.24610746],[-64.58894432,10.24312746],[-64.58885455,10.24580693],[-64.59023154,10.24698186],[-64.58934724,10.24972975],[-64.5915873,10.25073242],[-64.59113061,10.25198221],[-64.58774817,10.25462973],[-64.57873535,10.25630414],[-64.5766834,10.25476563],[-64.57880855,10.24707747],[-64.58232713,10.24607861],[-64.58313894,10.24428785],[-64.58125508,10.24239492],[-64.57780194,10.24185991],[-64.58085406,10.23946595],[-64.57740545,10.23780382],[-64.57453227,10.23867762],[-64.57391322,10.24046636],[-64.57108915,10.23847401],[-64.56863356,10.2415812],[-64.56402791,10.24176288],[-64.56150603,10.24080515],[-64.56086075,10.24358141],[-64.55748606,10.24339545],[-64.55770016,10.24596095],[-64.55628955,10.24648917],[-64.55588055,10.24946165],[-64.55298436,10.25076997],[-64.54899716,10.25031221],[-64.54664695,10.25272405],[-64.54621577,10.25267196],[-64.54465771,10.2490226],[-64.54710257,10.24709678],[-64.54679096,10.24370265],[-64.54669583,10.24336207],[-64.54337597,10.24048436],[-64.54251206,10.23743045],[-64.54134035,10.23723841],[-64.53867376,10.23780584],[-64.53873813,10.24051535],[-64.53654075,10.24257314],[-64.53261554,10.24266458],[-64.52778888,10.244506],[-64.52788198,10.24593771],[-64.53151822,10.24960935],[-64.52937961,10.2524966],[-64.52757525,10.25271428],[-64.52114093,10.2504611],[-64.52035463,10.25035143],[-64.51419616,10.25082994],[-64.50824332,10.24876893],[-64.5067929,10.2470324],[-64.50129962,10.24603415],[-64.49881268,10.24359095],[-64.49268413,10.2415539],[-64.49229145,10.24148965],[-64.48124838,10.24277544],[-64.47744095,10.24689913],[-64.46766984,10.24944174],[-64.46317554,10.25415623],[-64.45908105,10.25345504],[-64.45569408,10.2548393],[-64.45476162,10.25680947],[-64.45731044,10.26141906],[-64.45726705,10.26223361],[-64.4566673,10.26264584],[-64.44715107,10.26410794],[-64.44684863,10.26435435],[-64.44661474,10.26552045],[-64.44830406,10.26744187],[-64.44483686,10.26864886],[-64.44422221,10.2691555],[-64.44343281,10.27134264],[-64.44354785,10.27215421],[-64.44411373,10.27330923],[-64.44765341,10.27429783],[-64.44641328,10.2772547],[-64.4492588,10.2772814],[-64.45016837,10.27807677],[-64.4501301,10.27840674],[-64.44751644,10.27886915],[-64.44605446,10.27849853],[-64.44324625,10.27687311],[-64.43930566,10.27706301],[-64.43881977,10.27721643],[-64.43622506,10.28182626],[-64.43555915,10.28204262],[-64.4295547,10.28004563],[-64.42840648,10.2805922],[-64.42830634,10.28353608],[-64.42514944,10.28240645],[-64.42120707,10.28618622],[-64.41000724,10.28650582],[-64.40662265,10.28334105],[-64.40132225,10.28326094],[-64.39990437,10.28419745],[-64.39997876,10.28859687],[-64.39880884,10.2906754],[-64.39631236,10.28997135],[-64.39353883,10.29079533],[-64.38996983,10.29379177],[-64.38742042,10.29381192],[-64.37900305,10.29895461],[-64.38036692,10.30476165],[-64.38008022,10.30505741],[-64.37965846,10.30519831],[-64.37628853,10.30528498],[-64.37698698,10.30356491],[-64.37262356,10.30138552],[-64.3705796,10.30184412],[-64.37009215,10.30072975],[-64.36567783,10.30175471],[-64.36475754,10.30082953],[-64.36426342,10.31022131],[-64.36876225,10.31116176],[-64.36785006,10.31637144],[-64.37048948,10.31683755],[-64.37098384,10.31830907],[-64.37651455,10.32054937],[-64.38067925,10.31814301],[-64.38255394,10.31883562],[-64.38455737,10.31798768],[-64.38538122,10.31485295],[-64.38783932,10.31727874],[-64.39037848,10.31668842],[-64.39209235,10.31350267],[-64.39397645,10.31357825],[-64.39633667,10.31649315],[-64.39868987,10.31739807],[-64.39995933,10.31540334],[-64.39937055,10.31366205],[-64.40163934,10.31350946],[-64.40430796,10.31492186],[-64.40563953,10.3142091],[-64.40725195,10.31032455],[-64.40869975,10.31278861],[-64.41073728,10.31295133],[-64.41251886,10.31452668],[-64.41652215,10.31130624],[-64.41688395,10.30864263],[-64.4178406,10.3083719],[-64.41911292,10.30900645],[-64.41867352,10.31258726],[-64.41974413,10.31425226],[-64.41900468,10.3156538],[-64.42162406,10.31796336],[-64.43108773,10.31622851],[-64.43134224,10.31260085],[-64.434551,10.31523812],[-64.44019008,10.31313634],[-64.44162452,10.31138921],[-64.44397783,10.31240213],[-64.44320655,10.31493056],[-64.44356644,10.31538248],[-64.44575405,10.31624687],[-64.4460268,10.31742215],[-64.44785106,10.31829643],[-64.45005643,10.31778097],[-64.45038021,10.31759584],[-64.45206523,10.31545544],[-64.45210516,10.31540883],[-64.45684743,10.31502175],[-64.45722127,10.31547165],[-64.45723236,10.31668711],[-64.45545578,10.32014096],[-64.45576787,10.32488906],[-64.45722413,10.32693851],[-64.46003711,10.32678676],[-64.46191025,10.32985032],[-64.45591486,10.3325603],[-64.45271373,10.32659924],[-64.45229304,10.32649565],[-64.44947827,10.32667112],[-64.44874442,10.32467055],[-64.44660604,10.32305813],[-64.44563675,10.32275391],[-64.442559,10.32585466],[-64.43972588,10.32656992],[-64.44041336,10.32068825],[-64.43831253,10.31820905],[-64.4265871,10.31866515],[-64.42062128,10.32464194],[-64.42122483,10.32938576],[-64.41667795,10.32924235],[-64.41496956,10.33215058],[-64.41056585,10.33092845],[-64.40859854,10.33384895],[-64.40252995,10.33506107],[-64.39837217,10.33209097],[-64.39342988,10.33750653],[-64.38994336,10.33840275],[-64.38793671,10.33622754],[-64.38318455,10.33782065],[-64.38003516,10.33656096],[-64.37929857,10.33669424],[-64.37868512,10.33711684],[-64.37642372,10.34028983],[-64.37729394,10.34237564],[-64.37447703,10.34419465],[-64.37437081,10.34814322],[-64.38296151,10.35020268],[-64.38373733,10.35207605],[-64.38062263,10.35506964],[-64.38257146,10.35622215],[-64.38567185,10.3557502],[-64.38918293,10.35991645],[-64.38770282,10.36311448],[-64.38166237,10.36490953],[-64.37775135,10.36467433],[-64.37708044,10.36635756],[-64.37720251,10.36676395],[-64.37819755,10.36889267],[-64.38057983,10.37059724],[-64.38441896,10.37109375],[-64.38474202,10.37109375],[-64.38667941,10.37372053],[-64.39235914,10.37536228],[-64.39467764,10.37772048],[-64.39468932,10.37974465],[-64.39143085,10.38244093],[-64.38687682,10.38200641],[-64.3845613,10.38299334],[-64.37960935,10.38892114],[-64.3795191,10.39234054],[-64.3780508,10.39287865],[-64.37668323,10.3930279],[-64.37629998,10.39293444],[-64.37554955,10.39220977],[-64.37516272,10.3913486],[-64.37459672,10.38790774],[-64.37552905,10.38486195],[-64.37525845,10.38439858],[-64.37246466,10.38314974],[-64.37205124,10.38323605],[-64.37151146,10.38390672],[-64.37163424,10.38792515],[-64.36261821,10.39220798],[-64.36233425,10.39270115],[-64.36275446,10.39378214],[-64.36687362,10.39488494],[-64.36740565,10.39594841],[-64.36705375,10.39630234],[-64.36340833,10.39777827],[-64.35403931,10.39686191],[-64.35278964,10.39627123],[-64.35328364,10.39529276],[-64.35774446,10.39355814],[-64.35092962,10.38532662],[-64.3505553,10.38518381],[-64.35010505,10.38740146],[-64.34654343,10.3893007],[-64.34598672,10.38884544],[-64.34663236,10.38751924],[-64.34738755,10.38626111],[-64.34707534,10.38240635],[-64.34826946,10.37877464],[-64.34794354,10.37487376],[-64.34570146,10.37298131],[-64.34564805,10.37233043],[-64.34614408,10.37109375],[-64.34873915,10.36611366],[-64.35115254,10.36559057],[-64.34937751,10.36320555],[-64.34955466,10.36117435],[-64.35460806,10.35888708],[-64.35821903,10.35918653],[-64.36223686,10.35534513],[-64.35765398,10.35377455],[-64.35752022,10.35202455],[-64.36384285,10.3479495],[-64.37028456,10.34729147],[-64.37026131,10.34466076],[-64.36723244,10.34340131],[-64.36923146,10.34061813],[-64.36923206,10.33881962],[-64.36896658,10.33832145],[-64.36598945,10.33528125],[-64.36557186,10.33500135],[-64.36416316,10.33501053],[-64.36329556,10.33541191],[-64.36115825,10.33886111],[-64.35786903,10.34014785],[-64.35749626,10.34052146],[-64.35621846,10.34404135],[-64.35507476,10.34384644],[-64.35513055,10.34209704],[-64.35327661,10.34196901],[-64.35014117,10.3432759],[-64.35011876,10.34540582],[-64.34826136,10.34692895],[-64.34571207,10.34633255],[-64.3400706,10.34710395],[-64.33701015,10.34832466],[-64.33661735,10.34867275],[-64.33659697,10.34910464],[-64.34021986,10.35415185],[-64.34527755,10.35369253],[-64.33950567,10.35763705],[-64.34423232,10.36145735],[-64.34308922,10.36800325],[-64.34133804,10.36911321],[-64.34091651,10.36898124],[-64.33818722,10.36600721],[-64.3359375,10.36662936],[-64.3359375,10.36746645],[-64.33838296,10.36844766],[-64.33971453,10.37026262],[-64.33933973,10.37109375],[-64.33745146,10.37152791],[-64.33762896,10.37393606],[-64.34183943,10.37512982],[-64.34256315,10.37782431],[-64.34283686,10.37819517],[-64.34449887,10.37847114],[-64.34479475,10.38016474],[-64.34471703,10.38085425],[-64.34368682,10.38252676],[-64.34195101,10.38344717],[-64.33984685,10.38100803],[-64.3359375,10.37890625],[-64.33341563,10.38179231],[-64.32832026,10.3829087],[-64.32806218,10.3833034],[-64.32849252,10.38587153],[-64.3289957,10.38624394],[-64.32972312,10.38652027],[-64.3359375,10.38406455],[-64.33674824,10.38518524],[-64.33866882,10.38510311],[-64.33881426,10.38706303],[-64.3408401,10.38838255],[-64.3359375,10.39202011],[-64.3359375,10.39229906],[-64.33402574,10.39240158],[-64.33383667,10.39268887],[-64.33421326,10.39492595],[-64.33159876,10.39718103],[-64.3312782,10.39812982],[-64.33118534,10.39858174],[-64.33210266,10.3996402],[-64.3359375,10.39787936],[-64.3359375,10.39927447],[-64.32897854,10.40183473],[-64.32074773,10.39891791],[-64.31730092,10.40173912],[-64.31783366,10.40491331],[-64.31615162,10.40656924],[-64.31260765,10.40626407],[-64.31037712,10.40960264],[-64.29660964,10.40975475],[-64.29545653,10.40862811],[-64.29883063,10.40409374],[-64.29559612,10.4024111],[-64.29036176,10.40689814],[-64.2892971,10.41029406],[-64.28690231,10.41056275],[-64.28679848,10.40893245],[-64.2847836,10.40845776],[-64.28201735,10.41155815],[-64.27666497,10.41349745],[-64.25855541,10.41408563],[-64.25579286,10.41215205],[-64.25548875,10.41216135],[-64.25011134,10.41434884],[-64.24635375,10.41455758],[-64.24562848,10.41458237],[-64.24310267,10.41302025],[-64.24206591,10.41302431],[-64.2370404,10.41455865],[-64.2345438,10.41325605],[-64.22349703,10.41626072],[-64.21670365,10.42023003],[-64.21577525,10.42113292],[-64.19624674,10.44257557],[-64.19609284,10.44284427],[-64.19432366,10.44858694],[-64.19084775,10.45351756],[-64.19027281,10.45798016],[-64.19188964,10.4610157],[-64.19156134,10.46253407],[-64.19346905,10.46371734],[-64.19370568,10.46739042],[-64.19241226,10.47090685],[-64.19342422,10.47211111],[-64.19272625,10.47445643],[-64.19210255,10.47568691],[-64.18973303,10.47717285],[-64.18828785,10.47655284],[-64.18729401,10.47643471],[-64.18691862,10.47806954],[-64.18505216,10.47871995],[-64.18299425,10.47743964],[-64.18241036,10.47744036],[-64.17376542,10.47979915],[-64.16767395,10.478266],[-64.16258085,10.47850704],[-64.15868998,10.47755504],[-64.15138912,10.4737426],[-64.14287245,10.47478485],[-64.14182365,10.47328913],[-64.14026284,10.47327673],[-64.13710535,10.47508144],[-64.13564587,10.47390425],[-64.13271177,10.47382975],[-64.13006544,10.47571266],[-64.12726176,10.47569311],[-64.12189054,10.47482145],[-64.11729872,10.47272825],[-64.11464477,10.47677374],[-64.11772335,10.47802651],[-64.11481476,10.47917604],[-64.11217272,10.47747445],[-64.10601771,10.467381],[-64.10005832,10.464275],[-64.09907877,10.46076787],[-64.09579206,10.45896292],[-64.09218574,10.45287848],[-64.08618617,10.44892287],[-64.0838567,10.4490087],[-64.07415855,10.4450587],[-64.06629193,10.44399261],[-64.05625474,10.44071233],[-64.04668677,10.44133401],[-64.04430115,10.43993747],[-64.04218495,10.44070601],[-64.03861582,10.43873465],[-64.03749025,10.43974864],[-64.03843772,10.44133866],[-64.03646815,10.44358313],[-64.03437305,10.44443846],[-64.03355825,10.44309187],[-64.03194165,10.44440222],[-64.02797568,10.44301581],[-64.02707124,10.43789756],[-64.02425122,10.43563092],[-64.02156985,10.43691134],[-64.02069163,10.44011235],[-64.01570821,10.44127786],[-64.01273465,10.44025075],[-64.0109359,10.4423182],[-64.00665355,10.44381225],[-63.99978554,10.44401896],[-63.99492896,10.4429152],[-63.99081016,10.44567037],[-63.98830867,10.44511378],[-63.98672974,10.44606054],[-63.98374414,10.44424856],[-63.98135531,10.4451462],[-63.97892904,10.44807816],[-63.97521496,10.44483125],[-63.97219706,10.44505334],[-63.9695245,10.44677806],[-63.96505606,10.44754946],[-63.95732915,10.45304441],[-63.95295572,10.4530822],[-63.94976556,10.45108116],[-63.94784462,10.45290875],[-63.94517314,10.45050597],[-63.94337416,10.45224977],[-63.94172955,10.45170903],[-63.94046366,10.4502058],[-63.94177413,10.44619155],[-63.93544281,10.45085454],[-63.93638027,10.44860256],[-63.93564928,10.44784212],[-63.9293617,10.44852686],[-63.92811787,10.44990695],[-63.92477512,10.45026445],[-63.91375124,10.44855344],[-63.9081012,10.45510542],[-63.89813113,10.45184386],[-63.89477193,10.44747126],[-63.89227927,10.44617164],[-63.88700283,10.44683063],[-63.88494456,10.44612253],[-63.88307106,10.44382894],[-63.87307096,10.44202757],[-63.86916983,10.44358373],[-63.85480511,10.44203806],[-63.84974706,10.44509482],[-63.83833945,10.44719744],[-63.83358514,10.44005406],[-63.83109164,10.43964624],[-63.82645094,10.44134867],[-63.82308686,10.43916214],[-63.81855535,10.43976665],[-63.81618178,10.44442821],[-63.81259215,10.44457734],[-63.80919814,10.44115198],[-63.79695201,10.44093025],[-63.79236364,10.44303787],[-63.78856266,10.44313216],[-63.78391075,10.44497252],[-63.77793705,10.44927895],[-63.77282357,10.44956744],[-63.76785147,10.4519335],[-63.76323187,10.45220065],[-63.75672197,10.45431912],[-63.75503385,10.45824015],[-63.74716783,10.46028721],[-63.74259424,10.4593209],[-63.74192393,10.4625808],[-63.73964632,10.46475565],[-63.73798835,10.46446502],[-63.73646474,10.46230698],[-63.73396325,10.46542215],[-63.73075485,10.46610212],[-63.72268736,10.46161187],[-63.71328962,10.46479392],[-63.70965004,10.46475542],[-63.70857465,10.46743441],[-63.70668936,10.46828187],[-63.70295084,10.46807778],[-63.69867325,10.46591365],[-63.69492924,10.46840441],[-63.68911147,10.46739996],[-63.68271923,10.47092998],[-63.68136895,10.46932232],[-63.67950201,10.46922004],[-63.67409325,10.47302651],[-63.6708709,10.47259974],[-63.66848552,10.47471535],[-63.66365397,10.47575498],[-63.65817654,10.48297322],[-63.65994525,10.48571825],[-63.65871072,10.48768342],[-63.65112984,10.49043202],[-63.64535761,10.48945868],[-63.64390135,10.49026155],[-63.64826095,10.49407256],[-63.65280831,10.49591064],[-63.65559125,10.49590945],[-63.66913366,10.49221694],[-63.68144023,10.4855206],[-63.68489921,10.48500097],[-63.69251716,10.48151612],[-63.704512,10.47993624],[-63.70434666,10.48468912],[-63.70613861,10.49046183],[-63.71154273,10.49321651],[-63.71832931,10.49351954],[-63.72432625,10.49621654],[-63.73048317,10.49559975],[-63.73417425,10.49754596],[-63.73847425,10.49310255],[-63.74386954,10.50547504],[-63.74859595,10.51071262],[-63.75518274,10.51479614],[-63.75712192,10.51794183],[-63.76182342,10.52201724],[-63.76861036,10.52536595],[-63.77270174,10.52517426],[-63.77744782,10.52705038],[-63.78360271,10.5268532],[-63.79185522,10.52843344],[-63.79331815,10.53148532],[-63.80332756,10.53757465],[-63.80625296,10.54253054],[-63.80957472,10.54259181],[-63.81854975,10.54994357],[-63.82095754,10.54987395],[-63.82347834,10.55133271],[-63.82561135,10.54999816],[-63.82930446,10.55090117],[-63.83306885,10.55003643],[-63.83907175,10.55254137],[-63.84414375,10.55184495],[-63.84818363,10.55407166],[-63.85710525,10.55166113],[-63.86039066,10.55402946],[-63.86444283,10.55433381],[-63.86819243,10.55211925],[-63.86996007,10.55321503],[-63.87236202,10.55225587],[-63.87724924,10.55263126],[-63.87862337,10.55409586],[-63.8806653,10.55109012],[-63.88367546,10.55027544],[-63.88887417,10.55320525],[-63.89403045,10.55186784],[-63.90138996,10.55296457],[-63.90456486,10.55530965],[-63.90685308,10.55364156],[-63.91263795,10.55447495],[-63.92036915,10.55892444],[-63.92213595,10.56189823],[-63.92839098,10.56638324],[-63.93104172,10.56773615],[-63.93347812,10.56745005],[-63.93560171,10.57126653],[-63.93771613,10.57254291],[-63.94752204,10.57508397],[-63.94737351,10.57888317],[-63.95174515,10.57712364],[-63.95413697,10.58049572],[-63.95589662,10.57996881],[-63.95678151,10.57790065],[-63.96013165,10.58088231],[-63.96578038,10.57881904],[-63.96794057,10.57937133],[-63.96918762,10.58102715],[-63.97002697,10.57942796],[-63.97175956,10.58023596],[-63.97496426,10.57846355],[-63.97689927,10.57986951],[-63.97692204,10.57823086],[-63.97862077,10.57685745],[-63.98064554,10.57751668],[-63.98629701,10.57594335],[-63.99132621,10.57750106],[-63.99448955,10.57624495],[-63.99828851,10.57739258],[-63.99954855,10.57951415],[-64.00094557,10.57698762],[-64.00125051,10.57695246],[-64.0095582,10.57863641],[-64.02060187,10.57566786],[-64.02617717,10.5756433],[-64.03141606,10.577196],[-64.03900957,10.57452714],[-64.04383886,10.57507944],[-64.04787254,10.57674396],[-64.04817295,10.57748926],[-64.04825437,10.57796013],[-64.04570842,10.57998621],[-64.04533231,10.58195186],[-64.04015684,10.58590782],[-64.02949858,10.58691168],[-64.02461696,10.59218538],[-64.02176547,10.59354746],[-64.02320242,10.59495556],[-64.02428293,10.59454668],[-64.02817607,10.59092343],[-64.02780223,10.59428167],[-64.02933657,10.59430814],[-64.03173316,10.58987296],[-64.03352106,10.59433615],[-64.03710675,10.59364057],[-64.04142451,10.59045517],[-64.04246306,10.59130406],[-64.04105258,10.59290803],[-64.04247415,10.59335804],[-64.04611135,10.58862936],[-64.04754365,10.59451282],[-64.05007422,10.5957036],[-64.05125701,10.59360361],[-64.05099225,10.59061456],[-64.04905236,10.58680141],[-64.05391133,10.58429515],[-64.05521393,10.58448875],[-64.05562818,10.58630466],[-64.06012166,10.58351827],[-64.06042337,10.58284605],[-64.06038725,10.58238125],[-64.05643332,10.58038652],[-64.05328226,10.58001053],[-64.05280697,10.57965732],[-64.05234897,10.57674396],[-64.05236685,10.57664585],[-64.05387068,10.57567668],[-64.05850995,10.57461643],[-64.06267154,10.57487226],[-64.06324637,10.57473195],[-64.06639063,10.57267034],[-64.06685567,10.57256067],[-64.06827486,10.57347155],[-64.07084465,10.57196808],[-64.07422435,10.57385981],[-64.07557261,10.57815313],[-64.07773745,10.5756824],[-64.07894206,10.5758177],[-64.07984293,10.57199228],[-64.08266866,10.57281256],[-64.0849725,10.57099915],[-64.09051526,10.57007372],[-64.09093118,10.57092214],[-64.10029185,10.56756282],[-64.10393202,10.56777096],[-64.11765218,10.56468082],[-64.1186074,10.56558216],[-64.11413026,10.56792367],[-64.11264706,10.57060122],[-64.11279225,10.57085502],[-64.11447287,10.57125318],[-64.11966276,10.56852186],[-64.1207242,10.57132626],[-64.12319386,10.5692358],[-64.12574351,10.57203543],[-64.12522006,10.57466674],[-64.12184572,10.57821596],[-64.12427795,10.57940137],[-64.12481284,10.57945931],[-64.1279695,10.57903242],[-64.13734853,10.57728827],[-64.13934815,10.57568824],[-64.14421797,10.57612646],[-64.14849186,10.5733217],[-64.16591132,10.57083035],[-64.16918945,10.5696187],[-64.16966712,10.5693233],[-64.16990995,10.56845915],[-64.16874266,10.56673765],[-64.17324817,10.56481481],[-64.17457986,10.56204677],[-64.18098152,10.55806363],[-64.18966472,10.55744612],[-64.19162548,10.55571961],[-64.19702971,10.55641997],[-64.20660198,10.55235541],[-64.2069993,10.55209994],[-64.20606911,10.54958546],[-64.20742285,10.54430151],[-64.21028483,10.54393601],[-64.21104145,10.54356384],[-64.21245706,10.54229093],[-64.21419275,10.54047668],[-64.21409547,10.53855658],[-64.21551847,10.53686786],[-64.21380532,10.53497601],[-64.21759295,10.52919304],[-64.21455073,10.52637124],[-64.21684134,10.52195942],[-64.21636701,10.52066934],[-64.21767485,10.51988351],[-64.21872282,10.51986122],[-64.21838594,10.51687181],[-64.21873117,10.51638293],[-64.22352326,10.51161885],[-64.22927105,10.50650311],[-64.23261297,10.50649714],[-64.23570824,10.51030982],[-64.24074995,10.51211607],[-64.24457085,10.51520646],[-64.24666786,10.51909411],[-64.24578178,10.52221131],[-64.24768901,10.52379763],[-64.24714315,10.52523291],[-64.25008225,10.52574575],[-64.25378847,10.53400433],[-64.25745487,10.53490686],[-64.25785005,10.53526914],[-64.26162195,10.54113352],[-64.26288104,10.54363775],[-64.26322794,10.54538643],[-64.26301456,10.546875],[-64.26020706,10.55973411],[-64.26020861,10.56220424],[-64.26066756,10.56512535],[-64.26183796,10.56606925],[-64.25918126,10.56856465],[-64.25881624,10.57245326],[-64.26083076,10.57541311],[-64.26384723,10.57578123],[-64.26902485,10.57866585],[-64.2728852,10.58311737],[-64.27678454,10.59334052],[-64.27982557,10.59483361],[-64.28284037,10.59888756],[-64.28567207,10.61129105],[-64.29292166,10.62736964],[-64.29673314,10.63130558],[-64.29487956,10.6366986],[-64.29209626,10.63819945],[-64.28783154,10.63840401],[-64.28364634,10.64406538],[-64.28081107,10.6440618],[-64.27994847,10.64688444],[-64.27169883,10.64930403],[-64.26843858,10.65196335],[-64.26673615,10.65772331],[-64.26938951,10.66028857],[-64.26256013,10.66498995],[-64.26198816,10.66510427],[-64.25905681,10.66443658],[-64.24563134,10.64323175],[-64.23931766,10.63816834],[-64.23385465,10.64082944],[-64.23026764,10.64087045],[-64.22845781,10.63939846],[-64.22584796,10.64066076],[-64.21740746,10.63913441],[-64.21576905,10.64105082],[-64.21050251,10.64102185],[-64.20568526,10.64278448],[-64.20178473,10.64209485],[-64.19883835,10.64278674],[-64.19704604,10.64139044],[-64.19330835,10.64137614],[-64.19085372,10.64004755],[-64.18846238,10.63596082],[-64.19170165,10.63067293],[-64.19055915,10.62460434],[-64.19147873,10.62347245],[-64.19447494,10.62332404],[-64.19714904,10.62066758],[-64.19802773,10.61813521],[-64.19336355,10.61504912],[-64.19282484,10.61165643],[-64.18949914,10.61186516],[-64.19080865,10.61377335],[-64.19003046,10.61651766],[-64.18201375,10.62496185],[-64.17009676,10.62939167],[-64.16318631,10.62771511],[-64.15792954,10.62327266],[-64.1548326,10.61896825],[-64.15298545,10.61826193],[-64.15182197,10.61826408],[-64.14875805,10.62130845],[-64.14560127,10.62102938],[-64.14478636,10.61943471],[-64.13765156,10.61574423],[-64.13316154,10.61811542],[-64.13213396,10.62082875],[-64.12744296,10.61865914],[-64.12272787,10.62050891],[-64.1209017,10.61899495],[-64.11691785,10.62207174],[-64.11631811,10.62482846],[-64.11406982,10.62600291],[-64.11419392,10.63007951],[-64.11106133,10.63002205],[-64.10595751,10.63369191],[-64.10492277,10.63419235],[-64.10096014,10.63491094],[-64.0978744,10.6350373],[-64.09342205,10.63439035],[-64.09091437,10.63621223],[-64.08395386,10.63477254],[-64.08285058,10.63717103],[-64.08037794,10.63652134],[-64.07689285,10.63852012],[-64.07217383,10.63943565],[-64.07003272,10.64163387],[-64.06664991,10.64081955],[-64.06537044,10.63900804],[-64.06540668,10.64250171],[-64.06353807,10.64242435],[-64.06483805,10.64475405],[-64.06109166,10.64395225],[-64.06282628,10.64608717],[-64.06051552,10.64987075],[-64.05567074,10.6479243],[-64.05499697,10.64886057],[-64.05635965,10.65004075],[-64.05591941,10.65022945],[-64.05334544,10.64939284],[-64.0528717,10.64942193],[-64.05135334,10.65060854],[-64.04605901,10.65040481],[-64.04561484,10.64994454],[-64.04661131,10.64632988],[-64.05275345,10.64633012],[-64.04973412,10.64141691],[-64.05304396,10.63857925],[-64.04848278,10.63729954],[-64.04662025,10.63849604],[-64.04538774,10.63550341],[-64.04086006,10.63377142],[-64.03722274,10.63449204],[-64.03409946,10.63299274],[-64.0313791,10.63365924],[-64.02680194,10.63147485],[-64.0229243,10.63386262],[-64.01491416,10.62941945],[-64.01178205,10.62870038],[-64.01142955,10.62870026],[-64.00852263,10.62999964],[-64.00635743,10.63279283],[-64.00606251,10.63292587],[-64.00179768,10.63387704],[-64.00073946,10.63388967],[-63.99453247,10.63228381],[-63.99114394,10.63312054],[-63.98961461,10.63527977],[-63.984375,10.63225436],[-63.984375,10.63197541],[-63.98199356,10.63036132],[-63.97034967,10.62999201],[-63.96592212,10.6284132],[-63.95701027,10.63172996],[-63.95470333,10.63425934],[-63.94769335,10.63316596],[-63.944435,10.63456535],[-63.94108546,10.63188767],[-63.93627977,10.63197541],[-63.93318093,10.62867844],[-63.92776835,10.62558818],[-63.91643405,10.62513638],[-63.91011035,10.62776244],[-63.90467036,10.62805045],[-63.90256727,10.62987256],[-63.90244794,10.63221955],[-63.89739764,10.6303308],[-63.88710463,10.63107562],[-63.88396347,10.63169026],[-63.88367867,10.63183784],[-63.88295066,10.63412488],[-63.88234723,10.63434565],[-63.88175225,10.63449776],[-63.86922431,10.63550985],[-63.86098242,10.63803077],[-63.85946941,10.63943458],[-63.85091436,10.63953841],[-63.84008062,10.64279962],[-63.83353424,10.64682138],[-63.83174884,10.64857721],[-63.82763851,10.6552937],[-63.82751346,10.65556264],[-63.82825851,10.65638793],[-63.82680154,10.65806878],[-63.82674205,10.66040051],[-63.82406616,10.66196215],[-63.82486331,10.66365623],[-63.82268512,10.66958046],[-63.82426572,10.67580378],[-63.82331955,10.67773652],[-63.82099187,10.67828786],[-63.82204545,10.67997015],[-63.82119155,10.68137145],[-63.81444323,10.68875575],[-63.8150084,10.69549334],[-63.81303596,10.69996726],[-63.8140558,10.70067334],[-63.81408441,10.70115054],[-63.81329083,10.70427835],[-63.81335735,10.70498013],[-63.81358206,10.70542455],[-63.81614053,10.70578575],[-63.81578362,10.70727456],[-63.81548166,10.70752251],[-63.81240761,10.70837987],[-63.81052208,10.7083559],[-63.8101958,10.70811975],[-63.80955911,10.70602834],[-63.78717077,10.68150115],[-63.76997912,10.66467166],[-63.76209795,10.65896583],[-63.75379264,10.65953815],[-63.74472928,10.65544236],[-63.74379063,10.65633225],[-63.73408425,10.65325236],[-63.73223734,10.65396225],[-63.72295487,10.65342987],[-63.71434247,10.65688992],[-63.71189344,10.65690517],[-63.70451951,10.65259588],[-63.69932008,10.64790893],[-63.68270504,10.64132905],[-63.66485214,10.64115345],[-63.65332925,10.63971961],[-63.64850914,10.63764453],[-63.63887823,10.63762736],[-63.6328125,10.63476563],[-63.6328125,10.63448656],[-63.63164008,10.63429224],[-63.62633824,10.63576853],[-63.61626291,10.63371563],[-63.60822785,10.63480926],[-63.60595107,10.63368034],[-63.60307503,10.63383365],[-63.59605825,10.6303308],[-63.59006834,10.62897933],[-63.58930016,10.62897766],[-63.58696723,10.62983894],[-63.5867697,10.63013566],[-63.58594394,10.63157904],[-63.58630192,10.63364196],[-63.58130658,10.63467944],[-63.57141733,10.62960672],[-63.56739676,10.62866533],[-63.5589118,10.63219035],[-63.55363286,10.63016355],[-63.54998386,10.63042343],[-63.53254151,10.62691486],[-63.52768552,10.62881935],[-63.51583958,10.63037336],[-63.50353706,10.63289392],[-63.49831092,10.63438678],[-63.49572444,10.63988292],[-63.49383175,10.64138031],[-63.49295521,10.64415121],[-63.49322164,10.64801145],[-63.49330783,10.64829552],[-63.49619961,10.64841127],[-63.49931467,10.65048003],[-63.50159275,10.65030324],[-63.50306487,10.65221357],[-63.50218093,10.65373504],[-63.49819732,10.65374684],[-63.49510694,10.65613377],[-63.49138415,10.65575755],[-63.49033225,10.65326607],[-63.48534966,10.64896953],[-63.48023498,10.65081644],[-63.47511375,10.64742041],[-63.47230208,10.6474123],[-63.47172666,10.64751923],[-63.47068167,10.64791632],[-63.46981454,10.64959085],[-63.47018921,10.65223324],[-63.46999264,10.65255284],[-63.46795821,10.65332174],[-63.46678305,10.65949214],[-63.46455431,10.66238368],[-63.46266782,10.66046524],[-63.45957065,10.65984726],[-63.4569571,10.66143405],[-63.45612836,10.65931666],[-63.45427084,10.65975821],[-63.45321262,10.66146684],[-63.45100665,10.66044831],[-63.44939327,10.6615051],[-63.44678736,10.66134691],[-63.44579983,10.65891814],[-63.44280624,10.65831685],[-63.44484556,10.65527475],[-63.44468665,10.65471423],[-63.44340897,10.65348971],[-63.44114113,10.65269518],[-63.44031835,10.65269566],[-63.43689024,10.65339661],[-63.43487,10.65463614],[-63.43373311,10.65551341],[-63.43286014,10.65749586],[-63.43284071,10.65890181],[-63.43349242,10.65978193],[-63.43732393,10.66085565],[-63.43738782,10.66822731],[-63.4370085,10.66838348],[-63.42989314,10.66734874],[-63.42821503,10.66313732],[-63.42514145,10.66136336],[-63.42257261,10.66129744],[-63.42222941,10.66390514],[-63.41896856,10.66457045],[-63.41607213,10.66279137],[-63.41290903,10.66608441],[-63.41313231,10.66823435],[-63.40900636,10.66555202],[-63.40443075,10.6694839],[-63.40467775,10.67299926],[-63.40719986,10.67491114],[-63.40184236,10.67871094],[-63.40180576,10.68343925],[-63.39849114,10.68579793],[-63.40010715,10.67778802],[-63.39652514,10.67711115],[-63.39635754,10.6796174],[-63.39404225,10.68026996],[-63.39048386,10.68569803],[-63.38927043,10.69067764],[-63.38779557,10.69053554],[-63.3855654,10.69221425],[-63.38523376,10.69103765],[-63.38683104,10.68881214],[-63.38519824,10.68586934],[-63.37948644,10.68197036],[-63.37079084,10.67916715],[-63.36907554,10.68064702],[-63.36737466,10.67991471],[-63.36275244,10.68319583],[-63.36377466,10.68884003],[-63.36172462,10.68989897],[-63.36105883,10.68424165],[-63.35751104,10.68102181],[-63.35726047,10.67785406],[-63.35523403,10.67587662],[-63.34793627,10.67162764],[-63.33952868,10.66845572],[-63.33796561,10.66816735],[-63.33256257,10.66827893],[-63.32852733,10.66972744],[-63.32844687,10.67560971],[-63.32530045,10.67708385],[-63.32749844,10.68258357],[-63.32580817,10.68351674],[-63.32368076,10.68029237],[-63.31932843,10.67863917],[-63.31512296,10.67844391],[-63.31580865,10.67638206],[-63.31561768,10.67580295],[-63.31508601,10.67505038],[-63.31268883,10.67355525],[-63.31181991,10.67318666],[-63.30894256,10.67371118],[-63.30767274,10.67135668],[-63.30511773,10.67056823],[-63.30345821,10.67137563],[-63.30272436,10.66974521],[-63.30240512,10.66956985],[-63.29666185,10.66704082],[-63.29268122,10.66566515],[-63.28701246,10.66415417],[-63.28125,10.6640625],[-63.27834582,10.66385543],[-63.27426076,10.66556835],[-63.27398646,10.66583943],[-63.27312565,10.66765606],[-63.27492893,10.6719352],[-63.27267921,10.67355633],[-63.27286673,10.67599881],[-63.27103496,10.67711306],[-63.26870477,10.67636132],[-63.26471996,10.67212164],[-63.26174045,10.67265141],[-63.26109612,10.67252028],[-63.25537694,10.67011845],[-63.25354803,10.66989517],[-63.25164986,10.67076492],[-63.25144315,10.67236388],[-63.24538755,10.67174864],[-63.24456644,10.67209017],[-63.24408746,10.67332256],[-63.24459505,10.67717636],[-63.24001825,10.67447352],[-63.23337173,10.67525315],[-63.22896385,10.68180013],[-63.22844315,10.68425417],[-63.23128974,10.68611002],[-63.22890043,10.68826461],[-63.22850156,10.68849516],[-63.22398746,10.68853903],[-63.22139692,10.69105828],[-63.21675813,10.69145596],[-63.21418285,10.69502163],[-63.20904732,10.69527137],[-63.20229435,10.69762683],[-63.19977474,10.70017314],[-63.19113195,10.70223725],[-63.18687224,10.70581508],[-63.17044973,10.70960987],[-63.16660595,10.71201324],[-63.16616917,10.71484566],[-63.16318727,10.71385527],[-63.16193676,10.71432126],[-63.16182184,10.71442556],[-63.15961874,10.71838653],[-63.15941155,10.72054803],[-63.15954065,10.72084105],[-63.16092837,10.72235382],[-63.16150868,10.72265625],[-63.16268432,10.72241211],[-63.1628319,10.72265625],[-63.16434205,10.72544086],[-63.16497934,10.72382414],[-63.1673398,10.72330701],[-63.16772234,10.72674155],[-63.16572905,10.72738791],[-63.15930295,10.72637916],[-63.15541232,10.72762966],[-63.15128446,10.72615492],[-63.1500324,10.72354591],[-63.15533078,10.72391856],[-63.15570533,10.72385442],[-63.15686846,10.72265625],[-63.15798843,10.72052527],[-63.15590334,10.71582174],[-63.15373254,10.71294641],[-63.14749956,10.70752633],[-63.14531314,10.70679212],[-63.14402735,10.70852184],[-63.14140785,10.70834565],[-63.13640916,10.70378363],[-63.13363945,10.70266104],[-63.13096476,10.70390546],[-63.11905217,10.70048773],[-63.11837637,10.70041657],[-63.11501527,10.70106447],[-63.1155076,10.70460284],[-63.10691035,10.70823503],[-63.09780085,10.70875597],[-63.08722985,10.71283805],[-63.08582604,10.71042252],[-63.08310783,10.70888817],[-63.07311296,10.70839834],[-63.07300603,10.70965731],[-63.07553112,10.71029258],[-63.07034385,10.71176493],[-63.06913185,10.71586907],[-63.06076944,10.71431577],[-63.05648696,10.71527207],[-63.05242145,10.71779823],[-63.04223585,10.71149087],[-63.04014671,10.71069872],[-63.03737521,10.71154344],[-63.03595924,10.70938396],[-63.03177631,10.70764971],[-63.02949691,10.70973587],[-63.01491785,10.71140146],[-63.01154935,10.71387875],[-63.01185691,10.71582305],[-63.01359236,10.71697247],[-63.0107789,10.71794116],[-63.01003265,10.71999133],[-63.00728297,10.7200489],[-63.00346172,10.72265625],[-63.00323725,10.72265625],[-63.00315702,10.72391474],[-63.00164938,10.72410846],[-63.00038576,10.72305667],[-63.00039744,10.72265625],[-63.00090802,10.72265625],[-63.00057316,10.71970773],[-62.99442601,10.71858346],[-62.99459004,10.71479213],[-62.99000144,10.71154165],[-62.98689687,10.70986092],[-62.98513603,10.71120811],[-62.98337185,10.71012664],[-62.97989416,10.71057928],[-62.97094417,10.70261693],[-62.96462691,10.69984877],[-62.96000791,10.70159292],[-62.95429587,10.70008385],[-62.95126832,10.70082736],[-62.94047356,10.69689751],[-62.93648434,10.6988672],[-62.9296875,10.69893956],[-62.92357922,10.69657624],[-62.92044723,10.69767714],[-62.9187057,10.69631886],[-62.91281235,10.6955384],[-62.90937304,10.6932919],[-62.90343738,10.69200027],[-62.90171266,10.69406354],[-62.89742124,10.6960932],[-62.89727545,10.69842887],[-62.89529347,10.70098054],[-62.8923316,10.70197952],[-62.88923693,10.70217264],[-62.88551986,10.69936276],[-62.8739686,10.69872081],[-62.87161684,10.70015633],[-62.87024891,10.70347536],[-62.86046255,10.7082895],[-62.85860336,10.71020234],[-62.85706353,10.70877016],[-62.84981275,10.70845616],[-62.84711707,10.71051896],[-62.84743607,10.71400511],[-62.84333456,10.71226764],[-62.8386451,10.71155035],[-62.83790517,10.71170604],[-62.83391595,10.71416295],[-62.83220792,10.71387243],[-62.83107042,10.71562183],[-62.82701087,10.71650517],[-62.82801211,10.71863437],[-62.82577491,10.71884716],[-62.82463837,10.72023964],[-62.81477344,10.71933556],[-62.81316936,10.72145951],[-62.81275165,10.72163284],[-62.8075273,10.72153306],[-62.80682504,10.72265625],[-62.80700982,10.72265625],[-62.80490315,10.72605395],[-62.80487406,10.72869015],[-62.79974651,10.72777283],[-62.79461992,10.72960103],[-62.79313076,10.72912753],[-62.79082501,10.73186088],[-62.78816974,10.73115396],[-62.78417373,10.73385072],[-62.77111304,10.73357022],[-62.76680231,10.73604262],[-62.76313543,10.73549104],[-62.76075482,10.73710251],[-62.75748861,10.7375046],[-62.75715673,10.73763835],[-62.74994254,10.74266708],[-62.74839592,10.74549305],[-62.74863541,10.74747395],[-62.74589157,10.74974108],[-62.74173546,10.74933112],[-62.74080205,10.75248837],[-62.73629022,10.75214934],[-62.73450851,10.75646436],[-62.73272085,10.75612843],[-62.73054206,10.75897324],[-62.72739422,10.75842381],[-62.72401178,10.76140511],[-62.72043407,10.76136041],[-62.71560705,10.76473784],[-62.71161115,10.76584017],[-62.70826542,10.76483631],[-62.70806611,10.76214051],[-62.70237768,10.76087081],[-62.70264685,10.75947595],[-62.70505667,10.75837791],[-62.70393085,10.75596213],[-62.69443572,10.74751866],[-62.68963206,10.74561715],[-62.67874265,10.74629986],[-62.67436051,10.74280226],[-62.67034125,10.74128032],[-62.66809952,10.74296284],[-62.66505027,10.74127865],[-62.65996146,10.74407387],[-62.65833533,10.74394953],[-62.65714395,10.74250901],[-62.65435517,10.74357951],[-62.64979184,10.74224687],[-62.64778304,10.74413097],[-62.64472675,10.74231386],[-62.64100218,10.74271548],[-62.64006865,10.74196553],[-62.63663805,10.74294186],[-62.63427246,10.74606276],[-62.63195825,10.74340081],[-62.61601114,10.74129558],[-62.61389911,10.74214196],[-62.61005735,10.74173617],[-62.60436463,10.73916721],[-62.60181153,10.74015152],[-62.60033214,10.73960316],[-62.59808075,10.74100506],[-62.59277666,10.74124193],[-62.59071851,10.73803616],[-62.58383346,10.73507524],[-62.57940292,10.73744404],[-62.578125,10.73744404],[-62.57610774,10.73590064],[-62.57582486,10.73580003],[-62.5729779,10.73843944],[-62.56904113,10.73695207],[-62.56676781,10.73850024],[-62.56379986,10.73534966],[-62.56041646,10.73534071],[-62.5585103,10.73742914],[-62.55611682,10.73577011],[-62.55466068,10.7372297],[-62.55209422,10.73360002],[-62.55013585,10.73277342],[-62.54609525,10.73281705],[-62.54447877,10.73409653],[-62.54222774,10.73279297],[-62.53878582,10.73473871],[-62.53651953,10.73468936],[-62.53595424,10.73287415],[-62.53340161,10.73189032],[-62.53046286,10.73421955],[-62.52720511,10.7331593],[-62.52452481,10.73433936],[-62.52260637,10.73372161],[-62.52172375,10.73189783],[-62.51997781,10.73145425],[-62.51913893,10.72888672],[-62.51747882,10.7282685],[-62.51614451,10.72949564],[-62.51265705,10.72806084],[-62.51065934,10.72979605],[-62.50797594,10.72969925],[-62.50366557,10.72783244],[-62.50146925,10.72807181],[-62.49859142,10.72594583],[-62.49611068,10.72664034],[-62.49281466,10.7254709],[-62.49207687,10.72730184],[-62.48951221,10.72765923],[-62.48832226,10.72665966],[-62.48502266,10.72762454],[-62.48171926,10.72557294],[-62.47958517,10.72265625],[-62.47774446,10.72304785],[-62.47773945,10.72482753],[-62.47580171,10.72439051],[-62.47468925,10.72595322],[-62.472808,10.72554803],[-62.47207296,10.72382855],[-62.47119427,10.72511017],[-62.46863556,10.72631204],[-62.46711886,10.72620785],[-62.46519911,10.72419834],[-62.46141064,10.72265625],[-62.45861685,10.72119355],[-62.45602334,10.72223902],[-62.45519614,10.72230995],[-62.45314348,10.72135401],[-62.45183253,10.72195852],[-62.45185745,10.72265625],[-62.4489361,10.72290027],[-62.44678605,10.72287941],[-62.44646645,10.72265625],[-62.44469011,10.72133744],[-62.44362891,10.72265625],[-62.44238424,10.72265625],[-62.44262385,10.7239573],[-62.44232845,10.72426522],[-62.44177365,10.72422254],[-62.44031751,10.72255707],[-62.43578327,10.71970475],[-62.42962694,10.71808386],[-62.42874753,10.71700335],[-62.42665184,10.71685922],[-62.42327082,10.71950316],[-62.40919185,10.71647906],[-62.40419912,10.71692336],[-62.40160871,10.71527576],[-62.39502311,10.71674097],[-62.38989043,10.71674371],[-62.38756907,10.71548843],[-62.38614297,10.71686304],[-62.38247633,10.71672106],[-62.37852275,10.71453071],[-62.37710941,10.71180475],[-62.37438166,10.71100616],[-62.37072241,10.71348941],[-62.36848891,10.71326995],[-62.36740243,10.71444392],[-62.36492026,10.71378136],[-62.36432815,10.71487296],[-62.36121595,10.71298313],[-62.35863435,10.71308851],[-62.35494924,10.71146238],[-62.35564256,10.71057904],[-62.35479557,10.70961654],[-62.35164416,10.70922637],[-62.35013795,10.71159577],[-62.3482182,10.71123075],[-62.34445071,10.71273983],[-62.34223092,10.71036267],[-62.33304906,10.71063411],[-62.33249033,10.70959067],[-62.32453525,10.70783865],[-62.32049561,10.70370305],[-62.31242704,10.70724475],[-62.31206715,10.70724595],[-62.31041086,10.70684767],[-62.31004536,10.70662117],[-62.30913937,10.70372021],[-62.30709541,10.70473015],[-62.30687952,10.70289934],[-62.30881965,10.70118511],[-62.3076725,10.69884157],[-62.30613697,10.69751573],[-62.30042195,10.69593895],[-62.30007064,10.69605947],[-62.29494405,10.70297134],[-62.29052997,10.69866514],[-62.29099905,10.69649124],[-62.2898612,10.6934669],[-62.28286028,10.68962431],[-62.2785387,10.69124317],[-62.27489972,10.69530261],[-62.27212596,10.69450665],[-62.26659918,10.69994247],[-62.26407361,10.70057952],[-62.26073182,10.69959497],[-62.2593497,10.70080316],[-62.25751591,10.70071352],[-62.25681424,10.69664645],[-62.25477254,10.69596851],[-62.25284743,10.69367611],[-62.24263251,10.70053124],[-62.23465896,10.69819462],[-62.22979808,10.69942164],[-62.2265625,10.69893956],[-62.22500193,10.69893956],[-62.22366774,10.69764137],[-62.21330857,10.69536197],[-62.21264637,10.69607866],[-62.20894337,10.69541872],[-62.20590687,10.69603145],[-62.20519567,10.69819605],[-62.20290422,10.69850922],[-62.20094848,10.70036101],[-62.20004058,10.70027733],[-62.19947255,10.70016026],[-62.19844937,10.69896472],[-62.19525218,10.69894147],[-62.19206524,10.69717121],[-62.1887387,10.69143331],[-62.18722427,10.69152164],[-62.18725991,10.68845165],[-62.18561912,10.68602848],[-62.17953002,10.68446112],[-62.17213786,10.68493235],[-62.17041397,10.68332064],[-62.15969586,10.68369281],[-62.15537834,10.68488085],[-62.15437853,10.68769932],[-62.15131176,10.69014251],[-62.15101326,10.69409561],[-62.13979185,10.69821823],[-62.13951635,10.69855726],[-62.13937247,10.69973552],[-62.14078832,10.70155382],[-62.14240611,10.70806396],[-62.13875234,10.70466816],[-62.13898253,10.70298255],[-62.12952316,10.70085585],[-62.12793005,10.70227396],[-62.1232388,10.70253742],[-62.11185098,10.70084465],[-62.10799706,10.70559096],[-62.10731626,10.70830822],[-62.1058079,10.70785832],[-62.10440946,10.70926344],[-62.10035837,10.70888722],[-62.10014307,10.70560384],[-62.09727263,10.70020103],[-62.09595954,10.69971204],[-62.09414315,10.70016801],[-62.09161174,10.70338964],[-62.08265185,10.70587277],[-62.07462954,10.70160306],[-62.07257533,10.70197833],[-62.07003355,10.70044458],[-62.06699693,10.70279264],[-62.06332743,10.70362306],[-62.05959284,10.70309687],[-62.05701423,10.70124543],[-62.05318367,10.70233011],[-62.05093825,10.70418072],[-62.05118132,10.71052301],[-62.05392754,10.71216595],[-62.05124092,10.71552205],[-62.05141723,10.71689105],[-62.05101144,10.71704614],[-62.04506683,10.71784616],[-62.04450905,10.71659386],[-62.03977644,10.71571958],[-62.03829658,10.71721041],[-62.03664732,10.71599162],[-62.02655911,10.71704948],[-62.02634084,10.71608686],[-62.03105354,10.71183455],[-62.03134155,10.7087723],[-62.02467811,10.70927072],[-62.01957333,10.70532155],[-62.01706255,10.70738876],[-62.01688266,10.70994353],[-62.01582694,10.71050382],[-62.01243281,10.71154606],[-62.00963771,10.7087357],[-62.00700915,10.70806813],[-62.00505364,10.70917606],[-62.00375366,10.71249676],[-62.00010741,10.71327901],[-62.00009286,10.71722257],[-62.00209868,10.71930933],[-62.00041604,10.72265625],[-62.00023353,10.72265625],[-62.00022531,10.7230792],[-62.00376022,10.72549486],[-62.00390184,10.72621214],[-62.00382841,10.72661388],[-61.99922431,10.72752452],[-61.99783647,10.72524774],[-61.99208605,10.72325432],[-61.9911406,10.72373605],[-61.99048495,10.72265625],[-61.98786533,10.71882534],[-61.97973263,10.71870506],[-61.97997344,10.71450615],[-61.97836292,10.71126986],[-61.97309876,10.71438205],[-61.96777415,10.71335375],[-61.96621084,10.71532834],[-61.96287787,10.71519566],[-61.96050107,10.71601856],[-61.96000874,10.71671355],[-61.95997465,10.71863043],[-61.96182644,10.72265625],[-61.9616127,10.72265625],[-61.95788264,10.72425652],[-61.95146644,10.72332406],[-61.94996965,10.72265625],[-61.94945395,10.72137678],[-61.94437134,10.72213388],[-61.94268703,10.71762681],[-61.93926156,10.71457374],[-61.93546545,10.71678042],[-61.93372786,10.71504426],[-61.92579913,10.71408331],[-61.92434621,10.71535301],[-61.92284906,10.72112525],[-61.92012835,10.72126794],[-61.91898084,10.72265625],[-61.91816425,10.72265625],[-61.91814721,10.72426856],[-61.91637814,10.72610903],[-61.91622937,10.72641253],[-61.91726613,10.73226273],[-61.91601718,10.73330808],[-61.91409171,10.73377275],[-61.9132421,10.73167682],[-61.9103384,10.73140907],[-61.90922356,10.72929394],[-61.90605974,10.73006237],[-61.9047724,10.72871757],[-61.90200305,10.73059726],[-61.89704657,10.73097062],[-61.89401245,10.72851217],[-61.89276123,10.73041475],[-61.88575232,10.7299844],[-61.88324118,10.73133516],[-61.87660325,10.72937036],[-61.875,10.73158467],[-61.875,10.73186386],[-61.87394774,10.73453164],[-61.875,10.73632813],[-61.875,10.73660708],[-61.87466264,10.73759735],[-61.87436903,10.73794961],[-61.86783183,10.74180794],[-61.86665714,10.74600256],[-61.86138725,10.74859452],[-61.86135685,10.74661851],[-61.86487782,10.74424148],[-61.86409473,10.74236441],[-61.86043942,10.73997796],[-61.85065508,10.73747373],[-61.84747636,10.73452306],[-61.84735966,10.7342087],[-61.84778476,10.73345017],[-61.85408044,10.73099697],[-61.85725606,10.73177755],[-61.85719442,10.7277981],[-61.86213732,10.73087275],[-61.86407018,10.72731733],[-61.86806226,10.72433305],[-61.86846852,10.72265625],[-61.86903656,10.72265625],[-61.875,10.72628343],[-61.875,10.7265625],[-61.87684238,10.72333956],[-61.8787446,10.72278905],[-61.87869155,10.72265625],[-61.87812126,10.72265625],[-61.876724,10.72079325],[-61.87861216,10.71854603],[-61.87757754,10.71674311],[-61.8785609,10.71312428],[-61.87704647,10.71053088],[-61.87980592,10.70425975],[-61.87707567,10.70211196],[-61.87720621,10.7001878],[-61.87727237,10.69991887],[-61.88160765,10.69696796],[-61.88432252,10.69330955],[-61.88375282,10.68909144],[-61.88232672,10.68694103],[-61.88385355,10.6831212],[-61.88798857,10.68280256],[-61.88783276,10.67590857],[-61.89062583,10.67560124],[-61.89257967,10.67248464],[-61.89957476,10.67679632],[-61.89880431,10.67846525],[-61.89960957,10.68236208],[-61.89546394,10.69423163],[-61.89712775,10.69547272],[-61.90050721,10.69182467],[-61.90300322,10.68529213],[-61.90583217,10.68331635],[-61.9054507,10.67758954],[-61.90626431,10.67697883],[-61.90809906,10.67787671],[-61.90988922,10.67619812],[-61.90821683,10.67374551],[-61.90901566,10.67009056],[-61.90685368,10.66944575],[-61.90438962,10.66658032],[-61.90181601,10.66665351],[-61.90148044,10.66486907],[-61.90521705,10.66364121],[-61.90929484,10.66408205],[-61.90950131,10.66212606],[-61.91768801,10.65900445],[-61.91872752,10.65715528],[-61.92520261,10.65631485],[-61.92958164,10.65766001],[-61.93105376,10.66059256],[-61.93088961,10.66379595],[-61.93321991,10.66417563],[-61.93553746,10.66088784],[-61.93951154,10.66041553],[-61.94307542,10.65670431],[-61.94251561,10.65390062],[-61.94512236,10.64889562],[-61.94650996,10.64855742],[-61.94960272,10.65018594],[-61.95415533,10.64416838],[-61.95833433,10.64260387],[-61.96077681,10.64205194],[-61.96707487,10.64445496],[-61.96981263,10.64259684],[-61.97581911,10.64174807],[-61.98071182,10.64435065],[-61.98319984,10.65129495],[-61.98776054,10.65175605],[-61.9907279,10.65016556],[-61.99110913,10.64562702],[-61.99543095,10.64351094],[-61.99713886,10.64093804],[-62.002967,10.64166975],[-62.00546002,10.64012456],[-62.00776911,10.6408267],[-62.01053202,10.63848805],[-62.01326752,10.63794494],[-62.01520085,10.64448035],[-62.01833355,10.64532495],[-62.02439284,10.64397252],[-62.02798355,10.64019954],[-62.02637434,10.63714194],[-62.02662468,10.63430464],[-62.03462315,10.63122082],[-62.04067051,10.63246882],[-62.04225814,10.63125634],[-62.04642045,10.63256705],[-62.04607081,10.63434672],[-62.04748094,10.63634336],[-62.04673922,10.63882196],[-62.04879665,10.64087355],[-62.05164003,10.64095163],[-62.05235374,10.63929617],[-62.05524421,10.64004374],[-62.05595767,10.63795865],[-62.05495346,10.63487601],[-62.05690634,10.63425148],[-62.05937028,10.63516283],[-62.06326175,10.63213146],[-62.06441045,10.63313556],[-62.06609428,10.63988817],[-62.07361102,10.64138591],[-62.07418275,10.64138532],[-62.07522941,10.64122665],[-62.07520163,10.64011621],[-62.07782817,10.63792098],[-62.07343566,10.63094711],[-62.07664895,10.63007534],[-62.07970047,10.63090026],[-62.08182955,10.62981355],[-62.08644855,10.62983477],[-62.0876708,10.63005722],[-62.08968687,10.63115156],[-62.09122896,10.63346386],[-62.09264696,10.63355994],[-62.09319663,10.63356805],[-62.09404647,10.63318276],[-62.09471154,10.63150823],[-62.09987402,10.63261676],[-62.10106504,10.63117623],[-62.10151255,10.63102925],[-62.1033895,10.63092947],[-62.10526836,10.63118172],[-62.10620463,10.63152635],[-62.10810161,10.63413954],[-62.11201656,10.63141036],[-62.11244285,10.62927926],[-62.11328435,10.62920725],[-62.11729443,10.63446403],[-62.11953545,10.63390386],[-62.12021124,10.63131654],[-62.12237096,10.63324988],[-62.12707651,10.63448846],[-62.12863195,10.63899744],[-62.13022804,10.63972974],[-62.13276076,10.63855731],[-62.13338685,10.63309562],[-62.13562262,10.63390183],[-62.13813233,10.63286102],[-62.14069426,10.63556933],[-62.14254952,10.63379955],[-62.14578915,10.63365686],[-62.14924407,10.63615167],[-62.15198433,10.63642097],[-62.15416145,10.64278996],[-62.15555525,10.6424793],[-62.15661025,10.63869786],[-62.15996313,10.63836372],[-62.16424394,10.63588226],[-62.17192674,10.63674545],[-62.17337418,10.63592064],[-62.17657197,10.63693225],[-62.17873251,10.63641787],[-62.18044877,10.63390136],[-62.18484604,10.63414621],[-62.18705654,10.63322055],[-62.19482327,10.63309145],[-62.19913495,10.63389754],[-62.20123041,10.63283181],[-62.20252907,10.63534045],[-62.20540452,10.63456905],[-62.20947063,10.63607776],[-62.22100496,10.63149035],[-62.2265625,10.63392854],[-62.22781837,10.63449717],[-62.23127103,10.63371694],[-62.23464358,10.63443434],[-62.23743391,10.63314497],[-62.24032664,10.63470507],[-62.24635625,10.63345683],[-62.24903011,10.63509142],[-62.25204825,10.63297391],[-62.25368416,10.63003457],[-62.25591612,10.62944293],[-62.26459765,10.61679602],[-62.26603055,10.61300194],[-62.27022946,10.60834467],[-62.27272356,10.599141],[-62.27548993,10.59957385],[-62.27749801,10.5968672],[-62.28087676,10.59673846],[-62.28266644,10.59580195],[-62.28411377,10.59359062],[-62.28660691,10.58902097],[-62.29255915,10.57462633],[-62.28877854,10.57026184],[-62.28834367,10.56618011],[-62.2898705,10.56982994],[-62.29285252,10.57263303],[-62.29359007,10.57475364],[-62.29476416,10.57477105],[-62.29386127,10.57335615],[-62.29456568,10.56910312],[-62.29129815,10.56865716],[-62.29126465,10.56683707],[-62.29679823,10.56814945],[-62.29830313,10.56609654],[-62.29831994,10.56366396],[-62.30604315,10.56190085],[-62.31091142,10.5551331],[-62.31424034,10.546875],[-62.31480765,10.546875],[-62.31480765,10.54701436],[-62.31494963,10.54715395],[-62.31509161,10.54701436],[-62.31509161,10.546875],[-62.31565905,10.546875],[-62.31908703,10.54358137],[-62.32192886,10.53882015],[-62.32399237,10.53830731],[-62.33265257,10.53973651],[-62.33890593,10.53434968],[-62.34089363,10.5346539],[-62.34546626,10.53229237],[-62.34587514,10.53220057],[-62.34807622,10.53239155],[-62.35070705,10.5342741],[-62.35958207,10.53251886],[-62.36160076,10.53478825],[-62.3624233,10.53861141],[-62.36374783,10.54048252],[-62.36524797,10.54157376],[-62.37505198,10.54495144],[-62.37694836,10.546875],[-62.37723207,10.546875],[-62.38134098,10.55023026],[-62.39191353,10.55443811],[-62.39682293,10.55241871],[-62.4036206,10.546875],[-62.40414762,10.54663086],[-62.40503931,10.546875],[-62.40768182,10.55088222],[-62.40818524,10.55099463],[-62.41011405,10.55099106],[-62.4169625,10.54702067],[-62.4169569,10.546875],[-62.4172405,10.546875],[-62.42236555,10.54066217],[-62.42512083,10.53935373],[-62.42992246,10.53460991],[-62.4331665,10.53412914],[-62.43527412,10.53565967],[-62.43770385,10.53371251],[-62.44051898,10.53323984],[-62.44690132,10.53748047],[-62.45174396,10.53805268],[-62.45639753,10.546875],[-62.45774186,10.5482409],[-62.46333015,10.54896581],[-62.46385646,10.5492264],[-62.46744335,10.55238175],[-62.47298777,10.55130994],[-62.47851014,10.54832482],[-62.48097146,10.55129445],[-62.48357463,10.55094612],[-62.48513937,10.5532099],[-62.48550105,10.55338967],[-62.48753595,10.55350316],[-62.49036777,10.55254674],[-62.49213791,10.55111575],[-62.49706292,10.55332947],[-62.50267518,10.55204356],[-62.50343895,10.55168295],[-62.50747204,10.546875],[-62.50775576,10.546875],[-62.50808954,10.54663086],[-62.51059103,10.54611337],[-62.51144445,10.546875],[-62.51172805,10.546875],[-62.51227307,10.54760337],[-62.51552546,10.54829836],[-62.51887035,10.54701805],[-62.51882184,10.546875],[-62.51938927,10.546875],[-62.52295065,10.54432213],[-62.52708542,10.54331875],[-62.52790105,10.54342115],[-62.52894235,10.54390097],[-62.53017175,10.546875],[-62.53045535,10.546875],[-62.53173315,10.54879856],[-62.53598916,10.55013168],[-62.53793836,10.55196571],[-62.54131508,10.54999554],[-62.54422426,10.55184054],[-62.54959273,10.55192781],[-62.56718087,10.55908167],[-62.5705502,10.56245983],[-62.57741523,10.56526077],[-62.578125,10.56529021],[-62.59245551,10.5648787],[-62.60422361,10.56886613],[-62.60829866,10.56894982],[-62.61637914,10.57169366],[-62.62054372,10.57150984],[-62.62450898,10.57338917],[-62.63496637,10.57265377],[-62.63866055,10.57511246],[-62.63893116,10.57518625],[-62.6432358,10.57607496],[-62.64775968,10.57565296],[-62.65177846,10.57602775],[-62.65841842,10.57775795],[-62.66210926,10.57704306],[-62.66337812,10.57770765],[-62.66718745,10.57634842],[-62.67250144,10.57622361],[-62.68166554,10.56818295],[-62.68282712,10.56538725],[-62.68982446,10.56032705],[-62.7180742,10.55968034],[-62.72329354,10.55828333],[-62.73312056,10.55991626],[-62.74785793,10.55644381],[-62.75401807,10.56152236],[-62.75421691,10.56197858],[-62.75510955,10.56587541],[-62.75281763,10.56942356],[-62.74390006,10.57416475],[-62.7326318,10.57762504],[-62.72841716,10.58039021],[-62.72832155,10.58182764],[-62.73573875,10.57724071],[-62.74137795,10.57638955],[-62.75345445,10.57011056],[-62.7567414,10.56507695],[-62.75681174,10.56446183],[-62.75545371,10.56157327],[-62.75529897,10.56096411],[-62.75603831,10.55995464],[-62.75650644,10.55991185],[-62.75985563,10.56161356],[-62.76628506,10.56119478],[-62.76838684,10.56203735],[-62.77672291,10.55934525],[-62.78228807,10.55905998],[-62.79142225,10.55593252],[-62.79227817,10.55553317],[-62.79721534,10.55068576],[-62.80427134,10.546875],[-62.80540633,10.546875],[-62.81929862,10.53854871],[-62.82769775,10.53565335],[-62.82797337,10.53559327],[-62.83059025,10.53572714],[-62.83281851,10.53667724],[-62.83504331,10.53883696],[-62.83733594,10.53942204],[-62.85158885,10.53974414],[-62.86764944,10.53270996],[-62.88549387,10.53143954],[-62.91045725,10.52420723],[-62.91164994,10.52366376],[-62.91946185,10.51904738],[-62.9296875,10.50279021],[-62.93766916,10.48929882],[-62.93993914,10.48596704],[-62.94486356,10.48028088],[-62.94603515,10.47937357],[-62.95423186,10.47454774],[-62.96588755,10.47177136],[-62.97384906,10.46862912],[-62.98680913,10.45866585],[-62.99094367,10.45422792],[-62.99347043,10.44950402],[-62.99842,10.44579601],[-63.00476146,10.44645846],[-63.00863004,10.45060551],[-63.00890505,10.45102012],[-63.01377225,10.46027231],[-63.01474357,10.46088433],[-63.01639354,10.46142757],[-63.01938701,10.46198165],[-63.02510846,10.46174502],[-63.03050041,10.46031237],[-63.03336692,10.45923376],[-63.03729761,10.45482731],[-63.03757274,10.45439577],[-63.03828835,10.44980276],[-63.03802514,10.44873464],[-63.03691375,10.44656777],[-63.02903175,10.4384948],[-63.03126895,10.42368865],[-63.02917063,10.41668534],[-63.02601016,10.41489291],[-63.02150941,10.41492975],[-63.01352584,10.41793931],[-63.00710404,10.41849637],[-63.00340462,10.41756165],[-63.00282943,10.41726565],[-63.00066221,10.41533005],[-63.00052786,10.4150418],[-63.00084591,10.41280937],[-63.00179803,10.41112554],[-63.00737524,10.4030354],[-63.0076524,10.40250826],[-63.00853908,10.39902925],[-63.00805652,10.39349425],[-63.00784993,10.39294541],[-63.00495327,10.38784945],[-63.00406504,10.38721788],[-62.99594164,10.38300657],[-62.99302053,10.38268733],[-62.98158026,10.39630055],[-62.97838557,10.39823425],[-62.97789371,10.39849532],[-62.97545087,10.39946628],[-62.96735883,10.39952505],[-62.96380627,10.39875233],[-62.96303308,10.39842641],[-62.96194077,10.39748323],[-62.96182752,10.39719355],[-62.96132231,10.39358914],[-62.96166265,10.38004613],[-62.96118343,10.37109375],[-62.96087444,10.37109375],[-62.95922744,10.36396468],[-62.95988381,10.36112845],[-62.95788276,10.36118472],[-62.95265758,10.35491765],[-62.95149052,10.35430121],[-62.94227886,10.35200536],[-62.94221795,10.35168862],[-62.94464445,10.35045445],[-62.94708812,10.35047591],[-62.95204294,10.35235393],[-62.95299721,10.35248876],[-62.95752752,10.35209191],[-62.96285045,10.34467423],[-62.96288896,10.33833957],[-62.96433425,10.33466923],[-62.96867764,10.32959366],[-62.97406244,10.32620347],[-62.98261487,10.3258152],[-62.99055386,10.3230201],[-62.99257803,10.32145345],[-62.99582076,10.31341255],[-63.0053215,10.30760467],[-63.00067735,10.30785572],[-62.99497426,10.31208301],[-62.99004674,10.32101095],[-62.98690951,10.32342422],[-62.98143172,10.32412005],[-62.97644675,10.32334197],[-62.97168374,10.32547295],[-62.97062206,10.32529771],[-62.9703902,10.32493913],[-62.97111142,10.32068694],[-62.97311401,10.31854177],[-62.97121406,10.31239617],[-62.97208714,10.30781817],[-62.97082436,10.30734718],[-62.96960378,10.31180978],[-62.96237624,10.31093514],[-62.96093977,10.30349827],[-62.96276975,10.2988348],[-62.96179998,10.29811704],[-62.96211362,10.29525268],[-62.96093237,10.29609776],[-62.96142876,10.29297531],[-62.95932174,10.29372716],[-62.95934784,10.29150164],[-62.95947194,10.2911489],[-62.96398747,10.28907597],[-62.96684384,10.28876054],[-62.98165321,10.2799015],[-62.99003243,10.27855694],[-62.99026155,10.27832675],[-62.99025202,10.27746296],[-62.9894464,10.27710176],[-62.98143661,10.27789307],[-62.97724998,10.27854383],[-62.9718194,10.28114915],[-62.97150636,10.28083014],[-62.97366273,10.27329695],[-62.97581625,10.27011573],[-62.98068595,10.26664126],[-62.98043466,10.26648653],[-62.97744572,10.26701844],[-62.97467113,10.26875746],[-62.97427511,10.26558077],[-62.97401965,10.26571321],[-62.96900082,10.28329682],[-62.96864355,10.28365076],[-62.95650995,10.28783846],[-62.95373666,10.28255296],[-62.95397532,10.27704024],[-62.95522392,10.27418303],[-62.95853472,10.27138805],[-62.95899785,10.26599181],[-62.95781636,10.26621664],[-62.95633185,10.27272153],[-62.95175171,10.27486885],[-62.95052063,10.27248704],[-62.95263934,10.26628804],[-62.95166123,10.26619995],[-62.94917107,10.27090335],[-62.94757116,10.26287973],[-62.94719398,10.26293588],[-62.94591916,10.26474583],[-62.94863582,10.27511811],[-62.94607735,10.28239465],[-62.94418383,10.28218055],[-62.94377101,10.28175688],[-62.94195461,10.27757752],[-62.93925953,10.27538454],[-62.93896723,10.27538025],[-62.94144595,10.28068745],[-62.94014478,10.2809937],[-62.9357537,10.2782464],[-62.93084705,10.27950275],[-62.9296875,10.27929676],[-62.92887676,10.27873015],[-62.92786086,10.28103626],[-62.92822754,10.28393996],[-62.92784762,10.28503275],[-62.92596424,10.28832042],[-62.92369843,10.29139686],[-62.92012501,10.29473937],[-62.92013586,10.30016863],[-62.92141771,10.30393577],[-62.92025423,10.3054322],[-62.92292666,10.30562484],[-62.92328084,10.30581784],[-62.92954564,10.31054676],[-62.9296875,10.31054676],[-62.93314445,10.31843376],[-62.93697476,10.33828735],[-62.93963873,10.34332228],[-62.93569815,10.3500694],[-62.93737316,10.3583976],[-62.94039965,10.36071122],[-62.95024931,10.36243784],[-62.9527477,10.36413503],[-62.95378637,10.37109375],[-62.95380604,10.37109375],[-62.95287097,10.39191747],[-62.95091796,10.39690614],[-62.94991601,10.39842665],[-62.94602084,10.40072584],[-62.94558501,10.4008913],[-62.9296875,10.40318084],[-62.91788793,10.40562367],[-62.91739035,10.40562606],[-62.91342103,10.40471518],[-62.90967453,10.40258455],[-62.90476286,10.39724052],[-62.89452791,10.38043368],[-62.8916831,10.37802148],[-62.88829374,10.37109375],[-62.88826036,10.37109375],[-62.88702464,10.36950624],[-62.88621736,10.36892486],[-62.88342631,10.36889112],[-62.87781835,10.37073243],[-62.8699851,10.36809695],[-62.86678874,10.36930275],[-62.86532891,10.37109375],[-62.86470938,10.37109375],[-62.86377847,10.37165725],[-62.86207223,10.37437904],[-62.85439503,10.37728906],[-62.84946716,10.37859774],[-62.82912028,10.37893558],[-62.81914377,10.38370097],[-62.81236756,10.39031804],[-62.80828536,10.39728224],[-62.79913378,10.41978145],[-62.79583657,10.42152023],[-62.79310191,10.4204452],[-62.78648436,10.41380358],[-62.78004491,10.4091506],[-62.75828791,10.39908695],[-62.74649942,10.38956547],[-62.73092043,10.38445795],[-62.72964525,10.38343227],[-62.72825706,10.38127804],[-62.72425473,10.37109375],[-62.72413683,10.37109375],[-62.72370565,10.36932802],[-62.72331774,10.36432147],[-62.7243216,10.36005712],[-62.72473454,10.35930514],[-62.72838116,10.35694277],[-62.73325086,10.35034311],[-62.73505342,10.34880066],[-62.73984015,10.34673011],[-62.74163425,10.34661031],[-62.74631166,10.34768355],[-62.75246978,10.35235941],[-62.75615525,10.35351765],[-62.76681352,10.35199201],[-62.77513444,10.35431576],[-62.77606595,10.35466075],[-62.78745115,10.35975015],[-62.79086804,10.36294901],[-62.79572785,10.36524045],[-62.79827666,10.36523426],[-62.80232274,10.37026441],[-62.80283987,10.37063253],[-62.80398762,10.37109375],[-62.80513835,10.37186992],[-62.80573034,10.37196445],[-62.80682504,10.37109375],[-62.80767632,10.37109375],[-62.80796003,10.37134492],[-62.80843294,10.37136352],[-62.80881131,10.37109375],[-62.80975926,10.37109375],[-62.81146944,10.36977065],[-62.81391871,10.37109375],[-62.81542957,10.37109375],[-62.81590092,10.36723995],[-62.82763875,10.36612177],[-62.82057691,10.36653316],[-62.81383407,10.36476004],[-62.81260896,10.36635196],[-62.80540597,10.36967754],[-62.80486202,10.36846745],[-62.80834031,10.36589265],[-62.80868542,10.36362088],[-62.80629516,10.36297655],[-62.80058634,10.35846663],[-62.79849863,10.35969293],[-62.79348767,10.36014283],[-62.77326333,10.35087645],[-62.77514005,10.34820592],[-62.77730167,10.33802032],[-62.77630305,10.33695662],[-62.77342248,10.34714746],[-62.77122974,10.34942806],[-62.75748825,10.35085118],[-62.75360394,10.34956455],[-62.74585903,10.34451592],[-62.73854065,10.34409785],[-62.73446584,10.34603131],[-62.73140812,10.34852862],[-62.72484624,10.35571361],[-62.72343886,10.35621333],[-62.72265267,10.35608554],[-62.72126961,10.35517061],[-62.71965027,10.35270345],[-62.71680236,10.34639192],[-62.71392286,10.33310795],[-62.71134651,10.32888353],[-62.71033275,10.32787883],[-62.70721376,10.32675934],[-62.70273626,10.3268193],[-62.69587052,10.32874405],[-62.68999457,10.32921147],[-62.68657196,10.32773566],[-62.68590975,10.32711053],[-62.68516386,10.32576466],[-62.68423974,10.32016075],[-62.68723142,10.30271006],[-62.68454432,10.29877508],[-62.67897975,10.29534721],[-62.67927444,10.2899127],[-62.67911887,10.2866137],[-62.67818177,10.28411627],[-62.67621911,10.28134048],[-62.67269111,10.27867901],[-62.67228293,10.27788436],[-62.669909,10.26996422],[-62.6683166,10.26163864],[-62.66807616,10.25763714],[-62.66938734,10.24496877],[-62.66937578,10.22948182],[-62.66826141,10.22751725],[-62.6693176,10.22594786],[-62.66751981,10.21292734],[-62.66224086,10.20129216],[-62.66210723,10.20086515],[-62.66275501,10.19797444],[-62.66268981,10.19766295],[-62.66119576,10.1953125],[-62.66112876,10.1953125],[-62.65685666,10.18854022],[-62.64640105,10.17793226],[-62.64618337,10.17772615],[-62.63007975,10.1660254],[-62.62173951,10.12886965],[-62.61649477,10.12226427],[-62.61587405,10.11950147],[-62.61587393,10.11904144],[-62.61830056,10.11249423],[-62.62324703,10.10607326],[-62.63842821,10.09829044],[-62.65962577,10.07730246],[-62.66413808,10.07342911],[-62.66782844,10.0714339],[-62.66996241,10.0705471],[-62.67656934,10.06880081],[-62.70546043,10.06421375],[-62.72721457,10.06420362],[-62.73208952,10.06589544],[-62.73474026,10.06826782],[-62.74275351,10.08156347],[-62.74912477,10.08645415],[-62.75564945,10.08811843],[-62.76502025,10.08690512],[-62.77266967,10.08396316],[-62.7803514,10.07905853],[-62.78650665,10.07135224],[-62.79248297,10.05600262],[-62.79314184,10.04757237],[-62.79141235,10.03787935],[-62.79203844,10.03561032],[-62.79354358,10.03499925],[-62.81172013,10.03550208],[-62.81880164,10.03580117],[-62.82156086,10.03642046],[-62.82558918,10.03859162],[-62.82766974,10.0409255],[-62.82908714,10.04303634],[-62.83418894,10.05539155],[-62.83567786,10.07055676],[-62.83849275,10.07490933],[-62.8402667,10.07621717],[-62.84091496,10.07660723],[-62.84649587,10.07831955],[-62.85051072,10.0785284],[-62.85169506,10.07831383],[-62.85442603,10.07726014],[-62.85562527,10.07606637],[-62.85798347,10.0714941],[-62.86006606,10.05968773],[-62.86035061,10.05878937],[-62.86185372,10.05597877],[-62.86226034,10.0554589],[-62.86521483,10.05296087],[-62.86560345,10.05278146],[-62.87031782,10.05205965],[-62.88411617,10.05321145],[-62.88931215,10.05443776],[-62.89638138,10.05696535],[-62.89929056,10.05866504],[-62.9000324,10.05974925],[-62.90047491,10.06275475],[-62.90018713,10.06396556],[-62.89461565,10.07249832],[-62.89317298,10.07630801],[-62.892928,10.07938135],[-62.89305592,10.08298266],[-62.8933537,10.08455265],[-62.89584303,10.0918833],[-62.89628434,10.09273195],[-62.89892805,10.09483254],[-62.90248871,10.09576392],[-62.90434766,10.09589708],[-62.91001475,10.09436655],[-62.91031885,10.09418011],[-62.92355597,10.08552372],[-62.9296875,10.07924104],[-62.9296875,10.07896197],[-62.93123543,10.07736194],[-62.93372512,10.07608914],[-62.93403125,10.0759927],[-62.9357177,10.07701135],[-62.93634152,10.07797396],[-62.94037175,10.08915973],[-62.94199646,10.09114432],[-62.9449923,10.09344316],[-62.94922638,10.09539473],[-62.95750904,10.09715843],[-62.95798182,10.09717548],[-62.96439326,10.09521115],[-62.96693194,10.09419131],[-62.97058856,10.09146535],[-62.97237575,10.08777904],[-62.97169006,10.07472777],[-62.97182035,10.07435822],[-62.9727869,10.07267606],[-62.97546208,10.070068],[-62.97649074,10.0696913],[-62.97919154,10.06898975],[-62.97960675,10.06898975],[-62.98242128,10.0697968],[-62.98743022,10.07406175],[-63.00140536,10.09246945],[-63.02024233,10.10161364],[-63.03378844,10.11603344],[-63.04173815,10.1199429],[-63.04245341,10.12050474],[-63.04391646,10.12233603],[-63.04467082,10.12374187],[-63.0446732,10.12787807],[-63.04246664,10.13666666],[-63.04307246,10.14126205],[-63.04558575,10.14630413],[-63.04859853,10.14737284],[-63.05300963,10.15262103],[-63.0557214,10.15895236],[-63.05511594,10.16301513],[-63.05183423,10.16940653],[-63.05168951,10.17308176],[-63.05182815,10.17348576],[-63.05432487,10.17506945],[-63.05570841,10.17549455],[-63.06184697,10.17626214],[-63.06421435,10.17844057],[-63.06478441,10.17984724],[-63.06449294,10.1840322],[-63.06422007,10.18536317],[-63.06148624,10.19190884],[-63.06172192,10.19291544],[-63.06210852,10.19305515],[-63.06308687,10.19298637],[-63.06602156,10.18509567],[-63.06621313,10.17944825],[-63.06276047,10.17513776],[-63.05408525,10.17312324],[-63.05363905,10.17039275],[-63.05744386,10.16362154],[-63.05742121,10.15727937],[-63.05374002,10.15025258],[-63.04598475,10.14223588],[-63.04416645,10.13852465],[-63.04416704,10.13548505],[-63.04717875,10.12635076],[-63.04646015,10.12204754],[-63.04625475,10.12168658],[-63.04371154,10.11886156],[-63.03434157,10.11406767],[-63.02816534,10.10613787],[-63.02151382,10.09986842],[-63.00325286,10.09148824],[-62.99958992,10.08786225],[-62.98857915,10.07245982],[-62.98563623,10.0695039],[-62.97954667,10.06675816],[-62.97433138,10.06839085],[-62.97315371,10.06929755],[-62.97023821,10.073439],[-62.96966243,10.07553685],[-62.97032475,10.08774185],[-62.96980691,10.08909917],[-62.96876335,10.09079075],[-62.96835887,10.09104645],[-62.96006465,10.09457994],[-62.95210016,10.09407795],[-62.94491494,10.09093332],[-62.94077885,10.08532476],[-62.94013917,10.07993746],[-62.93888831,10.07734346],[-62.93689787,10.07454097],[-62.93443644,10.07400692],[-62.93310261,10.07401764],[-62.93052268,10.07509255],[-62.9296875,10.07645094],[-62.92162001,10.08426845],[-62.91132426,10.09144366],[-62.90710843,10.09315264],[-62.90423274,10.09367657],[-62.90185344,10.09345686],[-62.89961147,10.09261227],[-62.89779818,10.09098613],[-62.89754164,10.09031475],[-62.89519918,10.08001196],[-62.89742517,10.07185662],[-62.90254652,10.06383455],[-62.90302682,10.05959356],[-62.90245533,10.05820167],[-62.90088582,10.05668056],[-62.89590812,10.05360377],[-62.8949604,10.05332458],[-62.87968945,10.05003476],[-62.87685132,10.04976058],[-62.87121737,10.04947436],[-62.86833036,10.04954123],[-62.86565864,10.05000615],[-62.86410272,10.05065024],[-62.86034143,10.05312336],[-62.85815394,10.05649233],[-62.85703278,10.05959415],[-62.85543597,10.07098961],[-62.85458612,10.07319057],[-62.85312808,10.07470274],[-62.85141146,10.07566905],[-62.84825993,10.07610381],[-62.84739101,10.07609928],[-62.84311974,10.07500577],[-62.84283566,10.07484782],[-62.83879411,10.07126105],[-62.83867323,10.07099807],[-62.83758843,10.05994928],[-62.83569705,10.05143416],[-62.83475375,10.04870915],[-62.83048367,10.04006886],[-62.82794607,10.03700066],[-62.82554102,10.03529811],[-62.81986153,10.03295434],[-62.79958725,10.03233647],[-62.79370594,10.03104734],[-62.78985822,10.03194785],[-62.78347897,10.03120601],[-62.78098178,10.02993548],[-62.78058851,10.02947855],[-62.77989793,10.02790213],[-62.78062296,10.02396774],[-62.78322673,10.01953125],[-62.78439176,10.01693594],[-62.78756237,10.01371014],[-62.79314303,10.01142573],[-62.79677308,10.00829065],[-62.79739952,9.99855494],[-62.79939437,9.99518335],[-62.79976356,9.99492061],[-62.80406833,9.9933331],[-62.81376386,9.99466908],[-62.81704986,9.99466908],[-62.81955814,9.99380386],[-62.82137442,9.99297285],[-62.82727826,9.98775256],[-62.83418906,9.98419225],[-62.83559263,9.98198843],[-62.83571064,9.98171437],[-62.83640754,9.97678184],[-62.83641195,9.97573793],[-62.83437026,9.97096205],[-62.83178377,9.96937692],[-62.82801855,9.96882236],[-62.81988955,9.97148705],[-62.81567228,9.97106683],[-62.81243491,9.96770895],[-62.81243515,9.96203303],[-62.81328487,9.95854115],[-62.81545174,9.9568783],[-62.82452071,9.95765972],[-62.82997096,9.95429206],[-62.83568716,9.94658124],[-62.83538282,9.93541527],[-62.83614337,9.9337368],[-62.83921444,9.9294672],[-62.84226334,9.92778623],[-62.84260583,9.92765081],[-62.84458756,9.92758918],[-62.84937573,9.92971695],[-62.85175014,9.93215835],[-62.85128975,9.94248724],[-62.8523792,9.94600785],[-62.85498393,9.94919264],[-62.85939515,9.95083916],[-62.86775935,9.95081127],[-62.87263536,9.95350695],[-62.88042498,9.96855855],[-62.88340545,9.97234535],[-62.8893187,9.97321415],[-62.89269388,9.97675455],[-62.89300597,9.97696435],[-62.89394593,9.97658885],[-62.89387345,9.97616291],[-62.89125288,9.97238624],[-62.88352835,9.97023177],[-62.8737601,9.95233953],[-62.86680734,9.94864714],[-62.85855687,9.94861805],[-62.85480225,9.94666541],[-62.85357034,9.94399011],[-62.85456431,9.93458867],[-62.85317707,9.93100917],[-62.84793925,9.92674494],[-62.8414427,9.92578125],[-62.83534634,9.93103683],[-62.83311474,9.93540585],[-62.83376694,9.94505751],[-62.83210373,9.94856703],[-62.82444382,9.95560765],[-62.8162508,9.95459437],[-62.81274235,9.95562625],[-62.81049478,9.96187103],[-62.81016922,9.96747231],[-62.81223786,9.97143185],[-62.81511915,9.9732753],[-62.82047915,9.97377217],[-62.82837915,9.97110915],[-62.83153045,9.97184944],[-62.83390653,9.97532952],[-62.83278835,9.98194265],[-62.81736207,9.99243796],[-62.80685937,9.99086487],[-62.79771698,9.99321806],[-62.79474795,9.99787533],[-62.79540956,10.00493455],[-62.7945497,10.00772727],[-62.78434551,10.01124001],[-62.78222191,10.01615214],[-62.77950585,10.01946092],[-62.77954388,10.01953125],[-62.77756655,10.02248502],[-62.77735054,10.02304244],[-62.77678513,10.0260756],[-62.77703345,10.02801752],[-62.77741015,10.02938426],[-62.77919066,10.03235102],[-62.78318584,10.03541183],[-62.78629625,10.04070055],[-62.78743815,10.04605115],[-62.78738761,10.05100262],[-62.78713906,10.05278325],[-62.78301811,10.06569207],[-62.78288364,10.06598854],[-62.77910054,10.07147634],[-62.77595425,10.07446134],[-62.76759446,10.07947934],[-62.76146555,10.08126497],[-62.75918365,10.0817219],[-62.75425196,10.08172274],[-62.75055933,10.08060658],[-62.74762225,10.07791817],[-62.74442256,10.07016492],[-62.73992646,10.063591],[-62.73269105,10.05772185],[-62.73090661,10.05679035],[-62.72839546,10.05615187],[-62.72038257,10.05559945],[-62.70415437,10.05583155],[-62.67571831,10.06026781],[-62.66216135,10.06421244],[-62.66160011,10.06449854],[-62.64744651,10.07481182],[-62.64564955,10.07624245],[-62.63363373,10.08684337],[-62.61967397,10.09462762],[-62.61299956,10.10064292],[-62.61012995,10.10476315],[-62.60878885,10.10763335],[-62.60688281,10.11335325],[-62.60630846,10.11814523],[-62.60677755,10.12762845],[-62.6091845,10.14321947],[-62.61020947,10.16388547],[-62.61214972,10.17642641],[-62.61920202,10.1953125],[-62.61951864,10.1953125],[-62.62001991,10.19640994],[-62.62062264,10.19918501],[-62.62136555,10.21860838],[-62.62319112,10.22168672],[-62.62339735,10.22268415],[-62.62370551,10.22814691],[-62.62346506,10.22896004],[-62.61737013,10.23384595],[-62.61676145,10.23512745],[-62.61566806,10.23543596],[-62.59475291,10.23313701],[-62.59428585,10.23304415],[-62.578125,10.22684145],[-62.578125,10.2265625],[-62.5478847,10.21537232],[-62.54445088,10.21294403],[-62.53917694,10.21195185],[-62.52937055,10.20654786],[-62.52387166,10.2019093],[-62.52094305,10.1978507],[-62.51706791,10.19631922],[-62.51631796,10.1953125],[-62.51608455,10.1953125],[-62.51052117,10.19044685],[-62.51024854,10.19011498],[-62.50448263,10.18275261],[-62.49885607,10.17377937],[-62.49108541,10.15972698],[-62.48412621,10.14478052],[-62.48430514,10.13987255],[-62.48173022,10.13706613],[-62.47795296,10.12261605],[-62.47475421,10.1150552],[-62.47570765,10.11023486],[-62.47078812,10.10058308],[-62.46714342,10.08474338],[-62.46200717,10.07332802],[-62.46035004,10.06325042],[-62.46085513,10.05977797],[-62.46561384,10.05701053],[-62.46705341,10.05492687],[-62.45804644,10.05426204],[-62.4548732,10.04814315],[-62.45378375,10.04623616],[-62.45030296,10.04459846],[-62.44627595,10.03995144],[-62.44177043,10.03696644],[-62.43490911,10.02801955],[-62.43343484,10.02198255],[-62.43359661,10.00687075],[-62.42961323,9.99069095],[-62.4257915,9.98087657],[-62.41814995,9.9725697],[-62.41562676,9.96777153],[-62.41892326,9.96538234],[-62.41889596,9.96413171],[-62.42474771,9.95872581],[-62.42704475,9.95428836],[-62.43012965,9.95190954],[-62.43522406,9.94154584],[-62.43806374,9.94018757],[-62.43925285,9.93819046],[-62.44106805,9.9334743],[-62.44235015,9.93009472],[-62.44260252,9.92972934],[-62.44657254,9.92678547],[-62.44930816,9.92316425],[-62.44946015,9.92285025],[-62.44971013,9.91622174],[-62.44713175,9.90572846],[-62.45466161,9.89415634],[-62.45543253,9.89181745],[-62.45543075,9.88827527],[-62.45482397,9.88684797],[-62.45425832,9.88573301],[-62.45123816,9.88389182],[-62.43233085,9.88666832],[-62.43185365,9.88651741],[-62.42946196,9.88493502],[-62.42883301,9.87918484],[-62.42841744,9.87902594],[-62.42718255,9.88009286],[-62.42776835,9.88397241],[-62.42830014,9.88516855],[-62.43033934,9.88752592],[-62.43106484,9.88776302],[-62.43492055,9.88832045],[-62.45174241,9.88568735],[-62.45397151,9.88845062],[-62.45146453,9.89578676],[-62.44534755,9.90470445],[-62.44506681,9.90997136],[-62.44780374,9.92059505],[-62.43603921,9.93022585],[-62.43556035,9.93052793],[-62.42672145,9.93212664],[-62.42128384,9.93186927],[-62.41983867,9.93148434],[-62.41789174,9.93057632],[-62.41745496,9.93025207],[-62.41276705,9.92497003],[-62.40365362,9.91918695],[-62.39970756,9.91028583],[-62.39483655,9.90387833],[-62.39242733,9.90158916],[-62.38507271,9.89606035],[-62.37143385,9.88833237],[-62.36943054,9.88603902],[-62.36525893,9.88175654],[-62.36474633,9.8810147],[-62.36257136,9.87134898],[-62.36222816,9.85570824],[-62.3614763,9.85220802],[-62.35903525,9.84375],[-62.35710168,9.83879054],[-62.35480475,9.83333147],[-62.34588432,9.81414616],[-62.34258783,9.80817521],[-62.33464706,9.79611957],[-62.32797265,9.78896654],[-62.31818855,9.77294862],[-62.31767452,9.77222455],[-62.30956161,9.76229012],[-62.31292605,9.74958146],[-62.31696534,9.74285781],[-62.32165086,9.73852026],[-62.33883333,9.72868621],[-62.34587026,9.72227955],[-62.35343277,9.71244371],[-62.35797203,9.7084372],[-62.36002815,9.70850253],[-62.36460602,9.71648157],[-62.37374258,9.72449172],[-62.3737545,9.72753894],[-62.36925542,9.73793066],[-62.36874342,9.74204588],[-62.37026668,9.74188364],[-62.37455022,9.72807777],[-62.37454903,9.72428763],[-62.3722136,9.72046971],[-62.36621463,9.71603262],[-62.36282253,9.70690131],[-62.37144303,9.68454492],[-62.37184215,9.68307555],[-62.37236905,9.67995167],[-62.37127805,9.6731286],[-62.37192166,9.67144895],[-62.37874734,9.66008151],[-62.3830173,9.65448582],[-62.40053678,9.63608575],[-62.41991174,9.61734295],[-62.42334115,9.61374211],[-62.42772818,9.60824215],[-62.43525875,9.59823537],[-62.44071233,9.58441401],[-62.44571793,9.57838404],[-62.4459722,9.57835233],[-62.44709981,9.57851171],[-62.45221066,9.5856626],[-62.45779991,9.58841908],[-62.48289967,9.58814037],[-62.48628151,9.58719671],[-62.49500287,9.58150935],[-62.50399494,9.57017064],[-62.51012814,9.55947995],[-62.51443017,9.55755007],[-62.51938105,9.55862308],[-62.52963686,9.56950521],[-62.53379405,9.57220376],[-62.53762746,9.57283175],[-62.54038215,9.57368767],[-62.54070282,9.57386756],[-62.54438615,9.57811391],[-62.5466367,9.57920873],[-62.54850101,9.57973635],[-62.54949665,9.57975221],[-62.55023932,9.57963038],[-62.55093467,9.57897258],[-62.55094314,9.57847655],[-62.55019546,9.57801163],[-62.54577935,9.57753158],[-62.54310286,9.57434583],[-62.54298067,9.57409847],[-62.54227912,9.57153225],[-62.54249322,9.57083261],[-62.54416418,9.56802988],[-62.54870021,9.56425142],[-62.55257547,9.55752754],[-62.55334687,9.5571388],[-62.55917585,9.55686545],[-62.56298375,9.55531871],[-62.56589735,9.5558182],[-62.56620014,9.55597675],[-62.56796181,9.55841696],[-62.568982,9.56569195],[-62.56912494,9.56596994],[-62.57104814,9.56718731],[-62.5746721,9.56805074],[-62.58436322,9.56783354],[-62.59047926,9.56674552],[-62.59158456,9.56637704],[-62.59332478,9.56483436],[-62.59367216,9.56356084],[-62.59353626,9.56319225],[-62.58560753,9.56624925],[-62.57205915,9.5663377],[-62.57014334,9.56462586],[-62.56743205,9.55607045],[-62.56469834,9.55440104],[-62.56194472,9.55443788],[-62.55165613,9.55611265],[-62.54501486,9.5656507],[-62.54034936,9.56992424],[-62.53778422,9.57051826],[-62.53129137,9.56799281],[-62.52759302,9.56308055],[-62.52003825,9.55658507],[-62.51241171,9.55583215],[-62.50821698,9.55761278],[-62.50678897,9.55916953],[-62.50201273,9.56794083],[-62.49789464,9.57389915],[-62.49317026,9.57940674],[-62.49288607,9.57968652],[-62.48608446,9.58447564],[-62.48535872,9.58475447],[-62.47915483,9.58586538],[-62.46524072,9.58485103],[-62.45693076,9.58614397],[-62.45318973,9.58365285],[-62.45104015,9.57852435],[-62.44565976,9.57413006],[-62.43786955,9.56598771],[-62.43621886,9.56186962],[-62.43816173,9.55766165],[-62.44420242,9.55056191],[-62.44698191,9.54282331],[-62.44709992,9.54192615],[-62.4457587,9.52748323],[-62.44102395,9.51303375],[-62.44583046,9.49839902],[-62.44625044,9.49551296],[-62.44614172,9.49419594],[-62.44357657,9.48740828],[-62.44314086,9.48663425],[-62.43950665,9.48245168],[-62.43373835,9.48158467],[-62.43036497,9.48161435],[-62.41317236,9.48591554],[-62.40677035,9.48057854],[-62.4030807,9.47333157],[-62.40308106,9.46784735],[-62.40726328,9.45462525],[-62.40905786,9.43268454],[-62.41429985,9.418576],[-62.41336763,9.41332173],[-62.40924323,9.40499425],[-62.40596795,9.40181506],[-62.38830876,9.39765751],[-62.38363195,9.39589667],[-62.37964785,9.3927952],[-62.37417746,9.39142406],[-62.37406695,9.39129996],[-62.37315857,9.38812804],[-62.37540543,9.38163376],[-62.37518013,9.37912297],[-62.37140334,9.38742507],[-62.37077355,9.39211226],[-62.37050152,9.39267611],[-62.36680222,9.39386106],[-62.36103606,9.39426303],[-62.35728598,9.39106846],[-62.34939456,9.37893546],[-62.33432448,9.37116861],[-62.32671547,9.36476386],[-62.32530141,9.36174655],[-62.32641828,9.35365605],[-62.3383671,9.34428728],[-62.34532404,9.33510625],[-62.34730268,9.3299005],[-62.34758544,9.32414401],[-62.33703232,9.30186057],[-62.33300304,9.29722321],[-62.32599795,9.29404247],[-62.32481992,9.2925297],[-62.32531691,9.29055202],[-62.33113444,9.28445721],[-62.33133662,9.27979445],[-62.32917845,9.27267933],[-62.32911873,9.26325226],[-62.32770574,9.26018322],[-62.32095277,9.25433993],[-62.31838083,9.24504852],[-62.31633425,9.24307597],[-62.30842972,9.2393831],[-62.30319655,9.22981691],[-62.30235755,9.22636914],[-62.30491841,9.22298646],[-62.31127083,9.2197715],[-62.31353188,9.21610153],[-62.30683064,9.2040596],[-62.30487442,9.18980217],[-62.30525935,9.18611336],[-62.30894232,9.18247771],[-62.32104087,9.17909992],[-62.32450581,9.17516327],[-62.32821214,9.16649497],[-62.32991946,9.15498483],[-62.32894886,9.1489166],[-62.33071482,9.13161731],[-62.32896912,9.12678444],[-62.32446754,9.12591672],[-62.31481922,9.12800205],[-62.30975854,9.13090575],[-62.30498755,9.13582754],[-62.30170882,9.13665664],[-62.28241003,9.12923384],[-62.2752645,9.12921464],[-62.26377285,9.13167691],[-62.2620846,9.12900603],[-62.26772356,9.11479056],[-62.26604474,9.11116826],[-62.24141288,9.09322143],[-62.22787261,9.09033823],[-62.22422731,9.08786786],[-62.22405577,9.08461606],[-62.22766244,9.07341075],[-62.22822511,9.06388271],[-62.22824991,9.06126595],[-62.22698891,9.05882382],[-62.22534275,9.05809975],[-62.21789241,9.05818105],[-62.20943308,9.06307316],[-62.20332146,9.06520295],[-62.19893575,9.06470036],[-62.19287062,9.06205094],[-62.18693173,9.06671464],[-62.18555295,9.06966722],[-62.18508208,9.07486665],[-62.1876868,9.08479238],[-62.18488586,9.0864681],[-62.17420578,9.08668745],[-62.16541505,9.08524585],[-62.16156483,9.08681095],[-62.15967095,9.08859336],[-62.15914714,9.09142995],[-62.16408515,9.10306323],[-62.16344476,9.10416317],[-62.15931225,9.10460222],[-62.14793754,9.10106814],[-62.14387345,9.09695816],[-62.14300787,9.09030807],[-62.14831352,9.07654774],[-62.14838815,9.06703377],[-62.14368415,9.06110477],[-62.13161731,9.05330801],[-62.11692941,9.04642761],[-62.11074066,9.04594958],[-62.10889375,9.04865956],[-62.10884011,9.05173576],[-62.11185145,9.05948973],[-62.11256945,9.06570745],[-62.10788786,9.07271862],[-62.09992242,9.07705605],[-62.09568417,9.07554924],[-62.09723008,9.07461441],[-62.09566593,9.07358015],[-62.09246612,9.07324648],[-62.08384955,9.06944585],[-62.06699264,9.05555356],[-62.05870354,9.05384874],[-62.05691493,9.05092657],[-62.0565989,9.03528643],[-62.05829382,9.03113997],[-62.0686388,9.0275712],[-62.07177281,9.02359545],[-62.07197583,9.02317727],[-62.07450771,9.00599134],[-62.07506943,9.00422323],[-62.07607508,9.00167286],[-62.07910597,8.99646175],[-62.07943082,8.99603295],[-62.08655155,8.98798227],[-62.0868268,8.98740864],[-62.08968031,8.97919846],[-62.09059775,8.97584927],[-62.09066892,8.96877694],[-62.0898602,8.96330822],[-62.08144915,8.95079744],[-62.07941294,8.94238281],[-62.07175314,8.92423725],[-62.06554174,8.91280174],[-62.06250727,8.89997017],[-62.05864167,8.89109755],[-62.05851674,8.88769066],[-62.05575347,8.87981212],[-62.05671513,8.87850237],[-62.05653405,8.87453187],[-62.05584335,8.87370884],[-62.05412281,8.87285745],[-62.05097616,8.87430882],[-62.04382515,8.87335277],[-62.03547704,8.87458122],[-62.02958548,8.87986171],[-62.02067375,8.89096117],[-62.0089668,8.89757085],[-62.00159335,8.89681482],[-61.99689817,8.89310145],[-61.99662292,8.8923341],[-61.99639595,8.89088023],[-61.99783504,8.88909042],[-62.00993013,8.87902451],[-62.01253903,8.87615585],[-62.01615977,8.87097645],[-62.02004003,8.86318672],[-62.01876175,8.86261976],[-62.01489115,8.86824715],[-62.01498544,8.86075664],[-62.01483083,8.86089647],[-62.01242113,8.86443126],[-62.00947106,8.87539673],[-62.00825357,8.874897],[-62.00977194,8.86869431],[-62.00877237,8.86782146],[-62.00711715,8.87738776],[-62.00639761,8.87799203],[-62.00587571,8.87394977],[-62.00367427,8.87793565],[-62.00377166,8.87985122],[-62.00288045,8.88142026],[-62.00031817,8.88401341],[-61.99832714,8.88484716],[-61.99752045,8.88462484],[-61.99718368,8.88420725],[-61.9985677,8.88262916],[-61.99889696,8.87931085],[-61.99821806,8.87762177],[-61.99703932,8.87708175],[-61.99507785,8.87682438],[-61.99462497,8.87704754],[-61.99248898,8.88071477],[-61.99235153,8.88100255],[-61.99165237,8.88906825],[-61.99561274,8.89632487],[-62.00131834,8.89949393],[-62.00235355,8.89989102],[-62.00743532,8.90087211],[-62.00895357,8.90076041],[-62.01597965,8.89837956],[-62.01778793,8.89754891],[-62.03371,8.88325393],[-62.04657912,8.88253796],[-62.04807913,8.87977564],[-62.0508337,8.87882781],[-62.05250764,8.87424576],[-62.05403042,8.87364912],[-62.05587304,8.87497938],[-62.05589235,8.87768793],[-62.0531342,8.87961435],[-62.05569267,8.88604414],[-62.05936384,8.90754247],[-62.05959928,8.92054236],[-62.05835247,8.92528796],[-62.05803895,8.92867804],[-62.05912042,8.92980051],[-62.05845678,8.93271506],[-62.05977654,8.93629253],[-62.06325805,8.93869734],[-62.06508756,8.94143701],[-62.07367003,8.94511497],[-62.07724547,8.94792175],[-62.07808685,8.94905806],[-62.08316827,8.95940375],[-62.08480787,8.96484375],[-62.08529985,8.97612941],[-62.08458078,8.98224425],[-62.08298004,8.98387814],[-62.08222163,8.98844385],[-62.08207571,8.98871815],[-62.07916951,8.99136674],[-62.07566905,8.99821365],[-62.06309497,9.01130021],[-62.05917954,9.01853526],[-62.05776393,9.02195275],[-62.05521166,9.028337],[-62.05550182,9.02982426],[-62.05323994,9.03311825],[-62.05113697,9.04081607],[-62.0503875,9.04827845],[-62.05071223,9.05019081],[-62.05127227,9.05196845],[-62.05257082,9.05456614],[-62.05837226,9.06180274],[-62.06045485,9.06387556],[-62.06754994,9.06944585],[-62.09483707,9.08056915],[-62.09697795,9.08162951],[-62.10116291,9.08416712],[-62.10397995,9.09087324],[-62.10397947,9.09527671],[-62.10012865,9.10555851],[-62.09980392,9.10678911],[-62.09998405,9.1131345],[-62.09984624,9.11378193],[-62.09701204,9.12160456],[-62.09839976,9.12509835],[-62.10089707,9.12721562],[-62.11372817,9.12758875],[-62.12213242,9.12994575],[-62.12969601,9.12757695],[-62.13134694,9.12799406],[-62.13832951,9.13432682],[-62.14541054,9.13877594],[-62.14792514,9.14605296],[-62.15107775,9.15080905],[-62.15236056,9.15954375],[-62.16623652,9.16880536],[-62.172544,9.17907834],[-62.17661583,9.18103504],[-62.18754601,9.18155098],[-62.18805277,9.18318558],[-62.18622267,9.18641138],[-62.18589687,9.1922158],[-62.18710744,9.19784045],[-62.1912719,9.20593643],[-62.20164645,9.21788037],[-62.21697521,9.22353423],[-62.22003245,9.22612655],[-62.22094035,9.22966278],[-62.21242011,9.23649967],[-62.21207166,9.24062347],[-62.21530855,9.24506593],[-62.21930254,9.24668133],[-62.22296941,9.25001991],[-62.23037756,9.26168954],[-62.23518205,9.26255584],[-62.24599445,9.25307047],[-62.25169146,9.2531203],[-62.25501823,9.25455916],[-62.25216734,9.26049674],[-62.24212611,9.27148664],[-62.24044013,9.27664196],[-62.23993194,9.28316474],[-62.2368108,9.29560745],[-62.23792052,9.30039322],[-62.23995852,9.30322754],[-62.25121546,9.30415952],[-62.26394391,9.30684733],[-62.2691015,9.30573654],[-62.27753496,9.30011964],[-62.27795672,9.29368746],[-62.27682364,9.28729713],[-62.27857077,9.28579998],[-62.29632068,9.29701364],[-62.30030096,9.29848087],[-62.30311334,9.29907763],[-62.30718815,9.29910004],[-62.31444597,9.29610443],[-62.31860292,9.29500341],[-62.32267666,9.29493988],[-62.32269752,9.29493916],[-62.32460904,9.29653215],[-62.33753157,9.31167507],[-62.34160805,9.32114685],[-62.34271896,9.32559001],[-62.34277725,9.32908762],[-62.33938324,9.33775115],[-62.33605945,9.34181666],[-62.33330202,9.34453511],[-62.32573354,9.34882152],[-62.32219017,9.35252881],[-62.32105875,9.35834801],[-62.3243643,9.36733246],[-62.32504094,9.36846507],[-62.33048153,9.37299526],[-62.34680915,9.38167036],[-62.34928894,9.38484144],[-62.35196674,9.39165103],[-62.35689032,9.39635754],[-62.35736418,9.39662898],[-62.3619467,9.39781082],[-62.37200391,9.3952831],[-62.37662864,9.39516187],[-62.3862046,9.40143383],[-62.40404105,9.40834832],[-62.40781617,9.41145682],[-62.41037202,9.41653001],[-62.41090155,9.42059815],[-62.40455651,9.43408585],[-62.40104151,9.45521212],[-62.39715767,9.46669912],[-62.3988651,9.47909141],[-62.39902604,9.47950625],[-62.40290165,9.48489583],[-62.40869153,9.48853076],[-62.41373682,9.48946846],[-62.4198606,9.48966157],[-62.42916024,9.48557246],[-62.43260694,9.48549104],[-62.44007707,9.49126232],[-62.44095063,9.4921875],[-62.44245541,9.49573624],[-62.44257402,9.49733746],[-62.44143283,9.50242472],[-62.43847311,9.50801301],[-62.43833733,9.50844204],[-62.43707228,9.51542282],[-62.43833745,9.52298033],[-62.4421488,9.53310692],[-62.44261766,9.5408498],[-62.43585944,9.55175781],[-62.43585944,9.55566394],[-62.43451977,9.55799484],[-62.42702508,9.56602335],[-62.42467332,9.56778562],[-62.4163841,9.57077551],[-62.39447033,9.60316324],[-62.38272536,9.61422515],[-62.36258292,9.63678884],[-62.35028064,9.64518726],[-62.34712505,9.65742946],[-62.35018754,9.6861912],[-62.35012317,9.68694103],[-62.34875882,9.68969154],[-62.34314704,9.69754207],[-62.33974981,9.70154393],[-62.33476603,9.70601046],[-62.33026195,9.70950258],[-62.32322693,9.71397817],[-62.32060194,9.71534407],[-62.31214654,9.71825886],[-62.30186534,9.72049534],[-62.29629946,9.72315633],[-62.29592764,9.7234354],[-62.29185641,9.72868431],[-62.29125142,9.72902477],[-62.28780305,9.73031795],[-62.27873266,9.74132693],[-62.26744425,9.74742317],[-62.26010525,9.75362706],[-62.25564086,9.75809586],[-62.25174904,9.76563895],[-62.25191724,9.76617086],[-62.25266767,9.76660097],[-62.25305188,9.76658523],[-62.25382364,9.76575553],[-62.25398827,9.76553094],[-62.25772297,9.75774252],[-62.26155901,9.75413501],[-62.2660048,9.75068927],[-62.28100765,9.74103153],[-62.28793645,9.73238051],[-62.29072535,9.73193455],[-62.29082692,9.73200965],[-62.28848755,9.74528086],[-62.28310251,9.75825274],[-62.28296435,9.75896931],[-62.28411496,9.76667488],[-62.27348065,9.79753017],[-62.25390196,9.83266675],[-62.25403893,9.83446384],[-62.24632466,9.8478018],[-62.24500632,9.85319996],[-62.24500632,9.87956965],[-62.24671316,9.88591754],[-62.25368977,9.89827406],[-62.25571144,9.90448916],[-62.25623941,9.91053176],[-62.25378823,9.92808783],[-62.25721705,9.94031525],[-62.26509213,9.95559144],[-62.26534224,9.95627308],[-62.26599705,9.96037912],[-62.26278925,9.96410274],[-62.25467575,9.97115755],[-62.24944174,9.97371912],[-62.24915612,9.9719398],[-62.25110996,9.96812642],[-62.25102735,9.96774852],[-62.24957812,9.96275425],[-62.24494648,9.9541018],[-62.23043537,9.93900514],[-62.21725178,9.93062878],[-62.210922,9.91586494],[-62.20941675,9.91328573],[-62.20668125,9.90887988],[-62.20218074,9.90434325],[-62.19735396,9.89495003],[-62.18693066,9.8829509],[-62.18087387,9.87017965],[-62.17673576,9.85022271],[-62.17561126,9.83077562],[-62.17569244,9.8254348],[-62.17593336,9.82139695],[-62.17812896,9.81007445],[-62.17676246,9.79560065],[-62.17926133,9.78382015],[-62.17926133,9.77723372],[-62.17709434,9.77003932],[-62.1764307,9.76297295],[-62.17282724,9.75374985],[-62.16929674,9.75001156],[-62.16803658,9.74656844],[-62.16705155,9.74292636],[-62.16521895,9.72773826],[-62.16516852,9.71845937],[-62.16602194,9.7119801],[-62.16644824,9.7101866],[-62.17213857,9.70203054],[-62.17433715,9.69980586],[-62.18052232,9.69694471],[-62.18189025,9.69586742],[-62.18585372,9.69128633],[-62.18603635,9.69097912],[-62.18742764,9.68685424],[-62.18622112,9.67882538],[-62.18659604,9.67343056],[-62.19961858,9.65894473],[-62.20059383,9.65751791],[-62.20174086,9.6549412],[-62.20188785,9.65431035],[-62.20198238,9.65379024],[-62.20442486,9.64439535],[-62.20493376,9.64361513],[-62.20898688,9.6397171],[-62.21823084,9.63693976],[-62.22463572,9.63186312],[-62.22738075,9.61998343],[-62.22766423,9.60962522],[-62.22107625,9.59386492],[-62.22076356,9.59380662],[-62.22009122,9.59426427],[-62.2206918,9.59681082],[-62.2208389,9.59722114],[-62.22680986,9.61053085],[-62.22571385,9.62346542],[-62.22366834,9.63016856],[-62.22182751,9.63309026],[-62.2164849,9.63631546],[-62.20721054,9.63881135],[-62.20203054,9.63792646],[-62.19579351,9.63844776],[-62.19078481,9.64093363],[-62.18859863,9.64340675],[-62.18531024,9.65021753],[-62.18385446,9.65917957],[-62.18328297,9.6745187],[-62.18600714,9.68305135],[-62.18501723,9.68687367],[-62.18126333,9.69411314],[-62.17467666,9.69736874],[-62.16937602,9.70143342],[-62.16678596,9.70039761],[-62.16290355,9.7179172],[-62.16324961,9.73674655],[-62.16564345,9.7545042],[-62.16466022,9.78725624],[-62.16714501,9.79221272],[-62.17341435,9.79629076],[-62.17501307,9.79957676],[-62.17439652,9.81265342],[-62.17196155,9.8225919],[-62.17022657,9.86314166],[-62.17975783,9.88116455],[-62.20471024,9.91193855],[-62.20870805,9.92091811],[-62.20874524,9.92418063],[-62.20874882,9.92447793],[-62.207201,9.92610526],[-62.19857585,9.93046725],[-62.18811464,9.93323314],[-62.16126406,9.93777895],[-62.14967203,9.93637681],[-62.14325786,9.93268573],[-62.13630211,9.92582107],[-62.13144565,9.92284322],[-62.12608755,9.92134643],[-62.11530173,9.92053688],[-62.10772252,9.91517854],[-62.10313046,9.90951216],[-62.10330153,9.90334976],[-62.10093701,9.8975569],[-62.09217715,9.88542104],[-62.08453405,9.87701535],[-62.07741976,9.87447584],[-62.06245935,9.87493122],[-62.05688584,9.87409008],[-62.04748952,9.86948931],[-62.03990126,9.86341906],[-62.03428245,9.86105716],[-62.03373432,9.86367726],[-62.03479016,9.86531615],[-62.04444897,9.87601566],[-62.04930425,9.8793596],[-62.05608594,9.88176751],[-62.06963503,9.88284194],[-62.08118737,9.88555074],[-62.09881473,9.89781845],[-62.10198283,9.91031396],[-62.1087656,9.91815186],[-62.11736345,9.9229604],[-62.12578154,9.92329824],[-62.13265276,9.92525256],[-62.14231634,9.93411183],[-62.14908278,9.93783605],[-62.15851522,9.93936145],[-62.16037405,9.93935895],[-62.17113006,9.93830931],[-62.19297552,9.93436337],[-62.20799744,9.93003464],[-62.21083915,9.92959464],[-62.21155274,9.92943788],[-62.21292198,9.93016136],[-62.21771836,9.93885827],[-62.22150087,9.94372785],[-62.22846723,9.95114231],[-62.23292685,9.95498526],[-62.24411523,9.96196914],[-62.24446762,9.96237648],[-62.24519432,9.9652245],[-62.24505544,9.96604502],[-62.24302316,9.97199166],[-62.2428956,9.97613788],[-62.24117005,9.98288405],[-62.22783351,9.99227297],[-62.2265625,9.99414063],[-62.22418523,9.99585116],[-62.21973026,10.00343287],[-62.21446824,10.00890565],[-62.21234441,10.01098073],[-62.20539415,10.01481426],[-62.20078313,10.01953125],[-62.19615042,10.02084446],[-62.19579256,10.02085113],[-62.19115114,10.01953125],[-62.19030142,10.01953125],[-62.16461134,10.01202714],[-62.14913285,10.00881243],[-62.12865448,10.00104904],[-62.12207353,9.99755573],[-62.10433173,9.99522722],[-62.08478296,9.98709846],[-62.06666815,9.98101962],[-62.04398215,9.96955752],[-62.03626633,9.964993],[-62.02811074,9.95944846],[-62.02292824,9.95523834],[-62.00012207,9.93608594],[-61.99580562,9.93129015],[-61.97742915,9.91690195],[-61.96940994,9.91145575],[-61.9671272,9.9111222],[-61.96473384,9.90839314],[-61.96170795,9.90791833],[-61.95894802,9.90591967],[-61.93202746,9.88282371],[-61.92890835,9.88165355],[-61.91706836,9.87304676],[-61.89696825,9.84660804],[-61.89511347,9.84375],[-61.89509726,9.84375],[-61.89240253,9.83708394],[-61.89028597,9.83629525],[-61.88885844,9.83303595],[-61.88058877,9.827286],[-61.88110304,9.82465506],[-61.87873924,9.82123721],[-61.875,9.82059145],[-61.87067378,9.81543911],[-61.86952412,9.81210375],[-61.86591315,9.81096888],[-61.86390901,9.80739737],[-61.86109245,9.80890655],[-61.8590126,9.80692267],[-61.85874164,9.80681777],[-61.85542202,9.80683911],[-61.8533442,9.80529475],[-61.84655225,9.804937],[-61.83985341,9.80126262],[-61.83272505,9.79893541],[-61.83212876,9.79831648],[-61.83198655,9.79743683],[-61.83529055,9.78505695],[-61.83489335,9.77640033],[-61.8342092,9.77387703],[-61.83268428,9.77042091],[-61.83214235,9.7696439],[-61.82690263,9.76403522],[-61.8227812,9.75630164],[-61.82422423,9.74896896],[-61.82000244,9.75807214],[-61.81243277,9.75942135],[-61.81062305,9.75883114],[-61.80918837,9.74762857],[-61.80992615,9.73216736],[-61.81039298,9.72923255],[-61.81166196,9.72234404],[-61.81417155,9.71693706],[-61.82600057,9.70217061],[-61.837695,9.68121994],[-61.83786404,9.68085372],[-61.84862745,9.65076995],[-61.84922957,9.64676332],[-61.84508252,9.65451872],[-61.84100533,9.66950095],[-61.83560193,9.68176365],[-61.83265245,9.68396378],[-61.82427072,9.69911015],[-61.81697226,9.70772874],[-61.81024683,9.72126102],[-61.80822825,9.72814524],[-61.80709517,9.73798883],[-61.80737901,9.75503254],[-61.80969191,9.76253867],[-61.80949032,9.76349223],[-61.80778205,9.76510584],[-61.80757391,9.76517046],[-61.79786015,9.76543236],[-61.79046786,9.76848614],[-61.78998792,9.76862526],[-61.78545403,9.76906383],[-61.78505445,9.76892042],[-61.77858734,9.76472855],[-61.77497745,9.76095033],[-61.76490724,9.75510228],[-61.76408124,9.75394583],[-61.76315844,9.74919784],[-61.76445317,9.73894966],[-61.76424205,9.73242176],[-61.76268256,9.72560823],[-61.75653875,9.71819186],[-61.74375665,9.70974815],[-61.74229193,9.70830357],[-61.74106395,9.70614994],[-61.74029422,9.70348465],[-61.74034536,9.7003473],[-61.74334645,9.68385887],[-61.74365926,9.67592072],[-61.74232101,9.66038704],[-61.73813832,9.63863134],[-61.73789632,9.62627554],[-61.73902595,9.61623991],[-61.74583554,9.59525383],[-61.74437225,9.59433472],[-61.74419296,9.59467006],[-61.73789454,9.61596084],[-61.73676491,9.62611604],[-61.73701584,9.63982034],[-61.74118948,9.66065836],[-61.74252713,9.67647874],[-61.73913765,9.70430565],[-61.74323332,9.71090806],[-61.75055885,9.71487367],[-61.75677907,9.71989524],[-61.76200247,9.72697937],[-61.76339555,9.73727775],[-61.76214135,9.74788845],[-61.76267755,9.75328934],[-61.76417875,9.75644422],[-61.77166986,9.76067412],[-61.77377641,9.7621572],[-61.78064513,9.76837587],[-61.78394485,9.76988626],[-61.78451121,9.77003884],[-61.79097497,9.77000773],[-61.80381906,9.76681364],[-61.8069092,9.76733124],[-61.80734301,9.76759398],[-61.80869818,9.76905453],[-61.80869806,9.76941538],[-61.80457604,9.77810431],[-61.80347872,9.78204036],[-61.80317855,9.78573954],[-61.80329287,9.78636873],[-61.80587494,9.79458463],[-61.80710805,9.79773605],[-61.80988717,9.80279255],[-61.8111881,9.80381656],[-61.81203794,9.80437768],[-61.81401014,9.80518687],[-61.8205111,9.80588555],[-61.82319808,9.80740881],[-61.82337964,9.80758655],[-61.82466304,9.81047726],[-61.82376862,9.81241047],[-61.82425117,9.8176614],[-61.82432985,9.81794047],[-61.82875276,9.82608354],[-61.82839978,9.82669497],[-61.82586825,9.82817233],[-61.82018936,9.82976961],[-61.80571652,9.83138621],[-61.79315746,9.83137464],[-61.78173125,9.83035707],[-61.77526033,9.82942116],[-61.76852667,9.82760167],[-61.75882173,9.82372296],[-61.75480616,9.82330012],[-61.7507956,9.82185233],[-61.74388325,9.81859434],[-61.7360723,9.81837416],[-61.72681701,9.8142035],[-61.72283697,9.81414461],[-61.71805394,9.81021094],[-61.71761704,9.81004763],[-61.71286356,9.80856144],[-61.71066642,9.80907905],[-61.68618047,9.80000246],[-61.68155253,9.79934573],[-61.68058467,9.79801071],[-61.66998422,9.79526794],[-61.66556644,9.79441857],[-61.65893674,9.79388106],[-61.65856886,9.79387367],[-61.6522243,9.79449904],[-61.64969933,9.79596186],[-61.64510894,9.7952733],[-61.63797975,9.79699802],[-61.62580514,9.79802501],[-61.61782515,9.79680276],[-61.61277163,9.79462564],[-61.61244202,9.79474378],[-61.61358333,9.79627931],[-61.62014985,9.8004719],[-61.6281836,9.80426812],[-61.62812161,9.80510676],[-61.62549674,9.80548036],[-61.62571383,9.80703735],[-61.63202345,9.81177235],[-61.63307404,9.81453645],[-61.63821006,9.82055295],[-61.64209735,9.82307327],[-61.64827645,9.82453227],[-61.64358735,9.82692611],[-61.62972713,9.82756686],[-61.62829411,9.82685792],[-61.62209427,9.82532787],[-61.62158644,9.82256413],[-61.61829877,9.82389641],[-61.61736822,9.82375634],[-61.61330175,9.82184935],[-61.60863495,9.81918287],[-61.60074055,9.81370318],[-61.58941364,9.80277574],[-61.57378697,9.79241717],[-61.56753576,9.78427112],[-61.56199205,9.77413654],[-61.56123352,9.76842415],[-61.55897653,9.76779675],[-61.55103147,9.75616372],[-61.53763175,9.74060643],[-61.53621054,9.73866236],[-61.53056085,9.73002136],[-61.5234375,9.71233261],[-61.523211,9.71163487],[-61.52258015,9.69658971],[-61.51629305,9.68374193],[-61.51600981,9.68277597],[-61.51497555,9.67690957],[-61.51474035,9.67386341],[-61.51499856,9.67136395],[-61.51579475,9.66796875],[-61.51828134,9.66252506],[-61.51953888,9.66054392],[-61.52896893,9.65142226],[-61.53552926,9.63407016],[-61.55056918,9.61435735],[-61.55659044,9.60901892],[-61.56190145,9.60783434],[-61.56250834,9.60758543],[-61.56500316,9.60599315],[-61.56889832,9.60288274],[-61.5753473,9.59616435],[-61.57854843,9.59189105],[-61.58129406,9.58714914],[-61.59432936,9.56137717],[-61.59443295,9.56131315],[-61.59895265,9.55948806],[-61.60646427,9.55835962],[-61.61220956,9.55593646],[-61.61361241,9.55510056],[-61.61466801,9.55431974],[-61.61941886,9.54810381],[-61.62834275,9.54053044],[-61.63208926,9.53450263],[-61.63706434,9.52926552],[-61.64211667,9.51581872],[-61.64541244,9.51300287],[-61.64556468,9.51264811],[-61.64663553,9.50157511],[-61.64669132,9.50127327],[-61.64901566,9.4921875],[-61.65150213,9.48335075],[-61.64935601,9.48536301],[-61.64851725,9.4870882],[-61.64706314,9.49181402],[-61.64703596,9.4921875],[-61.64675295,9.4921875],[-61.64489305,9.49763656],[-61.64160144,9.51366246],[-61.64146924,9.51406145],[-61.63472915,9.52861106],[-61.63420534,9.52948284],[-61.62759817,9.53574514],[-61.62524641,9.54085326],[-61.62247264,9.54203296],[-61.61241245,9.55298376],[-61.60233116,9.55591404],[-61.59428585,9.55991745],[-61.59317946,9.55997515],[-61.59282756,9.55869055],[-61.5936594,9.55501294],[-61.59514546,9.55122793],[-61.59555483,9.55073035],[-61.60618615,9.54399323],[-61.61331725,9.53700066],[-61.6179229,9.53129637],[-61.62199545,9.52389407],[-61.62448406,9.51599204],[-61.62664187,9.50509024],[-61.62698448,9.48596096],[-61.63564944,9.46572268],[-61.63455546,9.45232177],[-61.63054967,9.44702864],[-61.62981355,9.44422615],[-61.62986386,9.43915415],[-61.63146114,9.43558013],[-61.65259576,9.41479266],[-61.65771008,9.40792894],[-61.6617614,9.40547454],[-61.67064071,9.40323806],[-61.6772722,9.39854264],[-61.67920744,9.39363003],[-61.67755592,9.38752413],[-61.66899395,9.382779],[-61.66803825,9.38057935],[-61.66900957,9.37836766],[-61.68089187,9.37153697],[-61.68632031,9.36679268],[-61.68697941,9.35585594],[-61.68823671,9.35326457],[-61.70147645,9.34556925],[-61.70878983,9.34354246],[-61.71958196,9.34790504],[-61.72805691,9.34755993],[-61.73092174,9.34446025],[-61.73270285,9.33466291],[-61.73139846,9.33317745],[-61.72939944,9.33426428],[-61.72952235,9.3357836],[-61.72690511,9.33438384],[-61.72544456,9.32612252],[-61.72698164,9.32286561],[-61.73123372,9.31951535],[-61.74586987,9.31665075],[-61.75248981,9.31358683],[-61.75550377,9.31044722],[-61.75918746,9.30481946],[-61.76192737,9.29375803],[-61.76117396,9.27994704],[-61.75605583,9.27249753],[-61.75552213,9.26889646],[-61.75857854,9.267084],[-61.76959085,9.26833534],[-61.77743494,9.26681447],[-61.78303635,9.26300716],[-61.78464687,9.26024616],[-61.78591585,9.24918532],[-61.79524255,9.24884272],[-61.79926384,9.24673295],[-61.80528891,9.24016714],[-61.80771065,9.23534191],[-61.80641091,9.22813034],[-61.80506134,9.23524713],[-61.80060577,9.24208605],[-61.79286337,9.24731386],[-61.78691184,9.24701035],[-61.7846297,9.24047303],[-61.77893055,9.23472273],[-61.77815175,9.22782087],[-61.77979076,9.22424471],[-61.79926145,9.20521748],[-61.80434215,9.19793975],[-61.80896235,9.18869376],[-61.82394826,9.17142653],[-61.82758153,9.169384],[-61.83906984,9.15718281],[-61.85147762,9.1295011],[-61.85570335,9.12515855],[-61.86525202,9.10948944],[-61.86672235,9.09249175],[-61.86310911,9.08499157],[-61.85207045,9.07452714],[-61.84291244,9.07287681],[-61.83498025,9.07380056],[-61.82791245,9.07235765],[-61.82480431,9.06814861],[-61.82340753,9.06045365],[-61.82464921,9.04677701],[-61.83390772,9.00354862],[-61.83343661,8.99627125],[-61.83944392,8.98559463],[-61.84542,8.97747886],[-61.84981251,8.97339106],[-61.85103798,8.96574044],[-61.85340381,8.95975125],[-61.86335623,8.94283307],[-61.86480331,8.92761803],[-61.86032176,8.92026174],[-61.86495626,8.89878213],[-61.86305845,8.88490045],[-61.86540115,8.87861037],[-61.87290347,8.86947894],[-61.87887645,8.84837067],[-61.88025868,8.84698677],[-61.88273168,8.84821951],[-61.88716865,8.85633445],[-61.89264536,8.85934556],[-61.89869404,8.85847616],[-61.9092921,8.85465443],[-61.91548443,8.84985697],[-61.92402255,8.84071374],[-61.92990065,8.83815718],[-61.93587852,8.83305395],[-61.93771553,8.82405364],[-61.94235384,8.82034194],[-61.94992411,8.81821728],[-61.95359206,8.81468856],[-61.95625675,8.80594528],[-61.95804954,8.80448055],[-61.97049391,8.81007063],[-61.98152888,8.81749594],[-61.98847008,8.81827736],[-61.99546015,8.82251525],[-62.00161004,8.82367826],[-62.00401664,8.82660103],[-62.00404727,8.83133376],[-62.00679946,8.83737016],[-62.00760901,8.83841157],[-62.01008117,8.84047854],[-62.01124334,8.84120023],[-62.01410317,8.84229207],[-62.02058601,8.84352708],[-62.02158928,8.84454894],[-62.02453923,8.84379065],[-62.03316784,8.83942854],[-62.0487529,8.82904255],[-62.05802465,8.82531726],[-62.06077576,8.82240415],[-62.06228185,8.81903613],[-62.06275237,8.81731677],[-62.06275225,8.81109595],[-62.06125414,8.80034375],[-62.05730057,8.78523636],[-62.05730045,8.78095663],[-62.05917811,8.77273822],[-62.06689262,8.75876784],[-62.07578123,8.74983776],[-62.08676374,8.74491072],[-62.09860563,8.74112856],[-62.11160433,8.73357475],[-62.12258267,8.72236955],[-62.13902914,8.7124269],[-62.1517359,8.70735133],[-62.17477274,8.70185363],[-62.18177044,8.69935906],[-62.18821955,8.69527531],[-62.21434057,8.66492486],[-62.22980165,8.65297317],[-62.22984016,8.65292537],[-62.23191226,8.65035105],[-62.23482072,8.64719272],[-62.23901474,8.63756537],[-62.24407613,8.63452637],[-62.24842,8.62893415],[-62.24866974,8.62793064],[-62.24636221,8.62764537],[-62.24356926,8.63299],[-62.24001002,8.63659501],[-62.23852932,8.63576305],[-62.24292731,8.61328125],[-62.24400616,8.60933077],[-62.24651277,8.60283554],[-62.24991751,8.59683537],[-62.25550902,8.59395814],[-62.26015735,8.59326875],[-62.27463305,8.59583986],[-62.27711725,8.59829164],[-62.27969694,8.59885335],[-62.27960145,8.60254085],[-62.27997553,8.60452461],[-62.28132987,8.60864794],[-62.28171456,8.60905755],[-62.28680062,8.61167312],[-62.28742325,8.61181867],[-62.29605067,8.61213565],[-62.30375421,8.60930943],[-62.30789876,8.60713327],[-62.32005751,8.59441614],[-62.35706377,8.56436408],[-62.36439407,8.55476296],[-62.37146771,8.55333042],[-62.37813985,8.54905093],[-62.39259577,8.53631711],[-62.40617371,8.52951264],[-62.40760708,8.52904725],[-62.41042137,8.52909934],[-62.4309777,8.53630054],[-62.43320894,8.53855574],[-62.43397522,8.54199135],[-62.44011521,8.54702675],[-62.44344115,8.54824054],[-62.45534813,8.54902744],[-62.4687705,8.54547036],[-62.47772586,8.53986716],[-62.49388123,8.52627814],[-62.51107645,8.51687121],[-62.51268661,8.51810515],[-62.51847923,8.51777565],[-62.52112556,8.52146494],[-62.52696657,8.52364445],[-62.53707254,8.52201211],[-62.53819084,8.52142572],[-62.54613936,8.51639426],[-62.55436373,8.50898325],[-62.55865645,8.50488281],[-62.56892741,8.49382091],[-62.57229054,8.48937893],[-62.578125,8.48102665],[-62.58161175,8.47551537],[-62.58237815,8.47103834],[-62.58297491,8.46773374],[-62.58261692,8.46537352],[-62.58250606,8.46178532],[-62.58130443,8.45746624],[-62.57999194,8.45463395],[-62.578125,8.45145094],[-62.57814086,8.45135677],[-62.57709515,8.45124722],[-62.57593787,8.4513005],[-62.57248831,8.45295715],[-62.54726005,8.45585156],[-62.53818774,8.460325],[-62.53642905,8.46136093],[-62.52663195,8.46875],[-62.52149022,8.47463572],[-62.52031004,8.47793996],[-62.5135504,8.48283243],[-62.50680876,8.49209893],[-62.50596762,8.49521196],[-62.50696397,8.49919558],[-62.50139046,8.50265324],[-62.49241185,8.50300181],[-62.48284554,8.49894786],[-62.47508216,8.49700308],[-62.46741354,8.49936855],[-62.46370351,8.49915791],[-62.46010554,8.49642634],[-62.44812906,8.49741495],[-62.44765246,8.49754763],[-62.43916011,8.50285685],[-62.43882215,8.5030024],[-62.42673361,8.50662243],[-62.42277551,8.51038897],[-62.41305792,8.51238525],[-62.40164566,8.51699054],[-62.39406824,8.51798797],[-62.39293313,8.51907194],[-62.37622201,8.52374601],[-62.37148643,8.5268203],[-62.36904621,8.53114355],[-62.34178674,8.54793501],[-62.33737028,8.55206406],[-62.33252251,8.55293012],[-62.32839465,8.55140066],[-62.32181203,8.55106735],[-62.31851971,8.55266178],[-62.31276572,8.55248451],[-62.31030333,8.55332136],[-62.30801237,8.55587161],[-62.30475545,8.55655837],[-62.28918946,8.55409706],[-62.28271174,8.55419207],[-62.26993883,8.55754435],[-62.26819766,8.55824065],[-62.26560378,8.55982101],[-62.26327181,8.56296945],[-62.26145875,8.56771624],[-62.26134098,8.56848991],[-62.26160097,8.57119226],[-62.26175034,8.57159984],[-62.26317453,8.57328045],[-62.26217186,8.57553065],[-62.26198721,8.57581282],[-62.25883925,8.57821834],[-62.25777066,8.58114433],[-62.25749791,8.58137941],[-62.25576913,8.58122754],[-62.25503683,8.58150482],[-62.25412476,8.58296466],[-62.25015426,8.58378994],[-62.24946117,8.58389938],[-62.24001205,8.58311248],[-62.23771393,8.58503687],[-62.23464382,8.58481455],[-62.22546887,8.58026016],[-62.21994424,8.57696152],[-62.21948874,8.57677865],[-62.21481013,8.57536435],[-62.21238852,8.57536471],[-62.21004224,8.57592273],[-62.20784247,8.57777345],[-62.2074933,8.57790625],[-62.20301115,8.57843351],[-62.19891381,8.58058107],[-62.19658136,8.58035088],[-62.18575788,8.57534826],[-62.17784715,8.57354546],[-62.17230105,8.56760406],[-62.16011202,8.56131685],[-62.15055084,8.5600183],[-62.14276314,8.56403446],[-62.14033031,8.56749952],[-62.14010155,8.56967914],[-62.13656127,8.57181323],[-62.13485122,8.57822001],[-62.12105835,8.58447421],[-62.10467982,8.58673716],[-62.10129905,8.58806968],[-62.09298313,8.58656681],[-62.08405316,8.58758211],[-62.06939793,8.58357561],[-62.06160951,8.57988703],[-62.04966044,8.58418667],[-62.04421115,8.57950008],[-62.04125571,8.57375264],[-62.03900015,8.56035137],[-62.04002964,8.54819751],[-62.03675723,8.53613675],[-62.03417277,8.53444803],[-62.03031611,8.53267455],[-62.02571654,8.53238463],[-62.02383292,8.53377295],[-62.01253843,8.53243423],[-62.00414634,8.53006685],[-61.99510682,8.52559304],[-61.98635614,8.52434361],[-61.97792971,8.52691877],[-61.97506845,8.52982485],[-61.97276998,8.53060496],[-61.95894933,8.53035533],[-61.94988954,8.52731431],[-61.9396069,8.52210653],[-61.93714035,8.52139592],[-61.93562555,8.52127504],[-61.93459141,8.52167511],[-61.93682504,8.52292538],[-61.93641496,8.52348185],[-61.93105996,8.52336228],[-61.93034422,8.52219296],[-61.93424165,8.52170014],[-61.92611647,8.52074325],[-61.92334735,8.52079523],[-61.89920855,8.52346694],[-61.87457681,8.52957594],[-61.86242247,8.53777635],[-61.85702741,8.54284763],[-61.84269154,8.55080998],[-61.83368945,8.56155992],[-61.82269895,8.56964016],[-61.81701195,8.57046735],[-61.80590641,8.57419145],[-61.79808807,8.58310235],[-61.79393363,8.58588004],[-61.79385841,8.58593035],[-61.78856623,8.58590758],[-61.77952147,8.58266306],[-61.77168965,8.58719027],[-61.76708627,8.58342135],[-61.75129855,8.58368814],[-61.74197435,8.57799411],[-61.74023986,8.57731652],[-61.73775411,8.57732773],[-61.73437691,8.57815623],[-61.73185015,8.57928288],[-61.72728145,8.58259737],[-61.7061094,8.58837736],[-61.70462573,8.58869815],[-61.69965875,8.58867753],[-61.69684601,8.58828533],[-61.68637037,8.58612514],[-61.67981601,8.58243716],[-61.67918181,8.58223856],[-61.67004061,8.58019316],[-61.66293406,8.57888055],[-61.65780485,8.57750034],[-61.6506561,8.57500756],[-61.64743662,8.5736984],[-61.63660717,8.56702864],[-61.63243544,8.56344795],[-61.62515604,8.56007564],[-61.61366391,8.55755115],[-61.60734916,8.55963743],[-61.59637821,8.55699766],[-61.59431982,8.55612886],[-61.58693862,8.55096865],[-61.57782126,8.54651654],[-61.56827486,8.54433227],[-61.55166745,8.53327048],[-61.54354525,8.52542245],[-61.53850091,8.52317011],[-61.52439177,8.52186418],[-61.51645756,8.5233705],[-61.5070374,8.52899778],[-61.50341594,8.53289831],[-61.50041246,8.53257668],[-61.49798715,8.53026915],[-61.49592292,8.52536845],[-61.49739206,8.51715267],[-61.49613643,8.51187956],[-61.49286473,8.50520372],[-61.48895526,8.50128818],[-61.47641063,8.49708176],[-61.46669853,8.49799383],[-61.44102585,8.48908365],[-61.43808174,8.48691118],[-61.43284714,8.47730827],[-61.42612636,8.47355664],[-61.40519023,8.47156823],[-61.38793075,8.4740808],[-61.37883377,8.47744822],[-61.36866772,8.48490357],[-61.36472511,8.48490441],[-61.36156857,8.48349965],[-61.35606587,8.47876024],[-61.34318042,8.46075273],[-61.33708096,8.45967662],[-61.33620501,8.45968175],[-61.33027911,8.46108186],[-61.32370436,8.46561205],[-61.31767917,8.47361493],[-61.31449282,8.48114121],[-61.31026101,8.48434424],[-61.30264807,8.48021674],[-61.29707205,8.47362566],[-61.29389071,8.47166026],[-61.28209174,8.47008717],[-61.26654482,8.46574664],[-61.25195742,8.45966816],[-61.24311841,8.45167661],[-61.23385274,8.45635414],[-61.22820497,8.46154356],[-61.22648275,8.46436274],[-61.22571385,8.46935284],[-61.22367191,8.47170866],[-61.21631396,8.47265625],[-61.20152915,8.47077751],[-61.18923473,8.47542453],[-61.18293905,8.48129201],[-61.17550886,8.49450326],[-61.17224956,8.49820876],[-61.16467237,8.49715912],[-61.15936327,8.49328446],[-61.15805376,8.49080205],[-61.14965844,8.48747373],[-61.11445677,8.48744404],[-61.09781575,8.49058163],[-61.09427655,8.49099553],[-61.08521366,8.49030411],[-61.08173168,8.49054277],[-61.07721972,8.49184477],[-61.06324172,8.49808037],[-61.04353905,8.50879765],[-61.04293156,8.50905955],[-61.03934598,8.51001418],[-61.03543305,8.50996375],[-61.03249204,8.50860834],[-61.01877165,8.49853277],[-61.01872265,8.49825871],[-61.02546716,8.47630417],[-61.02935791,8.46776462],[-61.03030181,8.46121144],[-61.03150237,8.45857668],[-61.03295696,8.45657003],[-61.03491974,8.45566535],[-61.03657901,8.45523191],[-61.03981066,8.45552564],[-61.05424893,8.46312821],[-61.05907714,8.46451962],[-61.06315756,8.46420395],[-61.06720924,8.46034265],[-61.07117558,8.45052242],[-61.07485676,8.44520295],[-61.08271456,8.4375],[-61.08274376,8.43029666],[-61.07436085,8.42208016],[-61.07383907,8.42011642],[-61.07776308,8.40452075],[-61.08779705,8.39259827],[-61.09839821,8.38389015],[-61.09980905,8.38168633],[-61.09950113,8.38121843],[-61.09877717,8.38090408],[-61.09859276,8.38101685],[-61.08974147,8.38841701],[-61.07826877,8.40104854],[-61.07263625,8.40231383],[-61.07277465,8.40337193],[-61.07416964,8.40270495],[-61.07537675,8.40492904],[-61.07257235,8.41241956],[-61.07235634,8.42119646],[-61.07450354,8.42546856],[-61.08106756,8.43238473],[-61.08166516,8.43597293],[-61.07897556,8.4391005],[-61.07354462,8.44143581],[-61.06920612,8.44604671],[-61.0665518,8.45075631],[-61.06408525,8.46101081],[-61.06079507,8.46309876],[-61.05853176,8.46267903],[-61.04730296,8.4559741],[-61.03961706,8.45359266],[-61.03047693,8.45533752],[-61.02154684,8.47590876],[-61.01738691,8.49358976],[-61.01570797,8.49728084],[-61.01375365,8.49821258],[-61.01100016,8.49997962],[-61.0001595,8.50353813],[-61,8.503660022095906],[-61,8.512481343908451],[-61.00330734,8.51222122],[-61.0036056,8.51213074],[-61.00556874,8.51005602],[-61.01036406,8.50984705],[-61.01487982,8.51119006],[-61.01986325,8.51477468],[-61.02515256,8.51695085],[-61.02604473,8.51851737],[-61.02454925,8.52234554],[-61.01930654,8.53230321],[-61.01674986,8.5365895],[-61.0130583,8.54106605],[-61.00978851,8.54340982],[-61.00896835,8.54386926],[-61.00814831,8.54376495],[-61.00485551,8.54137647],[-61,8.542034378794089],[-61,8.554105357979433],[-61.00036633,8.55374455],[-61.00123417,8.55312335],[-61.01065564,8.54946852],[-61.01103175,8.54925072],[-61.01348436,8.54730308],[-61.02019322,8.53972554],[-61.0217185,8.53918493],[-61.02862716,8.52960086],[-61.02916038,8.52938402],[-61.02955616,8.52943575],[-61.03237903,8.53249538],[-61.03654254,8.53923404],[-61.04086936,8.54339254],[-61.05546236,8.54652464],[-61.06150734,8.54933155],[-61.06441367,8.54744363],[-61.0681833,8.54276133],[-61.0786134,8.54181063],[-61.09263182,8.52676785],[-61.09498537,8.52608824],[-61.09828377,8.53010154],[-61.10092056,8.53062904],[-61.10404146,8.5295372],[-61.10837543,8.53660345],[-61.1114645,8.53948176],[-61.11396551,8.54577422],[-61.11906946,8.54980671],[-61.12304473,8.55010951],[-61.13418257,8.53967464],[-61.13669884,8.53885257],[-61.14190352,8.54263651],[-61.14761996,8.54312336],[-61.15074575,8.55070305],[-61.15588784,8.54949832],[-61.15859866,8.55280852],[-61.15966296,8.55592966],[-61.15956235,8.55654466],[-61.15881765,8.55757153],[-61.14423621,8.56363702],[-61.13041377,8.57338977],[-61.13013256,8.57367361],[-61.11879182,8.59417701],[-61.11649632,8.59610176],[-61.11289156,8.60218763],[-61.10105455,8.61328125],[-61.09679258,8.61983955],[-61.09340775,8.62187326],[-61.09174871,8.62229311],[-61.08318245,8.62298083],[-61.07002175,8.62186372],[-61.06954455,8.62175643],[-61.06480205,8.61879241],[-61.05505657,8.61558652],[-61.04357946,8.61792946],[-61.03627813,8.62105536],[-61.03132856,8.62075281],[-61.03062367,8.62058926],[-61.01189435,8.61328125],[-61.00190008,8.60466146],[-61,8.604403246682931],[-61,8.60558647437362],[-61.00081825,8.60580051],[-61.00252795,8.60840666],[-61.0024755,8.60874176],[-61.00108445,8.60921001],[-61,8.609243606637301],[-61,8.610613468514398],[-61.00382376,8.61096191],[-61.01487935,8.61690128],[-61.01927495,8.61776817],[-61.02351367,8.62151742],[-61.02346826,8.62430882],[-61.02271891,8.62495065],[-61.01654983,8.62831855],[-61.01128876,8.62941134],[-61.00911915,8.62967014],[-61.00504053,8.62927675],[-61.00461495,8.62914753],[-61,8.626833700272366],[-61,8.62866029248436],[-61.00070822,8.62894547],[-61.00126958,8.62989581],[-61.00138271,8.63084245],[-61.00115657,8.63153315],[-61,8.632102481514405],[-61,8.639342402784713],[-61.00392902,8.63561845],[-61.01123178,8.63181031],[-61.02218986,8.62931633],[-61.02640557,8.62946963],[-61.03345525,8.62435722],[-61.04305005,8.62075532],[-61.06000245,8.62335527],[-61.07344615,8.62713945],[-61.08763015,8.62772524],[-61.0944339,8.62642455],[-61.10099065,8.62202215],[-61.10951924,8.61397874],[-61.11406887,8.60733354],[-61.12052846,8.60124993],[-61.13131487,8.58079398],[-61.13808143,8.57617486],[-61.14172626,8.57104003],[-61.14461744,8.56820154],[-61.14857304,8.56504047],[-61.15593338,8.56081855],[-61.16105855,8.56027532],[-61.18240654,8.56790757],[-61.18615174,8.57160997],[-61.19058895,8.57860732],[-61.19816363,8.58384073],[-61.19814527,8.58473933],[-61.19594336,8.58556545],[-61.19644844,8.58637965],[-61.20200884,8.58717775],[-61.20114708,8.59058321],[-61.20093167,8.5909301],[-61.19334841,8.60190892],[-61.1861248,8.62119532],[-61.18457174,8.6307199],[-61.18371511,8.65483606],[-61.18304765,8.65777302],[-61.18262565,8.65811551],[-61.17801785,8.66022718],[-61.17766893,8.66028965],[-61.1739912,8.65997136],[-61.17152321,8.65984774],[-61.16462386,8.65788543],[-61.16400576,8.65768278],[-61.15167952,8.6520015],[-61.13931894,8.64880347],[-61.12229967,8.65012336],[-61.11131883,8.65510428],[-61.10408115,8.65510428],[-61.09634543,8.65281951],[-61.08539474,8.64566076],[-61.07397115,8.64170277],[-61.06616294,8.63756525],[-61.06295896,8.63712215],[-61.06219316,8.63708246],[-61.05383813,8.63812077],[-61.04582846,8.6413753],[-61.040555,8.64515698],[-61.03534961,8.64645493],[-61.02848494,8.64557695],[-61.02323735,8.64294541],[-61.01606154,8.64294136],[-61.01247442,8.64389777],[-61.00491715,8.65037012],[-61.00146687,8.64892983],[-61,8.643114991600882],[-61,8.652112454858027],[-61.00017202,8.65211821],[-61.00017107,8.65443838],[-61,8.654819862444532],[-61,8.660776672119027],[-61.00110376,8.65748787],[-61.00259972,8.65521598],[-61.00459146,8.65364826],[-61.00834107,8.65233743],[-61.01057518,8.64904702],[-61.01686645,8.64613962],[-61.01944292,8.64528978],[-61.02299941,8.64538395],[-61.02666414,8.64651406],[-61.03241527,8.6499058],[-61.03311086,8.65006292],[-61.04000962,8.64978135],[-61.04340363,8.64860904],[-61.04880071,8.64269423],[-61.05460775,8.64043725],[-61.06141198,8.63978791],[-61.07027185,8.64412105],[-61.07860804,8.64657521],[-61.09188426,8.65431142],[-61.10579216,8.65829766],[-61.11201215,8.65786576],[-61.12744296,8.65243494],[-61.12966204,8.65186024],[-61.13387752,8.65131187],[-61.13617742,8.6513766],[-61.14630043,8.65348923],[-61.16553307,8.66040075],[-61.16670108,8.66068268],[-61.171875,8.66155136],[-61.17803144,8.66191697],[-61.18282735,8.66133344],[-61.182832,8.66133642],[-61.1838026,8.66273415],[-61.18506265,8.66801465],[-61.18506277,8.66875935],[-61.18344331,8.67982686],[-61.18360281,8.69070113],[-61.18220413,8.69340396],[-61.18160152,8.69361246],[-61.17401111,8.69258893],[-61.17369366,8.69245744],[-61.17020774,8.6903789],[-61.16519654,8.68523276],[-61.16212058,8.68546104],[-61.15478206,8.68808746],[-61.14284337,8.69862497],[-61.13760054,8.69845462],[-61.13462973,8.69610155],[-61.13223875,8.70015085],[-61.11836874,8.70500565],[-61.10425425,8.69980741],[-61.08722508,8.69942558],[-61.07841897,8.69733906],[-61.07778907,8.69745827],[-61.07571292,8.6990571],[-61.07432282,8.70181203],[-61.07422054,8.70255017],[-61.07672524,8.70883405],[-61.07629156,8.70998633],[-61.07396531,8.71162248],[-61.06846118,8.7114892],[-61.0671041,8.71303284],[-61.06697631,8.71365035],[-61.06769943,8.71612823],[-61.06721044,8.71828043],[-61.06568015,8.72110116],[-61.06524372,8.72174656],[-61.05920947,8.72554183],[-61.05881786,8.72563827],[-61.05241835,8.72597504],[-61.0476135,8.72502124],[-61.03291702,8.71643996],[-61.02238917,8.71375716],[-61.01287365,8.71427834],[-61.00476217,8.71702075],[-61,8.71613434692744],[-61,8.717608556008507],[-61.00228453,8.71824181],[-61.00011206,8.72073543],[-61,8.72074160417928],[-61,8.722080384458156],[-61.00017691,8.72206807],[-61.01228666,8.71622694],[-61.01625657,8.71632552],[-61.02160156,8.71895087],[-61.03739536,8.72019744],[-61.04397571,8.7251358],[-61.04904163,8.72682405],[-61.06028116,8.72645664],[-61.06603003,8.72284663],[-61.06829131,8.71805382],[-61.06892145,8.71207762],[-61.07401752,8.7122606],[-61.07704842,8.7110337],[-61.07787228,8.70855475],[-61.07516003,8.70216095],[-61.07625067,8.69940221],[-61.07760477,8.69871986],[-61.0812391,8.69851637],[-61.08623958,8.70024765],[-61.10229456,8.70042121],[-61.11757791,8.70560503],[-61.11851144,8.70560682],[-61.12259686,8.70501125],[-61.12369311,8.70475817],[-61.12771833,8.70221925],[-61.13198721,8.70114267],[-61.13502276,8.69672978],[-61.13688254,8.69890893],[-61.14237726,8.70105481],[-61.15366781,8.690328],[-61.16366446,8.68589532],[-61.17030084,8.69221342],[-61.17312098,8.69360876],[-61.18183374,8.69566727],[-61.18201053,8.69575036],[-61.18199456,8.70266175],[-61.17998993,8.71010566],[-61.17918098,8.71213961],[-61.17363012,8.71976364],[-61.16171205,8.73332083],[-61.15869975,8.7362951],[-61.15407646,8.74031913],[-61.13185012,8.75522304],[-61.12952244,8.76218271],[-61.12750244,8.76486254],[-61.12720084,8.76523793],[-61.11936665,8.76855087],[-61.11400485,8.78003812],[-61.11145473,8.78412461],[-61.108657,8.78775132],[-61.10241473,8.79305065],[-61.10198891,8.79331565],[-61.08905876,8.79830074],[-61.07778764,8.80668867],[-61.07678914,8.80721152],[-61.06716752,8.81086135],[-61.06642902,8.81219137],[-61.06026816,8.81495821],[-61.05666935,8.81561172],[-61.05250812,8.81814384],[-61.04229605,8.82107401],[-61.03755414,8.82445014],[-61.03628385,8.82430804],[-61.03368771,8.82857656],[-61.02455533,8.83553803],[-61.01247466,8.83239901],[-61.00694621,8.82818675],[-61.00593185,8.82787454],[-61.00270307,8.82787597],[-61,8.82810384890654],[-61,8.829658322844004],[-61.00745225,8.83042598],[-61.0107758,8.83267343],[-61.01369894,8.83554995],[-61.01424587,8.83705628],[-61.01425755,8.83758914],[-61.01343155,8.83884001],[-61.00874805,8.84107578],[-61.00008535,8.84714735],[-61,8.84722864094706],[-61,8.850783212177678],[-61.00320566,8.8473984],[-61.00737214,8.84605396],[-61.00861335,8.84651828],[-61.00784123,8.84844005],[-61.00361633,8.85097218],[-61.00017774,8.85202265],[-61,8.851787373146001],[-61,8.853461247757942],[-61.00250685,8.85313904],[-61.00281775,8.8529253],[-61.00835764,8.84883153],[-61.00874794,8.84846175],[-61.00980985,8.84587264],[-61.01242363,8.84377944],[-61.02183235,8.83957207],[-61.03107131,8.83671355],[-61.03707635,8.83643973],[-61.04803336,8.83201754],[-61.05174208,8.82880294],[-61.05593765,8.82152557],[-61.06510091,8.81615877],[-61.07950485,8.81178868],[-61.09267664,8.81217945],[-61.09383714,8.81180251],[-61.097229,8.80963755],[-61.09842658,8.80840194],[-61.10147154,8.80337536],[-61.10185218,8.80295873],[-61.10353792,8.80269635],[-61.10629237,8.79438508],[-61.12094176,8.7826184],[-61.12780726,8.77522242],[-61.13651621,8.75953674],[-61.13706601,8.75898671],[-61.15483534,8.74332392],[-61.15532541,8.74308717],[-61.15884995,8.74386942],[-61.15915024,8.74401391],[-61.15940154,8.74485123],[-61.15878487,8.74712396],[-61.15216064,8.75379336],[-61.15007007,8.75739813],[-61.147053,8.76744795],[-61.14199662,8.77691722],[-61.14005923,8.78472304],[-61.13693583,8.79119194],[-61.13477802,8.79341424],[-61.13270664,8.79518068],[-61.12109137,8.79989672],[-61.10457945,8.81059325],[-61.09872675,8.81953514],[-61.09022057,8.82725882],[-61.084324,8.82781637],[-61.07657576,8.82622921],[-61.06455696,8.82825971],[-61.06066728,8.83047593],[-61.05674088,8.83994722],[-61.05713928,8.84667182],[-61.05503356,8.85231423],[-61.04763842,8.85734451],[-61.03668332,8.87657833],[-61.01998174,8.89470816],[-61.01653635,8.90638423],[-61.01390386,8.91006732],[-61.00996363,8.91017306],[-61,8.921271244539836],[-61,8.933621646016608],[-61.00054586,8.92778075],[-61.00073421,8.92740881],[-61.00154853,8.92590165],[-61.00433755,8.92246544],[-61.00919378,8.91999805],[-61.01570916,8.91442812],[-61.02043617,8.90672123],[-61.02393794,8.89522862],[-61.0347259,8.88611793],[-61.03981245,8.87998521],[-61.04913914,8.86227834],[-61.06000125,8.85319555],[-61.06223834,8.84436727],[-61.06139863,8.83924532],[-61.06403434,8.83295238],[-61.06764984,8.83181751],[-61.08309436,8.83286798],[-61.0879091,8.83225668],[-61.09382856,8.8303982],[-61.09956586,8.82536864],[-61.10053265,8.8249104],[-61.10263002,8.82470214],[-61.10360563,8.82533991],[-61.1044445,8.82666647],[-61.1059947,8.83384204],[-61.10130882,8.86244535],[-61.10078883,8.87113667],[-61.10105193,8.87301064],[-61.10161567,8.87482941],[-61.10231137,8.87510407],[-61.11153412,8.88315213],[-61.11405516,8.88538623],[-61.11483896,8.88687682],[-61.11483431,8.88964844],[-61.11311173,8.89180934],[-61.10592556,8.89463115],[-61.10148728,8.90165818],[-61.10134566,8.90198803],[-61.10046268,8.90565705],[-61.10012031,8.92480457],[-61.0907799,8.94747293],[-61.08747447,8.95861042],[-61.08662605,8.96665835],[-61.08367574,8.97273648],[-61.08049452,8.97678852],[-61.07445908,8.98283815],[-61.06415665,8.98720396],[-61.06296074,8.98994505],[-61.05366981,8.99426627],[-61.0461539,8.98889506],[-61.03972626,8.98809457],[-61.02717042,8.98992455],[-61.02182984,8.99333954],[-61.01721418,8.99755144],[-61.01354742,9.00387824],[-61.00914288,9.00700748],[-61.00225925,9.01445794],[-61,9.015678382934],[-61,9.035886420343655],[-61.00015116,9.03576577],[-61.00241816,9.03080964],[-61.00250697,9.02216077],[-61.00438476,9.01834357],[-61.00955451,9.01100338],[-61.01849055,9.00206184],[-61.02051878,8.99765718],[-61.03846335,8.99288416],[-61.04188764,8.99361312],[-61.04835284,8.99736452],[-61.04874861,8.99794066],[-61.05120945,9.00265014],[-61.05041885,9.00538623],[-61.04406071,9.00848353],[-61.03718603,9.01847184],[-61.03121185,9.02407146],[-61.02540064,9.02739167],[-61.01450717,9.04013276],[-61.00248492,9.04815626],[-61.00050044,9.05490816],[-61.00315702,9.06567931],[-61,9.072564898154486],[-61,9.074075771731728],[-61.00053775,9.0855484],[-61,9.086149076618813],[-61,9.09108528216729],[-61.00004363,9.09106183],[-61.00031424,9.09170377],[-61.00209916,9.0883584],[-61.00322151,9.08357775],[-61.00245523,9.07354331],[-61.00689101,9.06464434],[-61.00401235,9.05557334],[-61.00482011,9.05065322],[-61.02227747,9.03765225],[-61.02901864,9.02892244],[-61.04309213,9.01538861],[-61.04858804,9.01469827],[-61.04948938,9.01484132],[-61.05256212,9.01554418],[-61.05517316,9.01808321],[-61.05636466,9.01797366],[-61.05680442,9.01742852],[-61.05663812,9.01649225],[-61.05300045,9.01425886],[-61.05149114,9.01374126],[-61.04635716,9.01311386],[-61.04352927,9.01335895],[-61.04318166,9.01422095],[-61.04266441,9.01354766],[-61.04270315,9.01236701],[-61.04465878,9.0098685],[-61.05145657,9.00687206],[-61.05164695,9.00657654],[-61.05320334,9.00305915],[-61.05162072,9.00011504],[-61.05223966,8.99819195],[-61.05252898,8.99794757],[-61.06768632,8.99524665],[-61.06898642,8.99333715],[-61.07666934,8.98947156],[-61.07817996,8.98827422],[-61.08349896,8.98256755],[-61.09104192,8.96609283],[-61.09833312,8.95777786],[-61.0996716,8.95548975],[-61.10085988,8.95191836],[-61.10160387,8.94691324],[-61.10209095,8.9464221],[-61.10501206,8.93952262],[-61.11186612,8.9346261],[-61.11632991,8.9289391],[-61.11686575,8.92859995],[-61.12081885,8.92692721],[-61.12653232,8.92763257],[-61.12691045,8.92773724],[-61.13258362,8.93131554],[-61.13839197,8.93216026],[-61.14267015,8.93061364],[-61.14929712,8.92739964],[-61.14956462,8.9272598],[-61.14879107,8.92676604],[-61.14966464,8.92621183],[-61.15070558,8.92583942],[-61.15371251,8.92497373],[-61.17100048,8.92377186],[-61.1715095,8.92365944],[-61.17668128,8.92072451],[-61.18528688,8.91487098],[-61.18887591,8.91145206],[-61.19048214,8.90856957],[-61.19185615,8.90548217],[-61.19326365,8.90055156],[-61.19280255,8.89277756],[-61.19478464,8.88809276],[-61.19495404,8.88785851],[-61.20111322,8.88303995],[-61.20869827,8.88115287],[-61.21029735,8.87951064],[-61.21160233,8.87523055],[-61.21089828,8.86852312],[-61.21198845,8.86653495],[-61.21672153,8.86414742],[-61.23099565,8.86455441],[-61.23116076,8.86440337],[-61.23129296,8.86358726],[-61.22872007,8.86275256],[-61.22387505,8.86195862],[-61.22271836,8.86195874],[-61.21847093,8.86251152],[-61.2133249,8.86389697],[-61.21295786,8.86406076],[-61.20971382,8.86676896],[-61.21047425,8.87179601],[-61.20931995,8.8782202],[-61.20901275,8.87872505],[-61.20641363,8.88058054],[-61.20285523,8.88079357],[-61.19679534,8.88369906],[-61.19421744,8.88667107],[-61.19300127,8.88835275],[-61.19155073,8.89255655],[-61.19143117,8.89309216],[-61.19188404,8.89939141],[-61.19065773,8.90326965],[-61.18869412,8.90821517],[-61.18727875,8.91063595],[-61.18538952,8.91304863],[-61.18354106,8.91459036],[-61.17767656,8.91802287],[-61.171875,8.92103791],[-61.16541517,8.92238021],[-61.15279806,8.92395091],[-61.15195048,8.92401314],[-61.15046823,8.92287421],[-61.14486647,8.92742264],[-61.14347494,8.92790174],[-61.13969708,8.92974687],[-61.13923967,8.92980695],[-61.13559973,8.92988157],[-61.13308823,8.92919564],[-61.12991965,8.92798376],[-61.12593305,8.92527866],[-61.12457514,8.92498434],[-61.11831427,8.9254086],[-61.11188698,8.93271065],[-61.10331535,8.93895876],[-61.10189271,8.93943536],[-61.10184574,8.93943715],[-61.10034597,8.93840015],[-61.10021353,8.93761146],[-61.10376811,8.92260921],[-61.10401845,8.92048991],[-61.10402024,8.91805196],[-61.10302174,8.91626096],[-61.10304475,8.91543972],[-61.10441685,8.90304995],[-61.11025774,8.89591956],[-61.11660504,8.89228368],[-61.11782277,8.88994205],[-61.1144098,8.87570286],[-61.11429942,8.86687124],[-61.11571336,8.86028624],[-61.11588335,8.85999036],[-61.12005925,8.85597002],[-61.13665605,8.84898031],[-61.1448189,8.85224581],[-61.15024066,8.85125411],[-61.15714145,8.84351397],[-61.15686572,8.8365097],[-61.15185595,8.82379401],[-61.15183342,8.81528294],[-61.15413761,8.80675805],[-61.15676773,8.80471742],[-61.16183436,8.80503845],[-61.17149341,8.8108412],[-61.18419385,8.81338572],[-61.19487417,8.81117106],[-61.20309246,8.80695665],[-61.20370555,8.80670798],[-61.21524751,8.80336583],[-61.21429157,8.80317247],[-61.21950412,8.80086172],[-61.21930301,8.80039501],[-61.21868765,8.80028045],[-61.20778465,8.8038007],[-61.20541644,8.80475473],[-61.19699347,8.80948937],[-61.18662036,8.81131578],[-61.17489338,8.81107533],[-61.16977644,8.80922234],[-61.16353881,8.80424142],[-61.16302156,8.80403924],[-61.15981901,8.80336523],[-61.15573215,8.80377603],[-61.15326774,8.80650246],[-61.15050316,8.81398976],[-61.15013182,8.81989396],[-61.15016162,8.82266211],[-61.15372014,8.83323502],[-61.15188253,8.84775853],[-61.14982104,8.84990704],[-61.14572406,8.85093153],[-61.1384114,8.84768391],[-61.13566506,8.84768558],[-61.13383031,8.84815073],[-61.12661111,8.85030365],[-61.12545288,8.85201907],[-61.12466776,8.85253537],[-61.11737084,8.85605526],[-61.1171478,8.85621273],[-61.11553621,8.85811615],[-61.11449444,8.86026526],[-61.11316991,8.86573505],[-61.11334884,8.87807834],[-61.11286855,8.87916505],[-61.11170351,8.87846446],[-61.10852635,8.87607002],[-61.10655975,8.87413204],[-61.10486436,8.87158978],[-61.10451794,8.87065506],[-61.10441613,8.85573173],[-61.10855985,8.83117175],[-61.11162317,8.81706166],[-61.11289942,8.81285524],[-61.11373627,8.81129587],[-61.11670804,8.80836391],[-61.13061166,8.80223155],[-61.13165092,8.80152786],[-61.14004576,8.79461694],[-61.14422405,8.7890625],[-61.14810526,8.77786446],[-61.15085864,8.77453744],[-61.15549445,8.76441491],[-61.17102373,8.74362922],[-61.18198621,8.72974205],[-61.19608331,8.69798565],[-61.1979897,8.69339097],[-61.19961143,8.68736255],[-61.19970572,8.68420017],[-61.19842803,8.68007302],[-61.19762683,8.66818881],[-61.19672155,8.66525543],[-61.19350612,8.66442466],[-61.19511342,8.66558266],[-61.19789076,8.68103278],[-61.19247365,8.67696965],[-61.19140875,8.67445683],[-61.19052684,8.67049265],[-61.19058597,8.66089797],[-61.19110405,8.65880835],[-61.19125366,8.65853322],[-61.19574726,8.65299535],[-61.19605911,8.65222335],[-61.19747806,8.64563155],[-61.1972692,8.62674725],[-61.20178306,8.61328125],[-61.20678186,8.60252225],[-61.20965862,8.59746206],[-61.20999932,8.59697616],[-61.21435225,8.59245527],[-61.21542072,8.59126806],[-61.21782923,8.59016371],[-61.22153604,8.58907938],[-61.23335731,8.59007013],[-61.23412573,8.58991456],[-61.23802924,8.58858407],[-61.25575042,8.57918382],[-61.26015234,8.57815444],[-61.26841104,8.57821214],[-61.29254591,8.58293533],[-61.3133738,8.59017134],[-61.32788861,8.59233844],[-61.34516311,8.59881866],[-61.36925232,8.60388267],[-61.38724411,8.61096382],[-61.39974415,8.61310947],[-61.4157598,8.60924721],[-61.43008256,8.60332477],[-61.44062924,8.59740245],[-61.45399678,8.59409797],[-61.46272016,8.58332634],[-61.46645284,8.58143795],[-61.46936035,8.58208168],[-61.48145771,8.57156754],[-61.47825742,8.58384132],[-61.49500966,8.58096588],[-61.50260484,8.58118045],[-61.53488457,8.58786273],[-61.55912495,8.59043121],[-61.56702662,8.59229386],[-61.57836711,8.59805822],[-61.58075273,8.60195577],[-61.58734596,8.60549831],[-61.5953865,8.61328125],[-61.62642336,8.61342072],[-61.64299357,8.60906637],[-61.64743936,8.60986638],[-61.65553427,8.61373067],[-61.67428231,8.61851037],[-61.68287814,8.61994815],[-61.69512987,8.62078154],[-61.71013343,8.61837804],[-61.71160805,8.61859763],[-61.71236372,8.61926961],[-61.71532655,8.6246314],[-61.72470486,8.63089836],[-61.72881711,8.6346693],[-61.7295444,8.63580072],[-61.73032022,8.63730454],[-61.72989202,8.6385622],[-61.72955501,8.63878667],[-61.72361887,8.64045656],[-61.71861327,8.64083505],[-61.71346736,8.64031625],[-61.70071161,8.6339581],[-61.69570816,8.63230717],[-61.69484615,8.63216472],[-61.69127667,8.63230503],[-61.6905905,8.63259137],[-61.68572605,8.63519144],[-61.67733944,8.64080703],[-61.66675127,8.65827537],[-61.65398586,8.67374611],[-61.64678395,8.67739677],[-61.6428138,8.67649603],[-61.63971186,8.67396843],[-61.63853443,8.67152655],[-61.63664746,8.67116535],[-61.62214673,8.68497074],[-61.60948503,8.69956505],[-61.58570874,8.71898735],[-61.57688725,8.72258913],[-61.56314588,8.72630966],[-61.56265426,8.72703135],[-61.56421053,8.7279247],[-61.5873332,8.72011745],[-61.59483814,8.71252728],[-61.60995567,8.70076382],[-61.61985636,8.68919766],[-61.63672698,8.67268753],[-61.64093876,8.67712605],[-61.64365625,8.67843986],[-61.64779818,8.67866266],[-61.65313411,8.67598236],[-61.66842878,8.65802646],[-61.67773163,8.64230633],[-61.68891215,8.63472807],[-61.69594324,8.6339581],[-61.71320903,8.64123416],[-61.71665633,8.64185584],[-61.72034037,8.64222205],[-61.72308636,8.64196718],[-61.73138654,8.63933325],[-61.73178923,8.63895583],[-61.73201013,8.63759887],[-61.73159373,8.63632965],[-61.73014796,8.63434124],[-61.72617435,8.63033915],[-61.71683204,8.62434864],[-61.71524978,8.62222648],[-61.71472144,8.62146676],[-61.7154268,8.61988962],[-61.71722174,8.61815035],[-61.71873975,8.61712611],[-61.72338545,8.61529791],[-61.74119318,8.61079955],[-61.74474072,8.61058247],[-61.76980782,8.61085975],[-61.77695167,8.61247396],[-61.78910136,8.61795962],[-61.79811335,8.61914063],[-61.82975018,8.61540306],[-61.84561706,8.61071312],[-61.85370612,8.61001337],[-61.87323201,8.62166536],[-61.88439846,8.62335718],[-61.89892972,8.63277352],[-61.91779006,8.63617516],[-61.92023981,8.63884234],[-61.92297721,8.63985467],[-61.93438804,8.64109671],[-61.93863273,8.63983595],[-61.94459665,8.63994777],[-61.95924616,8.64401138],[-61.97059345,8.65506876],[-61.97317648,8.65643752],[-61.98079932,8.66691351],[-61.98103118,8.66714084],[-61.98575795,8.67037392],[-61.98604107,8.67132807],[-61.98651874,8.67423367],[-61.99472034,8.67571425],[-61.99510884,8.67584336],[-61.99785507,8.67750514],[-62.00021934,8.67978966],[-62.0003283,8.68232286],[-61.98775744,8.69578266],[-61.97728014,8.69596791],[-61.97562492,8.69817984],[-61.97494745,8.70640171],[-61.97756791,8.71174073],[-61.98048294,8.72255754],[-61.97668183,8.72600114],[-61.97475302,8.72664118],[-61.97222173,8.72665453],[-61.96168995,8.72215605],[-61.94790423,8.71882331],[-61.94480026,8.71984386],[-61.94095027,8.72338426],[-61.92904484,8.72986126],[-61.91582334,8.73637855],[-61.91392303,8.73690236],[-61.90531635,8.73624027],[-61.9024651,8.73573828],[-61.88676727,8.73143673],[-61.88623083,8.73118484],[-61.88281083,8.72874868],[-61.87688112,8.72203112],[-61.87240994,8.71919644],[-61.87209463,8.71907663],[-61.86834073,8.72039366],[-61.86387563,8.72039461],[-61.85860908,8.71853781],[-61.85021746,8.71755946],[-61.83336031,8.70731735],[-61.82425642,8.70881724],[-61.82021952,8.70137763],[-61.81451297,8.70014846],[-61.81224954,8.70089185],[-61.82031167,8.70394003],[-61.82205081,8.70662332],[-61.82202482,8.70967233],[-61.82331264,8.71067846],[-61.83249617,8.70964301],[-61.83712172,8.71162403],[-61.84209955,8.71633494],[-61.84546626,8.71784794],[-61.86215472,8.72176003],[-61.87385106,8.72245693],[-61.8744961,8.72269595],[-61.88170934,8.73017597],[-61.88610303,8.73317862],[-61.90700662,8.73819435],[-61.91789401,8.73779476],[-61.91852725,8.73759091],[-61.92405212,8.7333647],[-61.94105446,8.72541177],[-61.94468641,8.72150898],[-61.94808233,8.72043121],[-61.95132232,8.72042406],[-61.96070755,8.72486305],[-61.96373832,8.72463894],[-61.97066295,8.72789252],[-61.97450554,8.72872448],[-61.97558355,8.72829604],[-61.98085594,8.72493982],[-61.98189664,8.72288561],[-61.98029745,8.71407223],[-61.9769299,8.70607674],[-61.97750711,8.6987828],[-61.98628378,8.69841397],[-61.98764324,8.69736338],[-61.98875642,8.69798446],[-61.99754977,8.68883872],[-62.00206494,8.68202603],[-62.00217772,8.68146718],[-62.00157475,8.67874968],[-61.99701393,8.67443562],[-61.99306405,8.67306054],[-61.98908556,8.67329895],[-61.98915684,8.67247903],[-61.98934185,8.67236948],[-62.00687957,8.67156816],[-62.0183202,8.66939378],[-62.02381527,8.66926396],[-62.02412486,8.66939914],[-62.03484726,8.67526042],[-62.04078126,8.67992044],[-62.05130124,8.68494415],[-62.06560767,8.68967235],[-62.06961691,8.69182432],[-62.07189333,8.69322336],[-62.0749526,8.69566953],[-62.08694541,8.70883167],[-62.09880805,8.71660781],[-62.10421967,8.71864665],[-62.10495496,8.72015226],[-62.10563016,8.72139716],[-62.10557806,8.72345602],[-62.10312271,8.72273743],[-62.09719515,8.72380185],[-62.09246957,8.72585106],[-62.09201705,8.72617853],[-62.08438337,8.73288667],[-62.07943535,8.74126244],[-62.05903888,8.75611007],[-62.05510116,8.76611531],[-62.05369484,8.77370977],[-62.0539149,8.78288412],[-62.05677176,8.79884803],[-62.05653965,8.80809307],[-62.05333412,8.81772554],[-62.04344022,8.82921147],[-62.0215553,8.83782256],[-62.01211214,8.83784473],[-62.00778353,8.83275187],[-62.00684142,8.82523501],[-62.00362384,8.82003343],[-62.00134766,8.81858015],[-61.99517834,8.81842625],[-61.98980677,8.81536841],[-61.98214078,8.81449544],[-61.97202122,8.80634797],[-61.96602082,8.8046205],[-61.95824003,8.79999566],[-61.95368445,8.80266046],[-61.95163167,8.80905747],[-61.95019901,8.80958843],[-61.94743037,8.81470263],[-61.93669641,8.81942737],[-61.93175817,8.83272874],[-61.92286491,8.83708048],[-61.91637206,8.84446764],[-61.90632725,8.85252571],[-61.89809906,8.85580838],[-61.89069927,8.85629535],[-61.88896513,8.85488534],[-61.88689697,8.84803081],[-61.88480961,8.84527695],[-61.88158321,8.84351933],[-61.87680542,8.84547985],[-61.87379885,8.85294688],[-61.86997283,8.86843073],[-61.86193836,8.87833023],[-61.86010635,8.88316357],[-61.86034977,8.88715625],[-61.86140025,8.88819432],[-61.86135304,8.90147007],[-61.85748684,8.91670382],[-61.85757494,8.92095041],[-61.86249292,8.92922342],[-61.86024833,8.94195676],[-61.85055292,8.95884085],[-61.84437168,8.97439933],[-61.83931684,8.98035002],[-61.83593571,8.98262215],[-61.83116913,8.99002337],[-61.83094156,8.99872458],[-61.82871962,9.00464058],[-61.82834506,9.00933051],[-61.82316041,9.02150822],[-61.82056952,9.03329825],[-61.82126343,9.04175174],[-61.81888425,9.05969596],[-61.81911921,9.06373346],[-61.82196844,9.07233822],[-61.82428563,9.07465816],[-61.82663751,9.07615185],[-61.83105481,9.07519555],[-61.84266555,9.07544065],[-61.85086215,9.07748663],[-61.86076558,9.08660603],[-61.86350155,9.09111857],[-61.86505318,9.09815204],[-61.86244345,9.10721254],[-61.86214042,9.1078546],[-61.85798275,9.1151638],[-61.85331321,9.12035894],[-61.84595251,9.1315484],[-61.83211482,9.16011035],[-61.82793975,9.16459465],[-61.82019865,9.17011392],[-61.79541945,9.20039046],[-61.78593445,9.2138195],[-61.77537668,9.22360945],[-61.77297902,9.23311925],[-61.77300894,9.24422073],[-61.77855992,9.25960696],[-61.77720666,9.26281702],[-61.77351987,9.26499105],[-61.7560451,9.26235676],[-61.75384414,9.26257002],[-61.75170815,9.26446235],[-61.7529819,9.27400351],[-61.75463951,9.27887762],[-61.75794137,9.28392971],[-61.75853527,9.28711021],[-61.75853622,9.29199457],[-61.75334835,9.30345094],[-61.75348401,9.30844104],[-61.74623156,9.31369197],[-61.73081183,9.31616175],[-61.72464204,9.31985927],[-61.72107828,9.32889307],[-61.72316468,9.33743298],[-61.72554946,9.34096801],[-61.72564721,9.34422135],[-61.70798647,9.34012282],[-61.69413245,9.34241271],[-61.69355845,9.34257626],[-61.68914056,9.34539425],[-61.68858135,9.34594583],[-61.68439972,9.35226011],[-61.684623,9.36168051],[-61.68305862,9.36547875],[-61.66960382,9.37389338],[-61.66518962,9.37918818],[-61.66531944,9.38194835],[-61.67527974,9.39075136],[-61.67581356,9.39428711],[-61.67385387,9.39861953],[-61.66950953,9.40088093],[-61.66189361,9.40237308],[-61.65363002,9.40688932],[-61.63409257,9.42911124],[-61.63249481,9.43048692],[-61.63121843,9.43029165],[-61.63102686,9.43014145],[-61.62971413,9.42531443],[-61.62918735,9.4242506],[-61.62743974,9.42252302],[-61.61048043,9.40908945],[-61.60320306,9.40994501],[-61.58886111,9.41651165],[-61.58669448,9.41571665],[-61.58601582,9.41399634],[-61.5876255,9.41094124],[-61.59326685,9.40551245],[-61.59824455,9.39439213],[-61.60897243,9.37700474],[-61.61548483,9.37507606],[-61.62900531,9.37743855],[-61.63690853,9.37607026],[-61.63962591,9.37432945],[-61.64200282,9.37040102],[-61.64417636,9.3653506],[-61.6447227,9.36051071],[-61.64049864,9.37035215],[-61.63637125,9.37493193],[-61.6299926,9.37604022],[-61.61606443,9.37364185],[-61.60813725,9.3761543],[-61.60492361,9.37960362],[-61.59766555,9.39218116],[-61.59166825,9.4051007],[-61.58683205,9.40978575],[-61.58519864,9.41236925],[-61.58496964,9.41309917],[-61.58510125,9.41561365],[-61.58665287,9.41709971],[-61.59012461,9.41761315],[-61.60696816,9.41004503],[-61.61018205,9.41018057],[-61.62571514,9.42254555],[-61.62716234,9.42392337],[-61.62862301,9.42624342],[-61.62940085,9.43190527],[-61.62932074,9.43251586],[-61.62553334,9.44192362],[-61.62623286,9.44612586],[-61.63177836,9.45386744],[-61.63173294,9.45645785],[-61.62274206,9.49159944],[-61.62289464,9.50341141],[-61.62179542,9.51064146],[-61.62164843,9.51125407],[-61.6121999,9.52765203],[-61.60967207,9.53642666],[-61.60372925,9.54145575],[-61.59841311,9.54371691],[-61.59290612,9.54888046],[-61.59229147,9.54972506],[-61.59021533,9.55547178],[-61.58955634,9.56482422],[-61.58585536,9.57048225],[-61.57834315,9.57797837],[-61.57113814,9.58775568],[-61.56067681,9.59433973],[-61.55410147,9.59994173],[-61.55273235,9.60452926],[-61.54653203,9.61107802],[-61.53121221,9.63316155],[-61.52676821,9.64551234],[-61.5253427,9.64778388],[-61.5234375,9.65011156],[-61.51226544,9.66043532],[-61.51139021,9.65997052],[-61.51168132,9.65804493],[-61.51047373,9.65780365],[-61.50930142,9.66622317],[-61.50959742,9.67244566],[-61.51271105,9.68800092],[-61.52152395,9.71875966],[-61.52491271,9.72808254],[-61.53055274,9.73913336],[-61.53422117,9.74506843],[-61.54206967,9.75296772],[-61.54552364,9.75822377],[-61.56311023,9.78831673],[-61.56447673,9.78993571],[-61.56713736,9.79284847],[-61.5848006,9.80671346],[-61.59389496,9.81820226],[-61.59710705,9.82322562],[-61.59694695,9.8249439],[-61.59939432,9.82599425],[-61.60225284,9.8302536],[-61.61539304,9.83957183],[-61.62109375,9.84375],[-61.62145567,9.84375],[-61.62665117,9.84741831],[-61.63315654,9.85243165],[-61.63730395,9.85630393],[-61.63864481,9.85890782],[-61.63705754,9.85956514],[-61.6312381,9.86024046],[-61.62838817,9.85828865],[-61.62528014,9.85825884],[-61.62926686,9.86161315],[-61.62352955,9.8653568],[-61.62746418,9.86515725],[-61.63101363,9.86750615],[-61.63955855,9.87049222],[-61.64557123,9.87028587],[-61.65632105,9.87363815],[-61.66588843,9.88354421],[-61.66647434,9.88487196],[-61.66560245,9.88527846],[-61.66143215,9.88408744],[-61.66491735,9.88732564],[-61.66799927,9.89244151],[-61.66772425,9.89579213],[-61.66629136,9.89771497],[-61.67075586,9.89600253],[-61.67179394,9.89867926],[-61.66522396,9.90039063],[-61.65249181,9.90058243],[-61.64086831,9.8997606],[-61.63690746,9.89851165],[-61.60433567,9.88162386],[-61.582479,9.87399876],[-61.58125556,9.87233865],[-61.57031357,9.86659086],[-61.56279516,9.86039758],[-61.56239855,9.86014736],[-61.5470376,9.85171974],[-61.54438114,9.84995592],[-61.53703535,9.84375],[-61.53674126,9.84375],[-61.5234375,9.83286834],[-61.5120002,9.82343662],[-61.50495887,9.81848538],[-61.50319886,9.81746125],[-61.49492228,9.81437755],[-61.48141301,9.80226338],[-61.46383715,9.79068947],[-61.46036732,9.7857033],[-61.42995727,9.76227486],[-61.42807961,9.76018012],[-61.42710304,9.75563323],[-61.42555165,9.75481307],[-61.42618763,9.75838244],[-61.42373848,9.75751495],[-61.4175539,9.74749231],[-61.41868734,9.75266922],[-61.42587435,9.76440823],[-61.44454324,9.77876556],[-61.45221806,9.78725505],[-61.45203841,9.78791606],[-61.44867134,9.78564405],[-61.44713068,9.78582621],[-61.45104528,9.79078031],[-61.44927394,9.79206753],[-61.45194805,9.79447424],[-61.45504045,9.80234873],[-61.45467651,9.80529118],[-61.45233405,9.80610085],[-61.45178962,9.80669594],[-61.45203722,9.80724847],[-61.45590281,9.80834317],[-61.45776725,9.81124425],[-61.45763504,9.81302845],[-61.46129882,9.81405163],[-61.46256125,9.81631386],[-61.4703989,9.81904018],[-61.48420358,9.81986284],[-61.48710728,9.82362652],[-61.49259818,9.82845044],[-61.50871825,9.84333146],[-61.50871825,9.84375],[-61.50898957,9.84375],[-61.50911558,9.84676886],[-61.50519276,9.84738922],[-61.50486243,9.84717405],[-61.50190735,9.84375],[-61.50145376,9.84266603],[-61.49914992,9.84096813],[-61.49761105,9.84094524],[-61.48944366,9.83220351],[-61.48161292,9.82761204],[-61.47723055,9.82793784],[-61.47088087,9.82526481],[-61.46164811,9.82401991],[-61.45659292,9.82554436],[-61.44937873,9.82471514],[-61.44806576,9.82182992],[-61.44392037,9.82087755],[-61.44142401,9.81750715],[-61.43826032,9.81763101],[-61.43650007,9.81698477],[-61.43573833,9.81645393],[-61.43451774,9.81509232],[-61.43433726,9.8142904],[-61.43483973,9.81243086],[-61.43188405,9.81274736],[-61.43189931,9.81238866],[-61.43621945,9.80766034],[-61.43179572,9.80675185],[-61.43024623,9.80469668],[-61.42442024,9.80266011],[-61.41607428,9.79490125],[-61.41504133,9.79125547],[-61.41092324,9.78776765],[-61.40897572,9.78281951],[-61.40672982,9.78170502],[-61.40768707,9.77908945],[-61.40455437,9.77872944],[-61.40146542,9.77566421],[-61.40079463,9.77296186],[-61.39828146,9.77348375],[-61.39515221,9.76732731],[-61.38493752,9.76004446],[-61.38090324,9.7535851],[-61.37360883,9.75001824],[-61.3490715,9.72419083],[-61.33756805,9.71473265],[-61.31612623,9.69314075],[-61.28610528,9.66862535],[-61.28569853,9.66836345],[-61.28387725,9.66796875],[-61.28230965,9.66681087],[-61.26956105,9.65599775],[-61.25463355,9.64581192],[-61.2493242,9.64044595],[-61.24149632,9.63515556],[-61.23723304,9.63094616],[-61.21793318,9.60536706],[-61.21703804,9.60334754],[-61.21446514,9.59635782],[-61.21137691,9.59352243],[-61.2048738,9.59034824],[-61.20396745,9.58910096],[-61.20258892,9.58657706],[-61.20324576,9.58300483],[-61.20378327,9.58277714],[-61.21356726,9.58133364],[-61.21560907,9.58205617],[-61.22071624,9.58898973],[-61.22695506,9.59318662],[-61.23002636,9.59367883],[-61.23879528,9.5912683],[-61.2437644,9.59128165],[-61.26703846,9.6066395],[-61.27979696,9.6130532],[-61.28879595,9.62087238],[-61.29803085,9.62503505],[-61.3043102,9.62918961],[-61.30744314,9.63439095],[-61.30656433,9.63967204],[-61.30837035,9.64143205],[-61.32584774,9.64288688],[-61.33269191,9.64194965],[-61.3353281,9.64388955],[-61.33499324,9.640118],[-61.33107245,9.63646591],[-61.33062696,9.63238764],[-61.32870817,9.63060045],[-61.32477105,9.62953615],[-61.32280386,9.63021505],[-61.31561613,9.62754226],[-61.31088781,9.62748122],[-61.30817556,9.62556767],[-61.30483985,9.6253103],[-61.29625225,9.6200186],[-61.28861284,9.61800396],[-61.27923155,9.61109936],[-61.26340115,9.60318828],[-61.24550426,9.59098923],[-61.24092674,9.58991623],[-61.23186445,9.59232616],[-61.22716975,9.59232616],[-61.22461462,9.59092152],[-61.2169559,9.58207285],[-61.21376944,9.58031487],[-61.20771575,9.58082855],[-61.20318305,9.57981801],[-61.20299256,9.5797466],[-61.20107961,9.57543254],[-61.2032696,9.55929124],[-61.20295775,9.53643215],[-61.18814421,9.50148535],[-61.18632937,9.4939332],[-61.18648446,9.48655045],[-61.18660665,9.48611832],[-61.18974555,9.48058641],[-61.19198656,9.47731185],[-61.2035377,9.46518946],[-61.21877873,9.44596004],[-61.22134101,9.44266176],[-61.22405231,9.43763924],[-61.22572577,9.43430912],[-61.2278105,9.42813647],[-61.22992384,9.41544676],[-61.24242675,9.38150012],[-61.27211428,9.35486591],[-61.28724134,9.33888614],[-61.29194367,9.32818878],[-61.29228985,9.3249166],[-61.29714048,9.31680262],[-61.29480875,9.31640625],[-61.29136133,9.32150388],[-61.28563464,9.33634365],[-61.28094268,9.34225023],[-61.26724935,9.35629475],[-61.24092412,9.37903798],[-61.23780525,9.38462615],[-61.22859192,9.41367245],[-61.22539854,9.43036151],[-61.22332084,9.43512833],[-61.2167536,9.44604695],[-61.20871675,9.45466316],[-61.20083773,9.46591914],[-61.18887496,9.47837675],[-61.18551564,9.48429263],[-61.18431973,9.4921875],[-61.18550515,9.49915051],[-61.20182538,9.54009032],[-61.20154262,9.55325997],[-61.19905758,9.57572865],[-61.20136094,9.58121586],[-61.20075393,9.58631194],[-61.20189798,9.58910024],[-61.21056294,9.59600425],[-61.21085393,9.59774947],[-61.20780981,9.60041153],[-61.20619166,9.60157585],[-61.20312798,9.60172975],[-61.19604886,9.60079241],[-61.18841255,9.59887564],[-61.18587935,9.59704125],[-61.17882562,9.59523785],[-61.171875,9.59235477],[-61.16339695,9.5888592],[-61.15505433,9.58404016],[-61.1329838,9.57574475],[-61.12339687,9.56989992],[-61.1113553,9.56574535],[-61.10528386,9.56505716],[-61.10413778,9.5623914],[-61.10134375,9.56145597],[-61.09502697,9.56145585],[-61.08711326,9.56375873],[-61.08088124,9.56109238],[-61.07301843,9.56095326],[-61.07057786,9.55880094],[-61.06221378,9.55751491],[-61.02654934,9.54335058],[-61.02346325,9.54344535],[-61.00822496,9.53884137],[-61,9.532330490733823],[-61,9.857548731375662],[-61.22333333,9.87583333],[-61.5,9.97],[-61.63055556,9.98666667],[-61.855,9.98666667],[-61.97361111,10.00805556],[-62.08305556,10.04611111],[-61.8625,10.58861111],[-61.8038648,10.58888383],[-61.80277778,10.58888889],[-61.80277778,10.71444444],[-61.77138889,10.79388889],[-61.76305556,10.81138889],[-61.73111111,10.90416667],[-61.72944444,10.91111111],[-61.72944444,11.175],[-61.73213523,11.39163958],[-61.80919089,11.37085231],[-61.83277728,11.36680395],[-61.90086439,11.37224618],[-61.9037383,11.37246944],[-61.90661369,11.37268635],[-61.90949056,11.37289693],[-61.91236892,11.37310116],[-61.91524876,11.37329906],[-61.91813008,11.37349062],[-61.92101289,11.37367584],[-61.92389718,11.37385472],[-61.92678296,11.37402726],[-61.92967022,11.37419347],[-62.03994452,11.38029608],[-62.1370023,11.39615777],[-62.16681588,11.40113264],[-62.22668158,11.41730742],[-62.27484962,11.43782168],[-62.29710464,11.44765457],[-62.31237339,11.4546232],[-62.34051178,11.51052158],[-62.34909245,11.52759386],[-62.35005328,11.52949856],[-62.35101657,11.53140124],[-62.35198232,11.5333019],[-62.35295054,11.53520054],[-62.35392122,11.53709716],[-62.35489437,11.53899176],[-62.35586998,11.54088434],[-62.35684806,11.5427749],[-62.3578286,11.54466344],[-62.3588116,11.54654996],[-62.42456681,11.6722644],[-62.65448962,12.11550746],[-62.72202835,12.25074434],[-62.74079752,12.28859207],[-62.76532551,12.33810019],[-62.79909592,12.40878261],[-62.8080328,12.42717421],[-62.81715318,12.44563814],[-62.82645707,12.46417439],[-62.83594446,12.48278291],[-62.84561537,12.5014637],[-62.85546979,12.52021671],[-62.86550774,12.53904193],[-62.87572921,12.55793931],[-62.88613422,12.57690885],[-62.89672275,12.5959505],[-62.96271075,12.71301553],[-62.96629326,12.71934571],[-62.96989396,12.72568419],[-62.97351284,12.73203098],[-62.97714989,12.73838607],[-62.98080513,12.74474947],[-62.98447855,12.75112118],[-62.98817015,12.75750119],[-62.99187993,12.7638895],[-62.9956079,12.77028611],[-62.99935404,12.77669102],[-63.2382413,13.18334908],[-63.24482174,13.19470903],[-63.25756728,13.28767747],[-63.26411438,13.33244046],[-63.26708735,13.35158612],[-63.27198017,13.3658844],[-63.29717623,13.43578783],[-63.32377632,13.50605698],[-63.35178106,13.57669133],[-63.36907934,13.61845392],[-63.34562234,13.63811849],[-63.28993137,13.68621828],[-63.23550648,13.73466737],[-63.07164104,13.88506126],[-63.04604097,13.90875722],[-62.94923604280296,14],[-68.47425148430342,14],[-67.98972222,12.45],[-67.98972222,11.66666667],[-68.6,11.66666667],[-68.82916667,11.74166667],[-68.95416667,11.75833333],[-69.07916667,11.87916667],[-69.54599572,12.15050123],[-69.73916667,12.26277778],[-70.14027778,12.365],[-70.16416667,12.35],[-70.41666667,12.35],[-70.41666667,12.81666667],[-70.03412138300646,14],[-71.36483414820216,14],[-71.36437003,13.99025339],[-71.32639789,13.55114334],[-71.28463631,13.10574458],[-71.27300244,12.98185427],[-71.2498408,12.81366162],[-71.24942044,12.81060128],[-71.23654811,12.76019465],[-71.22688056,12.72781143],[-71.21339516,12.69022101],[-71.1835553,12.61018082],[-71.16463979,12.5612107],[-71.15456693,12.53765043],[-71.13584791,12.49628288],[-71.12446085,12.47376186],[-71.1177829,12.46189169],[-71.10821312,12.44538697],[-71.08818878,12.41455887],[-71.08057675,12.4031847],[-71.07359687,12.36892755],[-71.06169967,12.31452813],[-71.04957186,12.28816601],[-71.04887896,12.2869749],[-71.03358814,12.26429432],[-71.03011568,12.25940303],[-71.01307333,12.23492949],[-70.99906321,12.21946979],[-70.99105987,12.21141251],[-70.96081766,12.1857986],[-70.93700906,12.16738339],[-70.91111853,12.14723648],[-70.86243558,12.11036233],[-70.82737363,12.08345052],[-70.76940074,12.04443802],[-70.7630704,12.04018183],[-70.69814852,11.99653176],[-70.70433808,11.96321527],[-70.71144815,11.92038358],[-70.73353001,11.81833399],[-70.74204466,11.77647683],[-70.74352681,11.7684578],[-70.75440386,11.7052186],[-70.86815789,11.64467759],[-70.88774426,11.635531],[-70.89017651,11.63454613],[-70.89143075,11.63409286],[-70.90510101,11.62899117],[-70.91046338,11.62659792],[-70.93097258,11.61683051],[-70.93437766,11.61510302],[-70.95120002,11.60673873],[-70.95170832,11.60646972],[-71.0317124,11.66623482],[-71.10480493,11.71716408],[-71.14809999,11.74454946],[-71.17794152,11.76814224],[-71.24909671,11.81683247],[-71.29775445,11.84068484],[-71.30230132,11.84059857],[-71.32361335,11.84201359],[-71.32372721,11.84214146],[-71.32353008,11.83205962],[-71.32383954,11.83205295],[-71.32464182,11.83319461],[-71.32470596,11.83578944],[-71.32691085,11.83655942],[-71.32993615,11.84306586],[-71.33486545,11.84420586],[-71.33327317,11.84500265],[-71.33294463,11.84583664],[-71.33283114,11.84733671],[-71.33271766,11.84883678],[-71.33334613,11.84986937],[-71.34180832,11.84862041],[-71.34282553,11.84773445],[-71.34444808,11.84442957],[-71.34607065,11.84112465],[-71.34594047,11.84101474],[-71.34228802,11.84110725],[-71.34090722,11.84274495],[-71.33895946,11.84257436],[-71.33817327,11.84167635],[-71.33818376,11.84137905],[-71.33975255,11.83980703],[-71.34234405,11.83942938],[-71.34392238,11.83840311],[-71.34472466,11.83693421],[-71.34516895,11.83680892],[-71.34771453,11.83694401],[-71.34471536,11.83575678],[-71.33968377,11.83878398],[-71.33528805,11.84125543],[-71.33216405,11.84152365],[-71.33199954,11.84130895],[-71.33252025,11.83999467],[-71.3368777,11.83787584],[-71.33942616,11.83487165],[-71.34233391,11.82714021],[-71.34447098,11.81675506],[-71.34465492,11.81199777],[-71.34224641,11.79908538],[-71.34111571,11.79618967],[-71.33931732,11.79589653],[-71.33824563,11.79390991],[-71.34214628,11.79185605],[-71.34562206,11.78749824],[-71.35107601,11.78388393],[-71.35702741,11.78095233],[-71.3671875,11.77957594],[-71.3671875,11.77929676],[-71.37122715,11.7774868],[-71.37231565,11.77734375],[-71.37805045,11.77463984],[-71.37833858,11.77430975],[-71.37713862,11.77290547],[-71.381935,11.76636672],[-71.37882662,11.76542902],[-71.38500106,11.76066434],[-71.3841325,11.75796735],[-71.38735783,11.75626242],[-71.38687217,11.75193453],[-71.38954365,11.75013637],[-71.39701927,11.74807632],[-71.39925122,11.74981058],[-71.40128684,11.74722135],[-71.40466142,11.7455554],[-71.40797567,11.74090612],[-71.40806997,11.74297047],[-71.41118002,11.74235821],[-71.41575098,11.74546564],[-71.42778361,11.74271131],[-71.42868662,11.73969162],[-71.43458307,11.73530138],[-71.43137825,11.73532796],[-71.43350124,11.73272288],[-71.4330672,11.73087466],[-71.43430197,11.72745132],[-71.44062936,11.72585022],[-71.43895435,11.72441077],[-71.44088733,11.72331131],[-71.43824947,11.72217655],[-71.43848574,11.7194643],[-71.43891323,11.71906412],[-71.43947935,11.71884036],[-71.44821835,11.72039461],[-71.46277142,11.71431625],[-71.46636617,11.71483827],[-71.46303916,11.71646822],[-71.46962214,11.71620762],[-71.47032535,11.71575606],[-71.46861517,11.71433055],[-71.47397256,11.71496892],[-71.48238218,11.71184647],[-71.48472106,11.7122786],[-71.47774506,11.71492755],[-71.48533034,11.71440387],[-71.48747754,11.7134155],[-71.48813784,11.70972562],[-71.49789357,11.70974946],[-71.49817371,11.70830655],[-71.50048053,11.70852494],[-71.5035398,11.70650494],[-71.50854623,11.70539618],[-71.51208282,11.70668817],[-71.52778804,11.70434737],[-71.53111207,11.70490384],[-71.53447318,11.70309114],[-71.54025972,11.70215905],[-71.54229057,11.70052314],[-71.54705882,11.70120168],[-71.55027854,11.69864655],[-71.55199265,11.69892275],[-71.55359292,11.69772363],[-71.57015765,11.69542754],[-71.57603121,11.69315243],[-71.58581185,11.69412375],[-71.59437108,11.69277167],[-71.60121715,11.68980217],[-71.60582316,11.69032216],[-71.60658491,11.69132161],[-71.61355352,11.68813002],[-71.62284565,11.68938005],[-71.62719345,11.68872845],[-71.62803054,11.68936956],[-71.62739301,11.69066584],[-71.62885785,11.69126463],[-71.63321304,11.68848765],[-71.62947083,11.68915594],[-71.63002801,11.68772805],[-71.63736618,11.68687403],[-71.64398754,11.68266976],[-71.66107011,11.68185604],[-71.67102075,11.67882085],[-71.67587721,11.67600465],[-71.68248642,11.67491448],[-71.68840838,11.67023027],[-71.69495261,11.66989315],[-71.70206654,11.66751635],[-71.70340645,11.66552854],[-71.71875,11.66183031],[-71.72462606,11.65986991],[-71.73028815,11.65931904],[-71.73453105,11.6593492],[-71.74225402,11.66015625],[-71.76058745,11.65870535],[-71.76133394,11.65856433],[-71.76589763,11.65518177],[-71.78902495,11.64695263],[-71.80920494,11.64589667],[-71.81694591,11.64191365],[-71.81916296,11.6381464],[-71.82191455,11.63981736],[-71.83764517,11.63726652],[-71.83993626,11.63556135],[-71.84140241,11.63225985],[-71.84476757,11.63278103],[-71.84766746,11.62977362],[-71.85148334,11.62966895],[-71.86511207,11.62416995],[-71.87201273,11.62417996],[-71.88149405,11.62031162],[-71.89293015,11.61383235],[-71.89448094,11.61123681],[-71.89839876,11.60854757],[-71.902444,11.60845113],[-71.90829825,11.60512984],[-71.9091109,11.60485935],[-71.91572642,11.60330355],[-71.92453897,11.60175753],[-71.92954505,11.60128343],[-71.94122362,11.60092378],[-71.9465394,11.59810901],[-71.94691002,11.5978626],[-71.95738006,11.58411968],[-71.95753205,11.58384144],[-71.96150172,11.57281578],[-71.96520245,11.55666614],[-71.96868658,11.52441394],[-71.9689002,11.52052772],[-71.96868658,11.50265062],[-71.96669412,11.47195876],[-71.96381664,11.44663775],[-71.96014667,11.42578125],[-71.96023583,11.42578125],[-71.96020567,11.42542195],[-71.94906723,11.38390255],[-71.94894576,11.38036311],[-71.93641126,11.34689116],[-71.93204665,11.33189964],[-71.91412723,11.28947985],[-71.90840018,11.27718532],[-71.89623046,11.25265217],[-71.89424682,11.25],[-71.89382064,11.25],[-71.88600457,11.23765576],[-71.88100135,11.22781813],[-71.87528813,11.21858168],[-71.86582196,11.20373631],[-71.85324693,11.18525231],[-71.83660507,11.16246891],[-71.81452167,11.13713932],[-71.8153578,11.13622093],[-71.81729305,11.13735175],[-71.81777191,11.13721287],[-71.81824064,11.13669741],[-71.81808281,11.1357311],[-71.81582952,11.13321471],[-71.81377745,11.13139975],[-71.81323361,11.1314671],[-71.81289756,11.13188672],[-71.81323302,11.13551736],[-71.80460036,11.12523913],[-71.78255415,11.10351562],[-71.77980852,11.10088992],[-71.75504744,11.07905173],[-71.74859154,11.07421875],[-71.74802315,11.07421875],[-71.73437822,11.06381953],[-71.72976065,11.06068134],[-71.71875,11.05385041],[-71.69131863,11.03800416],[-71.65295732,11.02006066],[-71.62766194,11.00449383],[-71.62312424,11.00229895],[-71.62055802,11.0011456],[-71.60919225,10.99811983],[-71.60374582,10.99970722],[-71.60287333,10.99929035],[-71.60279524,10.99870014],[-71.60333681,10.99732876],[-71.60387111,10.99706101],[-71.6059978,10.99798393],[-71.60658526,10.99787617],[-71.60778475,10.99728215],[-71.61137414,10.99440002],[-71.61177981,10.99383867],[-71.61197841,10.99067831],[-71.61140072,10.98920977],[-71.60862017,10.98577011],[-71.60707045,10.98643827],[-71.60771954,10.98446155],[-71.61313724,10.98406565],[-71.61551106,10.99017584],[-71.61915481,10.99273968],[-71.62170434,10.99272537],[-71.62551331,10.98974931],[-71.63319922,10.98015356],[-71.63279033,10.97913587],[-71.62907255,10.98226976],[-71.62804222,10.98227787],[-71.62765527,10.9816792],[-71.62768614,10.97994316],[-71.62926424,10.97669303],[-71.63254666,10.97458744],[-71.63918483,10.97352016],[-71.64286804,10.97437072],[-71.64310801,10.97460592],[-71.64656997,10.982288],[-71.64690495,10.98676014],[-71.64898658,10.98792684],[-71.65130854,10.98539376],[-71.65135086,10.98237407],[-71.65254807,10.98047841],[-71.66095793,10.97588408],[-71.66317046,10.97610283],[-71.66660833,10.97876406],[-71.67352915,10.97717786],[-71.67397833,10.97724664],[-71.67435825,10.97797835],[-71.67334616,10.98070812],[-71.67309117,10.98120546],[-71.67018056,10.98400855],[-71.66779995,10.988397],[-71.66772318,10.99536765],[-71.68330205,10.99741805],[-71.69551206,10.996562],[-71.69596326,10.99670482],[-71.70211267,10.99976921],[-71.70470595,11.00321615],[-71.70745385,11.00489342],[-71.71120656,11.00508595],[-71.71875,11.00837052],[-71.73385465,11.01639593],[-71.7397294,11.01864052],[-71.74014235,11.01863623],[-71.75354886,11.01444173],[-71.75811684,11.01144695],[-71.76069963,11.01152217],[-71.76350415,11.01345992],[-71.76851428,11.00315225],[-71.77206147,11.00127006],[-71.77626061,11.00254393],[-71.78085566,11.00684476],[-71.78760874,11.00885642],[-71.80131185,11.00840116],[-71.8042382,11.00760424],[-71.81012213,11.00527167],[-71.81165385,11.00376523],[-71.81204414,11.00294387],[-71.81210434,10.99915195],[-71.81281555,10.99831212],[-71.81388104,10.99780405],[-71.81647825,10.99986052],[-71.81909215,11.00789654],[-71.82212806,11.00948048],[-71.8256762,11.00949001],[-71.83076572,11.00618112],[-71.83535993,11.00757086],[-71.83706784,11.00917625],[-71.84221494,11.00969064],[-71.8472048,11.00868082],[-71.85131574,11.01010764],[-71.85070062,11.02104902],[-71.84683311,11.02515697],[-71.84677684,11.03024411],[-71.84826016,11.03319466],[-71.85264146,11.03434467],[-71.85531414,11.03768134],[-71.85557461,11.04040587],[-71.85999393,11.04708147],[-71.85922205,11.05207503],[-71.86038184,11.05502963],[-71.86060786,11.05533111],[-71.86381805,11.05659032],[-71.86759925,11.06125927],[-71.86923671,11.06228936],[-71.87096953,11.06253731],[-71.87368953,11.06134784],[-71.87357378,11.05985594],[-71.8732028,11.05955982],[-71.87002695,11.06020558],[-71.86694264,11.05894792],[-71.86229956,11.05516136],[-71.86119103,11.05285823],[-71.86092615,11.05147994],[-71.86163664,11.04629874],[-71.86479557,11.04600751],[-71.86036146,11.04282403],[-71.86042774,11.04244375],[-71.86461306,11.04087245],[-71.85794747,11.03868425],[-71.85936367,11.03280735],[-71.85877121,11.03118563],[-71.85849941,11.03079498],[-71.849792,11.02915716],[-71.85258067,11.02608085],[-71.85400176,11.02216017],[-71.85325265,11.01685846],[-71.85389793,11.01009965],[-71.85369837,11.00942314],[-71.85247135,11.00722766],[-71.84776294,11.00484836],[-71.84764945,11.00139773],[-71.84688294,10.99988353],[-71.84502995,10.99835801],[-71.84332001,10.99784136],[-71.83209455,10.99913335],[-71.82859945,10.99810445],[-71.82400525,10.99474251],[-71.81606984,10.99397016],[-71.81378818,10.99309385],[-71.81253207,10.99215841],[-71.80955374,10.99266291],[-71.80503666,10.99500167],[-71.80258763,11.0000931],[-71.80167675,11.00124264],[-71.79900324,11.00316298],[-71.79722953,11.00354362],[-71.79650211,11.00347292],[-71.79192615,11.00198257],[-71.78648818,11.003039],[-71.78089476,11.00238216],[-71.78030956,10.99784386],[-71.77867544,10.99484885],[-71.77459276,10.99212337],[-71.77225494,10.991261],[-71.77032948,10.99114013],[-71.76013756,10.9929533],[-71.75920856,10.99269235],[-71.75497413,10.99063611],[-71.75446522,10.99020565],[-71.74620366,10.97885156],[-71.74314594,10.9753468],[-71.73935485,10.97181904],[-71.73164678,10.96611488],[-71.73043215,10.96389377],[-71.72708547,10.96290958],[-71.72107613,10.9549607],[-71.72039664,10.95382857],[-71.71889555,10.94906044],[-71.71561933,10.94241655],[-71.71228015,10.93834472],[-71.71224785,10.93799508],[-71.71560693,10.93306267],[-71.71544802,10.92978084],[-71.71799207,10.92791605],[-71.71875,10.92633915],[-71.71875,10.92550206],[-71.72010827,10.92313826],[-71.71875,10.92131686],[-71.71875,10.92075884],[-71.71613514,10.91836166],[-71.71850204,10.91457152],[-71.71477425,10.8984375],[-71.71527064,10.89612305],[-71.713292,10.88220966],[-71.70988882,10.87427604],[-71.70764494,10.86342883],[-71.70537305,10.85733342],[-71.69340813,10.83270991],[-71.68376684,10.81432736],[-71.67876375,10.80680704],[-71.67740262,10.80314076],[-71.67863596,10.80008376],[-71.67157996,10.78501666],[-71.66956604,10.78112233],[-71.66729915,10.77718258],[-71.65996695,10.76911271],[-71.65542316,10.76436925],[-71.64907873,10.75918782],[-71.64542425,10.75234234],[-71.63881075,10.74553573],[-71.62896216,10.73701906],[-71.62417901,10.73525345],[-71.62117457,10.73712587],[-71.61676586,10.73572516],[-71.61731505,10.73479962],[-71.62044442,10.7350347],[-71.61942852,10.73155963],[-71.62075853,10.73045826],[-71.61027098,10.72265625],[-71.61007476,10.72265625],[-71.60008466,10.71562004],[-71.59503353,10.71392882],[-71.59386075,10.70973682],[-71.58217144,10.70226324],[-71.58155727,10.70075321],[-71.58309245,10.69984627],[-71.58917046,10.70142257],[-71.59155488,10.69796813],[-71.58987677,10.69519865],[-71.59550917,10.69176602],[-71.59640992,10.68956375],[-71.59314907,10.68334925],[-71.59071112,10.68149567],[-71.59000885,10.67712176],[-71.58746505,10.67427421],[-71.58699131,10.66836655],[-71.59011686,10.66696155],[-71.58994985,10.66602302],[-71.58854306,10.6667093],[-71.58832121,10.66428471],[-71.589643,10.66414046],[-71.58796144,10.66357851],[-71.58997893,10.65556824],[-71.59293973,10.65043235],[-71.59641957,10.64798665],[-71.60307264,10.63664818],[-71.60677016,10.63723397],[-71.60916245,10.63593221],[-71.61280024,10.63863194],[-71.61527121,10.63383007],[-71.61538756,10.63326788],[-71.61516762,10.63176918],[-71.61089623,10.62531376],[-71.61209094,10.62182081],[-71.60954547,10.62017322],[-71.60849357,10.61783505],[-71.60525596,10.61648464],[-71.60599613,10.61444473],[-71.60537076,10.60793114],[-71.60860646,10.60699916],[-71.60932767,10.60545552],[-71.60765553,10.60384262],[-71.61245263,10.59634101],[-71.61484325,10.59558153],[-71.61239636,10.59056127],[-71.61292636,10.58550477],[-71.61001623,10.58207655],[-71.61171591,10.57734251],[-71.61025214,10.57176566],[-71.61686945,10.55775285],[-71.61552286,10.55394864],[-71.61772156,10.55194211],[-71.61830354,10.546875],[-71.61836755,10.54501247],[-71.62085724,10.54255021],[-71.62136054,10.53857052],[-71.62136388,10.53815436],[-71.61894262,10.53635812],[-71.61921585,10.53504765],[-71.62014151,10.53467262],[-71.62270701,10.53640211],[-71.62352455,10.53327954],[-71.62536776,10.53387761],[-71.62400985,10.53196287],[-71.62476313,10.52990663],[-71.62832928,10.52719295],[-71.63051975,10.52159321],[-71.63039756,10.51897681],[-71.63298833,10.51416326],[-71.63081372,10.50985277],[-71.63394535,10.50173688],[-71.63382185,10.49494004],[-71.6272974,10.48235655],[-71.62689698,10.47126114],[-71.62683856,10.46632695],[-71.62791836,10.46569204],[-71.62805331,10.4638381],[-71.63387942,10.46128857],[-71.63169324,10.45726597],[-71.63236415,10.44879043],[-71.63001621,10.44017315],[-71.63107991,10.43710673],[-71.63405538,10.4365741],[-71.63648784,10.43909335],[-71.63909292,10.43930602],[-71.64103734,10.43685806],[-71.64347124,10.43789172],[-71.65519083,10.43298793],[-71.65908384,10.43021297],[-71.65814555,10.42915237],[-71.65819192,10.42800593],[-71.65849304,10.42721081],[-71.65986896,10.42651475],[-71.66016805,10.42649376],[-71.66210043,10.42856455],[-71.66262865,10.42847097],[-71.66362631,10.42790711],[-71.67852557,10.4174124],[-71.68480563,10.41206825],[-71.68947911,10.40747845],[-71.69736946,10.39847732],[-71.71259427,10.38859701],[-71.71875,10.38671875],[-71.73167932,10.38065314],[-71.73387587,10.37916696],[-71.74209178,10.37145007],[-71.74201715,10.37109375],[-71.74228203,10.37109375],[-71.75742877,10.3569144],[-71.76216078,10.35382545],[-71.76781964,10.34730804],[-71.77014566,10.3452363],[-71.78038573,10.33722246],[-71.78535283,10.33076966],[-71.79003131,10.32751691],[-71.79119217,10.32584453],[-71.79170823,10.32468045],[-71.79190981,10.31962466],[-71.79555631,10.31706023],[-71.79593313,10.3162626],[-71.79649866,10.31484973],[-71.79715204,10.31051886],[-71.80302405,10.29671896],[-71.80646181,10.28523016],[-71.80825031,10.28360581],[-71.80782461,10.28634155],[-71.80902863,10.28613841],[-71.81025207,10.28376615],[-71.8090564,10.28252924],[-71.80944216,10.28128254],[-71.81432855,10.27763796],[-71.81975794,10.27131796],[-71.82504022,10.25706983],[-71.8266834,10.24781275],[-71.82927334,10.24570155],[-71.83142447,10.23583531],[-71.83526802,10.22971857],[-71.83607042,10.22492075],[-71.83534014,10.21778905],[-71.83970845,10.20740747],[-71.85564125,10.19579005],[-71.85568917,10.1953125],[-71.85586214,10.1953125],[-71.85919356,10.18960166],[-71.86061013,10.18616748],[-71.86175811,10.18263972],[-71.86240995,10.17671871],[-71.8653841,10.17428291],[-71.86773026,10.16921663],[-71.86734605,10.15834832],[-71.87635243,10.16174936],[-71.88060355,10.16011095],[-71.88425863,10.15704966],[-71.89343584,10.14390361],[-71.89914596,10.12687111],[-71.90473115,10.12469172],[-71.9066534,10.12157357],[-71.90359712,10.12092125],[-71.90165365,10.12246263],[-71.90201354,10.12067008],[-71.90840805,10.11658371],[-71.92278647,10.1105653],[-71.93981791,10.10569155],[-71.94628024,10.10570466],[-71.9504863,10.10264897],[-71.96064341,10.10640764],[-71.95719171,10.10156858],[-71.96090686,10.09893715],[-71.96313858,10.09570074],[-71.96630621,10.09511566],[-71.97181153,10.08958936],[-71.97841072,10.08611906],[-71.98691165,10.07723081],[-71.98880827,10.07477045],[-71.98973,10.07342315],[-71.99318957,10.06507635],[-71.99347293,10.06426322],[-71.99949753,10.04476297],[-72.00003767,10.03254283],[-72.00473714,10.02032304],[-72.00515592,10.01953125],[-72.00600564,10.01953125],[-72.00767374,10.01742887],[-72.00839186,10.00914884],[-72.01004696,10.00715685],[-72.01063252,10.00400066],[-72.01249838,10.00395381],[-72.01263714,9.99960506],[-72.01475644,9.99678135],[-72.02036583,9.98083067],[-72.0239197,9.97844815],[-72.02768207,9.96994174],[-72.03145754,9.96020103],[-72.03310776,9.95261443],[-72.03495038,9.95030665],[-72.03730595,9.94113982],[-72.04116762,9.93232286],[-72.05324435,9.91209233],[-72.05927706,9.90574265],[-72.06007934,9.90469515],[-72.06172597,9.90102553],[-72.0703125,9.89034593],[-72.0703125,9.89006686],[-72.07045412,9.89006686],[-72.07205534,9.88632417],[-72.07437396,9.88476455],[-72.07716978,9.87934852],[-72.07907987,9.87873781],[-72.08365691,9.86591673],[-72.09077716,9.85944092],[-72.10164022,9.85237014],[-72.10599518,9.84773946],[-72.10742342,9.84375],[-72.10739362,9.84375],[-72.10776651,9.84155858],[-72.10697556,9.83743358],[-72.10731363,9.83676267],[-72.10910785,9.83562148],[-72.11236536,9.83425593],[-72.1166048,9.83496416],[-72.12680233,9.83384597],[-72.12689495,9.82605863],[-72.12526607,9.82234204],[-72.12689245,9.81538784],[-72.12687254,9.81292272],[-72.12559605,9.80643153],[-72.12488353,9.80434632],[-72.12083113,9.79862785],[-72.11726308,9.79034817],[-72.11578763,9.78922963],[-72.11117911,9.77979004],[-72.09999132,9.76169527],[-72.09433627,9.75348127],[-72.07831192,9.73365402],[-72.0703125,9.72572541],[-72.0703125,9.72544634],[-72.05824065,9.71222341],[-72.02247512,9.66796875],[-72.02194774,9.66796875],[-72.01618314,9.66179132],[-72.01586151,9.66135764],[-72.00665188,9.64799345],[-72.00457025,9.64276075],[-71.99651301,9.63249362],[-71.99458265,9.63032222],[-71.98323631,9.61924481],[-71.97315741,9.60601342],[-71.96880496,9.59687722],[-71.96771157,9.59384894],[-71.96541095,9.58569336],[-71.9648962,9.56792057],[-71.96568346,9.55977845],[-71.96768034,9.55948901],[-71.97357488,9.56685698],[-71.97384715,9.57000554],[-71.98047185,9.58700705],[-71.98528326,9.59285712],[-71.99116445,9.59510493],[-71.98544621,9.59172213],[-71.98310602,9.58887506],[-71.98368287,9.5794363],[-71.98930395,9.57341945],[-71.99096584,9.57295895],[-71.99726927,9.57936776],[-72.00110698,9.5770936],[-72.00398791,9.57700884],[-72.00493956,9.57549751],[-72.00401032,9.57552636],[-72.00402284,9.57430112],[-72.0078423,9.57157063],[-72.00646925,9.56112516],[-72.00743878,9.55846274],[-72.00029802,9.55360687],[-71.99573553,9.55337214],[-71.99143505,9.55764544],[-71.98600793,9.55783606],[-71.98423946,9.56297016],[-71.9816364,9.56491852],[-71.98123431,9.56515217],[-71.97782147,9.56470287],[-71.97730553,9.56428325],[-71.9765048,9.56343794],[-71.97599733,9.56182444],[-71.97933078,9.55722284],[-71.97745204,9.55580592],[-71.9749583,9.54950964],[-71.9719007,9.54570746],[-71.97185111,9.54001605],[-71.96714461,9.53532076],[-71.96632266,9.532727],[-71.96699834,9.52807236],[-71.96344054,9.52606547],[-71.9612149,9.51749504],[-71.96243763,9.51559424],[-71.96505964,9.51662552],[-71.96592116,9.51869214],[-71.96775126,9.5186398],[-71.97153354,9.50979185],[-71.96876585,9.50890493],[-71.97229993,9.50392032],[-71.96655571,9.50724494],[-71.96590555,9.50362635],[-71.96360374,9.50604355],[-71.96322048,9.50834584],[-71.95592856,9.51174808],[-71.95432091,9.51498497],[-71.95541954,9.51780427],[-71.95503283,9.52192712],[-71.95355475,9.52151096],[-71.95323563,9.51789963],[-71.95110655,9.51891005],[-71.94689143,9.51698422],[-71.94742036,9.50886631],[-71.94147778,9.50701082],[-71.94113374,9.50619757],[-71.94112301,9.505795],[-71.94159675,9.50504124],[-71.94742525,9.50230443],[-71.95294762,9.50239325],[-71.95542705,9.50114882],[-71.95727634,9.50192416],[-71.95823681,9.49725688],[-71.95717895,9.4921875],[-71.95725167,9.49116397],[-71.95674753,9.49109244],[-71.95458591,9.49206507],[-71.95463335,9.4921875],[-71.95152223,9.4921875],[-71.95047665,9.49145997],[-71.95039094,9.4921875],[-71.95040536,9.49686325],[-71.94923294,9.49897766],[-71.94530356,9.50196326],[-71.94277394,9.50286603],[-71.94186842,9.50232875],[-71.94284618,9.50039053],[-71.94313014,9.50010824],[-71.94650853,9.49797106],[-71.94699693,9.4921875],[-71.94781315,9.49032891],[-71.95017636,9.48754764],[-71.95602381,9.48278725],[-71.95881522,9.47805285],[-71.95943701,9.47758257],[-71.96242881,9.47642148],[-71.96512353,9.47690654],[-71.96794832,9.47798955],[-71.97090685,9.48060691],[-71.97208452,9.48066163],[-71.97626126,9.47960234],[-71.97778785,9.47831881],[-71.97930181,9.48002016],[-71.98030436,9.48408616],[-71.99104703,9.48873627],[-71.9929744,9.49062097],[-71.99423015,9.4921875],[-71.99354875,9.49459815],[-71.99382234,9.49489152],[-71.99427783,9.49505627],[-71.99656916,9.49226832],[-71.99649274,9.4921875],[-71.998371,9.49027264],[-72.00029564,9.49095786],[-72.00318098,9.49004877],[-72.00486934,9.49009955],[-72.00604093,9.49034286],[-72.00724363,9.49120557],[-72.00724053,9.4921875],[-72.00752342,9.4921875],[-72.00811732,9.49395871],[-72.00703776,9.49575377],[-72.00353634,9.49697554],[-72.00363171,9.49739265],[-72.0050987,9.49796915],[-72.00498545,9.50102985],[-72.00571632,9.50149155],[-72.00661588,9.50166702],[-72.00708354,9.50126696],[-72.00651133,9.49811685],[-72.00667727,9.49765277],[-72.00819862,9.49592352],[-72.00995076,9.49449718],[-72.01042128,9.49425626],[-72.01197922,9.49452305],[-72.01219797,9.50385356],[-72.00989735,9.51127934],[-72.01379514,9.51230454],[-72.01531816,9.50522447],[-72.0200448,9.49869883],[-72.02020073,9.49374938],[-72.02004945,9.49312603],[-72.01968515,9.4921875],[-72.01760864,9.48576832],[-72.01138592,9.48586643],[-72.00968766,9.48454571],[-72.01106036,9.48193514],[-72.01550555,9.47963262],[-72.01496243,9.47778726],[-72.01595151,9.47658324],[-72.01173592,9.46810091],[-72.00641143,9.46559584],[-72.00513184,9.46055996],[-72.00102615,9.45463598],[-72.00162315,9.44830143],[-72.00338805,9.44674456],[-72.00183928,9.44461572],[-72.00053108,9.44343281],[-71.99758375,9.44204235],[-71.99733841,9.44226634],[-72.00061345,9.44682813],[-71.99937701,9.45251036],[-72.00132477,9.45795596],[-72.00281477,9.45914841],[-72.00276208,9.46179378],[-72.00237584,9.46215916],[-72.00008905,9.46216965],[-71.99975073,9.46201873],[-71.99702215,9.45930088],[-71.99171186,9.45724905],[-71.98330665,9.45656264],[-71.96188474,9.46459925],[-71.95946038,9.46745706],[-71.95799744,9.47778237],[-71.95496476,9.48152292],[-71.9473108,9.48594046],[-71.94586563,9.4921875],[-71.94545662,9.49576545],[-71.94519901,9.49621952],[-71.94414413,9.49728632],[-71.94119751,9.49944305],[-71.93827164,9.50020421],[-71.93779981,9.50009251],[-71.93658614,9.49863064],[-71.93870425,9.49583125],[-71.93891418,9.49346471],[-71.93876266,9.49312866],[-71.93652475,9.49432671],[-71.93653202,9.4921875],[-71.93624926,9.4921875],[-71.93319035,9.48892117],[-71.93114567,9.48323703],[-71.93059921,9.48227143],[-71.92715061,9.47767401],[-71.92561245,9.4757688],[-71.92196226,9.47317112],[-71.92070472,9.47242618],[-71.91415095,9.47013056],[-71.90895641,9.47117484],[-71.90441668,9.46962965],[-71.90644336,9.47169864],[-71.90431964,9.47140718],[-71.89205182,9.46132135],[-71.88148701,9.45456171],[-71.83252132,9.43132281],[-71.82018173,9.42369664],[-71.82691896,9.42526364],[-71.83666956,9.4318645],[-71.84023893,9.43270206],[-71.85099065,9.43172765],[-71.85284221,9.43407404],[-71.8602643,9.43603301],[-71.87388206,9.43367505],[-71.87811434,9.43451905],[-71.88894474,9.43024003],[-71.89091182,9.4233247],[-71.89719927,9.41712046],[-71.89811015,9.40895188],[-71.90410745,9.40706372],[-71.9080795,9.40003133],[-71.90810478,9.39908123],[-71.90536976,9.40030134],[-71.90568435,9.39651215],[-71.90701437,9.39454961],[-71.91023266,9.39377987],[-71.90930653,9.39153385],[-71.90516353,9.38938785],[-71.9063493,9.38743281],[-71.90821493,9.38751555],[-71.9056015,9.38470805],[-71.90235758,9.3900485],[-71.89933455,9.38767958],[-71.89797831,9.38791966],[-71.89656878,9.38589466],[-71.89412725,9.38663292],[-71.89220405,9.38990831],[-71.89420295,9.39479363],[-71.89017785,9.40027225],[-71.890064,9.40606093],[-71.88228393,9.4061352],[-71.88520706,9.41199064],[-71.88380992,9.41567075],[-71.88372815,9.42013204],[-71.88696611,9.42364657],[-71.88710713,9.42399943],[-71.88753283,9.42645144],[-71.88713443,9.42710113],[-71.88641441,9.427248],[-71.88090003,9.42499793],[-71.87627435,9.42657983],[-71.87267935,9.42237544],[-71.86538684,9.41899395],[-71.86056376,9.41899276],[-71.85695148,9.41406524],[-71.84240592,9.41552806],[-71.83863485,9.41724765],[-71.83422184,9.41648138],[-71.83074534,9.4228152],[-71.82991636,9.42322326],[-71.82940948,9.42322361],[-71.82468104,9.4209758],[-71.81951296,9.42074835],[-71.81641495,9.41844571],[-71.81151986,9.41328537],[-71.81070674,9.41217124],[-71.80566251,9.40309465],[-71.80509913,9.39832342],[-71.80836904,9.39449465],[-71.8106184,9.38448775],[-71.81081212,9.38299108],[-71.81064153,9.37317204],[-71.80925167,9.37359321],[-71.80782032,9.37164092],[-71.80734193,9.37188923],[-71.80881596,9.37549865],[-71.80888605,9.37658155],[-71.80821896,9.37965441],[-71.80720067,9.37713003],[-71.80382907,9.37592053],[-71.80202234,9.37709737],[-71.79965794,9.37517643],[-71.79948986,9.37564957],[-71.80155015,9.38537073],[-71.80155468,9.38636696],[-71.80094194,9.38797891],[-71.80065441,9.38827717],[-71.79938161,9.38843286],[-71.80102468,9.39475107],[-71.80102432,9.39717376],[-71.80035162,9.39876437],[-71.79972315,9.39869046],[-71.79143834,9.39132237],[-71.78609633,9.38185525],[-71.78743625,9.38102853],[-71.79039896,9.38464451],[-71.79135013,9.38458586],[-71.78886366,9.37936604],[-71.78700006,9.378057],[-71.78581345,9.38013887],[-71.77975798,9.37195563],[-71.77032244,9.36219847],[-71.76550674,9.36024153],[-71.75787163,9.36054921],[-71.75328803,9.36182535],[-71.75178432,9.36464715],[-71.73925185,9.36974716],[-71.72695494,9.37783051],[-71.72204602,9.38231206],[-71.72007835,9.38477814],[-71.71875,9.38727665],[-71.71654785,9.39113045],[-71.71410823,9.39108694],[-71.71389055,9.38994825],[-71.71875,9.38113844],[-71.71875,9.38058031],[-71.71889126,9.38058031],[-71.72587836,9.37261784],[-71.72879124,9.36592972],[-71.7335453,9.35978985],[-71.73621595,9.35288727],[-71.73621345,9.35219193],[-71.73539436,9.34950221],[-71.73334682,9.34742236],[-71.72728515,9.34688032],[-71.72187924,9.34494615],[-71.72126722,9.34492886],[-71.71875,9.34514511],[-71.71875,9.34542406],[-71.71726322,9.34729505],[-71.71548474,9.34536076],[-71.71875,9.34458697],[-71.71899331,9.34444952],[-71.72280395,9.34093034],[-71.72757304,9.34265995],[-71.73680234,9.34571922],[-71.73951674,9.34914553],[-71.74273741,9.34933317],[-71.74454021,9.34415054],[-71.75016832,9.33808315],[-71.75727475,9.33473825],[-71.75763774,9.32865703],[-71.76543701,9.32755113],[-71.76921666,9.32303154],[-71.77064896,9.3222965],[-71.77675927,9.32138765],[-71.78127575,9.31786394],[-71.78304172,9.318367],[-71.78551757,9.32150924],[-71.79244006,9.31926906],[-71.79497445,9.31952775],[-71.79644644,9.31994271],[-71.79759514,9.32154167],[-71.7981528,9.32676017],[-71.79923773,9.32823563],[-71.80187416,9.3281064],[-71.80521238,9.32540095],[-71.81530726,9.32645786],[-71.82300627,9.33185363],[-71.82820451,9.32885957],[-71.83077872,9.33265913],[-71.8314867,9.33317685],[-71.83256626,9.33317697],[-71.84499764,9.32756805],[-71.84844601,9.32458866],[-71.84910095,9.32342136],[-71.84933746,9.32184446],[-71.84926546,9.32064331],[-71.84773028,9.31764185],[-71.84772217,9.31640625],[-71.84868813,9.31483674],[-71.85646713,9.30996895],[-71.85873115,9.30710673],[-71.85871816,9.30503392],[-71.85339928,9.30298054],[-71.85382795,9.30109155],[-71.8618443,9.30020153],[-71.86705244,9.29318845],[-71.87039423,9.29503095],[-71.87314427,9.29820836],[-71.876284,9.29832006],[-71.87706494,9.29678524],[-71.88037586,9.28568721],[-71.88050222,9.28520226],[-71.88020337,9.28113735],[-71.88001502,9.28073835],[-71.87647343,9.27747965],[-71.87613213,9.26939011],[-71.87511992,9.26707935],[-71.87457895,9.26651132],[-71.87231445,9.26535285],[-71.86467278,9.26622283],[-71.86624074,9.26006651],[-71.86645854,9.25312126],[-71.86897755,9.25198245],[-71.87217212,9.25241876],[-71.87477505,9.26309335],[-71.87688625,9.26587415],[-71.87930524,9.26633036],[-71.88455427,9.25840235],[-71.89212835,9.25300336],[-71.89361465,9.25294065],[-71.89918947,9.25814736],[-71.90341425,9.25884414],[-71.90442801,9.25768054],[-71.90441453,9.25492084],[-71.90330005,9.25258446],[-71.90332353,9.24968624],[-71.90405655,9.24648714],[-71.90432382,9.24610555],[-71.90597296,9.24502134],[-71.90851891,9.24500656],[-71.91077781,9.24685025],[-71.91273022,9.24697912],[-71.91855276,9.24121094],[-71.92617464,9.23605752],[-71.92772877,9.23564315],[-71.92992854,9.23601532],[-71.92982972,9.23976862],[-71.93035138,9.24069607],[-71.93087721,9.24114716],[-71.93204677,9.24164856],[-71.93390811,9.24159992],[-71.93862271,9.24020422],[-71.93884575,9.24004137],[-71.94099247,9.23820353],[-71.94125676,9.23767567],[-71.94138241,9.23639297],[-71.94084585,9.23393965],[-71.93934155,9.23246896],[-71.93737745,9.23126543],[-71.92970645,9.22827828],[-71.92915535,9.22589815],[-71.92930377,9.22557437],[-71.93042386,9.22427607],[-71.9335016,9.22222614],[-71.93456686,9.22182906],[-71.93830204,9.22144735],[-71.94041026,9.22466385],[-71.94044137,9.23043764],[-71.94162202,9.23270142],[-71.94297254,9.23309696],[-71.94591653,9.22976482],[-71.94672656,9.22561526],[-71.94875181,9.22246802],[-71.94884706,9.22158325],[-71.94695473,9.21958697],[-71.94634485,9.21905351],[-71.94370973,9.21738684],[-71.94033885,9.21591234],[-71.93646204,9.21487308],[-71.9294492,9.21506214],[-71.9288125,9.21477234],[-71.92762876,9.21241903],[-71.92766118,9.21167493],[-71.92998624,9.20947766],[-71.93882954,9.20644534],[-71.95011735,9.20076275],[-71.95097804,9.19761753],[-71.95028424,9.19437623],[-71.94504416,9.18795276],[-71.94515765,9.18636012],[-71.94898248,9.18506145],[-71.95635867,9.18703342],[-71.9591459,9.18682778],[-71.96232796,9.18232012],[-71.96302974,9.17681241],[-71.96897721,9.18356073],[-71.97362983,9.18294418],[-71.97500336,9.18051946],[-71.9734627,9.17520916],[-71.97478426,9.17274475],[-71.97785628,9.17430055],[-71.98196065,9.18152106],[-71.98549271,9.1821928],[-71.99097013,9.17225397],[-72.00176501,9.15991723],[-72.00361335,9.161008],[-72.00660765,9.16670764],[-72.01697791,9.16356385],[-72.02970946,9.16467166],[-72.03009236,9.16441941],[-72.03116107,9.16227007],[-72.02674365,9.15554285],[-72.02585947,9.15184355],[-72.02976644,9.14763033],[-72.03712296,9.14611852],[-72.04063094,9.14130092],[-72.0406388,9.140625],[-72.04113448,9.14022815],[-72.04113924,9.13847661],[-72.03954017,9.12908876],[-72.04359674,9.11988437],[-72.04538405,9.11774635],[-72.04615104,9.11732936],[-72.0492084,9.11641991],[-72.06003296,9.12086618],[-72.06631684,9.11894047],[-72.0703125,9.11579227],[-72.0703125,9.11551344],[-72.07299042,9.11247945],[-72.07577908,9.11194801],[-72.07762468,9.11339676],[-72.08180535,9.12080371],[-72.10095072,9.11858261],[-72.10401952,9.12049568],[-72.10572791,9.12074494],[-72.10635805,9.12064254],[-72.10878277,9.11788476],[-72.11034191,9.10810435],[-72.11059487,9.10772014],[-72.11231232,9.10649371],[-72.11550903,9.10660076],[-72.11884928,9.11222625],[-72.12037611,9.12183285],[-72.12228131,9.12507761],[-72.12413716,9.12692368],[-72.12666047,9.12863958],[-72.13024342,9.12859774],[-72.13963056,9.1241225],[-72.14028513,9.12621152],[-72.13888073,9.13312948],[-72.13902116,9.13811314],[-72.13926506,9.13922596],[-72.13977778,9.140625],[-72.14011633,9.140625],[-72.14260256,9.14178264],[-72.14435542,9.140625],[-72.14486074,9.140625],[-72.14672875,9.13938963],[-72.15157843,9.13455844],[-72.15245414,9.13344061],[-72.16530335,9.11436093],[-72.16901505,9.1133548],[-72.17634594,9.11439717],[-72.18296444,9.11390293],[-72.1950531,9.10812616],[-72.20065355,9.10721958],[-72.20504427,9.10826516],[-72.20469415,9.11023831],[-72.19507778,9.1149441],[-72.19224381,9.11956143],[-72.19152701,9.12327194],[-72.19317734,9.12767386],[-72.19544041,9.12982225],[-72.20430481,9.13296914],[-72.21012425,9.12714636],[-72.2159934,9.12475908],[-72.21870768,9.12124205],[-72.21541858,9.11053908],[-72.2209028,9.10684597],[-72.22230411,9.10447276],[-72.22271633,9.09483945],[-72.22424185,9.09058535],[-72.2337563,9.08572721],[-72.24016547,9.08106256],[-72.26074684,9.07250822],[-72.27082646,9.06119001],[-72.27854061,9.05608404],[-72.29201686,9.05694914],[-72.30333281,9.06129777],[-72.3069787,9.05765724],[-72.31025696,9.05738962],[-72.31841302,9.06459165],[-72.32157922,9.06349754],[-72.32550585,9.05637693],[-72.33090174,9.05559886],[-72.33402514,9.05841005],[-72.3350563,9.06145906],[-72.33478487,9.06418264],[-72.33317781,9.06628215],[-72.33352292,9.06949401],[-72.34012365,9.07067215],[-72.34356964,9.07236576],[-72.34225881,9.08080936],[-72.34653962,9.08338678],[-72.34754968,9.08349204],[-72.35051715,9.08227706],[-72.35278738,9.07880056],[-72.35737062,9.07644355],[-72.36959255,9.07749391],[-72.37457907,9.07639885],[-72.37487531,9.0762465],[-72.37663805,9.07376528],[-72.37796175,9.06745422],[-72.37975156,9.06679785],[-72.38128364,9.06798065],[-72.38293505,9.07822895],[-72.38642955,9.07999015],[-72.3889842,9.08021641],[-72.39299154,9.07934225],[-72.40544975,9.06889868],[-72.40582645,9.06871283],[-72.41016126,9.06786418],[-72.41403723,9.06867552],[-72.41440844,9.06883645],[-72.41616833,9.07180154],[-72.41626358,9.07255936],[-72.41572213,9.07436895],[-72.4124794,9.07913005],[-72.41219747,9.08023965],[-72.41258752,9.08264375],[-72.41416585,9.0842334],[-72.41981995,9.0852977],[-72.42024636,9.08529997],[-72.421875,9.08510041],[-72.421875,9.08482134],[-72.43077075,9.08334041],[-72.43323135,9.08144402],[-72.43368113,9.07715344],[-72.43352497,9.07626331],[-72.43041956,9.07125902],[-72.42976844,9.06605983],[-72.43385375,9.06169283],[-72.44439125,9.06034315],[-72.4477303,9.06163335],[-72.45899987,9.06141365],[-72.46325815,9.06470191],[-72.46606195,9.06542921],[-72.46726525,9.06924546],[-72.46726835,9.06968224],[-72.46674335,9.07296312],[-72.46303487,9.0788331],[-72.46146047,9.08361781],[-72.46476388,9.09068763],[-72.46500552,9.09218693],[-72.46458435,9.09387231],[-72.46294963,9.09594023],[-72.45742345,9.09777975],[-72.45355403,9.10056376],[-72.45268393,9.10504055],[-72.45467067,9.10809743],[-72.45595407,9.10878742],[-72.46756446,9.11193764],[-72.47043014,9.11531234],[-72.47277784,9.12132061],[-72.47338617,9.12211037],[-72.47486794,9.12328446],[-72.47940373,9.12520695],[-72.48441315,9.12497056],[-72.49487484,9.12047231],[-72.49529755,9.12032187],[-72.50607884,9.11724615],[-72.50698543,9.11732936],[-72.50854874,9.11791384],[-72.51366508,9.12566543],[-72.52281594,9.12799275],[-72.52514827,9.12540925],[-72.52466106,9.11649001],[-72.52593636,9.11411774],[-72.52778184,9.11389494],[-72.52845323,9.11401296],[-72.5290848,9.11456621],[-72.53062975,9.12173855],[-72.53451002,9.12966013],[-72.53425086,9.13683295],[-72.53513181,9.13791656],[-72.53584063,9.13840401],[-72.53863895,9.13839281],[-72.54014981,9.13764346],[-72.54170775,9.13613415],[-72.54204035,9.13567555],[-72.54324365,9.13091743],[-72.54351926,9.13031244],[-72.54525661,9.12839234],[-72.54621196,9.12787497],[-72.55270255,9.12777627],[-72.55881035,9.13215816],[-72.56245303,9.13596284],[-72.56176805,9.140625],[-72.56155956,9.14129114],[-72.56233752,9.14467156],[-72.56692946,9.14914775],[-72.57351005,9.15325713],[-72.57498562,9.15349555],[-72.57799447,9.15233552],[-72.57914793,9.14723885],[-72.57677305,9.14184093],[-72.57674325,9.140625],[-72.57690132,9.140625],[-72.57690132,9.13992751],[-72.57354963,9.13567054],[-72.57336736,9.13320684],[-72.57383525,9.13196385],[-72.57473457,9.13072085],[-72.57709372,9.12869894],[-72.57797694,9.12840211],[-72.58242345,9.12840164],[-72.58297408,9.12855732],[-72.58498895,9.1295917],[-72.58675027,9.13181376],[-72.58728075,9.13668263],[-72.58932602,9.140625],[-72.58946061,9.140625],[-72.58946717,9.14110172],[-72.59255087,9.14295006],[-72.59921145,9.14361215],[-72.60827577,9.14233136],[-72.61547065,9.14456952],[-72.61814463,9.14366424],[-72.62082994,9.140625],[-72.62123477,9.140625],[-72.61961424,9.13111556],[-72.62074745,9.12770522],[-72.62511611,9.12632155],[-72.62748778,9.12706935],[-72.63210285,9.13198364],[-72.63479066,9.13307655],[-72.63902152,9.13275945],[-72.64251626,9.13110185],[-72.64543855,9.12542427],[-72.64318943,9.11820376],[-72.64403915,9.11583245],[-72.64678073,9.11405742],[-72.65008736,9.11356854],[-72.65249753,9.11449313],[-72.65544045,9.1245892],[-72.65758264,9.12684631],[-72.6616286,9.12730706],[-72.66604757,9.12471771],[-72.67073882,9.11766183],[-72.67706478,9.11571884],[-72.68380523,9.10928178],[-72.69108486,9.1077311],[-72.69688368,9.11001313],[-72.6990056,9.10962605],[-72.70125806,9.10036051],[-72.70374084,9.09833527],[-72.70659268,9.09800124],[-72.71013844,9.09930027],[-72.71564031,9.10590863],[-72.71964145,9.10765755],[-72.72456086,9.10472631],[-72.72568655,9.10251546],[-72.72534394,9.09613133],[-72.72921133,9.09324586],[-72.73176241,9.09366405],[-72.73227751,9.09401238],[-72.7359972,9.09810281],[-72.73848021,9.09959483],[-72.73949969,9.09969962],[-72.74051917,9.0998044],[-72.74049924,9.099163],[-72.74049753,9.09910303],[-72.7404975,9.09910188],[-72.74065182,9.09905836],[-72.74070364,9.09903696],[-72.74081308,9.09900689],[-72.74087614,9.09898164],[-72.74097433,9.09895532],[-72.74104867,9.0989264],[-72.74113557,9.09890366],[-72.74122125,9.09887124],[-72.7412408,9.09886624],[-72.74124208,9.09886592],[-72.74129679,9.09885191],[-72.74139386,9.09881616],[-72.741458,9.0988001],[-72.7415665,9.09876114],[-72.7416192,9.09874821],[-72.74169174,9.09872279],[-72.74173486,9.09869741],[-72.74177529,9.09867888],[-72.74189169,9.09861029],[-72.74193256,9.09859158],[-72.74204851,9.09852316],[-72.74208984,9.09850427],[-72.74220534,9.09843603],[-72.74224711,9.09841696],[-72.74236216,9.09834891],[-72.74240438,9.09832966],[-72.74251899,9.09826178],[-72.74256166,9.09824236],[-72.74267581,9.09817465],[-72.74271893,9.09815505],[-72.74283264,9.09808752],[-72.74287621,9.09806775],[-72.74298946,9.09800039],[-72.74303348,9.09798045],[-72.74314629,9.09791326],[-72.74319076,9.09789314],[-72.74330311,9.09782613],[-72.74334803,9.09780584],[-72.74345994,9.097739],[-72.74350531,9.09771854],[-72.74361676,9.09765187],[-72.74366259,9.09763124],[-72.74377358,9.09756474],[-72.74381986,9.09754394],[-72.74393041,9.0974776],[-72.74397714,9.09745664],[-72.74408723,9.09739047],[-72.74413442,9.09736934],[-72.74424405,9.09730333],[-72.74429169,9.09728205],[-72.74440087,9.0972162],[-72.74444897,9.09719475],[-72.74455769,9.09712906],[-72.74460625,9.09710745],[-72.74471452,9.09704193],[-72.74476353,9.09702016],[-72.74487134,9.09695479],[-72.74492081,9.09693286],[-72.74502816,9.09686765],[-72.74507809,9.09684557],[-72.74518498,9.09678051],[-72.74523537,9.09675827],[-72.7453418,9.09669337],[-72.74539265,9.09667098],[-72.74549862,9.09660623],[-72.74554993,9.09658369],[-72.74565543,9.09651909],[-72.74570722,9.0964964],[-72.74575307,9.09646826],[-72.74575425,9.09646754],[-72.74581225,9.09643195],[-72.7458645,9.09640911],[-72.74596907,9.0963448],[-72.74602178,9.09632182],[-72.74612589,9.09625766],[-72.74617907,9.09623453],[-72.7462827,9.09617051],[-72.74633635,9.09614725],[-72.74643952,9.09608337],[-72.74649364,9.09605996],[-72.74659634,9.09599622],[-72.74665092,9.09597268],[-72.74675315,9.09590907],[-72.74680821,9.09588539],[-72.74690996,9.09582192],[-72.7469655,9.09579811],[-72.74706678,9.09573476],[-72.74712279,9.09571083],[-72.74722359,9.09564761],[-72.74728008,9.09562355],[-72.7473804,9.09556045],[-72.74743737,9.09553628],[-72.74753721,9.0954733],[-72.74759466,9.095449],[-72.74769402,9.09538614],[-72.74775195,9.09536173],[-72.74785083,9.09529898],[-72.74790925,9.09527445],[-72.74800764,9.09521181],[-72.74806654,9.09518718],[-72.74816445,9.09512465],[-72.74822384,9.09509991],[-72.74832125,9.09503748],[-72.74838114,9.09501265],[-72.74847806,9.09495031],[-72.74853843,9.09492538],[-72.74863486,9.09486314],[-72.74869573,9.09483812],[-72.74879167,9.09477597],[-72.74885304,9.09475086],[-72.74894847,9.09468879],[-72.74901034,9.0946636],[-72.74910527,9.09460162],[-72.74916764,9.09457635],[-72.74926207,9.09451443],[-72.74932495,9.0944891],[-72.74941887,9.09442725],[-72.74948226,9.09440185],[-72.74957566,9.09434006],[-72.74963957,9.0943146],[-72.74973246,9.09425287],[-72.74979688,9.09422736],[-72.74988925,9.09416568],[-72.7499542,9.09414012],[-72.75010346,9.09403994],[-72.75023204,9.09390645],[-72.75024877,9.09388058],[-72.75035645,9.09376628],[-72.75036919,9.09374692],[-72.7504809,9.09362617],[-72.75048956,9.09361324],[-72.7506054,9.09348613],[-72.75060987,9.09347953],[-72.75072992,9.09334613],[-72.75073015,9.0933458],[-72.75084957,9.09321166],[-72.75085493,9.09320692],[-72.75092749,9.09312465],[-72.75092827,9.09312377],[-72.75096904,9.09307755],[-72.75097992,9.09306767],[-72.75108859,9.09294348],[-72.75110487,9.09292837],[-72.7512082,9.09280943],[-72.7512298,9.09278901],[-72.75130771,9.09269876],[-72.75131336,9.09266849],[-72.75133164,9.09260474],[-72.75135174,9.09249571],[-72.75137052,9.09243067],[-72.75139011,9.09232292],[-72.75140942,9.0922566],[-72.75142847,9.09215013],[-72.75144833,9.09208252],[-72.75146681,9.09197734],[-72.75147535,9.09194857],[-72.75147575,9.09194721],[-72.75148725,9.09190845],[-72.75150515,9.09180453],[-72.75152619,9.09173438],[-72.75154347,9.09163172],[-72.75156514,9.0915603],[-72.75158177,9.09145891],[-72.75160412,9.09138623],[-72.75162005,9.09128608],[-72.75164313,9.09121215],[-72.75165831,9.09111323],[-72.75168217,9.09103808],[-72.75169653,9.09094038],[-72.75172125,9.090864],[-72.75173471,9.0907675],[-72.75176038,9.09068993],[-72.75178312,9.09051596],[-72.75177096,9.09034223],[-72.75172389,9.09016873],[-72.75168452,9.09008548],[-72.75165934,9.08999534],[-72.75161964,9.08990863],[-72.75159487,9.08982196],[-72.75155471,9.08973183],[-72.75154402,9.08969509],[-72.75154334,9.08969276],[-72.75153048,9.08964857],[-72.75148973,9.08955507],[-72.75146614,9.08947518],[-72.75142471,9.08937833],[-72.75142381,9.08937532],[-72.75140947,9.08934791],[-72.7513779,9.08929808],[-72.75131905,9.08923591],[-72.75129395,9.0892026],[-72.75120063,9.08910427],[-72.75117445,9.08906957],[-72.7510822,9.08897262],[-72.75105494,9.08893654],[-72.75096377,9.08884098],[-72.75093544,9.08880351],[-72.75084534,9.08870934],[-72.75081593,9.08867048],[-72.75072692,9.08857769],[-72.75069643,9.08853745],[-72.75060849,9.08844604],[-72.75057692,9.08840442],[-72.75049007,9.0883144],[-72.75045741,9.08827139],[-72.75037165,9.08818275],[-72.7503379,9.08813836],[-72.75025323,9.0880511],[-72.75021839,9.08800534],[-72.75013481,9.08791945],[-72.75009888,9.08787231],[-72.75001639,9.0877878],[-72.74997937,9.08773929],[-72.74989797,9.08765615],[-72.74985985,9.08760627],[-72.74977955,9.0875245],[-72.74974034,9.08747324],[-72.74970961,9.08744205],[-72.74970927,9.08744171],[-72.74966113,9.08739285],[-72.74962082,9.08734022],[-72.74954272,9.0872612],[-72.74950131,9.0872072],[-72.7494243,9.08712954],[-72.74938179,9.08707418],[-72.74930589,9.08699789],[-72.74926227,9.08694116],[-72.74918748,9.08686623],[-72.74914275,9.08680815],[-72.74906906,9.08673458],[-72.74902323,9.08667513],[-72.74895066,9.08660292],[-72.74890371,9.08654211],[-72.74883225,9.08647126],[-72.74878419,9.0864091],[-72.74871384,9.0863396],[-72.74866466,9.08627609],[-72.74859543,9.08620794],[-72.74854513,9.08614307],[-72.74847703,9.08607628],[-72.74842561,9.08601006],[-72.74835862,9.08594461],[-72.74830608,9.08587705],[-72.74824022,9.08581295],[-72.74818655,9.08574405],[-72.74812182,9.08568128],[-72.74811984,9.08567874],[-72.74811617,9.08567014],[-72.74810541,9.08562995],[-72.74810456,9.08562678],[-72.74809355,9.08558565],[-72.74804964,9.08548474],[-72.74802829,9.08540072],[-72.74798294,9.08529932],[-72.74793961,9.08511576],[-72.74793647,9.08493539],[-72.74796554,9.08479636],[-72.74796562,9.08475758],[-72.74799394,9.08462947],[-72.74799493,9.08457978],[-72.74802217,9.08446254],[-72.74802441,9.084402],[-72.74805025,9.08429558],[-72.74805403,9.08422423],[-72.7480782,9.08412857],[-72.74808378,9.08404646],[-72.74810602,9.08396154],[-72.74811365,9.08386871],[-72.74813374,9.08379447],[-72.74814363,9.08369097],[-72.74816136,9.08362739],[-72.74817371,9.08351323],[-72.74818888,9.08346027],[-72.74820388,9.0833355],[-72.74821633,9.08329314],[-72.74823413,9.08315778],[-72.74824369,9.08312599],[-72.74826446,9.08298006],[-72.74827099,9.08295882],[-72.74829486,9.08280235],[-72.74835,9.08262661],[-72.74837093,9.08258293],[-72.74838512,9.08253879],[-72.74843793,9.08248774],[-72.74848716,9.08245159],[-72.74857024,9.08237046],[-72.74862168,9.08233304],[-72.74870254,9.08225316],[-72.74875624,9.0822145],[-72.74883481,9.08213582],[-72.74889083,9.08209599],[-72.74896706,9.08201843],[-72.74910886,9.0819191],[-72.74922577,9.08186695],[-72.74926248,9.08184214],[-72.74936728,9.0817973],[-72.74941621,9.08176539],[-72.7495087,9.08172743],[-72.74957005,9.08168883],[-72.74965002,9.08165737],[-72.74972399,9.08161247],[-72.74979125,9.08158711],[-72.74987802,9.0815363],[-72.7499324,9.08151666],[-72.75003216,9.08146031],[-72.75007345,9.08144603],[-72.75018638,9.08138449],[-72.75021443,9.08137521],[-72.7503407,9.08130885],[-72.75050717,9.08125619],[-72.7505761,9.0812465],[-72.75068045,9.08121642],[-72.75072725,9.08121043],[-72.75085389,9.08117696],[-72.75087842,9.08117408],[-72.75097473,9.08115059],[-72.75102879,9.08116598],[-72.75110856,9.08117862],[-72.75117799,9.08120035],[-72.75128545,9.0812196],[-72.75145451,9.08127793],[-72.75157026,9.08133994],[-72.75161484,9.08135556],[-72.75172682,9.08141603],[-72.75177516,9.0814332],[-72.7518834,9.08149209],[-72.75193548,9.08151086],[-72.75203998,9.08156814],[-72.75209579,9.08158853],[-72.75219656,9.08164418],[-72.7522561,9.08166622],[-72.75235316,9.08172021],[-72.75241639,9.08174392],[-72.75250976,9.08179622],[-72.75257669,9.08182163],[-72.75266637,9.08187222],[-72.75273697,9.08189936],[-72.75282298,9.0819482],[-72.75289725,9.0819771],[-72.7529796,9.08202418],[-72.75305753,9.08205485],[-72.75313623,9.08210014],[-72.75319641,9.0821241],[-72.75319649,9.08212413],[-72.7532178,9.08213261],[-72.75329287,9.08217609],[-72.75337806,9.08221039],[-72.75344951,9.08225202],[-72.75353832,9.08228818],[-72.75360615,9.08232795],[-72.75369857,9.08236598],[-72.75372235,9.08238],[-72.7537628,9.08240387],[-72.75385882,9.08244379],[-72.75391946,9.08247977],[-72.75401907,9.08252161],[-72.75407612,9.08255566],[-72.7541793,9.08259945],[-72.75423279,9.08263155],[-72.75433954,9.08267729],[-72.75438946,9.08270742],[-72.75449977,9.08275514],[-72.75454614,9.08278329],[-72.75465999,9.08283301],[-72.75470282,9.08285914],[-72.75482021,9.08291088],[-72.75485951,9.08293499],[-72.7550188,9.08300582],[-72.75518866,9.08305628],[-72.75533625,9.08308086],[-72.7554082,9.08307739],[-72.75544704,9.08307998],[-72.75558647,9.08307597],[-72.75559644,9.08307679],[-72.75564469,9.08307627],[-72.75564657,9.08307625],[-72.75574555,9.0830752],[-72.75576449,9.08307331],[-72.75581724,9.08307364],[-72.75592979,9.08305253],[-72.7559383,9.08304998],[-72.75610403,9.08301864],[-72.75611011,9.08301681],[-72.75627827,9.08298474],[-72.75628191,9.08298364],[-72.7564525,9.08295084],[-72.75645372,9.08295047],[-72.75662551,9.08291718],[-72.75662676,9.08291707],[-72.75670522,9.08290174],[-72.75670531,9.08290173],[-72.75679727,9.08288376],[-72.75680104,9.08288342],[-72.75696902,9.08285035],[-72.75697532,9.08284977],[-72.75714078,9.08281694],[-72.7571496,9.08281611],[-72.75731254,9.08278353],[-72.75732388,9.08278246],[-72.7574843,9.08275013],[-72.75749816,9.08274879],[-72.75765606,9.08271674],[-72.75767244,9.08271512],[-72.75773438,9.08270245],[-72.75785946,9.08263975],[-72.75794283,9.08258873],[-72.75804799,9.08249257],[-72.75816314,9.08236124],[-72.75822647,9.08227009],[-72.75826828,9.08222267],[-72.75833396,9.08212859],[-72.75837342,9.08208409],[-72.75844146,9.08198709],[-72.75847157,9.08195333],[-72.75847855,9.08194551],[-72.75854897,9.0818456],[-72.75858367,9.08180692],[-72.75865648,9.08170412],[-72.75868878,9.08166833],[-72.758764,9.08156264],[-72.75879388,9.08152973],[-72.75887153,9.08142117],[-72.75889898,9.08139112],[-72.75897907,9.08127971],[-72.75900406,9.08125251],[-72.75908662,9.08113825],[-72.75910914,9.08111389],[-72.75919418,9.0809968],[-72.75921421,9.08097526],[-72.75930174,9.08085536],[-72.75931926,9.08083663],[-72.75940931,9.08071392],[-72.75942431,9.08069799],[-72.7595169,9.08057249],[-72.75952935,9.08055935],[-72.75962449,9.08043107],[-72.75963438,9.08042069],[-72.75966525,9.08037929],[-72.7596907,9.08031929],[-72.75974013,9.08014216],[-72.75976448,9.07996357],[-72.75976421,9.07989653],[-72.75977932,9.07978442],[-72.7597789,9.07971974],[-72.75979416,9.07960528],[-72.75979361,9.07954296],[-72.759809,9.07942614],[-72.75980831,9.07936617],[-72.75982383,9.07924699],[-72.75982303,9.07918939],[-72.75983866,9.07906785],[-72.75983774,9.07901261],[-72.75985348,9.07888871],[-72.75985246,9.07883582],[-72.75986829,9.07870956],[-72.75986719,9.07865904],[-72.7598831,9.07853042],[-72.75988192,9.07848226],[-72.75989791,9.07835127],[-72.75989697,9.07831671],[-72.75989696,9.0783165],[-72.75989666,9.07830548],[-72.75991271,9.07817212],[-72.75991141,9.0781287],[-72.7599275,9.07799298],[-72.75992616,9.07795192],[-72.75994229,9.07781383],[-72.75994091,9.07777514],[-72.75995707,9.07763469],[-72.75995567,9.07759836],[-72.75997184,9.07745554],[-72.75997044,9.07742158],[-72.75998661,9.07727639],[-72.75998521,9.0772448],[-72.76000138,9.07709725],[-72.75999999,9.07706803],[-72.76001613,9.0769181],[-72.76001478,9.07689125],[-72.76003088,9.07673895],[-72.76002958,9.07671448],[-72.76004788,9.07653808],[-72.76009409,9.07636469],[-72.76016821,9.07619432],[-72.7601848,9.07616709],[-72.76024749,9.0760245],[-72.76026259,9.07599929],[-72.76032674,9.07585468],[-72.76034041,9.07583152],[-72.76040595,9.07568485],[-72.76041473,9.07566979],[-72.76041824,9.07566376],[-72.76048514,9.07551503],[-72.76049609,9.07549602],[-72.76056431,9.0753452],[-72.76057395,9.07532829],[-72.76059526,9.07528141],[-72.76062939,9.075232],[-72.76067238,9.07518024],[-72.76073338,9.07509191],[-72.76077275,9.0750443],[-72.76077924,9.07504025],[-72.76081036,9.07501686],[-72.76092966,9.07494193],[-72.76095328,9.07492391]],[[-72.56524718,9.13158011],[-72.56377053,9.13419676],[-72.55838776,9.13065994],[-72.55800021,9.13037634],[-72.56217206,9.13052213],[-72.56259346,9.13045168],[-72.56319261,9.12968242],[-72.56376398,9.12909293],[-72.56524646,9.13126755],[-72.56524718,9.13158011]],[[-72.53327358,9.12081456],[-72.53147233,9.11933005],[-72.53124535,9.11565065],[-72.5315752,9.11555934],[-72.53307152,9.11758161],[-72.53327358,9.12081456]],[[-72.52403152,9.12458503],[-72.52314901,9.12629175],[-72.52254546,9.12674665],[-72.52074385,9.12688315],[-72.51846421,9.12575662],[-72.52311814,9.12351561],[-72.52364194,9.12336385],[-72.52403152,9.12458503]],[[-72.49357915,9.11995625],[-72.48089671,9.12418962],[-72.48010385,9.12409258],[-72.47911406,9.12384605],[-72.47891724,9.12351656],[-72.48308384,9.12028813],[-72.48429644,9.11972713],[-72.49357915,9.11995625]],[[-71.96538675,9.54151976],[-71.9650315,9.54578483],[-71.9648931,9.54618764],[-71.96358335,9.54787433],[-71.96286035,9.54808843],[-71.96267796,9.54778242],[-71.95908892,9.54189396],[-71.9590193,9.54079294],[-71.96523106,9.54129755],[-71.96538675,9.54151976]],[[-71.95762742,9.53721166],[-71.95690584,9.53883445],[-71.95639551,9.53876984],[-71.94813478,9.53021741],[-71.94716334,9.52596867],[-71.94741785,9.52583396],[-71.95446217,9.53475785],[-71.95762742,9.53721166]],[[-71.94477665,9.52420294],[-71.94348454,9.52396452],[-71.94032705,9.52082705],[-71.93511784,9.51436925],[-71.92881274,9.50859606],[-71.92474425,9.50382674],[-71.91879392,9.49589312],[-71.91876304,9.49457824],[-71.91942024,9.4945904],[-71.92107666,9.49621463],[-71.92456973,9.502496],[-71.93634713,9.51109016],[-71.94477665,9.52420294]],[[-71.94168866,9.50115526],[-71.94039285,9.50229931],[-71.93944323,9.50211406],[-71.93889964,9.50183392],[-71.93909133,9.50123036],[-71.94099176,9.5006026],[-71.94159555,9.50079262],[-71.94168866,9.50115526]],[[-71.93563557,9.49521005],[-71.93275011,9.49585652],[-71.93076611,9.49457288],[-71.93061841,9.49417532],[-71.93090415,9.49342072],[-71.93387616,9.49264038],[-71.93414915,9.49254775],[-71.93563557,9.49521005]],[[-71.91141117,9.47688115],[-71.91022444,9.47732985],[-71.90979862,9.47720861],[-71.90865421,9.47523546],[-71.90891266,9.47500277],[-71.91133487,9.47655904],[-71.91141117,9.47688115]],[[-71.88987148,9.41057706],[-71.88961291,9.41073954],[-71.88832712,9.41040993],[-71.88792527,9.4097898],[-71.88774192,9.40803611],[-71.88814521,9.40750706],[-71.88871741,9.40741575],[-71.88940156,9.40804732],[-71.88955235,9.40857852],[-71.88987148,9.41057706]],[[-71.84577882,10.999897],[-71.84328747,11.00574577],[-71.84136498,11.00736344],[-71.84102333,11.00746644],[-71.8365519,11.00529385],[-71.83001804,11.00473595],[-71.82310772,11.00839555],[-71.8224709,11.00830138],[-71.82137752,11.00791061],[-71.82023406,11.00651002],[-71.81958175,11.00506687],[-71.81914246,11.00359154],[-71.81983304,10.99829173],[-71.82231927,10.99656618],[-71.83321762,11.00020754],[-71.84275615,10.99894965],[-71.84577882,10.999897]],[[-71.81934023,10.99521828],[-71.81866586,10.99698365],[-71.81838954,10.99753821],[-71.81683087,10.99642801],[-71.81752133,10.99488902],[-71.81934023,10.99521828]],[[-71.81911063,9.22830975],[-71.8135246,9.23546243],[-71.8119899,9.23652744],[-71.81166685,9.23636794],[-71.80739021,9.23297155],[-71.80725372,9.23256075],[-71.80758035,9.23156583],[-71.81387246,9.22412992],[-71.81764376,9.22454321],[-71.81896865,9.22542965],[-71.81911063,9.22830975]],[[-71.81081605,9.23729694],[-71.80927134,9.24046648],[-71.8072741,9.24274087],[-71.80674887,9.24313295],[-71.80497944,9.24325335],[-71.80421376,9.24310327],[-71.80302072,9.24140358],[-71.80369425,9.23647118],[-71.80388415,9.23618674],[-71.80757105,9.23527765],[-71.80794084,9.23527396],[-71.81014097,9.23615015],[-71.81081605,9.23729694]],[[-71.7903403,11.00410366],[-71.78890884,11.00624442],[-71.78743255,11.00552475],[-71.78857982,11.00398862],[-71.7903403,11.00410366]],[[-71.76650167,9.29004514],[-71.76636934,9.29020596],[-71.76538682,9.28978956],[-71.76491511,9.28951478],[-71.76443315,9.28872466],[-71.76441026,9.28722465],[-71.76515985,9.28659642],[-71.76619124,9.28693223],[-71.76644707,9.28763056],[-71.76650167,9.29004514]],[[-71.71578062,9.34785914],[-71.71554816,9.34805214],[-71.71104574,9.35019648],[-71.70872354,9.34958637],[-71.7088629,9.34844255],[-71.70904827,9.34831166],[-71.71447456,9.34589112],[-71.71568286,9.34630322],[-71.71578062,9.34785914]],[[-71.70803678,9.34827721],[-71.70648813,9.34855604],[-71.70471394,9.34774363],[-71.70439756,9.34684217],[-71.70803678,9.34827721]],[[-71.68742585,10.99040175],[-71.68691444,10.99127126],[-71.68540895,10.99058866],[-71.68503094,10.99154305],[-71.68459976,10.99123895],[-71.68380535,10.99088216],[-71.68258595,10.98904824],[-71.68264175,10.98828983],[-71.68440592,10.98562765],[-71.68742585,10.99040175]],[[-71.68119085,10.95999265],[-71.6811825,10.96076393],[-71.68098748,10.96117771],[-71.67857862,10.96171975],[-71.67656398,10.96098602],[-71.67358541,10.9622792],[-71.67042244,10.95988131],[-71.66820848,10.96187556],[-71.66724765,10.96468234],[-71.66148043,10.96565115],[-71.65435421,10.96266544],[-71.64756274,10.96109128],[-71.64615893,10.96122265],[-71.64434493,10.95957065],[-71.64133406,10.96003854],[-71.63474405,10.95773005],[-71.62966597,10.95761716],[-71.62491775,10.95586741],[-71.6248275,10.95540535],[-71.62581515,10.95473826],[-71.63103461,10.95178556],[-71.63476765,10.95165885],[-71.63944137,10.95363843],[-71.64576626,10.95332825],[-71.64864588,10.95198095],[-71.65023744,10.94957185],[-71.65296972,10.9503082],[-71.65405643,10.94917595],[-71.66189885,10.94955683],[-71.66405213,10.95141995],[-71.66892028,10.95160496],[-71.67309201,10.9537214],[-71.67563832,10.95204806],[-71.67478573,10.95440435],[-71.67973042,10.95708132],[-71.68119085,10.95999265]],[[-71.63446021,10.85666287],[-71.6339426,10.8572731],[-71.63335752,10.85692501],[-71.63274276,10.85476267],[-71.63304782,10.85462451],[-71.63402104,10.85530114],[-71.63446021,10.85666287]],[[-71.63435471,10.86341357],[-71.63385606,10.86587977],[-71.63342381,10.86613548],[-71.63233387,10.86596966],[-71.63141668,10.86537647],[-71.63108706,10.86397243],[-71.63190174,10.86261785],[-71.63303936,10.86246204],[-71.63435471,10.86341357]],[[-71.63426673,10.97034276],[-71.63414741,10.97082746],[-71.63247156,10.97332132],[-71.63112092,10.97301114],[-71.62973416,10.97163236],[-71.62980545,10.96882725],[-71.63251555,10.96707475],[-71.6331861,10.96705222],[-71.63357616,10.96742213],[-71.63426673,10.97034276]],[[-71.62893248,10.96833491],[-71.62805855,10.97544396],[-71.62645566,10.97731972],[-71.62405491,10.9876976],[-71.62389648,10.98812377],[-71.62230527,10.99039733],[-71.62073505,10.99110103],[-71.62013924,10.99099994],[-71.61740065,10.98958945],[-71.61586142,10.98349142],[-71.60915434,10.97774315],[-71.60427475,10.96949911],[-71.60630381,10.96660805],[-71.60688424,10.95820165],[-71.61323333,10.95512915],[-71.61372876,10.9545145],[-71.61947727,10.95496917],[-71.620947,10.95612204],[-71.62475347,10.96021652],[-71.62893248,10.96833491]],[[-71.60180187,10.93513036],[-71.60077524,10.94176173],[-71.59815907,10.94385946],[-71.59736955,10.94382215],[-71.59514058,10.94333541],[-71.5935353,10.94157052],[-71.59122312,10.93565333],[-71.59343183,10.92880845],[-71.59596181,10.92615163],[-71.59655142,10.91970444],[-71.59924853,10.91838312],[-71.59935975,10.91888607],[-71.59982824,10.93021297],[-71.60180187,10.93513036]],[[-71.59105372,10.69045568],[-71.58992553,10.69287276],[-71.58930433,10.69271374],[-71.58894515,10.69244075],[-71.58886337,10.68966114],[-71.58914566,10.68949425],[-71.59105372,10.69045568]],[[-71.58932936,10.97925866],[-71.58839977,10.98622632],[-71.58618498,10.99977016],[-71.58526576,10.99834537],[-71.57122135,10.98960173],[-71.56313765,10.98461592],[-71.5486567,10.97430456],[-71.54412973,10.97047603],[-71.53522217,10.9627372],[-71.52892518,10.95403743],[-71.53061235,10.94879067],[-71.53007376,10.94533277],[-71.527969,10.93881071],[-71.52383363,10.93369865],[-71.52235877,10.93010735],[-71.52668667,10.9301486],[-71.52728295,10.93048894],[-71.52936196,10.93692064],[-71.53756762,10.93977523],[-71.5374819,10.94397283],[-71.53377283,10.94432998],[-71.53509271,10.94547486],[-71.53508937,10.94749594],[-71.54066431,10.9484899],[-71.54165328,10.95217896],[-71.54467082,10.95631921],[-71.54313493,10.96067154],[-71.5460304,10.96319306],[-71.54584706,10.96536207],[-71.55302811,10.96247315],[-71.55363631,10.96246195],[-71.55575526,10.9640398],[-71.55736184,10.96350634],[-71.55757117,10.96369755],[-71.55721915,10.96497846],[-71.5602051,10.96863496],[-71.56489611,10.96833193],[-71.56595993,10.97038984],[-71.57624602,10.97276616],[-71.57315016,10.97658682],[-71.5788269,10.9825716],[-71.58153474,10.98203242],[-71.58464301,10.97928023],[-71.58497906,10.97917128],[-71.58886766,10.97895312],[-71.58932936,10.97925866]],[[-71.55114686,10.61980414],[-71.5510689,10.62021732],[-71.54910064,10.62245262],[-71.54279268,10.61345386],[-71.54240477,10.61316645],[-71.54049206,10.61238587],[-71.54380667,10.61286175],[-71.54451024,10.61273313],[-71.54567826,10.61156952],[-71.54697216,10.61108017],[-71.54700506,10.61258411],[-71.55056143,10.61736608],[-71.55114686,10.61980414]],[[-71.53653133,10.93081915],[-71.53433681,10.93304992],[-71.53012991,10.93312824],[-71.53063703,10.92982078],[-71.53221917,10.92903984],[-71.53439224,10.92902541],[-71.53653133,10.93081915]],[[-71.51337302,10.93146968],[-71.51323926,10.93346906],[-71.51190054,10.93329322],[-71.51321566,10.93466687],[-71.51293063,10.93833578],[-71.51263905,10.93905044],[-71.51026404,10.94354391],[-71.50981927,10.94392061],[-71.50716162,10.94503617],[-71.50573826,10.94297457],[-71.50163674,10.94121766],[-71.50220287,10.93994534],[-71.49940133,10.93958127],[-71.49881124,10.93921554],[-71.49837303,10.93841135],[-71.49824655,10.93732285],[-71.49953234,10.93472552],[-71.50148392,10.93332863],[-71.50249457,10.93311214],[-71.50818372,10.93309414],[-71.51024437,10.93089855],[-71.51337302,10.93146968]],[[-71.50286055,10.94622338],[-71.50284195,10.94797385],[-71.50189781,10.94895911],[-71.50083292,10.94952786],[-71.49193347,10.95174515],[-71.49143541,10.9517287],[-71.48678052,10.95194256],[-71.4835695,10.95183218],[-71.48319352,10.95129955],[-71.48357987,10.95071125],[-71.48692536,10.95114124],[-71.48849535,10.95068276],[-71.49212027,10.94900155],[-71.49305224,10.95000494],[-71.49343824,10.95000994],[-71.49627066,10.94946432],[-71.49944162,10.94809747],[-71.49376035,10.94768405],[-71.49334145,10.94773316],[-71.48633385,10.94991374],[-71.48607004,10.94997394],[-71.48309922,10.94936073],[-71.48356533,10.94892871],[-71.48621094,10.94703495],[-71.48817933,10.94649446],[-71.48897505,10.94654501],[-71.49004495,10.94766557],[-71.49054384,10.94779134],[-71.49218285,10.94763684],[-71.49282026,10.94748986],[-71.50033796,10.94424212],[-71.50076926,10.94431758],[-71.50272608,10.94582987],[-71.50286055,10.94622338]],[[-71.49703574,10.94375217],[-71.49501586,10.94603944],[-71.49167657,10.94695365],[-71.48839986,10.94432747],[-71.48810542,10.94381034],[-71.48851597,10.94247615],[-71.48928225,10.94237852],[-71.49550295,10.94255304],[-71.49703574,10.94375217]],[[-71.49472666,10.9291296],[-71.49423301,10.93387938],[-71.49156511,10.93795276],[-71.49039066,10.93861604],[-71.48665786,10.93823993],[-71.48609984,10.93345845],[-71.48376107,10.93222475],[-71.48603785,10.92729366],[-71.48847544,10.92612922],[-71.48891425,10.92612636],[-71.49374664,10.92765152],[-71.49472666,10.9291296]],[[-71.49351692,10.94168532],[-71.48896003,10.94107676],[-71.48880994,10.94075728],[-71.49074137,10.93929255],[-71.49132764,10.93922031],[-71.49314058,10.94063926],[-71.49351692,10.94168532]],[[-71.46848512,10.37109375],[-71.46475077,10.37424755],[-71.46303308,10.37176943],[-71.46281016,10.37109375],[-71.46103203,10.37109375],[-71.45963895,10.36891901],[-71.46334314,10.3651247],[-71.46811986,10.37109375],[-71.46848512,10.37109375]],[[-71.04760444,11.08198547],[-71.04414308,11.08450127],[-71.03589487,11.08688915],[-71.03707266,11.08541775],[-71.04569352,11.08128786],[-71.04622674,11.08126044],[-71.04760444,11.08198547]],[[-70.92382813,12.4913156],[-70.92363584,12.49150336],[-70.92330623,12.49158382],[-70.92314124,12.49153006],[-70.92289412,12.49142277],[-70.92303145,12.49123514],[-70.92325115,12.4910742],[-70.92344356,12.49112785],[-70.92360842,12.49118137],[-70.92382813,12.4913156]],[[-70.9164108,12.48592424],[-70.91500974,12.48619247],[-70.91544914,12.48308122],[-70.9164108,12.48592424]],[[-70.90554476,12.35949028],[-70.90402913,12.35897541],[-70.90274405,12.36003745],[-70.90369964,12.36058474],[-70.90363371,12.36074555],[-70.90234876,12.36129284],[-70.90412796,12.36286986],[-70.90379834,12.36319184],[-70.90139306,12.36206532],[-70.89915264,12.36158252],[-70.90211797,12.36093867],[-70.90198624,12.35945821],[-70.89941621,12.3575592],[-70.90261233,12.35707641],[-70.90373266,12.35726953],[-70.90554476,12.35949028]],[[-70.85787833,12.38713861],[-70.85576916,12.38895166],[-70.85554946,12.38830805],[-70.85469282,12.38712776],[-70.85667002,12.38689184],[-70.85754883,12.38662362],[-70.85787833,12.38713861]],[[-70.50151384,11.2548995],[-70.50032043,11.25806606],[-70.49883866,11.25866854],[-70.49872351,11.25830436],[-70.49843025,11.25712121],[-70.49854696,11.2568438],[-70.50085378,11.2537533],[-70.50140655,11.25367558],[-70.50151384,11.2548995]],[[-70.49971986,11.26092505],[-70.49934411,11.26316595],[-70.49904692,11.26350081],[-70.49826431,11.26325786],[-70.49768412,11.26231194],[-70.49778855,11.26154804],[-70.49902487,11.25988054],[-70.49923325,11.25953412],[-70.49971986,11.26092505]],[[-70.13886845,11.56268215],[-70.13885367,11.56515062],[-70.12467146,11.56023824],[-70.1153301,11.55192363],[-70.11261451,11.54987717],[-70.10197318,11.54270375],[-70.09581375,11.53906763],[-70.0851593,11.53621447],[-70.08062422,11.53408635],[-70.07352364,11.53038335],[-70.06715882,11.52498317],[-70.06626582,11.52364063],[-70.05695093,11.51745975],[-70.05723882,11.51473308],[-70.06327796,11.51503575],[-70.06720006,11.51285017],[-70.07011521,11.51527774],[-70.07419741,11.51436412],[-70.07414925,11.51636863],[-70.06858575,11.51800394],[-70.06801951,11.52022922],[-70.06967771,11.52006066],[-70.07632434,11.51771236],[-70.0816735,11.51185346],[-70.08523571,11.51178014],[-70.08644903,11.51292968],[-70.08298051,11.51493621],[-70.08383572,11.51743186],[-70.08018851,11.51836908],[-70.07919085,11.52082503],[-70.08312964,11.51985848],[-70.084867,11.52113247],[-70.09655082,11.52007282],[-70.09796333,11.52147722],[-70.09748185,11.52445602],[-70.09866726,11.52651834],[-70.09543288,11.53016114],[-70.08948553,11.52905285],[-70.08263624,11.53168404],[-70.08285308,11.53276682],[-70.09008765,11.53105235],[-70.09897101,11.53645492],[-70.10431695,11.54132605],[-70.11268365,11.54053533],[-70.11939812,11.54616356],[-70.11965883,11.54819894],[-70.12336385,11.54971695],[-70.12452114,11.54961884],[-70.12482822,11.5469619],[-70.12591827,11.54623401],[-70.12885714,11.54864836],[-70.12917495,11.5525949],[-70.13629055,11.55852318],[-70.13886845,11.56268215]],[[-70.13691652,11.55564237],[-70.13388944,11.55552494],[-70.13434231,11.55485165],[-70.13483727,11.55472708],[-70.13691652,11.55564237]],[[-70.12077558,11.52706301],[-70.11676443,11.52866495],[-70.11454511,11.52776706],[-70.10998881,11.52783596],[-70.10683525,11.52831495],[-70.10589504,11.52911496],[-70.10595286,11.52960205],[-70.10625815,11.53019643],[-70.11715305,11.52985406],[-70.11629903,11.53060305],[-70.11109865,11.53097093],[-70.10512877,11.53071654],[-70.1031543,11.52884746],[-70.09653437,11.53014326],[-70.09646201,11.52976453],[-70.10305464,11.52709425],[-70.10943282,11.52607298],[-70.11114645,11.52304184],[-70.10996187,11.52148712],[-70.11264086,11.52175295],[-70.11344695,11.51959825],[-70.11366653,11.51936913],[-70.11862135,11.51982653],[-70.11868763,11.52398646],[-70.12077558,11.52706301]],[[-70.07928336,11.50708556],[-70.07919002,11.50953853],[-70.07869124,11.51007736],[-70.07659733,11.51031911],[-70.07598734,11.51016474],[-70.07696891,11.508111],[-70.07928336,11.50708556]],[[-70.05651307,11.5138185],[-70.05525982,11.51462316],[-70.05386472,11.51429355],[-70.05294025,11.51329458],[-70.05341733,11.51295245],[-70.05651307,11.5138185]],[[-69.80415428,11.68420172],[-69.80412531,11.68474781],[-69.8029803,11.68684041],[-69.79875255,11.69035745],[-69.79405916,11.68859625],[-69.79391766,11.68723714],[-69.79447067,11.68616521],[-69.79969215,11.68690085],[-69.8006289,11.68683422],[-69.80123234,11.68592334],[-69.80079162,11.68483126],[-69.80023086,11.68404675],[-69.79839587,11.68309784],[-69.79655373,11.68324053],[-69.79447234,11.6804198],[-69.79394066,11.68025064],[-69.79267931,11.68036735],[-69.78944314,11.68498504],[-69.78757775,11.68331456],[-69.78354073,11.68264532],[-69.78273988,11.68122065],[-69.78279495,11.68094253],[-69.78470576,11.67887998],[-69.78770924,11.67783058],[-69.78734732,11.67501295],[-69.79044747,11.67395627],[-69.79347932,11.6753478],[-69.79507554,11.67379355],[-69.79661346,11.67379332],[-69.79735315,11.67368925],[-69.79877794,11.67564082],[-69.79805124,11.67878234],[-69.79904318,11.68124092],[-69.79923975,11.68153918],[-69.80209875,11.68426204],[-69.80383587,11.68390572],[-69.80415428,11.68420172]],[[-69.79919112,11.73612845],[-69.79863453,11.73663402],[-69.79723573,11.73612082],[-69.79585671,11.73412895],[-69.79180896,11.7306298],[-69.79308271,11.72805333],[-69.79385686,11.73042393],[-69.79752052,11.73302555],[-69.79776692,11.73338318],[-69.79919112,11.73612845]],[[-69.79767132,11.75506222],[-69.79674327,11.75700986],[-69.79631615,11.75681174],[-69.79467452,11.75630546],[-69.79463625,11.75603473],[-69.79470718,11.7543174],[-69.79545176,11.75373554],[-69.79624081,11.7535634],[-69.79767132,11.75506222]],[[-69.79606736,11.71182811],[-69.79456282,11.71387982],[-69.79001152,11.71591103],[-69.78879082,11.71793985],[-69.78812635,11.71776116],[-69.78698575,11.71689832],[-69.78756177,11.71535575],[-69.79517341,11.71177542],[-69.79606736,11.71182811]],[[-69.79398787,11.73563063],[-69.79191375,11.73557937],[-69.79122925,11.73478365],[-69.79168355,11.734483],[-69.79250371,11.73429883],[-69.79398787,11.73563063]],[[-69.79189408,11.70381165],[-69.78828478,11.70543325],[-69.78762674,11.70524883],[-69.78732896,11.70455694],[-69.78784633,11.70415664],[-69.79051411,11.70319176],[-69.79189408,11.70381165]],[[-69.78345895,11.67066646],[-69.78344691,11.67368865],[-69.78324831,11.67388415],[-69.78250492,11.67368603],[-69.78062034,11.6722877],[-69.78166723,11.67161095],[-69.78150296,11.66880751],[-69.78345895,11.67066646]],[[-69.77942824,11.66364396],[-69.7783674,11.66362345],[-69.77795041,11.66333544],[-69.77232504,11.65625918],[-69.77344906,11.65467203],[-69.77638507,11.65706825],[-69.77942824,11.66364396]],[[-69.77000034,11.64033186],[-69.76928043,11.64185595],[-69.76844025,11.64146757],[-69.76732075,11.64044237],[-69.76543367,11.63683736],[-69.76527047,11.63641965],[-69.76480711,11.63288641],[-69.76502144,11.63266015],[-69.7695471,11.63935661],[-69.77000034,11.64033186]],[[-69.76218355,11.62123477],[-69.76076293,11.62394953],[-69.75810516,11.61829758],[-69.75438654,11.61401701],[-69.75318575,11.60948193],[-69.751073,11.60680711],[-69.75152385,11.60569477],[-69.75273192,11.60538983],[-69.75306606,11.60515118],[-69.75543237,11.61154997],[-69.75942564,11.61826253],[-69.76218355,11.62123477]],[[-68.44847286,11.21996963],[-68.44770658,11.22212756],[-68.44738984,11.22202587],[-68.44509697,11.22079957],[-68.44446874,11.21921885],[-68.44511735,11.21779907],[-68.44539654,11.21769035],[-68.44847286,11.21996963]],[[-68.42354906,11.19881844],[-68.42338443,11.19906783],[-68.42098594,11.19942617],[-68.41618156,11.19778132],[-68.41521656,11.19632137],[-68.41546285,11.19524026],[-68.41572487,11.19464612],[-68.41737866,11.19425595],[-68.41876113,11.19436586],[-68.42173123,11.19616282],[-68.42354906,11.19881844]],[[-68.29282713,10.83812797],[-68.29097664,10.83963084],[-68.28946722,10.83814883],[-68.28925705,10.83927703],[-68.29105163,10.84069514],[-68.29095197,10.84099185],[-68.28919125,10.84059501],[-68.28664875,10.8405869],[-68.28643131,10.84024727],[-68.28637028,10.83951294],[-68.28830492,10.83568776],[-68.28931713,10.83404505],[-68.29282713,10.83812797]],[[-68.28799474,10.80982375],[-68.28472126,10.81074107],[-68.28628814,10.81201506],[-68.28476012,10.81424761],[-68.28193915,10.81268418],[-68.28167784,10.8125627],[-68.27840626,10.81320655],[-68.27766871,10.81264102],[-68.27740896,10.80874455],[-68.27755344,10.80841851],[-68.27956355,10.80813384],[-68.28305697,10.80668974],[-68.28788805,10.80950713],[-68.28799474,10.80982375]],[[-68.28784537,10.82556272],[-68.28524578,10.82914448],[-68.28639686,10.83448768],[-68.28607333,10.83518946],[-68.27726388,10.83976257],[-68.27686942,10.84014225],[-68.27617574,10.84145951],[-68.276178,10.84184194],[-68.27689433,10.84400058],[-68.27663183,10.84461045],[-68.27593732,10.84516144],[-68.27218473,10.84560633],[-68.27019215,10.84792864],[-68.26967466,10.84557056],[-68.27059233,10.84335577],[-68.26948225,10.84273005],[-68.26972353,10.84114051],[-68.2668848,10.83979213],[-68.26894855,10.83824635],[-68.27168953,10.83857191],[-68.27233088,10.84085512],[-68.27350402,10.84140396],[-68.27420127,10.83924246],[-68.27535307,10.83918452],[-68.27536237,10.83888388],[-68.27292216,10.83721316],[-68.27374542,10.83502007],[-68.27328932,10.83312476],[-68.27264488,10.8322978],[-68.27170587,10.83247554],[-68.27232325,10.83498645],[-68.27153516,10.83674395],[-68.26800597,10.83652556],[-68.26716542,10.83524084],[-68.26091015,10.83515656],[-68.26409435,10.83376217],[-68.26545811,10.83160877],[-68.26726401,10.83378994],[-68.27407992,10.83055556],[-68.27637112,10.82850003],[-68.27627122,10.82751501],[-68.27239013,10.82835186],[-68.27086651,10.828987],[-68.26938736,10.83120811],[-68.26766455,10.83157003],[-68.27052903,10.82817018],[-68.27454925,10.82669091],[-68.27478945,10.82351506],[-68.27420127,10.82295394],[-68.27594554,10.82067764],[-68.27625394,10.82051277],[-68.27924335,10.82222152],[-68.27964437,10.82263815],[-68.27889466,10.82787764],[-68.27921057,10.82787478],[-68.28269064,10.82410753],[-68.28154075,10.82261384],[-68.28206372,10.82190776],[-68.28340304,10.82135355],[-68.28431296,10.82288587],[-68.28618801,10.82142854],[-68.28745377,10.82268476],[-68.28784537,10.82556272]],[[-68.28540492,10.84228945],[-68.28448665,10.84569621],[-68.28363752,10.84703386],[-68.28310454,10.84735978],[-68.28248596,10.84503865],[-68.28106344,10.84802091],[-68.27847505,10.84525025],[-68.27828014,10.84485364],[-68.27883542,10.84161115],[-68.27909315,10.84133685],[-68.28270972,10.83945036],[-68.28326046,10.83936667],[-68.28441286,10.83983076],[-68.28510344,10.84089446],[-68.28540492,10.84228945]],[[-68.26683617,10.81492341],[-68.26660395,10.81599283],[-68.26431441,10.81584501],[-68.26040006,10.81902576],[-68.25961792,10.82346058],[-68.25637257,10.82317364],[-68.2539556,10.82040966],[-68.25327682,10.8212049],[-68.25464118,10.82385004],[-68.25229836,10.82613933],[-68.24931407,10.82567346],[-68.24931741,10.82746565],[-68.24481905,10.83055174],[-68.24023724,10.83014297],[-68.24093747,10.83133543],[-68.23903716,10.8321048],[-68.23504746,10.83027554],[-68.23478246,10.82995164],[-68.23481464,10.82904363],[-68.23718035,10.82835066],[-68.2375288,10.82715344],[-68.23931754,10.82822061],[-68.24359477,10.82600534],[-68.24464297,10.82384825],[-68.24746621,10.82327926],[-68.24705577,10.82216966],[-68.24437046,10.82245171],[-68.24615991,10.8187865],[-68.24831224,10.82093215],[-68.24995482,10.82100332],[-68.25196147,10.81974602],[-68.25297582,10.81695652],[-68.25668967,10.81773365],[-68.25803578,10.81750631],[-68.26007426,10.81555164],[-68.26607466,10.81422901],[-68.26647067,10.81439733],[-68.26683617,10.81492341]],[[-68.26647353,10.94540656],[-68.26110327,10.94649315],[-68.25964606,10.94503641],[-68.25918376,10.94493794],[-68.25634635,10.94518316],[-68.25431025,10.94386375],[-68.25555015,10.9430356],[-68.25644875,10.93947351],[-68.25866282,10.93840575],[-68.26444566,10.94277942],[-68.26518595,10.94227076],[-68.26647353,10.94540656]],[[-68.26215565,10.93020713],[-68.26082015,10.93073738],[-68.26013136,10.93051696],[-68.25950682,10.92907131],[-68.26102698,10.92893052],[-68.26175845,10.92941535],[-68.26215565,10.93020713]],[[-68.24754357,10.97279131],[-68.24720848,10.97328806],[-68.24300671,10.97695112],[-68.24279344,10.97677863],[-68.24294376,10.97505021],[-68.24646795,10.97169161],[-68.24720085,10.97174084],[-68.24754357,10.97279131]],[[-68.24489915,10.72804916],[-68.24276495,10.7298758],[-68.24224782,10.72980595],[-68.24179125,10.72931767],[-68.24311423,10.72791874],[-68.24489915,10.72804916]],[[-68.2382282,10.83582091],[-68.23668206,10.83807087],[-68.23669732,10.83882988],[-68.23712122,10.84078336],[-68.23685777,10.84102213],[-68.23289931,10.84197366],[-68.23188496,10.84457755],[-68.22760856,10.84714842],[-68.22411454,10.84470963],[-68.22508752,10.84296405],[-68.22649372,10.84453166],[-68.23056662,10.84363842],[-68.22913158,10.84097695],[-68.22603774,10.84226346],[-68.22530687,10.84093785],[-68.23449397,10.83532345],[-68.23772955,10.83454394],[-68.23799086,10.83466995],[-68.2382282,10.83582091]],[[-68.23609436,10.73974502],[-68.23598003,10.74236167],[-68.23483896,10.74305975],[-68.23216295,10.74232995],[-68.23453784,10.74216664],[-68.23479915,10.74170756],[-68.23496902,10.73923576],[-68.2352432,10.73913026],[-68.23609436,10.73974502]],[[-68.21775734,10.86310554],[-68.21760714,10.86372995],[-68.21657765,10.86407185],[-68.21628261,10.86401582],[-68.21687913,10.86138642],[-68.21721387,10.86145961],[-68.21775734,10.86310554]],[[-68.21450734,10.87124574],[-68.21193731,10.87199402],[-68.21105885,10.87085021],[-68.21147537,10.87001646],[-68.21200335,10.86978877],[-68.21450734,10.87124574]],[[-68.21118701,10.88513041],[-68.2110424,10.88550425],[-68.20986521,10.88717663],[-68.20866501,10.88707483],[-68.20700204,10.88545156],[-68.20688784,10.88511348],[-68.20727992,10.88251114],[-68.20576584,10.88045907],[-68.20674193,10.87765467],[-68.20512533,10.87498867],[-68.20528233,10.87450945],[-68.20725417,10.87558186],[-68.20883656,10.87978482],[-68.21085584,10.88177836],[-68.21114564,10.88255155],[-68.21118701,10.88513041]],[[-68.20074165,10.77825856],[-68.20047176,10.77918863],[-68.19725394,10.78175306],[-68.19721436,10.78056073],[-68.19985545,10.77806485],[-68.20049167,10.77801084],[-68.20074165,10.77825856]],[[-68.04192305,10.49228775],[-68.04186392,10.49454975],[-68.04158294,10.49467444],[-68.03998852,10.49414897],[-68.03984535,10.49379301],[-68.04043746,10.49240124],[-68.04039824,10.49169445],[-68.04071975,10.49145555],[-68.04176164,10.49198425],[-68.04192305,10.49228775]],[[-67.99411237,10.49678028],[-67.99185646,10.49694943],[-67.98972106,10.49539244],[-67.99029183,10.49445188],[-67.99065411,10.49437881],[-67.99210978,10.49578094],[-67.99411237,10.49678028]],[[-67.97698665,10.50747836],[-67.97451627,10.50829077],[-67.97637391,10.50871003],[-67.97655034,10.50915802],[-67.97546756,10.50982475],[-67.97430325,10.50962245],[-67.97301197,10.50907862],[-67.96959341,10.50639153],[-67.96933866,10.50612354],[-67.96968722,10.50512075],[-67.97003233,10.50484872],[-67.97357333,10.50415707],[-67.97698665,10.50747836]],[[-67.96479416,10.49590814],[-67.96195734,10.49728274],[-67.96111655,10.49693],[-67.95997405,10.49530005],[-67.96077156,10.49285305],[-67.96140027,10.49263322],[-67.96393037,10.49491382],[-67.96479416,10.49590814]],[[-67.95302665,10.49200475],[-67.9518671,10.49302447],[-67.94933462,10.49299502],[-67.94363844,10.49048376],[-67.94182312,10.48838604],[-67.94069385,10.48466265],[-67.94391584,10.48166704],[-67.944875,10.4841603],[-67.94375026,10.48725271],[-67.94517005,10.48856902],[-67.94720662,10.48841202],[-67.95193827,10.48987508],[-67.95284677,10.49077725],[-67.95302665,10.49200475]],[[-67.93020582,10.46254945],[-67.92993987,10.46276665],[-67.92971563,10.46257067],[-67.92953694,10.46220183],[-67.93020582,10.46254945]],[[-67.68019831,11.98371553],[-67.67100191,11.98842275],[-67.66487086,11.98350632],[-67.66519117,11.98123991],[-67.66241086,11.98120487],[-67.66312385,11.97977543],[-67.66098511,11.97785747],[-67.65820491,11.97778785],[-67.65656507,11.98040295],[-67.65603054,11.97796226],[-67.64943624,11.97513783],[-67.6481173,11.97485876],[-67.64177251,11.97590494],[-67.63802981,11.97559106],[-67.63596272,11.97520745],[-67.63532114,11.9747194],[-67.63318241,11.97102332],[-67.63924205,11.97370815],[-67.65007806,11.97269702],[-67.65752792,11.97478914],[-67.66722345,11.97580028],[-67.68019831,11.98371553]],[[-67.44881892,11.94181561],[-67.44589186,11.94304955],[-67.43933332,11.94239461],[-67.43646276,11.94438887],[-67.43750644,11.94623256],[-67.43717122,11.94652843],[-67.43618238,11.9469285],[-67.43582726,11.94694984],[-67.43504655,11.94590175],[-67.43093193,11.94515455],[-67.42809868,11.94598985],[-67.42672181,11.94792724],[-67.42378187,11.94605756],[-67.415434,11.94546151],[-67.41464722,11.94522965],[-67.413643,11.94350564],[-67.41370535,11.94320774],[-67.41597581,11.94174337],[-67.41595745,11.94317806],[-67.42628717,11.94460845],[-67.4338696,11.94155157],[-67.43570161,11.94059944],[-67.43979597,11.94007993],[-67.44072616,11.94008732],[-67.44596171,11.94047046],[-67.44881892,11.94181561]],[[-66.95623243,11.83141553],[-66.9548763,11.83138525],[-66.95461285,11.83195806],[-66.95301938,11.83348835],[-66.95174444,11.83317316],[-66.95098197,11.83168995],[-66.95060396,11.83096075],[-66.95060992,11.83063006],[-66.95189416,11.82909477],[-66.95104396,11.82558835],[-66.95619714,11.83093333],[-66.95623243,11.83141553]],[[-66.94839215,11.823843],[-66.94546556,11.82489502],[-66.94186556,11.81985366],[-66.93799531,11.81898844],[-66.93085516,11.8233304],[-66.92897022,11.82217455],[-66.93090916,11.81939745],[-66.93886864,11.81760204],[-66.94706655,11.82006145],[-66.94839215,11.823843]],[[-66.94139135,11.8493998],[-66.94080365,11.85069704],[-66.93815565,11.85184145],[-66.93511295,11.85180891],[-66.93344462,11.85152924],[-66.92932618,11.84948146],[-66.92592454,11.84708512],[-66.92084086,11.83913887],[-66.92051923,11.83761644],[-66.9222368,11.83648217],[-66.9227488,11.83645642],[-66.92400503,11.83805931],[-66.92720556,11.84586716],[-66.93066394,11.8486433],[-66.93102026,11.84884727],[-66.93305635,11.84925902],[-66.93856883,11.84744966],[-66.94123507,11.84887195],[-66.94139135,11.8493998]],[[-66.94081104,11.87994146],[-66.94080615,11.88062358],[-66.93920624,11.88265824],[-66.93885934,11.88245058],[-66.93752766,11.88019097],[-66.93751025,11.87845981],[-66.93764246,11.87793374],[-66.93910873,11.87670684],[-66.93946385,11.87668991],[-66.94081104,11.87994146]],[[-66.89568603,11.79334283],[-66.89513957,11.79494095],[-66.89355207,11.79548883],[-66.89216173,11.79775977],[-66.8905642,11.79712784],[-66.89014852,11.79617298],[-66.89029253,11.79327023],[-66.89065385,11.79303586],[-66.89568603,11.79334283]],[[-66.89549065,11.89574361],[-66.88711786,11.89927447],[-66.87844491,11.89822555],[-66.85974884,11.8958739],[-66.85740495,11.89700365],[-66.85630834,11.89701915],[-66.85446096,11.89665055],[-66.85077262,11.89462984],[-66.85161936,11.89327562],[-66.84938693,11.89030611],[-66.84958601,11.89011097],[-66.85321057,11.89264655],[-66.86467135,11.89551234],[-66.86554742,11.89572775],[-66.87510908,11.89623475],[-66.88176656,11.89812887],[-66.88710225,11.89818835],[-66.89201403,11.89355123],[-66.8940109,11.89371145],[-66.89549065,11.89574361]],[[-66.89317048,11.80398965],[-66.89236844,11.80560195],[-66.88872385,11.80273044],[-66.88956451,11.80061758],[-66.89023042,11.80030096],[-66.89235807,11.80233645],[-66.89317048,11.80398965]],[[-66.88229477,11.78625596],[-66.88213325,11.78799415],[-66.88113701,11.78746664],[-66.88102674,11.78675854],[-66.88115156,11.78523314],[-66.88170195,11.78520966],[-66.88229477,11.78625596]],[[-66.85779345,11.74689901],[-66.85767055,11.74739933],[-66.85592234,11.74830127],[-66.85461187,11.74528491],[-66.84286523,11.73940885],[-66.80305254,11.74339116],[-66.796875,11.74581456],[-66.78901136,11.74875212],[-66.7880882,11.75193524],[-66.78479815,11.75135386],[-66.78343916,11.75179291],[-66.78286374,11.75209963],[-66.7770735,11.75722611],[-66.77109635,11.75951517],[-66.77031255,11.76100278],[-66.76769447,11.76088405],[-66.76221704,11.76394081],[-66.76131058,11.76560605],[-66.75708485,11.76707065],[-66.75412345,11.7699095],[-66.75115955,11.77075636],[-66.74683714,11.77355337],[-66.74569023,11.77581477],[-66.73733163,11.77734375],[-66.73178434,11.77751815],[-66.73049402,11.77734375],[-66.72652507,11.77574551],[-66.72425222,11.77596331],[-66.72177517,11.77331924],[-66.73385465,11.77591908],[-66.74377203,11.77365744],[-66.7596724,11.76224017],[-66.76121223,11.76265383],[-66.76708186,11.75925624],[-66.77434695,11.75713277],[-66.78545356,11.74830592],[-66.796875,11.74414062],[-66.8004564,11.74277484],[-66.81751382,11.74076235],[-66.84143043,11.73612165],[-66.84836626,11.73783171],[-66.84977734,11.74019575],[-66.85120463,11.74131882],[-66.85573077,11.74305403],[-66.85764766,11.74545741],[-66.85779345,11.74689901]],[[-66.8532598,11.87012446],[-66.85284865,11.87084651],[-66.85175514,11.87045252],[-66.84349215,11.86799777],[-66.84332514,11.86777568],[-66.84351575,11.86677074],[-66.84366524,11.86651194],[-66.84567821,11.86586952],[-66.84748638,11.86764324],[-66.85049808,11.86698163],[-66.85252976,11.86750352],[-66.85270631,11.86772406],[-66.8532598,11.87012446]],[[-66.85048687,11.88352966],[-66.85025406,11.88443434],[-66.84942114,11.88471532],[-66.84567654,11.88478482],[-66.84562206,11.88443887],[-66.84634078,11.88318455],[-66.84771061,11.88270795],[-66.84917748,11.88265824],[-66.85048687,11.88352966]],[[-66.84754872,11.88859844],[-66.84518886,11.89017725],[-66.84419894,11.89000535],[-66.84340966,11.88854516],[-66.84334886,11.88824892],[-66.84053814,11.88774264],[-66.84240687,11.88264966],[-66.84361601,11.88296938],[-66.84480035,11.88682544],[-66.84754872,11.88859844]],[[-66.83961058,11.91297185],[-66.83950901,11.91356707],[-66.83905232,11.91393447],[-66.8328495,11.91492474],[-66.83034253,11.91444027],[-66.83053076,11.91394985],[-66.83217454,11.91180444],[-66.83310533,11.91110873],[-66.83703124,11.91022515],[-66.83797014,11.91033256],[-66.83894455,11.91077793],[-66.83917451,11.91112947],[-66.83961058,11.91297185]],[[-66.82722378,11.88778865],[-66.82573235,11.88842082],[-66.82218564,11.88773036],[-66.82190537,11.88744533],[-66.82382715,11.88581336],[-66.82522404,11.88564086],[-66.82616591,11.8859812],[-66.82722378,11.88778865]],[[-66.82684004,11.91303146],[-66.82580304,11.91410041],[-66.82384253,11.91388595],[-66.82275367,11.91363657],[-66.82206297,11.91315401],[-66.82193196,11.91254711],[-66.82228506,11.91215587],[-66.82649147,11.91198111],[-66.82684004,11.91303146]],[[-66.82308686,11.86536455],[-66.82113564,11.86656916],[-66.82054412,11.86656272],[-66.81335235,11.86502671],[-66.79762244,11.86543715],[-66.796875,11.86523426],[-66.796875,11.86495531],[-66.79157782,11.86459243],[-66.78705025,11.86283791],[-66.78671968,11.86279023],[-66.77472424,11.86197794],[-66.7710793,11.86031652],[-66.76922953,11.86213565],[-66.76888025,11.86211336],[-66.76539075,11.86157715],[-66.75967884,11.85950315],[-66.74454653,11.8619132],[-66.73188365,11.86140406],[-66.7197479,11.86272323],[-66.71272981,11.86544645],[-66.70947385,11.86466491],[-66.70800936,11.85989571],[-66.70996213,11.85455501],[-66.71559715,11.84989655],[-66.7142359,11.84805405],[-66.71599996,11.84486866],[-66.71668696,11.84607852],[-66.71577108,11.84874892],[-66.7178992,11.84896111],[-66.71887267,11.84765434],[-66.72249234,11.84897363],[-66.72490704,11.84670007],[-66.7265346,11.84668481],[-66.72722447,11.84814525],[-66.72496605,11.84917235],[-66.72786331,11.85053134],[-66.72790432,11.85367155],[-66.72983134,11.85216761],[-66.7313714,11.85348856],[-66.73294938,11.85255945],[-66.73413634,11.85399056],[-66.73283684,11.85521841],[-66.7286216,11.85519671],[-66.72297525,11.85246325],[-66.71571624,11.85427284],[-66.71358216,11.85783815],[-66.71507812,11.86074615],[-66.71802175,11.85886371],[-66.72082365,11.86116445],[-66.72125041,11.86017704],[-66.72637784,11.86082137],[-66.72788775,11.85887742],[-66.73052478,11.85976052],[-66.73957658,11.85860825],[-66.74282551,11.86042893],[-66.74679554,11.86005545],[-66.74820864,11.85893381],[-66.74857295,11.8539741],[-66.74965274,11.85322475],[-66.75406563,11.85331094],[-66.75544775,11.85430706],[-66.75914502,11.85329962],[-66.75943196,11.85735548],[-66.76331496,11.85638011],[-66.76582515,11.85741484],[-66.76421475,11.85883737],[-66.77547002,11.86008644],[-66.77632463,11.85760784],[-66.77493584,11.85756075],[-66.77482486,11.85622895],[-66.77993274,11.85340846],[-66.78214431,11.85050881],[-66.78666675,11.84971225],[-66.79082274,11.85004008],[-66.79167843,11.85139513],[-66.787696,11.85281575],[-66.78697658,11.8582201],[-66.78551257,11.85635865],[-66.78635573,11.85375965],[-66.78547466,11.85246992],[-66.78207827,11.85480595],[-66.78286397,11.8560518],[-66.78140724,11.85612357],[-66.78122103,11.85752094],[-66.78147435,11.85792065],[-66.78319228,11.86019266],[-66.78358793,11.86041355],[-66.79645717,11.86398256],[-66.796875,11.86383915],[-66.80645561,11.86198425],[-66.8173089,11.86446106],[-66.82070553,11.86236453],[-66.82308686,11.86536455]],[[-66.8168118,11.85275674],[-66.81491601,11.85466671],[-66.81094718,11.85378027],[-66.81290972,11.85172868],[-66.81520796,11.85189664],[-66.8168118,11.85275674]],[[-66.80543625,11.89745247],[-66.80319357,11.89736116],[-66.79999244,11.89485681],[-66.7998023,11.89448476],[-66.79971683,11.89177251],[-66.80297697,11.89046848],[-66.80443835,11.89063954],[-66.80456066,11.89093185],[-66.80407608,11.89448905],[-66.80489635,11.89715195],[-66.80543625,11.89745247]],[[-66.80171335,11.88868213],[-66.796875,11.88958883],[-66.796875,11.88950884],[-66.79276645,11.88589275],[-66.79245865,11.88578856],[-66.78675807,11.88431466],[-66.78049612,11.88637781],[-66.77849293,11.88512814],[-66.77141833,11.88585675],[-66.76979184,11.88176],[-66.76992643,11.88098514],[-66.77153373,11.88032687],[-66.77249396,11.88043213],[-66.7744323,11.88182795],[-66.78104234,11.88227975],[-66.78909755,11.88034606],[-66.78946793,11.88054764],[-66.78971136,11.88154113],[-66.78731465,11.88141561],[-66.78604007,11.88267303],[-66.79054523,11.88331854],[-66.78994918,11.88169336],[-66.78965533,11.88061535],[-66.79060531,11.88010645],[-66.79660714,11.88686931],[-66.796875,11.88699782],[-66.80171335,11.88868213]],[[-66.79823232,11.85521507],[-66.79728031,11.85691011],[-66.796875,11.85686386],[-66.79502988,11.85859776],[-66.79328084,11.85817826],[-66.79278135,11.85703385],[-66.79267263,11.85399985],[-66.79276466,11.85349846],[-66.79439473,11.85216975],[-66.796875,11.85351563],[-66.796875,11.85379457],[-66.79810917,11.85473144],[-66.79823232,11.85521507]],[[-66.77330053,11.85580265],[-66.77240753,11.85716987],[-66.77058017,11.85647404],[-66.76917911,11.85654736],[-66.76898265,11.85636747],[-66.76912773,11.85424924],[-66.76639783,11.85691273],[-66.76584625,11.85668135],[-66.76617384,11.85598397],[-66.76943696,11.85333288],[-66.77152216,11.85368764],[-66.77330053,11.85580265]],[[-66.75609565,11.93035388],[-66.75600433,11.93136096],[-66.75534594,11.93277895],[-66.75415206,11.93340588],[-66.75254226,11.93390071],[-66.74905527,11.93354344],[-66.74633265,11.93221176],[-66.74867582,11.93117964],[-66.74883914,11.93067575],[-66.74836803,11.92956614],[-66.74583375,11.9294852],[-66.74842346,11.92833924],[-66.75157964,11.93047214],[-66.75516975,11.92943335],[-66.75567901,11.92951703],[-66.75609565,11.93035388]],[[-66.74892151,11.90523553],[-66.74883103,11.90569186],[-66.74561358,11.90574622],[-66.74552155,11.90535104],[-66.74772465,11.90412104],[-66.74836016,11.90407836],[-66.74892151,11.90523553]],[[-66.74570632,11.92346835],[-66.74480474,11.92574835],[-66.74334443,11.92639792],[-66.73960161,11.92433691],[-66.73858881,11.92378068],[-66.73636413,11.92157805],[-66.73815107,11.92062748],[-66.73895192,11.92062664],[-66.74539685,11.92309153],[-66.74570632,11.92346835]],[[-66.74056125,11.90320766],[-66.73256922,11.89729345],[-66.73239863,11.89354527],[-66.72988617,11.88810563],[-66.72612464,11.89065433],[-66.72544944,11.88514745],[-66.72468162,11.88944685],[-66.72275615,11.88960993],[-66.7228868,11.88407135],[-66.72294486,11.8837862],[-66.72400463,11.88208437],[-66.72510052,11.88071573],[-66.72621036,11.88062835],[-66.72665477,11.88098085],[-66.72746027,11.88299882],[-66.73197103,11.88450694],[-66.73497021,11.89025748],[-66.73464513,11.89744175],[-66.73817575,11.89952326],[-66.74056125,11.90320766]],[[-66.73930776,11.84377265],[-66.73762691,11.84517574],[-66.73606014,11.84479284],[-66.73320746,11.84502172],[-66.73254466,11.84480536],[-66.73215854,11.84428191],[-66.73219645,11.84238577],[-66.73395944,11.84236968],[-66.73561573,11.84414697],[-66.73745263,11.84296954],[-66.73930776,11.84377265]],[[-66.73379326,11.92088497],[-66.73242486,11.92426956],[-66.73213828,11.92442024],[-66.7313776,11.92432535],[-66.72991395,11.92319274],[-66.72976756,11.92280507],[-66.72961438,11.92111003],[-66.73083305,11.91903341],[-66.73147225,11.91882646],[-66.73379326,11.92088497]],[[-66.72976613,11.87201917],[-66.72456098,11.87600076],[-66.72371304,11.87638414],[-66.72107208,11.87630093],[-66.72013795,11.87520146],[-66.71880531,11.87699497],[-66.71769977,11.87542045],[-66.71619213,11.87344992],[-66.71764135,11.87314403],[-66.71932554,11.87434685],[-66.71965885,11.87137473],[-66.71675015,11.87243414],[-66.71704853,11.87170565],[-66.71845245,11.86945307],[-66.72300518,11.8714509],[-66.72976613,11.87201917]],[[-66.72457302,11.85608745],[-66.72425377,11.85801375],[-66.7220031,11.85732114],[-66.72178972,11.85701954],[-66.72108781,11.85559177],[-66.72115123,11.85529041],[-66.72237313,11.85469091],[-66.72286105,11.85459757],[-66.72435975,11.85591948],[-66.72457302,11.85608745]],[[-66.71871436,11.77297914],[-66.71862602,11.77436423],[-66.71557546,11.77179802],[-66.71580493,11.77163041],[-66.71871436,11.77297914]],[[-66.70541465,11.76777017],[-66.70168567,11.76582158],[-66.70146847,11.76554513],[-66.70157695,11.76411843],[-66.70416021,11.76471305],[-66.70496655,11.76535773],[-66.70541465,11.76777017]],[[-66.70399582,11.87026727],[-66.7021842,11.87195194],[-66.69993734,11.87166095],[-66.69965053,11.87145376],[-66.69951725,11.86823344],[-66.70008481,11.86719322],[-66.70099723,11.86732245],[-66.70389164,11.86976075],[-66.70399582,11.87026727]],[[-66.70103395,11.76545656],[-66.70033371,11.76557696],[-66.69476998,11.76531613],[-66.69306064,11.76475811],[-66.69103992,11.76194966],[-66.68500245,11.76094961],[-66.67415345,11.75673425],[-66.67373037,11.75663126],[-66.67128468,11.75691235],[-66.66955793,11.75824475],[-66.66612935,11.75777912],[-66.66379857,11.75942063],[-66.66244495,11.75879085],[-66.6605618,11.76107132],[-66.65822196,11.76036143],[-66.65624726,11.76057315],[-66.65128291,11.76250374],[-66.64978766,11.76177168],[-66.64735127,11.76362312],[-66.64283991,11.76387715],[-66.64138937,11.76469481],[-66.64131975,11.76684833],[-66.63856626,11.76700497],[-66.63755763,11.77187347],[-66.63277495,11.77263248],[-66.63141704,11.77414155],[-66.63169324,11.77641463],[-66.63134313,11.77663302],[-66.62930834,11.77702093],[-66.62820208,11.77628005],[-66.62821615,11.77734375],[-66.62779415,11.77734375],[-66.62681031,11.78011787],[-66.62656045,11.7900238],[-66.62105727,11.79153121],[-66.6194483,11.78992784],[-66.61738324,11.79850471],[-66.61647844,11.79875147],[-66.61525476,11.79673862],[-66.61305392,11.79817355],[-66.61323524,11.79989386],[-66.61512065,11.80171025],[-66.61600864,11.80056977],[-66.61878896,11.80118418],[-66.61868346,11.80507624],[-66.62173617,11.81094825],[-66.62118351,11.82100606],[-66.61764002,11.82422996],[-66.61679673,11.82441807],[-66.61463737,11.82391822],[-66.61289823,11.82187498],[-66.61061704,11.81111658],[-66.61046636,11.81069875],[-66.60727072,11.80741727],[-66.6064831,11.80328858],[-66.60660183,11.80217385],[-66.60723341,11.79563785],[-66.60597527,11.79345226],[-66.60544431,11.79514492],[-66.60355425,11.79516363],[-66.60437346,11.79638803],[-66.60302556,11.79736066],[-66.60390162,11.79884696],[-66.60063565,11.80220306],[-66.59917331,11.80227983],[-66.5984745,11.80421484],[-66.59884095,11.80589676],[-66.60161245,11.80679953],[-66.59979725,11.80696917],[-66.59859824,11.80850863],[-66.59850085,11.80952966],[-66.59992504,11.80984223],[-66.59907413,11.81203186],[-66.59998477,11.81474805],[-66.59984612,11.8152374],[-66.59700882,11.81596911],[-66.59538555,11.81508124],[-66.59455526,11.81710255],[-66.59610271,11.81833732],[-66.59717667,11.8207736],[-66.59699774,11.8212707],[-66.59571743,11.82254457],[-66.59428418,11.82259297],[-66.59275937,11.81970215],[-66.59399044,11.81733203],[-66.59219182,11.81820965],[-66.59114087,11.81801403],[-66.59025145,11.81746912],[-66.58750951,11.81346655],[-66.58739996,11.81311655],[-66.58670676,11.80593646],[-66.58782542,11.80541146],[-66.588081,11.80065393],[-66.59092855,11.79420543],[-66.59115624,11.79391241],[-66.59325945,11.79281676],[-66.59570468,11.79327536],[-66.5956943,11.79369116],[-66.59221172,11.79499924],[-66.59122336,11.79779601],[-66.59337914,11.79693735],[-66.59643757,11.79845488],[-66.59611511,11.79282892],[-66.59495544,11.79044235],[-66.59258485,11.78943241],[-66.59723425,11.784428],[-66.59728563,11.77734375],[-66.59716237,11.77734375],[-66.59714794,11.77586103],[-66.59837735,11.77386391],[-66.59893036,11.77347386],[-66.60370541,11.77234662],[-66.60338473,11.77382314],[-66.60098875,11.77452564],[-66.60596132,11.77542114],[-66.60610986,11.77578545],[-66.60513937,11.77734375],[-66.60034835,11.78333545],[-66.60082603,11.78498173],[-66.60202312,11.78322935],[-66.60679412,11.78064191],[-66.60926092,11.77734375],[-66.61019337,11.77155983],[-66.60900915,11.76623094],[-66.60873985,11.76611686],[-66.6068449,11.76669407],[-66.60201597,11.76515424],[-66.60140622,11.76535666],[-66.60065866,11.76622653],[-66.60144114,11.76710761],[-66.59924805,11.76742828],[-66.59816372,11.76927805],[-66.59496868,11.76923835],[-66.59485745,11.77316797],[-66.59203064,11.77474141],[-66.59258664,11.77578127],[-66.59565115,11.7758373],[-66.59288895,11.77734375],[-66.59215331,11.77734375],[-66.59063625,11.77843785],[-66.59022665,11.77844274],[-66.58958697,11.77734375],[-66.58918536,11.77734375],[-66.58945477,11.77416408],[-66.58749557,11.77226257],[-66.58287835,11.77503943],[-66.58202195,11.77421355],[-66.58567715,11.77038825],[-66.59246302,11.76677775],[-66.60576868,11.76221871],[-66.61049163,11.75954556],[-66.61215007,11.75895882],[-66.61488795,11.75895822],[-66.62715852,11.76003921],[-66.62997568,11.75899065],[-66.64589405,11.75862002],[-66.67308974,11.75148725],[-66.6834352,11.75759316],[-66.69960415,11.76344764],[-66.70084405,11.76474285],[-66.70103395,11.76545656]],[[-66.69889343,11.95794225],[-66.69808745,11.96000755],[-66.69678235,11.96222305],[-66.69578433,11.96237326],[-66.6901803,11.96057081],[-66.688645,11.96030796],[-66.68123674,11.96087122],[-66.67739844,11.95696592],[-66.67170393,11.953125],[-66.66897166,11.95132136],[-66.66860604,11.95123494],[-66.66511667,11.95290566],[-66.66514587,11.953125],[-66.66429055,11.953125],[-66.66222095,11.94948638],[-66.6648252,11.94876611],[-66.66558385,11.9462347],[-66.67022455,11.94484937],[-66.66989076,11.94376886],[-66.67034102,11.9431777],[-66.67131054,11.94285464],[-66.67266345,11.94299316],[-66.67669952,11.94479275],[-66.67707586,11.94502234],[-66.67975688,11.94807005],[-66.68182981,11.94874465],[-66.68238831,11.95040655],[-66.68501544,11.95041633],[-66.68874025,11.95296943],[-66.68926108,11.95342541],[-66.69858634,11.95647764],[-66.69889343,11.95794225]],[[-66.69617784,11.87234998],[-66.69589651,11.87286067],[-66.68752766,11.87613857],[-66.68366814,11.87565827],[-66.68328392,11.87393141],[-66.68382955,11.87347734],[-66.68525195,11.87230933],[-66.68342483,11.86988485],[-66.68262768,11.86635315],[-66.68270576,11.86536551],[-66.68366301,11.86180556],[-66.68426454,11.86130381],[-66.68988621,11.85978365],[-66.68943846,11.86423397],[-66.69171166,11.86418736],[-66.69189143,11.86531353],[-66.68941295,11.86864758],[-66.69071364,11.86838865],[-66.69169295,11.87035203],[-66.69584465,11.87143731],[-66.69612217,11.87156796],[-66.69617784,11.87234998]],[[-66.66392875,11.94010365],[-66.65945125,11.93731046],[-66.65933096,11.93373847],[-66.66120231,11.93207085],[-66.66200757,11.93198597],[-66.66312945,11.93333888],[-66.66392875,11.94010365]],[[-66.65957725,11.93222046],[-66.65793276,11.93370688],[-66.65762317,11.93585575],[-66.65684712,11.93575335],[-66.65274155,11.93513143],[-66.65387666,11.92831135],[-66.65431273,11.92809141],[-66.65487647,11.92812431],[-66.65957725,11.93222046]],[[-66.65433991,11.89367795],[-66.65253782,11.89379752],[-66.65054071,11.89383614],[-66.65000451,11.89361405],[-66.64822125,11.89166784],[-66.64788103,11.8916043],[-66.64521754,11.8922044],[-66.64553452,11.8933804],[-66.64513206,11.89338696],[-66.64271581,11.89150167],[-66.64030874,11.89227247],[-66.63987064,11.89213336],[-66.63604557,11.89058805],[-66.63427365,11.88948774],[-66.62720454,11.88315272],[-66.62679994,11.88177955],[-66.62786114,11.87894225],[-66.62907732,11.87751114],[-66.62964761,11.87751114],[-66.63491428,11.88019526],[-66.63672674,11.88331425],[-66.64255416,11.88370836],[-66.64647675,11.88253272],[-66.64608896,11.88426363],[-66.64753628,11.88535964],[-66.64841723,11.89044011],[-66.64867806,11.89080012],[-66.65128756,11.89157867],[-66.65141392,11.89066005],[-66.65179145,11.89067852],[-66.65304184,11.89110875],[-66.65397275,11.89211655],[-66.65433991,11.89367795]],[[-66.6502645,11.94823587],[-66.64943743,11.94958985],[-66.64840913,11.95008123],[-66.64795744,11.95000207],[-66.64714134,11.94893706],[-66.64866304,11.94713426],[-66.64990342,11.94734275],[-66.6502645,11.94823587]],[[-66.6502099,11.95155287],[-66.65003407,11.953125],[-66.64632738,11.953125],[-66.64610124,11.95148575],[-66.6461935,11.95093262],[-66.6502099,11.95155287]],[[-66.63321173,11.953125],[-66.63036025,11.953125],[-66.63136601,11.95247221],[-66.63186908,11.95236111],[-66.63321173,11.953125]],[[-66.6165843,11.84754765],[-66.61631823,11.86287725],[-66.61332583,11.86557186],[-66.60712504,11.85852361],[-66.60640955,11.85505021],[-66.60348022,11.85125804],[-66.60301936,11.84883034],[-66.60495245,11.84863973],[-66.60555935,11.84631491],[-66.60678506,11.84674776],[-66.60644782,11.84440565],[-66.60782683,11.84270346],[-66.61437035,11.84448075],[-66.61606884,11.84499073],[-66.6165843,11.84754765]],[[-66.60578954,11.84421241],[-66.60460567,11.84613884],[-66.60428905,11.84644473],[-66.60202074,11.84675944],[-66.59990442,11.84532988],[-66.59673905,11.84015751],[-66.59781206,11.83806992],[-66.59562647,11.83800733],[-66.59440994,11.83298933],[-66.59274995,11.83184886],[-66.59697032,11.82851624],[-66.59739876,11.82851231],[-66.6001513,11.83444846],[-66.59816384,11.83745193],[-66.59980202,11.83749032],[-66.60084331,11.84003186],[-66.60578954,11.84421241]],[[-66.20459676,11.81204987],[-66.20438564,11.81346941],[-66.20393682,11.81372321],[-66.19965458,11.81467116],[-66.18601894,11.81404054],[-66.16199374,11.81499696],[-66.16417635,11.81366456],[-66.16326296,11.81317091],[-66.16234875,11.81445301],[-66.15861273,11.81442654],[-66.15659463,11.81637287],[-66.14827836,11.81643558],[-66.12298465,11.82006288],[-66.11492777,11.82390904],[-66.10901272,11.82271004],[-66.10624385,11.82252491],[-66.10228884,11.81975675],[-66.10205865,11.81948054],[-66.10125244,11.81483185],[-66.10004675,11.81377614],[-66.09895182,11.80593824],[-66.09919763,11.80147874],[-66.10119343,11.79727113],[-66.10312903,11.79534125],[-66.10738754,11.78582692],[-66.11370885,11.77734375],[-66.11397755,11.77734375],[-66.11487091,11.77552223],[-66.12124503,11.76872373],[-66.12589514,11.76732862],[-66.12890625,11.76771748],[-66.12561905,11.76853621],[-66.12554193,11.76949787],[-66.13162732,11.76764941],[-66.14168715,11.76760995],[-66.14644742,11.76887965],[-66.15785158,11.77734375],[-66.15818882,11.77734375],[-66.15947282,11.77890897],[-66.16353834,11.77932668],[-66.16429913,11.77969313],[-66.17213631,11.78413153],[-66.17994773,11.78937066],[-66.18578684,11.79464674],[-66.19122934,11.79789543],[-66.19308186,11.8008008],[-66.19818032,11.80244887],[-66.20424402,11.81093895],[-66.20459676,11.81204987]],[[-66.14419961,11.81805003],[-66.13580632,11.82226562],[-66.13311553,11.8222692],[-66.13285995,11.82172501],[-66.13283801,11.82121456],[-66.13400435,11.82057631],[-66.14391518,11.8178606],[-66.14419961,11.81805003]],[[-66.12685394,11.83225358],[-66.12464547,11.83403265],[-66.12440181,11.83464372],[-66.12559712,11.83499753],[-66.12535155,11.83599007],[-66.12200725,11.84037471],[-66.12247014,11.83746743],[-66.12081134,11.83536005],[-66.12102771,11.83414185],[-66.12114763,11.83382797],[-66.12442482,11.83070195],[-66.12489057,11.83046722],[-66.12628675,11.83045757],[-66.12684894,11.83068395],[-66.12685394,11.83225358]],[[-66.12100947,11.82628286],[-66.11841524,11.82676184],[-66.11677062,11.82841837],[-66.11237288,11.82909191],[-66.10953391,11.83380151],[-66.10674226,11.83378983],[-66.10490251,11.83727396],[-66.10289526,11.83774614],[-66.10014904,11.8367455],[-66.09821177,11.83784997],[-66.09757054,11.84084785],[-66.09594262,11.84198356],[-66.09510136,11.84364772],[-66.09375,11.84709823],[-66.09375,11.84765625],[-66.09210062,11.85185552],[-66.09222913,11.85264337],[-66.09375,11.85546875],[-66.09675407,11.85507977],[-66.09972322,11.8575958],[-66.09964538,11.86252117],[-66.10317302,11.86651576],[-66.10336196,11.86847997],[-66.09889615,11.87094462],[-66.09375,11.86774552],[-66.0925529,11.86706865],[-66.09106314,11.86677218],[-66.09095585,11.86635351],[-66.09225404,11.86251295],[-66.09188032,11.85630441],[-66.08883512,11.85194445],[-66.09210694,11.84611046],[-66.09375,11.84151781],[-66.09375,11.84068084],[-66.09674025,11.83307755],[-66.09835875,11.82994652],[-66.10126591,11.82668555],[-66.10091841,11.82419252],[-66.10126746,11.8239814],[-66.10195231,11.82387865],[-66.10811937,11.82832694],[-66.11242211,11.82793272],[-66.11446691,11.8255496],[-66.11729002,11.82578552],[-66.11919093,11.82426262],[-66.11971617,11.82432675],[-66.12100947,11.82628286]],[[-66.11981094,11.8536514],[-66.11938024,11.85605276],[-66.11059451,11.86432087],[-66.11050153,11.86311448],[-66.11410475,11.86007142],[-66.11510861,11.85810065],[-66.11552417,11.857131],[-66.11543953,11.85349286],[-66.11672986,11.85282361],[-66.11809421,11.85286212],[-66.11954737,11.85325885],[-66.11981094,11.8536514]],[[-65.88963044,10.29391634],[-65.88845468,10.29391181],[-65.8879745,10.29377925],[-65.8849653,10.29066145],[-65.88494825,10.29004025],[-65.88637197,10.28951502],[-65.88772845,10.28988135],[-65.88941646,10.29197514],[-65.88963044,10.29391634]],[[-65.85052848,10.27069712],[-65.85005271,10.27126992],[-65.84848738,10.27046561],[-65.8481276,10.26996446],[-65.84807396,10.26939666],[-65.84853172,10.26855636],[-65.84929287,10.26842737],[-65.84958458,10.2686491],[-65.85052848,10.27069712]],[[-65.84635627,10.27355707],[-65.8461287,10.27546954],[-65.84497046,10.27626574],[-65.84468853,10.27616572],[-65.83797133,10.27275205],[-65.83739054,10.27165985],[-65.83599532,10.26929665],[-65.83824635,10.26929474],[-65.84089315,10.27154314],[-65.84272933,10.27055192],[-65.84310436,10.27063203],[-65.84355831,10.27151132],[-65.84391606,10.27277291],[-65.84635627,10.27355707]],[[-65.83182538,10.26996732],[-65.83065891,10.27030182],[-65.83023596,10.27017558],[-65.82767332,10.26863766],[-65.82755792,10.26832771],[-65.82837307,10.26761484],[-65.82866585,10.26761413],[-65.83138216,10.2691797],[-65.83182538,10.26996732]],[[-65.75351345,10.22474873],[-65.75334692,10.22643101],[-65.75318217,10.22665703],[-65.75149643,10.22736716],[-65.75171125,10.22562861],[-65.75147724,10.22528636],[-65.74849021,10.22443676],[-65.7483294,10.22308576],[-65.748564,10.22262084],[-65.75140166,10.22265625],[-65.75351345,10.22474873]],[[-65.74962103,10.23924506],[-65.7487148,10.23932564],[-65.7454648,10.23834801],[-65.7428472,10.23652291],[-65.74962103,10.23924506]],[[-65.43806064,10.96526897],[-65.43792355,10.96632826],[-65.43733084,10.96733391],[-65.43299186,10.97102201],[-65.43108916,10.97212434],[-65.42910743,10.97189498],[-65.42872632,10.97167921],[-65.43033934,10.96924675],[-65.42820108,10.96273446],[-65.43780613,10.96490264],[-65.43806064,10.96526897]],[[-65.42429376,10.97335315],[-65.41987514,10.97686875],[-65.41636825,10.97608316],[-65.41370165,10.97309351],[-65.41312432,10.97104466],[-65.41332996,10.97043216],[-65.41370416,10.97049177],[-65.41560435,10.97277021],[-65.41584885,10.97227323],[-65.41469371,10.96953774],[-65.41531158,10.96942425],[-65.41585398,10.96968806],[-65.42357886,10.97156847],[-65.42429376,10.97335315]],[[-65.42188895,10.92388976],[-65.42024362,10.93243861],[-65.41953886,10.93352103],[-65.41732276,10.93585861],[-65.41007245,10.93899095],[-65.40978408,10.93927467],[-65.40834558,10.94444335],[-65.40012383,10.94924831],[-65.39469898,10.95671105],[-65.39342356,10.95794928],[-65.390625,10.95982134],[-65.38491547,10.96265316],[-65.38141024,10.96593034],[-65.37817585,10.96754265],[-65.37338114,10.9683696],[-65.37212086,10.97111297],[-65.36829138,10.97269356],[-65.36660445,10.97558641],[-65.35553336,10.97681201],[-65.34967053,10.97539413],[-65.34547424,10.97860956],[-65.34499335,10.98057628],[-65.34459126,10.98072004],[-65.34293747,10.98099196],[-65.33944798,10.98099673],[-65.3124758,10.97681201],[-65.30879271,10.98042226],[-65.31012726,10.98421454],[-65.31013405,10.98452115],[-65.30914867,10.98604238],[-65.30817616,10.98654973],[-65.30777645,10.98643875],[-65.30405414,10.98403704],[-65.29529726,10.97605598],[-65.27935934,10.96682632],[-65.24976671,10.95361614],[-65.23891735,10.95208025],[-65.23372006,10.95013845],[-65.22793186,10.95168126],[-65.22536051,10.95411253],[-65.22444665,10.95717216],[-65.22584105,10.95927095],[-65.22728956,10.95937395],[-65.22798824,10.96226954],[-65.22547472,10.96477401],[-65.22194874,10.96341908],[-65.21624422,10.95944643],[-65.21423185,10.95718765],[-65.21362412,10.95528436],[-65.21375954,10.95411921],[-65.2145859,10.95234954],[-65.21515691,10.95209253],[-65.21589923,10.95204306],[-65.21640027,10.9525907],[-65.21557045,10.95680165],[-65.22250855,10.96201372],[-65.22485578,10.96281505],[-65.22500861,10.96250343],[-65.22248852,10.95815575],[-65.22216165,10.95196235],[-65.22372603,10.94868684],[-65.22322071,10.94491637],[-65.21836686,10.93768323],[-65.21010363,10.92998636],[-65.20864201,10.93022561],[-65.20223391,10.92529392],[-65.20068443,10.92040133],[-65.20443606,10.91756403],[-65.20123661,10.91282356],[-65.20100617,10.90919697],[-65.19639003,10.90982866],[-65.19830024,10.90664554],[-65.19869304,10.90632916],[-65.20268881,10.90364552],[-65.20631051,10.90265203],[-65.20929074,10.90209591],[-65.20958924,10.90209877],[-65.22519863,10.90449941],[-65.22817886,10.90220892],[-65.23719788,10.90060556],[-65.24056435,10.8984375],[-65.24096954,10.8984375],[-65.24478376,10.89635634],[-65.24528944,10.89622211],[-65.2464807,10.89647591],[-65.24668014,10.89694846],[-65.24522924,10.8984375],[-65.24363971,10.90081978],[-65.24057114,10.9009881],[-65.23328376,10.90348268],[-65.23265541,10.90421867],[-65.23270512,10.90490377],[-65.2364434,10.90485477],[-65.2439748,10.90255582],[-65.24667513,10.90144873],[-65.25113034,10.89855933],[-65.25108004,10.8984375],[-65.25147665,10.8984375],[-65.25541782,10.89618814],[-65.25601196,10.89547551],[-65.25536644,10.89521372],[-65.24916101,10.89556646],[-65.25410771,10.89275181],[-65.25821304,10.89383185],[-65.26824653,10.89101863],[-65.27850854,10.89362156],[-65.28788447,10.88997734],[-65.29271746,10.89055288],[-65.30059302,10.88928235],[-65.30444467,10.89110994],[-65.30898833,10.89080381],[-65.31087005,10.89382422],[-65.31588531,10.89759398],[-65.32476842,10.89680874],[-65.32729816,10.8984375],[-65.32781553,10.8984375],[-65.33112347,10.89989615],[-65.33714175,10.90046394],[-65.33930612,10.90240633],[-65.34669101,10.90470004],[-65.35272372,10.90832317],[-65.36072946,10.90810537],[-65.36237454,10.91265404],[-65.36286914,10.91306674],[-65.36957133,10.91622543],[-65.37373924,10.91750777],[-65.37469542,10.91761625],[-65.37792945,10.9169991],[-65.37912965,10.91578972],[-65.38192201,10.91659415],[-65.38252544,10.91886151],[-65.38314724,10.91949487],[-65.38489711,10.91990077],[-65.38566411,10.91995955],[-65.38789618,10.91826963],[-65.390625,10.91824782],[-65.39386797,10.91776085],[-65.39443326,10.91787887],[-65.39669836,10.91884685],[-65.3998543,10.92077076],[-65.40003324,10.92379618],[-65.40315485,10.92448044],[-65.40403986,10.92461705],[-65.40958262,10.92345572],[-65.41234565,10.92329252],[-65.41373611,10.92427826],[-65.41491246,10.92432415],[-65.42182505,10.92347026],[-65.42188895,10.92388976]],[[-65.38747454,10.99856067],[-65.38733661,10.99884725],[-65.38603032,10.99942327],[-65.38508284,10.99938607],[-65.37797844,10.99913347],[-65.37631273,10.99832213],[-65.37602055,10.99766743],[-65.37637234,10.99360013],[-65.37313116,10.99240196],[-65.37305856,10.99127316],[-65.37331021,10.99028873],[-65.37715352,10.98919845],[-65.37749875,10.98938382],[-65.37928176,10.99618936],[-65.38415766,10.99745154],[-65.38325691,10.9953618],[-65.38414896,10.99499846],[-65.38708115,10.99693096],[-65.38747454,10.99856067]],[[-65.05443418,10.05949175],[-65.04790533,10.06303227],[-65.0476675,10.06289172],[-65.04777491,10.06149852],[-65.04907095,10.06020665],[-65.04946971,10.06001043],[-65.05443418,10.05949175]],[[-64.97664261,10.16388297],[-64.976619,10.16421831],[-64.97005904,10.16709352],[-64.96099424,10.16600835],[-64.95813203,10.16605997],[-64.95533717,10.16771865],[-64.95307565,10.16735184],[-64.94451451,10.16513753],[-64.94259918,10.16434336],[-64.94172525,10.16304612],[-64.94173527,10.16225827],[-64.94203913,10.16173196],[-64.9488337,10.16019464],[-64.96017492,10.15939236],[-64.96383226,10.16036284],[-64.96545005,10.15930116],[-64.96684396,10.15764153],[-64.973122,10.16445243],[-64.97584832,10.16356647],[-64.97664261,10.16388297]],[[-64.94286334,10.15249515],[-64.94237494,10.15308082],[-64.93695927,10.15513384],[-64.93099964,10.153898],[-64.92702246,10.15429664],[-64.92258,10.1501466],[-64.91324735,10.14579034],[-64.91228795,10.14476335],[-64.91239858,10.14378023],[-64.91340375,10.14292932],[-64.91579354,10.14347637],[-64.91924691,10.14234793],[-64.92021251,10.14213395],[-64.92063606,10.14222515],[-64.92361855,10.14439535],[-64.92819285,10.14249742],[-64.93406701,10.14945352],[-64.94008064,10.14888084],[-64.94282365,10.15161955],[-64.94286334,10.15249515]],[[-64.82910192,10.13882196],[-64.82905138,10.13912177],[-64.82688081,10.14047146],[-64.82650042,10.14023197],[-64.82729351,10.13761854],[-64.82846653,10.13790476],[-64.82910192,10.13882196]],[[-64.76202154,10.25163353],[-64.76099002,10.2530086],[-64.76011908,10.25244021],[-64.75944865,10.25155175],[-64.75950646,10.25006914],[-64.76191521,10.25126243],[-64.76202154,10.25163353]],[[-64.76067615,10.29063582],[-64.75927007,10.29231036],[-64.75983906,10.29363143],[-64.75919914,10.29416418],[-64.75844204,10.29394746],[-64.75546706,10.291188],[-64.75500703,10.29036081],[-64.75562322,10.28867054],[-64.76067615,10.29063582]],[[-64.76010776,10.31017494],[-64.7581712,10.30877066],[-64.75808203,10.30801797],[-64.75848424,10.30765283],[-64.75938976,10.30787611],[-64.76010776,10.31017494]],[[-64.7566663,10.29527283],[-64.75349414,10.29835916],[-64.75074685,10.29846525],[-64.7482928,10.30213714],[-64.74724245,10.30653834],[-64.74259758,10.3104918],[-64.73991025,10.3148396],[-64.73819721,10.31494033],[-64.73646402,10.31508493],[-64.72914457,10.31358445],[-64.72526264,10.30994713],[-64.72827387,10.29963684],[-64.72798085,10.29747272],[-64.73209453,10.29032695],[-64.73167706,10.28856015],[-64.73392224,10.28029764],[-64.73988664,10.27652955],[-64.74155414,10.28123021],[-64.75366127,10.29050505],[-64.75345504,10.29321027],[-64.7566663,10.29527283]],[[-64.75437415,10.30712402],[-64.75245261,10.30796516],[-64.75028455,10.30708086],[-64.75023651,10.30675471],[-64.75084317,10.3062613],[-64.75182188,10.30614984],[-64.75437415,10.30712402]],[[-64.74824822,10.26829147],[-64.74788845,10.26883543],[-64.74443614,10.27312446],[-64.74371648,10.27295721],[-64.74208105,10.27252746],[-64.73986661,10.26971912],[-64.74021018,10.26767647],[-64.74119067,10.26666045],[-64.74156106,10.26641166],[-64.74813533,10.26641941],[-64.74824822,10.26829147]],[[-64.68543541,10.30450594],[-64.68521667,10.30547845],[-64.68414831,10.30580068],[-64.68383574,10.30566657],[-64.68357992,10.30405033],[-64.68478656,10.30232835],[-64.68505824,10.30224752],[-64.68543541,10.30450594]],[[-64.68321812,10.30048466],[-64.68120503,10.30368137],[-64.67942297,10.30479133],[-64.67600286,10.30344534],[-64.67409646,10.30093181],[-64.67394722,10.30055594],[-64.67459095,10.29890895],[-64.67687011,10.29853845],[-64.67837524,10.29707956],[-64.67886317,10.29608405],[-64.68020415,10.29152656],[-64.68036544,10.29676533],[-64.68191135,10.29759562],[-64.68321812,10.30048466]],[[-64.67452455,10.28856051],[-64.67349374,10.2897495],[-64.67153215,10.29049456],[-64.66629744,10.29081345],[-64.66454852,10.29240561],[-64.66576755,10.29626215],[-64.6690191,10.3003664],[-64.66579855,10.30394924],[-64.66195846,10.30308557],[-64.65305996,10.30390525],[-64.64752507,10.3002398],[-64.64578617,10.30185986],[-64.64060795,10.30190516],[-64.63721037,10.30515695],[-64.63540542,10.30590785],[-64.63455737,10.30552292],[-64.63351166,10.30460048],[-64.6333971,10.30426657],[-64.63372946,10.30210531],[-64.63294888,10.29915392],[-64.62557685,10.29610515],[-64.62286735,10.29635382],[-64.62843013,10.29171777],[-64.62879431,10.28949213],[-64.62601364,10.28993833],[-64.62248325,10.28855562],[-64.62156367,10.28922951],[-64.61760592,10.28814125],[-64.61679435,10.28701425],[-64.61465013,10.28732502],[-64.60990107,10.28568566],[-64.6095649,10.28351605],[-64.61199534,10.27941084],[-64.61552966,10.27966952],[-64.61724031,10.2815485],[-64.61974502,10.2814002],[-64.62028384,10.28346038],[-64.62115324,10.28237486],[-64.62277365,10.28261876],[-64.62425673,10.28050864],[-64.62926066,10.27946818],[-64.62963605,10.28240752],[-64.62751162,10.28346312],[-64.62681377,10.28529167],[-64.63543856,10.28509796],[-64.63615084,10.28726983],[-64.63778245,10.28801],[-64.63786566,10.28985214],[-64.64214635,10.28650057],[-64.64336646,10.28631365],[-64.64403784,10.28654695],[-64.64398336,10.28964913],[-64.64777112,10.2859652],[-64.65109014,10.28841722],[-64.65216303,10.28546846],[-64.65254486,10.28528452],[-64.65520716,10.28585863],[-64.65576482,10.28603625],[-64.65613556,10.28695858],[-64.65645504,10.28943563],[-64.65360212,10.29156125],[-64.65742242,10.29265594],[-64.66228235,10.29264903],[-64.6622889,10.2915405],[-64.66009176,10.29022467],[-64.65989888,10.28838468],[-64.66082788,10.28686404],[-64.66293347,10.28763926],[-64.66446555,10.28566205],[-64.66804075,10.28782713],[-64.67203867,10.28685963],[-64.67435086,10.28816605],[-64.67452455,10.28856051]],[[-64.64901984,11.84757245],[-64.64809954,11.85035765],[-64.64025712,11.85387695],[-64.63195074,11.86284506],[-64.63100398,11.86444044],[-64.62912273,11.86843264],[-64.62958884,11.87232065],[-64.62869537,11.87498868],[-64.62854695,11.87540603],[-64.62337554,11.88662434],[-64.62191176,11.89602685],[-64.61943161,11.89962018],[-64.61744857,11.89826167],[-64.61652756,11.89803421],[-64.60001361,11.89422607],[-64.59495223,11.89199054],[-64.5904752,11.88971424],[-64.57907033,11.88142574],[-64.56926882,11.87296593],[-64.56908214,11.87262773],[-64.56722665,11.86748922],[-64.56824398,11.86415148],[-64.56812203,11.86383665],[-64.56634605,11.86376226],[-64.56349945,11.85897911],[-64.56325757,11.85833955],[-64.56246924,11.85133648],[-64.56010616,11.84727585],[-64.55796516,11.84002244],[-64.55863762,11.83076036],[-64.56099725,11.82864177],[-64.56051922,11.82739651],[-64.56271768,11.82267451],[-64.56293225,11.81834221],[-64.56756401,11.81036973],[-64.56988537,11.80890191],[-64.57155132,11.80862033],[-64.57216036,11.8100394],[-64.58049166,11.80962706],[-64.58562446,11.80910075],[-64.58607686,11.8085103],[-64.58756745,11.80765843],[-64.58953714,11.80939102],[-64.59465778,11.81071305],[-64.600389,11.82082295],[-64.60573316,11.81883371],[-64.60649884,11.81598413],[-64.60935426,11.8150835],[-64.61384106,11.81677771],[-64.61502576,11.81967747],[-64.62372684,11.81974745],[-64.62688756,11.81698406],[-64.63576913,11.82209528],[-64.63966727,11.82197106],[-64.64501595,11.82547426],[-64.64612627,11.83272874],[-64.64419055,11.83997691],[-64.64570045,11.84383655],[-64.64901984,11.84757245]],[[-64.64321041,10.25767112],[-64.64253414,10.25921762],[-64.64203525,10.25960481],[-64.63970363,10.25899351],[-64.63727665,10.25950646],[-64.63588274,10.2606523],[-64.63599968,10.26295412],[-64.63418364,10.26472402],[-64.63718283,10.26824474],[-64.63970077,10.26949131],[-64.63454306,10.27082646],[-64.63119662,10.27421296],[-64.62468755,10.27504313],[-64.61830628,10.27623951],[-64.61758101,10.27613854],[-64.61439145,10.27534342],[-64.61789513,10.26893961],[-64.62411523,10.26862323],[-64.62530375,10.26659691],[-64.62720323,10.26723254],[-64.62843704,10.26463175],[-64.6312927,10.26661313],[-64.63459766,10.25679564],[-64.6370846,10.25567234],[-64.64245915,10.2560184],[-64.64286244,10.25646901],[-64.64321041,10.25767112]],[[-64.63415074,10.24502921],[-64.63408923,10.24556315],[-64.63289988,10.24675131],[-64.63249195,10.24696708],[-64.63054848,10.24618435],[-64.63277066,10.24495173],[-64.63380826,10.24462783],[-64.63415074,10.24502921]],[[-64.60805535,10.29189456],[-64.60736346,10.29353547],[-64.60711074,10.29364514],[-64.60388756,10.29341066],[-64.60272574,10.29405916],[-64.59966075,10.29535592],[-64.59805107,10.29361975],[-64.59776556,10.29290342],[-64.59468818,10.29221141],[-64.58619297,10.29165721],[-64.58751202,10.29022861],[-64.59238076,10.29014897],[-64.60121143,10.28800595],[-64.60171175,10.28799772],[-64.60370505,10.29043937],[-64.60611904,10.28954732],[-64.60768092,10.29082263],[-64.60805535,10.29189456]],[[-64.58528614,10.29096305],[-64.58514261,10.2928313],[-64.58471251,10.29331124],[-64.58372521,10.29321373],[-64.58299255,10.29263794],[-64.58322418,10.29096937],[-64.58368576,10.29077661],[-64.58528614,10.29096305]],[[-64.57691133,10.29396904],[-64.57674384,10.29418504],[-64.57619536,10.29386294],[-64.57408917,10.29169405],[-64.57431996,10.29138291],[-64.57689548,10.29230917],[-64.57691133,10.29396904]],[[-64.57037652,10.25009477],[-64.56645906,10.25034893],[-64.56855273,10.24905324],[-64.56923842,10.24880016],[-64.57037652,10.25009477]],[[-64.56508744,10.30593073],[-64.56350231,10.30928075],[-64.56256771,10.31007063],[-64.56168604,10.30962455],[-64.56092763,10.30752695],[-64.56194925,10.30570281],[-64.56403375,10.30484533],[-64.56436634,10.30474615],[-64.56508744,10.30593073]],[[-64.55410933,10.26252794],[-64.55393195,10.26291561],[-64.5506922,10.26340568],[-64.54887295,10.26677287],[-64.55190086,10.26907063],[-64.55195546,10.27075112],[-64.54809976,10.27304125],[-64.54555142,10.2734462],[-64.54497266,10.27329147],[-64.54403734,10.27190864],[-64.54362237,10.26780403],[-64.54065168,10.26676655],[-64.53906834,10.26743102],[-64.53898633,10.26467013],[-64.54135132,10.26358581],[-64.54283595,10.2608093],[-64.54008377,10.25738525],[-64.54035068,10.25520217],[-64.54564142,10.25514746],[-64.54604745,10.25523806],[-64.55098665,10.25660706],[-64.55283427,10.25822401],[-64.55282164,10.2610265],[-64.55410933,10.26252794]],[[-64.55226636,10.29266393],[-64.54827118,10.29429185],[-64.54805255,10.29303431],[-64.54839814,10.2928164],[-64.55226636,10.29266393]],[[-64.50919402,10.34851456],[-64.50896633,10.34975624],[-64.50606561,10.35259402],[-64.50515616,10.35547352],[-64.49671614,10.36275744],[-64.49618971,10.36268568],[-64.49349058,10.36185741],[-64.49343574,10.35800207],[-64.49767804,10.35720193],[-64.49971127,10.35595775],[-64.50159216,10.35401881],[-64.50236511,10.35181987],[-64.49989653,10.35083413],[-64.50732422,10.34709823],[-64.50789118,10.34709823],[-64.50919402,10.34851456]],[[-64.49885547,10.3651005],[-64.49587953,10.36622834],[-64.49698496,10.36418295],[-64.49885547,10.3651005]],[[-64.49141097,10.26799726],[-64.48965573,10.26802134],[-64.48483455,10.26719236],[-64.48161221,10.26352763],[-64.4845314,10.26368725],[-64.48732984,10.26627958],[-64.49068725,10.26575947],[-64.49141097,10.26799726]],[[-64.47878444,10.26185346],[-64.47867477,10.26226032],[-64.4741466,10.26426435],[-64.47382367,10.26346016],[-64.47363782,10.26207304],[-64.47336984,10.26184547],[-64.47037566,10.2615422],[-64.47005081,10.26059937],[-64.47328103,10.25995457],[-64.47852826,10.26133835],[-64.47878444,10.26185346]],[[-64.47017324,10.36384892],[-64.46947968,10.36436772],[-64.46501946,10.36565435],[-64.46068537,10.37109375],[-64.46050227,10.37109375],[-64.46021855,10.37151217],[-64.46018314,10.37404466],[-64.45976055,10.37466514],[-64.45870376,10.37486577],[-64.45825017,10.37476265],[-64.45641303,10.37175465],[-64.4556787,10.37109375],[-64.45501494,10.37109375],[-64.4534111,10.37016404],[-64.45298982,10.36836624],[-64.45040274,10.36717725],[-64.44841707,10.36373496],[-64.44650078,10.3640002],[-64.44363105,10.36762297],[-64.44246805,10.36714733],[-64.44141388,10.36450112],[-64.44417644,10.36031556],[-64.43981731,10.36063695],[-64.43858433,10.35945904],[-64.44166458,10.3579483],[-64.44096053,10.35327327],[-64.43228877,10.35370874],[-64.4317044,10.35357666],[-64.42830265,10.35271025],[-64.42673063,10.35171711],[-64.42644846,10.35115862],[-64.42697716,10.35007071],[-64.42822337,10.34936166],[-64.43920934,10.34906042],[-64.44139302,10.35005546],[-64.44292045,10.35301936],[-64.44605374,10.35451412],[-64.44742095,10.35753846],[-64.44936395,10.35741627],[-64.45087075,10.35888004],[-64.45328677,10.35776055],[-64.45372295,10.35786295],[-64.45890522,10.36002052],[-64.45921242,10.36011624],[-64.46107244,10.36275315],[-64.46460497,10.36167455],[-64.4658612,10.3646636],[-64.46824574,10.36287057],[-64.46874773,10.36275637],[-64.46989298,10.36322773],[-64.47017324,10.36384892]],[[-64.4446094,11.82041955],[-64.44432533,11.82350707],[-64.43926728,11.82443583],[-64.43857837,11.82058096],[-64.44299388,11.81939685],[-64.44425035,11.81968045],[-64.4446094,11.82041955]],[[-64.43704033,10.36407912],[-64.43658638,10.37109375],[-64.42900646,10.37109375],[-64.42878938,10.37547195],[-64.42736971,10.37791264],[-64.42826557,10.38022542],[-64.42778146,10.38066065],[-64.42342472,10.38134444],[-64.41919661,10.38063502],[-64.41644275,10.37884164],[-64.41333056,10.37862754],[-64.41259313,10.37818432],[-64.41207016,10.37728405],[-64.41191137,10.37604105],[-64.41351056,10.37378848],[-64.41680527,10.37109375],[-64.41702366,10.37109375],[-64.41711485,10.37064028],[-64.41585708,10.37011898],[-64.41617274,10.36763156],[-64.41231871,10.36754632],[-64.41135454,10.36508715],[-64.41376233,10.36275256],[-64.42198992,10.35943103],[-64.42397106,10.36046147],[-64.42734468,10.35975814],[-64.42784226,10.35739791],[-64.42806113,10.35713911],[-64.43014193,10.35611486],[-64.43089795,10.35632825],[-64.43260038,10.35732043],[-64.43362927,10.35925221],[-64.4338994,10.35988236],[-64.43374312,10.36283195],[-64.43704033,10.36407912]],[[-64.433568,11.81335723],[-64.43313396,11.81600237],[-64.43294525,11.81617713],[-64.43138635,11.81434834],[-64.42964184,11.81395686],[-64.42754877,11.81374466],[-64.4278115,11.81175721],[-64.43070376,11.81139648],[-64.43138087,11.81156075],[-64.433568,11.81335723]],[[-64.42991781,11.78765595],[-64.42983353,11.7892338],[-64.42888534,11.79017484],[-64.42723346,11.79121995],[-64.4265455,11.79013395],[-64.42615604,11.78991938],[-64.42266655,11.79064536],[-64.42242074,11.79020905],[-64.42374551,11.78473187],[-64.42991781,11.78765595]],[[-64.41388381,10.34963655],[-64.4122678,10.35288227],[-64.40969872,10.35413015],[-64.40785193,10.35774171],[-64.40273762,10.35835826],[-64.40341485,10.37109375],[-64.40346932,10.37109375],[-64.40356243,10.37239671],[-64.40305614,10.37247086],[-64.40073943,10.37139273],[-64.40063167,10.37109375],[-64.40029597,10.37109375],[-64.40023541,10.37091935],[-64.40011382,10.37084961],[-64.3999114,10.37084961],[-64.39978981,10.37091935],[-64.39972913,10.37109375],[-64.39717746,10.37109375],[-64.39540493,10.37009895],[-64.39441597,10.36779296],[-64.39744091,10.36673355],[-64.39883053,10.36019313],[-64.39392817,10.35962307],[-64.39358091,10.35854626],[-64.39697182,10.35672367],[-64.39897466,10.35370553],[-64.40457964,10.35282421],[-64.41314054,10.34798944],[-64.41388381,10.34963655]],[[-64.40748513,10.97440982],[-64.40502453,10.97836947],[-64.40488565,10.97899175],[-64.40552783,10.98179865],[-64.40297973,10.98589694],[-64.39028275,10.99478865],[-64.38842905,10.99744165],[-64.38221812,10.99976122],[-64.38235474,11.00837088],[-64.37565315,11.02134061],[-64.37524748,11.02695751],[-64.3779211,11.029917],[-64.38202643,11.02929592],[-64.38319278,11.03036523],[-64.3828572,11.03257358],[-64.38061082,11.03506935],[-64.38062072,11.03581965],[-64.38113856,11.03718245],[-64.38398588,11.04005265],[-64.38429224,11.04268825],[-64.38385022,11.04343045],[-64.38328195,11.04390395],[-64.37975633,11.04399621],[-64.37615263,11.04656661],[-64.36943507,11.0473088],[-64.36764145,11.05039012],[-64.36194515,11.05068326],[-64.35991991,11.05372536],[-64.35112131,11.04885745],[-64.34524155,11.04879177],[-64.34005845,11.05326295],[-64.3359375,11.05524552],[-64.33520412,11.05562115],[-64.33127344,11.05538785],[-64.3275125,11.05716705],[-64.31592286,11.05667031],[-64.31351054,11.05779445],[-64.31379163,11.06139386],[-64.31226862,11.06307805],[-64.30229056,11.06336653],[-64.29881036,11.06483543],[-64.29568458,11.06887794],[-64.2885344,11.06564057],[-64.27824771,11.06312597],[-64.26838982,11.06228304],[-64.26282644,11.06676292],[-64.25461876,11.06592047],[-64.24974656,11.06790912],[-64.24767411,11.06755221],[-64.24437737,11.07323718],[-64.24243367,11.07421875],[-64.24214947,11.07421875],[-64.23868024,11.07513595],[-64.23752975,11.07684648],[-64.23130035,11.07858098],[-64.22836328,11.07763934],[-64.22543621,11.07851481],[-64.21620226,11.08603883],[-64.21586871,11.08616066],[-64.21021712,11.08613682],[-64.20391238,11.08568525],[-64.20363271,11.08489311],[-64.19823444,11.08514512],[-64.19739366,11.08330464],[-64.19591403,11.08418393],[-64.19510794,11.08412194],[-64.1945641,11.08360422],[-64.19411886,11.07421875],[-64.19487298,11.07221901],[-64.19419098,11.06939888],[-64.19431114,11.06905305],[-64.19613826,11.06542957],[-64.20244801,11.05744171],[-64.20291436,11.056867],[-64.2054584,11.05505991],[-64.20626175,11.05237067],[-64.20604062,11.05138934],[-64.18518782,11.03074253],[-64.17019618,11.01853585],[-64.15284145,11.00625515],[-64.14555204,11.00356686],[-64.14093173,10.99907005],[-64.13448012,10.99585295],[-64.12742054,10.99322915],[-64.10849392,10.98776042],[-64.09499204,10.98472083],[-64.08421206,10.98300993],[-64.07115567,10.98193586],[-64.05869484,10.98242176],[-64.04632545,10.98440445],[-64.04257405,10.98555815],[-64.03598106,10.98828876],[-64.03357577,10.98985493],[-64.0331459,10.99026644],[-64.03198421,10.99326122],[-64.03157222,10.99351954],[-64.02812326,10.99383485],[-64.02755201,10.9941622],[-64.02310586,10.99815583],[-64.02132094,11.00079608],[-64.02110696,11.00172961],[-64.02157795,11.00962877],[-64.02357113,11.01093674],[-64.02287996,11.01940584],[-64.02281713,11.01967382],[-64.01783025,11.0277698],[-64.01361525,11.03139567],[-64.01341724,11.03640485],[-64.01471686,11.03857326],[-64.01456332,11.04845703],[-64.01550615,11.05037224],[-64.01361108,11.05451465],[-64.01473367,11.05737913],[-64.01283491,11.06051338],[-64.01332855,11.06493533],[-64.01319814,11.06528521],[-64.01129305,11.06842291],[-64.01077557,11.06860948],[-64.00737524,11.06758535],[-64.00081444,11.06951356],[-63.99994206,11.06751192],[-63.99578655,11.06799352],[-63.98707581,11.07006216],[-63.984375,11.07142854],[-63.984375,11.07170761],[-63.98394835,11.07173705],[-63.97897506,11.07421875],[-63.97198355,11.08175385],[-63.97337914,11.08563185],[-63.9799149,11.08596885],[-63.97662878,11.09026372],[-63.97643197,11.09443581],[-63.98121011,11.09538317],[-63.98240495,11.09844506],[-63.98149037,11.10479403],[-63.98048174,11.10491586],[-63.97753668,11.11061954],[-63.97567666,11.11098266],[-63.97300255,11.10973096],[-63.96952236,11.11043215],[-63.96850443,11.11110461],[-63.96986878,11.11289763],[-63.96926963,11.11383486],[-63.96663105,11.11183035],[-63.96518803,11.11275256],[-63.95770884,11.11138082],[-63.95474541,11.11322331],[-63.95323098,11.11188495],[-63.949844,11.11188614],[-63.94199252,11.11789131],[-63.93857014,11.11824107],[-63.93643343,11.11715794],[-63.93360186,11.1183995],[-63.93300176,11.11996937],[-63.93400061,11.12416673],[-63.93299401,11.12641335],[-63.93210125,11.1269021],[-63.92878675,11.12451303],[-63.92335463,11.12619364],[-63.92270422,11.12960494],[-63.9204092,11.12944055],[-63.92053604,11.13183606],[-63.91871572,11.13430345],[-63.91350925,11.13565195],[-63.91271675,11.14014745],[-63.90766907,11.14247942],[-63.90729785,11.14675498],[-63.90554106,11.14979792],[-63.90590572,11.1544044],[-63.89602411,11.15677845],[-63.89328694,11.15652895],[-63.8915019,11.15801287],[-63.89164007,11.16237915],[-63.88979363,11.16512787],[-63.89129412,11.16730595],[-63.88883674,11.16830432],[-63.88898265,11.17316425],[-63.88850486,11.17371595],[-63.87949348,11.17987585],[-63.87811995,11.17753637],[-63.88023067,11.17559564],[-63.88036561,11.17343736],[-63.87805152,11.16950393],[-63.87502635,11.16842771],[-63.87482762,11.16812181],[-63.87476683,11.1675117],[-63.87676466,11.16617203],[-63.87664104,11.16588128],[-63.87492692,11.16280794],[-63.87203407,11.16039348],[-63.87087536,11.15576506],[-63.87058115,11.15527046],[-63.86577761,11.14936185],[-63.84570026,11.12999654],[-63.84002161,11.12627244],[-63.8397485,11.12519825],[-63.84154236,11.12526703],[-63.84448063,11.12264001],[-63.84258962,11.11681283],[-63.8444283,11.11571455],[-63.84391224,11.11328852],[-63.83763945,11.10402608],[-63.82465124,11.07421875],[-63.82436705,11.07421875],[-63.82145906,11.06649852],[-63.81609511,11.05557454],[-63.81062603,11.04663217],[-63.8050127,11.03778613],[-63.79768193,11.02864397],[-63.79591656,11.02441394],[-63.78565645,11.01118493],[-63.779217,11.00071752],[-63.78666675,11.01055133],[-63.79272616,11.00899315],[-63.79210675,11.00661635],[-63.79011106,11.00490975],[-63.78673851,11.00474095],[-63.78514075,11.00158644],[-63.77749574,11.00008845],[-63.77639151,10.99796891],[-63.7766031,10.99716127],[-63.77722287,10.99632561],[-63.78133667,10.99376702],[-63.78512788,10.99574113],[-63.78763926,10.99522436],[-63.78897631,10.99368215],[-63.78931117,10.99370325],[-63.79215324,10.99831784],[-63.79579043,10.99843073],[-63.79649675,10.99641943],[-63.79857194,10.99667072],[-63.80190694,10.99118876],[-63.80079043,10.99080002],[-63.80298424,10.98838115],[-63.80408692,10.98133385],[-63.80804873,10.97938907],[-63.81180084,10.98127127],[-63.81707776,10.97931862],[-63.81560135,10.97278571],[-63.81635451,10.97249007],[-63.81749487,10.97497273],[-63.81702805,10.97209537],[-63.81919122,10.96952271],[-63.81523812,10.94405294],[-63.81666362,10.94375634],[-63.81800973,10.94698906],[-63.82151675,10.94575083],[-63.82351565,10.94634116],[-63.82463694,10.95099676],[-63.82881105,10.95200241],[-63.82825685,10.95509732],[-63.83075774,10.95845234],[-63.83530653,10.95863581],[-63.84564996,10.95322025],[-63.84745586,10.94987035],[-63.85033047,10.94877708],[-63.85116553,10.95058501],[-63.85315192,10.95071995],[-63.85715735,10.94862068],[-63.8612287,10.94449401],[-63.86882257,10.94523025],[-63.87174881,10.94452524],[-63.87513685,10.94213402],[-63.87650585,10.93962324],[-63.88203037,10.9367671],[-63.88432646,10.93315482],[-63.88913596,10.90822494],[-63.88831341,10.8984375],[-63.88839102,10.8984375],[-63.88728905,10.89082408],[-63.89064705,10.88669694],[-63.89594924,10.88337862],[-63.90099812,10.88445616],[-63.90452206,10.88312936],[-63.90702796,10.88780296],[-63.91353822,10.8868798],[-63.91831875,10.89135432],[-63.92153025,10.89132023],[-63.92410171,10.89255798],[-63.92510545,10.89090562],[-63.92829132,10.89093494],[-63.93422306,10.89475107],[-63.93807971,10.89475596],[-63.93359482,10.89666545],[-63.93382716,10.8984375],[-63.93377852,10.90026152],[-63.93644357,10.90375137],[-63.93904436,10.90379012],[-63.93978214,10.90609503],[-63.94159281,10.90686417],[-63.93904424,10.90823257],[-63.93654251,10.91152525],[-63.9330759,10.91155136],[-63.92905724,10.90694833],[-63.92862201,10.90672374],[-63.92645085,10.90575051],[-63.92213845,10.90437877],[-63.92022121,10.90511775],[-63.91658151,10.90324461],[-63.91164672,10.90428185],[-63.90745592,10.91012287],[-63.90211308,10.91243064],[-63.90205312,10.91325486],[-63.90471482,10.91325104],[-63.90750647,10.91648698],[-63.91010642,10.91715264],[-63.91374135,10.91433406],[-63.91904557,10.9139384],[-63.92003655,10.91629565],[-63.92778254,10.91788995],[-63.92129576,10.92294765],[-63.92153025,10.92406726],[-63.92522454,10.92516351],[-63.93562996,10.92455375],[-63.93721306,10.92727077],[-63.94131768,10.92675054],[-63.95247138,10.93055296],[-63.95279813,10.93038261],[-63.95411122,10.92671967],[-63.95264876,10.92372],[-63.95663798,10.92183745],[-63.95703936,10.920717],[-63.95690584,10.92033243],[-63.95515323,10.9189527],[-63.94876814,10.91939366],[-63.94715631,10.91774917],[-63.94684756,10.91338015],[-63.94383895,10.91201258],[-63.94318116,10.91020966],[-63.95044827,10.90555227],[-63.94473135,10.90333486],[-63.94430375,10.90192342],[-63.94478762,10.90151846],[-63.94820344,10.90131331],[-63.95510185,10.8984375],[-63.95569325,10.8984375],[-63.95740974,10.89722514],[-63.96222508,10.89654243],[-63.9667685,10.8984375],[-63.96988034,10.8984375],[-63.97139466,10.89930832],[-63.97272253,10.8984375],[-63.9730159,10.8984375],[-63.97457767,10.89676344],[-63.97742641,10.89673495],[-63.97886801,10.89782238],[-63.97936356,10.89769256],[-63.984375,10.89481032],[-63.98577166,10.89316177],[-63.98650837,10.89289093],[-63.98958266,10.89309955],[-63.9904505,10.89073074],[-63.99286687,10.88932371],[-64.00017357,10.87954283],[-64.00320756,10.87729478],[-64.00528085,10.87766612],[-64.01139486,10.87440026],[-64.01375842,10.87221563],[-64.02883673,10.87385118],[-64.03454244,10.8712641],[-64.03705263,10.86858261],[-64.04909027,10.86560965],[-64.0505234,10.86257052],[-64.05365396,10.86321151],[-64.06008422,10.86080027],[-64.06424511,10.86088431],[-64.06484318,10.86211205],[-64.06368232,10.86308694],[-64.06425583,10.86511254],[-64.06371868,10.86605597],[-64.06344712,10.86617756],[-64.06049538,10.86576045],[-64.05806863,10.8668251],[-64.05781794,10.8669368],[-64.05488777,10.8692528],[-64.05402291,10.87095416],[-64.05402708,10.87123322],[-64.05533075,10.88037348],[-64.06283236,10.89083171],[-64.06429183,10.89226913],[-64.07551026,10.89816213],[-64.07633841,10.89648974],[-64.08018196,10.89541447],[-64.08447373,10.89644516],[-64.08768022,10.89596975],[-64.09256995,10.8984375],[-64.09376597,10.89554012],[-64.09613955,10.89501011],[-64.0973649,10.89678705],[-64.09626162,10.8984375],[-64.0963521,10.8984375],[-64.09644675,10.89889324],[-64.09805715,10.8984375],[-64.10012555,10.89766514],[-64.10052121,10.8984375],[-64.09893775,10.89990795],[-64.10009992,10.9004606],[-64.10147595,10.90069854],[-64.10374141,10.8984375],[-64.10421288,10.8984375],[-64.10544264,10.89735436],[-64.10591686,10.8984375],[-64.10629916,10.8984375],[-64.10873675,10.90047216],[-64.11118174,10.89881325],[-64.11033094,10.90194523],[-64.11136258,10.90483665],[-64.11087155,10.9066323],[-64.11195731,10.90750623],[-64.11368847,10.91224885],[-64.11374891,10.91562784],[-64.11649883,10.92184246],[-64.11650503,10.9222002],[-64.11511791,10.92302525],[-64.1106379,10.92300451],[-64.11011541,10.92328036],[-64.10701311,10.92686415],[-64.10978484,10.92480016],[-64.11251354,10.92621791],[-64.11590564,10.92577255],[-64.11791205,10.92285371],[-64.1212939,10.92882121],[-64.13184714,10.93959177],[-64.13531184,10.94568157],[-64.15387714,10.95866752],[-64.15598905,10.95827413],[-64.15689635,10.95626414],[-64.15963566,10.95683837],[-64.16053176,10.95939696],[-64.16313565,10.96092451],[-64.15984166,10.96648133],[-64.16478145,10.96691513],[-64.16579318,10.96230817],[-64.16968262,10.96533585],[-64.17017472,10.96902812],[-64.16789603,10.97516978],[-64.16858578,10.97608387],[-64.17093861,10.97371101],[-64.17310023,10.97413194],[-64.17371881,10.96900904],[-64.17530143,10.96854937],[-64.17695737,10.96578646],[-64.17957926,10.96471786],[-64.17984748,10.96022582],[-64.17871082,10.95808172],[-64.18184543,10.95398927],[-64.18362558,10.94912601],[-64.19114327,10.94471633],[-64.19397795,10.94010723],[-64.19630694,10.93871546],[-64.20454824,10.93906534],[-64.20832276,10.93392098],[-64.22149181,10.94020855],[-64.22748375,10.94031966],[-64.23239398,10.94188213],[-64.23792982,10.94111013],[-64.2404561,10.93924963],[-64.24742186,10.94048345],[-64.24891555,10.94229317],[-64.25065315,10.94163632],[-64.26386654,10.94680572],[-64.26533961,10.94655085],[-64.26687646,10.94863105],[-64.26762271,10.94696713],[-64.26953244,10.94621873],[-64.27699804,10.94982386],[-64.29383647,10.94467962],[-64.29804027,10.94739151],[-64.29706395,10.9493432],[-64.29891014,10.94744384],[-64.30179954,10.94995928],[-64.30229914,10.95255482],[-64.30624497,10.95303214],[-64.31224716,10.95682907],[-64.32010376,10.95750237],[-64.32412136,10.95655966],[-64.3353126,10.95915723],[-64.33590734,10.95912755],[-64.3359375,10.95898426],[-64.33888412,10.95608067],[-64.34430802,10.95861745],[-64.35253525,10.95929503],[-64.35752845,10.96228075],[-64.35977054,10.96185935],[-64.36376321,10.96313512],[-64.36645424,10.96100974],[-64.367805,10.96367836],[-64.37043858,10.96467555],[-64.37666166,10.96611941],[-64.37973535,10.96536803],[-64.3817687,10.96576333],[-64.38387525,10.96801603],[-64.38858545,10.96765888],[-64.39029825,10.96913183],[-64.39181435,10.96853006],[-64.39669788,10.97089434],[-64.39946365,10.974002],[-64.40664184,10.97322464],[-64.40741265,10.97327006],[-64.40748513,10.97440982]],[[-64.40659416,11.72032034],[-64.40652013,11.72642994],[-64.40158117,11.72773433],[-64.40115583,11.7276355],[-64.40018892,11.72709286],[-64.39819133,11.72607994],[-64.39833391,11.72359896],[-64.40187204,11.72094476],[-64.40659416,11.72032034]],[[-64.39743066,11.73981667],[-64.39419878,11.74581456],[-64.38897336,11.74507582],[-64.38922334,11.74349356],[-64.39053476,11.74222815],[-64.39178193,11.74174285],[-64.39448345,11.74157464],[-64.39500535,11.74043405],[-64.39698637,11.73985124],[-64.39743066,11.73981667]],[[-64.35787594,10.3556416],[-64.3565098,10.35641372],[-64.35607874,10.35609925],[-64.35523868,10.35474408],[-64.35583246,10.35416853],[-64.35644984,10.35410976],[-64.35787594,10.3556416]],[[-64.35073328,10.35592234],[-64.34765482,10.35665274],[-64.34770405,10.3541224],[-64.34887636,10.35355151],[-64.35057414,10.3534919],[-64.35073328,10.35592234]],[[-64.22557783,10.81671286],[-64.22546172,10.81825817],[-64.21744657,10.82466555],[-64.21328557,10.82629454],[-64.21126592,10.83110857],[-64.20597887,10.82871056],[-64.20042396,10.82844734],[-64.19780993,10.82982194],[-64.19805932,10.83085477],[-64.19746315,10.83133292],[-64.19579518,10.83258915],[-64.18946934,10.83222902],[-64.18546927,10.83252406],[-64.18473995,10.8323909],[-64.17961395,10.8301084],[-64.17652524,10.83004844],[-64.17422497,10.82930732],[-64.16529643,10.82480681],[-64.16403973,10.82514751],[-64.16245615,10.82894635],[-64.15408635,10.83004892],[-64.14905322,10.82882786],[-64.14020896,10.82302976],[-64.14384484,10.81512165],[-64.14925575,10.81323516],[-64.15122128,10.80629754],[-64.15519452,10.80471683],[-64.16740155,10.80445266],[-64.16849911,10.80221033],[-64.17926776,10.80159974],[-64.1834892,10.79973853],[-64.19058073,10.8018707],[-64.19387627,10.79863393],[-64.20928454,10.80019093],[-64.21529651,10.79891956],[-64.2151736,10.80257845],[-64.21768975,10.80424702],[-64.21954942,10.81019676],[-64.22557783,10.81671286]],[[-64.15858054,10.83588386],[-64.15842664,10.83652055],[-64.15628731,10.83904648],[-64.15453291,10.83570862],[-64.15666842,10.83413684],[-64.15753305,10.83406186],[-64.15858054,10.83588386]],[[-63.99998081,10.78140473],[-63.99985802,10.78196597],[-63.99421525,10.78721142],[-63.99211693,10.79006422],[-63.99226964,10.79162157],[-63.99204481,10.79182935],[-63.99057937,10.79077888],[-63.98771596,10.79213917],[-63.98729205,10.79875696],[-63.98841846,10.8068552],[-63.99425542,10.81682336],[-63.99017465,10.81581867],[-63.98673642,10.81252897],[-63.984375,10.81166291],[-63.9832406,10.81146038],[-63.98170781,10.81157208],[-63.97711694,10.81354403],[-63.97433305,10.81330752],[-63.96797025,10.81096447],[-63.96435475,10.80694902],[-63.96200764,10.80587554],[-63.95800817,10.80594194],[-63.95512092,10.80405664],[-63.94304848,10.80081058],[-63.93428326,10.80019367],[-63.92474568,10.79804552],[-63.91940475,10.79901481],[-63.91678715,10.79673922],[-63.90954733,10.79433417],[-63.90526855,10.79059601],[-63.90209424,10.78221965],[-63.89558971,10.77464402],[-63.89147568,10.76491785],[-63.89026237,10.76361585],[-63.88816714,10.76447594],[-63.88700592,10.76155603],[-63.88870633,10.76032186],[-63.88874185,10.75458133],[-63.89283836,10.74036014],[-63.89934576,10.73828924],[-63.90442467,10.73866582],[-63.90954685,10.73639977],[-63.91379833,10.7370913],[-63.91736245,10.73612738],[-63.91846991,10.73633456],[-63.92400265,10.73963284],[-63.92945814,10.74119294],[-63.93180907,10.74634445],[-63.93876517,10.74938536],[-63.94450593,10.74950016],[-63.94935632,10.75331914],[-63.95813417,10.75540221],[-63.95843005,10.75569201],[-63.95969856,10.75889766],[-63.95541525,10.75517142],[-63.94674003,10.75649095],[-63.94454432,10.75422227],[-63.94158721,10.75404894],[-63.94427586,10.76186383],[-63.94850564,10.76615345],[-63.95169175,10.76691365],[-63.95207524,10.76341426],[-63.95870423,10.76931214],[-63.96686947,10.76980245],[-63.96979403,10.7715739],[-63.97259486,10.77045524],[-63.97645342,10.77044344],[-63.97709906,10.77056503],[-63.984375,10.77287936],[-63.98542166,10.77296126],[-63.98820865,10.77511156],[-63.99076438,10.77511156],[-63.99471438,10.77882564],[-63.99499595,10.77894187],[-63.99921477,10.77933824],[-63.99998081,10.78140473]],[[-63.95105922,10.89801371],[-63.95086575,10.8984375],[-63.95055437,10.8984375],[-63.94959521,10.8994956],[-63.94418538,10.90012455],[-63.94174576,10.90172672],[-63.93835437,10.89910173],[-63.93776524,10.8984375],[-63.93751895,10.8984375],[-63.93737221,10.89802611],[-63.93788004,10.89706826],[-63.94112384,10.8970921],[-63.94013381,10.89524567],[-63.94072795,10.8939985],[-63.94380784,10.89374423],[-63.94548237,10.89407325],[-63.94596636,10.89433956],[-63.9476577,10.89757407],[-63.95105922,10.89801371]],[[-63.87693822,10.69210446],[-63.87681341,10.69235635],[-63.87567651,10.6927582],[-63.87532365,10.69218183],[-63.87375104,10.69082665],[-63.8740499,10.69021106],[-63.87681878,10.69072604],[-63.87693822,10.69210446]],[[-63.85465395,10.69137085],[-63.85396588,10.69242525],[-63.85226846,10.69203985],[-63.85121131,10.69293594],[-63.85103464,10.69314635],[-63.84967482,10.69205534],[-63.8494668,10.69181156],[-63.84769821,10.69214761],[-63.84735501,10.69200075],[-63.84540093,10.69036305],[-63.84299874,10.69061506],[-63.84614205,10.68852806],[-63.84970808,10.68843186],[-63.85073853,10.68849492],[-63.85452747,10.69076145],[-63.85465395,10.69137085]],[[-63.76918745,11.21664846],[-63.76857746,11.21974075],[-63.76646447,11.21738374],[-63.76517987,11.21783745],[-63.76370466,11.21451187],[-63.76359081,11.21419191],[-63.76383245,11.21132874],[-63.76404762,11.21075225],[-63.76443934,11.21086955],[-63.76605356,11.21241581],[-63.76901674,11.21633136],[-63.76918745,11.21664846]],[[-63.75504196,11.20409667],[-63.75483322,11.21154463],[-63.75178564,11.21089613],[-63.75112414,11.2085309],[-63.74937856,11.20725715],[-63.74802566,11.20358825],[-63.74769664,11.20296931],[-63.74825084,11.19936275],[-63.74865544,11.19919753],[-63.75135565,11.20235193],[-63.75504196,11.20409667]],[[-63.74318552,11.20225465],[-63.73923337,11.20364952],[-63.73885572,11.20349956],[-63.73630691,11.20109451],[-63.73508954,11.19794905],[-63.7318902,11.19718361],[-63.72979927,11.19477105],[-63.72780454,11.19052112],[-63.72834015,11.18701816],[-63.72887933,11.18662167],[-63.73295164,11.18843722],[-63.73328125,11.18874025],[-63.73437774,11.19185972],[-63.74289811,11.19861352],[-63.74318552,11.20225465]],[[-63.73263896,11.21469057],[-63.73218775,11.21519625],[-63.72764003,11.21363914],[-63.72518373,11.21366346],[-63.72471201,11.21313584],[-63.72470653,11.2083317],[-63.72737134,11.20847404],[-63.72982526,11.21177626],[-63.73197472,11.21345651],[-63.73263896,11.21469057]],[[-63.51017535,10.65562916],[-63.50832355,10.65856886],[-63.50403464,10.65393114],[-63.50521374,10.65350807],[-63.50737464,10.65368187],[-63.50996864,10.65505755],[-63.51017535,10.65562916]],[[-63.14148974,11.35726738],[-63.13903224,11.3588829],[-63.13845026,11.36147511],[-63.13089466,11.36360323],[-63.13024366,11.36244214],[-63.13212025,11.36039925],[-63.13223636,11.35610843],[-63.13106,11.35569692],[-63.12975955,11.35500884],[-63.12969792,11.35456741],[-63.13085556,11.35269773],[-63.13382125,11.35481405],[-63.13576043,11.35382271],[-63.13836443,11.35414004],[-63.13865161,11.35424304],[-63.14148974,11.35726738]],[[-63.14043546,11.38602305],[-63.13971555,11.39206326],[-63.13868952,11.38965476],[-63.13654447,11.39004803],[-63.13434565,11.38785291],[-63.13520634,11.38627625],[-63.13682246,11.38435364],[-63.13712811,11.38426685],[-63.13809586,11.38575041],[-63.13903511,11.38509393],[-63.14028537,11.38563776],[-63.14043546,11.38602305]],[[-63.13783121,11.34423888],[-63.13503671,11.34717405],[-63.13427925,11.34698951],[-63.13142121,11.34530294],[-63.13123763,11.34504771],[-63.13198745,11.34305263],[-63.13783121,11.34423888]],[[-63.13428605,11.38217378],[-63.13322341,11.38394296],[-63.11714172,11.38930285],[-63.11737812,11.39230824],[-63.11638308,11.39345634],[-63.11088026,11.39015496],[-63.11076105,11.38992107],[-63.11108565,11.38788164],[-63.10971725,11.38690054],[-63.10977185,11.38650334],[-63.11248565,11.38519836],[-63.11177146,11.38404095],[-63.11187637,11.38376403],[-63.11333525,11.38014674],[-63.11558998,11.37905586],[-63.11652124,11.37428796],[-63.11646903,11.37410772],[-63.11267257,11.37421942],[-63.11153448,11.36996567],[-63.11249697,11.36764586],[-63.11142123,11.36655736],[-63.10888386,11.36742032],[-63.10414171,11.36499333],[-63.10306883,11.36572588],[-63.1015799,11.36528242],[-63.10153043,11.36497581],[-63.10178936,11.36396074],[-63.10622644,11.36011565],[-63.10288465,11.35933626],[-63.10410297,11.35595524],[-63.10438073,11.3557471],[-63.10879815,11.35762787],[-63.11038518,11.35602856],[-63.11054337,11.35617673],[-63.11230755,11.35725784],[-63.11351573,11.3600533],[-63.11486185,11.36616921],[-63.11952865,11.37045932],[-63.11988151,11.37070382],[-63.12258577,11.37005866],[-63.12372434,11.37228882],[-63.12727678,11.37414622],[-63.12922084,11.37268472],[-63.1308676,11.37283313],[-63.13053381,11.37570405],[-63.13236713,11.37686408],[-63.1324203,11.38076556],[-63.13428605,11.38217378]],[[-63.08977985,11.38267505],[-63.08966768,11.38359082],[-63.08897364,11.38399124],[-63.08815324,11.38368475],[-63.08751512,11.38146985],[-63.08728695,11.38133025],[-63.08303082,11.38159955],[-63.07854307,11.37561834],[-63.07818353,11.37301874],[-63.07834613,11.37280273],[-63.08249915,11.37120855],[-63.08465755,11.3720088],[-63.08896816,11.3779546],[-63.08878434,11.38033831],[-63.08977985,11.38267505]],[[-63.06194997,11.36258376],[-63.06187415,11.36881494],[-63.06130052,11.36948264],[-63.05953622,11.36873925],[-63.05947864,11.36525035],[-63.05718005,11.36398876],[-63.05698144,11.36304641],[-63.05730486,11.36282826],[-63.06194997,11.36258376]],[[-63.03693795,10.44940364],[-63.03691375,10.45180333],[-63.03577876,10.45493615],[-63.0329591,10.45795715],[-63.03256857,10.45820582],[-63.02920556,10.45960963],[-63.02328575,10.46062887],[-63.01641238,10.46046364],[-63.01603067,10.46033442],[-63.01398993,10.45842576],[-63.00791228,10.44734693],[-63.00384462,10.44482064],[-62.99889207,10.44415963],[-62.99400616,10.44701326],[-62.99067402,10.45207512],[-62.98505855,10.45760906],[-62.97301531,10.4664222],[-62.96613026,10.46965516],[-62.95688724,10.47109425],[-62.94369364,10.47884226],[-62.94028771,10.48226953],[-62.9351269,10.48946702],[-62.92902315,10.49893093],[-62.91822207,10.51468492],[-62.91276884,10.51949644],[-62.91021097,10.52070451],[-62.90505052,10.52225328],[-62.88633573,10.52564132],[-62.86597014,10.52524543],[-62.86052716,10.52667606],[-62.85997963,10.52840996],[-62.85459173,10.53304315],[-62.85382235,10.53336525],[-62.85266006,10.53343582],[-62.84581804,10.53066301],[-62.84091711,10.52525425],[-62.84058714,10.52382827],[-62.84027708,10.52245843],[-62.83710027,10.51969135],[-62.83620012,10.51793396],[-62.83516872,10.51379514],[-62.83415782,10.51088285],[-62.83443761,10.50407434],[-62.83454525,10.5032618],[-62.83816016,10.48648787],[-62.83823037,10.48536694],[-62.83715606,10.46891046],[-62.83218181,10.45150065],[-62.82739532,10.43954933],[-62.82477355,10.42676353],[-62.82128847,10.41893542],[-62.82231391,10.41549492],[-62.82408226,10.41533947],[-62.82507932,10.42014003],[-62.82765961,10.4226799],[-62.83910692,10.42256165],[-62.84339762,10.44021332],[-62.84345913,10.44512463],[-62.84438765,10.44803834],[-62.84566224,10.44769967],[-62.83989465,10.42149127],[-62.83737135,10.42033374],[-62.83003056,10.42190444],[-62.82786393,10.42113376],[-62.82645571,10.41878974],[-62.8267616,10.41464198],[-62.82462943,10.41200745],[-62.82802832,10.40520143],[-62.82874751,10.3958683],[-62.82997525,10.39351821],[-62.83437836,10.39260745],[-62.84586477,10.39418328],[-62.86054242,10.39236236],[-62.86991346,10.3893882],[-62.87740505,10.38363421],[-62.88359475,10.38682675],[-62.89111185,10.39849508],[-62.89512277,10.4039005],[-62.89938057,10.40842497],[-62.90257394,10.41075575],[-62.90918553,10.41364706],[-62.91191971,10.41458893],[-62.91561973,10.41509092],[-62.92707574,10.41481686],[-62.9296875,10.41434145],[-62.93890071,10.41288006],[-62.93946588,10.41273391],[-62.95011187,10.40901697],[-62.95910072,10.40334475],[-62.96125495,10.39992344],[-62.96970296,10.40170407],[-62.97755528,10.40088642],[-62.98436892,10.39579535],[-62.99230754,10.38619411],[-62.99395621,10.38476562],[-62.99543405,10.38455904],[-62.99592185,10.38467455],[-63.00305808,10.38844407],[-63.00712025,10.39522755],[-63.00679803,10.40140414],[-62.99951923,10.41224885],[-62.99952281,10.41503763],[-63.00045133,10.41645396],[-63.00073183,10.41673171],[-63.00645995,10.41933441],[-63.01439023,10.41877615],[-63.02094305,10.41630173],[-63.02834141,10.41694498],[-63.03010392,10.42868996],[-63.02777386,10.43487084],[-63.02787864,10.43890905],[-63.03652322,10.44853294],[-63.03693795,10.44940364]],[[-62.96796453,10.31860185],[-62.96786296,10.31993115],[-62.96685696,10.32446837],[-62.96192765,10.32956135],[-62.95757484,10.33705044],[-62.94771826,10.34033155],[-62.94715655,10.34021985],[-62.94417322,10.33861351],[-62.94317186,10.33570683],[-62.93881834,10.33162367],[-62.93504441,10.31655276],[-62.92983472,10.30744886],[-62.9296875,10.30747771],[-62.92879927,10.30561566],[-62.92420483,10.30352867],[-62.92348361,10.30281615],[-62.92237985,10.30039728],[-62.92237997,10.29923356],[-62.92322254,10.29593694],[-62.92351651,10.29532635],[-62.92803848,10.28865135],[-62.9296875,10.28431904],[-62.9296875,10.28376114],[-62.93061125,10.28152251],[-62.93087983,10.28109133],[-62.93406212,10.28020406],[-62.94142246,10.28325057],[-62.94435394,10.28738093],[-62.94456565,10.28810585],[-62.94411325,10.29120338],[-62.94051838,10.29434955],[-62.93748105,10.29412818],[-62.93439341,10.29594445],[-62.93426156,10.29664445],[-62.93701541,10.29661834],[-62.93724406,10.29706776],[-62.93718946,10.29768372],[-62.93568885,10.29886055],[-62.93833554,10.29819942],[-62.94289494,10.30130935],[-62.94751823,10.30268025],[-62.94809675,10.30305207],[-62.952775,10.30659223],[-62.95515275,10.31196856],[-62.95724642,10.31482506],[-62.95807481,10.31540382],[-62.96161985,10.31486416],[-62.96597767,10.31631565],[-62.96796453,10.31860185]],[[-62.95771158,10.29814517],[-62.9569267,10.29843283],[-62.95770085,10.29985452],[-62.95690835,10.30270636],[-62.95563376,10.30229616],[-62.9561336,10.30287266],[-62.95587075,10.30550087],[-62.95533216,10.30586195],[-62.9532814,10.304214],[-62.95303273,10.30234134],[-62.95314336,10.30148685],[-62.95184624,10.30247426],[-62.95220685,10.29899478],[-62.95108294,10.29836106],[-62.94968224,10.29939473],[-62.94934738,10.29886687],[-62.95038044,10.29796934],[-62.94967556,10.29700995],[-62.94799006,10.29969597],[-62.94512892,10.29648614],[-62.94272375,10.29706228],[-62.94263482,10.29497087],[-62.94449115,10.29390895],[-62.94574761,10.29497194],[-62.94587731,10.29339695],[-62.94769132,10.29302633],[-62.94885063,10.29364181],[-62.94792128,10.29452407],[-62.94886672,10.29517186],[-62.95139265,10.29363227],[-62.95175731,10.29449224],[-62.95270336,10.29276514],[-62.95326722,10.29501355],[-62.95376241,10.29378414],[-62.95503986,10.29380405],[-62.95443857,10.29492795],[-62.95688665,10.29548645],[-62.95481551,10.29655504],[-62.9568119,10.29670501],[-62.95622885,10.2973603],[-62.95771158,10.29814517]],[[-62.95730901,10.33981621],[-62.95723963,10.34272444],[-62.95603597,10.34554768],[-62.95563793,10.34578955],[-62.95385873,10.34631968],[-62.94969416,10.3441298],[-62.94519532,10.34313095],[-62.94251895,10.34305024],[-62.94249666,10.34238815],[-62.94325376,10.34036565],[-62.94364202,10.34026074],[-62.94939506,10.34138763],[-62.95636845,10.33889306],[-62.95712066,10.33919787],[-62.95730901,10.33981621]],[[-62.95314908,10.28469515],[-62.95107806,10.28470266],[-62.95082402,10.28556955],[-62.95077348,10.28658783],[-62.94890761,10.28516436],[-62.94832647,10.28460431],[-62.94783795,10.28198802],[-62.9527595,10.27961946],[-62.95213342,10.28244364],[-62.95314908,10.28469515]],[[-62.95282805,10.28926075],[-62.95109105,10.29085708],[-62.95022404,10.28953946],[-62.95008135,10.28896821],[-62.95015287,10.28864968],[-62.95258296,10.28900075],[-62.95282805,10.28926075]],[[-62.95176077,10.29196596],[-62.95016408,10.29335213],[-62.94951487,10.29301095],[-62.94836044,10.292768],[-62.9503144,10.29204595],[-62.95176077,10.29196596]],[[-62.94228566,10.33840942],[-62.94028401,10.33896184],[-62.94000041,10.33884215],[-62.93845153,10.33703542],[-62.93865275,10.33577263],[-62.93878341,10.33549798],[-62.94141138,10.33595753],[-62.94224286,10.33748901],[-62.94228566,10.33840942]],[[-62.81981897,10.49233377],[-62.81976283,10.49267185],[-62.81741345,10.49447584],[-62.81666195,10.49429345],[-62.81515265,10.4933151],[-62.81542587,10.49213195],[-62.81664312,10.49059475],[-62.81737661,10.49030054],[-62.81894755,10.4903692],[-62.81981897,10.49233377]],[[-62.81689131,10.48199224],[-62.81681025,10.48251617],[-62.81543481,10.48846555],[-62.81298745,10.49621606],[-62.81275475,10.49681366],[-62.81150973,10.49803495],[-62.81097996,10.49823475],[-62.80867171,10.49824023],[-62.79517353,10.50142336],[-62.79392314,10.50119472],[-62.79159868,10.49988174],[-62.79132831,10.49961567],[-62.79059303,10.49817491],[-62.78873622,10.49302447],[-62.78897905,10.48423445],[-62.79429305,10.46854794],[-62.79488015,10.46356034],[-62.79437065,10.438205],[-62.7972573,10.43464065],[-62.80323064,10.43381882],[-62.80411577,10.43281925],[-62.80440652,10.43282735],[-62.80622804,10.43371785],[-62.80886745,10.44370174],[-62.81386864,10.45398486],[-62.81595015,10.46167576],[-62.81666756,10.4688518],[-62.81689131,10.48199224]],[[-62.7934798,10.42601204],[-62.79187286,10.43662477],[-62.79285216,10.45968175],[-62.79173076,10.46811175],[-62.78334868,10.49327624],[-62.78105295,10.49502432],[-62.77968287,10.49928284],[-62.77864194,10.50092351],[-62.77813661,10.50103772],[-62.77351511,10.50034225],[-62.77072191,10.49903226],[-62.76941872,10.49788737],[-62.766065,10.49344861],[-62.76578796,10.49296832],[-62.75950265,10.47527873],[-62.75344634,10.46613753],[-62.74947751,10.45916665],[-62.74648654,10.45512545],[-62.74239516,10.45149505],[-62.73868787,10.44686556],[-62.73519754,10.44095027],[-62.72252321,10.42569065],[-62.71196234,10.41552365],[-62.69652283,10.39483511],[-62.68461561,10.38201106],[-62.67929065,10.37873065],[-62.67232895,10.37109375],[-62.67225301,10.37109375],[-62.66689265,10.36670804],[-62.65929234,10.35895884],[-62.65328717,10.35108495],[-62.65019095,10.34061897],[-62.64985514,10.33440292],[-62.64988506,10.33162892],[-62.65282834,10.32231617],[-62.65407407,10.31988227],[-62.65592825,10.31678462],[-62.66617215,10.30221856],[-62.66649938,10.30197787],[-62.66709554,10.30221522],[-62.66837537,10.30476427],[-62.67041361,10.30732262],[-62.67023253,10.30785871],[-62.66623187,10.31205535],[-62.66311717,10.31785226],[-62.66294515,10.31879103],[-62.66295373,10.32244051],[-62.6647948,10.32640874],[-62.6661309,10.32801604],[-62.66770065,10.32947862],[-62.68169391,10.33653104],[-62.68328965,10.33782268],[-62.68837285,10.34490216],[-62.69353128,10.3535043],[-62.70017111,10.36041021],[-62.70703554,10.36549485],[-62.71860385,10.36990905],[-62.71931255,10.37033975],[-62.71931696,10.37109375],[-62.71943104,10.37109375],[-62.72245216,10.37491596],[-62.72514796,10.38226545],[-62.72609425,10.38387585],[-62.72871161,10.38670635],[-62.72981167,10.38753605],[-62.7323513,10.38882482],[-62.74330354,10.39178693],[-62.75758314,10.40294635],[-62.77783334,10.41224825],[-62.7934798,10.42601204]],[[-62.72208965,10.36012912],[-62.72115862,10.36390746],[-62.72034586,10.36512876],[-62.71914756,10.36610055],[-62.71869564,10.36599934],[-62.70863426,10.3623625],[-62.70279586,10.35795713],[-62.69553125,10.35052872],[-62.69157684,10.34323442],[-62.68866766,10.33836675],[-62.68476284,10.33395135],[-62.68316746,10.33293498],[-62.66959524,10.32660675],[-62.66728783,10.32480276],[-62.66588795,10.32208777],[-62.66581094,10.32144153],[-62.66652632,10.31844771],[-62.66979623,10.31424797],[-62.67685676,10.30814588],[-62.68098438,10.30669677],[-62.68145335,10.30676997],[-62.68258655,10.30777085],[-62.68277323,10.31016386],[-62.68055165,10.32253921],[-62.6830337,10.32894015],[-62.68354034,10.32950556],[-62.6901865,10.33290005],[-62.69877088,10.33194447],[-62.70355523,10.33060825],[-62.70581126,10.32987273],[-62.70617235,10.3298763],[-62.70992732,10.33164775],[-62.71285307,10.34512496],[-62.71527946,10.35141277],[-62.71848845,10.35667241],[-62.72208965,10.36012912]],[[-62.53746748,8.4889245],[-62.53519464,8.49022198],[-62.53187633,8.49182224],[-62.52180564,8.49969137],[-62.51036537,8.50594592],[-62.50911546,8.5053879],[-62.52669942,8.48982513],[-62.52745855,8.48933554],[-62.53260672,8.48725212],[-62.5365206,8.48725796],[-62.53746748,8.4889245]],[[-62.48995876,8.52547801],[-62.48980248,8.52730382],[-62.48323274,8.53340101],[-62.47945476,8.53624284],[-62.47200525,8.54077613],[-62.46400166,8.54429674],[-62.44769084,8.54718351],[-62.44709766,8.54708254],[-62.43936408,8.54450321],[-62.4375633,8.54336751],[-62.43486476,8.53948164],[-62.43506956,8.53637874],[-62.43302786,8.53500462],[-62.42729735,8.53148615],[-62.41542137,8.5271728],[-62.42939425,8.52263403],[-62.43860042,8.52204227],[-62.46773183,8.52587664],[-62.48747253,8.52407563],[-62.48794115,8.52406251],[-62.48974776,8.52480614],[-62.48995876,8.52547801]],[[-62.46361578,8.54665208],[-62.45595932,8.54800284],[-62.45804512,8.54708576],[-62.46134687,8.54621685],[-62.46361578,8.54665208]],[[-62.44575775,10.04510581],[-62.44491816,10.04757035],[-62.44477403,10.04783225],[-62.44196558,10.05130124],[-62.44145691,10.05159307],[-62.43298125,10.05158865],[-62.41838455,10.04431617],[-62.41312587,10.03323185],[-62.41073251,10.03115153],[-62.41032672,10.02642834],[-62.41177595,10.02323377],[-62.40846956,10.02017164],[-62.40815115,10.01953125],[-62.40657735,10.01362824],[-62.40504432,10.01273763],[-62.40541363,10.01217365],[-62.4053477,10.00924575],[-62.40359926,10.01237357],[-62.40115392,10.01347375],[-62.39881146,10.01374865],[-62.39550447,10.01160073],[-62.39035475,10.00463092],[-62.38771868,9.99654555],[-62.38423073,9.99632311],[-62.38355947,9.99382484],[-62.37925565,9.98897874],[-62.37962425,9.98726535],[-62.37433457,9.98490775],[-62.37408233,9.98454761],[-62.37135947,9.97725117],[-62.3714869,9.97663105],[-62.38038707,9.97219574],[-62.38375068,9.97232294],[-62.38411617,9.9700644],[-62.38442695,9.96969426],[-62.38580275,9.96895075],[-62.3887248,9.96764946],[-62.38939333,9.96744025],[-62.39309657,9.96732235],[-62.38977075,9.96409774],[-62.39180064,9.96287596],[-62.39387035,9.95940042],[-62.39562464,9.95320356],[-62.39491272,9.95196748],[-62.39680076,9.94730222],[-62.39982533,9.94563568],[-62.39961875,9.94401157],[-62.40365946,9.94384921],[-62.40410554,9.94102848],[-62.40181208,9.94026947],[-62.40149605,9.93896043],[-62.40495098,9.94006193],[-62.40606832,9.93590844],[-62.40794373,9.93498743],[-62.40947187,9.93555236],[-62.40939796,9.93798184],[-62.41435945,9.93630791],[-62.41894746,9.93635345],[-62.4192636,9.93616736],[-62.41616285,9.93481934],[-62.41639316,9.93447542],[-62.42014158,9.93524456],[-62.42558956,9.93533027],[-62.42806923,9.93753767],[-62.42918575,9.93975866],[-62.42992103,9.94435716],[-62.42981064,9.94519496],[-62.42912567,9.94660544],[-62.42779231,9.94735587],[-62.42062116,9.94896924],[-62.41846633,9.95075274],[-62.41510117,9.94770145],[-62.41273713,9.94722176],[-62.41259778,9.94758391],[-62.41572881,9.95151186],[-62.41271365,9.95912266],[-62.4127146,9.96881557],[-62.41613555,9.97616613],[-62.42371511,9.98339355],[-62.4264971,9.99040365],[-62.42987835,10.00237834],[-62.43056095,10.02201164],[-62.4336704,10.03326011],[-62.43783104,10.03876746],[-62.44525647,10.04320931],[-62.44563687,10.04403985],[-62.44575775,10.04510581]],[[-62.44273794,9.57547951],[-62.43504095,9.58468175],[-62.43045497,9.59685636],[-62.42889714,9.59901154],[-62.41814518,9.61035466],[-62.41368008,9.61922276],[-62.41338801,9.61959803],[-62.40488935,9.62363493],[-62.40034604,9.62820756],[-62.39792264,9.63422668],[-62.39706504,9.63541722],[-62.39442444,9.63811386],[-62.39277267,9.63945866],[-62.38622165,9.64292884],[-62.38232327,9.64834607],[-62.38145876,9.64896321],[-62.38119125,9.64858747],[-62.38045382,9.64718115],[-62.38047624,9.64218652],[-62.38156307,9.63937998],[-62.38130236,9.63352895],[-62.38573897,9.62069356],[-62.3889389,9.61479366],[-62.39327514,9.60998011],[-62.40331352,9.60303736],[-62.40980685,9.59634876],[-62.41445947,9.58940864],[-62.42094576,9.58452678],[-62.43384123,9.56768024],[-62.43596351,9.56772971],[-62.44020104,9.57016075],[-62.44177926,9.57168972],[-62.44273794,9.57547951]],[[-62.37843323,9.62544596],[-62.37841403,9.63199687],[-62.37423158,9.64617026],[-62.37398326,9.65699625],[-62.37384987,9.65746844],[-62.36769664,9.66796875],[-62.36533642,9.67592382],[-62.36507583,9.67630661],[-62.36061263,9.68034673],[-62.36026633,9.6804893],[-62.35971355,9.68007112],[-62.3606956,9.67834234],[-62.36066616,9.67797983],[-62.35997045,9.67774296],[-62.35966277,9.67788374],[-62.35691226,9.68108261],[-62.35349905,9.68269384],[-62.35319424,9.68265402],[-62.35201144,9.67881834],[-62.35200191,9.67779982],[-62.35392725,9.67479694],[-62.35385931,9.67045987],[-62.35166335,9.66197288],[-62.35205793,9.64717484],[-62.35217714,9.64690888],[-62.36222017,9.63968492],[-62.36938786,9.63137436],[-62.3775382,9.62417817],[-62.37843323,9.62544596]],[[-62.36085844,9.69261324],[-62.35981655,9.70121467],[-62.35749257,9.70580852],[-62.34950876,9.71077383],[-62.33321714,9.72729528],[-62.32764411,9.72969663],[-62.32546866,9.72929382],[-62.3253206,9.72892678],[-62.32796311,9.72083116],[-62.32965756,9.71802247],[-62.33106101,9.71657825],[-62.34224701,9.70594347],[-62.34579134,9.70423424],[-62.35030544,9.69996226],[-62.35719764,9.69338906],[-62.36074364,9.69260395],[-62.36085844,9.69261324]],[[-62.35728276,9.86982417],[-62.35712922,9.87755752],[-62.35626626,9.88098145],[-62.35520017,9.88258183],[-62.35386765,9.88369036],[-62.35349536,9.88343596],[-62.35339868,9.87550998],[-62.35370255,9.87349045],[-62.35614455,9.86786056],[-62.35728276,9.86982417]],[[-62.35658145,9.88827884],[-62.35651135,9.89393318],[-62.35560226,9.89986181],[-62.35531664,9.89975965],[-62.35338473,9.89776075],[-62.35326624,9.89729261],[-62.35298395,9.89006853],[-62.35298026,9.88920486],[-62.35337472,9.8881067],[-62.35532022,9.88716805],[-62.35561621,9.88705325],[-62.35658145,9.88827884]],[[-62.35599625,9.86472905],[-62.35240912,9.87393045],[-62.35198486,9.87639141],[-62.35214138,9.88362944],[-62.35145426,9.90265441],[-62.35066581,9.90811765],[-62.35033035,9.92140377],[-62.34946597,9.92487073],[-62.34917283,9.92534316],[-62.34768593,9.92570567],[-62.34718072,9.92550898],[-62.34539092,9.92372346],[-62.34488106,9.92359161],[-62.33908081,9.92339075],[-62.33741283,9.91993332],[-62.33281267,9.91597891],[-62.33204412,9.91853952],[-62.33328474,9.92677856],[-62.33304954,9.93062568],[-62.33173823,9.93458438],[-62.32882714,9.93801784],[-62.32603335,9.93738246],[-62.32705545,9.94057655],[-62.32541573,9.9442929],[-62.31889212,9.94666731],[-62.31865096,9.94653463],[-62.31925321,9.9433248],[-62.32207215,9.93739295],[-62.32291472,9.93372083],[-62.32128501,9.93167555],[-62.3173387,9.92886913],[-62.31395745,9.92934644],[-62.30965304,9.92654836],[-62.30965245,9.92629957],[-62.31211603,9.90611053],[-62.31190872,9.8930099],[-62.31318522,9.88431478],[-62.31430817,9.88037956],[-62.31527877,9.87765038],[-62.31998003,9.86934614],[-62.32011604,9.86897135],[-62.32367468,9.85576844],[-62.32744551,9.84041894],[-62.32754445,9.83985245],[-62.32720006,9.83353865],[-62.32727611,9.83327687],[-62.33021534,9.8250612],[-62.33276403,9.82235944],[-62.33313274,9.82232082],[-62.33698356,9.82426226],[-62.33935273,9.82615018],[-62.3413918,9.82825875],[-62.34494436,9.83439302],[-62.34662247,9.83922625],[-62.35490024,9.85394406],[-62.35599625,9.86472905]],[[-62.35336673,9.67394495],[-62.35195565,9.67606986],[-62.35029912,9.67143857],[-62.35026026,9.66796875],[-62.3507266,9.66796875],[-62.35151577,9.66584635],[-62.35255527,9.66859817],[-62.35334361,9.67153847],[-62.35336673,9.67394495]],[[-62.34407735,9.96982872],[-62.33684194,9.99048698],[-62.33635378,9.99088442],[-62.33203745,9.9925071],[-62.32954144,9.99179816],[-62.32811224,9.99171257],[-62.32470167,9.98958361],[-62.32172143,9.98585355],[-62.31906807,9.98432255],[-62.31873524,9.98363495],[-62.31852877,9.98057497],[-62.32055366,9.97682858],[-62.32025373,9.97656786],[-62.3184427,9.97775662],[-62.31873596,9.97603273],[-62.31799567,9.97667325],[-62.31518555,9.98637354],[-62.31500351,9.98675334],[-62.31335306,9.98939848],[-62.31308413,9.98955381],[-62.31210613,9.98954523],[-62.31168234,9.98909163],[-62.31050014,9.98594761],[-62.30993426,9.98284614],[-62.30993795,9.97835445],[-62.31108093,9.9700067],[-62.31132424,9.96938312],[-62.3131268,9.96774101],[-62.31707346,9.96648753],[-62.32131422,9.96283722],[-62.3274554,9.96072292],[-62.32823575,9.96070957],[-62.33138645,9.96186471],[-62.33008635,9.96471012],[-62.33112502,9.97137368],[-62.34002805,9.96894026],[-62.34086847,9.96882582],[-62.34397388,9.96937096],[-62.34407735,9.96982872]],[[-62.34178615,9.93568885],[-62.34149146,9.93904245],[-62.34138894,9.93931055],[-62.3374722,9.94416702],[-62.33167386,9.94594193],[-62.33116007,9.94583833],[-62.32922947,9.94092405],[-62.33386135,9.93257844],[-62.33446801,9.92424226],[-62.33521271,9.92391038],[-62.33557725,9.92396772],[-62.33646095,9.92472696],[-62.33652592,9.92811394],[-62.33804655,9.92953336],[-62.33867085,9.93237412],[-62.34126258,9.93347347],[-62.34138417,9.93373406],[-62.34178615,9.93568885]],[[-62.34024537,9.80786657],[-62.33999503,9.80819905],[-62.33930993,9.80851305],[-62.33247197,9.80492175],[-62.32325125,9.80208242],[-62.32274616,9.80196285],[-62.32225573,9.80193865],[-62.32440805,9.80315554],[-62.32429278,9.80355954],[-62.32379222,9.80393696],[-62.32227337,9.80373371],[-62.32100511,9.80298007],[-62.3205806,9.80231965],[-62.32061434,9.80208254],[-62.32154405,9.80165541],[-62.31840336,9.80012918],[-62.30783367,9.79026353],[-62.30517697,9.78557014],[-62.30384552,9.78187454],[-62.30364823,9.77419555],[-62.30400467,9.77162635],[-62.30618715,9.76710665],[-62.30839431,9.76422048],[-62.30936432,9.76410902],[-62.31056833,9.76469016],[-62.31369698,9.76825738],[-62.32683635,9.78924084],[-62.32878506,9.79194725],[-62.33512187,9.79834306],[-62.33993936,9.80648971],[-62.34024537,9.80786657]],[[-62.32911873,9.28222644],[-62.32250166,9.29227066],[-62.32221246,9.29230547],[-62.32056367,9.29222727],[-62.30577004,9.29572844],[-62.30161691,9.29572058],[-62.29961395,9.2951436],[-62.27990031,9.28364527],[-62.27691352,9.28355646],[-62.27411377,9.28812456],[-62.27598596,9.29759276],[-62.27385306,9.30047548],[-62.26885486,9.30278516],[-62.26854444,9.30285955],[-62.26466918,9.30320025],[-62.26138365,9.30321586],[-62.26066184,9.30309904],[-62.25891995,9.30192876],[-62.24413586,9.30156302],[-62.24384665,9.30145395],[-62.24100494,9.29727137],[-62.24267817,9.27895355],[-62.24753535,9.26964104],[-62.25603294,9.25987494],[-62.25785851,9.25252855],[-62.25705373,9.25014102],[-62.25521696,9.24852705],[-62.24889696,9.2484709],[-62.24078965,9.25286353],[-62.23438704,9.26031744],[-62.23200607,9.26000845],[-62.2245388,9.24821115],[-62.21617377,9.24312341],[-62.21415615,9.2403239],[-62.2152009,9.23795736],[-62.22257912,9.23306191],[-62.22498965,9.22640693],[-62.21909142,9.22231221],[-62.20337951,9.21630394],[-62.19324374,9.20437932],[-62.18815792,9.19181836],[-62.19007635,9.18398583],[-62.18922913,9.1793102],[-62.17814875,9.17854178],[-62.1741755,9.17713416],[-62.16748333,9.16705072],[-62.15457785,9.15979695],[-62.15343344,9.15643644],[-62.15365136,9.15172386],[-62.14776111,9.13715172],[-62.13269413,9.12660766],[-62.12995994,9.12590945],[-62.12475014,9.12788045],[-62.12123084,9.12798226],[-62.11276197,9.12558746],[-62.10330367,9.12583697],[-62.10073066,9.12377095],[-62.10043824,9.12341273],[-62.09998071,9.12132311],[-62.100106,9.12031245],[-62.10268962,9.11125648],[-62.10280716,9.11042476],[-62.10238862,9.10742581],[-62.10250616,9.10687947],[-62.10765076,9.09358132],[-62.10767257,9.08930004],[-62.10698593,9.08647954],[-62.10678327,9.08603454],[-62.10240507,9.07977021],[-62.10243237,9.07950354],[-62.11171627,9.07085598],[-62.11317527,9.06871343],[-62.11442721,9.06598091],[-62.11442721,9.06269813],[-62.11138296,9.05396044],[-62.11087871,9.05111361],[-62.11080718,9.04902387],[-62.11095154,9.04855764],[-62.11224997,9.04743624],[-62.11330795,9.04722905],[-62.11762631,9.04850018],[-62.12401462,9.05176163],[-62.13919592,9.06144285],[-62.14495516,9.06704235],[-62.14551544,9.06780565],[-62.14690173,9.07045186],[-62.14661872,9.07738328],[-62.14103401,9.08891106],[-62.1405102,9.09294832],[-62.14121711,9.09555495],[-62.14334273,9.09928405],[-62.1476171,9.10246086],[-62.15122676,9.10418725],[-62.16046858,9.10679984],[-62.16109705,9.10680306],[-62.16388917,9.10607004],[-62.16448891,9.10555971],[-62.1651684,9.10426271],[-62.16497433,9.10002792],[-62.16140997,9.09116018],[-62.16320705,9.08777714],[-62.16991484,9.08736205],[-62.17758572,9.08953226],[-62.18440855,9.08977115],[-62.18913257,9.08786941],[-62.18925846,9.08138537],[-62.18710256,9.07410014],[-62.18794477,9.06937253],[-62.19079781,9.06560028],[-62.19514012,9.06477165],[-62.1991688,9.0666275],[-62.20552528,9.06749284],[-62.20947814,9.06592691],[-62.21171975,9.06342375],[-62.21679115,9.06061494],[-62.21713305,9.06048095],[-62.22314143,9.05988765],[-62.22585654,9.06044102],[-62.2265625,9.06082594],[-62.22680962,9.06371558],[-62.22179174,9.08445251],[-62.22202563,9.08882988],[-62.2265625,9.09207594],[-62.23576152,9.09351897],[-62.24111605,9.09590197],[-62.25020301,9.10380244],[-62.25902855,9.10883832],[-62.26370525,9.11297917],[-62.26463032,9.11842322],[-62.2605226,9.12923706],[-62.26074886,9.13167822],[-62.26252711,9.13352025],[-62.26282966,9.13372171],[-62.26591802,9.13389897],[-62.27861655,9.13176835],[-62.28649855,9.13342571],[-62.29565704,9.13789594],[-62.30149198,9.13879037],[-62.30529952,9.13769817],[-62.30972457,9.13339782],[-62.31680047,9.13017023],[-62.32551134,9.12849247],[-62.32776904,9.12869],[-62.32845688,9.12937021],[-62.32903516,9.13044167],[-62.32897568,9.13408506],[-62.32745302,9.140625],[-62.32822776,9.15531087],[-62.32496262,9.17018712],[-62.32476354,9.17063081],[-62.31917107,9.17766595],[-62.30607295,9.18169105],[-62.30289686,9.18767714],[-62.30489564,9.20510924],[-62.31025934,9.21375906],[-62.31105244,9.2169131],[-62.31002843,9.21845114],[-62.30176556,9.22251832],[-62.30039644,9.22800481],[-62.30039656,9.22875476],[-62.30601382,9.23922265],[-62.30726707,9.24073625],[-62.30950797,9.24243701],[-62.31662357,9.24535835],[-62.32014465,9.2568295],[-62.32335603,9.25812101],[-62.32695627,9.26214182],[-62.32911873,9.28222644]],[[-62.32877982,8.57573593],[-62.31952965,8.5861907],[-62.31666052,8.58870494],[-62.30426085,8.59816706],[-62.29806292,8.60121644],[-62.29758501,8.60135031],[-62.29272735,8.60239947],[-62.28885853,8.60231841],[-62.28510785,8.60125577],[-62.28375781,8.60003698],[-62.28522146,8.59679496],[-62.28150475,8.59430826],[-62.2798326,8.59166896],[-62.27183557,8.58454263],[-62.27358711,8.58262408],[-62.28934217,8.57415032],[-62.29154181,8.57501721],[-62.29219747,8.57301581],[-62.30206943,8.5712074],[-62.30568647,8.57089841],[-62.31773925,8.57369006],[-62.32205856,8.57287455],[-62.32877982,8.57573593]],[[-62.32640541,9.83945668],[-62.32618487,9.84124148],[-62.32542837,9.84207106],[-62.32515848,9.84161806],[-62.32575285,9.83801305],[-62.32598066,9.83774137],[-62.32640541,9.83945668]],[[-62.32450902,9.81839764],[-62.32372737,9.82211328],[-62.32021844,9.82938886],[-62.31379855,9.83915031],[-62.31268251,9.85142303],[-62.31344914,9.86563063],[-62.3107295,9.8764044],[-62.30670345,9.91780734],[-62.30277658,9.92883945],[-62.3003962,9.93487668],[-62.30010796,9.93516135],[-62.28577757,9.94529355],[-62.28399336,9.94562638],[-62.27936065,9.95002246],[-62.27512646,9.95184195],[-62.27452242,9.95177484],[-62.27129066,9.94953501],[-62.26963115,9.94702137],[-62.26653767,9.94182563],[-62.26619315,9.92988956],[-62.26313651,9.91803885],[-62.26127493,9.90220368],[-62.26119125,9.90192533],[-62.25484836,9.89080656],[-62.25068486,9.88589954],[-62.24857211,9.87972546],[-62.2476238,9.85832346],[-62.24790335,9.85554481],[-62.24840724,9.85209751],[-62.25085151,9.84665954],[-62.25096714,9.84644425],[-62.26179123,9.82792532],[-62.27164388,9.81439424],[-62.28116262,9.79515183],[-62.28695917,9.76375926],[-62.2913537,9.75145113],[-62.29244733,9.74756086],[-62.29417956,9.73316586],[-62.29479492,9.73235893],[-62.29694843,9.73022807],[-62.30737376,9.72419035],[-62.31846488,9.71936107],[-62.32116342,9.71885204],[-62.32153273,9.71913636],[-62.32159793,9.71968734],[-62.31597996,9.73144794],[-62.30310905,9.74773514],[-62.30151105,9.74926305],[-62.29887927,9.74976134],[-62.29875398,9.75008404],[-62.29925096,9.75095773],[-62.2997961,9.75107765],[-62.30241692,9.75068486],[-62.30324244,9.75415206],[-62.30324996,9.75710952],[-62.30297744,9.75780356],[-62.29807568,9.76184726],[-62.29599071,9.76786315],[-62.29662657,9.77836216],[-62.29905701,9.78669274],[-62.30200553,9.79237473],[-62.30329883,9.79421926],[-62.30799854,9.798792],[-62.31910801,9.807392],[-62.32105935,9.80951297],[-62.32387245,9.81463945],[-62.32406247,9.815328],[-62.32450902,9.81839764]],[[-62.32384741,9.83551955],[-62.32122016,9.84672368],[-62.32058537,9.85895562],[-62.31721532,9.86381686],[-62.31686246,9.86380994],[-62.31609285,9.86322594],[-62.31502688,9.85917282],[-62.31516075,9.84375],[-62.31506884,9.83902085],[-62.31577015,9.83723581],[-62.32193375,9.83054376],[-62.32301915,9.83000577],[-62.32362163,9.83027947],[-62.32384741,9.83551955]],[[-62.32143641,9.93703544],[-62.32112885,9.93803012],[-62.31682694,9.94703937],[-62.31661463,9.94744921],[-62.31381774,9.94984007],[-62.31330276,9.94973457],[-62.31164587,9.9467504],[-62.30857146,9.94367361],[-62.30522096,9.94158804],[-62.30454183,9.93905854],[-62.30454123,9.93873],[-62.30524564,9.93458211],[-62.30557084,9.93374646],[-62.30922425,9.9288851],[-62.30962741,9.92876947],[-62.31954968,9.93330944],[-62.32093835,9.93528926],[-62.32143641,9.93703544]],[[-62.30967486,9.95365918],[-62.30921686,9.95733476],[-62.30811465,9.96011865],[-62.30745316,9.96058691],[-62.30586016,9.9603281],[-62.3001523,9.95759094],[-62.299474,9.95631695],[-62.29924512,9.95571387],[-62.30232763,9.95071483],[-62.30291665,9.95041955],[-62.30428576,9.95011318],[-62.30672705,9.95091295],[-62.30956078,9.95321405],[-62.30967486,9.95365918]],[[-62.30591345,9.96243215],[-62.30308056,9.97312725],[-62.30269432,9.98549485],[-62.29872584,10.00060534],[-62.29857635,10.00135326],[-62.29673874,10.01568425],[-62.29568505,10.01953125],[-62.29540193,10.01953125],[-62.29181492,10.03142393],[-62.28298354,10.04666257],[-62.28276396,10.05074048],[-62.27876532,10.05580473],[-62.27616167,10.05657697],[-62.25821626,10.05611253],[-62.25192988,10.05968785],[-62.25001323,10.05885637],[-62.25019526,10.05669403],[-62.24995804,10.05625427],[-62.24852896,10.05555618],[-62.24825394,10.05553806],[-62.24724877,10.05714655],[-62.24325144,10.05824614],[-62.24251294,10.05814266],[-62.23922884,10.05579066],[-62.23832405,10.0543462],[-62.23683238,10.04951155],[-62.23683095,10.04866135],[-62.23705924,10.04783595],[-62.23804748,10.04762495],[-62.23931992,10.05056894],[-62.24025655,10.05130994],[-62.24096775,10.0505594],[-62.24008095,10.04512274],[-62.23853242,10.04276931],[-62.23843551,10.04028523],[-62.23683941,10.04266441],[-62.23462105,10.04148495],[-62.2265625,10.02873886],[-62.2265625,10.02845967],[-62.22631454,10.02822864],[-62.22578716,10.02525473],[-62.22590745,10.02455151],[-62.2265625,10.02315843],[-62.22797894,10.01953125],[-62.23768437,10.00908637],[-62.23842001,10.00723577],[-62.23590457,10.0061419],[-62.23629665,10.00481713],[-62.24253011,10.00329983],[-62.27061391,9.97938204],[-62.2749089,9.97853005],[-62.27780855,9.98097694],[-62.27875125,9.98367596],[-62.28211617,9.98493445],[-62.28667545,9.98910332],[-62.28475475,9.98551285],[-62.28470898,9.98256135],[-62.28763545,9.98490965],[-62.28999054,9.98281002],[-62.29083288,9.97917855],[-62.29048824,9.97802615],[-62.28635716,9.97641587],[-62.28682113,9.97140086],[-62.28695595,9.97112453],[-62.28823292,9.96905136],[-62.29405677,9.96568406],[-62.29565942,9.96408534],[-62.29965866,9.95841181],[-62.30021715,9.95822251],[-62.30211437,9.95901442],[-62.30426264,9.96020305],[-62.30591345,9.96243215]],[[-62.30356777,9.72442865],[-62.30335844,9.72484875],[-62.30118692,9.72672582],[-62.294577,9.73055601],[-62.29374444,9.73002243],[-62.29353642,9.72812402],[-62.29471493,9.72656095],[-62.29872394,9.72389615],[-62.30139506,9.72313535],[-62.30210471,9.72318566],[-62.30343115,9.72355235],[-62.30356777,9.72442865]],[[-62.28003252,9.79496241],[-62.27897871,9.7981199],[-62.27518976,9.80537605],[-62.27388585,9.80769682],[-62.27019525,9.81352663],[-62.26987875,9.81395435],[-62.26812661,9.81497645],[-62.26951277,9.80986595],[-62.27622664,9.79662824],[-62.27917194,9.79448867],[-62.27973652,9.79441285],[-62.28003252,9.79496241]],[[-62.27554393,8.56085408],[-62.27541423,8.56181443],[-62.27128387,8.56581867],[-62.26688945,8.56737292],[-62.26540816,8.56648922],[-62.26672328,8.56317627],[-62.26701701,8.56288171],[-62.26861334,8.56172705],[-62.27338564,8.56034315],[-62.27448285,8.56045377],[-62.27554393,8.56085408]],[[-62.26856744,8.56817532],[-62.26686728,8.5709902],[-62.26609123,8.57209492],[-62.26546538,8.57186592],[-62.26469576,8.56975424],[-62.2648437,8.56923306],[-62.26692283,8.56768584],[-62.26809537,8.5676403],[-62.26856744,8.56817532]],[[-62.26030338,9.94015133],[-62.25979698,9.94048583],[-62.25935173,9.94015431],[-62.25820673,9.93933237],[-62.25807381,9.93900096],[-62.2551136,9.92996311],[-62.25463772,9.92776835],[-62.25461686,9.92483008],[-62.25593567,9.92307401],[-62.25630414,9.92300296],[-62.25779235,9.92577434],[-62.25939405,9.93318045],[-62.26030338,9.94015133]],[[-62.22684455,8.62765062],[-62.22684455,8.63657916],[-62.22521937,8.64356363],[-62.22204804,8.64857686],[-62.18587017,8.67507696],[-62.18237591,8.67686784],[-62.17349517,8.67889082],[-62.17380154,8.67687178],[-62.17648041,8.67354906],[-62.19148076,8.66314995],[-62.19693637,8.65806365],[-62.20318878,8.64751613],[-62.20923114,8.63990045],[-62.20962644,8.63904583],[-62.20971727,8.63624442],[-62.21188426,8.63245165],[-62.21285152,8.63119233],[-62.22235584,8.62185216],[-62.22524881,8.62069857],[-62.22684455,8.62765062]],[[-62.22163975,8.61169445],[-62.22091937,8.61328125],[-62.21635306,8.62071943],[-62.20606196,8.63086712],[-62.20198536,8.64132237],[-62.19477046,8.65399265],[-62.19161046,8.65612102],[-62.18962514,8.65587854],[-62.18071258,8.66629458],[-62.16039765,8.68052447],[-62.14431477,8.69782364],[-62.12694407,8.70503747],[-62.12668645,8.70459294],[-62.12661624,8.70425391],[-62.13209975,8.69714463],[-62.13426948,8.69293988],[-62.13592374,8.68868053],[-62.14043724,8.6757797],[-62.14163435,8.66615498],[-62.14132285,8.65876806],[-62.14084876,8.65601361],[-62.13686764,8.63706243],[-62.13692641,8.63093805],[-62.13732195,8.62909734],[-62.13856935,8.62620187],[-62.14210844,8.62253022],[-62.14497995,8.6199578],[-62.15432715,8.61415565],[-62.15658855,8.61328125],[-62.15664506,8.61345792],[-62.15675783,8.61353242],[-62.15692711,8.61355102],[-62.15715277,8.61342072],[-62.15715277,8.61328125],[-62.17174017,8.60834098],[-62.18729424,8.61157584],[-62.21040547,8.61074007],[-62.21909225,8.61162424],[-62.22163975,8.61169445]],[[-62.20705116,9.6401509],[-62.20434403,9.64335942],[-62.20387995,9.6440978],[-62.20274675,9.64635456],[-62.20127726,9.65359604],[-62.20117652,9.65408826],[-62.19977963,9.65765262],[-62.19934976,9.65821767],[-62.18694246,9.67166686],[-62.18552172,9.67238653],[-62.18512845,9.67204225],[-62.18507028,9.66406953],[-62.18675065,9.65162015],[-62.18812704,9.64642704],[-62.18973494,9.64352334],[-62.19058347,9.6425693],[-62.19586515,9.63936365],[-62.19640946,9.63903308],[-62.20253837,9.63898087],[-62.20705116,9.6401509]],[[-62.1989938,8.58545375],[-62.19679534,8.58565843],[-62.19511771,8.58407986],[-62.19536042,8.58376276],[-62.19649065,8.58365345],[-62.1989938,8.58545375]],[[-62.19359195,8.58889926],[-62.18913305,8.59093034],[-62.17364395,8.5934],[-62.16431212,8.59551334],[-62.16282964,8.59506834],[-62.16375506,8.59366214],[-62.16318572,8.59342051],[-62.16275644,8.59333718],[-62.16460013,8.59157681],[-62.16793346,8.58942211],[-62.17683005,8.58484912],[-62.18776774,8.58485162],[-62.19359195,8.58889926]],[[-62.18899298,8.58392084],[-62.18895352,8.58424282],[-62.18894243,8.5843333],[-62.1761862,8.58390451],[-62.16513336,8.59016883],[-62.15039766,8.60258782],[-62.14906776,8.60543334],[-62.14078796,8.61328125],[-62.12969732,8.63183904],[-62.12959003,8.63211167],[-62.12921965,8.64774001],[-62.13060057,8.66712797],[-62.12864733,8.67424226],[-62.12293112,8.67901194],[-62.12013996,8.68047321],[-62.11035931,8.68467855],[-62.10439706,8.68579388],[-62.10142755,8.68582594],[-62.09277654,8.68495917],[-62.08426011,8.68247044],[-62.06587684,8.67070222],[-62.04865778,8.66439855],[-62.02578354,8.65255833],[-62.01370811,8.64795804],[-61.99985266,8.63197541],[-61.99352241,8.6284337],[-61.98971736,8.62447202],[-61.98090804,8.62010443],[-61.97580695,8.61861277],[-61.97268355,8.61837971],[-61.96571207,8.61914063],[-61.96204233,8.62029743],[-61.94585204,8.62841356],[-61.93862951,8.62735415],[-61.9326694,8.62915576],[-61.92235005,8.62999475],[-61.91634226,8.62814021],[-61.90876603,8.62384558],[-61.89934313,8.61357367],[-61.89553845,8.61156464],[-61.88868427,8.61049104],[-61.87557006,8.61264658],[-61.87110543,8.61141002],[-61.86185765,8.60436261],[-61.85211205,8.59999287],[-61.83151042,8.60237002],[-61.81725323,8.5988667],[-61.81244075,8.59629071],[-61.79998183,8.59355402],[-61.79948521,8.59328711],[-61.80111706,8.59116435],[-61.81189001,8.57931781],[-61.8161329,8.57691336],[-61.82897055,8.57432854],[-61.83537745,8.57056475],[-61.84660304,8.56191134],[-61.85394895,8.55284166],[-61.86192834,8.54761112],[-61.87138093,8.53954983],[-61.87765443,8.53632724],[-61.89150596,8.53760135],[-61.90079415,8.53613496],[-61.90753305,8.54005182],[-61.91462445,8.54114926],[-61.95126653,8.537081],[-61.95867026,8.53863764],[-61.96040416,8.54233575],[-61.97078371,8.54827917],[-61.99115372,8.54931903],[-61.99477744,8.54851913],[-62.00490963,8.54160321],[-62.01081192,8.53928435],[-62.01772594,8.53797591],[-62.02534187,8.53882611],[-62.02850103,8.54067087],[-62.02983355,8.54283834],[-62.03134286,8.56227863],[-62.03490782,8.57415342],[-62.03472841,8.57930672],[-62.03726757,8.58579802],[-62.04100263,8.58972776],[-62.05432916,8.59651065],[-62.08361065,8.59994662],[-62.09068155,8.60681021],[-62.09811306,8.61046147],[-62.10342693,8.61043942],[-62.11269045,8.60789394],[-62.11948824,8.60739255],[-62.12794995,8.60212052],[-62.13680553,8.59161127],[-62.14148772,8.57909214],[-62.14550734,8.57552278],[-62.14522517,8.57175708],[-62.16488206,8.57066905],[-62.16538727,8.57079482],[-62.16824114,8.57209957],[-62.17666435,8.57920265],[-62.18772376,8.58186245],[-62.18834686,8.58212852],[-62.18899298,8.58392084]],[[-62.18284488,9.88016236],[-62.18247056,9.88145936],[-62.17965806,9.87874246],[-62.17956555,9.87585092],[-62.18019462,9.87563395],[-62.18205345,9.87814701],[-62.18284488,9.88016236]],[[-62.18111134,8.68937945],[-62.17911303,8.69290125],[-62.17823231,8.69387102],[-62.17507255,8.69593406],[-62.17367315,8.69664013],[-62.16237271,8.69949782],[-62.15830767,8.69857705],[-62.16206276,8.69525385],[-62.16745877,8.69217467],[-62.17278564,8.68950784],[-62.17796195,8.68794978],[-62.17990744,8.68788457],[-62.18068802,8.68812573],[-62.18111134,8.68937945]],[[-62.17780674,9.87067521],[-62.17755306,9.87336457],[-62.17158961,9.86448395],[-62.17121995,9.86020911],[-62.17181766,9.85857594],[-62.17252851,9.85832214],[-62.17354345,9.85872292],[-62.17467916,9.86024737],[-62.17780674,9.87067521]],[[-62.17756295,9.77840137],[-62.17695761,9.78521144],[-62.17407703,9.79525244],[-62.16802073,9.79145587],[-62.16612506,9.78673005],[-62.16760552,9.77358425],[-62.16715026,9.75806093],[-62.16788471,9.7550292],[-62.16843545,9.75430214],[-62.1692301,9.75395918],[-62.16955256,9.75387132],[-62.17072451,9.75516546],[-62.17244542,9.75701702],[-62.17410171,9.761011],[-62.17756295,9.77840137]],[[-62.16880345,8.67857552],[-62.16707933,8.68307126],[-62.16644895,8.68395531],[-62.16188204,8.68793261],[-62.15506637,8.69330037],[-62.14927137,8.69640541],[-62.15975034,8.68287003],[-62.16232026,8.68032777],[-62.16429341,8.6789571],[-62.16776895,8.67748284],[-62.16866672,8.67760014],[-62.16880345,8.67857552]],[[-62.11915541,8.59585011],[-62.11445868,8.60008633],[-62.10453141,8.60602665],[-62.09718382,8.60485327],[-62.0870769,8.59761393],[-62.08671951,8.59646702],[-62.08670592,8.59619606],[-62.11189663,8.59563053],[-62.11915541,8.59585011]],[[-62.11198127,8.72549581],[-62.11057937,8.72888923],[-62.10575247,8.73385596],[-62.10520947,8.73416877],[-62.09091866,8.74016726],[-62.08403265,8.74199295],[-62.08278024,8.74144244],[-62.08552086,8.73646593],[-62.09011042,8.73191965],[-62.10296524,8.72642851],[-62.1053158,8.72594285],[-62.11162615,8.72502553],[-62.11198127,8.72549581]],[[-62.10138035,8.69324136],[-62.10063386,8.69399214],[-62.09666204,8.69556224],[-62.09627461,8.69538403],[-62.09435081,8.69472528],[-62.08945501,8.69051993],[-62.08920205,8.68879414],[-62.10089385,8.69215143],[-62.10124755,8.69235635],[-62.10138035,8.69324136]],[[-62.08150077,9.07119274],[-62.07740593,9.07048237],[-62.07647896,9.07051587],[-62.06935096,9.06738734],[-62.06755364,9.06618488],[-62.06215978,9.06217551],[-62.06140745,9.06148565],[-62.05970573,9.05871511],[-62.05983257,9.05840695],[-62.06577301,9.05795145],[-62.06799364,9.05860937],[-62.06909704,9.06127524],[-62.0758363,9.06472921],[-62.08150077,9.07119274]],[[-62.07580173,8.94458544],[-62.07557726,8.94478405],[-62.06888807,8.94135237],[-62.06678867,8.94093764],[-62.06464016,8.93912804],[-62.06198525,8.93570805],[-62.06097531,8.93310475],[-62.06031716,8.92834854],[-62.06088495,8.92175496],[-62.06206501,8.91752136],[-62.06377256,8.91669297],[-62.06408274,8.91678202],[-62.06896472,8.92394304],[-62.07168806,8.93177593],[-62.07065928,8.93345451],[-62.07394242,8.93914533],[-62.07580173,8.94458544]],[[-62.07176602,9.01268685],[-62.07174504,9.01830113],[-62.07083392,9.02275133],[-62.07029176,9.02363157],[-62.06810403,9.02625465],[-62.06755066,9.02656984],[-62.06058776,9.02942181],[-62.06010854,9.02913845],[-62.05970502,9.02806842],[-62.06017303,9.02354157],[-62.06038225,9.02320266],[-62.06953227,9.01241136],[-62.07075143,9.01157308],[-62.07135868,9.01157522],[-62.07176602,9.01268685]],[[-62.05720007,8.82002854],[-62.05705392,8.82335043],[-62.05241787,8.82601094],[-62.05220532,8.82583904],[-62.05242395,8.82420325],[-62.05438805,8.82098651],[-62.05584228,8.81998146],[-62.05720007,8.82002854]],[[-62.04420614,9.87115896],[-62.03824067,9.86509538],[-62.03737581,9.86375308],[-62.03770435,9.86344695],[-62.03829515,9.86347365],[-62.04044735,9.86498594],[-62.04420614,9.87115896]],[[-62.01346815,8.65500581],[-62.01346374,8.65527546],[-62.01186025,8.65825415],[-62.01133096,8.65877736],[-62.00733423,8.66125095],[-62.00126696,8.66341042],[-61.99798453,8.66382182],[-61.99506974,8.66309547],[-61.99331677,8.66259253],[-61.98457778,8.65725195],[-61.98120821,8.65452385],[-61.97530401,8.6481868],[-61.97208643,8.64627814],[-61.96999371,8.64268506],[-61.96772706,8.6418128],[-61.95833814,8.63285196],[-61.95414615,8.63062096],[-61.95372844,8.62895834],[-61.96421945,8.62514317],[-61.96829081,8.62407684],[-61.97446775,8.62301743],[-61.97649646,8.62325454],[-61.97871006,8.62395215],[-61.98467422,8.62742734],[-61.98622668,8.62863672],[-61.99198604,8.63434196],[-61.99611688,8.63643014],[-61.99991703,8.64145756],[-62.00769305,8.64731681],[-62.00788832,8.64751792],[-62.01346815,8.65500581]],[[-61.99156475,8.54130304],[-61.98605514,8.54524255],[-61.98526585,8.54543805],[-61.98339367,8.54574025],[-61.97540474,8.54455721],[-61.97250414,8.54444957],[-61.96611834,8.54201198],[-61.96376145,8.54021263],[-61.96819055,8.54132283],[-61.96822655,8.54021394],[-61.9677633,8.53996313],[-61.96388721,8.53784716],[-61.97137582,8.53910971],[-61.97112954,8.54123223],[-61.9738723,8.53991532],[-61.97869122,8.54073656],[-61.98775661,8.54027104],[-61.99156475,8.54130304]],[[-61.89687812,8.61661208],[-61.89033842,8.61459053],[-61.88254082,8.61313975],[-61.89119136,8.61247396],[-61.89146674,8.61265457],[-61.89362204,8.61328125],[-61.89687812,8.61661208]],[[-61.87350774,10.63793242],[-61.86637282,10.64041734],[-61.86285281,10.64021087],[-61.8586961,10.64297605],[-61.85622847,10.6420691],[-61.85573435,10.64151788],[-61.85557175,10.64010036],[-61.85582435,10.63995671],[-61.86400914,10.63787317],[-61.86733806,10.63577926],[-61.86784184,10.63565934],[-61.87259781,10.63593006],[-61.87346256,10.63675666],[-61.87350774,10.63793242]],[[-61.86070204,10.74916935],[-61.86010945,10.750337],[-61.85839093,10.75138175],[-61.85751045,10.75075138],[-61.85745692,10.75041854],[-61.85854781,10.74823093],[-61.86039352,10.74872744],[-61.86070204,10.74916935]],[[-61.83216524,9.78174651],[-61.83004963,9.7891587],[-61.82333064,9.80316043],[-61.81921625,9.80376542],[-61.81626415,9.80471635],[-61.81419075,9.80389714],[-61.81035984,9.80135262],[-61.80741274,9.79498875],[-61.80426407,9.78539968],[-61.80503297,9.78092945],[-61.80558395,9.77918696],[-61.81027067,9.76832294],[-61.81056273,9.76800597],[-61.81488645,9.76649225],[-61.82163274,9.76596606],[-61.82542932,9.76696587],[-61.82882214,9.76943314],[-61.83161843,9.77589464],[-61.83216524,9.78174651]],[[-61.81563854,8.60555196],[-61.81522727,8.60663176],[-61.81329334,8.60852242],[-61.81137252,8.60973895],[-61.80970788,8.61055815],[-61.80411875,8.61218274],[-61.80184495,8.61176968],[-61.79765713,8.61027122],[-61.79524708,8.60870075],[-61.79057443,8.6033653],[-61.79059315,8.60296524],[-61.79280496,8.60103393],[-61.7954452,8.59995627],[-61.79730678,8.59935975],[-61.80141854,8.59941983],[-61.81186748,8.60243785],[-61.81563854,8.60555196]],[[-61.79144335,8.58900201],[-61.78932464,8.59512663],[-61.78402805,8.59955764],[-61.77866721,8.60270691],[-61.77801347,8.60244656],[-61.75057256,8.59971035],[-61.72306287,8.60142791],[-61.7182641,8.60128343],[-61.71383595,8.60097492],[-61.70532668,8.59898376],[-61.70281875,8.59806514],[-61.69649804,8.59365106],[-61.71605134,8.59046614],[-61.72959697,8.58451295],[-61.73475266,8.58067715],[-61.73810005,8.57930291],[-61.73852146,8.57930243],[-61.74192846,8.58039916],[-61.74781275,8.58466876],[-61.75251245,8.58557165],[-61.76627576,8.58541822],[-61.77199745,8.58927143],[-61.77493107,8.58841097],[-61.77731836,8.58547485],[-61.78003383,8.58510745],[-61.79144335,8.58900201]],[[-61.78863144,8.60760605],[-61.78781736,8.60830891],[-61.78677356,8.60810494],[-61.78315401,8.60702205],[-61.78308892,8.60670233],[-61.78637636,8.60512602],[-61.78756511,8.60519815],[-61.78803647,8.60585594],[-61.78863144,8.60760605]],[[-61.78504395,9.2489475],[-61.78481865,9.25304568],[-61.78368807,9.25851142],[-61.78192866,9.25082696],[-61.7779597,9.24564075],[-61.77755165,9.24031842],[-61.77836335,9.23769832],[-61.77874684,9.23746455],[-61.78175998,9.2399255],[-61.78396964,9.24326706],[-61.78462756,9.24531186],[-61.78504395,9.2489475]],[[-61.69984603,8.61561835],[-61.69781792,8.61767113],[-61.69137597,8.61851072],[-61.68724418,8.61822915],[-61.67762136,8.61759245],[-61.67665982,8.61741245],[-61.65763307,8.61223185],[-61.64992964,8.60832155],[-61.66236615,8.60559487],[-61.67565894,8.60491073],[-61.67647541,8.60493994],[-61.68525255,8.60833025],[-61.68604612,8.60856736],[-61.69984603,8.61561835]],[[-61.65008235,8.59170008],[-61.64960527,8.59243417],[-61.64720654,8.59352386],[-61.64121604,8.59569585],[-61.62677288,8.59913707],[-61.61979258,8.59988844],[-61.61705565,8.59986007],[-61.61414754,8.59914064],[-61.58808696,8.59493303],[-61.58594024,8.59437513],[-61.58395922,8.59344137],[-61.57156396,8.58449495],[-61.57124317,8.58431184],[-61.55605781,8.57754755],[-61.55588412,8.57718301],[-61.56890523,8.57136536],[-61.57589316,8.56870031],[-61.58790505,8.56900346],[-61.59668064,8.57050896],[-61.60849011,8.57028294],[-61.61299121,8.56898856],[-61.62165225,8.56980693],[-61.62306786,8.57009757],[-61.63476944,8.57396924],[-61.64481986,8.58743048],[-61.64967978,8.59100223],[-61.65008235,8.59170008]],[[-61.64516795,9.51021612],[-61.64345133,9.51321125],[-61.64481938,9.50796437],[-61.64516473,9.50783455],[-61.64516795,9.51021612]],[[-61.64427304,9.86416614],[-61.64122355,9.86421168],[-61.64106834,9.86308932],[-61.64165306,9.86262071],[-61.64254665,9.86261368],[-61.64427304,9.86416614]],[[-61.64320195,9.83377421],[-61.64272153,9.83529985],[-61.64208221,9.83598554],[-61.64119172,9.83639371],[-61.63935125,9.83649552],[-61.63794374,9.83514655],[-61.63878393,9.83389008],[-61.63947606,9.83360875],[-61.64213264,9.83318162],[-61.64316273,9.83334374],[-61.64320195,9.83377421]],[[-61.57061362,9.59523368],[-61.56706345,9.60236895],[-61.56595683,9.60347748],[-61.56262374,9.60541856],[-61.55629146,9.60792112],[-61.55576825,9.60681868],[-61.55795705,9.60289133],[-61.5643959,9.59626544],[-61.56801605,9.59405971],[-61.57048845,9.59487581],[-61.57061362,9.59523368]],[[-61.56975496,8.56240451],[-61.56948495,8.56254923],[-61.56583714,8.56075335],[-61.56240904,8.55565464],[-61.56777585,8.55941093],[-61.56910157,8.56064224],[-61.56975496,8.56240451]],[[-61.56575406,8.56326365],[-61.56459963,8.56481755],[-61.55762792,8.56718361],[-61.55180097,8.57004082],[-61.53709733,8.57227516],[-61.53578484,8.57040823],[-61.53249466,8.57097316],[-61.51532125,8.56680393],[-61.50225771,8.56487274],[-61.48407292,8.56598854],[-61.47209454,8.5656023],[-61.46254671,8.56967914],[-61.44631481,8.57435703],[-61.42808604,8.58259666],[-61.42491758,8.58289707],[-61.42044735,8.58302593],[-61.40981352,8.58186722],[-61.39358091,8.57568741],[-61.39164746,8.57517242],[-61.37344074,8.57186794],[-61.37096703,8.57167482],[-61.36853647,8.57156754],[-61.35510397,8.57347715],[-61.33288264,8.57367027],[-61.31202841,8.57682455],[-61.30310917,8.57663155],[-61.29973722,8.57646763],[-61.27619743,8.57169974],[-61.27136803,8.57008243],[-61.27048457,8.56974006],[-61.26770127,8.56765032],[-61.2622565,8.56377733],[-61.26142168,8.56292605],[-61.26024055,8.55880356],[-61.26224506,8.55141115],[-61.26636624,8.54481006],[-61.27113712,8.53221726],[-61.27623284,8.52604675],[-61.27905703,8.52013004],[-61.27997041,8.51438141],[-61.28357768,8.50541174],[-61.28359961,8.5013659],[-61.28229356,8.49790776],[-61.28199947,8.49750912],[-61.27705395,8.49460328],[-61.27358246,8.49428391],[-61.27323794,8.49436104],[-61.26470256,8.49827528],[-61.25468814,8.50009096],[-61.25440538,8.50018775],[-61.24438155,8.50571835],[-61.23925376,8.50662065],[-61.23407483,8.50461221],[-61.22486782,8.49488807],[-61.22046685,8.49365461],[-61.21689713,8.49389195],[-61.21124697,8.49593747],[-61.20747542,8.49900603],[-61.20374835,8.50906885],[-61.20245874,8.51137185],[-61.20086002,8.51186717],[-61.19430065,8.51032996],[-61.18700421,8.50150526],[-61.18331134,8.49882925],[-61.18294084,8.49767625],[-61.18788671,8.49239016],[-61.19289267,8.48180723],[-61.19519544,8.47966361],[-61.20049608,8.47837496],[-61.21637177,8.47874224],[-61.22532725,8.47606266],[-61.24788547,8.46492136],[-61.25296402,8.46515298],[-61.27803254,8.47495472],[-61.29247272,8.47601151],[-61.29498816,8.47742927],[-61.29597783,8.47868693],[-61.29692614,8.48032022],[-61.29968882,8.48678005],[-61.299878,8.48934507],[-61.30019593,8.48969221],[-61.30173552,8.4901669],[-61.30429077,8.48916233],[-61.31192112,8.49051321],[-61.3155446,8.48842573],[-61.32181525,8.47637153],[-61.32357526,8.47409582],[-61.32471037,8.47297776],[-61.33510017,8.46654642],[-61.33961415,8.46610534],[-61.34324634,8.46795154],[-61.34613395,8.47219503],[-61.3510915,8.48114932],[-61.35348666,8.48798406],[-61.35449874,8.48847127],[-61.35768485,8.48847747],[-61.36517703,8.49102294],[-61.3661803,8.49114704],[-61.37197792,8.49020493],[-61.38339293,8.48078871],[-61.39322805,8.47788668],[-61.39401805,8.47776043],[-61.40803885,8.4763602],[-61.41957974,8.47761607],[-61.42257965,8.47931826],[-61.42586303,8.47793031],[-61.42889822,8.47982621],[-61.43383515,8.48816228],[-61.43842173,8.49159992],[-61.46381676,8.50098515],[-61.46917641,8.50220168],[-61.47800791,8.5020256],[-61.48295724,8.50369167],[-61.48627365,8.50560296],[-61.48958504,8.50888145],[-61.49295795,8.51412165],[-61.49310052,8.51463604],[-61.49318802,8.51897192],[-61.49130178,8.52441084],[-61.49106038,8.52969551],[-61.49314928,8.53540695],[-61.50218737,8.53790641],[-61.51142514,8.53522825],[-61.52408505,8.53574383],[-61.53486645,8.53763807],[-61.54185212,8.53996623],[-61.55096388,8.54387724],[-61.55744052,8.54767752],[-61.55930567,8.55339682],[-61.5585469,8.55574834],[-61.56575406,8.56326365]],[[-61.55945694,8.57378983],[-61.55517972,8.57589281],[-61.54956186,8.57527196],[-61.55563807,8.57346642],[-61.55945694,8.57378983]],[[-61.39904964,8.58409882],[-61.39219201,8.58435631],[-61.38687336,8.5823822],[-61.38357484,8.58169556],[-61.37914801,8.58122337],[-61.38411737,8.57937813],[-61.39158428,8.57997894],[-61.39766073,8.58229625],[-61.39904964,8.58409882]],[[-61.39575112,8.60469806],[-61.38950098,8.60547066],[-61.36185205,8.59491336],[-61.34937382,8.59227407],[-61.34529376,8.58929145],[-61.33904386,8.58903396],[-61.32804155,8.58328342],[-61.32808495,8.58259666],[-61.32901812,8.58212471],[-61.34600997,8.57851982],[-61.35312796,8.58109474],[-61.36033285,8.58169556],[-61.36193883,8.58208168],[-61.36723375,8.58418465],[-61.38490045,8.59645843],[-61.39253914,8.59980583],[-61.39479625,8.60143661],[-61.39575112,8.60469806]],[[-61.27958846,8.50334513],[-61.27906072,8.50636935],[-61.27285385,8.52392602],[-61.26511383,8.53473616],[-61.26172304,8.54794848],[-61.25598431,8.55726707],[-61.25606096,8.56687355],[-61.25604618,8.5669049],[-61.25138414,8.56992316],[-61.22853291,8.57957697],[-61.21900284,8.58172405],[-61.21630931,8.58170056],[-61.21381116,8.58112955],[-61.20338714,8.57595956],[-61.19089747,8.57139885],[-61.17514968,8.55865145],[-61.16275752,8.5566107],[-61.16264164,8.55649924],[-61.15779173,8.54941416],[-61.15072405,8.54921555],[-61.14858115,8.54226518],[-61.14211071,8.54175985],[-61.13909745,8.53849125],[-61.13872552,8.53825176],[-61.13630235,8.53774512],[-61.13500917,8.53796065],[-61.12734187,8.54370666],[-61.12294543,8.54879773],[-61.11992466,8.54943967],[-61.11534596,8.54537153],[-61.11278403,8.53954315],[-61.10872161,8.53535664],[-61.10555267,8.52948904],[-61.09831452,8.52896225],[-61.09490275,8.52486396],[-61.09271562,8.52510047],[-61.07829714,8.54043806],[-61.07492292,8.54144704],[-61.06817877,8.54100633],[-61.06233132,8.5475353],[-61.06073987,8.54793513],[-61.05556321,8.5451498],[-61.04030168,8.54121494],[-61.03747404,8.53786993],[-61.03639007,8.53465843],[-61.03061247,8.52807307],[-61.03013015,8.52713644],[-61.02999055,8.52590966],[-61.0301311,8.52546585],[-61.03400266,8.51992547],[-61.03484142,8.51931512],[-61.04627693,8.51652062],[-61.05835366,8.51141024],[-61.07621574,8.50122833],[-61.07697356,8.50100577],[-61.08374143,8.50008881],[-61.08423436,8.50007558],[-61.10091364,8.50048101],[-61.11640668,8.49702108],[-61.13514328,8.49668241],[-61.13926697,8.49725175],[-61.15169775,8.50247014],[-61.16549635,8.50570345],[-61.16795647,8.50569308],[-61.1722728,8.50449264],[-61.17371261,8.50306225],[-61.17810702,8.50278854],[-61.17956614,8.50279713],[-61.18472922,8.50532806],[-61.19491744,8.51520681],[-61.20083666,8.51665664],[-61.20582676,8.51388121],[-61.21055651,8.50075614],[-61.21632147,8.4979068],[-61.22299004,8.49793231],[-61.2262398,8.50040472],[-61.23237717,8.50856972],[-61.23744476,8.50966954],[-61.24617147,8.50824833],[-61.25351191,8.50421667],[-61.26425314,8.50173068],[-61.26938212,8.49880254],[-61.27467334,8.49833584],[-61.27763605,8.49989545],[-61.27958846,8.50334513]],[[-61.24537516,8.45815742],[-61.24535716,8.4592092],[-61.24490571,8.45964324],[-61.23268151,8.46646965],[-61.22896194,8.46797538],[-61.22862804,8.46765506],[-61.23116004,8.46224713],[-61.23200965,8.46141148],[-61.23647714,8.45794606],[-61.23792386,8.45554376],[-61.24167776,8.45497215],[-61.24391866,8.45594013],[-61.24474215,8.45676196],[-61.24537516,8.45815742]],[[-61.19893396,8.6851567],[-61.19876528,8.68683135],[-61.19402027,8.69868815],[-61.19365156,8.68365777],[-61.19419193,8.68319762],[-61.19785261,8.68311381],[-61.19893396,8.6851567]],[[-61.19667804,8.64379632],[-61.19522858,8.65121341],[-61.19507921,8.65163398],[-61.19413507,8.65382636],[-61.19143546,8.65601015],[-61.1945194,8.64500415],[-61.19590235,8.64242554],[-61.19646275,8.64238346],[-61.19667804,8.64379632]],[[-61.16612887,8.73368061],[-61.16534817,8.73636246],[-61.15987742,8.73967016],[-61.16352212,8.73472035],[-61.16498482,8.73381114],[-61.16612887,8.73368061]],[[-61.15655267,8.84136033],[-61.15629268,8.8427515],[-61.15516245,8.84530425],[-61.15295553,8.84679115],[-61.15270412,8.84263611],[-61.15327954,8.8390882],[-61.15449655,8.83724976],[-61.155074,8.83721447],[-61.15547752,8.83758175],[-61.15655267,8.84136033]],[[-61.12570405,8.76925921],[-61.1254791,8.76990426],[-61.12142313,8.77709806],[-61.12073255,8.77808213],[-61.11787283,8.78074765],[-61.11475694,8.78177285],[-61.11861825,8.77095068],[-61.11909723,8.77024961],[-61.12065911,8.76857364],[-61.12113476,8.76833165],[-61.1242094,8.76745355],[-61.12537456,8.76749873],[-61.12570405,8.76925921]],[[-61.09885514,8.80032134],[-61.09859765,8.80321395],[-61.09713864,8.80741191],[-61.09296977,8.81059802],[-61.09182036,8.81110477],[-61.08600152,8.81107545],[-61.08234084,8.81007826],[-61.07758164,8.80982804],[-61.07944834,8.80733407],[-61.08715177,8.80332363],[-61.09634721,8.79975343],[-61.09885514,8.80032134]],[[-61.0469352,8.82742941],[-61.04431951,8.83118713],[-61.04344714,8.83180463],[-61.03851497,8.83434856],[-61.03189516,8.83478916],[-61.03715217,8.82742572],[-61.04119921,8.82555366],[-61.04498148,8.82511723],[-61.0460304,8.82536221],[-61.04679167,8.82605064],[-61.0469352,8.82742941]],[[-61.03501773,8.71894741],[-61.03429782,8.71963513],[-61.03376257,8.71911645],[-61.03107071,8.71952343],[-61.02192914,8.71830785],[-61.02159774,8.71825302],[-61.01778734,8.71610916],[-61.01563334,8.71542025],[-61.01562023,8.71503651],[-61.01585293,8.71458805],[-61.02212048,8.71431506],[-61.02650583,8.71518946],[-61.03215873,8.71683776],[-61.03490841,8.71846342],[-61.03501773,8.71894741]],[[-61.01925886,8.50571954],[-61.01407433,8.50643372],[-61.01043296,8.50548232],[-61.00946641,8.50400448],[-61.0141623,8.50071263],[-61.01736331,8.50141096],[-61.01925886,8.50571954]]],[[[-61.47726965,8.92979312],[-61.46320772,8.93446076],[-61.44691265,8.94824207],[-61.43936348,8.96061218],[-61.43395734,8.96437645],[-61.42933273,8.96408474],[-61.42425513,8.96176255],[-61.42125464,8.95885253],[-61.41871822,8.95202005],[-61.41019034,8.95482135],[-61.40578401,8.95894635],[-61.40263665,8.96023464],[-61.39775336,8.94884717],[-61.39420402,8.94619334],[-61.39102864,8.94616425],[-61.38268948,8.95385695],[-61.36958992,8.96091497],[-61.36252022,8.96732914],[-61.35660422,8.98189402],[-61.3556236,9.00157535],[-61.35251415,9.00570822],[-61.34920275,9.00767493],[-61.34873104,9.00787616],[-61.32569253,9.00911653],[-61.31219625,9.00647056],[-61.29877222,9.00622475],[-61.29287696,9.00773835],[-61.28396738,9.01298237],[-61.28372872,9.01997435],[-61.2909342,9.02280533],[-61.29298604,9.02497113],[-61.29564905,9.03169918],[-61.30053103,9.03630996],[-61.29992783,9.04250002],[-61.29751885,9.04523027],[-61.29096365,9.04330063],[-61.28159785,9.04336357],[-61.27613127,9.04226387],[-61.2655344,9.03773046],[-61.26242554,9.03854716],[-61.25916004,9.04171216],[-61.25774825,9.04478121],[-61.25798178,9.04844665],[-61.25940371,9.04991496],[-61.26903236,9.05193186],[-61.27150786,9.05503011],[-61.27168095,9.05741894],[-61.27094865,9.05960774],[-61.263677,9.06736231],[-61.26141906,9.07300246],[-61.26077902,9.07883346],[-61.25630331,9.08803034],[-61.25385773,9.09121644],[-61.24981058,9.09361494],[-61.24690223,9.09384167],[-61.24175978,9.09146845],[-61.23410451,9.08459103],[-61.22285998,9.07854891],[-61.21298015,9.07706165],[-61.20510745,9.08151305],[-61.1996932,9.08858311],[-61.19820905,9.09443796],[-61.19895101,9.10313904],[-61.19767213,9.10490787],[-61.19576025,9.10513258],[-61.18757725,9.09969282],[-61.18098271,9.09992695],[-61.16298115,9.10717106],[-61.15547705,9.11508357],[-61.14966846,9.11715806],[-61.14420176,9.11766565],[-61.13596141,9.11705232],[-61.13100207,9.11450255],[-61.12431443,9.10905051],[-61.11994934,9.10817826],[-61.11587095,9.10997272],[-61.10292637,9.12152851],[-61.10130525,9.12084556],[-61.10050285,9.11784565],[-61.10191965,9.1147294],[-61.10763335,9.11015522],[-61.11609244,9.10718083],[-61.12802911,9.10087395],[-61.16172695,9.09390652],[-61.16699541,9.09041321],[-61.14911616,9.09539783],[-61.13155031,9.09818482],[-61.12263513,9.09852386],[-61.12060297,9.09945047],[-61.1212548,9.10132623],[-61.11982083,9.10394847],[-61.11952841,9.10414743],[-61.10448635,9.10971618],[-61.10400534,9.10997403],[-61.10114098,9.11277163],[-61.09964645,9.11536551],[-61.09961545,9.11866903],[-61.10150695,9.12276506],[-61.10163772,9.12331116],[-61.10290146,9.13143265],[-61.10289824,9.13248384],[-61.10218513,9.13564753],[-61.10118902,9.13745725],[-61.10058177,9.13792753],[-61.0978806,9.13936198],[-61.09704316,9.13972938],[-61.08605731,9.14149201],[-61.08041525,9.14641356],[-61.07683778,9.14561725],[-61.07265317,9.14289784],[-61.06878614,9.14204943],[-61.05525184,9.1416738],[-61.05459332,9.140625],[-61.05697882,9.13691282],[-61.06644595,9.12739945],[-61.07005203,9.12146234],[-61.0576241,9.13305128],[-61.04480422,9.140625],[-61.03977561,9.14092374],[-61.03948307,9.14086425],[-61.03961515,9.140625],[-61.03943884,9.140625],[-61.04472375,9.13229084],[-61.07751751,9.09942114],[-61.08870685,9.08482087],[-61.09135473,9.08422017],[-61.09498751,9.07545996],[-61.10820854,9.05561554],[-61.10979032,9.05144501],[-61.11747217,9.04252708],[-61.12155235,9.04052424],[-61.12206674,9.03934348],[-61.12184525,9.03888536],[-61.12122154,9.03860414],[-61.11859226,9.03965962],[-61.11525238,9.04250288],[-61.10923111,9.04966116],[-61.10469925,9.05319583],[-61.10361731,9.05550015],[-61.09361577,9.06442177],[-61.09119105,9.06733656],[-61.08877385,9.07059932],[-61.08662498,9.07463646],[-61.08236635,9.08552778],[-61.07510865,9.09504676],[-61.07470977,9.09940124],[-61.07386041,9.10053301],[-61.06672192,9.10769784],[-61.06334305,9.10940552],[-61.04172015,9.13272285],[-61.03641796,9.13987768],[-61.03633285,9.140625],[-61.03594124,9.140625],[-61.03330851,9.14389074],[-61.03135777,9.14523947],[-61.01300037,9.15322995],[-61.00261974,9.1613543],[-61,9.1641330199318],[-61,9.175172100288528],[-61.00494981,9.17071295],[-61.00966775,9.16372216],[-61.02583694,9.15262926],[-61.02649605,9.15126896],[-61.029603,9.14983964],[-61.03269446,9.14985776],[-61.03453398,9.14640963],[-61.03474617,9.14620304],[-61.03697085,9.14494598],[-61.03855288,9.14441574],[-61.04453981,9.1437273],[-61.05111468,9.14724815],[-61.0597651,9.14705801],[-61.06395531,9.14535642],[-61.06781566,9.1454643],[-61.07121098,9.14598095],[-61.07802737,9.14762986],[-61.0856781,9.15353501],[-61.08666074,9.15380037],[-61.08982933,9.15454483],[-61.09140372,9.15449417],[-61.09485126,9.15352643],[-61.09601331,9.15296924],[-61.10004973,9.14909053],[-61.10667896,9.1387639],[-61.10608804,9.13050413],[-61.10387492,9.12548876],[-61.10438573,9.12337732],[-61.11352575,9.11487877],[-61.11894345,9.11210847],[-61.12203586,9.11118841],[-61.12249374,9.11125255],[-61.12498462,9.11191654],[-61.12933755,9.11630285],[-61.13336492,9.11843574],[-61.13458765,9.11880314],[-61.14744914,9.11997771],[-61.15347445,9.11843777],[-61.16643262,9.1083889],[-61.17231333,9.10522628],[-61.18319476,9.10185611],[-61.18780065,9.10231924],[-61.19342375,9.10566628],[-61.19851935,9.10612416],[-61.20035553,9.10407746],[-61.20030594,9.09351993],[-61.20287752,9.08661234],[-61.20312905,9.08622813],[-61.20694995,9.08277965],[-61.20723581,9.08263135],[-61.21217966,9.08094382],[-61.21581805,9.08078635],[-61.22415304,9.08234251],[-61.239995,9.09153044],[-61.24154878,9.09499407],[-61.23828781,9.10357881],[-61.23801553,9.10588443],[-61.23814261,9.10652375],[-61.23986721,9.10878384],[-61.2406584,9.10956836],[-61.24235058,9.11028886],[-61.24381483,9.11051953],[-61.24722111,9.10923862],[-61.24970055,9.10764158],[-61.25765502,9.10160315],[-61.25814915,9.10142195],[-61.26105726,9.10050654],[-61.26841545,9.10028982],[-61.27594197,9.09814656],[-61.27704871,9.09760058],[-61.27986658,9.09589374],[-61.28427506,9.08975935],[-61.28976953,9.0856744],[-61.29308403,9.08636284],[-61.29968142,9.0834558],[-61.30511105,9.08335185],[-61.30548763,9.08316576],[-61.30682421,9.08178937],[-61.3065418,9.08132446],[-61.29994833,9.08136284],[-61.29621816,9.08342671],[-61.29541337,9.08356142],[-61.29290283,9.08300364],[-61.28662574,9.08642101],[-61.27364826,9.09764814],[-61.25872946,9.09954214],[-61.24457955,9.10906565],[-61.24095523,9.10862935],[-61.23920524,9.10637903],[-61.23886156,9.10509396],[-61.23897374,9.10396135],[-61.24271774,9.09412754],[-61.25049555,9.09480906],[-61.25527191,9.09176016],[-61.2581526,9.08778143],[-61.26162565,9.08087528],[-61.26527047,9.06853461],[-61.27003312,9.06352282],[-61.27334011,9.05672824],[-61.27319491,9.05373502],[-61.27110493,9.05104864],[-61.25957227,9.04877996],[-61.25916088,9.04479027],[-61.2608633,9.04119921],[-61.26238477,9.03965282],[-61.26525545,9.03904808],[-61.26783872,9.03965127],[-61.27531064,9.04399514],[-61.29069448,9.04447901],[-61.29710674,9.0464555],[-61.30061007,9.04394436],[-61.30173957,9.04141211],[-61.30188286,9.03532445],[-61.29598367,9.02982843],[-61.29518437,9.02393305],[-61.29490244,9.02363634],[-61.29084265,9.02116525],[-61.2850461,9.01958847],[-61.28486025,9.01688373],[-61.28529787,9.01594293],[-61.28716016,9.01432455],[-61.28839743,9.01341391],[-61.29530585,9.00923705],[-61.30275452,9.0079658],[-61.30844843,9.00945711],[-61.31747687,9.00932205],[-61.32931173,9.01105964],[-61.34678435,9.00988162],[-61.35227835,9.00816965],[-61.35566998,9.00567675],[-61.35821652,9.00121248],[-61.35830784,8.98314166],[-61.36025083,8.97583926],[-61.36319125,8.97048247],[-61.36917806,8.96347976],[-61.38217068,8.95640087],[-61.3914268,8.94785583],[-61.39449668,8.94784355],[-61.39646435,8.95036316],[-61.40089595,8.96203482],[-61.40320671,8.96254015],[-61.40810835,8.96118355],[-61.41748631,8.95455933],[-61.42011535,8.95968068],[-61.42360055,8.96306682],[-61.42714596,8.96484375],[-61.43326688,8.96589315],[-61.43702924,8.96484375],[-61.44025147,8.96229196],[-61.44516444,8.95223343],[-61.44939041,8.94726646],[-61.46341515,8.93641007],[-61.47700071,8.93147731],[-61.47726655,8.93127263],[-61.47726965,8.92979312]],[[-61.10064125,9.06317687],[-61.10063636,9.06349671],[-61.09945023,9.06820607],[-61.08693516,9.08504784],[-61.08514047,9.08748317],[-61.08351457,9.08838916],[-61.08779478,9.075266],[-61.09165895,9.06804037],[-61.09665215,9.06283283],[-61.09874344,9.06131756],[-61.09979403,9.06137145],[-61.10009456,9.06154001],[-61.10064125,9.06317687]],[[-61.10063934,9.14184332],[-61.09974146,9.14469278],[-61.09592593,9.15053272],[-61.08865333,9.15312445],[-61.08288717,9.14913511],[-61.08233476,9.14756846],[-61.08251142,9.14715326],[-61.08370447,9.14560735],[-61.08668315,9.14260721],[-61.09570622,9.14137375],[-61.10000944,9.14040184],[-61.10037553,9.140625],[-61.10063934,9.14184332]],[[-61.05615902,9.13668942],[-61.05597186,9.13714182],[-61.05355787,9.14048553],[-61.05355787,9.140625],[-61.05076206,9.14133155],[-61.04950643,9.140625],[-61.04960465,9.140625],[-61.04879677,9.1401813],[-61.04844832,9.13914633],[-61.04974592,9.13786471],[-61.05578744,9.13451254],[-61.05611742,9.13448644],[-61.05615902,9.13668942]]],[[[-61.06161594,8.89242864],[-61.06130314,8.89209378],[-61.05930221,8.89189434],[-61.05223346,8.89577937],[-61.04803968,8.89907587],[-61.03979945,8.90721965],[-61.03703201,8.91062725],[-61.03354597,8.9156363],[-61.03075063,8.92055774],[-61.03061342,8.92090321],[-61.02511418,8.94210374],[-61.01875615,8.95350945],[-61.01539075,8.95567524],[-61,8.95883992787111],[-61,8.960359765549644],[-61.00067556,8.96003425],[-61.00140321,8.95986438],[-61.00703692,8.95951295],[-61.01332247,8.95803165],[-61.01670837,8.95681703],[-61.01716483,8.956532],[-61.02257633,8.95196974],[-61.02788973,8.94356501],[-61.03061676,8.92709792],[-61.03774202,8.91277742],[-61.04837751,8.90041566],[-61.05397737,8.89625907],[-61.06153285,8.89338827],[-61.06161594,8.89242864]]],[[[-61.05949974,9.20601177],[-61.05929303,9.2056905],[-61.05891645,9.20548296],[-61.04908872,9.20957494],[-61.04177666,9.21453524],[-61.02438414,9.21887362],[-61.0228585,9.21946323],[-61.01420736,9.22482264],[-61,9.226700420265761],[-61,9.227942563931148],[-61.01284885,9.22626364],[-61.02399933,9.21990395],[-61.04173064,9.21573281],[-61.05600715,9.20868981],[-61.05949974,9.20601177]]],[[[-61.05016935,8.7890625],[-61.03171802,8.80333042],[-61.02802515,8.80828524],[-61.01780677,8.81191242],[-61.0131042,8.81131494],[-61.00902176,8.80893588],[-61.00430667,8.80888271],[-61,8.81189596874115],[-61,8.813238023996773],[-61.00295627,8.81144452],[-61.00959516,8.81025255],[-61.01531744,8.81302953],[-61.01861715,8.81302798],[-61.02594376,8.81048894],[-61.02668238,8.81012213],[-61.03594911,8.80402756],[-61.04094636,8.79961908],[-61.04684341,8.79436541],[-61.04706454,8.79415417],[-61.05016935,8.7890625]]],[[[-61.0031954,8.56797731],[-61.00182748,8.5627557],[-61.00147974,8.56207204],[-61,8.560070960330664],[-61,8.575036013249134],[-61.00055563,8.57434237],[-61.00145793,8.56903636],[-61.0031954,8.56797731]]]]}},{"type":"Feature","properties":{"name":"JWLA 033 - Guyana (Offshore EEZ)","source":"Marine Regions EEZ","sourceDocument":"JWLA-033 (3 March 2026), unchanged in JWLA-034 (29 July 2026)","sourceUrl":"https://lmalloyds.com/wp-content/uploads/2025/06/JWLA-034-Saudi-Arabia.pdf","sourceSha256":"125e507bbd187051315bdf80ae30583bc92ec9ad2d280d02fac2d10a019d03b9","marineRegionsMrgid":8460,"geometryRole":"installation-context-only","detectionMode":"facility-visit-manual-review","manualReviewRequired":true,"backendDetectionMismatch":true,"officialRule":"Guyana, but only calls to offshore installations in the Guyanese EEZ beyond territorial waters.","warning":"EEZ transit alone is not a definitive JWC entry event; installation-call evidence and manual review are required."},"geometry":{"type":"Polygon","coordinates":[[[-59.76795158424463,8.609455388485394],[-59.749099919302616,8.61061964705258],[-59.71068331387354,8.605658293500658],[-59.67393009318625,8.5935296741261],[-59.65744447157639,8.586284388494006],[-59.613114305443595,8.559580881247339],[-59.60838294655523,8.55582822034589],[-59.60529162057372,8.554910958707925],[-59.576162980863735,8.543773391474357],[-59.549118026094625,8.52832500755497],[-59.529256859983526,8.514851986698726],[-59.51202565111014,8.501760264513411],[-59.49290538190393,8.485542308550702],[-59.45150352671252,8.46102696782817],[-59.37048031152788,8.424522177544857],[-59.3360693201097,8.404749685811993],[-59.236941000239646,8.333985507416942],[-59.06166471177425,8.230318063577927],[-59.0435750703493,8.218253671579426],[-58.983221934563,8.173114569132828],[-58.96702916815728,8.1596241963445],[-58.95235054991671,8.14603057895888],[-58.92925160632157,8.120634753272125],[-58.92513986274674,8.11525130451524],[-58.88398158320463,8.0772921195596],[-58.870692142892096,8.06382083616065],[-58.74565293428947,7.924441176148364],[-58.708024828237775,7.894831709488892],[-58.6860442555176,7.874724649923119],[-58.66730876492907,7.851615828111531],[-58.64037955383028,7.812818999784841],[-58.63831216486271,7.810081508505617],[-58.60476981564471,7.795265161328118],[-58.57421897060764,7.7743869621970365],[-58.553160115079784,7.756953163975919],[-58.5425756475803,7.747542333579394],[-58.52336140837453,7.729204625950633],[-58.506468666763226,7.710949170392484],[-58.49002509718868,7.690800707744172],[-58.478410669339574,7.675054304476459],[-58.46199071268004,7.650343574104494],[-58.4585455876974,7.644974382620767],[-58.444608865320085,7.6224693445312],[-58.427844105758204,7.602072880709474],[-58.419076392071695,7.590582682152595],[-58.413494051453974,7.582690596689101],[-58.34776580411323,7.517973034550207],[-58.315876642063536,7.477165213919337],[-58.29773704792134,7.446438963887312],[-58.28398024261224,7.41828676666892],[-58.27482284903973,7.38834907708405],[-58.267470447543694,7.355143943231754],[-58.262981671193394,7.321206221632648],[-58.26439590525895,7.287005367498023],[-58.26711041317053,7.2745200612670455],[-58.26735197271008,7.26372453817058],[-58.27063247679542,7.236539126714764],[-58.26732251124271,7.153527601682637],[-58.26253539039103,7.152281944602775],[-58.22506592266636,7.1336234221626205],[-58.19230550849653,7.1076668523169655],[-58.16567443522166,7.075538171331148],[-58.14709338994145,7.040093862621547],[-58.12892306306334,7.030561784896943],[-58.04316133969887,7.020053991721241],[-58.01081693958976,7.0133762579872405],[-57.98001049849967,7.001535405015881],[-57.9178072396941,6.9715804360278355],[-57.87634412999296,6.944916914547674],[-57.86041660632487,6.931654749154752],[-57.83475449750091,6.9124110823741525],[-57.814869976353314,6.8953643533305025],[-57.78708378829203,6.868201452784374],[-57.77123750031213,6.856414356840464],[-57.75275613583834,6.840855897294529],[-57.69894063000313,6.7897033881445825],[-57.69488292878263,6.785735114446683],[-57.66294723732444,6.753603553758835],[-57.66285470388824,6.75348545766723],[-57.633668124237225,6.728726635488005],[-57.620575259088376,6.715169303277969],[-57.57307841945302,6.676996661811875],[-57.57243065428125,6.676473789865506],[-57.54074270391388,6.6507849408431206],[-57.536422017959694,6.647180465072755],[-57.515301282440866,6.629051791318735],[-57.50024604666388,6.614707779518201],[-57.48854183478999,6.602335603226536],[-57.47537812124148,6.589152459663372],[-57.47023727499939,6.583809647917236],[-57.45064195611352,6.562673967447941],[-57.42919920638271,6.535046579137201],[-57.42772364169022,6.532244284215423],[-57.39734956843046,6.525626134427819],[-57.376564892178216,6.518083280246331],[-57.36145836337384,6.511898359485509],[-57.344808496753764,6.5042807080139],[-57.33914007620869,6.5015796479531724],[-57.318991763898886,6.491590276485489],[-57.30644304170224,6.484804595053984],[-57.27730394374156,6.467685642793529],[-57.267184283585756,6.462085410210773],[-57.25285966768094,6.453359121065919],[-57.21827731033591,6.4302603022420355],[-57.211446654877726,6.425489860392444],[-57.170800901222705,6.395828508399411],[-57.14632561956295,6.374747658639796],[-57.0640005840928,6.291367668340668],[-57.041706065366725,6.264434407409455],[-57.02087799826308,6.234239343583148],[-57.009871391269456,6.2162056790864755],[-56.99783333,6.2245],[-56.97716667,6.26983333],[-56.95016667,6.3195],[-56.86166667,6.46683333],[-56.82033333,6.53533333],[-56.782,6.5855],[-56.70566667,6.73316667],[-56.36233333,7.4075],[-56.348,7.43516667],[-56.32816667,7.483],[-56.24983333,7.666],[-56.20516667,7.89133333],[-56.0665,8.5935],[-56.0625,8.61266667],[-55.93483333,9.0005],[-55.88133333,9.1045],[-55.76734366,9.32438089],[-55.76760552,9.32474183],[-55.77622591,9.33658954],[-55.77730453,9.33806765],[-55.779467,9.34102255],[-55.78054998,9.34249813],[-55.78331997,9.34626141],[-55.78489243,9.34839774],[-55.7859795,9.34987037],[-55.78815829,9.35281347],[-55.78924912,9.35428274],[-55.79800037,9.36603595],[-55.79909638,9.36750367],[-55.80129364,9.37043772],[-55.802394,9.37190286],[-55.806262,9.37703837],[-55.80673609,9.37767861],[-55.80777866,9.37908271],[-55.80986483,9.3818846],[-55.81090918,9.38328344],[-55.81927678,9.39446031],[-55.82032361,9.39585475],[-55.82242208,9.39864244],[-55.82347286,9.40003455],[-55.82768562,9.40560055],[-55.82874008,9.40698993],[-55.83085322,9.40976672],[-55.83191104,9.41115299],[-55.84039631,9.42224252],[-55.84145782,9.42362604],[-55.84358564,9.42639183],[-55.84465108,9.42777297],[-55.84892244,9.43329499],[-55.84999152,9.43467337],[-55.8521339,9.4374281],[-55.85320632,9.43880334],[-55.86180836,9.44980431],[-55.86288444,9.45117675],[-55.86504139,9.45392033],[-55.86612137,9.45529036],[-55.87045088,9.46076781],[-55.87153449,9.46213503],[-55.87370588,9.4648674],[-55.87479278,9.46623145],[-55.88351068,9.47714266],[-55.88460122,9.47850387],[-55.88678706,9.48122494],[-55.88788147,9.4825837],[-55.89226868,9.48801597],[-55.89336668,9.48937188],[-55.89556685,9.49208161],[-55.89666812,9.49343431],[-55.90550096,9.50425456],[-55.90611563,9.50500639],[-55.90747107,9.50666159],[-55.9089354,9.50874546],[-55.91995922,9.52457859],[-55.92133957,9.52655344],[-55.92410894,9.53050034],[-55.92549684,9.53247078],[-55.93106581,9.54034682],[-55.93246089,9.54231228],[-55.93525897,9.54623927],[-55.93666081,9.5481992],[-55.94791474,9.56387286],[-55.9493238,9.56582774],[-55.95215054,9.56973458],[-55.95356708,9.57168495],[-55.95925053,9.57948044],[-55.96067418,9.58142572],[-55.96352934,9.58531225],[-55.96495967,9.5872519],[-55.97644146,9.60276281],[-55.97787893,9.60469732],[-55.98076247,9.60856328],[-55.98220737,9.61049316],[-55.98800415,9.61820647],[-55.98945609,9.62013117],[-55.99236776,9.62397641],[-55.9938263,9.62589539],[-56.00553362,9.6412403],[-56.00699922,9.64315402],[-56.00993898,9.6469783],[-56.01141194,9.6488873],[-56.0173209,9.65651681],[-56.01880083,9.65842052],[-56.02176841,9.66222367],[-56.02325486,9.66412157],[-56.03518536,9.67929726],[-56.03667879,9.6811898],[-56.03967418,9.6849716],[-56.0411749,9.6868593],[-56.04719483,9.69440342],[-56.04870245,9.69628574],[-56.05172536,9.70004602],[-56.05323941,9.70192243],[-56.06539067,9.71692573],[-56.0662144,9.71794071],[-56.06786551,9.71997112],[-56.06869184,9.72098524],[-56.07200375,9.72504166],[-56.07283228,9.72605442],[-56.0744918,9.72807886],[-56.07532211,9.72908973],[-56.0819797,9.73717875],[-56.08295049,9.7383555],[-56.08489568,9.74070789],[-56.08586937,9.74188267],[-56.08977151,9.74657974],[-56.09108748,9.74815883],[-56.0937218,9.75130998],[-56.0951248,9.75298268],[-56.09675212,9.75491639],[-56.09714139,9.75537852],[-56.09793623,9.75632128],[-56.09829509,9.75674652],[-56.10249656,9.76172077],[-56.10302154,9.76234154],[-56.10407284,9.76358311],[-56.10459873,9.76420342],[-56.10670495,9.76668471],[-56.10723143,9.76730417],[-56.10828542,9.76854279],[-56.10881215,9.76916102],[-56.11833117,9.78031952],[-56.1195219,9.78171141],[-56.12190849,9.78449346],[-56.12310339,9.78588249],[-56.12789327,9.79143511],[-56.12909202,9.79282089],[-56.13149402,9.79558994],[-56.13269627,9.79697208],[-56.14233883,9.8080264],[-56.14354496,9.80940526],[-56.14596235,9.81216119],[-56.14717262,9.81353715],[-56.15202398,9.81903735],[-56.15323808,9.82041],[-56.15567073,9.82315277],[-56.15688829,9.82452176],[-56.16665324,9.83547056],[-56.16787464,9.83683621],[-56.17032255,9.8395657],[-56.17154806,9.84092841],[-56.17646032,9.84637552],[-56.17768962,9.84773489],[-56.18015264,9.85045104],[-56.18138536,9.85180671],[-56.19127156,9.86264866],[-56.19250808,9.86400095],[-56.19498622,9.86670365],[-56.19622682,9.86805295],[-56.20119942,9.87344632],[-56.20244377,9.87479224],[-56.20493687,9.87748144],[-56.20618461,9.87882362],[-56.21619089,9.88955742],[-56.2174424,9.89089618],[-56.21995047,9.89357177],[-56.22120602,9.8949075],[-56.22623835,9.90024647],[-56.22749762,9.90157878],[-56.23002051,9.90424071],[-56.23128311,9.90556924],[-56.24140831,9.91619357],[-56.24267464,9.91751865],[-56.24521236,9.9201668],[-56.2464827,9.9214888],[-56.25157419,9.92677272],[-56.25284821,9.92809126],[-56.2554006,9.93072559],[-56.25667792,9.93204031],[-56.26692083,9.94255389],[-56.26820185,9.94386512],[-56.27076891,9.94648551],[-56.2720539,9.94779362],[-56.27720394,9.95302185],[-56.27849257,9.95432645],[-56.28107415,9.95693287],[-56.28236604,9.95823362],[-56.29272546,9.96863518],[-56.29402101,9.9699324],[-56.29661711,9.97252472],[-56.2979166,9.97381877],[-56.30312458,9.97899068],[-56.30442767,9.98028119],[-56.30703813,9.98285938],[-56.30834444,9.984146],[-56.31881915,9.99443428],[-56.32012907,9.99571733],[-56.3227539,9.99828126],[-56.32406774,9.9995611],[-56.32933304,10.00467607],[-56.33065044,10.00595233],[-56.33328948,10.00850197],[-56.33461005,10.00977431],[-56.3451988,10.01994805],[-56.34652295,10.02121678],[-56.3491762,10.02375201],[-56.35050423,10.02501749],[-56.35582623,10.03007488],[-56.35715778,10.03133674],[-56.35982509,10.03385753],[-56.36115976,10.03511543],[-56.37186131,10.04517341],[-56.37319952,10.04642765],[-56.37588089,10.04893388],[-56.37722294,10.05018483],[-56.38260102,10.05518405],[-56.38394656,10.05643135],[-56.38664182,10.05892298],[-56.38799044,10.06016629],[-56.39880351,10.07010727],[-56.40015564,10.07134689],[-56.40286479,10.07382381],[-56.40422071,10.07506009],[-56.4098851,10.07998645],[-56.41108168,10.08115936],[-56.41381382,10.08361324],[-56.41516231,10.08485658],[-56.41865679,10.08807405],[-56.42602678,10.09474162],[-56.42739294,10.09596597],[-56.43013762,10.09840414],[-56.43151045,10.09962198],[-56.43544769,10.10310989],[-56.43702029,10.10447697],[-56.43840594,10.10567986],[-56.44117975,10.10808447],[-56.44255608,10.10929367],[-56.44497138,10.11136089],[-56.45351419,10.11908848],[-56.45489365,10.12029839],[-56.45765741,10.12271578],[-56.4590406,10.12392228],[-56.46458305,10.12874333],[-56.4659696,10.12994605],[-56.46874677,10.1323484],[-56.47013627,10.13354704],[-56.48127617,10.14312987],[-56.48203747,10.14378374],[-56.48356257,10.14509165],[-56.48432541,10.14574487],[-56.48738112,10.14835745],[-56.48814512,10.14900968],[-56.48967455,10.15031334],[-56.49043934,10.15096426],[-56.49656817,10.15617249],[-56.49747553,10.15694216],[-56.49929247,10.15848061],[-56.50020138,10.15924883],[-56.50384164,10.16232002],[-56.50496133,10.16326259],[-56.50720329,10.16514571],[-56.50833432,10.16609359],[-56.50938127,10.166969],[-56.50991355,10.1674137],[-56.51299349,10.16998487],[-56.51389701,10.17073821],[-56.51422528,10.17101168],[-56.51581043,10.17233124],[-56.51686692,10.17320956],[-56.52376039,10.1789325],[-56.52480907,10.17980127],[-56.52690911,10.18153747],[-56.52795974,10.18240427],[-56.5321679,10.18586894],[-56.53322027,10.18673357],[-56.53532735,10.1884612],[-56.53638121,10.18932348],[-56.53962358,10.19197089],[-56.5399968,10.19237548],[-56.54124204,10.19372168],[-56.54373692,10.19641143],[-56.54498554,10.19775389],[-56.554999,10.2084899],[-56.5562514,10.20982894],[-56.55876128,10.21250508],[-56.56001773,10.21384108],[-56.5650537,10.21918116],[-56.56631387,10.22051374],[-56.56883859,10.22317623],[-56.56971709,10.22410012],[-56.57247678,10.22720022],[-56.57422383,10.22915502],[-56.57772663,10.23305889],[-56.57948096,10.2350064],[-56.59325251,10.25023348],[-56.59497619,10.25213192],[-56.59843278,10.2559243],[-56.60016428,10.25781671],[-56.60710874,10.2653772],[-56.60884774,10.26726315],[-56.612334,10.27102949],[-56.6140801,10.27290862],[-56.62409529,10.28364515],[-56.62534791,10.28498425],[-56.62785823,10.28766052],[-56.6291149,10.2889966],[-56.63415174,10.29433693],[-56.63541214,10.29566958],[-56.6379373,10.29833219],[-56.63920104,10.29966107],[-56.64933538,10.31028814],[-56.65060286,10.31161356],[-56.65314288,10.31426239],[-56.65441438,10.31558473],[-56.6595105,10.32087002],[-56.66078568,10.3221889],[-56.6633404,10.32482392],[-56.66461889,10.32613898],[-56.67487119,10.33665531],[-56.67615338,10.33796688],[-56.6787228,10.34058796],[-56.68000898,10.3418964],[-56.68516377,10.34712601],[-56.6864536,10.34843096],[-56.68903757,10.35103806],[-56.69033065,10.35233915],[-56.70069971,10.36274346],[-56.70199646,10.36404102],[-56.70459498,10.36663403],[-56.70589569,10.36792842],[-56.71110854,10.37310171],[-56.71241285,10.37439256],[-56.71502577,10.37697143],[-56.7163333,10.3782584],[-56.72681788,10.38854943],[-56.72812904,10.38983282],[-56.73075636,10.39239744],[-56.73207143,10.39367762],[-56.73734173,10.39879396],[-56.73866038,10.40007057],[-56.74130194,10.40262089],[-56.74262376,10.40389358],[-56.7520431,10.41293755],[-56.75265441,10.41353661],[-56.75618258,10.41696879],[-56.78443061,10.44424434],[-56.78797174,10.44763827],[-56.79508295,10.45440408],[-56.79865015,10.4577732],[-56.81297645,10.47120464],[-56.81656902,10.47454806],[-56.82378086,10.48121062],[-56.82739782,10.48452763],[-56.84698503,10.50235792],[-56.84759167,10.50290943],[-56.84880831,10.50401413],[-56.84941681,10.50456596],[-56.85185551,10.50677482],[-56.8524652,10.50732637],[-56.85368559,10.50842902],[-56.8542958,10.50897968],[-56.8591869,10.51338793],[-56.85979797,10.51393799],[-56.86102147,10.51503797],[-56.86163339,10.51558744],[-56.86408379,10.51778502],[-56.86469623,10.51833359],[-56.86592214,10.5194303],[-56.86653476,10.51997768],[-56.87636367,10.52874872],[-56.87759252,10.52984257],[-56.88005428,10.53202848],[-56.88128619,10.53311964],[-56.88622194,10.53748065],[-56.88745658,10.53856881],[-56.88992923,10.54074272],[-56.89116624,10.54182759],[-56.90108255,10.55050252],[-56.9023223,10.55158436],[-56.90480585,10.55374619],[-56.90604863,10.55482531],[-56.91102784,10.55913805],[-56.91227332,10.56021414],[-56.91476764,10.56236388],[-56.91601545,10.56343665],[-56.92601823,10.57201463],[-56.92671227,10.57260897],[-56.92810255,10.57379789],[-56.92879792,10.57439172],[-56.93158313,10.57676697],[-56.93227947,10.57735999],[-56.93367335,10.5785454],[-56.93437032,10.57913732],[-56.93995531,10.58387387],[-56.94080221,10.5845909],[-56.94249799,10.58602422],[-56.94334625,10.58674],[-56.94674338,10.58960172],[-56.94793594,10.59060395],[-56.95032276,10.59260514],[-56.95156657,10.59364543],[-56.95327932,10.5950743],[-56.95439065,10.59600017],[-56.95872641,10.59960711],[-56.95924541,10.60003841],[-56.96028442,10.60090096],[-56.960804,10.60133186],[-56.96288433,10.60305535],[-56.96340418,10.60348558],[-56.96444458,10.60434576],[-56.96496436,10.60477506],[-56.97443477,10.61258863],[-56.9750258,10.61307568],[-56.9762097,10.61405016],[-56.97680178,10.61453694],[-56.97917315,10.61648428],[-56.97976596,10.61697051],[-56.98095245,10.61794258],[-56.98154566,10.61842801],[-56.98629877,10.62231298],[-56.98689261,10.62279779],[-56.98808151,10.62376727],[-56.98867608,10.62425153],[-56.99105677,10.62618831],[-56.99165187,10.62667188],[-56.99284295,10.6276386],[-56.99343838,10.62812131],[-56.9992254,10.63280721],[-57.00354152,10.63627277],[-57.01220343,10.64316921],[-57.01654764,10.64659884],[-57.03398698,10.66024991],[-57.03836003,10.66364395],[-57.04713682,10.67039807],[-57.05153984,10.6737576],[-57.07743992,10.69334932],[-57.07752289,10.69335113],[-57.15534945,10.69505386],[-57.15544322,10.69505918],[-57.15615579,10.69509962],[-57.16196054,10.69522869],[-57.19102659,10.69587499],[-57.22818027,10.69670113],[-57.30536096,10.69841729],[-57.32015099,10.69243156],[-57.51988369,10.61159709],[-57.55496466,10.59741617],[-57.56764243,10.59229139],[-57.80202187,10.50099702],[-57.97922514,10.4349451],[-58.04889955,10.40998081],[-58.10348772,10.39080987],[-58.13742705,10.37948432],[-58.17617792,10.36683961],[-58.28080585,10.33269873],[-58.32292001,10.31895657],[-58.45933924,10.27078563],[-58.46685116,10.2679182],[-58.50142379,10.25651491],[-58.57229555,10.233507],[-58.62729605,10.21602666],[-58.70204198,10.19004958],[-58.72334866,10.18272053],[-58.73720943,10.18037841],[-58.75677227,10.17707278],[-58.82,10.16638889],[-58.87111853,10.12930787],[-58.92470341,10.03919923],[-59.6043139,8.91860886],[-59.63002763,8.87745766],[-59.64424003,8.85128691],[-59.72796873,8.68807492],[-59.75269386,8.63891205],[-59.76349885,8.61894788],[-59.76795158424463,8.609455388485394]]]}}]}